{"type": "FeatureCollection", "crs": {"type": "name", "properties": {"name": "EPSG:4326"}}, "features": [{"type": "Feature", "id": 1, "geometry": {"type": "Polygon", "coordinates": [[[35.2091005682753, 31.7807278370484], [35.2089830069298, 31.7807851262669], [35.209080499036, 31.7809311045693], [35.2092713116118, 31.7808381194229], [35.2091735817391, 31.7806917841444], [35.2091302966637, 31.7807128780145], [35.2091409764944, 31.7807288699581], [35.2091110105385, 31.780743472776], [35.2091005682753, 31.7807278370484]]]}, "properties": {"OBJECTID": 1, "CateTitle": "building", "rel_height": 6.658996582, "med_height": 780.0020141602, "PID": "58873", "PARID": "-1", "CID": "32321", "bldg_ch": null, "mispar_komot": 2, "komot": "5", "Shape__Area": 381.4539794921875, "Shape__Length": 82.96940037092979}}, {"type": "Feature", "id": 2, "geometry": {"type": "Polygon", "coordinates": [[[35.2091819919074, 31.7809984890314], [35.209169890958, 31.7809820399122], [35.2091586579105, 31.780966769465], [35.2091455109471, 31.7809756043882], [35.2091685218072, 31.7810059441529], [35.2091819919074, 31.7809984890314]]]}, "properties": {"OBJECTID": 2, "CateTitle": "building", "rel_height": 9.0119628906, "med_height": 782.9879760742, "PID": "58947", "PARID": "-1", "CID": "32337", "bldg_ch": null, "mispar_komot": 3, "komot": "3", "Shape__Area": 6.319427490234375, "Shape__Length": 11.267181966003761}}, {"type": "Feature", "id": 3, "geometry": {"type": "Polygon", "coordinates": [[[35.2092170438435, 31.7809489883771], [35.2092007459772, 31.7809274990321], [35.2091983534562, 31.7809243453856], [35.2091337500108, 31.7809600976763], [35.2091455109471, 31.7809756043882], [35.2091586579105, 31.780966769465], [35.209169890958, 31.7809820399122], [35.2091953858682, 31.7809682597284], [35.2091914940608, 31.7809631284017], [35.2092170438435, 31.7809489883771]]]}, "properties": {"OBJECTID": 3, "CateTitle": "building", "rel_height": 10.3139648438, "med_height": 784.2899780273, "PID": "58948", "PARID": "-1", "CID": "32337", "bldg_ch": null, "mispar_komot": 3, "komot": "3", "Shape__Area": 23.6234130859375, "Shape__Length": 22.599105995485147}}, {"type": "Feature", "id": 4, "geometry": {"type": "Polygon", "coordinates": [[[35.2091091874282, 31.7809965437752], [35.2091455109471, 31.7809756043882], [35.2091337500108, 31.7809600976763], [35.2090969798777, 31.7809804472727], [35.2091091874282, 31.7809965437752]]]}, "properties": {"OBJECTID": 4, "CateTitle": "building", "rel_height": 9.1289672852, "med_height": 783.1049804688, "PID": "58949", "PARID": "-1", "CID": "32337", "bldg_ch": null, "mispar_komot": 3, "komot": "3", "Shape__Area": 8.663818359375, "Shape__Length": 12.475967208875753}}, {"type": "Feature", "id": 5, "geometry": {"type": "Polygon", "coordinates": [[[35.209081100589, 31.7809892344927], [35.2090940048098, 31.7810027255532], [35.2091091874282, 31.7809965437752], [35.2090969798777, 31.7809804472727], [35.209081100589, 31.7809892344927]]]}, "properties": {"OBJECTID": 5, "CateTitle": "building", "rel_height": 8.7940063477, "med_height": 782.7700195312, "PID": "58950", "PARID": "-1", "CID": "32337", "bldg_ch": null, "mispar_komot": 3, "komot": "5", "Shape__Area": 3.4001007080078125, "Shape__Length": 7.44360770661499}}, {"type": "Feature", "id": 6, "geometry": {"type": "Polygon", "coordinates": [[[35.2091091874282, 31.7809965437752], [35.2091233588348, 31.7810152275845], [35.2091353161616, 31.7810309931182], [35.2091720863063, 31.7810106435108], [35.2091685218072, 31.7810059441529], [35.2091455109471, 31.7809756043882], [35.2091091874282, 31.7809965437752]]]}, "properties": {"OBJECTID": 6, "CateTitle": "building", "rel_height": 8.9459838867, "med_height": 782.9219970703, "PID": "58951", "PARID": "-1", "CID": "32337", "bldg_ch": null, "mispar_komot": 3, "komot": "3", "Shape__Area": 19.049957275390625, "Shape__Length": 17.481514886166494}}, {"type": "Feature", "id": 7, "geometry": {"type": "Polygon", "coordinates": [[[35.2091953858682, 31.7809682597284], [35.209169890958, 31.7809820399122], [35.2091819919074, 31.7809984890314], [35.2092075754849, 31.7809843309707], [35.2091953858682, 31.7809682597284]]]}, "properties": {"OBJECTID": 7, "CateTitle": "building", "rel_height": 10.133972168, "med_height": 784.1099853516, "PID": "58952", "PARID": "-1", "CID": "32337", "bldg_ch": null, "mispar_komot": 3, "komot": "3", "Shape__Area": 6.1433868408203125, "Shape__Length": 10.02255535520602}}, {"type": "Feature", "id": 8, "geometry": {"type": "Polygon", "coordinates": [[[35.2091091874282, 31.7809965437752], [35.2090940048098, 31.7810027255532], [35.209081100589, 31.7809892344927], [35.2090709729353, 31.7809948398054], [35.2090973518867, 31.7810296201224], [35.2091233588348, 31.7810152275845], [35.2091091874282, 31.7809965437752]]]}, "properties": {"OBJECTID": 8, "CateTitle": "building", "rel_height": 4.8949584961, "med_height": 778.8709716797, "PID": "58953", "PARID": "-1", "CID": "32337", "bldg_ch": null, "mispar_komot": 2, "komot": "3", "Shape__Area": 10.08734130859375, "Shape__Length": 14.666816103682624}}, {"type": "Feature", "id": 9, "geometry": {"type": "Polygon", "coordinates": [[[35.2090492918606, 31.7812489955349], [35.2089985149637, 31.7812738052158], [35.2090159837438, 31.7812963911812], [35.2090651780629, 31.7812717456865], [35.2090708257718, 31.7812799702657], [35.2090815235829, 31.7812746111348], [35.2090601870926, 31.7812435362941], [35.2090492918606, 31.7812489955349]]]}, "properties": {"OBJECTID": 9, "CateTitle": "building", "rel_height": 10.4949951172, "med_height": 789.799987793, "PID": "58967", "PARID": "-1", "CID": "32341", "bldg_ch": null, "mispar_komot": 3, "komot": "3", "Shape__Area": 20.956008911132812, "Shape__Length": 21.367191872682362}}, {"type": "Feature", "id": 10, "geometry": {"type": "Polygon", "coordinates": [[[35.2090858586003, 31.781108340416], [35.2091203601045, 31.7810910454419], [35.209142456617, 31.7811199035205], [35.2091541045522, 31.7811137353967], [35.2091185512969, 31.7810647415221], [35.2091094086264, 31.7810695829421], [35.2090715446353, 31.7810891894547], [35.2090858586003, 31.781108340416]]]}, "properties": {"OBJECTID": 10, "CateTitle": "building", "rel_height": 11.9050292969, "med_height": 788.2750244141, "PID": "59020", "PARID": "-1", "CID": "32356", "bldg_ch": null, "mispar_komot": 4, "komot": "3", "Shape__Area": 18.400390625, "Shape__Length": 23.03466266738034}}, {"type": "Feature", "id": 11, "geometry": {"type": "Polygon", "coordinates": [[[35.2090649410016, 31.7810926085753], [35.2090695792964, 31.7810990006516], [35.209158370087, 31.7812213563927], [35.2091669416162, 31.7812168180091], [35.2091123738184, 31.7811438133379], [35.2090858586003, 31.781108340416], [35.2090715446353, 31.7810891894547], [35.2090649410016, 31.7810926085753]]]}, "properties": {"OBJECTID": 11, "CateTitle": "building", "rel_height": 17.9329833984, "med_height": 794.3029785156, "PID": "59021", "PARID": "-1", "CID": "32356", "bldg_ch": null, "mispar_komot": 6, "komot": "3", "Shape__Area": 14.160812377929688, "Shape__Length": 35.273656410952995}}, {"type": "Feature", "id": 12, "geometry": {"type": "Polygon", "coordinates": [[[35.209160113419, 31.7811442354232], [35.2091524772973, 31.7811486457099], [35.2091373587731, 31.7811285839271], [35.2091123738184, 31.7811438133379], [35.2091669416162, 31.7812168180091], [35.2091973088305, 31.7812007379489], [35.2091624861604, 31.7811527514156], [35.2091652363534, 31.7811512948398], [35.209160113419, 31.7811442354232]]]}, "properties": {"OBJECTID": 12, "CateTitle": "building", "rel_height": 14.708984375, "med_height": 791.0789794922, "PID": "59022", "PARID": "-1", "CID": "32356", "bldg_ch": null, "mispar_komot": 5, "komot": "3", "Shape__Area": 32.233062744140625, "Shape__Length": 26.902262648523575}}, {"type": "Feature", "id": 13, "geometry": {"type": "Polygon", "coordinates": [[[35.209142456617, 31.7811199035205], [35.2091203601045, 31.7810910454419], [35.2090858586003, 31.781108340416], [35.2091123738184, 31.7811438133379], [35.2091373587731, 31.7811285839271], [35.2091524772973, 31.7811486457099], [35.209160113419, 31.7811442354232], [35.209142456617, 31.7811199035205]]]}, "properties": {"OBJECTID": 13, "CateTitle": "building", "rel_height": 11.5880126953, "med_height": 787.9580078125, "PID": "59023", "PARID": "-1", "CID": "32356", "bldg_ch": null, "mispar_komot": 4, "komot": "3", "Shape__Area": 19.510574340820312, "Shape__Length": 21.87972433605563}}, {"type": "Feature", "id": 14, "geometry": {"type": "Polygon", "coordinates": [[[35.2090695792964, 31.7810990006516], [35.2090649410016, 31.7810926085753], [35.2090593820172, 31.7810849485447], [35.209017911635, 31.7811069071739], [35.2090290412147, 31.7811222434713], [35.2090695792964, 31.7810990006516]]]}, "properties": {"OBJECTID": 14, "CateTitle": "building", "rel_height": 11.9689941406, "med_height": 788.3389892578, "PID": "59024", "PARID": "-1", "CID": "32356", "bldg_ch": null, "mispar_komot": 4, "komot": "3", "Shape__Area": 8.859344482421875, "Shape__Length": 13.07991800176259}}, {"type": "Feature", "id": 15, "geometry": {"type": "Polygon", "coordinates": [[[35.2090695792964, 31.7810990006516], [35.2090290412147, 31.7811222434713], [35.2090226951808, 31.7811256039607], [35.2091113845743, 31.7812478190506], [35.2091542950228, 31.7812250982821], [35.2091534640764, 31.7812239538774], [35.209158370087, 31.7812213563927], [35.2090695792964, 31.7810990006516]]]}, "properties": {"OBJECTID": 15, "CateTitle": "building", "rel_height": 17.2899780273, "med_height": 793.6599731445, "PID": "59025", "PARID": "-1", "CID": "32356", "bldg_ch": null, "mispar_komot": 6, "komot": "3", "Shape__Area": 85.26600646972656, "Shape__Length": 42.71631918614447}}, {"type": "Feature", "id": 16, "geometry": {"type": "Polygon", "coordinates": [[[35.2090649410016, 31.7810926085753], [35.2090715446353, 31.7810891894547], [35.2091094086264, 31.7810695829421], [35.2091020399337, 31.7810594302927], [35.2090578457738, 31.7810828319809], [35.2090593820172, 31.7810849485447], [35.2090649410016, 31.7810926085753]]]}, "properties": {"OBJECTID": 16, "CateTitle": "building", "rel_height": 7.7119750977, "med_height": 784.0819702148, "PID": "59026", "PARID": "-1", "CID": "32356", "bldg_ch": null, "mispar_komot": 3, "komot": "3", "Shape__Area": 6.40277099609375, "Shape__Length": 12.450400225009766}}, {"type": "Feature", "id": 17, "geometry": {"type": "Polygon", "coordinates": [[[35.2092497261985, 31.7809723060285], [35.2092369201994, 31.7809598520968], [35.2092277901344, 31.7809631567883], [35.209239163595, 31.7809781521626], [35.2092497261985, 31.7809723060285]]]}, "properties": {"OBJECTID": 17, "CateTitle": "building", "rel_height": 7.8470458984, "med_height": 781.7540283203, "PID": "59044", "PARID": "-1", "CID": "32361", "bldg_ch": null, "mispar_komot": 3, "komot": "3", "Shape__Area": 2.0002899169921875, "Shape__Length": 5.950581945136889}}, {"type": "Feature", "id": 18, "geometry": {"type": "Polygon", "coordinates": [[[35.2093924054595, 31.7810559904157], [35.2093557020419, 31.7810007775586], [35.2093026945805, 31.7810264676453], [35.2093056572819, 31.7810307900534], [35.2093439050096, 31.7810812185997], [35.2093924054595, 31.7810559904157]]]}, "properties": {"OBJECTID": 18, "CateTitle": "building", "rel_height": 13.4750366211, "med_height": 787.382019043, "PID": "59045", "PARID": "-1", "CID": "32361", "bldg_ch": null, "mispar_komot": 4, "komot": "3", "Shape__Area": 39.80879211425781, "Shape__Length": 25.409729722283807}}, {"type": "Feature", "id": 19, "geometry": {"type": "Polygon", "coordinates": [[[35.2092753582493, 31.7808965143553], [35.2092537758283, 31.7809065256135], [35.2092768690679, 31.7809370881103], [35.2093051746047, 31.7809273741963], [35.2092792412293, 31.7808943651198], [35.2092753582493, 31.7808965143553]]]}, "properties": {"OBJECTID": 19, "CateTitle": "building", "rel_height": 9.7659912109, "med_height": 783.6729736328, "PID": "59046", "PARID": "-1", "CID": "32361", "bldg_ch": null, "mispar_komot": 3, "komot": "3", "Shape__Area": 11.751846313476562, "Shape__Length": 14.095326221716745}}, {"type": "Feature", "id": 20, "geometry": {"type": "Polygon", "coordinates": [[[35.2093056572819, 31.7810307900534], [35.2093026945805, 31.7810264676453], [35.2092697976322, 31.7809784639308], [35.2092608766932, 31.7809834009484], [35.2092994316258, 31.781034235325], [35.2093056572819, 31.7810307900534]]]}, "properties": {"OBJECTID": 20, "CateTitle": "building", "rel_height": 8.2220458984, "med_height": 782.1290283203, "PID": "59047", "PARID": "-1", "CID": "32361", "bldg_ch": null, "mispar_komot": 3, "komot": "3", "Shape__Area": 5.7404022216796875, "Shape__Length": 15.148948565829297}}, {"type": "Feature", "id": 21, "geometry": {"type": "Polygon", "coordinates": [[[35.2092007459772, 31.7809274990321], [35.2092170438435, 31.7809489883771], [35.2092277901344, 31.7809631567883], [35.2092369201994, 31.7809598520968], [35.2092497261985, 31.7809723060285], [35.2092605738484, 31.7809663029623], [35.2092697976322, 31.7809784639308], [35.2093026945805, 31.7810264676453], [35.2093557020419, 31.7810007775586], [35.2093924054595, 31.7810559904157], [35.2094265415679, 31.7810382336305], [35.2093418042377, 31.7809265088134], [35.2093506797704, 31.7809215970434], [35.2093416428648, 31.7809096813741], [35.2093162270923, 31.78092191132], [35.2092909967971, 31.7808878596908], [35.2092792412293, 31.7808943651198], [35.2093051746047, 31.7809273741963], [35.2092768690679, 31.7809370881103], [35.2092537758283, 31.7809065256135], [35.2092753582493, 31.7808965143553], [35.2092698520684, 31.780889253847], [35.2092007459772, 31.7809274990321]]]}, "properties": {"OBJECTID": 21, "CateTitle": "building", "rel_height": 13.1950073242, "med_height": 787.1019897461, "PID": "59048", "PARID": "-1", "CID": "32361", "bldg_ch": null, "mispar_komot": 4, "komot": "3", "Shape__Area": 149.26258850097656, "Shape__Length": 81.39697122236818}}, {"type": "Feature", "id": 22, "geometry": {"type": "Polygon", "coordinates": [[[35.2092909967971, 31.7808878596908], [35.2093162270923, 31.78092191132], [35.2093416428648, 31.7809096813741], [35.2093150115113, 31.7808745692394], [35.2092909967971, 31.7808878596908]]]}, "properties": {"OBJECTID": 22, "CateTitle": "building", "rel_height": 9.7230224609, "med_height": 783.6300048828, "PID": "59049", "PARID": "-1", "CID": "32361", "bldg_ch": null, "mispar_komot": 3, "komot": "3", "Shape__Area": 12.451934814453125, "Shape__Length": 14.580954204211471}}, {"type": "Feature", "id": 23, "geometry": {"type": "Polygon", "coordinates": [[[35.2091919195352, 31.7810244355157], [35.2092146212477, 31.7810579326277], [35.2092511296467, 31.7810393109343], [35.2092278314326, 31.7810060699742], [35.2091919195352, 31.7810244355157]]]}, "properties": {"OBJECTID": 23, "CateTitle": "building", "rel_height": 9.8480224609, "med_height": 788.450012207, "PID": "59083", "PARID": "-1", "CID": "32369", "bldg_ch": null, "mispar_komot": 3, "komot": "3", "Shape__Area": 17.157821655273438, "Shape__Length": 16.579927640706142}}, {"type": "Feature", "id": 24, "geometry": {"type": "Polygon", "coordinates": [[[35.2092511296467, 31.7810393109343], [35.2092146212477, 31.7810579326277], [35.2091919195352, 31.7810244355157], [35.2091580768662, 31.7810417431105], [35.2091762594294, 31.7810661029486], [35.2091662649183, 31.7810740214851], [35.2092181664125, 31.7811374378652], [35.2092600863917, 31.7811936434879], [35.2092963128878, 31.78117392786], [35.2092883349613, 31.7811632314351], [35.2093247841995, 31.7811433949438], [35.2092766630451, 31.7810747360623], [35.209288430275, 31.7810687185291], [35.2092666017733, 31.7810375742992], [35.2092543161798, 31.7810438578933], [35.2092511296467, 31.7810393109343]]]}, "properties": {"OBJECTID": 24, "CateTitle": "building", "rel_height": 9.4119873047, "med_height": 788.0139770508, "PID": "59084", "PARID": "-1", "CID": "32369", "bldg_ch": null, "mispar_komot": 3, "komot": "3", "Shape__Area": 142.64109802246094, "Shape__Length": 58.229422007865644}}, {"type": "Feature", "id": 25, "geometry": {"type": "Polygon", "coordinates": [[[35.2091662649183, 31.7810740214851], [35.2091762594294, 31.7810661029486], [35.2091580768662, 31.7810417431105], [35.209147119381, 31.7810473466566], [35.2091631417719, 31.7810702059144], [35.2091662649183, 31.7810740214851]]]}, "properties": {"OBJECTID": 25, "CateTitle": "building", "rel_height": 3.7960205078, "med_height": 782.3980102539, "PID": "59085", "PARID": "-1", "CID": "32369", "bldg_ch": null, "mispar_komot": 1, "komot": "3", "Shape__Area": 4.186798095703125, "Shape__Length": 9.174842534145483}}, {"type": "Feature", "id": 26, "geometry": {"type": "Polygon", "coordinates": [[[35.2092181664125, 31.7811374378652], [35.2091662649183, 31.7810740214851], [35.2091631417719, 31.7810702059144], [35.2091571282974, 31.7810732814164], [35.2091444465883, 31.7810551882611], [35.2091298594787, 31.7810626479293], [35.2091435516262, 31.7810821839934], [35.2091564759528, 31.7810755739198], [35.2092071054762, 31.7811434571689], [35.2092181664125, 31.7811374378652]]]}, "properties": {"OBJECTID": 26, "CateTitle": "building", "rel_height": 3.6420288086, "med_height": 782.2440185547, "PID": "59086", "PARID": "-1", "CID": "32369", "bldg_ch": null, "mispar_komot": 1, "komot": "3", "Shape__Area": 13.55859375, "Shape__Length": 27.827520941469686}}, {"type": "Feature", "id": 27, "geometry": {"type": "Polygon", "coordinates": [[[35.209374949867, 31.7806504576835], [35.2093078005327, 31.7806129617573], [35.2092753254908, 31.7805948269903], [35.2092495242298, 31.7806231493845], [35.2092018890258, 31.7805948000265], [35.2091942965203, 31.7806046817822], [35.2092280891794, 31.7806236281765], [35.209218293454, 31.7806363778709], [35.2092364899957, 31.7806465806056], [35.2092323020827, 31.7806520314904], [35.2092259278396, 31.7806603268638], [35.2092212891467, 31.7806663648636], [35.2092965479884, 31.7807078674013], [35.2093008150766, 31.7807023127997], [35.2093932317005, 31.7807541271656], [35.2094187265206, 31.7807209474408], [35.2094386515279, 31.7806950151239], [35.2094434728417, 31.7806887399248], [35.2094347467215, 31.7806838477849], [35.209374949867, 31.7806504576835]]]}, "properties": {"OBJECTID": 27, "CateTitle": "building", "rel_height": 15.4890136719, "med_height": 786.1820068359, "PID": "59289", "PARID": "-1", "CID": "32408", "bldg_ch": null, "mispar_komot": 5, "komot": "3", "Shape__Area": 182.26956176757812, "Shape__Length": 68.38814114695984}}, {"type": "Feature", "id": 28, "geometry": {"type": "Polygon", "coordinates": [[[35.2094386515279, 31.7806950151239], [35.2094187265206, 31.7807209474408], [35.2094284999893, 31.7807264266387], [35.2094484260508, 31.7807004943202], [35.2094386515279, 31.7806950151239]]]}, "properties": {"OBJECTID": 28, "CateTitle": "building", "rel_height": 14.7680053711, "med_height": 785.4609985352, "PID": "59295", "PARID": "-1", "CID": "32408", "bldg_ch": null, "mispar_komot": 5, "komot": "3", "Shape__Area": 3.8087310791015625, "Shape__Length": 9.093737592905553}}, {"type": "Feature", "id": 29, "geometry": {"type": "Polygon", "coordinates": [[[35.2093851710106, 31.7806371019234], [35.209374949867, 31.7806504576835], [35.2094347467215, 31.7806838477849], [35.2094449235244, 31.7806706020464], [35.2093851710106, 31.7806371019234]]]}, "properties": {"OBJECTID": 29, "CateTitle": "building", "rel_height": 14.9080200195, "med_height": 785.6010131836, "PID": "59296", "PARID": "-1", "CID": "32408", "bldg_ch": null, "mispar_komot": 5, "komot": "3", "Shape__Area": 11.932815551757812, "Shape__Length": 17.062585554186313}}, {"type": "Feature", "id": 30, "geometry": {"type": "Polygon", "coordinates": [[[35.2094647653764, 31.7808428266815], [35.2094278754434, 31.7807933856314], [35.2094167194641, 31.7807784344552], [35.2093901562454, 31.7807928965171], [35.2093771504463, 31.7807754662499], [35.2093702765886, 31.7807792082562], [35.2093588397679, 31.7807638810182], [35.2092953986545, 31.7807752051869], [35.2093773400308, 31.7808850245577], [35.2094647653764, 31.7808428266815]]]}, "properties": {"OBJECTID": 30, "CateTitle": "building", "rel_height": 3.4959716797, "med_height": 782.133972168, "PID": "59299", "PARID": "-1", "CID": "32411", "bldg_ch": null, "mispar_komot": 1, "komot": "3", "Shape__Area": 110.7578125, "Shape__Length": 46.620622954656454}}, {"type": "Feature", "id": 31, "geometry": {"type": "Polygon", "coordinates": [[[35.2094278754434, 31.7807933856314], [35.2094647653764, 31.7808428266815], [35.2094903166853, 31.7808770703558], [35.2095129789899, 31.780864732265], [35.2095194655163, 31.7808442746491], [35.2095316980717, 31.7808342754477], [35.2094800094756, 31.7807650017284], [35.2094278754434, 31.7807933856314]]]}, "properties": {"OBJECTID": 31, "CateTitle": "building", "rel_height": 5.8099975586, "med_height": 784.4479980469, "PID": "59300", "PARID": "-1", "CID": "32411", "bldg_ch": null, "mispar_komot": 2, "komot": "3", "Shape__Area": 60.32649230957031, "Shape__Length": 32.46788193965934}}, {"type": "Feature", "id": 32, "geometry": {"type": "Polygon", "coordinates": [[[35.2095047753558, 31.7808964476269], [35.2094903166853, 31.7808770703558], [35.2094647653764, 31.7808428266815], [35.2093773400308, 31.7808850245577], [35.2093669505801, 31.7808906813092], [35.2093956746614, 31.7809291779588], [35.2094060641147, 31.780923521205], [35.2094271999032, 31.7809518480886], [35.2094518079472, 31.780938450269], [35.2094648137832, 31.7809558823318], [35.2094765345124, 31.7809495013412], [35.2095047753558, 31.7808964476269]]]}, "properties": {"OBJECTID": 32, "CateTitle": "building", "rel_height": 8.9580078125, "med_height": 787.5960083008, "PID": "59301", "PARID": "-1", "CID": "32411", "bldg_ch": null, "mispar_komot": 3, "komot": "3", "Shape__Area": 92.85693359375, "Shape__Length": 40.51780412550261}}, {"type": "Feature", "id": 33, "geometry": {"type": "Polygon", "coordinates": [[[35.2094765345124, 31.7809495013412], [35.2094982153087, 31.7809623868747], [35.2095223962356, 31.780919356377], [35.2095047753558, 31.7808964476269], [35.2094765345124, 31.7809495013412]]]}, "properties": {"OBJECTID": 33, "CateTitle": "building", "rel_height": 6.541015625, "med_height": 785.1790161133, "PID": "59302", "PARID": "-1", "CID": "32411", "bldg_ch": null, "mispar_komot": 2, "komot": "3", "Shape__Area": 14.842178344726562, "Shape__Length": 17.296257899205468}}, {"type": "Feature", "id": 34, "geometry": {"type": "Polygon", "coordinates": [[[35.2124640843291, 31.7807303637752], [35.2126113693582, 31.7807319632341], [35.2126117074572, 31.7806752022587], [35.2125959417205, 31.7806743131589], [35.2125801506872, 31.7806738948197], [35.2125643512495, 31.7806739472399], [35.2125485634664, 31.7806744704183], [35.2125328063415, 31.7806754643537], [35.2125170999337, 31.780676927241], [35.2125014632464, 31.7806788572754], [35.2124859142269, 31.7806812526522], [35.2124704729344, 31.7806841097627], [35.2124676826109, 31.7806846780994], [35.2124679214599, 31.7806875224899], [35.2124513112803, 31.7806885435245], [35.2124509711942, 31.7807113637238], [35.2124643656342, 31.7807115089733], [35.2124640843291, 31.7807303637752]]]}, "properties": {"OBJECTID": 34, "CateTitle": "building", "rel_height": 9.1519775391, "med_height": 810.8499755859, "PID": "59698", "PARID": "-1", "CID": "32520", "bldg_ch": null, "mispar_komot": 3, "komot": "5", "Shape__Area": 87.12184143066406, "Shape__Length": 41.769853921352926}}, {"type": "Feature", "id": 35, "geometry": {"type": "Polygon", "coordinates": [[[35.2126109719535, 31.7807985921539], [35.2126113558238, 31.7807341159287], [35.2126113693582, 31.7807319632341], [35.2124640843291, 31.7807303637752], [35.2124155076993, 31.780729836564], [35.2124145052653, 31.7807971851902], [35.2124993505225, 31.7807981069069], [35.2125614915833, 31.7807983770936], [35.2126109719535, 31.7807985921539]]]}, "properties": {"OBJECTID": 35, "CateTitle": "building", "rel_height": 3.1849975586, "med_height": 804.6140136719, "PID": "59700", "PARID": "-1", "CID": "32522", "bldg_ch": null, "mispar_komot": 1, "komot": "5", "Shape__Area": 138.3520965576172, "Shape__Length": 52.01972417004255}}, {"type": "Feature", "id": 36, "geometry": {"type": "Polygon", "coordinates": [[[35.2125613833705, 31.7808164130129], [35.2125614915833, 31.7807983770936], [35.2124993505225, 31.7807981069069], [35.2124991757124, 31.7808274113302], [35.212483380461, 31.7808273419916], [35.2124830526897, 31.7808823705286], [35.2124957186708, 31.780882425637], [35.2124956645622, 31.7808914918451], [35.2125277270126, 31.7808916313889], [35.2125276260856, 31.7809085499269], [35.212489924801, 31.7809083863922], [35.2124896729841, 31.7809505691049], [35.2125165991672, 31.7809506864321], [35.2125164170826, 31.7809812552358], [35.2125449765408, 31.7809813796675], [35.2125449151562, 31.7809916949252], [35.2126162414901, 31.7809920050793], [35.2126163028668, 31.7809816898216], [35.2126199410278, 31.7809817058196], [35.2126208585882, 31.7808279401174], [35.2126072455962, 31.7808278814752], [35.212607313224, 31.7808166129712], [35.2125613833705, 31.7808164130129]]]}, "properties": {"OBJECTID": 36, "CateTitle": "building", "rel_height": 14.1890258789, "med_height": 816.5520019531, "PID": "59701", "PARID": "-1", "CID": "32523", "bldg_ch": null, "mispar_komot": 5, "komot": "5", "Shape__Area": 231.1472930908203, "Shape__Length": 76.07311670213507}}, {"type": "Feature", "id": 37, "geometry": {"type": "Polygon", "coordinates": [[[35.2124264947127, 31.7806045097698], [35.2124099851122, 31.7805230186772], [35.2123068623127, 31.7805408427987], [35.2123254809855, 31.7806194424716], [35.2124264947127, 31.7806045097698]]]}, "properties": {"OBJECTID": 37, "CateTitle": "building", "rel_height": 9.6219482422, "med_height": 809.0869750977, "PID": "59703", "PARID": "-1", "CID": "32525", "bldg_ch": null, "mispar_komot": 3, "komot": "5", "Shape__Area": 88.830322265625, "Shape__Length": 37.73820384907229}}, {"type": "Feature", "id": 38, "geometry": {"type": "Polygon", "coordinates": [[[35.2125263072432, 31.7806169894158], [35.2125076840503, 31.7805369278886], [35.2125006754572, 31.7805073425475], [35.2124099851122, 31.7805230186772], [35.2124264947127, 31.7806045097698], [35.2124352489526, 31.7806032159773], [35.2124376138074, 31.7806148856471], [35.2125050070491, 31.78060195709], [35.2125097912271, 31.7806201577348], [35.2125263072432, 31.7806169894158]]]}, "properties": {"OBJECTID": 38, "CateTitle": "building", "rel_height": 7.4079589844, "med_height": 807.6489868164, "PID": "59705", "PARID": "-1", "CID": "32527", "bldg_ch": null, "mispar_komot": 2, "komot": "5", "Shape__Area": 95.06425476074219, "Shape__Length": 42.70161466878528}}, {"type": "Feature", "id": 39, "geometry": {"type": "Polygon", "coordinates": [[[35.2121965482673, 31.7805534699695], [35.2121976477014, 31.7805581080691], [35.2122094151414, 31.7806077870481], [35.2122331694189, 31.7806042756228], [35.2122388369841, 31.7806322512752], [35.2123254809855, 31.7806194424716], [35.2123068623127, 31.7805408427987], [35.2123053963934, 31.7805346562623], [35.2121965482673, 31.7805534699695]]]}, "properties": {"OBJECTID": 39, "CateTitle": "building", "rel_height": 8.283996582, "med_height": 806.8010253906, "PID": "59707", "PARID": "-1", "CID": "32529", "bldg_ch": null, "mispar_komot": 3, "komot": "5", "Shape__Area": 92.28379821777344, "Shape__Length": 40.01624752866431}}, {"type": "Feature", "id": 40, "geometry": {"type": "Polygon", "coordinates": [[[35.2122094151414, 31.7806077870481], [35.2121976477014, 31.7805581080691], [35.2121413428127, 31.7805678396654], [35.212118815936, 31.7807182076464], [35.2121830640216, 31.7807032944993], [35.2122008804929, 31.7806090483453], [35.2122094151414, 31.7806077870481]]]}, "properties": {"OBJECTID": 40, "CateTitle": "building", "rel_height": 5.2319946289, "med_height": 803.1710205078, "PID": "59708", "PARID": "-1", "CID": "32530", "bldg_ch": null, "mispar_komot": 2, "komot": "5", "Shape__Area": 99.82273864746094, "Shape__Length": 45.58322364736367}}, {"type": "Feature", "id": 41, "geometry": {"type": "Polygon", "coordinates": [[[35.2125763601057, 31.7802858852915], [35.2125807149675, 31.7802964049842], [35.2126121914706, 31.7802868975536], [35.2126078376614, 31.7802763778619], [35.2126311238273, 31.7802693447042], [35.212638899019, 31.7802881277407], [35.2126254374448, 31.7802921941103], [35.2126365727717, 31.7803190953002], [35.2126326803053, 31.7803202715526], [35.2126345895208, 31.7803248852464], [35.2126181402324, 31.7803298536495], [35.2126438998652, 31.7803920853087], [35.212739518182, 31.7803632039365], [35.2127469649921, 31.7803811951714], [35.2127799870917, 31.7803712204445], [35.2127725402761, 31.7803532301133], [35.2127851921102, 31.7803494090822], [35.2127722383289, 31.7803181133551], [35.2127947189734, 31.7803113237176], [35.2127781780119, 31.7802713633413], [35.2127556973759, 31.7802781538777], [35.2127408481232, 31.7802422796259], [35.2127633287517, 31.7802354899938], [35.2127495861737, 31.7802022878242], [35.2127271044966, 31.7802090783558], [35.2127113661288, 31.7801710559735], [35.2126987470435, 31.780174867075], [35.2126912949794, 31.7801568632112], [35.2125404000982, 31.7802024393681], [35.2125478531925, 31.7802204432404], [35.2125569631207, 31.780242452081], [35.2125404146043, 31.7802474502412], [35.2125585510444, 31.7802912650137], [35.2125763601057, 31.7802858852915]]]}, "properties": {"OBJECTID": 41, "CateTitle": "building", "rel_height": 11.2689819336, "med_height": 814.2529907227, "PID": "59710", "PARID": "-1", "CID": "32532", "bldg_ch": null, "mispar_komot": 4, "komot": "5", "Shape__Area": 371.2123260498047, "Shape__Length": 104.90077610562011}}, {"type": "Feature", "id": 42, "geometry": {"type": "Polygon", "coordinates": [[[35.2123440320407, 31.7797968840461], [35.2123357038522, 31.7798535165643], [35.2122793488405, 31.7798521303319], [35.212270564989, 31.7799267013896], [35.2123243980533, 31.7799303937901], [35.2123167683432, 31.7799822753648], [35.2124940018596, 31.7799972356673], [35.212498474233, 31.7799633315784], [35.2124667540304, 31.7799616282135], [35.2124778009354, 31.7798712323975], [35.212448719081, 31.7798694828666], [35.212455185536, 31.7798084828439], [35.2123440320407, 31.7797968840461]]]}, "properties": {"OBJECTID": 42, "CateTitle": "building", "rel_height": 3.6889648438, "med_height": 805.4379882812, "PID": "59712", "PARID": "-1", "CID": "32534", "bldg_ch": null, "mispar_komot": 1, "komot": "ללא התיחסות בתשריט", "Shape__Area": 317.5282897949219, "Shape__Length": 84.79366878619508}}, {"type": "Feature", "id": 43, "geometry": {"type": "Polygon", "coordinates": [[[35.2119851155971, 31.7801378504958], [35.2120108209266, 31.7799943579691], [35.2120117622262, 31.7799891037881], [35.2119244876833, 31.779979003856], [35.2119236646241, 31.779984271557], [35.2119069871059, 31.7800910387721], [35.2119436020142, 31.78009521303], [35.2119377846734, 31.7801324548913], [35.2119851155971, 31.7801378504958]]]}, "properties": {"OBJECTID": 43, "CateTitle": "building", "rel_height": 6.1840209961, "med_height": 802.3179931641, "PID": "59714", "PARID": "-1", "CID": "32536", "bldg_ch": null, "mispar_komot": 2, "komot": "ייעוד עפ תוכנית אחרת", "Shape__Area": 121.98820495605469, "Shape__Length": 49.74869413033124}}, {"type": "Feature", "id": 44, "geometry": {"type": "Polygon", "coordinates": [[[35.2113346292687, 31.780015526777], [35.2113614026198, 31.7798960052499], [35.2112633508231, 31.7798817254219], [35.2112418048659, 31.7800221783731], [35.2112747827409, 31.7800275687004], [35.2112794993364, 31.7800065149711], [35.2113346292687, 31.780015526777]]]}, "properties": {"OBJECTID": 44, "CateTitle": "building", "rel_height": 7.173034668, "med_height": 796.7390136719, "PID": "59716", "PARID": "-1", "CID": "32538", "bldg_ch": null, "mispar_komot": 2, "komot": "ייעוד עפ תוכנית אחרת", "Shape__Area": 128.7247772216797, "Shape__Length": 49.495905948853064}}, {"type": "Feature", "id": 45, "geometry": {"type": "Polygon", "coordinates": [[[35.2118081138827, 31.7801061936931], [35.2118310373105, 31.7799594421111], [35.2117745011643, 31.7799512079885], [35.2117468891494, 31.7800992151938], [35.2118081138827, 31.7801061936931]]]}, "properties": {"OBJECTID": 45, "CateTitle": "building", "rel_height": 10.3460083008, "med_height": 804.9509887695, "PID": "59717", "PARID": "-1", "CID": "32539", "bldg_ch": null, "mispar_komot": 3, "komot": "ייעוד עפ תוכנית אחרת", "Shape__Area": 93.16004943847656, "Shape__Length": 44.31832866437614}}, {"type": "Feature", "id": 46, "geometry": {"type": "Polygon", "coordinates": [[[35.211674387366, 31.7812295955567], [35.2116464451999, 31.7811856468497], [35.2116383982243, 31.7811729908762], [35.2115325657542, 31.7812220885535], [35.2115565187081, 31.7812597625026], [35.2115501473867, 31.7812627190948], [35.2116050148724, 31.7813490176377], [35.2115747024732, 31.7813592390099], [35.2116019616872, 31.7814182250607], [35.2116708709027, 31.7813949888224], [35.2117017322876, 31.7813845816166], [35.2117092639341, 31.7813820425025], [35.2117085490574, 31.7813804940832], [35.2117042027775, 31.7813710899388], [35.2117243536757, 31.7813642952141], [35.2117246081197, 31.7813643466044], [35.2117267048903, 31.7813645548088], [35.2117288079657, 31.7813643860434], [35.2117308233833, 31.781363849332], [35.211732664572, 31.7813629663239], [35.2117342512963, 31.7813617767045], [35.2117355138799, 31.781360331883], [35.2117363995393, 31.7813586949912], [35.2117368671052, 31.7813569363749], [35.2117368975798, 31.7813551326919], [35.2117364899137, 31.7813533633041], [35.2117356610052, 31.781351704867], [35.2117233340563, 31.7813273621932], [35.2117335376704, 31.7813226287455], [35.211674387366, 31.7812295955567]]]}, "properties": {"OBJECTID": 46, "CateTitle": "building", "rel_height": 9.2559814453, "med_height": 806.7719726562, "PID": "59718", "PARID": "-1", "CID": "32540", "bldg_ch": null, "mispar_komot": 3, "komot": "3", "Shape__Area": 293.6001892089844, "Shape__Length": 77.28674274296321}}, {"type": "Feature", "id": 47, "geometry": {"type": "Polygon", "coordinates": [[[35.2117468891494, 31.7800992151938], [35.2117745011643, 31.7799512079885], [35.2117085360052, 31.7799416017813], [35.211680670326, 31.7800738439078], [35.2116962839938, 31.7800756232465], [35.2116935478035, 31.7800931353485], [35.2117468891494, 31.7800992151938]]]}, "properties": {"OBJECTID": 47, "CateTitle": "building", "rel_height": 10.9379882812, "med_height": 804.9530029297, "PID": "59723", "PARID": "-1", "CID": "32542", "bldg_ch": null, "mispar_komot": 4, "komot": "ייעוד עפ תוכנית אחרת", "Shape__Area": 105.894775390625, "Shape__Length": 46.40458861851169}}, {"type": "Feature", "id": 48, "geometry": {"type": "Polygon", "coordinates": [[[35.211680670326, 31.7800738439078], [35.2117085360052, 31.7799416017813], [35.2116441122741, 31.7799322200105], [35.2116431508608, 31.7799370367972], [35.211614421731, 31.7800724525363], [35.2116129011481, 31.7800821870923], [35.2116782042702, 31.7800896307725], [35.211680670326, 31.7800738439078]]]}, "properties": {"OBJECTID": 48, "CateTitle": "building", "rel_height": 10.9620361328, "med_height": 804.0460205078, "PID": "59724", "PARID": "-1", "CID": "32543", "bldg_ch": null, "mispar_komot": 4, "komot": "ייעוד עפ תוכנית אחרת", "Shape__Area": 103.9815673828125, "Shape__Length": 45.986605706157626}}, {"type": "Feature", "id": 49, "geometry": {"type": "Polygon", "coordinates": [[[35.211614421731, 31.7800724525363], [35.2116431508608, 31.7799370367972], [35.2115840840809, 31.779928434783], [35.2115592571414, 31.7800392327404], [35.2115551238, 31.7800656938846], [35.211614421731, 31.7800724525363]]]}, "properties": {"OBJECTID": 49, "CateTitle": "building", "rel_height": 6.2879638672, "med_height": 798.7819824219, "PID": "59725", "PARID": "-1", "CID": "32544", "bldg_ch": null, "mispar_komot": 2, "komot": "ייעוד עפ תוכנית אחרת", "Shape__Area": 88.11701965332031, "Shape__Length": 42.070898352442974}}, {"type": "Feature", "id": 50, "geometry": {"type": "Polygon", "coordinates": [[[35.2113614026198, 31.7798960052499], [35.2113346292687, 31.780015526777], [35.2113985505688, 31.7800259747077], [35.2113946680444, 31.7800470383156], [35.2114338537529, 31.7800523092171], [35.2114409724012, 31.7800067415117], [35.2114560200507, 31.7799097846713], [35.2113614026198, 31.7798960052499]]]}, "properties": {"OBJECTID": 50, "CateTitle": "building", "rel_height": 7.8619995117, "med_height": 798.5650024414, "PID": "59726", "PARID": "-1", "CID": "32545", "bldg_ch": null, "mispar_komot": 3, "komot": "ייעוד עפ תוכנית אחרת", "Shape__Area": 137.4347686767578, "Shape__Length": 50.81369852361347}}, {"type": "Feature", "id": 51, "geometry": {"type": "Polygon", "coordinates": [[[35.2115592571414, 31.7800392327404], [35.2115840840809, 31.779928434783], [35.2114560200507, 31.7799097846713], [35.2114409724012, 31.7800067415117], [35.2114571318817, 31.7800085839785], [35.2114582430472, 31.7800014683927], [35.2114662953373, 31.7800023860194], [35.2114667395922, 31.7799995415887], [35.2115229546517, 31.7800059496382], [35.2115184815161, 31.7800345851386], [35.2115592571414, 31.7800392327404]]]}, "properties": {"OBJECTID": 51, "CateTitle": "building", "rel_height": 8.591003418, "med_height": 800.416015625, "PID": "59727", "PARID": "-1", "CID": "32546", "bldg_ch": null, "mispar_komot": 3, "komot": "ייעוד עפ תוכנית אחרת", "Shape__Area": 129.18380737304688, "Shape__Length": 51.55852884750411}}, {"type": "Feature", "id": 52, "geometry": {"type": "Polygon", "coordinates": [[[35.2119236646241, 31.779984271557], [35.2119244876833, 31.779979003856], [35.2119253972691, 31.7799731833214], [35.2118310373105, 31.7799594421111], [35.2118081138827, 31.7801061936931], [35.211902930891, 31.7801170012049], [35.2119069871059, 31.7800910387721], [35.2119236646241, 31.779984271557]]]}, "properties": {"OBJECTID": 52, "CateTitle": "building", "rel_height": 11.458984375, "med_height": 806.6779785156, "PID": "59728", "PARID": "-1", "CID": "32547", "bldg_ch": null, "mispar_komot": 4, "komot": "ייעוד עפ תוכנית אחרת", "Shape__Area": 147.25897216796875, "Shape__Length": 50.63240721821432}}, {"type": "Feature", "id": 53, "geometry": {"type": "Polygon", "coordinates": [[[35.2111240285365, 31.7814088675844], [35.2111759568144, 31.7813844979952], [35.2111394041202, 31.7813276659413], [35.2111573219856, 31.7813192571299], [35.2111331105175, 31.7812816128805], [35.2111151916014, 31.7812900216886], [35.211076621187, 31.7812300522188], [35.2109863886357, 31.7812681578896], [35.2110464182163, 31.7813679758985], [35.2110858318505, 31.781349478884], [35.2111240285365, 31.7814088675844]]]}, "properties": {"OBJECTID": 53, "CateTitle": "building", "rel_height": 5.2270507812, "med_height": 799.9650268555, "PID": "59737", "PARID": "-1", "CID": "32556", "bldg_ch": null, "mispar_komot": 2, "komot": "3", "Shape__Area": 170.0575408935547, "Shape__Length": 62.775353008396046}}, {"type": "Feature", "id": 54, "geometry": {"type": "Polygon", "coordinates": [[[35.2115296308899, 31.7814302966668], [35.2114908016384, 31.7813584978946], [35.2115033426899, 31.7813531546906], [35.2114617138279, 31.7812982430312], [35.211422210804, 31.7813200950143], [35.2114604143987, 31.7813704886551], [35.211441177835, 31.7813780796127], [35.2114378517004, 31.7813719283419], [35.2113632132586, 31.7814013811557], [35.2114073673218, 31.78148179676], [35.2115296308899, 31.7814302966668]]]}, "properties": {"OBJECTID": 54, "CateTitle": "building", "rel_height": 9.2150268555, "med_height": 807.5440063477, "PID": "59739", "PARID": "-1", "CID": "32558", "bldg_ch": null, "mispar_komot": 3, "komot": "3", "Shape__Area": 152.47190856933594, "Shape__Length": 61.77290214436634}}, {"type": "Feature", "id": 55, "geometry": {"type": "Polygon", "coordinates": [[[35.2113753155349, 31.7813172586014], [35.2113580401301, 31.7812905614577], [35.211399765707, 31.781270860262], [35.2114224916252, 31.781305979389], [35.2114553627992, 31.7812904586953], [35.2114039451898, 31.7812110012604], [35.2113776828951, 31.7812234021116], [35.2113338719984, 31.781155698821], [35.2111832913141, 31.7812267990437], [35.2111729430537, 31.7812316848663], [35.2112197737047, 31.7813040532711], [35.2112301209149, 31.7812991674448], [35.211273068087, 31.7813655360921], [35.2113753155349, 31.7813172586014]]]}, "properties": {"OBJECTID": 55, "CateTitle": "building", "rel_height": 4.7180175781, "med_height": 800.3430175781, "PID": "59740", "PARID": "-1", "CID": "32559", "bldg_ch": null, "mispar_komot": 2, "komot": "3", "Shape__Area": 310.8260498046875, "Shape__Length": 84.57187176626296}}, {"type": "Feature", "id": 56, "geometry": {"type": "Polygon", "coordinates": [[[35.211234784105, 31.7810251257736], [35.2112553894821, 31.7810542297685], [35.211311000762, 31.7810255013283], [35.2112903953738, 31.7809963973423], [35.211234784105, 31.7810251257736]]]}, "properties": {"OBJECTID": 56, "CateTitle": "building", "rel_height": 2.5729980469, "med_height": 795.4270019531, "PID": "59741", "PARID": "-1", "CID": "32560", "bldg_ch": null, "mispar_komot": 1, "komot": "3", "Shape__Area": 23.216033935546875, "Shape__Length": 19.854371094812755}}, {"type": "Feature", "id": 57, "geometry": {"type": "Polygon", "coordinates": [[[35.2113237816753, 31.781009202568], [35.2114988537502, 31.7809278324535], [35.2114482872535, 31.780848445328], [35.2114145167389, 31.7808641410276], [35.2114015293304, 31.7808437511251], [35.211348830717, 31.7808682444026], [35.2113430793066, 31.7808592145858], [35.2113404166329, 31.780858643866], [35.211337686415, 31.7808584005181], [35.2113349435529, 31.7808584917536], [35.2113322440018, 31.7808589139623], [35.2113296416049, 31.7808596590246], [35.2113271891491, 31.7808607125082], [35.2113249373094, 31.7808620527661], [35.2113229304257, 31.780863651839], [35.2113212086145, 31.7808654781602], [35.2113198088248, 31.7808674947522], [35.2113187574476, 31.7808696610308], [35.2113180777065, 31.7808719328045], [35.2113177812112, 31.780874263177], [35.2113178753488, 31.7808766070559], [35.211318358004, 31.78087891484], [35.2112558677326, 31.7809112329812], [35.2113237816753, 31.781009202568]]]}, "properties": {"OBJECTID": 57, "CateTitle": "building", "rel_height": 12.1069946289, "med_height": 802.9019775391, "PID": "59744", "PARID": "-1", "CID": "32563", "bldg_ch": null, "mispar_komot": 4, "komot": "3", "Shape__Area": 236.97657775878906, "Shape__Length": 65.3816052206725}}, {"type": "Feature", "id": 58, "geometry": {"type": "Polygon", "coordinates": [[[35.2115251364778, 31.7811277870995], [35.2115853498177, 31.781099345969], [35.2115893679101, 31.7810974482691], [35.2115485398079, 31.7810343785397], [35.2115445227732, 31.7810362762383], [35.2115387006, 31.7810272825082], [35.2115213455313, 31.7810354803114], [35.2115174862575, 31.7810295184588], [35.2113735738915, 31.7810974936564], [35.211424081234, 31.7811755190324], [35.2115042267574, 31.7811376634249], [35.211511932642, 31.7811495672908], [35.2115328423642, 31.7811396909642], [35.2115251364778, 31.7811277870995]]]}, "properties": {"OBJECTID": 58, "CateTitle": "building", "rel_height": 6.5459594727, "med_height": 804.117980957, "PID": "59746", "PARID": "-1", "CID": "32565", "bldg_ch": null, "mispar_komot": 2, "komot": "3", "Shape__Area": 178.03314208984375, "Shape__Length": 58.568524996813785}}, {"type": "Feature", "id": 59, "geometry": {"type": "Polygon", "coordinates": [[[35.2109255625503, 31.7809949195372], [35.2109313933368, 31.7809921668199], [35.2109429630607, 31.7809867064815], [35.210909892971, 31.7809355837323], [35.2109390859461, 31.7809218039118], [35.2109172831399, 31.7808880996371], [35.2108872952094, 31.7809022537571], [35.2108706896727, 31.7809100915991], [35.2108736186733, 31.780914620494], [35.2107882482834, 31.7809549163496], [35.2107881458777, 31.7809549641523], [35.2108400886476, 31.7810352632299], [35.2108531733533, 31.7810290876632], [35.2108996655344, 31.7810071426089], [35.2109255625503, 31.7809949195372]]]}, "properties": {"OBJECTID": 59, "CateTitle": "building", "rel_height": 6.5650024414, "med_height": 797.6220092773, "PID": "59750", "PARID": "-1", "CID": "32569", "bldg_ch": null, "mispar_komot": 2, "komot": "3", "Shape__Area": 127.81973266601562, "Shape__Length": 50.07654873345213}}, {"type": "Feature", "id": 60, "geometry": {"type": "Polygon", "coordinates": [[[35.2109428924784, 31.7808541791908], [35.2109427972212, 31.78079092499], [35.2109893119324, 31.7807908738881], [35.2110030419508, 31.7807145738433], [35.2109379124415, 31.7807042592498], [35.2109324390462, 31.7807294749979], [35.21090585682, 31.7807252656667], [35.2108971675503, 31.7807652961153], [35.2109287541491, 31.7807702988111], [35.2109249461987, 31.780787843416], [35.2108740683194, 31.7808071796785], [35.2108999464273, 31.7808573351309], [35.2109428924784, 31.7808541791908]]]}, "properties": {"OBJECTID": 60, "CateTitle": "building", "rel_height": 7.2669677734, "med_height": 796.4099731445, "PID": "59751", "PARID": "-1", "CID": "32570", "bldg_ch": null, "mispar_komot": 2, "komot": "3", "Shape__Area": 106.12742614746094, "Shape__Length": 56.62884542935107}}, {"type": "Feature", "id": 61, "geometry": {"type": "Polygon", "coordinates": [[[35.2106362242162, 31.7808052670414], [35.2105980633241, 31.7807517717164], [35.2105667222646, 31.7807078382662], [35.2104621411831, 31.7807622747957], [35.2104740111335, 31.7807789140922], [35.2104833152358, 31.7807740716644], [35.2105041186484, 31.7808007958149], [35.2105479508904, 31.7808676877371], [35.2106027240507, 31.7808396757073], [35.2105945390441, 31.7808285419811], [35.2106362242162, 31.7808052670414]]]}, "properties": {"OBJECTID": 61, "CateTitle": "building", "rel_height": 8.2269897461, "med_height": 793.6879882812, "PID": "59752", "PARID": "-1", "CID": "32571", "bldg_ch": null, "mispar_komot": 3, "komot": "3", "Shape__Area": 145.4539794921875, "Shape__Length": 51.72394846805076}}, {"type": "Feature", "id": 62, "geometry": {"type": "Polygon", "coordinates": [[[35.2102474739199, 31.7809885061829], [35.2101702696922, 31.7808788260424], [35.2101401761552, 31.7808942822492], [35.2101289946532, 31.7808783968298], [35.2101030659595, 31.7808917145758], [35.2101090146432, 31.7809001654579], [35.2100982145371, 31.7809057122629], [35.2101806536409, 31.7810228269833], [35.2102474739199, 31.7809885061829]]]}, "properties": {"OBJECTID": 62, "CateTitle": "building", "rel_height": 3.1220092773, "med_height": 784.0390014648, "PID": "59753", "PARID": "-1", "CID": "32572", "bldg_ch": null, "mispar_komot": 1, "komot": "3", "Shape__Area": 111.84197998046875, "Shape__Length": 47.26321091876939}}, {"type": "Feature", "id": 63, "geometry": {"type": "Polygon", "coordinates": [[[35.2113859403948, 31.7801626006774], [35.2113752099544, 31.7802079322944], [35.2113660436359, 31.7802466542334], [35.2113612741922, 31.7802668034216], [35.2113601628342, 31.7802714957601], [35.2113543369688, 31.780296872075], [35.2114390433068, 31.7803097592275], [35.2114670348819, 31.7801755042431], [35.2113859403948, 31.7801626006774]]]}, "properties": {"OBJECTID": 63, "CateTitle": "building", "rel_height": 11.3260498047, "med_height": 802.1580200195, "PID": "59759", "PARID": "-1", "CID": "32574", "bldg_ch": null, "mispar_komot": 4, "komot": "ייעוד עפ תוכנית אחרת", "Shape__Area": 121.0406494140625, "Shape__Length": 46.27047588445127}}, {"type": "Feature", "id": 64, "geometry": {"type": "Polygon", "coordinates": [[[35.2115673169912, 31.7803292742085], [35.2115951268645, 31.7801958876793], [35.2115445408395, 31.7801878379954], [35.2115166591309, 31.7803215672173], [35.2115673169912, 31.7803292742085]]]}, "properties": {"OBJECTID": 64, "CateTitle": "building", "rel_height": 9.5440063477, "med_height": 801.4299926758, "PID": "59760", "PARID": "-1", "CID": "32575", "bldg_ch": null, "mispar_komot": 3, "komot": "ייעוד עפ תוכנית אחרת", "Shape__Area": 73.31340026855469, "Shape__Length": 39.83266831107501}}, {"type": "Feature", "id": 65, "geometry": {"type": "Polygon", "coordinates": [[[35.2115951268645, 31.7801958876793], [35.2115673169912, 31.7803292742085], [35.2116234500741, 31.7803378132677], [35.2116511807176, 31.7802048073078], [35.2115951268645, 31.7801958876793]]]}, "properties": {"OBJECTID": 65, "CateTitle": "building", "rel_height": 10.8089599609, "med_height": 803.4619750977, "PID": "59761", "PARID": "-1", "CID": "32576", "bldg_ch": null, "mispar_komot": 4, "komot": "ייעוד עפ תוכנית אחרת", "Shape__Area": 81.01744079589844, "Shape__Length": 40.804766790473536}}, {"type": "Feature", "id": 66, "geometry": {"type": "Polygon", "coordinates": [[[35.2114670348819, 31.7801755042431], [35.2114390433068, 31.7803097592275], [35.2115166591309, 31.7803215672173], [35.2115445408395, 31.7801878379954], [35.2114670348819, 31.7801755042431]]]}, "properties": {"OBJECTID": 66, "CateTitle": "building", "rel_height": 11.2669677734, "med_height": 802.2219848633, "PID": "59762", "PARID": "-1", "CID": "32577", "bldg_ch": null, "mispar_komot": 4, "komot": "ייעוד עפ תוכנית אחרת", "Shape__Area": 112.69313049316406, "Shape__Length": 45.11779998647481}}, {"type": "Feature", "id": 67, "geometry": {"type": "Polygon", "coordinates": [[[35.2116511807176, 31.7802048073078], [35.2116234500741, 31.7803378132677], [35.2116223387599, 31.7803429087313], [35.2116852699844, 31.7803529227884], [35.2117153439324, 31.7802150169795], [35.2116511807176, 31.7802048073078]]]}, "properties": {"OBJECTID": 67, "CateTitle": "building", "rel_height": 9.1220092773, "med_height": 802.1350097656, "PID": "59763", "PARID": "-1", "CID": "32578", "bldg_ch": null, "mispar_komot": 3, "komot": "ייעוד עפ תוכנית אחרת", "Shape__Area": 95.20159912109375, "Shape__Length": 43.35505929901805}}, {"type": "Feature", "id": 68, "geometry": {"type": "Polygon", "coordinates": [[[35.2104796953412, 31.7803761418226], [35.2105050256422, 31.7804173033269], [35.2105718741578, 31.7803872859358], [35.2105430299016, 31.7803404141587], [35.2104992996759, 31.7803600502402], [35.2105028136077, 31.7803657605274], [35.2104796953412, 31.7803761418226]]]}, "properties": {"OBJECTID": 68, "CateTitle": "building", "rel_height": 5.0780029297, "med_height": 787.7979736328, "PID": "59764", "PARID": "-1", "CID": "32579", "bldg_ch": null, "mispar_komot": 2, "komot": "ייעוד עפ תוכנית אחרת", "Shape__Area": 40.23280334472656, "Shape__Length": 26.050087009449058}}, {"type": "Feature", "id": 69, "geometry": {"type": "Polygon", "coordinates": [[[35.210707180188, 31.7801121926006], [35.210703700494, 31.7801287370429], [35.2106941616627, 31.780127273828], [35.210681908312, 31.7801855387613], [35.2106914471491, 31.780187002879], [35.2106797763782, 31.7802425027388], [35.2107361057047, 31.7802511467931], [35.2107485226184, 31.7801920990492], [35.2108181883497, 31.7802027895791], [35.2108118305762, 31.7802330250145], [35.21086079383, 31.7802405384766], [35.2108694080427, 31.7801995746258], [35.2108971345576, 31.7802038289985], [35.2108992221443, 31.7801939059374], [35.2109114225706, 31.7801957775346], [35.2109136990723, 31.7801849544265], [35.210920451748, 31.7801859902954], [35.210928498124, 31.7801477283845], [35.2109616280322, 31.7801528121591], [35.2109745397707, 31.7800914096604], [35.210869956817, 31.7800753613577], [35.2108562988406, 31.7801403090201], [35.2108386739033, 31.7801376043916], [35.2108362601913, 31.7801490786345], [35.210816606073, 31.7801460629706], [35.2108326767333, 31.7800696410697], [35.2107197723, 31.7800523160579], [35.2107165754607, 31.7800675167438], [35.2107070355797, 31.780066052628], [35.2106976403026, 31.780110729386], [35.210707180188, 31.7801121926006]]]}, "properties": {"OBJECTID": 69, "CateTitle": "building", "rel_height": 7.4689941406, "med_height": 792.0880126953, "PID": "59765", "PARID": "-1", "CID": "32580", "bldg_ch": null, "mispar_komot": 2, "komot": "ייעוד עפ תוכנית אחרת", "Shape__Area": 362.97962951660156, "Shape__Length": 119.59163439584933}}, {"type": "Feature", "id": 70, "geometry": {"type": "Polygon", "coordinates": [[[35.2103617108033, 31.7804322906067], [35.2102962428649, 31.7804085130214], [35.2102521755697, 31.7805086509473], [35.2102765218381, 31.7805164687833], [35.210287159175, 31.7804922962532], [35.2103136687337, 31.7805008083993], [35.2103221705721, 31.7804814896726], [35.2103378457246, 31.7804865230164], [35.2103617108033, 31.7804322906067]]]}, "properties": {"OBJECTID": 70, "CateTitle": "building", "rel_height": 7.4819946289, "med_height": 789.5139770508, "PID": "59768", "PARID": "-1", "CID": "32583", "bldg_ch": null, "mispar_komot": 2, "komot": "ייעוד עפ תוכנית אחרת", "Shape__Area": 63.044281005859375, "Shape__Length": 36.90919180618756}}, {"type": "Feature", "id": 71, "geometry": {"type": "Polygon", "coordinates": [[[35.2104202384258, 31.7803940597196], [35.2103213500293, 31.780362306944], [35.2103069576684, 31.7803576856797], [35.210293493445, 31.7803882830567], [35.210298627693, 31.7803899313835], [35.2102911677395, 31.7804068836305], [35.2102962428649, 31.7804085130214], [35.2103617108033, 31.7804322906067], [35.2104050769176, 31.7804462156922], [35.2104325702467, 31.7804355311846], [35.2104361994022, 31.7804272845803], [35.2104202384258, 31.7803940597196]]]}, "properties": {"OBJECTID": 71, "CateTitle": "building", "rel_height": 8.4270019531, "med_height": 790.5319824219, "PID": "59770", "PARID": "-1", "CID": "32585", "bldg_ch": null, "mispar_komot": 3, "komot": "ייעוד עפ תוכנית אחרת", "Shape__Area": 75.59147644042969, "Shape__Length": 37.075202870537126}}, {"type": "Feature", "id": 72, "geometry": {"type": "Polygon", "coordinates": [[[35.2103652854649, 31.7802496974417], [35.210346801887, 31.7802916212788], [35.2103680747111, 31.7802980170384], [35.2103531530313, 31.7803366129164], [35.2104329635027, 31.7803622881676], [35.2104680294594, 31.7802827504542], [35.2103652854649, 31.7802496974417]]]}, "properties": {"OBJECTID": 72, "CateTitle": "building", "rel_height": 8.3609619141, "med_height": 790.2849731445, "PID": "59771", "PARID": "-1", "CID": "32586", "bldg_ch": null, "mispar_komot": 3, "komot": "ייעוד עפ תוכנית אחרת", "Shape__Area": 88.01759338378906, "Shape__Length": 39.51169428838747}}, {"type": "Feature", "id": 73, "geometry": {"type": "Polygon", "coordinates": [[[35.2104286231066, 31.7801483275473], [35.2104784876108, 31.7801675596331], [35.2104985799892, 31.7801243632015], [35.2105570105833, 31.7801391343408], [35.2105593810542, 31.7801278179275], [35.2105785614475, 31.7800247041248], [35.2104744106826, 31.779996242539], [35.2104496313477, 31.7800643263902], [35.2104469930247, 31.7800643716078], [35.2104285561915, 31.780125890653], [35.210438426683, 31.7801297798238], [35.2104286231066, 31.7801483275473]]]}, "properties": {"OBJECTID": 73, "CateTitle": "building", "rel_height": 7.8510131836, "med_height": 789.6040039062, "PID": "59772", "PARID": "-1", "CID": "32587", "bldg_ch": null, "mispar_komot": 3, "komot": "ייעוד עפ תוכנית אחרת", "Shape__Area": 172.45095825195312, "Shape__Length": 57.800971269547624}}, {"type": "Feature", "id": 74, "geometry": {"type": "Polygon", "coordinates": [[[35.2103735784815, 31.7800539759528], [35.2103852185916, 31.7800280465797], [35.210329622569, 31.7800098347064], [35.2103179824457, 31.7800357640745], [35.2103735784815, 31.7800539759528]]]}, "properties": {"OBJECTID": 74, "CateTitle": "building", "rel_height": 1.6149902344, "med_height": 782.6740112305, "PID": "59773", "PARID": "-1", "CID": "32588", "bldg_ch": null, "mispar_komot": 1, "komot": "ייעוד עפ תוכנית אחרת", "Shape__Area": 17.36712646484375, "Shape__Length": 17.438493370990955}}, {"type": "Feature", "id": 75, "geometry": {"type": "Polygon", "coordinates": [[[35.2102242920416, 31.7799385057706], [35.2102290127087, 31.7799281253661], [35.2101936601494, 31.7799163931314], [35.2101889394789, 31.7799267726327], [35.2101216350233, 31.7799044361811], [35.2100927567449, 31.7799679315821], [35.2101923943095, 31.7800009984852], [35.2102178057323, 31.78000943134], [35.2102290764393, 31.7799846491394], [35.2102530773469, 31.7799926148982], [35.2102706837815, 31.7799539016666], [35.2102242920416, 31.7799385057706]]]}, "properties": {"OBJECTID": 75, "CateTitle": "building", "rel_height": 8.8729858398, "med_height": 786.8120117188, "PID": "59774", "PARID": "-1", "CID": "32589", "bldg_ch": null, "mispar_komot": 3, "komot": "ייעוד עפ תוכנית אחרת", "Shape__Area": 111.64715576171875, "Shape__Length": 47.86791716006123}}, {"type": "Feature", "id": 76, "geometry": {"type": "Polygon", "coordinates": [[[35.2101923943095, 31.7800009984852], [35.2100927567449, 31.7799679315821], [35.210087964591, 31.7799663418513], [35.2100523514734, 31.7800446448683], [35.2102683619046, 31.7801163314228], [35.2102745013106, 31.7801028332878], [35.210302173184, 31.7801120163526], [35.2103316467248, 31.7800472123067], [35.2103039748677, 31.7800380283464], [35.2102418055896, 31.7800173961991], [35.210233689034, 31.7800352431], [35.2101842766902, 31.780018845383], [35.2101923943095, 31.7800009984852]]]}, "properties": {"OBJECTID": 76, "CateTitle": "building", "rel_height": 14.2969970703, "med_height": 792.2969970703, "PID": "59775", "PARID": "-1", "CID": "32590", "bldg_ch": null, "mispar_komot": 5, "komot": "ייעוד עפ תוכנית אחרת", "Shape__Area": 215.4800262451172, "Shape__Length": 72.39991724612231}}, {"type": "Feature", "id": 77, "geometry": {"type": "Polygon", "coordinates": [[[35.2101166501978, 31.7802025651405], [35.2101308471895, 31.7801726747914], [35.2100290219216, 31.7801392823734], [35.2099990174358, 31.7802097111528], [35.2100544034199, 31.78022795294], [35.2100594323383, 31.7802165453319], [35.2100650144479, 31.7802047652386], [35.2100821454796, 31.7802106877643], [35.2100903085707, 31.7801934586324], [35.2101166501978, 31.7802025651405]]]}, "properties": {"OBJECTID": 77, "CateTitle": "building", "rel_height": 7.3200073242, "med_height": 786.416015625, "PID": "59776", "PARID": "-1", "CID": "32591", "bldg_ch": null, "mispar_komot": 2, "komot": "ייעוד עפ תוכנית אחרת", "Shape__Area": 67.04244995117188, "Shape__Length": 37.10486845419055}}, {"type": "Feature", "id": 78, "geometry": {"type": "Polygon", "coordinates": [[[35.2100047217053, 31.7807866247475], [35.2099606991146, 31.780724980457], [35.2099049123612, 31.780754051016], [35.2098896321283, 31.780732654604], [35.2098539495808, 31.7807512484888], [35.2098978665283, 31.7808127449186], [35.2099369770398, 31.780792364326], [35.2099669019321, 31.7808342679492], [35.209980840713, 31.7808270048146], [35.2099866067121, 31.7808350787412], [35.210020078571, 31.7808176365678], [35.2100152237692, 31.7808108387071], [35.2100201730212, 31.7808082601257], [35.2100047217053, 31.7807866247475]]]}, "properties": {"OBJECTID": 78, "CateTitle": "building", "rel_height": 6.5759887695, "med_height": 787.7719726562, "PID": "59777", "PARID": "-1", "CID": "32592", "bldg_ch": null, "mispar_komot": 2, "komot": "ייעוד עפ תוכנית אחרת", "Shape__Area": 99.46635437011719, "Shape__Length": 49.2556685203444}}, {"type": "Feature", "id": 79, "geometry": {"type": "Polygon", "coordinates": [[[35.2099278674307, 31.7808547549649], [35.2098978665283, 31.7808127449186], [35.2098539495808, 31.7807512484888], [35.209806631834, 31.7807759050324], [35.2098566621243, 31.7808459605862], [35.2098927943375, 31.7808965559005], [35.2099099795012, 31.7808875998784], [35.2098977358683, 31.7808704564168], [35.2099278674307, 31.7808547549649]]]}, "properties": {"OBJECTID": 79, "CateTitle": "building", "rel_height": 5.4400024414, "med_height": 786.4279785156, "PID": "59778", "PARID": "-1", "CID": "32593", "bldg_ch": null, "mispar_komot": 2, "komot": "ייעוד עפ תוכנית אחרת", "Shape__Area": 74.82673645019531, "Shape__Length": 41.84193135741867}}, {"type": "Feature", "id": 80, "geometry": {"type": "Polygon", "coordinates": [[[35.2099635241317, 31.7810032405778], [35.2100123019559, 31.7809766503659], [35.209987186495, 31.7809430326552], [35.2099384086812, 31.7809696228577], [35.2099635241317, 31.7810032405778]]]}, "properties": {"OBJECTID": 80, "CateTitle": "building", "rel_height": 2.7309570312, "med_height": 783.8419799805, "PID": "59779", "PARID": "-1", "CID": "32594", "bldg_ch": null, "mispar_komot": 1, "komot": "3", "Shape__Area": 24.236434936523438, "Shape__Length": 19.805720103611613}}, {"type": "Feature", "id": 81, "geometry": {"type": "Polygon", "coordinates": [[[35.2097324120989, 31.780963759784], [35.209738587781, 31.7809728780359], [35.209768188417, 31.7809582498347], [35.2097620127329, 31.7809491315842], [35.2097881632246, 31.7809362080027], [35.2097315748248, 31.7808526548485], [35.2096669059978, 31.7809224212367], [35.2096584935408, 31.7809199171735], [35.2096306412756, 31.780991271057], [35.2096562145471, 31.7810014166112], [35.2097180066226, 31.7809708795181], [35.2097324120989, 31.780963759784]]]}, "properties": {"OBJECTID": 81, "CateTitle": "building", "rel_height": 13.6809692383, "med_height": 794.1939697266, "PID": "59780", "PARID": "-1", "CID": "32595", "bldg_ch": null, "mispar_komot": 5, "komot": "3", "Shape__Area": 118.66326904296875, "Shape__Length": 49.200699690308696}}, {"type": "Feature", "id": 82, "geometry": {"type": "Polygon", "coordinates": [[[35.2099094283323, 31.7814196408029], [35.2099373279091, 31.7814701625058], [35.2100895607051, 31.7814088225024], [35.2100835622217, 31.7813979610023], [35.2100950096289, 31.7813933484768], [35.2100818026203, 31.7813694322544], [35.2100703552153, 31.7813740447787], [35.2100655952885, 31.7813654242963], [35.210080110677, 31.7813595752118], [35.2100631954128, 31.7813289449495], [35.2100486800281, 31.781334794032], [35.2100438282434, 31.7813260076142], [35.2098915955529, 31.7813873484655], [35.2098946333225, 31.7813928486602], [35.2098784044467, 31.7813993868036], [35.2098932005087, 31.78142617985], [35.2099094283323, 31.7814196408029]]]}, "properties": {"OBJECTID": 82, "CateTitle": "building", "rel_height": 6.7659912109, "med_height": 788.1909790039, "PID": "59781", "PARID": "-1", "CID": "32596", "bldg_ch": null, "mispar_komot": 2, "komot": "3", "Shape__Area": 176.67762756347656, "Shape__Length": 61.02935791673515}}, {"type": "Feature", "id": 83, "geometry": {"type": "Polygon", "coordinates": [[[35.2099578157061, 31.781515509765], [35.2099970690743, 31.7815833354745], [35.210166370006, 31.7815118408041], [35.2101271165445, 31.7814440160479], [35.2099578157061, 31.781515509765]]]}, "properties": {"OBJECTID": 83, "CateTitle": "building", "rel_height": 10.1849975586, "med_height": 792.0919799805, "PID": "59782", "PARID": "-1", "CID": "32597", "bldg_ch": null, "mispar_komot": 3, "komot": "3", "Shape__Area": 150.075927734375, "Shape__Length": 52.555882754807115}}, {"type": "Feature", "id": 84, "geometry": {"type": "Polygon", "coordinates": [[[35.2104464188176, 31.7813617804484], [35.2104534721913, 31.7813585875968], [35.2104101611453, 31.78128877907], [35.2104163287526, 31.7812859866796], [35.2103544005798, 31.7811861693631], [35.2103302717597, 31.7811970926834], [35.210320709763, 31.7811816806724], [35.2102906698791, 31.7811952791198], [35.2104054710231, 31.7813803179203], [35.2104136667066, 31.7813766073604], [35.2104195215503, 31.7813860430419], [35.2104522726079, 31.7813712161284], [35.2104464188176, 31.7813617804484]]]}, "properties": {"OBJECTID": 84, "CateTitle": "building", "rel_height": 8.9739990234, "med_height": 792.0889892578, "PID": "59784", "PARID": "-1", "CID": "32599", "bldg_ch": null, "mispar_komot": 3, "komot": "3", "Shape__Area": 128.20114135742188, "Shape__Length": 60.4238875368523}}, {"type": "Feature", "id": 85, "geometry": {"type": "Polygon", "coordinates": [[[35.2107576407877, 31.7817268483787], [35.2107845976644, 31.7817708478296], [35.2108271281243, 31.7817518348869], [35.2108300877876, 31.7817566649954], [35.2108839547538, 31.7817325840175], [35.2108601834649, 31.7816937844384], [35.2108542607728, 31.7816964325432], [35.2108055187679, 31.7816168764352], [35.2107150441176, 31.7816573222], [35.2107300620182, 31.7816818343822], [35.2107209763294, 31.7816858958225], [35.2107485550957, 31.7817309107228], [35.2107576407877, 31.7817268483787]]]}, "properties": {"OBJECTID": 85, "CateTitle": "building", "rel_height": 8.1140136719, "med_height": 806.6820068359, "PID": "59785", "PARID": "-1", "CID": "32600", "bldg_ch": null, "mispar_komot": 3, "komot": "3", "Shape__Area": 149.06581115722656, "Shape__Length": 52.17817332720207}}, {"type": "Feature", "id": 86, "geometry": {"type": "Polygon", "coordinates": [[[35.209696639035, 31.7815807429343], [35.2096996873428, 31.7815859924214], [35.209748576743, 31.7815652750942], [35.2097455284331, 31.7815600256083], [35.2098023823374, 31.7815359341394], [35.209756176217, 31.7814563721088], [35.2096166776856, 31.7815154854484], [35.2096009650467, 31.7815221443818], [35.2096236863492, 31.781561268001], [35.2096394000488, 31.7815546099666], [35.209662883716, 31.7815950475289], [35.209696639035, 31.7815807429343]]]}, "properties": {"OBJECTID": 86, "CateTitle": "building", "rel_height": 10.8419799805, "med_height": 791.9219970703, "PID": "59786", "PARID": "-1", "CID": "32601", "bldg_ch": null, "mispar_komot": 4, "komot": "3", "Shape__Area": 156.65786743164062, "Shape__Length": 53.81733169660654}}, {"type": "Feature", "id": 87, "geometry": {"type": "Polygon", "coordinates": [[[35.2096836479754, 31.7816952177095], [35.2097101417196, 31.7817359554499], [35.2098742093185, 31.7816580998046], [35.2098556788648, 31.7816296069479], [35.2098598500974, 31.7816276281305], [35.2098540755667, 31.7816187506596], [35.209863121154, 31.7816144584116], [35.2098420994777, 31.7815744924436], [35.2098230932225, 31.7815695890469], [35.2098194067225, 31.7815738332661], [35.2096553392264, 31.7816516888418], [35.2096610852319, 31.7816605239363], [35.209647902176, 31.7816667796478], [35.2096704649161, 31.7817014734234], [35.2096836479754, 31.7816952177095]]]}, "properties": {"OBJECTID": 87, "CateTitle": "building", "rel_height": 9.3829956055, "med_height": 792.2750244141, "PID": "59787", "PARID": "-1", "CID": "32602", "bldg_ch": null, "mispar_komot": 3, "komot": "3", "Shape__Area": 206.2779083251953, "Shape__Length": 62.59692114278797}}, {"type": "Feature", "id": 88, "geometry": {"type": "Polygon", "coordinates": [[[35.2100644779398, 31.7817054164529], [35.2100597403039, 31.7816990271235], [35.2100361160877, 31.7817118090582], [35.2100408537226, 31.7817181983885], [35.2100312919146, 31.7817233717702], [35.2100150074207, 31.7817014108688], [35.2099844491169, 31.7817179438551], [35.2100007325508, 31.7817399047604], [35.2099903356502, 31.7817455299978], [35.2099972356804, 31.7817548348853], [35.2099860121353, 31.7817609074717], [35.2100406866036, 31.7818346431494], [35.210051910154, 31.7818285714601], [35.2100812187147, 31.7818680978253], [35.2101227873393, 31.7818456067621], [35.2101053044008, 31.7818220280246], [35.2101430776245, 31.7818015915177], [35.2101306110806, 31.7817847790666], [35.2101330973411, 31.7817834343102], [35.2100721647564, 31.781701258625], [35.2100644779398, 31.7817054164529]]]}, "properties": {"OBJECTID": 88, "CateTitle": "building", "rel_height": 8.4819946289, "med_height": 794.8489990234, "PID": "59788", "PARID": "-1", "CID": "32603", "bldg_ch": null, "mispar_komot": 3, "komot": "3", "Shape__Area": 157.28602600097656, "Shape__Length": 60.482833595794666}}, {"type": "Feature", "id": 89, "geometry": {"type": "Polygon", "coordinates": [[[35.2095380780314, 31.7817295134622], [35.2095747106652, 31.7817767846551], [35.2096132504014, 31.7817549937094], [35.209616592162, 31.7817593052721], [35.2096324841897, 31.7817503195809], [35.2096268427904, 31.7817430383523], [35.2096473990642, 31.7817314154854], [35.2095652140047, 31.781625358792], [35.2094902249607, 31.7816677591484], [35.209497262173, 31.7816768413029], [35.2094795258, 31.7816874206034], [35.2095256055357, 31.7817365654574], [35.2095380780314, 31.7817295134622]]]}, "properties": {"OBJECTID": 89, "CateTitle": "building", "rel_height": 9.8499755859, "med_height": 794.7379760742, "PID": "59789", "PARID": "-1", "CID": "32604", "bldg_ch": null, "mispar_komot": 3, "komot": "3", "Shape__Area": 135.70291137695312, "Shape__Length": 50.62127721640511}}, {"type": "Feature", "id": 90, "geometry": {"type": "Polygon", "coordinates": [[[35.2094457932966, 31.7816179035652], [35.2094860542572, 31.7816603137195], [35.2095533640848, 31.7816262079052], [35.2095143193723, 31.7815841070543], [35.2094893481955, 31.7816014044579], [35.2094815192079, 31.7815931574389], [35.2094457932966, 31.7816179035652]]]}, "properties": {"OBJECTID": 90, "CateTitle": "building", "rel_height": 9.2329711914, "med_height": 792.7349853516, "PID": "59790", "PARID": "-1", "CID": "32605", "bldg_ch": null, "mispar_komot": 3, "komot": "3", "Shape__Area": 45.05299377441406, "Shape__Length": 28.00194932154029}}, {"type": "Feature", "id": 91, "geometry": {"type": "Polygon", "coordinates": [[[35.2117208601057, 31.7806145916442], [35.2116935056316, 31.7806310689448], [35.2115488667473, 31.7807010491783], [35.2115519256394, 31.7807056628235], [35.2115467135467, 31.7807081846632], [35.2115273991357, 31.7807175297192], [35.2115033118058, 31.7807291837512], [35.2114644718182, 31.7807479757667], [35.2114554348413, 31.7807523474905], [35.2115088298299, 31.7808337365427], [35.2115178889859, 31.7808293999857], [35.211526399419, 31.7808423724876], [35.2115584994, 31.7808913009536], [35.2115760302847, 31.7809180242109], [35.2115992407985, 31.7809534030111], [35.2116230447393, 31.7809896863193], [35.2116318508506, 31.7810031097174], [35.2116782888752, 31.7810738934445], [35.2117033515002, 31.7811120966838], [35.2117674272735, 31.7812097650365], [35.2117747898846, 31.7812060066397], [35.2118006308078, 31.7811928130131], [35.2118485194233, 31.7811683631202], [35.2118265588598, 31.7811338996619], [35.2116709611632, 31.7808897235656], [35.2116478593131, 31.7808534699864], [35.2116453262307, 31.7808494966207], [35.2116251882844, 31.7808178936608], [35.2115938304715, 31.7807686837947], [35.2117699087481, 31.7806834921485], [35.2117208601057, 31.7806145916442]]]}, "properties": {"OBJECTID": 91, "CateTitle": "building", "rel_height": 16.7250366211, "med_height": 807.7230224609, "PID": "59791", "PARID": "-1", "CID": "32606", "bldg_ch": null, "mispar_komot": 6, "komot": "5", "Shape__Area": 719.4609069824219, "Shape__Length": 177.19927329806288}}, {"type": "Feature", "id": 92, "geometry": {"type": "Polygon", "coordinates": [[[35.2116709611632, 31.7808897235656], [35.2116770970285, 31.7808868706924], [35.2116539951767, 31.7808506171143], [35.2116478593131, 31.7808534699864], [35.2116709611632, 31.7808897235656]]]}, "properties": {"OBJECTID": 92, "CateTitle": "building", "rel_height": 17.0180053711, "med_height": 808.0159912109, "PID": "59792", "PARID": "-1", "CID": "32606", "bldg_ch": null, "mispar_komot": 6, "komot": "5", "Shape__Area": 3.02850341796875, "Shape__Length": 10.477209425102401}}, {"type": "Feature", "id": 93, "geometry": {"type": "Polygon", "coordinates": [[[35.2116453262307, 31.7808494966207], [35.2116519139436, 31.780846433594], [35.2116317759957, 31.7808148306352], [35.2116251882844, 31.7808178936608], [35.2116453262307, 31.7808494966207]]]}, "properties": {"OBJECTID": 93, "CateTitle": "building", "rel_height": 16.3099975586, "med_height": 807.3079833984, "PID": "59793", "PARID": "-1", "CID": "32606", "bldg_ch": null, "mispar_komot": 5, "komot": "5", "Shape__Area": 2.8344268798828125, "Shape__Length": 9.400382290514036}}, {"type": "Feature", "id": 94, "geometry": {"type": "Polygon", "coordinates": [[[35.2118485194233, 31.7811683631202], [35.2118568459324, 31.7811644910302], [35.2118348853666, 31.7811300275733], [35.2118265588598, 31.7811338996619], [35.2118485194233, 31.7811683631202]]]}, "properties": {"OBJECTID": 94, "CateTitle": "building", "rel_height": 16.9180297852, "med_height": 807.916015625, "PID": "59795", "PARID": "-1", "CID": "32606", "bldg_ch": null, "mispar_komot": 6, "komot": "5", "Shape__Area": 3.906951904296875, "Shape__Length": 10.497704305519246}}, {"type": "Feature", "id": 95, "geometry": {"type": "Polygon", "coordinates": [[[35.2117033515002, 31.7811120966838], [35.2116782888752, 31.7810738934445], [35.2116662652282, 31.7810796496794], [35.2116913278498, 31.781117852921], [35.2117033515002, 31.7811120966838]]]}, "properties": {"OBJECTID": 95, "CateTitle": "building", "rel_height": 13.2100219727, "med_height": 804.2080078125, "PID": "59796", "PARID": "-1", "CID": "32606", "bldg_ch": null, "mispar_komot": 4, "komot": "5", "Shape__Area": 6.3395538330078125, "Shape__Length": 12.32294028009974}}, {"type": "Feature", "id": 96, "geometry": {"type": "Polygon", "coordinates": [[[35.2116318508506, 31.7810031097174], [35.2116230447393, 31.7809896863193], [35.2116106610979, 31.7809956148211], [35.211619467208, 31.78100903822], [35.2116318508506, 31.7810031097174]]]}, "properties": {"OBJECTID": 96, "CateTitle": "building", "rel_height": 13.2009887695, "med_height": 804.1989746094, "PID": "59797", "PARID": "-1", "CID": "32606", "bldg_ch": null, "mispar_komot": 4, "komot": "5", "Shape__Area": 2.2942047119140625, "Shape__Length": 6.101658116270894}}, {"type": "Feature", "id": 97, "geometry": {"type": "Polygon", "coordinates": [[[35.2115992407985, 31.7809534030111], [35.2115760302847, 31.7809180242109], [35.2115641132796, 31.7809237290253], [35.2115873237903, 31.7809591078277], [35.2115992407985, 31.7809534030111]]]}, "properties": {"OBJECTID": 97, "CateTitle": "building", "rel_height": 12.9689941406, "med_height": 803.9669799805, "PID": "59798", "PARID": "-1", "CID": "32606", "bldg_ch": null, "mispar_komot": 4, "komot": "5", "Shape__Area": 5.818756103515625, "Shape__Length": 11.58180574653349}}, {"type": "Feature", "id": 98, "geometry": {"type": "Polygon", "coordinates": [[[35.2115584994, 31.7808913009536], [35.211526399419, 31.7808423724876], [35.2115179156311, 31.7808464339515], [35.2115500156091, 31.7808953624197], [35.2115584994, 31.7808913009536]]]}, "properties": {"OBJECTID": 98, "CateTitle": "building", "rel_height": 12.2700195312, "med_height": 803.2680053711, "PID": "59799", "PARID": "-1", "CID": "32606", "bldg_ch": null, "mispar_komot": 4, "komot": "5", "Shape__Area": 5.728973388671875, "Shape__Length": 14.28087179449726}}, {"type": "Feature", "id": 99, "geometry": {"type": "Polygon", "coordinates": [[[35.2115033118058, 31.7807291837512], [35.2115273991357, 31.7807175297192], [35.2115189056186, 31.7807047195475], [35.2114948182909, 31.780716373578], [35.2115033118058, 31.7807291837512]]]}, "properties": {"OBJECTID": 99, "CateTitle": "building", "rel_height": 12.7340087891, "med_height": 803.7319946289, "PID": "59800", "PARID": "-1", "CID": "32606", "bldg_ch": null, "mispar_komot": 4, "komot": "5", "Shape__Area": 4.2803955078125, "Shape__Length": 8.509020311120905}}, {"type": "Feature", "id": 100, "geometry": {"type": "Polygon", "coordinates": [[[35.2115467135467, 31.7807081846632], [35.2115519256394, 31.7807056628235], [35.2115488667473, 31.7807010491783], [35.2116935056316, 31.7806310689448], [35.2116798509389, 31.7806104752922], [35.2115299989289, 31.7806829773496], [35.2115467135467, 31.7807081846632]]]}, "properties": {"OBJECTID": 100, "CateTitle": "building", "rel_height": 15.3350219727, "med_height": 806.3330078125, "PID": "59801", "PARID": "-1", "CID": "32606", "bldg_ch": null, "mispar_komot": 5, "komot": "5", "Shape__Area": 43.1431884765625, "Shape__Length": 39.04929126693024}}, {"type": "Feature", "id": 101, "geometry": {"type": "Polygon", "coordinates": [[[35.2098350221567, 31.7818001819615], [35.2098374086126, 31.7818071792404], [35.2098202707735, 31.781815996366], [35.2098903556753, 31.781915396028], [35.2099074935261, 31.7819065788931], [35.209926170684, 31.7819330669431], [35.2099090328301, 31.7819418840805], [35.2099268621371, 31.7819671700136], [35.2099671481839, 31.7819464439592], [35.2099567774896, 31.7819317353937], [35.2099736872971, 31.7819230354991], [35.209984057993, 31.7819377440633], [35.2100487580164, 31.7819044578764], [35.2100294008528, 31.7818770049049], [35.2100073242649, 31.781888363661], [35.2099881159935, 31.7818611217073], [35.2100028636294, 31.7818535347751], [35.2099305814068, 31.7817510194105], [35.2098732114517, 31.7817805346273], [35.2098661160696, 31.7817704721956], [35.2098279267772, 31.7817901195276], [35.2098350221567, 31.7818001819615]]]}, "properties": {"OBJECTID": 101, "CateTitle": "building", "rel_height": 10.2940063477, "med_height": 796.7449951172, "PID": "59802", "PARID": "-1", "CID": "32607", "bldg_ch": null, "mispar_komot": 3, "komot": "3", "Shape__Area": 248.79336547851562, "Shape__Length": 80.93971267255245}}, {"type": "Feature", "id": 102, "geometry": {"type": "Polygon", "coordinates": [[[35.2097089898935, 31.781883823082], [35.2097145004001, 31.7818912459013], [35.209730110163, 31.7819122698565], [35.2097539751802, 31.7818993418706], [35.2097833765489, 31.7819389413491], [35.2097916629121, 31.7819501030783], [35.2097786297904, 31.7819571632385], [35.2098186103791, 31.7820024005674], [35.2098772610094, 31.7819706280141], [35.2098622794388, 31.7819504508785], [35.209881152908, 31.7819402268013], [35.2098524261899, 31.781901534568], [35.2098335537812, 31.781911758641], [35.2097885436825, 31.7818511343258], [35.2097551918021, 31.7818692023078], [35.2097496812935, 31.7818617785883], [35.2097089898935, 31.781883823082]]]}, "properties": {"OBJECTID": 102, "CateTitle": "building", "rel_height": 11.8989868164, "med_height": 800.3209838867, "PID": "59804", "PARID": "-1", "CID": "32609", "bldg_ch": null, "mispar_komot": 4, "komot": "3", "Shape__Area": 118.44699096679688, "Shape__Length": 56.604861755345226}}, {"type": "Feature", "id": 103, "geometry": {"type": "Polygon", "coordinates": [[[35.2135873378979, 31.7799481409262], [35.2135953661207, 31.7799510632122], [35.2135984947458, 31.7799447879775], [35.2136242845159, 31.779954173371], [35.2136292160032, 31.7799442852303], [35.2135956714631, 31.779932076735], [35.2135923897845, 31.779938656803], [35.2135873378979, 31.7799481409262]]]}, "properties": {"OBJECTID": 103, "CateTitle": "building", "rel_height": 15.6979980469, "med_height": 824.3709716797, "PID": "59805", "PARID": "-1", "CID": "32610", "bldg_ch": null, "mispar_komot": 5, "komot": "7", "Shape__Area": 4.7363128662109375, "Shape__Length": 10.832061973985844}}, {"type": "Feature", "id": 104, "geometry": {"type": "Polygon", "coordinates": [[[35.2137054814894, 31.7799876365734], [35.2137108995737, 31.7799767744059], [35.2137156421115, 31.779967265049], [35.2136771744039, 31.7799532658798], [35.2136790965419, 31.7799494112719], [35.2136617858138, 31.7799431113716], [35.2136562875049, 31.7799541367761], [35.2136615136643, 31.7799560392798], [35.2136567848435, 31.7799655206767], [35.2137031762588, 31.7799824042616], [35.2137013216756, 31.7799861226869], [35.2137054814894, 31.7799876365734]]]}, "properties": {"OBJECTID": 104, "CateTitle": "building", "rel_height": 14.5460205078, "med_height": 823.2189941406, "PID": "59806", "PARID": "-1", "CID": "32610", "bldg_ch": null, "mispar_komot": 5, "komot": "7", "Shape__Area": 11.931549072265625, "Shape__Length": 17.325237627357325}}, {"type": "Feature", "id": 105, "geometry": {"type": "Polygon", "coordinates": [[[35.2137340226724, 31.7799980236885], [35.2137054814894, 31.7799876365734], [35.2137013216756, 31.7799861226869], [35.2137031762588, 31.7799824042616], [35.2136567848435, 31.7799655206767], [35.2136615136643, 31.7799560392798], [35.2136562875049, 31.7799541367761], [35.2136292160032, 31.7799442852303], [35.2136242845159, 31.779954173371], [35.2135984947458, 31.7799447879775], [35.2135953661207, 31.7799510632122], [35.2135873378979, 31.7799481409262], [35.2135859076207, 31.7799508276133], [35.2135799596851, 31.7799631967898], [35.2135745554779, 31.7799757462949], [35.2135697023878, 31.7799884589932], [35.2135654078035, 31.7800013177492], [35.2135616770023, 31.780014303624], [35.2135585152613, 31.7800273994824], [35.213555926802, 31.780040587287], [35.2135539147901, 31.7800538480993], [35.2135524823913, 31.780067163882], [35.2135516327712, 31.7800805156965], [35.2135513659282, 31.7800938846039], [35.2135516818609, 31.7801072534694], [35.2135525816233, 31.7801206033541], [35.2135540620467, 31.7801339153198], [35.2136894778605, 31.7801298823899], [35.2136889645613, 31.7801173044537], [35.2137085064959, 31.7801167222395], [35.213706545366, 31.7800686623842], [35.2137089545181, 31.780067908269], [35.2137112052772, 31.7800668556561], [35.2137132469696, 31.7800655270951], [35.2137150331451, 31.7800639523502], [35.2137165236888, 31.7800621683999], [35.2137176848205, 31.7800602140258], [35.2137184922623, 31.780058132518], [35.2137189259597, 31.7800559725775], [35.2137189764158, 31.7800537811006], [35.2137186436354, 31.7800516067868], [35.2137179339582, 31.7800495001386], [35.213716864281, 31.7800475080506], [35.2137154578347, 31.7800456747112], [35.2137137462961, 31.7800440416028], [35.2137117676759, 31.7800426447963], [35.2137340226724, 31.7799980236885]]]}, "properties": {"OBJECTID": 105, "CateTitle": "building", "rel_height": 14.7330322266, "med_height": 823.4060058594, "PID": "59808", "PARID": "-1", "CID": "32610", "bldg_ch": null, "mispar_komot": 5, "komot": "7", "Shape__Area": 276.0752868652344, "Shape__Length": 70.01284063952252}}, {"type": "Feature", "id": 106, "geometry": {"type": "Polygon", "coordinates": [[[35.2101308471895, 31.7801726747914], [35.2101166501978, 31.7802025651405], [35.2101193762134, 31.7802035074415], [35.210100260328, 31.7802485453279], [35.2100978358161, 31.7802576080347], [35.2101536820847, 31.7802746791686], [35.2101736666696, 31.7802269744917], [35.210229511878, 31.7802440455924], [35.2102445405097, 31.7802099589275], [35.2101308471895, 31.7801726747914]]]}, "properties": {"OBJECTID": 106, "CateTitle": "building", "rel_height": 9.0700073242, "med_height": 790.3560180664, "PID": "59811", "PARID": "-1", "CID": "32613", "bldg_ch": null, "mispar_komot": 3, "komot": "ייעוד עפ תוכנית אחרת", "Shape__Area": 80.27902221679688, "Shape__Length": 42.62679640418481}}, {"type": "Feature", "id": 107, "geometry": {"type": "Polygon", "coordinates": [[[35.2101868232061, 31.7803409819003], [35.2101381022908, 31.7803256005093], [35.2101278069758, 31.7803493969445], [35.2100690762525, 31.7803308550259], [35.21008311588, 31.7802994721433], [35.2100859111007, 31.7802926297522], [35.210081989954, 31.7802914602401], [35.2100902415539, 31.7802712703611], [35.2100441051066, 31.7802546992902], [35.2100388364529, 31.7802648740919], [35.2099993683417, 31.7802512291821], [35.2099939392859, 31.7802626864066], [35.2099744876529, 31.7802559613327], [35.2099511320279, 31.7803052569726], [35.2099386347035, 31.780334790098], [35.2100503262398, 31.7803689324805], [35.2100522600967, 31.7803642004359], [35.2101619098909, 31.7803985664676], [35.2101868232061, 31.7803409819003]]]}, "properties": {"OBJECTID": 107, "CateTitle": "building", "rel_height": 10.0919799805, "med_height": 791.3670043945, "PID": "59812", "PARID": "-1", "CID": "32614", "bldg_ch": null, "mispar_komot": 3, "komot": "3", "Shape__Area": 179.6046600341797, "Shape__Length": 73.36379275381378}}, {"type": "Feature", "id": 108, "geometry": {"type": "Polygon", "coordinates": [[[35.2100007988717, 31.7804956550246], [35.210035031458, 31.7804203507094], [35.2100431533629, 31.7804024839815], [35.2099701790744, 31.7803782781872], [35.2099595426775, 31.7804016787155], [35.2099251148332, 31.7803902584036], [35.2099086514082, 31.7804264734363], [35.2098938779131, 31.7804215725713], [35.209878624211, 31.7804551289211], [35.2100007988717, 31.7804956550246]]]}, "properties": {"OBJECTID": 108, "CateTitle": "building", "rel_height": 8.625, "med_height": 788.533996582, "PID": "59813", "PARID": "-1", "CID": "32615", "bldg_ch": null, "mispar_komot": 3, "komot": "3", "Shape__Area": 117.20106506347656, "Shape__Length": 46.993958471519264}}, {"type": "Feature", "id": 109, "geometry": {"type": "Polygon", "coordinates": [[[35.209857421259, 31.7806314207618], [35.2099291076765, 31.7806553921972], [35.2099592287745, 31.7805896656318], [35.2099494258594, 31.7805863887709], [35.2099658861474, 31.7805504713414], [35.2098723061173, 31.7805191788259], [35.2098558468544, 31.7805550953416], [35.2098345253761, 31.7806016204157], [35.2098662209351, 31.7806122192924], [35.209857421259, 31.7806314207618]]]}, "properties": {"OBJECTID": 109, "CateTitle": "building", "rel_height": 12.2550048828, "med_height": 792.6480102539, "PID": "59814", "PARID": "-1", "CID": "32616", "bldg_ch": null, "mispar_komot": 4, "komot": "3", "Shape__Area": 115.64096069335938, "Shape__Length": 45.2385684736432}}, {"type": "Feature", "id": 110, "geometry": {"type": "Polygon", "coordinates": [[[35.2098566621243, 31.7808459605862], [35.209806631834, 31.7807759050324], [35.2097560159639, 31.7808022815077], [35.2098060451745, 31.7808723370811], [35.2098566621243, 31.7808459605862]]]}, "properties": {"OBJECTID": 110, "CateTitle": "building", "rel_height": 7.4759521484, "med_height": 788.2379760742, "PID": "59815", "PARID": "-1", "CID": "32617", "bldg_ch": null, "mispar_komot": 2, "komot": "ייעוד עפ תוכנית אחרת", "Shape__Area": 51.102020263671875, "Shape__Length": 29.430729362357827}}, {"type": "Feature", "id": 111, "geometry": {"type": "Polygon", "coordinates": [[[35.2098278215985, 31.7807328358236], [35.2098443339795, 31.7807377817136], [35.2098582131258, 31.7807039684038], [35.2098417018059, 31.7806990225156], [35.2098630462071, 31.7806470232667], [35.2097727212648, 31.78061996919], [35.2097264369337, 31.7807327255799], [35.2097860725899, 31.7807505876291], [35.2097936582098, 31.7807321094928], [35.209824346531, 31.7807413015508], [35.2098278215985, 31.7807328358236]]]}, "properties": {"OBJECTID": 111, "CateTitle": "building", "rel_height": 7.8129882812, "med_height": 787.7009887695, "PID": "59818", "PARID": "-1", "CID": "32620", "bldg_ch": null, "mispar_komot": 3, "komot": "3", "Shape__Area": 120.01620483398438, "Shape__Length": 47.94535202615168}}, {"type": "Feature", "id": 112, "geometry": {"type": "Polygon", "coordinates": [[[35.2105833114955, 31.7797745981765], [35.210528651779, 31.7798963078541], [35.2105099402856, 31.7799379719981], [35.2105609647978, 31.7799546932716], [35.2106136758824, 31.7798373224329], [35.2106414922107, 31.7798444654534], [35.2106540416203, 31.7798088078529], [35.210657305373, 31.7797995349646], [35.2105833114955, 31.7797745981765]]]}, "properties": {"OBJECTID": 112, "CateTitle": "building", "rel_height": 6.867980957, "med_height": 789.0859985352, "PID": "59863", "PARID": "-1", "CID": "32630", "bldg_ch": null, "mispar_komot": 2, "komot": "ייעוד עפ תוכנית אחרת", "Shape__Area": 113.8504638671875, "Shape__Length": 54.00675105639794}}, {"type": "Feature", "id": 113, "geometry": {"type": "Polygon", "coordinates": [[[35.2116898835602, 31.7797204137573], [35.2116819284817, 31.7797606209844], [35.2116585718779, 31.7797572485333], [35.2116488828711, 31.7798062235539], [35.2116722384311, 31.779809595105], [35.211667907349, 31.7798314884412], [35.2116630844797, 31.7798558645732], [35.2116898374958, 31.7798597265283], [35.211695297778, 31.7798321289833], [35.2117373171091, 31.7798381950526], [35.2117586547664, 31.7797303426712], [35.2116898835602, 31.7797204137573]]]}, "properties": {"OBJECTID": 113, "CateTitle": "building", "rel_height": 7.2609863281, "med_height": 801.5689697266, "PID": "59864", "PARID": "-1", "CID": "32631", "bldg_ch": null, "mispar_komot": 2, "komot": "ייעוד עפ תוכנית אחרת", "Shape__Area": 100.46064758300781, "Shape__Length": 48.16479366686419}}, {"type": "Feature", "id": 114, "geometry": {"type": "Polygon", "coordinates": [[[35.2117859183316, 31.7798485246293], [35.2117830742286, 31.7798628992358], [35.2117815007378, 31.779870856269], [35.2118261436624, 31.7798773009297], [35.2118324260017, 31.7798455476482], [35.2118796882646, 31.7798523709102], [35.211878658272, 31.7798575781999], [35.211922891561, 31.7798639642311], [35.2119250876775, 31.7798528651459], [35.211944033776, 31.7797571047575], [35.2118078944057, 31.7797374508273], [35.2117859183316, 31.7798485246293]]]}, "properties": {"OBJECTID": 114, "CateTitle": "building", "rel_height": 10.3289794922, "med_height": 806.7769775391, "PID": "59865", "PARID": "-1", "CID": "32632", "bldg_ch": null, "mispar_komot": 3, "komot": "ייעוד עפ תוכנית אחרת", "Shape__Area": 167.30172729492188, "Shape__Length": 57.331591535714274}}, {"type": "Feature", "id": 115, "geometry": {"type": "Polygon", "coordinates": [[[35.2120390193689, 31.779806445113], [35.2120269265568, 31.7798675672007], [35.2120238967556, 31.77988288064], [35.2120200744134, 31.7799021992018], [35.2120771563753, 31.7799104394954], [35.2120961012736, 31.7798146853983], [35.2120390193689, 31.779806445113]]]}, "properties": {"OBJECTID": 115, "CateTitle": "building", "rel_height": 11.5709838867, "med_height": 808.9140014648, "PID": "59866", "PARID": "-1", "CID": "32633", "bldg_ch": null, "mispar_komot": 4, "komot": "ייעוד עפ תוכנית אחרת", "Shape__Area": 59.04652404785156, "Shape__Length": 32.50324858443789}}, {"type": "Feature", "id": 116, "geometry": {"type": "Polygon", "coordinates": [[[35.2117586547664, 31.7797303426712], [35.2117373171091, 31.7798381950526], [35.2117366796908, 31.7798414164649], [35.2117338355804, 31.7798557910703], [35.2117830742286, 31.7798628992358], [35.2117859183316, 31.7798485246293], [35.2118078944057, 31.7797374508273], [35.2117586547664, 31.7797303426712]]]}, "properties": {"OBJECTID": 116, "CateTitle": "building", "rel_height": 8.7299804688, "med_height": 803.8259887695, "PID": "59867", "PARID": "-1", "CID": "32634", "bldg_ch": null, "mispar_komot": 3, "komot": "ייעוד עפ תוכנית אחרת", "Shape__Area": 66.72891235351562, "Shape__Length": 37.67510672690109}}, {"type": "Feature", "id": 117, "geometry": {"type": "Polygon", "coordinates": [[[35.2120269265568, 31.7798675672007], [35.2120390193689, 31.779806445113], [35.2120458714977, 31.7797718067975], [35.211944033776, 31.7797571047575], [35.2119250876775, 31.7798528651459], [35.2120269265568, 31.7798675672007]]]}, "properties": {"OBJECTID": 117, "CateTitle": "building", "rel_height": 11.1549682617, "med_height": 809.2969970703, "PID": "59868", "PARID": "-1", "CID": "32635", "bldg_ch": null, "mispar_komot": 4, "komot": "ייעוד עפ תוכנית אחרת", "Shape__Area": 105.35081481933594, "Shape__Length": 41.10349275033625}}, {"type": "Feature", "id": 118, "geometry": {"type": "Polygon", "coordinates": [[[35.2104689953029, 31.779876758807], [35.210528651779, 31.7798963078541], [35.2105833114955, 31.7797745981765], [35.2105293572776, 31.7797564160706], [35.2104689953029, 31.779876758807]]]}, "properties": {"OBJECTID": 118, "CateTitle": "building", "rel_height": 4.4080200195, "med_height": 786.3040161133, "PID": "59869", "PARID": "-1", "CID": "32636", "bldg_ch": null, "mispar_komot": 1, "komot": "ייעוד עפ תוכנית אחרת", "Shape__Area": 83.60211181640625, "Shape__Length": 40.51806121175812}}, {"type": "Feature", "id": 119, "geometry": {"type": "Polygon", "coordinates": [[[35.2109651717887, 31.7794459310756], [35.2109879254487, 31.7794491675073], [35.2109731292726, 31.7795250690072], [35.2110138994504, 31.7795308684351], [35.2110286269965, 31.7794553276705], [35.2111484891636, 31.7794723778814], [35.2111379388024, 31.7795264997171], [35.2110973586551, 31.7795207273741], [35.2110925937229, 31.7795451675133], [35.2111312977991, 31.7795506730122], [35.2111351899439, 31.7795307087542], [35.2111829281349, 31.7795374997837], [35.2111945686476, 31.7794777900799], [35.2112170710533, 31.7794809913123], [35.2112286896172, 31.7794103476869], [35.2109796186348, 31.7793718269628], [35.2109651717887, 31.7794459310756]]]}, "properties": {"OBJECTID": 119, "CateTitle": "building", "rel_height": 4.8980102539, "med_height": 795.0640258789, "PID": "59870", "PARID": "-1", "CID": "32637", "bldg_ch": null, "mispar_komot": 2, "komot": "2", "Shape__Area": 269.63494873046875, "Shape__Length": 106.9946410961012}}, {"type": "Feature", "id": 120, "geometry": {"type": "Polygon", "coordinates": [[[35.2105993187775, 31.7799642978154], [35.2106087638459, 31.7799374612767], [35.2106175460233, 31.7799125060095], [35.2105904328185, 31.7799055433179], [35.210572205559, 31.7799573351199], [35.2105993187775, 31.7799642978154]]]}, "properties": {"OBJECTID": 120, "CateTitle": "building", "rel_height": 1.825, "med_height": 784.2440185547, "PID": "59871", "PARID": "-1", "CID": "32638", "bldg_ch": null, "mispar_komot": 1, "komot": "ייעוד עפ תוכנית אחרת", "Shape__Area": 16.081619262695312, "Shape__Length": 17.35696514966894}}, {"type": "Feature", "id": 121, "geometry": {"type": "Polygon", "coordinates": [[[35.2106540416203, 31.7798088078529], [35.2106414922107, 31.7798444654534], [35.2106175460233, 31.7799125060095], [35.2106087638459, 31.7799374612767], [35.2106942679071, 31.7799504381686], [35.2106966035226, 31.7799392092327], [35.2107208765507, 31.7799428929496], [35.2107289894496, 31.7799038906352], [35.2107047153757, 31.7799002069198], [35.2107215934122, 31.7798190602457], [35.2106540416203, 31.7798088078529]]]}, "properties": {"OBJECTID": 121, "CateTitle": "building", "rel_height": 9.6879882812, "med_height": 793.2199707031, "PID": "59872", "PARID": "-1", "CID": "32639", "bldg_ch": null, "mispar_komot": 3, "komot": "ייעוד עפ תוכנית אחרת", "Shape__Area": 119.18772888183594, "Shape__Length": 49.0870074840917}}, {"type": "Feature", "id": 122, "geometry": {"type": "Polygon", "coordinates": [[[35.2108265918974, 31.7799705200523], [35.2108351860163, 31.7799292026814], [35.2108539172214, 31.7798391430032], [35.2107336734276, 31.7798208939886], [35.2107249125201, 31.7798630185092], [35.2107342401714, 31.7798644339348], [35.2107277409922, 31.7798956830438], [35.2107584615473, 31.7799003458317], [35.2107463972284, 31.77995834923], [35.2108265918974, 31.7799705200523]]]}, "properties": {"OBJECTID": 122, "CateTitle": "building", "rel_height": 10.0009765625, "med_height": 794.758972168, "PID": "59873", "PARID": "-1", "CID": "32640", "bldg_ch": null, "mispar_komot": 3, "komot": "ייעוד עפ תוכנית אחרת", "Shape__Area": 142.8279571533203, "Shape__Length": 52.7270308733444}}, {"type": "Feature", "id": 123, "geometry": {"type": "Polygon", "coordinates": [[[35.2109135425892, 31.7799410948732], [35.2109322737206, 31.7798510342818], [35.2108728755269, 31.7798420198135], [35.2108541432838, 31.7799320794945], [35.2108663204467, 31.7799339276494], [35.2108632650705, 31.7799486169883], [35.2108977198823, 31.7799538459087], [35.2109007752532, 31.779939156569], [35.2109135425892, 31.7799410948732]]]}, "properties": {"OBJECTID": 123, "CateTitle": "building", "rel_height": 9.5379638672, "med_height": 795.242980957, "PID": "59874", "PARID": "-1", "CID": "32641", "bldg_ch": null, "mispar_komot": 3, "komot": "ייעוד עפ תוכנית אחרת", "Shape__Area": 63.44169616699219, "Shape__Length": 35.022590641698145}}, {"type": "Feature", "id": 124, "geometry": {"type": "Polygon", "coordinates": [[[35.211010696753, 31.7798629363308], [35.2109884121936, 31.7799700824924], [35.2110646224539, 31.779981648236], [35.2110804954638, 31.7799053300239], [35.211052803873, 31.7799011270941], [35.2110592153463, 31.7798703000346], [35.211010696753, 31.7798629363308]]]}, "properties": {"OBJECTID": 124, "CateTitle": "building", "rel_height": 9.0190429688, "med_height": 796.3220214844, "PID": "59875", "PARID": "-1", "CID": "32642", "bldg_ch": null, "mispar_komot": 3, "komot": "ייעוד עפ תוכנית אחרת", "Shape__Area": 79.22068786621094, "Shape__Length": 38.79689789216518}}, {"type": "Feature", "id": 125, "geometry": {"type": "Polygon", "coordinates": [[[35.2110804954638, 31.7799053300239], [35.2110646224539, 31.779981648236], [35.2110609032686, 31.7799995283272], [35.2111551322817, 31.7800138292563], [35.2111813553375, 31.7798877487078], [35.2110871264483, 31.7798734477978], [35.2110804954638, 31.7799053300239]]]}, "properties": {"OBJECTID": 125, "CateTitle": "building", "rel_height": 5.9439697266, "med_height": 794.2479858398, "PID": "59876", "PARID": "-1", "CID": "32643", "bldg_ch": null, "mispar_komot": 2, "komot": "ייעוד עפ תוכנית אחרת", "Shape__Area": 128.7173309326172, "Shape__Length": 46.528717588268975}}, {"type": "Feature", "id": 126, "geometry": {"type": "Polygon", "coordinates": [[[35.2104752564386, 31.7798365724796], [35.2104520494801, 31.7798286662461], [35.2104890789273, 31.7797493556906], [35.2104344817643, 31.779730755121], [35.2103736790166, 31.7798609847149], [35.2104514832132, 31.7798874915479], [35.2104752564386, 31.7798365724796]]]}, "properties": {"OBJECTID": 126, "CateTitle": "building", "rel_height": 4.617980957, "med_height": 785.2600097656, "PID": "59877", "PARID": "-1", "CID": "32644", "bldg_ch": null, "mispar_komot": 2, "komot": "ייעוד עפ תוכנית אחרת", "Shape__Area": 100.94070434570312, "Shape__Length": 46.961146938286}}, {"type": "Feature", "id": 127, "geometry": {"type": "Polygon", "coordinates": [[[35.2109830064787, 31.7799960765307], [35.2109884121936, 31.7799700824924], [35.211010696753, 31.7798629363308], [35.2109322737206, 31.7798510342818], [35.2109135425892, 31.7799410948732], [35.2109045822817, 31.779984174465], [35.2109830064787, 31.7799960765307]]]}, "properties": {"OBJECTID": 127, "CateTitle": "building", "rel_height": 9.6510009766, "med_height": 796.0230102539, "PID": "59878", "PARID": "-1", "CID": "32645", "bldg_ch": null, "mispar_komot": 3, "komot": "ייעוד עפ תוכנית אחרת", "Shape__Area": 113.12509155273438, "Shape__Length": 45.07779408765379}}, {"type": "Feature", "id": 128, "geometry": {"type": "Polygon", "coordinates": [[[35.2108539172214, 31.7798391430032], [35.2108351860163, 31.7799292026814], [35.2108541432838, 31.7799320794945], [35.2108728755269, 31.7798420198135], [35.2108539172214, 31.7798391430032]]]}, "properties": {"OBJECTID": 128, "CateTitle": "building", "rel_height": 8.7229614258, "med_height": 794.1409912109, "PID": "59879", "PARID": "-1", "CID": "32646", "bldg_ch": null, "mispar_komot": 3, "komot": "ייעוד עפ תוכנית אחרת", "Shape__Area": 18.497909545898438, "Shape__Length": 23.93276078378503}}, {"type": "Feature", "id": 129, "geometry": {"type": "Polygon", "coordinates": [[[35.2115709056814, 31.779703237749], [35.2115456398405, 31.7798309389356], [35.2115448135101, 31.7798351190144], [35.2116053667341, 31.779843860748], [35.2116314588219, 31.7797119794704], [35.2115709056814, 31.779703237749]]]}, "properties": {"OBJECTID": 129, "CateTitle": "building", "rel_height": 9.5510253906, "med_height": 802.6290283203, "PID": "59888", "PARID": "-1", "CID": "32648", "bldg_ch": null, "mispar_komot": 3, "komot": "ייעוד עפ תוכנית אחרת", "Shape__Area": 86.27044677734375, "Shape__Length": 41.295658933705276}}, {"type": "Feature", "id": 130, "geometry": {"type": "Polygon", "coordinates": [[[35.2116045019772, 31.7794483296209], [35.2115892426959, 31.7795360985429], [35.2115855513388, 31.7795573362027], [35.211581677417, 31.7795796218118], [35.2116249814262, 31.7795851151768], [35.2116270444879, 31.7795732513427], [35.2116675961367, 31.7795783958373], [35.2116883585801, 31.7794589665645], [35.2116045019772, 31.7794483296209]]]}, "properties": {"OBJECTID": 130, "CateTitle": "building", "rel_height": 7.1030273438, "med_height": 802.3920288086, "PID": "59889", "PARID": "-1", "CID": "32649", "bldg_ch": null, "mispar_komot": 2, "komot": "ייעוד עפ תוכנית אחרת", "Shape__Area": 113.02070617675781, "Shape__Length": 45.49576463130302}}, {"type": "Feature", "id": 131, "geometry": {"type": "Polygon", "coordinates": [[[35.2120833877747, 31.7795195181579], [35.2120662136629, 31.779618309551], [35.2120643374354, 31.7796291046994], [35.212177527464, 31.7796434623483], [35.2121953208862, 31.779541109533], [35.2120833877747, 31.7795195181579]]]}, "properties": {"OBJECTID": 131, "CateTitle": "building", "rel_height": 8.2579956055, "med_height": 809.1110229492, "PID": "59890", "PARID": "-1", "CID": "32650", "bldg_ch": null, "mispar_komot": 3, "komot": "ייעוד עפ תוכנית אחרת", "Shape__Area": 128.75802612304688, "Shape__Length": 45.46655026783442}}, {"type": "Feature", "id": 132, "geometry": {"type": "Polygon", "coordinates": [[[35.2120643374354, 31.7796291046994], [35.2120662136629, 31.779618309551], [35.2120833877747, 31.7795195181579], [35.2119908005144, 31.7795016582505], [35.2119725868847, 31.7796064334075], [35.2119707095907, 31.7796172276528], [35.2120643374354, 31.7796291046994]]]}, "properties": {"OBJECTID": 132, "CateTitle": "building", "rel_height": 8.9489746094, "med_height": 808.7069702148, "PID": "59891", "PARID": "-1", "CID": "32651", "bldg_ch": null, "mispar_komot": 3, "komot": "ייעוד עפ תוכנית אחרת", "Shape__Area": 113.14569091796875, "Shape__Length": 43.19634222061832}}, {"type": "Feature", "id": 133, "geometry": {"type": "Polygon", "coordinates": [[[35.2105521296254, 31.779387888513], [35.2105451975985, 31.7794037432116], [35.2105368774743, 31.7794227742605], [35.2105938900683, 31.7794420546575], [35.2106088573234, 31.779409760808], [35.2106510236934, 31.7794240204536], [35.210708044581, 31.7793009839893], [35.2107125466681, 31.7792912700372], [35.2106095955834, 31.7792564541279], [35.2105772324733, 31.779330474299], [35.2105705041827, 31.7793458636392], [35.2106021212379, 31.779355950093], [35.2105949633271, 31.7793723215603], [35.2106197833628, 31.7793802403152], [35.2106085677904, 31.7794058937283], [35.2105521296254, 31.779387888513]]]}, "properties": {"OBJECTID": 133, "CateTitle": "building", "rel_height": 8.6920166016, "med_height": 793.3430175781, "PID": "59892", "PARID": "-1", "CID": "32652", "bldg_ch": null, "mispar_komot": 3, "komot": "ייעוד עפ תוכנית אחרת", "Shape__Area": 162.58384704589844, "Shape__Length": 71.37363375817023}}, {"type": "Feature", "id": 134, "geometry": {"type": "Polygon", "coordinates": [[[35.2119402325621, 31.7794909176285], [35.2119212823089, 31.7795999251613], [35.2119168766164, 31.779625265347], [35.2119681812059, 31.7796317735949], [35.2119707095907, 31.7796172276528], [35.2119725868847, 31.7796064334075], [35.2119908005144, 31.7795016582505], [35.2119915360233, 31.7794974258672], [35.2119402325621, 31.7794909176285]]]}, "properties": {"OBJECTID": 134, "CateTitle": "building", "rel_height": 8.1099853516, "med_height": 807.1480102539, "PID": "59893", "PARID": "-1", "CID": "32653", "bldg_ch": null, "mispar_komot": 3, "komot": "ייעוד עפ תוכנית אחרת", "Shape__Area": 73.9888916015625, "Shape__Length": 39.94641700916042}}, {"type": "Feature", "id": 135, "geometry": {"type": "Polygon", "coordinates": [[[35.2107330926159, 31.7794475986292], [35.210742389028, 31.7794250755909], [35.2107831266185, 31.7793263742782], [35.210708044581, 31.7793009839893], [35.2106510236934, 31.7794240204536], [35.210674481837, 31.7794319536942], [35.2106814318498, 31.7794169575403], [35.2107150665585, 31.779428331695], [35.2107097896616, 31.7794397186004], [35.2107330926159, 31.7794475986292]]]}, "properties": {"OBJECTID": 135, "CateTitle": "building", "rel_height": 13.2789916992, "med_height": 799.5670166016, "PID": "59894", "PARID": "-1", "CID": "32654", "bldg_ch": null, "mispar_komot": 4, "komot": "ייעוד עפ תוכנית אחרת", "Shape__Area": 109.16934204101562, "Shape__Length": 47.91109535045709}}, {"type": "Feature", "id": 136, "geometry": {"type": "Polygon", "coordinates": [[[35.210784409134, 31.7793232673718], [35.2107831266185, 31.7793263742782], [35.210742389028, 31.7794250755909], [35.2107330926159, 31.7794475986292], [35.2107308189157, 31.7794531071867], [35.2107191738511, 31.7794813227607], [35.2107524134733, 31.7794888226166], [35.2107626909935, 31.7794555847561], [35.2107753801985, 31.7794584474652], [35.2107721323901, 31.7794689495654], [35.2108360419134, 31.7794833694873], [35.2108388746431, 31.7794705081908], [35.2108452408944, 31.7794416074745], [35.2108683375198, 31.7793367573747], [35.210784409134, 31.7793232673718]]]}, "properties": {"OBJECTID": 136, "CateTitle": "building", "rel_height": 11.4079589844, "med_height": 797.8109741211, "PID": "59895", "PARID": "-1", "CID": "32655", "bldg_ch": null, "mispar_komot": 4, "komot": "ייעוד עפ תוכנית אחרת", "Shape__Area": 157.57583618164062, "Shape__Length": 58.991796952873536}}, {"type": "Feature", "id": 137, "geometry": {"type": "Polygon", "coordinates": [[[35.2108683375198, 31.7793367573747], [35.2108452408944, 31.7794416074745], [35.2108388746431, 31.7794705081908], [35.2108435738207, 31.7794712636953], [35.2108407189277, 31.7794842223919], [35.2109055773079, 31.7794946479775], [35.2109153356257, 31.7794503472489], [35.2109286350047, 31.7794524848314], [35.2109511932813, 31.779350075126], [35.2108683375198, 31.7793367573747]]]}, "properties": {"OBJECTID": 137, "CateTitle": "building", "rel_height": 9.2520141602, "med_height": 797.549987793, "PID": "59896", "PARID": "-1", "CID": "32656", "bldg_ch": null, "mispar_komot": 3, "komot": "ייעוד עפ תוכנית אחרת", "Shape__Area": 125.12332153320312, "Shape__Length": 49.07839569252441}}, {"type": "Feature", "id": 138, "geometry": {"type": "Polygon", "coordinates": [[[35.2109776636917, 31.779614230174], [35.2109525876522, 31.7797498259499], [35.2110231535461, 31.7797593484381], [35.2110320806773, 31.7797110742349], [35.2110185627413, 31.7797092496134], [35.2110254235137, 31.7796721529336], [35.2110389414444, 31.7796739775543], [35.2110482294852, 31.7796237526486], [35.2109776636917, 31.779614230174]]]}, "properties": {"OBJECTID": 138, "CateTitle": "building", "rel_height": 7.9930419922, "med_height": 796.291015625, "PID": "59897", "PARID": "-1", "CID": "32657", "bldg_ch": null, "mispar_komot": 3, "komot": "ייעוד עפ תוכנית אחרת", "Shape__Area": 97.6058349609375, "Shape__Length": 46.57009217419669}}, {"type": "Feature", "id": 139, "geometry": {"type": "Polygon", "coordinates": [[[35.2105785614475, 31.7800247041248], [35.2105593810542, 31.7801278179275], [35.2105885158921, 31.7801318224892], [35.21058398882, 31.7801634719109], [35.2106449518994, 31.7801736885904], [35.2106683896727, 31.7800492514414], [35.2105785614475, 31.7800247041248]]]}, "properties": {"OBJECTID": 139, "CateTitle": "building", "rel_height": 7.7650146484, "med_height": 790.75, "PID": "59903", "PARID": "-1", "CID": "32663", "bldg_ch": null, "mispar_komot": 3, "komot": "ייעוד עפ תוכנית אחרת", "Shape__Area": 117.83473205566406, "Shape__Length": 46.7010379832544}}, {"type": "Feature", "id": 140, "geometry": {"type": "Polygon", "coordinates": [[[35.2103139246727, 31.7815673874054], [35.2103006556757, 31.7815494918971], [35.2102448992201, 31.7815796592381], [35.2102581682107, 31.7815975538502], [35.2102642840776, 31.781594244715], [35.2103518939834, 31.7817257740931], [35.2104093060778, 31.7816977160328], [35.2104229838409, 31.7817177741237], [35.2104595536356, 31.7817013534758], [35.2104432364423, 31.7816813406063], [35.2104563245266, 31.7816766035166], [35.210420246464, 31.7816238637889], [35.2104314098178, 31.7816182916884], [35.2104123492454, 31.7815904275206], [35.2104011858939, 31.7815959996194], [35.2103633287551, 31.7815406572469], [35.2103139246727, 31.7815673874054]]]}, "properties": {"OBJECTID": 140, "CateTitle": "building", "rel_height": 8.1669921875, "med_height": 794.4760131836, "PID": "59904", "PARID": "-1", "CID": "32664", "bldg_ch": null, "mispar_komot": 3, "komot": "3", "Shape__Area": 219.85183715820312, "Shape__Length": 70.66515738159278}}, {"type": "Feature", "id": 141, "geometry": {"type": "Polygon", "coordinates": [[[35.2107276200217, 31.7810009358033], [35.21067584193, 31.7810278339649], [35.210790699412, 31.7811949708832], [35.2108715936162, 31.7811552289855], [35.2107600903874, 31.780990862426], [35.2107452448597, 31.7809689781999], [35.2107157690008, 31.7809842911191], [35.2107276200217, 31.7810009358033]]]}, "properties": {"OBJECTID": 141, "CateTitle": "building", "rel_height": 13.3599853516, "med_height": 803.8239746094, "PID": "59906", "PARID": "-1", "CID": "32666", "bldg_ch": null, "mispar_komot": 4, "komot": "3", "Shape__Area": 199.23291015625, "Shape__Length": 65.3661563676622}}, {"type": "Feature", "id": 142, "geometry": {"type": "Polygon", "coordinates": [[[35.2105604439741, 31.7802834007452], [35.2105666908723, 31.7802674441732], [35.210529585663, 31.7802568448294], [35.2105331968018, 31.7802477928792], [35.2103868788232, 31.7802007219619], [35.2103661162228, 31.7802478143591], [35.2103652854649, 31.7802496974417], [35.2104680294594, 31.7802827504542], [35.2105109774336, 31.780296567303], [35.2105242919286, 31.78027011477], [35.2105604439741, 31.7802834007452]]]}, "properties": {"OBJECTID": 142, "CateTitle": "building", "rel_height": 8.2529907227, "med_height": 790.0230102539, "PID": "59907", "PARID": "-1", "CID": "32667", "bldg_ch": null, "mispar_komot": 3, "komot": "ייעוד עפ תוכנית אחרת", "Shape__Area": 92.42404174804688, "Shape__Length": 48.91080642387329}}, {"type": "Feature", "id": 143, "geometry": {"type": "Polygon", "coordinates": [[[35.210422799454, 31.781512175218], [35.2103920342199, 31.7815266286679], [35.2104879372932, 31.7816737990858], [35.2105218676351, 31.7816574245401], [35.2105163749269, 31.7816484992882], [35.2105528906839, 31.7816298240145], [35.2105446526758, 31.7816164365893], [35.2105864451474, 31.7815976699647], [35.2105049287699, 31.7814797970254], [35.210425865717, 31.7815169385948], [35.210422799454, 31.781512175218]]]}, "properties": {"OBJECTID": 143, "CateTitle": "building", "rel_height": 7.0930175781, "med_height": 795.2890014648, "PID": "59908", "PARID": "-1", "CID": "32668", "bldg_ch": null, "mispar_komot": 2, "komot": "3", "Shape__Area": 202.2953338623047, "Shape__Length": 61.32172151767605}}, {"type": "Feature", "id": 144, "geometry": {"type": "Polygon", "coordinates": [[[35.2112634817877, 31.7802677096775], [35.2112650648079, 31.7802594352027], [35.2112659681849, 31.7802547176248], [35.2112859226585, 31.7801504583381], [35.2112872534478, 31.7801435077789], [35.2112229552833, 31.7801345271077], [35.2111991835396, 31.7802587289945], [35.2112634817877, 31.7802677096775]]]}, "properties": {"OBJECTID": 144, "CateTitle": "building", "rel_height": 9.1939697266, "med_height": 797.6799926758, "PID": "59917", "PARID": "-1", "CID": "32677", "bldg_ch": null, "mispar_komot": 3, "komot": "ייעוד עפ תוכנית אחרת", "Shape__Area": 86.11709594726562, "Shape__Length": 40.25205923843373}}, {"type": "Feature", "id": 145, "geometry": {"type": "Polygon", "coordinates": [[[35.2127637160261, 31.7800108459319], [35.2127651785589, 31.7800143530946], [35.2129082272135, 31.7802624905143], [35.2131345520435, 31.7802457523382], [35.2129289585598, 31.7799467519518], [35.2127637160261, 31.7800108459319]]]}, "properties": {"OBJECTID": 145, "CateTitle": "building", "rel_height": 27.1480102539, "med_height": 832.0360107422, "PID": "59921", "PARID": "-1", "CID": "32681", "bldg_ch": null, "mispar_komot": 9, "komot": "ללא התיחסות בתשריט", "Shape__Area": 641.1782531738281, "Shape__Length": 108.2402201242693}}, {"type": "Feature", "id": 146, "geometry": {"type": "Polygon", "coordinates": [[[35.2112366814373, 31.781155752784], [35.211228495218, 31.7811438976265], [35.2112112031169, 31.7811188553407], [35.2112581543895, 31.7810952002413], [35.2112452188376, 31.7810764661002], [35.2112108011506, 31.7810939095474], [35.2112061548958, 31.7810961472629], [35.2111199812725, 31.7811395646533], [35.2111654832106, 31.7812054615409], [35.211212220226, 31.7811819137892], [35.21120513212, 31.7811716485165], [35.2112366814373, 31.781155752784]]]}, "properties": {"OBJECTID": 146, "CateTitle": "building", "rel_height": 7.2369995117, "med_height": 800.8540039062, "PID": "59928", "PARID": "-1", "CID": "32688", "bldg_ch": null, "mispar_komot": 2, "komot": "3", "Shape__Area": 80.87754821777344, "Shape__Length": 44.510551436250395}}, {"type": "Feature", "id": 147, "geometry": {"type": "Polygon", "coordinates": [[[35.2112112031169, 31.7811188553407], [35.211228495218, 31.7811438976265], [35.211248002917, 31.7811340692195], [35.211239740675, 31.7811221031405], [35.2112671842545, 31.7811082764436], [35.2112581543895, 31.7810952002413], [35.2112112031169, 31.7811188553407]]]}, "properties": {"OBJECTID": 147, "CateTitle": "building", "rel_height": 7.0350341797, "med_height": 800.7470092773, "PID": "59929", "PARID": "-1", "CID": "32689", "bldg_ch": null, "mispar_komot": 2, "komot": "3", "Shape__Area": 11.996124267578125, "Shape__Length": 16.77379787743672}}, {"type": "Feature", "id": 148, "geometry": {"type": "Polygon", "coordinates": [[[35.2107167962749, 31.7807520003501], [35.2107066218985, 31.7807362871825], [35.2106412973309, 31.7806353969749], [35.210548829693, 31.7806827544331], [35.2105667222646, 31.7807078382662], [35.2105980633241, 31.7807517717164], [35.2106362242162, 31.7808052670414], [35.2106622910692, 31.7807912836214], [35.2106547553274, 31.7807797765048], [35.2107167962749, 31.7807520003501]]]}, "properties": {"OBJECTID": 148, "CateTitle": "building", "rel_height": 12.1779785156, "med_height": 798.0650024414, "PID": "59930", "PARID": "-1", "CID": "32690", "bldg_ch": null, "mispar_komot": 4, "komot": "3", "Shape__Area": 148.20709228515625, "Shape__Length": 51.90761185900844}}, {"type": "Feature", "id": 149, "geometry": {"type": "Polygon", "coordinates": [[[35.2106412973309, 31.7806353969749], [35.2107066218985, 31.7807362871825], [35.2107167962749, 31.7807520003501], [35.2107281606225, 31.7807695523108], [35.2107618205665, 31.7807568121305], [35.2107508871785, 31.7807423877349], [35.2107899868748, 31.7807214134693], [35.2107814428458, 31.7807095240304], [35.2107435701859, 31.7806568214518], [35.2107148639871, 31.7806708510137], [35.210660155446, 31.7805906178511], [35.2106210007247, 31.7806093383798], [35.2106412973309, 31.7806353969749]]]}, "properties": {"OBJECTID": 149, "CateTitle": "building", "rel_height": 5.8179931641, "med_height": 792.3480224609, "PID": "59931", "PARID": "-1", "CID": "32691", "bldg_ch": null, "mispar_komot": 2, "komot": "ייעוד עפ תוכנית אחרת", "Shape__Area": 112.59002685546875, "Shape__Length": 56.318167582079724}}, {"type": "Feature", "id": 150, "geometry": {"type": "Polygon", "coordinates": [[[35.2132654155521, 31.7799094062606], [35.213321154073, 31.7799219677116], [35.2133235242018, 31.7799106512465], [35.2134190611329, 31.7799315410618], [35.2134828359813, 31.7797274733869], [35.2133925779799, 31.7797064921597], [35.2133876225588, 31.7797201085034], [35.2133106663724, 31.7797034064142], [35.2132837331881, 31.7797918229728], [35.2133208921551, 31.7798001975716], [35.2133085581485, 31.7798364930212], [35.2132899786575, 31.7798323061723], [35.2132850762181, 31.7798481771101], [35.2132664967258, 31.7798439902578], [35.2132568550669, 31.7798824941227], [35.2132727951942, 31.7798867271544], [35.2132654155521, 31.7799094062606]]]}, "properties": {"OBJECTID": 150, "CateTitle": "building", "rel_height": 10.9490356445, "med_height": 819.132019043, "PID": "59948", "PARID": "-1", "CID": "32701", "bldg_ch": null, "mispar_komot": 4, "komot": "5", "Shape__Area": 359.6957092285156, "Shape__Length": 89.4370010486378}}, {"type": "Feature", "id": 151, "geometry": {"type": "Polygon", "coordinates": [[[35.2101491598491, 31.7819705898511], [35.210195684752, 31.782039689466], [35.2102139416856, 31.7820303527789], [35.210238604865, 31.7820682605153], [35.2103273082803, 31.7820238732291], [35.2102835296391, 31.7819592358421], [35.2102730819948, 31.7819639276998], [35.2102212252805, 31.7818926648412], [35.2101351063321, 31.7819347522443], [35.2101569691234, 31.7819659441169], [35.2101491598491, 31.7819705898511]]]}, "properties": {"OBJECTID": 151, "CateTitle": "building", "rel_height": 7.3330078125, "med_height": 802.0520019531, "PID": "59960", "PARID": "-1", "CID": "32709", "bldg_ch": null, "mispar_komot": 2, "komot": "3", "Shape__Area": 181.31671142578125, "Shape__Length": 58.43311191196037}}, {"type": "Feature", "id": 152, "geometry": {"type": "Polygon", "coordinates": [[[35.211515179394, 31.7782485064571], [35.2113725762355, 31.7782464734911], [35.2113721916772, 31.7783411938798], [35.2115147409657, 31.7783409722466], [35.211515179394, 31.7782485064571]]]}, "properties": {"OBJECTID": 152, "CateTitle": "building", "rel_height": 11.5249633789, "med_height": 809.7609863281, "PID": "59966", "PARID": "-1", "CID": "32714", "bldg_ch": null, "mispar_komot": 4, "komot": "4", "Shape__Area": 140.15838623046875, "Shape__Length": 47.76796871250483}}, {"type": "Feature", "id": 153, "geometry": {"type": "Polygon", "coordinates": [[[35.2106859819771, 31.7804587214644], [35.2106674852954, 31.7804301908414], [35.2106269843807, 31.7803677160087], [35.210536058116, 31.7804106823213], [35.2105950070873, 31.780501709465], [35.2106859819771, 31.7804587214644]]]}, "properties": {"OBJECTID": 153, "CateTitle": "building", "rel_height": 5.0979614258, "med_height": 789.6489868164, "PID": "59973", "PARID": "-1", "CID": "32719", "bldg_ch": null, "mispar_komot": 2, "komot": "ייעוד עפ תוכנית אחרת", "Shape__Area": 113.56138610839844, "Shape__Length": 42.75993574978589}}, {"type": "Feature", "id": 154, "geometry": {"type": "Polygon", "coordinates": [[[35.2139792567735, 31.7798428698935], [35.2139951439064, 31.7798448491385], [35.2140047863112, 31.7798063443157], [35.2139888451086, 31.7798021113756], [35.2140009646508, 31.7797567983693], [35.2138710703619, 31.7797342521657], [35.2138613748919, 31.7797705023806], [35.2138534037689, 31.779768385451], [35.2138319109857, 31.7798634735386], [35.2139671372095, 31.779888182897], [35.2139792567735, 31.7798428698935]]]}, "properties": {"OBJECTID": 154, "CateTitle": "building", "rel_height": 9.0079956055, "med_height": 818.5739746094, "PID": "59981", "PARID": "-1", "CID": "32725", "bldg_ch": null, "mispar_komot": 3, "komot": "5", "Shape__Area": 200.754638671875, "Shape__Length": 59.08165316441015}}, {"type": "Feature", "id": 155, "geometry": {"type": "Polygon", "coordinates": [[[35.2119549790339, 31.7806425404231], [35.2119708662605, 31.7806445199204], [35.2119801335035, 31.7805902366723], [35.2119668856789, 31.780588211927], [35.2119737815542, 31.7805452451177], [35.2118759280217, 31.7805379252562], [35.2118690321017, 31.7805808920602], [35.2118478671587, 31.7805790039453], [35.2118411311848, 31.7806287336419], [35.2118596578006, 31.7806306670048], [35.2118550771124, 31.7806600627722], [35.211950399431, 31.7806719361939], [35.2119549790339, 31.7806425404231]]]}, "properties": {"OBJECTID": 155, "CateTitle": "building", "rel_height": 15.1300048828, "med_height": 810.5239868164, "PID": "60022", "PARID": "-1", "CID": "32751", "bldg_ch": null, "mispar_komot": 5, "komot": "3", "Shape__Area": 147.62840270996094, "Shape__Length": 52.83549119105255}}, {"type": "Feature", "id": 156, "geometry": {"type": "Polygon", "coordinates": [[[35.2123492519036, 31.7802556257973], [35.2123206361084, 31.7802607788975], [35.2123027550619, 31.7802639986798], [35.2123127670782, 31.7803045664631], [35.2124095076089, 31.7802871449593], [35.2123972882539, 31.7802376319635], [35.2123470446098, 31.7802466796746], [35.2123492519036, 31.7802556257973]]]}, "properties": {"OBJECTID": 156, "CateTitle": "building", "rel_height": 6.2769775391, "med_height": 806.0349731445, "PID": "60039", "PARID": "-1", "CID": "32767", "bldg_ch": null, "mispar_komot": 2, "komot": "5", "Shape__Area": 47.981109619140625, "Shape__Length": 29.950994048818423}}, {"type": "Feature", "id": 157, "geometry": {"type": "Polygon", "coordinates": [[[35.2123364030757, 31.7804003413826], [35.2123542841473, 31.7803971215957], [35.2124134446515, 31.7803864680437], [35.2124125205416, 31.7803827254628], [35.2124426334081, 31.780377302597], [35.2124199203604, 31.7802852702779], [35.2124095076089, 31.7802871449593], [35.2123127670782, 31.7803045664631], [35.2123364030757, 31.7804003413826]]]}, "properties": {"OBJECTID": 157, "CateTitle": "building", "rel_height": 11.3530273438, "med_height": 811.1110229492, "PID": "60040", "PARID": "-1", "CID": "32767", "bldg_ch": null, "mispar_komot": 4, "komot": "5", "Shape__Area": 111.34115600585938, "Shape__Length": 42.45186481014308}}, {"type": "Feature", "id": 158, "geometry": {"type": "Polygon", "coordinates": [[[35.2124134446515, 31.7803864680437], [35.2123542841473, 31.7803971215957], [35.2123646014203, 31.7804389257788], [35.21242376195, 31.7804282722221], [35.2124134446515, 31.7803864680437]]]}, "properties": {"OBJECTID": 158, "CateTitle": "building", "rel_height": 2.4060058594, "med_height": 802.1640014648, "PID": "60041", "PARID": "-1", "CID": "32767", "bldg_ch": null, "mispar_komot": 1, "komot": "5", "Shape__Area": 27.12957763671875, "Shape__Length": 20.928193184830523}}, {"type": "Feature", "id": 159, "geometry": {"type": "Polygon", "coordinates": [[[35.2105449071096, 31.780899263131], [35.2105756022522, 31.7809455332859], [35.2105217062334, 31.780971621635], [35.2105500457444, 31.7810143404604], [35.2106433922526, 31.7809691554949], [35.2106338271271, 31.780954739139], [35.2106852210295, 31.7809298611363], [35.2106619475438, 31.7808947788781], [35.210670243451, 31.7808907634743], [35.2106463332919, 31.7808547216859], [35.2106416384728, 31.7808569945551], [35.2106349147011, 31.7808468581955], [35.2105531306465, 31.7808864466749], [35.2105575674025, 31.7808931345107], [35.2105449071096, 31.780899263131]]]}, "properties": {"OBJECTID": 159, "CateTitle": "building", "rel_height": 10.9920043945, "med_height": 797.6049804688, "PID": "60043", "PARID": "-1", "CID": "32769", "bldg_ch": null, "mispar_komot": 4, "komot": "3", "Shape__Area": 145.7457275390625, "Shape__Length": 57.70993759528006}}, {"type": "Feature", "id": 160, "geometry": {"type": "Polygon", "coordinates": [[[35.2100388362289, 31.7805216254546], [35.2099955239513, 31.780507259242], [35.2099877546045, 31.7805243503681], [35.2100310668888, 31.7805387165832], [35.2100388362289, 31.7805216254546]]]}, "properties": {"OBJECTID": 160, "CateTitle": "building", "rel_height": 2.7030029297, "med_height": 784.5130004883, "PID": "60044", "PARID": "-1", "CID": "32770", "bldg_ch": null, "mispar_komot": 1, "komot": "3", "Shape__Area": 8.947036743164062, "Shape__Length": 12.867817049209219}}, {"type": "Feature", "id": 161, "geometry": {"type": "Polygon", "coordinates": [[[35.210035031458, 31.7804203507094], [35.2100007988717, 31.7804956550246], [35.2099955239513, 31.780507259242], [35.2100388362289, 31.7805216254546], [35.210069841299, 31.7805319104708], [35.2100705506729, 31.7805303484509], [35.2101249106522, 31.7805483792215], [35.210150323508, 31.7804924765732], [35.2101336453641, 31.7804869436318], [35.210144513962, 31.7804630335387], [35.2101470294885, 31.7804575006319], [35.210035031458, 31.7804203507094]]]}, "properties": {"OBJECTID": 161, "CateTitle": "building", "rel_height": 7.2340087891, "med_height": 789.0440063477, "PID": "60045", "PARID": "-1", "CID": "32770", "bldg_ch": null, "mispar_komot": 2, "komot": "3", "Shape__Area": 128.20291137695312, "Shape__Length": 46.82507924868384}}, {"type": "Feature", "id": 162, "geometry": {"type": "Polygon", "coordinates": [[[35.2100470073304, 31.7800979042172], [35.2101909684193, 31.7801431539148], [35.210201593227, 31.780121541717], [35.2102091353532, 31.780101885752], [35.2100652830144, 31.7800558577812], [35.2100470073304, 31.7800979042172]]]}, "properties": {"OBJECTID": 162, "CateTitle": "building", "rel_height": 8.3090209961, "med_height": 786.5809936523, "PID": "60047", "PARID": "-1", "CID": "32772", "bldg_ch": null, "mispar_komot": 3, "komot": "ייעוד עפ תוכנית אחרת", "Shape__Area": 71.93711853027344, "Shape__Length": 38.945862340561625}}, {"type": "Feature", "id": 163, "geometry": {"type": "Polygon", "coordinates": [[[35.2100290219216, 31.7801392823734], [35.2101308471895, 31.7801726747914], [35.2102445405097, 31.7802099589275], [35.2102578422287, 31.7802142375496], [35.2102754022547, 31.7801755964681], [35.2101909684193, 31.7801431539148], [35.2100470073304, 31.7800979042172], [35.2100290219216, 31.7801392823734]]]}, "properties": {"OBJECTID": 163, "CateTitle": "building", "rel_height": 13.1370239258, "med_height": 791.408996582, "PID": "60048", "PARID": "-1", "CID": "32772", "bldg_ch": null, "mispar_komot": 4, "komot": "ייעוד עפ תוכנית אחרת", "Shape__Area": 114.86894226074219, "Shape__Length": 56.00208520382456}}, {"type": "Feature", "id": 164, "geometry": {"type": "Polygon", "coordinates": [[[35.2098731534532, 31.7799751577598], [35.2099178873816, 31.7799864991793], [35.2099354615737, 31.7799359186718], [35.2098907276675, 31.7799245772584], [35.2098731534532, 31.7799751577598]]]}, "properties": {"OBJECTID": 164, "CateTitle": "building", "rel_height": 2.1469726562, "med_height": 779.7899780273, "PID": "60049", "PARID": "-1", "CID": "32773", "bldg_ch": null, "mispar_komot": 1, "komot": "3", "Shape__Area": 25.85791015625, "Shape__Length": 20.540498011794085}}, {"type": "Feature", "id": 165, "geometry": {"type": "Polygon", "coordinates": [[[35.2112284774184, 31.7808303763196], [35.2112813703266, 31.7808062131549], [35.2113450989947, 31.7807748139087], [35.2113353194559, 31.7807603308806], [35.2113769117143, 31.7807398387838], [35.2113503078248, 31.7807004397214], [35.2112960331964, 31.7807271813527], [35.2112956615351, 31.7807267286488], [35.2112853415652, 31.7807136633397], [35.2112755621251, 31.7807002976875], [35.2112663348291, 31.7806866488267], [35.2112576712917, 31.78067273299], [35.2112572624769, 31.7806695432014], [35.2112568873791, 31.7806654407481], [35.2112566812021, 31.7806613301692], [35.2112566418349, 31.7806572159738], [35.2112567713894, 31.7806531035731], [35.2112570677542, 31.7806489965744], [35.2112575330413, 31.7806449012905], [35.2112581651396, 31.7806408222308], [35.2112589629935, 31.7806367648063], [35.2112599266035, 31.7806327335261], [35.2112610538585, 31.7806287338017], [35.211274604586, 31.7806295393153], [35.2112785621941, 31.780580987603], [35.2112033073971, 31.7805765122094], [35.2112020405707, 31.7805920536987], [35.211158151437, 31.7805894434067], [35.2111577548258, 31.7805943025458], [35.2111437258436, 31.7805934681862], [35.2111411531418, 31.7806250300431], [35.2111549678087, 31.7806258517886], [35.2111496557483, 31.7806910262969], [35.211162963575, 31.7806906774792], [35.2112235123014, 31.7807890677723], [35.2112006938364, 31.7807993139055], [35.2112216859297, 31.7808334258076], [35.2112284774184, 31.7808303763196]]]}, "properties": {"OBJECTID": 165, "CateTitle": "building", "rel_height": 10.0610351562, "med_height": 799.3980102539, "PID": "60050", "PARID": "-1", "CID": "32774", "bldg_ch": null, "mispar_komot": 3, "komot": "3", "Shape__Area": 305.02867126464844, "Shape__Length": 96.6876368560793}}, {"type": "Feature", "id": 166, "geometry": {"type": "Polygon", "coordinates": [[[35.2112813703266, 31.7808062131549], [35.2112284774184, 31.7808303763196], [35.2112441858636, 31.7808559020761], [35.2112972633927, 31.7808297503363], [35.2112813703266, 31.7808062131549]]]}, "properties": {"OBJECTID": 166, "CateTitle": "building", "rel_height": 3.0010375977, "med_height": 792.3380126953, "PID": "60051", "PARID": "-1", "CID": "32774", "bldg_ch": null, "mispar_komot": 1, "komot": "3", "Shape__Area": 17.826492309570312, "Shape__Length": 17.69574479783853}}, {"type": "Feature", "id": 167, "geometry": {"type": "Polygon", "coordinates": [[[35.2098413566815, 31.7800352109024], [35.2097492576375, 31.7800084436678], [35.2095963917542, 31.7799640145096], [35.2095573797929, 31.7800619569147], [35.2097167335299, 31.7801082715969], [35.2097043418232, 31.7801393829172], [35.2097899532672, 31.7801642656118], [35.2098413566815, 31.7800352109024]]]}, "properties": {"OBJECTID": 167, "CateTitle": "building", "rel_height": 15.8859863281, "med_height": 790.5079956055, "PID": "60061", "PARID": "-1", "CID": "32778", "bldg_ch": null, "mispar_komot": 5, "komot": "3", "Shape__Area": 312.3748779296875, "Shape__Length": 79.24974607571934}}, {"type": "Feature", "id": 168, "geometry": {"type": "Polygon", "coordinates": [[[35.2097579263429, 31.7802446714847], [35.2096723148334, 31.7802197887688], [35.2095129609273, 31.7801734740319], [35.2095061438113, 31.7801905912445], [35.2097511082109, 31.7802617887102], [35.2097579263429, 31.7802446714847]]]}, "properties": {"OBJECTID": 168, "CateTitle": "building", "rel_height": 7.3469848633, "med_height": 781.9689941406, "PID": "60062", "PARID": "-1", "CID": "32778", "bldg_ch": null, "mispar_komot": 2, "komot": "3", "Shape__Area": 49.138275146484375, "Shape__Length": 53.0280067510817}}, {"type": "Feature", "id": 169, "geometry": {"type": "Polygon", "coordinates": [[[35.2094769435556, 31.7802639003475], [35.2096358816243, 31.7803100942993], [35.2096816177082, 31.7803233873433], [35.2096670957493, 31.7803598457615], [35.209707387237, 31.7803715562912], [35.2097384114262, 31.7802936666106], [35.2097511082109, 31.7802617887102], [35.2095061438113, 31.7801905912445], [35.2094769435556, 31.7802639003475]]]}, "properties": {"OBJECTID": 169, "CateTitle": "building", "rel_height": 15.6040039062, "med_height": 790.2260131836, "PID": "60063", "PARID": "-1", "CID": "32778", "bldg_ch": null, "mispar_komot": 5, "komot": "3", "Shape__Area": 227.6606903076172, "Shape__Length": 74.73171231813262}}, {"type": "Feature", "id": 170, "geometry": {"type": "Polygon", "coordinates": [[[35.2096670957493, 31.7803598457615], [35.2096816177082, 31.7803233873433], [35.2096358816243, 31.7803100942993], [35.2096232354625, 31.7803418450264], [35.2096671007297, 31.7803545934406], [35.2096652249188, 31.780359302029], [35.2096670957493, 31.7803598457615]]]}, "properties": {"OBJECTID": 170, "CateTitle": "building", "rel_height": 15.8759765625, "med_height": 790.4979858398, "PID": "60064", "PARID": "-1", "CID": "32778", "bldg_ch": null, "mispar_komot": 5, "komot": "3", "Shape__Area": 17.120223999023438, "Shape__Length": 17.692530361468606}}, {"type": "Feature", "id": 171, "geometry": {"type": "Polygon", "coordinates": [[[35.2097579263429, 31.7802446714847], [35.2097591381734, 31.7802416286227], [35.2097899532672, 31.7801642656118], [35.2097043418232, 31.7801393829172], [35.2096723148334, 31.7802197887688], [35.2097579263429, 31.7802446714847]]]}, "properties": {"OBJECTID": 171, "CateTitle": "building", "rel_height": 7.3510131836, "med_height": 781.9730224609, "PID": "60065", "PARID": "-1", "CID": "32778", "bldg_ch": null, "mispar_komot": 2, "komot": "3", "Shape__Area": 80.66796875, "Shape__Length": 35.96655349210343}}, {"type": "Feature", "id": 172, "geometry": {"type": "Polygon", "coordinates": [[[35.2097579263429, 31.7802446714847], [35.2097511082109, 31.7802617887102], [35.2097384114262, 31.7802936666106], [35.2097677693072, 31.7803021994933], [35.2097884970956, 31.7802501615006], [35.2097591381734, 31.7802416286227], [35.2097579263429, 31.7802446714847]]]}, "properties": {"OBJECTID": 172, "CateTitle": "building", "rel_height": 7.3919677734, "med_height": 782.0139770508, "PID": "60066", "PARID": "-1", "CID": "32778", "bldg_ch": null, "mispar_komot": 2, "komot": "3", "Shape__Area": 17.903335571289062, "Shape__Length": 18.06480143695857}}, {"type": "Feature", "id": 173, "geometry": {"type": "Polygon", "coordinates": [[[35.2097492576375, 31.7800084436678], [35.2098413566815, 31.7800352109024], [35.2098723194216, 31.7799574763043], [35.2097802204458, 31.7799307081899], [35.2097492576375, 31.7800084436678]]]}, "properties": {"OBJECTID": 173, "CateTitle": "building", "rel_height": 7.4199829102, "med_height": 782.0419921875, "PID": "60067", "PARID": "-1", "CID": "32778", "bldg_ch": null, "mispar_komot": 2, "komot": "3", "Shape__Area": 83.89826965332031, "Shape__Length": 36.639055621154576}}, {"type": "Feature", "id": 174, "geometry": {"type": "Polygon", "coordinates": [[[35.2113155982232, 31.7804396256626], [35.2112322875569, 31.7804275878873], [35.2112418618167, 31.780379237885], [35.2111744025036, 31.7803694907951], [35.2111429071344, 31.7805285438122], [35.2112029782865, 31.7805372235347], [35.2112183697487, 31.780459494859], [35.2113090687109, 31.7804726000215], [35.2113155982232, 31.7804396256626]]]}, "properties": {"OBJECTID": 174, "CateTitle": "building", "rel_height": 9.4240112305, "med_height": 798.3079833984, "PID": "60071", "PARID": "-1", "CID": "32781", "bldg_ch": null, "mispar_komot": 3, "komot": "ייעוד עפ תוכנית אחרת", "Shape__Area": 139.38938903808594, "Shape__Length": 64.74124330833983}}, {"type": "Feature", "id": 175, "geometry": {"type": "Polygon", "coordinates": [[[35.2112322875569, 31.7804275878873], [35.2113155982232, 31.7804396256626], [35.2113352165105, 31.7804424599814], [35.2113391909899, 31.7804223883964], [35.2113195727067, 31.7804195540783], [35.2113251724408, 31.7803912756542], [35.2112418618167, 31.780379237885], [35.2112322875569, 31.7804275878873]]]}, "properties": {"OBJECTID": 175, "CateTitle": "building", "rel_height": 11.0729980469, "med_height": 799.9569702148, "PID": "60072", "PARID": "-1", "CID": "32781", "bldg_ch": null, "mispar_komot": 4, "komot": "ייעוד עפ תוכנית אחרת", "Shape__Area": 47.77061462402344, "Shape__Length": 30.650411142120014}}, {"type": "Feature", "id": 176, "geometry": {"type": "Polygon", "coordinates": [[[35.2111325727326, 31.7801560146761], [35.2110617985093, 31.7801460242047], [35.2110544194167, 31.780184173359], [35.2110935576731, 31.7801896977848], [35.2110926184079, 31.7801946309034], [35.2111242385682, 31.7801990942487], [35.2111325727326, 31.7801560146761]]]}, "properties": {"OBJECTID": 176, "CateTitle": "building", "rel_height": 6.783996582, "med_height": 794.2230224609, "PID": "60074", "PARID": "-1", "CID": "32783", "bldg_ch": null, "mispar_komot": 2, "komot": "ייעוד עפ תוכנית אחרת", "Shape__Area": 30.814010620117188, "Shape__Length": 23.27096364767025}}, {"type": "Feature", "id": 177, "geometry": {"type": "Polygon", "coordinates": [[[35.2110617985093, 31.7801460242047], [35.2111325727326, 31.7801560146761], [35.2111379212843, 31.7801283666591], [35.2111001048677, 31.7801230279564], [35.2110987191811, 31.7801301949584], [35.2110657613923, 31.7801255422903], [35.2110617985093, 31.7801460242047]]]}, "properties": {"OBJECTID": 177, "CateTitle": "building", "rel_height": 4.9079589844, "med_height": 792.3469848633, "PID": "60075", "PARID": "-1", "CID": "32783", "bldg_ch": null, "mispar_komot": 2, "komot": "ייעוד עפ תוכנית אחרת", "Shape__Area": 18.564544677734375, "Shape__Length": 19.803897189866586}}, {"type": "Feature", "id": 178, "geometry": {"type": "Polygon", "coordinates": [[[35.2110935576731, 31.7801896977848], [35.2110544194167, 31.780184173359], [35.2109978811091, 31.7801761923093], [35.2109888060132, 31.7802231056365], [35.2109671469937, 31.7802200486151], [35.2109588591833, 31.7802628909899], [35.2109958385394, 31.7803290896014], [35.2110738403582, 31.7802917051318], [35.2110926184079, 31.7801946309034], [35.2110935576731, 31.7801896977848]]]}, "properties": {"OBJECTID": 178, "CateTitle": "building", "rel_height": 10.7719726562, "med_height": 798.2109985352, "PID": "60076", "PARID": "-1", "CID": "32783", "bldg_ch": null, "mispar_komot": 4, "komot": "ייעוד עפ תוכנית אחרת", "Shape__Area": 144.8133544921875, "Shape__Length": 49.42123555389436}}, {"type": "Feature", "id": 179, "geometry": {"type": "Polygon", "coordinates": [[[35.2107814428458, 31.7807095240304], [35.2107899868748, 31.7807214134693], [35.2108051215949, 31.7807424733941], [35.2108478561614, 31.7807200650009], [35.2108231035917, 31.7806856195455], [35.2107651621877, 31.7806049915852], [35.2107587645193, 31.7806083458511], [35.2107749709118, 31.7806308973708], [35.2107386329855, 31.7806499514754], [35.2107435701859, 31.7806568214518], [35.2107814428458, 31.7807095240304]]]}, "properties": {"OBJECTID": 179, "CateTitle": "building", "rel_height": 3.5419921875, "med_height": 790.2659912109, "PID": "60078", "PARID": "-1", "CID": "32785", "bldg_ch": null, "mispar_komot": 1, "komot": "3", "Shape__Area": 59.261962890625, "Shape__Length": 39.443448568064184}}, {"type": "Feature", "id": 180, "geometry": {"type": "Polygon", "coordinates": [[[35.2107651621877, 31.7806049915852], [35.2108231035917, 31.7806856195455], [35.2108759498218, 31.7806579087096], [35.2108180083893, 31.780577280773], [35.2107651621877, 31.7806049915852]]]}, "properties": {"OBJECTID": 180, "CateTitle": "building", "rel_height": 10.4440307617, "med_height": 797.1680297852, "PID": "60079", "PARID": "-1", "CID": "32785", "bldg_ch": null, "mispar_komot": 3, "komot": "3", "Shape__Area": 61.61457824707031, "Shape__Length": 32.72770526438664}}, {"type": "Feature", "id": 181, "geometry": {"type": "Polygon", "coordinates": [[[35.2099454188738, 31.7807035840516], [35.2099606991146, 31.780724980457], [35.2100047217053, 31.7807866247475], [35.2100610574251, 31.7807572682369], [35.2100017535063, 31.7806742284687], [35.2099454188738, 31.7807035840516]]]}, "properties": {"OBJECTID": 181, "CateTitle": "building", "rel_height": 10.5840454102, "med_height": 791.7440185547, "PID": "60080", "PARID": "-1", "CID": "32786", "bldg_ch": null, "mispar_komot": 4, "komot": "ייעוד עפ תוכנית אחרת", "Shape__Area": 67.41732788085938, "Shape__Length": 34.072873361835505}}, {"type": "Feature", "id": 182, "geometry": {"type": "Polygon", "coordinates": [[[35.2100017535063, 31.7806742284687], [35.2100610574251, 31.7807572682369], [35.2100688696662, 31.7807682081184], [35.2101040792117, 31.7807498603972], [35.2100369630294, 31.7806558807658], [35.2100017535063, 31.7806742284687]]]}, "properties": {"OBJECTID": 182, "CateTitle": "building", "rel_height": 8.4349975586, "med_height": 789.5949707031, "PID": "60081", "PARID": "-1", "CID": "32786", "bldg_ch": null, "mispar_komot": 3, "komot": "ייעוד עפ תוכנית אחרת", "Shape__Area": 47.68669128417969, "Shape__Length": 32.22688272139452}}, {"type": "Feature", "id": 183, "geometry": {"type": "Polygon", "coordinates": [[[35.2102458840917, 31.7805721922308], [35.2103137598946, 31.7806721103392], [35.210316689912, 31.780676571609], [35.2103632020804, 31.7806542768341], [35.2103536908705, 31.780639798227], [35.2103662318474, 31.7806337868704], [35.210346764916, 31.7806041541978], [35.2103588983783, 31.7805983376585], [35.2103187724806, 31.7805372542522], [35.2102458840917, 31.7805721922308]]]}, "properties": {"OBJECTID": 183, "CateTitle": "building", "rel_height": 10.4240112305, "med_height": 793.0800170898, "PID": "60083", "PARID": "-1", "CID": "32788", "bldg_ch": null, "mispar_komot": 3, "komot": "ייעוד עפ תוכנית אחרת", "Shape__Area": 94.69960021972656, "Shape__Length": 42.40055206481248}}, {"type": "Feature", "id": 184, "geometry": {"type": "Polygon", "coordinates": [[[35.2101509650646, 31.7806061003622], [35.2101579031116, 31.780616661505], [35.2102119071664, 31.7806988690447], [35.210220932586, 31.7806945425017], [35.2102253756482, 31.7807013052018], [35.2102957536264, 31.7806675704077], [35.2103023337573, 31.7806775877491], [35.2103137598946, 31.7806721103392], [35.2102458840917, 31.7805721922308], [35.2102400937574, 31.7805633779055], [35.2102283023476, 31.7805690293809], [35.2101509650646, 31.7806061003622]]]}, "properties": {"OBJECTID": 184, "CateTitle": "building", "rel_height": 6.3770141602, "med_height": 789.0330200195, "PID": "60084", "PARID": "-1", "CID": "32788", "bldg_ch": null, "mispar_komot": 2, "komot": "ייעוד עפ תוכנית אחרת", "Shape__Area": 124.19560241699219, "Shape__Length": 47.40510881905042}}, {"type": "Feature", "id": 185, "geometry": {"type": "Polygon", "coordinates": [[[35.2106674852954, 31.7804301908414], [35.2107193041801, 31.7804025459544], [35.2107023807391, 31.7803764132527], [35.2107431273893, 31.7803571587291], [35.2107137267732, 31.7803117597242], [35.2106819368815, 31.7803267814574], [35.2106781378756, 31.7803209151708], [35.2106157636993, 31.780350389491], [35.2106269843807, 31.7803677160087], [35.2106674852954, 31.7804301908414]]]}, "properties": {"OBJECTID": 185, "CateTitle": "building", "rel_height": 3.201965332, "med_height": 788.3189697266, "PID": "60085", "PARID": "-1", "CID": "32789", "bldg_ch": null, "mispar_komot": 1, "komot": "ייעוד עפ תוכנית אחרת", "Shape__Area": 83.6790771484375, "Shape__Length": 40.31253680372273}}, {"type": "Feature", "id": 186, "geometry": {"type": "Polygon", "coordinates": [[[35.2107193041801, 31.7804025459544], [35.2106674852954, 31.7804301908414], [35.2106859819771, 31.7804587214644], [35.2107070254268, 31.780491217352], [35.2108011420849, 31.7804467437813], [35.2107639417125, 31.7803893001958], [35.2107231950525, 31.780408554726], [35.2107193041801, 31.7804025459544]]]}, "properties": {"OBJECTID": 186, "CateTitle": "building", "rel_height": 9.0659790039, "med_height": 794.1829833984, "PID": "60086", "PARID": "-1", "CID": "32789", "bldg_ch": null, "mispar_komot": 3, "komot": "ייעוד עפ תוכנית אחרת", "Shape__Area": 77.67485046386719, "Shape__Length": 36.159974982624206}}, {"type": "Feature", "id": 187, "geometry": {"type": "Polygon", "coordinates": [[[35.2105949931703, 31.7811627045963], [35.2106748540785, 31.7811265404757], [35.2106313930409, 31.7810565083725], [35.2105842989449, 31.7810778337934], [35.2105929233547, 31.7810917316402], [35.2105601565823, 31.7811065694133], [35.2105949931703, 31.7811627045963]]]}, "properties": {"OBJECTID": 187, "CateTitle": "building", "rel_height": 8.6180419922, "med_height": 795.1840209961, "PID": "60099", "PARID": "-1", "CID": "32798", "bldg_ch": null, "mispar_komot": 3, "komot": "3", "Shape__Area": 69.12103271484375, "Shape__Length": 34.701167301430814}}, {"type": "Feature", "id": 188, "geometry": {"type": "Polygon", "coordinates": [[[35.2107314661878, 31.7812177624589], [35.2107252480998, 31.7812077433187], [35.2106748540785, 31.7811265404757], [35.2105949931703, 31.7811627045963], [35.2106453871415, 31.7812439065686], [35.2106849697642, 31.7812259823384], [35.2106911867933, 31.7812360014805], [35.2107314661878, 31.7812177624589]]]}, "properties": {"OBJECTID": 188, "CateTitle": "building", "rel_height": 14.2529907227, "med_height": 800.8189697266, "PID": "60100", "PARID": "-1", "CID": "32798", "bldg_ch": null, "mispar_komot": 5, "komot": "3", "Shape__Area": 92.67926025390625, "Shape__Length": 40.01981405713236}}, {"type": "Feature", "id": 189, "geometry": {"type": "Polygon", "coordinates": [[[35.2104647857441, 31.7809380461292], [35.2105449071096, 31.780899263131], [35.2105575674025, 31.7808931345107], [35.2105531306465, 31.7808864466749], [35.2105495179449, 31.7808881955189], [35.2105450019996, 31.7808813877418], [35.2104602788926, 31.7809249353841], [35.2104475995858, 31.7809310730139], [35.2104639697413, 31.7809557483991], [35.2104734765839, 31.780951146754], [35.2104647857441, 31.7809380461292]]]}, "properties": {"OBJECTID": 189, "CateTitle": "building", "rel_height": 2.8379516602, "med_height": 787.2169799805, "PID": "60102", "PARID": "-1", "CID": "32800", "bldg_ch": null, "mispar_komot": 1, "komot": "3", "Shape__Area": 19.057693481445312, "Shape__Length": 28.80998557913801}}, {"type": "Feature", "id": 190, "geometry": {"type": "Polygon", "coordinates": [[[35.2098172296954, 31.7812841964196], [35.2098585914297, 31.7813554030849], [35.2099335141755, 31.7813236478393], [35.2099291745277, 31.7813161762785], [35.2100137213385, 31.781280342443], [35.2099767002209, 31.7812166073867], [35.2098172296954, 31.7812841964196]]]}, "properties": {"OBJECTID": 190, "CateTitle": "building", "rel_height": 7.7120361328, "med_height": 788.450012207, "PID": "60103", "PARID": "-1", "CID": "32801", "bldg_ch": null, "mispar_komot": 3, "komot": "3", "Shape__Area": 140.3551483154297, "Shape__Length": 51.35195275970409}}, {"type": "Feature", "id": 191, "geometry": {"type": "Polygon", "coordinates": [[[35.2098585914297, 31.7813554030849], [35.2098172296954, 31.7812841964196], [35.2098115740941, 31.781286593753], [35.2098317497161, 31.7813213263828], [35.2098252389628, 31.7813240862933], [35.2098405934773, 31.7813505203897], [35.209847104232, 31.7813477604784], [35.209852935825, 31.7813577995183], [35.2098585914297, 31.7813554030849]]]}, "properties": {"OBJECTID": 191, "CateTitle": "building", "rel_height": 3.0590209961, "med_height": 783.7969970703, "PID": "60104", "PARID": "-1", "CID": "32801", "bldg_ch": null, "mispar_komot": 1, "komot": "3", "Shape__Area": 7.5234375, "Shape__Length": 20.201227491624536}}, {"type": "Feature", "id": 192, "geometry": {"type": "Polygon", "coordinates": [[[35.2104259731016, 31.7819672212794], [35.2103373961054, 31.781840847825], [35.210375989666, 31.7818211101372], [35.2103504889136, 31.7817776651641], [35.2102983545527, 31.7818056318667], [35.2103276687374, 31.7818490306785], [35.2103230023659, 31.7818512999269], [35.2103155785157, 31.7818401634435], [35.2102849029268, 31.7818550849179], [35.2102923278302, 31.781866221403], [35.2102866616707, 31.7818689776904], [35.2103085244974, 31.7819001695372], [35.2102980758052, 31.7819048613971], [35.2103281237153, 31.781947186082], [35.2103385724108, 31.7819424942197], [35.2103741120096, 31.7819937441526], [35.2104259731016, 31.7819672212794]]]}, "properties": {"OBJECTID": 192, "CateTitle": "building", "rel_height": 10.3649902344, "med_height": 802.791015625, "PID": "60106", "PARID": "-1", "CID": "32803", "bldg_ch": null, "mispar_komot": 3, "komot": "3", "Shape__Area": 133.15774536132812, "Shape__Length": 68.76697970741094}}, {"type": "Feature", "id": 193, "geometry": {"type": "Polygon", "coordinates": [[[35.210375989666, 31.7818211101372], [35.2103373961054, 31.781840847825], [35.2104259731016, 31.7819672212794], [35.2104654007294, 31.7819470569548], [35.2103780053574, 31.7818245451532], [35.210375989666, 31.7818211101372]]]}, "properties": {"OBJECTID": 193, "CateTitle": "building", "rel_height": 10.8969726562, "med_height": 803.3229980469, "PID": "60107", "PARID": "-1", "CID": "32803", "bldg_ch": null, "mispar_komot": 4, "komot": "3", "Shape__Area": 70.0577392578125, "Shape__Length": 41.27973548366686}}, {"type": "Feature", "id": 194, "geometry": {"type": "Polygon", "coordinates": [[[35.2110291926822, 31.7815651741699], [35.2109972843166, 31.7815229291064], [35.2109782484012, 31.7815322325788], [35.2110083494497, 31.7815768117044], [35.2110291926822, 31.7815651741699]]]}, "properties": {"OBJECTID": 194, "CateTitle": "building", "rel_height": 1.574, "med_height": 799.8270263672, "PID": "60108", "PARID": "-1", "CID": "32804", "bldg_ch": null, "mispar_komot": 1, "komot": "3", "Shape__Area": 12.500900268554688, "Shape__Length": 15.71694289242822}}, {"type": "Feature", "id": 195, "geometry": {"type": "Polygon", "coordinates": [[[35.2109972843166, 31.7815229291064], [35.2110291926822, 31.7815651741699], [35.2110730246071, 31.7816320659033], [35.2111591428501, 31.781589977864], [35.2110632928065, 31.7814450616466], [35.2109823454836, 31.7814825490655], [35.2110069548262, 31.7815182029594], [35.2109972843166, 31.7815229291064]]]}, "properties": {"OBJECTID": 195, "CateTitle": "building", "rel_height": 8.666956543, "med_height": 806.9199829102, "PID": "60109", "PARID": "-1", "CID": "32804", "bldg_ch": null, "mispar_komot": 3, "komot": "3", "Shape__Area": 171.72222900390625, "Shape__Length": 56.294859950798674}}, {"type": "Feature", "id": 196, "geometry": {"type": "Polygon", "coordinates": [[[35.2113744685655, 31.7793198860311], [35.2114642340433, 31.779330733829], [35.2114719980586, 31.7793316722138], [35.211494389767, 31.7792129905034], [35.2115012788624, 31.7791764754809], [35.2114095157156, 31.7791610094916], [35.2113744685655, 31.7793198860311]]]}, "properties": {"OBJECTID": 196, "CateTitle": "building", "rel_height": 10.583984375, "med_height": 804.0789794922, "PID": "60126", "PARID": "-1", "CID": "32807", "bldg_ch": null, "mispar_komot": 4, "komot": "ייעוד עפ תוכנית אחרת", "Shape__Area": 160.70802307128906, "Shape__Length": 53.5472501264563}}, {"type": "Feature", "id": 197, "geometry": {"type": "Polygon", "coordinates": [[[35.2108528583199, 31.7813114512852], [35.2109383408323, 31.7812699045297], [35.2109591110175, 31.7813010864038], [35.2109758506778, 31.7812929500345], [35.2109708045415, 31.7812840897111], [35.2109870100795, 31.7812773557302], [35.2109779145746, 31.7812613837014], [35.2109836419377, 31.7812590034474], [35.2109533276707, 31.7812134539442], [35.2109170718012, 31.7812310606395], [35.2109248176991, 31.781242419827], [35.2108375912082, 31.7812858190426], [35.210839243651, 31.7812882422048], [35.2108378152422, 31.7812888663508], [35.2108528583199, 31.7813114512852]]]}, "properties": {"OBJECTID": 197, "CateTitle": "building", "rel_height": 2.9840087891, "med_height": 795.674987793, "PID": "60144", "PARID": "-1", "CID": "32812", "bldg_ch": null, "mispar_komot": 1, "komot": "3", "Shape__Area": 63.404388427734375, "Shape__Length": 44.61337780250906}}, {"type": "Feature", "id": 198, "geometry": {"type": "Polygon", "coordinates": [[[35.2109758506778, 31.7812929500345], [35.2109591110175, 31.7813010864038], [35.2109383408323, 31.7812699045297], [35.2108528583199, 31.7813114512852], [35.2109254256717, 31.7814203953406], [35.2109619952605, 31.7814039745477], [35.2109702333098, 31.7814173619463], [35.2110015780613, 31.7814032870994], [35.2109905396355, 31.781383182939], [35.2110192460126, 31.7813691533164], [35.2109758506778, 31.7812929500345]]]}, "properties": {"OBJECTID": 198, "CateTitle": "building", "rel_height": 12.9730224609, "med_height": 805.6640014648, "PID": "60145", "PARID": "-1", "CID": "32812", "bldg_ch": null, "mispar_komot": 4, "komot": "3", "Shape__Area": 149.2870330810547, "Shape__Length": 52.952300391702046}}, {"type": "Feature", "id": 199, "geometry": {"type": "Polygon", "coordinates": [[[35.2117192767829, 31.7792401682609], [35.2117036687021, 31.7793344070263], [35.2116995669722, 31.7793591736172], [35.2117616970854, 31.7793666823701], [35.2117646559757, 31.779348817632], [35.2117814057624, 31.7792476761026], [35.2117192767829, 31.7792401682609]]]}, "properties": {"OBJECTID": 199, "CateTitle": "building", "rel_height": 12.3919677734, "med_height": 808.8129882812, "PID": "60157", "PARID": "-1", "CID": "32814", "bldg_ch": null, "mispar_komot": 4, "komot": "ייעוד עפ תוכנית אחרת", "Shape__Area": 79.21102905273438, "Shape__Length": 38.54156597051639}}, {"type": "Feature", "id": 200, "geometry": {"type": "Polygon", "coordinates": [[[35.2114135266743, 31.7798059716132], [35.2114167338719, 31.7797897635524], [35.211437659251, 31.779684000812], [35.2113142029336, 31.7796661772898], [35.2112881093526, 31.7797980585035], [35.2112847153351, 31.7798152162096], [35.2113074342602, 31.7798184967762], [35.2113108293293, 31.7798013381676], [35.2113219443817, 31.7798029428396], [35.211329711767, 31.7797636843821], [35.211386805196, 31.7797719267884], [35.2113840106349, 31.7797860488679], [35.2113587494428, 31.7797824023068], [35.2113537755797, 31.7798075386873], [35.2113801115434, 31.7798113412089], [35.2113820723806, 31.7798014298702], [35.2114135266743, 31.7798059716132]]]}, "properties": {"OBJECTID": 200, "CateTitle": "building", "rel_height": 6.4400024414, "med_height": 797.1560058594, "PID": "60161", "PARID": "-1", "CID": "32817", "bldg_ch": null, "mispar_komot": 2, "komot": "ייעוד עפ תוכנית אחרת", "Shape__Area": 159.3782196044922, "Shape__Length": 70.92333209942791}}, {"type": "Feature", "id": 201, "geometry": {"type": "Polygon", "coordinates": [[[35.2108232709412, 31.7808458685164], [35.2107443492479, 31.7808870541338], [35.2107882482834, 31.7809549163496], [35.2108736186733, 31.780914620494], [35.2108706896727, 31.7809100915991], [35.2108872952094, 31.7809022537571], [35.210870916464, 31.780876993132], [35.2108499001033, 31.7808869369938], [35.2108232709412, 31.7808458685164]]]}, "properties": {"OBJECTID": 201, "CateTitle": "building", "rel_height": 5.7459716797, "med_height": 795.4979858398, "PID": "60171", "PARID": "-1", "CID": "32821", "bldg_ch": null, "mispar_komot": 2, "komot": "3", "Shape__Area": 84.50865173339844, "Shape__Length": 39.64967662888499}}, {"type": "Feature", "id": 202, "geometry": {"type": "Polygon", "coordinates": [[[35.2109823429163, 31.7804495482712], [35.2110481514823, 31.7805387991247], [35.2110497566635, 31.7805300547929], [35.2110624492998, 31.7804609298378], [35.2110630846169, 31.7804574676379], [35.2110631255397, 31.7804539630825], [35.2110625699621, 31.7804504910247], [35.2110614295027, 31.7804471245129], [35.2110597295049, 31.7804439347912], [35.2110575048136, 31.7804409903976], [35.2110548039981, 31.7804383526547], [35.2110516830176, 31.7804360783757], [35.211048208388, 31.7804342144526], [35.2110444529597, 31.7804328023663], [35.2110404980278, 31.7804318700696], [35.2110364269985, 31.7804314392023], [35.2110323253888, 31.7804315169746], [35.2110282808262, 31.7804321033821], [35.2110243777704, 31.7804331848926], [35.2109879804429, 31.7804465060702], [35.2109823429163, 31.7804495482712]]]}, "properties": {"OBJECTID": 202, "CateTitle": "building", "rel_height": 14.1840209961, "med_height": 801.3980102539, "PID": "60175", "PARID": "-1", "CID": "32825", "bldg_ch": null, "mispar_komot": 5, "komot": "3", "Shape__Area": 48.0440673828125, "Shape__Length": 30.64722157808287}}, {"type": "Feature", "id": 203, "geometry": {"type": "Polygon", "coordinates": [[[35.2108413075048, 31.7805256401932], [35.210925367557, 31.7806393255578], [35.2109331450202, 31.7806498451306], [35.2110372170322, 31.7805983247928], [35.2110411640323, 31.780576849053], [35.2110481514823, 31.7805387991247], [35.2109823429163, 31.7804495482712], [35.2108413075048, 31.7805256401932]]]}, "properties": {"OBJECTID": 203, "CateTitle": "building", "rel_height": 16.8560180664, "med_height": 804.0700073242, "PID": "60176", "PARID": "-1", "CID": "32825", "bldg_ch": null, "mispar_komot": 6, "komot": "3", "Shape__Area": 250.54058837890625, "Shape__Length": 61.86007170431925}}, {"type": "Feature", "id": 204, "geometry": {"type": "Polygon", "coordinates": [[[35.2107753323447, 31.7803289763973], [35.2108237835311, 31.7803049389994], [35.2108191060585, 31.7802980581904], [35.2108131285769, 31.7803010237446], [35.2107904792737, 31.7802677135921], [35.2107480066372, 31.7802887854265], [35.2107753323447, 31.7803289763973]]]}, "properties": {"OBJECTID": 204, "CateTitle": "building", "rel_height": 1.991, "med_height": 786.4119873047, "PID": "60182", "PARID": "-1", "CID": "32830", "bldg_ch": null, "mispar_komot": 1, "komot": "ייעוד עפ תוכנית אחרת", "Shape__Area": 24.554306030273438, "Shape__Length": 20.92143451742695}}, {"type": "Feature", "id": 205, "geometry": {"type": "Polygon", "coordinates": [[[35.2108304651773, 31.7803016234948], [35.2108514201424, 31.7802912269143], [35.2108433575716, 31.7802793681169], [35.2108402643156, 31.7802809023048], [35.2108241075049, 31.7802571396175], [35.2108062458004, 31.7802660020065], [35.2108304651773, 31.7803016234948]]]}, "properties": {"OBJECTID": 205, "CateTitle": "building", "rel_height": 2.5040004883, "med_height": 786.924987793, "PID": "60183", "PARID": "-1", "CID": "32830", "bldg_ch": null, "mispar_komot": 1, "komot": "ייעוד עפ תוכנית אחרת", "Shape__Area": 9.45220947265625, "Shape__Length": 13.726091982353427}}, {"type": "Feature", "id": 206, "geometry": {"type": "Polygon", "coordinates": [[[35.2108237835311, 31.7803049389994], [35.2107753323447, 31.7803289763973], [35.2107642208944, 31.7803344890049], [35.2108225013791, 31.7804202060394], [35.2109063624954, 31.7803786007619], [35.2109155685851, 31.7803921396259], [35.21093685928, 31.7803815770756], [35.2109276531882, 31.7803680373113], [35.21096439749, 31.7803498083152], [35.2109061158629, 31.7802640913448], [35.2108970578003, 31.7802685856807], [35.2108889941698, 31.7802567268862], [35.2108433575716, 31.7802793681169], [35.2108514201424, 31.7802912269143], [35.2108304651773, 31.7803016234948], [35.2108237835311, 31.7803049389994]]]}, "properties": {"OBJECTID": 206, "CateTitle": "building", "rel_height": 9.1629970703, "med_height": 793.583984375, "PID": "60184", "PARID": "-1", "CID": "32830", "bldg_ch": null, "mispar_komot": 3, "komot": "ייעוד עפ תוכנית אחרת", "Shape__Area": 182.48622131347656, "Shape__Length": 59.581645904695726}}, {"type": "Feature", "id": 207, "geometry": {"type": "Polygon", "coordinates": [[[35.2113069006567, 31.7792168724301], [35.2113102969916, 31.7792028269747], [35.211326853318, 31.7791343574073], [35.211275524577, 31.7791253002992], [35.2112768438503, 31.7791198467957], [35.2112276160758, 31.7791111611131], [35.2112028537703, 31.7792135691856], [35.21125386477, 31.7792225695239], [35.211257356101, 31.7792081308622], [35.2113069006567, 31.7792168724301]]]}, "properties": {"OBJECTID": 207, "CateTitle": "building", "rel_height": 6.5859985352, "med_height": 800.6259765625, "PID": "60185", "PARID": "-1", "CID": "32831", "bldg_ch": null, "mispar_komot": 2, "komot": "ייעוד עפ תוכנית אחרת", "Shape__Area": 101.87141418457031, "Shape__Length": 42.641687103344374}}, {"type": "Feature", "id": 208, "geometry": {"type": "Polygon", "coordinates": [[[35.211257356101, 31.7792081308622], [35.21125386477, 31.7792225695239], [35.2112528716191, 31.7792266765611], [35.2113024161843, 31.7792354181307], [35.2113069006567, 31.7792168724301], [35.211257356101, 31.7792081308622]]]}, "properties": {"OBJECTID": 208, "CateTitle": "building", "rel_height": 2.123046875, "med_height": 796.1630249023, "PID": "60186", "PARID": "-1", "CID": "32831", "bldg_ch": null, "mispar_komot": 1, "komot": "ייעוד עפ תוכנית אחרת", "Shape__Area": 10.062255859375, "Shape__Length": 13.783516372500639}}, {"type": "Feature", "id": 209, "geometry": {"type": "Polygon", "coordinates": [[[35.2112091008533, 31.7808855041757], [35.2110965801901, 31.7809487021302], [35.2110622090835, 31.7809676416888], [35.2111026347009, 31.7810323790994], [35.2112179410536, 31.7809758428882], [35.211201140975, 31.7809508411567], [35.2112401510538, 31.7809317137282], [35.2112091008533, 31.7808855041757]]]}, "properties": {"OBJECTID": 209, "CateTitle": "building", "rel_height": 7.9229736328, "med_height": 798.9619750977, "PID": "60187", "PARID": "-1", "CID": "32832", "bldg_ch": null, "mispar_komot": 3, "komot": "3", "Shape__Area": 130.26084899902344, "Shape__Length": 50.72296097931111}}, {"type": "Feature", "id": 210, "geometry": {"type": "Polygon", "coordinates": [[[35.2111931370172, 31.7789149692611], [35.211196259891, 31.7789149149837], [35.2111943484018, 31.778834639514], [35.2111433816246, 31.7788355242281], [35.2111444310666, 31.7788796088655], [35.2111526932712, 31.7788794650342], [35.2111535521013, 31.7789155314133], [35.2111931338408, 31.7789148439054], [35.2111931370172, 31.7789149692611]]]}, "properties": {"OBJECTID": 210, "CateTitle": "building", "rel_height": 12.5550097656, "med_height": 807.033996582, "PID": "60190", "PARID": "-1", "CID": "32834", "bldg_ch": null, "mispar_komot": 4, "komot": "4", "Shape__Area": 39.79585266113281, "Shape__Length": 27.46354288819334}}, {"type": "Feature", "id": 211, "geometry": {"type": "Polygon", "coordinates": [[[35.2111433816246, 31.7788355242281], [35.2111943484018, 31.778834639514], [35.211196259891, 31.7789149149837], [35.2111931370172, 31.7789149692611], [35.2111943686303, 31.7789666897754], [35.211232322442, 31.7789660302993], [35.2112264958769, 31.7787947439536], [35.2111424454938, 31.7787962040103], [35.2111433816246, 31.7788355242281]]]}, "properties": {"OBJECTID": 211, "CateTitle": "building", "rel_height": 9.2689990234, "med_height": 803.7479858398, "PID": "60191", "PARID": "-1", "CID": "32834", "bldg_ch": null, "mispar_komot": 3, "komot": "4", "Shape__Area": 83.88035583496094, "Shape__Length": 54.6843134514383}}, {"type": "Feature", "id": 212, "geometry": {"type": "Polygon", "coordinates": [[[35.2112264958769, 31.7787947439536], [35.211232322442, 31.7789660302993], [35.2112418673769, 31.7789658647491], [35.2112406336166, 31.7789140188795], [35.2112351497522, 31.7787945937831], [35.2112264958769, 31.7787947439536]]]}, "properties": {"OBJECTID": 212, "CateTitle": "building", "rel_height": 9.6640185547, "med_height": 804.1430053711, "PID": "60192", "PARID": "-1", "CID": "32834", "bldg_ch": null, "mispar_komot": 3, "komot": "4", "Shape__Area": 17.099014282226562, "Shape__Length": 39.72776646041044}}, {"type": "Feature", "id": 213, "geometry": {"type": "Polygon", "coordinates": [[[35.210169832518, 31.7797235075915], [35.2102428021625, 31.7797483671088], [35.2102549648589, 31.7797223177775], [35.2102811078751, 31.7797312240528], [35.2103042741814, 31.7796816063995], [35.2102051615825, 31.7796478406316], [35.210169832518, 31.7797235075915]]]}, "properties": {"OBJECTID": 213, "CateTitle": "building", "rel_height": 7.5449829102, "med_height": 786.2760009766, "PID": "60203", "PARID": "-1", "CID": "32842", "bldg_ch": null, "mispar_komot": 3, "komot": "ייעוד עפ תוכנית אחרת", "Shape__Area": 83.00604248046875, "Shape__Length": 38.279923032401925}}, {"type": "Feature", "id": 214, "geometry": {"type": "Polygon", "coordinates": [[[35.2102428021625, 31.7797483671088], [35.2102776669172, 31.779760245451], [35.2102885111541, 31.7797370171357], [35.2102797904794, 31.7797340459738], [35.2102811078751, 31.7797312240528], [35.2102549648589, 31.7797223177775], [35.2102428021625, 31.7797483671088]]]}, "properties": {"OBJECTID": 214, "CateTitle": "building", "rel_height": 7.3519897461, "med_height": 786.0830078125, "PID": "60204", "PARID": "-1", "CID": "32842", "bldg_ch": null, "mispar_komot": 2, "komot": "ייעוד עפ תוכנית אחרת", "Shape__Area": 10.756515502929688, "Shape__Length": 13.330071697619628}}, {"type": "Feature", "id": 215, "geometry": {"type": "Polygon", "coordinates": [[[35.2101656480871, 31.7797324711778], [35.2101338415289, 31.7798005958718], [35.2101249649035, 31.7798196070772], [35.2102269662512, 31.7798543575844], [35.210235842859, 31.779835346372], [35.210289559529, 31.7798536467543], [35.2102981479435, 31.77983525241], [35.2103736790166, 31.7798609847149], [35.2104344817643, 31.779730755121], [35.2103588768761, 31.7797049976036], [35.2103429161479, 31.7797391817271], [35.2103243071115, 31.7797328426546], [35.2103177127492, 31.7797469657897], [35.2102885111541, 31.7797370171357], [35.2102776669172, 31.779760245451], [35.2102428021625, 31.7797483671088], [35.210169832518, 31.7797235075915], [35.2101656480871, 31.7797324711778]]]}, "properties": {"OBJECTID": 215, "CateTitle": "building", "rel_height": 9.8079833984, "med_height": 788.5390014648, "PID": "60205", "PARID": "-1", "CID": "32842", "bldg_ch": null, "mispar_komot": 3, "komot": "ייעוד עפ תוכנית אחרת", "Shape__Area": 306.2645721435547, "Shape__Length": 87.18702810843975}}, {"type": "Feature", "id": 216, "geometry": {"type": "Polygon", "coordinates": [[[35.2118780151753, 31.7796068962377], [35.2118801341333, 31.779594705028], [35.2118886817187, 31.7795455406689], [35.2118018847306, 31.7795345306664], [35.2117880433612, 31.7795941584855], [35.2118780151753, 31.7796068962377]]]}, "properties": {"OBJECTID": 216, "CateTitle": "building", "rel_height": 12.3270263672, "med_height": 808.2940063477, "PID": "60222", "PARID": "-1", "CID": "32851", "bldg_ch": null, "mispar_komot": 4, "komot": "ייעוד עפ תוכנית אחרת", "Shape__Area": 57.682159423828125, "Shape__Length": 30.568381317408882}}, {"type": "Feature", "id": 217, "geometry": {"type": "Polygon", "coordinates": [[[35.2118018847306, 31.7795345306664], [35.2117216936351, 31.7795243580348], [35.2117114448707, 31.7795833146691], [35.2117880433612, 31.7795941584855], [35.2118018847306, 31.7795345306664]]]}, "properties": {"OBJECTID": 217, "CateTitle": "building", "rel_height": 11.9550170898, "med_height": 807.9219970703, "PID": "60223", "PARID": "-1", "CID": "32851", "bldg_ch": null, "mispar_komot": 4, "komot": "ייעוד עפ תוכנית אחרת", "Shape__Area": 50.149078369140625, "Shape__Length": 28.382885007503905}}, {"type": "Feature", "id": 218, "geometry": {"type": "Polygon", "coordinates": [[[35.2117216936351, 31.7795243580348], [35.2118018847306, 31.7795345306664], [35.211815677535, 31.7794751174862], [35.2117320975111, 31.7794645157824], [35.2117216936351, 31.7795243580348]]]}, "properties": {"OBJECTID": 218, "CateTitle": "building", "rel_height": 12.2050170898, "med_height": 808.1719970703, "PID": "60224", "PARID": "-1", "CID": "32851", "bldg_ch": null, "mispar_komot": 4, "komot": "ייעוד עפ תוכנית אחרת", "Shape__Area": 52.602020263671875, "Shape__Length": 29.10708158381341}}, {"type": "Feature", "id": 219, "geometry": {"type": "Polygon", "coordinates": [[[35.2118018847306, 31.7795345306664], [35.2118886817187, 31.7795455406689], [35.2118990844338, 31.7794856984031], [35.211815677535, 31.7794751174862], [35.2118018847306, 31.7795345306664]]]}, "properties": {"OBJECTID": 219, "CateTitle": "building", "rel_height": 12.6920166016, "med_height": 808.658996582, "PID": "60225", "PARID": "-1", "CID": "32851", "bldg_ch": null, "mispar_komot": 4, "komot": "ייעוד עפ תוכנית אחרת", "Shape__Area": 54.66813659667969, "Shape__Length": 29.723065948490234}}, {"type": "Feature", "id": 220, "geometry": {"type": "Polygon", "coordinates": [[[35.2118780151753, 31.7796068962377], [35.2117880433612, 31.7795941584855], [35.2117114448707, 31.7795833146691], [35.2117082758975, 31.7796015410556], [35.2118752630611, 31.7796227246089], [35.2118780151753, 31.7796068962377]]]}, "properties": {"OBJECTID": 220, "CateTitle": "building", "rel_height": 6.8550415039, "med_height": 802.8220214844, "PID": "60226", "PARID": "-1", "CID": "32851", "bldg_ch": null, "mispar_komot": 2, "komot": "ייעוד עפ תוכנית אחרת", "Shape__Area": 30.52252197265625, "Shape__Length": 35.80067392046897}}, {"type": "Feature", "id": 221, "geometry": {"type": "Polygon", "coordinates": [[[35.2118990844338, 31.7794856984031], [35.2118886817187, 31.7795455406689], [35.2118801341333, 31.779594705028], [35.2118780151753, 31.7796068962377], [35.2118752630611, 31.7796227246089], [35.2118738521801, 31.7796308394561], [35.2119150003713, 31.7796360586895], [35.2119168766164, 31.779625265347], [35.2119212823089, 31.7795999251613], [35.2119402325621, 31.7794909176285], [35.2118990844338, 31.7794856984031]]]}, "properties": {"OBJECTID": 221, "CateTitle": "building", "rel_height": 11.9810180664, "med_height": 807.9479980469, "PID": "60227", "PARID": "-1", "CID": "32851", "bldg_ch": null, "mispar_komot": 4, "komot": "ייעוד עפ תוכנית אחרת", "Shape__Area": 64.10931396484375, "Shape__Length": 40.42126032420643}}, {"type": "Feature", "id": 222, "geometry": {"type": "Polygon", "coordinates": [[[35.2113733351079, 31.7805192343058], [35.2113552251295, 31.7805257907782], [35.211346270951, 31.7805077418269], [35.211309891577, 31.7805209115862], [35.2113489393981, 31.7805996176093], [35.2113699083082, 31.7805920265698], [35.2113530104494, 31.7805579658719], [35.2113865298609, 31.7805458315707], [35.2113733351079, 31.7805192343058]]]}, "properties": {"OBJECTID": 222, "CateTitle": "building", "rel_height": 1.5620117188, "med_height": 793.3430175781, "PID": "60237", "PARID": "-1", "CID": "32859", "bldg_ch": null, "mispar_komot": 1, "komot": "ללא התיחסות ", "Shape__Area": 34.93798828125, "Shape__Length": 30.168249101985083}}, {"type": "Feature", "id": 223, "geometry": {"type": "Polygon", "coordinates": [[[35.2094777340131, 31.7813185624519], [35.2094548328651, 31.7813286134772], [35.2094779520455, 31.781367050807], [35.2095009630103, 31.781357181945], [35.2096708286694, 31.7812843252269], [35.2096157449839, 31.7811883121328], [35.2094432400439, 31.7812612148772], [35.2094777340131, 31.7813185624519]]]}, "properties": {"OBJECTID": 223, "CateTitle": "building", "rel_height": 10.4359741211, "med_height": 791.3289794922, "PID": "60247", "PARID": "-1", "CID": "32865", "bldg_ch": null, "mispar_komot": 3, "komot": "3", "Shape__Area": 227.46836853027344, "Shape__Length": 64.9078230752144}}, {"type": "Feature", "id": 224, "geometry": {"type": "Polygon", "coordinates": [[[35.2104531884006, 31.7792912601066], [35.2105481260573, 31.779321416718], [35.210556499973, 31.779301781432], [35.2105255924319, 31.7792921629881], [35.2105310233926, 31.7792794296342], [35.2104923053104, 31.7792673801954], [35.2104895233828, 31.7792667219848], [35.2104866760154, 31.7792663126854], [35.2104837948809, 31.7792661577067], [35.210480910596, 31.7792662579491], [35.2104780537771, 31.779266613411], [35.2104752560962, 31.7792672186801], [35.2104725460579, 31.7792680683437], [35.2104699532226, 31.7792691533822], [35.2104675071501, 31.7792704611683], [35.2104652310661, 31.7792719790753], [35.2104631524186, 31.7792736899667], [35.2104612912657, 31.779275574903], [35.2104596687209, 31.7792776149446], [35.2104583027304, 31.7792797866426], [35.2104572070173, 31.7792820683524], [35.2104531884006, 31.7792912601066]]]}, "properties": {"OBJECTID": 224, "CateTitle": "building", "rel_height": 4.2470092773, "med_height": 787.5319824219, "PID": "60292", "PARID": "-1", "CID": "32872", "bldg_ch": null, "mispar_komot": 1, "komot": "3", "Shape__Area": 30.131881713867188, "Shape__Length": 25.62248587405199}}, {"type": "Feature", "id": 225, "geometry": {"type": "Polygon", "coordinates": [[[35.2105521296254, 31.779387888513], [35.2105705041827, 31.7793458636392], [35.2105772324733, 31.779330474299], [35.2105481260573, 31.779321416718], [35.2104531884006, 31.7792912601066], [35.2104469277091, 31.7792892628269], [35.2104239148557, 31.7793418980616], [35.2104675422947, 31.779355816803], [35.2104586584752, 31.779376133899], [35.2105451975985, 31.7794037432116], [35.2105521296254, 31.779387888513]]]}, "properties": {"OBJECTID": 225, "CateTitle": "building", "rel_height": 7.3080444336, "med_height": 790.5930175781, "PID": "60293", "PARID": "-1", "CID": "32872", "bldg_ch": null, "mispar_komot": 2, "komot": "ייעוד עפ תוכנית אחרת", "Shape__Area": 103.18022155761719, "Shape__Length": 43.63008546978129}}, {"type": "Feature", "id": 226, "geometry": {"type": "Polygon", "coordinates": [[[35.211510591464, 31.7794919488354], [35.2115010865429, 31.7795466216673], [35.2115444739368, 31.7795521258772], [35.2115481663588, 31.7795308882185], [35.2115892426959, 31.7795360985429], [35.2116045019772, 31.7794483296209], [35.2115200372781, 31.779437614196], [35.2115184638556, 31.7794466606503], [35.2115055371801, 31.7794450200229], [35.2114976637267, 31.7794903091092], [35.211510591464, 31.7794919488354]]]}, "properties": {"OBJECTID": 226, "CateTitle": "building", "rel_height": 8.6550292969, "med_height": 803.0460205078, "PID": "60326", "PARID": "-1", "CID": "32883", "bldg_ch": null, "mispar_komot": 3, "komot": "ייעוד עפ תוכנית אחרת", "Shape__Area": 95.75575256347656, "Shape__Length": 43.09170704281268}}, {"type": "Feature", "id": 227, "geometry": {"type": "Polygon", "coordinates": [[[35.2109295727584, 31.7810608682349], [35.2109340781666, 31.7810224820566], [35.2109456107395, 31.7810141457499], [35.2109313933368, 31.7809921668199], [35.2109255625503, 31.7809949195372], [35.2108996655344, 31.7810071426089], [35.2108531733533, 31.7810290876632], [35.210886792502, 31.7810810599323], [35.2108941037482, 31.7810972674396], [35.2109282576552, 31.7810962511195], [35.2109295727584, 31.7810608682349]]]}, "properties": {"OBJECTID": 227, "CateTitle": "building", "rel_height": 7.2439575195, "med_height": 799.3319702148, "PID": "60328", "PARID": "-1", "CID": "32885", "bldg_ch": null, "mispar_komot": 2, "komot": "3", "Shape__Area": 57.074981689453125, "Shape__Length": 32.6303426407128}}, {"type": "Feature", "id": 228, "geometry": {"type": "Polygon", "coordinates": [[[35.2114167338719, 31.7797897635524], [35.2114135266743, 31.7798059716132], [35.2114093084534, 31.7798272922655], [35.2114449879151, 31.7798324434121], [35.2114524133195, 31.7797949137951], [35.2114167338719, 31.7797897635524]]]}, "properties": {"OBJECTID": 228, "CateTitle": "building", "rel_height": 3.158996582, "med_height": 795.0219726562, "PID": "60336", "PARID": "-1", "CID": "32891", "bldg_ch": null, "mispar_komot": 1, "komot": "ייעוד עפ תוכנית אחרת", "Shape__Area": 14.465347290039062, "Shape__Length": 15.295740091473021}}, {"type": "Feature", "id": 229, "geometry": {"type": "Polygon", "coordinates": [[[35.2114167338719, 31.7797897635524], [35.2114524133195, 31.7797949137951], [35.2114635473772, 31.7797965211592], [35.2114650934556, 31.7797887102297], [35.2114842491865, 31.7797914760115], [35.2115036294716, 31.7796935241902], [35.211437659251, 31.779684000812], [35.2114167338719, 31.7797897635524]]]}, "properties": {"OBJECTID": 229, "CateTitle": "building", "rel_height": 8.2280273438, "med_height": 800.091003418, "PID": "60337", "PARID": "-1", "CID": "32891", "bldg_ch": null, "mispar_komot": 3, "komot": "ייעוד עפ תוכנית אחרת", "Shape__Area": 73.75701904296875, "Shape__Length": 36.46193762707968}}, {"type": "Feature", "id": 230, "geometry": {"type": "Polygon", "coordinates": [[[35.2100325430286, 31.7820540180289], [35.2101005120482, 31.7821450765423], [35.2101918010542, 31.7820983895417], [35.2100984834611, 31.7819489191013], [35.2099941603835, 31.7820025976785], [35.209998193769, 31.7820080004276], [35.2099898682026, 31.7820125343465], [35.2100242174597, 31.78205855195], [35.2100325430286, 31.7820540180289]]]}, "properties": {"OBJECTID": 230, "CateTitle": "building", "rel_height": 7.7269897461, "med_height": 801.8959960938, "PID": "60338", "PARID": "-1", "CID": "32892", "bldg_ch": null, "mispar_komot": 3, "komot": "3", "Shape__Area": 208.22535705566406, "Shape__Length": 61.00404409515758}}, {"type": "Feature", "id": 231, "geometry": {"type": "Polygon", "coordinates": [[[35.210657096321, 31.7796741303951], [35.2106969674987, 31.7796865846524], [35.2106908651842, 31.779700841255], [35.2107415147463, 31.7797166615364], [35.2107839912457, 31.779617434368], [35.2107526021424, 31.7796076293227], [35.2107567938446, 31.7795978369248], [35.2107153073693, 31.7795848777354], [35.2107111156634, 31.7795946710338], [35.2106934695284, 31.7795891589553], [35.2106983843082, 31.7795776782774], [35.2106250210128, 31.7795547625069], [35.2106201062252, 31.7795662431821], [35.2106025371722, 31.7795607554369], [35.2106067299437, 31.779550962142], [35.2105634212537, 31.7795374348322], [35.210559229534, 31.7795472281257], [35.2105423404031, 31.7795419522719], [35.2104959073446, 31.7796504216161], [35.2105351608651, 31.7796626820579], [35.2105434303161, 31.7796433624232], [35.2105859144962, 31.779656632755], [35.2105816436047, 31.7796666109302], [35.2106206553719, 31.7796787965047], [35.2106267154726, 31.7796646409136], [35.210657096321, 31.7796741303951]]]}, "properties": {"OBJECTID": 231, "CateTitle": "building", "rel_height": 16.1389770508, "med_height": 798.7769775391, "PID": "60374", "PARID": "-1", "CID": "32904", "bldg_ch": null, "mispar_komot": 5, "komot": "ייעוד עפ תוכנית אחרת", "Shape__Area": 292.68394470214844, "Shape__Length": 87.413821309135}}, {"type": "Feature", "id": 232, "geometry": {"type": "Polygon", "coordinates": [[[35.2107415147463, 31.7797166615364], [35.2106908651842, 31.779700841255], [35.2106969674987, 31.7796865846524], [35.210657096321, 31.7796741303951], [35.2106470376786, 31.7796976283538], [35.2107375584315, 31.7797259028971], [35.2107415147463, 31.7797166615364]]]}, "properties": {"OBJECTID": 232, "CateTitle": "building", "rel_height": 5.9450073242, "med_height": 788.5830078125, "PID": "60375", "PARID": "-1", "CID": "32904", "bldg_ch": null, "mispar_komot": 2, "komot": "ייעוד עפ תוכנית אחרת", "Shape__Area": 16.729202270507812, "Shape__Length": 23.80719507557223}}, {"type": "Feature", "id": 233, "geometry": {"type": "Polygon", "coordinates": [[[35.2112215284464, 31.7793091525018], [35.2112277744936, 31.7792840647555], [35.2111823262305, 31.7792758072271], [35.2111717845528, 31.7793181456133], [35.2111927202386, 31.7793219493633], [35.2111970158538, 31.7793046987205], [35.2112215284464, 31.7793091525018]]]}, "properties": {"OBJECTID": 233, "CateTitle": "building", "rel_height": 3.7099609375, "med_height": 796.0629882812, "PID": "60449", "PARID": "-1", "CID": "32920", "bldg_ch": null, "mispar_komot": 1, "komot": "ייעוד עפ תוכנית אחרת", "Shape__Area": 16.482009887695312, "Shape__Length": 18.401660407843288}}, {"type": "Feature", "id": 234, "geometry": {"type": "Polygon", "coordinates": [[[35.2109311891994, 31.7787976192053], [35.2109105199805, 31.7787979782964], [35.2109114765265, 31.7789490528461], [35.2109272914924, 31.7789487778754], [35.2109276663334, 31.7789645393309], [35.2109897469465, 31.7789634611336], [35.2109893720949, 31.7789476996783], [35.2109968646724, 31.7789475694246], [35.2109964347596, 31.7789295362347], [35.2110034058007, 31.7789294150261], [35.2110028790187, 31.778796373667], [35.2109889876318, 31.7787966151793], [35.2109886487837, 31.7787823688145], [35.2109308493044, 31.7787833728405], [35.2109311891994, 31.7787976192053]]]}, "properties": {"OBJECTID": 234, "CateTitle": "building", "rel_height": 14.158996582, "med_height": 806.25, "PID": "60456", "PARID": "-1", "CID": "32922", "bldg_ch": null, "mispar_komot": 5, "komot": "4", "Shape__Area": 163.92750549316406, "Shape__Length": 57.66079724267697}}, {"type": "Feature", "id": 235, "geometry": {"type": "Polygon", "coordinates": [[[35.2114842491865, 31.7797914760115], [35.211483513613, 31.7797951952442], [35.2114827590431, 31.7797990073676], [35.2114994031202, 31.7798014098452], [35.211534281254, 31.7798064455759], [35.2115298847082, 31.7798286644756], [35.2115456398405, 31.7798309389356], [35.2115709056814, 31.779703237749], [35.2115036294716, 31.7796935241902], [35.2114842491865, 31.7797914760115]]]}, "properties": {"OBJECTID": 235, "CateTitle": "building", "rel_height": 9.3670043945, "med_height": 801.5180053711, "PID": "60491", "PARID": "-1", "CID": "32928", "bldg_ch": null, "mispar_komot": 3, "komot": "ייעוד עפ תוכנית אחרת", "Shape__Area": 80.444580078125, "Shape__Length": 41.647441696411775}}, {"type": "Feature", "id": 236, "geometry": {"type": "Polygon", "coordinates": [[[35.2115298847082, 31.7798286644756], [35.211534281254, 31.7798064455759], [35.2114994031202, 31.7798014098452], [35.2114950065663, 31.7798236296456], [35.2115298847082, 31.7798286644756]]]}, "properties": {"OBJECTID": 236, "CateTitle": "building", "rel_height": 2.7860107422, "med_height": 794.9370117188, "PID": "60492", "PARID": "-1", "CID": "32928", "bldg_ch": null, "mispar_komot": 1, "komot": "ייעוד עפ תוכנית אחרת", "Shape__Area": 8.371932983398438, "Shape__Length": 11.698417594657464}}, {"type": "Feature", "id": 237, "geometry": {"type": "Polygon", "coordinates": [[[35.2104218121174, 31.7817856277627], [35.2105070953824, 31.7817389868117], [35.2104943415371, 31.7817210453055], [35.2104083308522, 31.7817676402885], [35.2104218121174, 31.7817856277627]]]}, "properties": {"OBJECTID": 237, "CateTitle": "building", "rel_height": 5.200012207, "med_height": 796.866027832, "PID": "60493", "PARID": "-1", "CID": "32929", "bldg_ch": null, "mispar_komot": 2, "komot": "3", "Shape__Area": 22.582015991210938, "Shape__Length": 23.93422140166443}}, {"type": "Feature", "id": 238, "geometry": {"type": "Polygon", "coordinates": [[[35.2105070953824, 31.7817389868117], [35.2104218121174, 31.7817856277627], [35.2105201216133, 31.7819167903664], [35.2106036009407, 31.7818747488255], [35.2105070953824, 31.7817389868117]]]}, "properties": {"OBJECTID": 238, "CateTitle": "building", "rel_height": 12.6950073242, "med_height": 804.3610229492, "PID": "60494", "PARID": "-1", "CID": "32929", "bldg_ch": null, "mispar_komot": 4, "komot": "3", "Shape__Area": 163.64102172851562, "Shape__Length": 53.65149909452643}}, {"type": "Feature", "id": 239, "geometry": {"type": "Polygon", "coordinates": [[[35.2106512280609, 31.7816574326735], [35.2105470125616, 31.7817156200017], [35.2106400087769, 31.7818515661335], [35.2107470776811, 31.7818023491962], [35.2106512280609, 31.7816574326735]]]}, "properties": {"OBJECTID": 239, "CateTitle": "building", "rel_height": 12.214050293, "med_height": 808.6710205078, "PID": "60518", "PARID": "-1", "CID": "32940", "bldg_ch": null, "mispar_komot": 4, "komot": "3", "Shape__Area": 209.06829833984375, "Shape__Length": 59.22449609803592}}, {"type": "Feature", "id": 240, "geometry": {"type": "Polygon", "coordinates": [[[35.2127719933725, 31.7805870305628], [35.2127734125735, 31.7805899271818], [35.2127741359013, 31.7805914034475], [35.212733925457, 31.7806057823322], [35.2126998648064, 31.7806202753367], [35.2127853809407, 31.7807800425357], [35.2128774801503, 31.7807444543042], [35.2127871862413, 31.7805809087686], [35.2127719933725, 31.7805870305628]]]}, "properties": {"OBJECTID": 240, "CateTitle": "building", "rel_height": 3.4219970703, "med_height": 805.8430175781, "PID": "60544", "PARID": "-1", "CID": "32947", "bldg_ch": null, "mispar_komot": 1, "komot": "7", "Shape__Area": 185.7068328857422, "Shape__Length": 58.95429011294033}}, {"type": "Feature", "id": 241, "geometry": {"type": "Polygon", "coordinates": [[[35.2128774801503, 31.7807444543042], [35.2127853809407, 31.7807800425357], [35.2127663177321, 31.7807874091244], [35.2128600041334, 31.7809643197229], [35.213000982494, 31.7809098435979], [35.2129072958792, 31.7807329331017], [35.2128774801503, 31.7807444543042]]]}, "properties": {"OBJECTID": 241, "CateTitle": "building", "rel_height": 20.6510009766, "med_height": 823.0720214844, "PID": "60546", "PARID": "-1", "CID": "32947", "bldg_ch": null, "mispar_komot": 7, "komot": "7", "Shape__Area": 315.54798889160156, "Shape__Length": 72.37260863727822}}, {"type": "Feature", "id": 242, "geometry": {"type": "Polygon", "coordinates": [[[35.212662280746, 31.7808800548074], [35.2127244112473, 31.7809973766226], [35.212732912639, 31.7810134297319], [35.2128311490351, 31.7809754701937], [35.2127374616217, 31.7807985595744], [35.2126392253743, 31.7808365190413], [35.212662280746, 31.7808800548074]]]}, "properties": {"OBJECTID": 242, "CateTitle": "building", "rel_height": 20.0369873047, "med_height": 822.4580078125, "PID": "60548", "PARID": "-1", "CID": "32947", "bldg_ch": null, "mispar_komot": 7, "komot": "7", "Shape__Area": 219.87957763671875, "Shape__Length": 63.48582677814217}}, {"type": "Feature", "id": 243, "geometry": {"type": "Polygon", "coordinates": [[[35.2127374616217, 31.7807985595744], [35.2128311490351, 31.7809754701937], [35.2128600041334, 31.7809643197229], [35.2127663177321, 31.7807874091244], [35.2127374616217, 31.7807985595744]]]}, "properties": {"OBJECTID": 243, "CateTitle": "building", "rel_height": 17.8419799805, "med_height": 820.2630004883, "PID": "60549", "PARID": "-1", "CID": "32947", "bldg_ch": null, "mispar_komot": 6, "komot": "7", "Shape__Area": 64.58697509765625, "Shape__Length": 49.0603656088191}}, {"type": "Feature", "id": 244, "geometry": {"type": "Polygon", "coordinates": [[[35.212954787563, 31.7807145819664], [35.2129530857384, 31.7807152395227], [35.2129072958792, 31.7807329331017], [35.213000982494, 31.7809098435979], [35.2130484742497, 31.7808914924282], [35.212954787563, 31.7807145819664]]]}, "properties": {"OBJECTID": 244, "CateTitle": "building", "rel_height": 18.5639648438, "med_height": 820.9849853516, "PID": "60550", "PARID": "-1", "CID": "32947", "bldg_ch": null, "mispar_komot": 6, "komot": "7", "Shape__Area": 106.29914855957031, "Shape__Length": 52.93505817130926}}, {"type": "Feature", "id": 245, "geometry": {"type": "Polygon", "coordinates": [[[35.2130734308465, 31.780828992266], [35.2130242892005, 31.7807361961982], [35.2130029802275, 31.7806959593119], [35.212954787563, 31.7807145819664], [35.2130484742497, 31.7808914924282], [35.2130966680428, 31.7808728697387], [35.2130734308465, 31.780828992266]]]}, "properties": {"OBJECTID": 245, "CateTitle": "building", "rel_height": 19.6159667969, "med_height": 822.0369873047, "PID": "60551", "PARID": "-1", "CID": "32947", "bldg_ch": null, "mispar_komot": 7, "komot": "7", "Shape__Area": 107.86970520019531, "Shape__Length": 53.080998120698396}}, {"type": "Feature", "id": 246, "geometry": {"type": "Polygon", "coordinates": [[[35.2121570596941, 31.7811464254348], [35.2121727319354, 31.781139387415], [35.2121699855172, 31.7811349252753], [35.2121736626181, 31.7811333973324], [35.2121956486483, 31.7809919341597], [35.2121058008822, 31.7809894595743], [35.2120859163922, 31.7811521717743], [35.212130830871, 31.7811536462666], [35.2121311529505, 31.7811671711515], [35.2121671389948, 31.7811706049714], [35.2121570596941, 31.7811464254348]]]}, "properties": {"OBJECTID": 246, "CateTitle": "building", "rel_height": 8.7600097656, "med_height": 809.3699951172, "PID": "60591", "PARID": "-1", "CID": "32952", "bldg_ch": null, "mispar_komot": 3, "komot": "5", "Shape__Area": 152.93260192871094, "Shape__Length": 57.135106938410864}}, {"type": "Feature", "id": 247, "geometry": {"type": "Polygon", "coordinates": [[[35.2121058008822, 31.7809894595743], [35.2121956486483, 31.7809919341597], [35.2123065716145, 31.7809949899622], [35.2123079755801, 31.7809430988634], [35.2122683919293, 31.7809437867178], [35.2122681768449, 31.7809347701279], [35.2122206230673, 31.7809333418402], [35.2122206771011, 31.7809355955367], [35.2121784010731, 31.7809340749209], [35.2121806643568, 31.7809182501837], [35.2121093072179, 31.7809149799463], [35.2121058008822, 31.7809894595743]]]}, "properties": {"OBJECTID": 247, "CateTitle": "building", "rel_height": 9.7360229492, "med_height": 810.3460083008, "PID": "60592", "PARID": "-1", "CID": "32952", "bldg_ch": null, "mispar_komot": 3, "komot": "5", "Shape__Area": 131.12762451171875, "Shape__Length": 55.09846598099793}}, {"type": "Feature", "id": 248, "geometry": {"type": "Polygon", "coordinates": [[[35.2123052886039, 31.7810787025013], [35.2121736626181, 31.7811333973324], [35.2121699855172, 31.7811349252753], [35.2121727319354, 31.781139387415], [35.2121570596941, 31.7811464254348], [35.2121671389948, 31.7811706049714], [35.2121682593866, 31.7811732914863], [35.2121984679009, 31.7812223786279], [35.2122638503356, 31.7811964358604], [35.2125097583764, 31.7811019580172], [35.2124597892377, 31.7810069432602], [35.2124370594857, 31.7810165673388], [35.2124294239551, 31.781001489045], [35.2123728906808, 31.7810223855451], [35.2123788398626, 31.781034130745], [35.2122971094321, 31.7810643402949], [35.2123052886039, 31.7810787025013]]]}, "properties": {"OBJECTID": 248, "CateTitle": "building", "rel_height": 11.3610229492, "med_height": 811.9710083008, "PID": "60593", "PARID": "-1", "CID": "32952", "bldg_ch": null, "mispar_komot": 4, "komot": "5", "Shape__Area": 365.7999267578125, "Shape__Length": 91.4010509105307}}, {"type": "Feature", "id": 249, "geometry": {"type": "Polygon", "coordinates": [[[35.2124354955447, 31.7793178276334], [35.2124319126487, 31.7792846996352], [35.2124176507028, 31.7792858251308], [35.2124212335938, 31.7793189540313], [35.2124354955447, 31.7793178276334]]]}, "properties": {"OBJECTID": 249, "CateTitle": "building", "rel_height": 7.3209838867, "med_height": 810.2739868164, "PID": "60595", "PARID": "-1", "CID": "32953", "bldg_ch": null, "mispar_komot": 2, "komot": "5", "Shape__Area": 5.0047454833984375, "Shape__Length": 10.091431961079778}}, {"type": "Feature", "id": 250, "geometry": {"type": "Polygon", "coordinates": [[[35.2124319126487, 31.7792846996352], [35.2124354955447, 31.7793178276334], [35.2124392654588, 31.7793526736265], [35.2124835281167, 31.7793470532536], [35.2125588183424, 31.7793208211079], [35.2125532680878, 31.7792703986357], [35.2125485278323, 31.7792707795164], [35.2125476857329, 31.7792631292538], [35.2124314181652, 31.7792801309402], [35.2124319126487, 31.7792846996352]]]}, "properties": {"OBJECTID": 250, "CateTitle": "building", "rel_height": 15.3759765625, "med_height": 818.3289794922, "PID": "60597", "PARID": "-1", "CID": "32953", "bldg_ch": null, "mispar_komot": 5, "komot": "5", "Shape__Area": 88.02586364746094, "Shape__Length": 38.11039324827202}}, {"type": "Feature", "id": 251, "geometry": {"type": "Polygon", "coordinates": [[[35.2111026287896, 31.7792702200401], [35.211108340766, 31.7792465969174], [35.2111115830395, 31.7792331872734], [35.2110726678501, 31.7792263209013], [35.211081930293, 31.7791880156227], [35.2111069126515, 31.7791924234075], [35.2111168041109, 31.7791515162818], [35.2110212951808, 31.779134664081], [35.211015937814, 31.7791568207884], [35.21099620018, 31.7792384438304], [35.210988162, 31.7792716870059], [35.2110446661152, 31.779281657524], [35.2110496899662, 31.779260879748], [35.2111026287896, 31.7792702200401]]]}, "properties": {"OBJECTID": 251, "CateTitle": "building", "rel_height": 16.3179931641, "med_height": 807.3259887695, "PID": "60601", "PARID": "-1", "CID": "32956", "bldg_ch": null, "mispar_komot": 5, "komot": "ייעוד עפ תוכנית אחרת", "Shape__Area": 129.61221313476562, "Shape__Length": 57.03184183360733}}, {"type": "Feature", "id": 252, "geometry": {"type": "Polygon", "coordinates": [[[35.2119084505263, 31.7807973333176], [35.2119587906944, 31.7808025862627], [35.2119725845893, 31.7807166526472], [35.2118507613344, 31.7807015774596], [35.2118571276385, 31.7807287423328], [35.2119084505263, 31.7807973333176]]]}, "properties": {"OBJECTID": 252, "CateTitle": "building", "rel_height": 12.4200439453, "med_height": 810.1710205078, "PID": "60636", "PARID": "-1", "CID": "32971", "bldg_ch": null, "mispar_komot": 4, "komot": "3", "Shape__Area": 84.81790161132812, "Shape__Length": 38.17921995692132}}, {"type": "Feature", "id": 253, "geometry": {"type": "Polygon", "coordinates": [[[35.2105307680326, 31.7808785990358], [35.2105215081619, 31.7808658916448], [35.2104614679391, 31.7807834960418], [35.2104040058852, 31.7808136644393], [35.2103795014902, 31.7807781547144], [35.2103168651427, 31.7808085577944], [35.210341526984, 31.7808464664201], [35.210347120888, 31.7808539397124], [35.2104057708764, 31.7809403630546], [35.2104095197692, 31.7809385068892], [35.2104112334357, 31.7809410337659], [35.2104487540282, 31.7809224594785], [35.2104470973779, 31.7809200191764], [35.2105307680326, 31.7808785990358]]]}, "properties": {"OBJECTID": 253, "CateTitle": "building", "rel_height": 7.2340087891, "med_height": 790.3029785156, "PID": "60637", "PARID": "-1", "CID": "32972", "bldg_ch": null, "mispar_komot": 2, "komot": "3", "Shape__Area": 198.6860809326172, "Shape__Length": 61.38802623456766}}, {"type": "Feature", "id": 254, "geometry": {"type": "Polygon", "coordinates": [[[35.2104057708764, 31.7809403630546], [35.210347120888, 31.7808539397124], [35.2102993037821, 31.7808776179649], [35.2103579368489, 31.7809640422314], [35.2104057708764, 31.7809403630546]]]}, "properties": {"OBJECTID": 254, "CateTitle": "building", "rel_height": 2.5830078125, "med_height": 785.6519775391, "PID": "60638", "PARID": "-1", "CID": "32972", "bldg_ch": null, "mispar_komot": 1, "komot": "3", "Shape__Area": 57.994476318359375, "Shape__Length": 32.62450628545271}}, {"type": "Feature", "id": 255, "geometry": {"type": "Polygon", "coordinates": [[[35.2104195426319, 31.780507147879], [35.210435075446, 31.780531161358], [35.2104865388859, 31.780506869627], [35.2104454393761, 31.7804433342013], [35.2104141594063, 31.7804595841502], [35.2104389890911, 31.7804979689231], [35.2104195426319, 31.780507147879]]]}, "properties": {"OBJECTID": 255, "CateTitle": "building", "rel_height": 3.2380371094, "med_height": 786.4520263672, "PID": "60640", "PARID": "-1", "CID": "32974", "bldg_ch": null, "mispar_komot": 1, "komot": "ייעוד עפ תוכנית אחרת", "Shape__Area": 34.040283203125, "Shape__Length": 27.095433283477334}}, {"type": "Feature", "id": 256, "geometry": {"type": "Polygon", "coordinates": [[[35.2104865388859, 31.780506869627], [35.2105328575938, 31.7805783887833], [35.2105357523913, 31.7805769925941], [35.2105465757064, 31.7805880802032], [35.2105909541696, 31.7805670128533], [35.2104949980839, 31.7804175878879], [35.2104454393761, 31.7804433342013], [35.2104865388859, 31.780506869627]]]}, "properties": {"OBJECTID": 256, "CateTitle": "building", "rel_height": 6.8920288086, "med_height": 790.1060180664, "PID": "60641", "PARID": "-1", "CID": "32974", "bldg_ch": null, "mispar_komot": 2, "komot": "ייעוד עפ תוכנית אחרת", "Shape__Area": 101.83457946777344, "Shape__Length": 48.22886477590366}}, {"type": "Feature", "id": 257, "geometry": {"type": "Polygon", "coordinates": [[[35.2105328575938, 31.7805783887833], [35.2104865388859, 31.780506869627], [35.210435075446, 31.780531161358], [35.2104195426319, 31.780507147879], [35.2104178712035, 31.7805046210003], [35.2104074766634, 31.7805115674695], [35.2103856681193, 31.7804826293303], [35.2103257242966, 31.7805152417991], [35.2104077876999, 31.7806355922018], [35.2104652001598, 31.7806075341116], [35.2104515225509, 31.7805874751198], [35.2104854525026, 31.7805711005811], [35.2105018224462, 31.7805933671462], [35.2105328575938, 31.7805783887833]]]}, "properties": {"OBJECTID": 257, "CateTitle": "building", "rel_height": 6.5520019531, "med_height": 789.7659912109, "PID": "60642", "PARID": "-1", "CID": "32974", "bldg_ch": null, "mispar_komot": 2, "komot": "ייעוד עפ תוכנית אחרת", "Shape__Area": 160.88917541503906, "Shape__Length": 64.05999234547205}}, {"type": "Feature", "id": 258, "geometry": {"type": "Polygon", "coordinates": [[[35.2103233567254, 31.7810849851926], [35.2103526933679, 31.7810704190951], [35.2103243582223, 31.7810287770237], [35.2102950205328, 31.7810433440167], [35.2103233567254, 31.7810849851926]]]}, "properties": {"OBJECTID": 258, "CateTitle": "building", "rel_height": 2.032043457, "med_height": 783.0720214844, "PID": "60647", "PARID": "-1", "CID": "32977", "bldg_ch": null, "mispar_komot": 1, "komot": "3", "Shape__Area": 17.16571044921875, "Shape__Length": 17.10971123777516}}, {"type": "Feature", "id": 259, "geometry": {"type": "Polygon", "coordinates": [[[35.2103233567254, 31.7810849851926], [35.2102950205328, 31.7810433440167], [35.2102828295475, 31.7810254277127], [35.2100257451322, 31.781153073256], [35.2100872141458, 31.7812434088008], [35.2103442997824, 31.7811157631352], [35.2103233567254, 31.7810849851926]]]}, "properties": {"OBJECTID": 259, "CateTitle": "building", "rel_height": 16.0350341797, "med_height": 797.075012207, "PID": "60648", "PARID": "-1", "CID": "32977", "bldg_ch": null, "mispar_komot": 5, "komot": "3", "Shape__Area": 326.32281494140625, "Shape__Length": 79.50257891202726}}, {"type": "Feature", "id": 260, "geometry": {"type": "Polygon", "coordinates": [[[35.211956821066, 31.7793429786608], [35.211954904776, 31.77935454759], [35.2119534802211, 31.7793631503351], [35.2119805086081, 31.7793664169982], [35.2120572493472, 31.7793756905395], [35.2120726217628, 31.7792828694396], [35.2119688527383, 31.7792703292475], [35.211956821066, 31.7793429786608]]]}, "properties": {"OBJECTID": 260, "CateTitle": "building", "rel_height": 5.9849853516, "med_height": 807.0620117188, "PID": "60749", "PARID": "-1", "CID": "33005", "bldg_ch": null, "mispar_komot": 2, "komot": "ייעוד עפ תוכנית אחרת", "Shape__Area": 103.18885803222656, "Shape__Length": 40.643513307489116}}, {"type": "Feature", "id": 261, "geometry": {"type": "Polygon", "coordinates": [[[35.2098073760249, 31.7810816028439], [35.2098071785802, 31.7810813142633], [35.2097985881544, 31.7810688106075], [35.2096898021671, 31.7811233422735], [35.2097102867659, 31.781153159879], [35.2097321489181, 31.7811422006975], [35.2097410159755, 31.7811551083706], [35.2097528898215, 31.7811491566244], [35.209732326021, 31.7811192235935], [35.2098073760249, 31.7810816028439]]]}, "properties": {"OBJECTID": 261, "CateTitle": "building", "rel_height": 3.9030151367, "med_height": 784.1890258789, "PID": "60758", "PARID": "-1", "CID": "33009", "bldg_ch": null, "mispar_komot": 1, "komot": "3", "Shape__Area": 29.92266845703125, "Shape__Length": 34.880470538665335}}, {"type": "Feature", "id": 262, "geometry": {"type": "Polygon", "coordinates": [[[35.2099304002699, 31.7810860021393], [35.2098411380258, 31.7811307472102], [35.2098838252152, 31.7811928840007], [35.209944373672, 31.7811626832389], [35.2099360176168, 31.7811504582511], [35.2099648138013, 31.7811360951808], [35.2099304002699, 31.7810860021393]]]}, "properties": {"OBJECTID": 262, "CateTitle": "building", "rel_height": 7.1579589844, "med_height": 787.4439697266, "PID": "60759", "PARID": "-1", "CID": "33009", "bldg_ch": null, "mispar_komot": 2, "komot": "3", "Shape__Area": 73.45771789550781, "Shape__Length": 35.601411174024676}}, {"type": "Feature", "id": 263, "geometry": {"type": "Polygon", "coordinates": [[[35.2098073760249, 31.7810816028439], [35.209732326021, 31.7811192235935], [35.2097528898215, 31.7811491566244], [35.2097410159755, 31.7811551083706], [35.2097633916327, 31.7811876792073], [35.2098045684489, 31.7811670379373], [35.209789904741, 31.7811456937953], [35.2098356518038, 31.7811227616458], [35.2098073760249, 31.7810816028439]]]}, "properties": {"OBJECTID": 263, "CateTitle": "building", "rel_height": 9.9229736328, "med_height": 790.208984375, "PID": "60760", "PARID": "-1", "CID": "33009", "bldg_ch": null, "mispar_komot": 3, "komot": "3", "Shape__Area": 57.906890869140625, "Shape__Length": 35.164244632724746}}, {"type": "Feature", "id": 264, "geometry": {"type": "Polygon", "coordinates": [[[35.2098073760249, 31.7810816028439], [35.2098356518038, 31.7811227616458], [35.2098411380258, 31.7811307472102], [35.2099304002699, 31.7810860021393], [35.2098964407932, 31.7810365692158], [35.2098071785802, 31.7810813142633], [35.2098073760249, 31.7810816028439]]]}, "properties": {"OBJECTID": 264, "CateTitle": "building", "rel_height": 9.0239868164, "med_height": 789.3099975586, "PID": "60761", "PARID": "-1", "CID": "33009", "bldg_ch": null, "mispar_komot": 3, "komot": "3", "Shape__Area": 62.302734375, "Shape__Length": 32.31692460482888}}, {"type": "Feature", "id": 265, "geometry": {"type": "Polygon", "coordinates": [[[35.2131647315209, 31.7796274572034], [35.2132140460827, 31.7796336323073], [35.2132220747828, 31.7796419846008], [35.2134359835557, 31.7796691104848], [35.213444662218, 31.7796625074909], [35.2135115763553, 31.7796708853259], [35.2135160037404, 31.7796450824394], [35.2135249238642, 31.7796461991806], [35.2135318318849, 31.7796059423116], [35.2135229117648, 31.7796048255709], [35.2135338261562, 31.7795412143425], [35.213461060035, 31.7795321028375], [35.2134616593576, 31.779528604554], [35.2133724223532, 31.7795174316607], [35.2133762683812, 31.7794950170357], [35.2133368558445, 31.7794900822322], [35.2133330657306, 31.7795121721894], [35.2132454979123, 31.7795012083169], [35.2132448416024, 31.7795050312661], [35.2131869817954, 31.7794977862796], [35.2131670004405, 31.7795057680486], [35.2131490900161, 31.7796098669721], [35.2131647315209, 31.7796274572034]]]}, "properties": {"OBJECTID": 265, "CateTitle": "building", "rel_height": 17.4270019531, "med_height": 825.9270019531, "PID": "60765", "PARID": "-1", "CID": "33012", "bldg_ch": null, "mispar_komot": 6, "komot": "5", "Shape__Area": 544.7073669433594, "Shape__Length": 105.36696828686627}}, {"type": "Feature", "id": 266, "geometry": {"type": "Polygon", "coordinates": [[[35.212181278586, 31.7804120063596], [35.2121642280975, 31.7804117783343], [35.2121632013118, 31.7804678169785], [35.2122647969475, 31.7804691743187], [35.2122658236718, 31.7804131356738], [35.2122796094194, 31.7804093371688], [35.2122532333224, 31.780295533709], [35.212192241999, 31.7802914854904], [35.212181278586, 31.7804120063596]]]}, "properties": {"OBJECTID": 266, "CateTitle": "building", "rel_height": 9.6479492188, "med_height": 807.3579711914, "PID": "60787", "PARID": "-1", "CID": "33016", "bldg_ch": null, "mispar_komot": 3, "komot": "5", "Shape__Area": 159.54820251464844, "Shape__Length": 57.10309925001552}}, {"type": "Feature", "id": 267, "geometry": {"type": "Polygon", "coordinates": [[[35.2120572493472, 31.7793756905395], [35.2119805086081, 31.7793664169982], [35.2119769440601, 31.7793879414478], [35.2120057144517, 31.7793914181306], [35.2120017489232, 31.7794153586366], [35.2120497193003, 31.7794211554987], [35.2120572493472, 31.7793756905395]]]}, "properties": {"OBJECTID": 267, "CateTitle": "building", "rel_height": 1.8439941406, "med_height": 802.0180053711, "PID": "60802", "PARID": "-1", "CID": "33020", "bldg_ch": null, "mispar_komot": 1, "komot": "ייעוד עפ תוכנית אחרת", "Shape__Area": 29.999252319335938, "Shape__Length": 24.86560031531568}}, {"type": "Feature", "id": 268, "geometry": {"type": "Polygon", "coordinates": [[[35.2116445144735, 31.7789311450145], [35.2116324336593, 31.7789313549293], [35.2116054838259, 31.778931823613], [35.211605142768, 31.7789175348639], [35.2115967792098, 31.7789176796321], [35.2115965991453, 31.7789100897486], [35.2115520691661, 31.7789108633352], [35.2115493674274, 31.7790191547478], [35.2115495803203, 31.7790280955872], [35.2116467822529, 31.7790264063472], [35.2116451574152, 31.7789581361765], [35.2116445144735, 31.7789311450145]]]}, "properties": {"OBJECTID": 268, "CateTitle": "building", "rel_height": 16.326965332, "med_height": 814.8649902344, "PID": "60823", "PARID": "-1", "CID": "33029", "bldg_ch": null, "mispar_komot": 5, "komot": "4", "Shape__Area": 106.99969482421875, "Shape__Length": 43.91159714820191}}, {"type": "Feature", "id": 269, "geometry": {"type": "Polygon", "coordinates": [[[35.2116324336593, 31.7789313549293], [35.21163191253, 31.7789094762968], [35.2115965991453, 31.7789100897486], [35.2115967792098, 31.7789176796321], [35.211605142768, 31.7789175348639], [35.2116054838259, 31.778931823613], [35.2116324336593, 31.7789313549293]]]}, "properties": {"OBJECTID": 269, "CateTitle": "building", "rel_height": 13.5180053711, "med_height": 812.0560302734, "PID": "60824", "PARID": "-1", "CID": "33029", "bldg_ch": null, "mispar_komot": 5, "komot": "4", "Shape__Area": 6.862579345703125, "Shape__Length": 11.544171838728492}}, {"type": "Feature", "id": 270, "geometry": {"type": "Polygon", "coordinates": [[[35.2116700159108, 31.7790260027999], [35.2116467822529, 31.7790264063472], [35.2115495803203, 31.7790280955872], [35.2115500654189, 31.7790484591289], [35.2116345617216, 31.7790492461655], [35.2116349917588, 31.779067279353], [35.2117405986543, 31.7790676989689], [35.2117424329649, 31.7790338410477], [35.2117239606906, 31.7790341622666], [35.2117247749473, 31.7789574750746], [35.2117406078597, 31.7789571991001], [35.2117399638298, 31.778930149319], [35.2117241298662, 31.7789304243917], [35.2117262321721, 31.7789078367613], [35.21163191253, 31.7789094762968], [35.2116324336593, 31.7789313549293], [35.2116445144735, 31.7789311450145], [35.2116451574152, 31.7789581361765], [35.2116683900003, 31.7789577326295], [35.2116700159108, 31.7790260027999]]]}, "properties": {"OBJECTID": 270, "CateTitle": "building", "rel_height": 12.6900024414, "med_height": 811.2280273438, "PID": "60825", "PARID": "-1", "CID": "33029", "bldg_ch": null, "mispar_komot": 4, "komot": "4", "Shape__Area": 152.44818115234375, "Shape__Length": 81.47360545995363}}, {"type": "Feature", "id": 271, "geometry": {"type": "Polygon", "coordinates": [[[35.2116467822529, 31.7790264063472], [35.2116700159108, 31.7790260027999], [35.2116683900003, 31.7789577326295], [35.2116451574152, 31.7789581361765], [35.2116467822529, 31.7790264063472]]]}, "properties": {"OBJECTID": 271, "CateTitle": "building", "rel_height": 15.0719604492, "med_height": 813.6099853516, "PID": "60826", "PARID": "-1", "CID": "33029", "bldg_ch": null, "mispar_komot": 5, "komot": "4", "Shape__Area": 16.665985107421875, "Shape__Length": 19.545513998949023}}, {"type": "Feature", "id": 272, "geometry": {"type": "Polygon", "coordinates": [[[35.2114134515368, 31.7813676910393], [35.2113807634339, 31.7813191422475], [35.2113339017724, 31.7813421651961], [35.2113665898588, 31.7813907130979], [35.2114134515368, 31.7813676910393]]]}, "properties": {"OBJECTID": 272, "CateTitle": "building", "rel_height": 3.5069580078, "med_height": 800.5999755859, "PID": "60828", "PARID": "-1", "CID": "33031", "bldg_ch": null, "mispar_komot": 1, "komot": "3", "Shape__Area": 31.798248291015625, "Shape__Length": 22.661019641916546}}, {"type": "Feature", "id": 273, "geometry": {"type": "Polygon", "coordinates": [[[35.2118194364129, 31.7802593400305], [35.2117489785529, 31.780246691296], [35.2117257836755, 31.7803409737758], [35.2117225963035, 31.7803404012905], [35.2117177561592, 31.7803600761276], [35.2117159159504, 31.7803597461598], [35.2117024730868, 31.780414389465], [35.2117435128956, 31.7804999339125], [35.2117595880736, 31.7805026123519], [35.2118194364129, 31.7802593400305]]]}, "properties": {"OBJECTID": 273, "CateTitle": "building", "rel_height": 10.8159790039, "med_height": 804.6359863281, "PID": "60829", "PARID": "-1", "CID": "33032", "bldg_ch": null, "mispar_komot": 4, "komot": "ייעוד עפ תוכנית אחרת", "Shape__Area": 171.5282440185547, "Shape__Length": 65.77635798304}}, {"type": "Feature", "id": 274, "geometry": {"type": "Polygon", "coordinates": [[[35.2111296948869, 31.7811329716842], [35.2112072791187, 31.7810938826808], [35.2112099596128, 31.7810926343898], [35.2111862645788, 31.781056736085], [35.2111985627389, 31.7810508130402], [35.2111807384149, 31.7810238083729], [35.2110873340316, 31.7810687926245], [35.2111296948869, 31.7811329716842]]]}, "properties": {"OBJECTID": 274, "CateTitle": "building", "rel_height": 7.6640014648, "med_height": 800.4210205078, "PID": "60834", "PARID": "-1", "CID": "33035", "bldg_ch": null, "mispar_komot": 3, "komot": "3", "Shape__Area": 75.88812255859375, "Shape__Length": 36.491278958297976}}, {"type": "Feature", "id": 275, "geometry": {"type": "Polygon", "coordinates": [[[35.2114999992259, 31.7788305843688], [35.211412917793, 31.7788320970799], [35.2114122017106, 31.77902379334], [35.2114993373384, 31.779024534327], [35.2114999992259, 31.7788305843688]]]}, "properties": {"OBJECTID": 275, "CateTitle": "building", "rel_height": 10.174987793, "med_height": 807.5440063477, "PID": "60849", "PARID": "-1", "CID": "33044", "bldg_ch": null, "mispar_komot": 3, "komot": "4", "Shape__Area": 176.41116333007812, "Shape__Length": 59.26631693270208}}, {"type": "Feature", "id": 276, "geometry": {"type": "Polygon", "coordinates": [[[35.2112163494615, 31.7814424030227], [35.2111694393213, 31.7814680241157], [35.2112297496095, 31.7815616896635], [35.2112819915762, 31.7815382317757], [35.2112163494615, 31.7814424030227]]]}, "properties": {"OBJECTID": 276, "CateTitle": "building", "rel_height": 4.3189697266, "med_height": 802.8569946289, "PID": "60850", "PARID": "-1", "CID": "33045", "bldg_ch": null, "mispar_komot": 1, "komot": "3", "Shape__Area": 65.56414794921875, "Shape__Length": 35.02868431147621}}, {"type": "Feature", "id": 277, "geometry": {"type": "Polygon", "coordinates": [[[35.2101843499115, 31.7817682531091], [35.2101874189497, 31.7817667937913], [35.210213067175, 31.7818061534527], [35.2102278306558, 31.7817991328496], [35.2102318545927, 31.7818053075674], [35.2103210857401, 31.7817623902597], [35.2102225434167, 31.7816152649312], [35.2101181678578, 31.7816666899155], [35.2101843499115, 31.7817682531091]]]}, "properties": {"OBJECTID": 277, "CateTitle": "building", "rel_height": 7.5510253906, "med_height": 792.9210205078, "PID": "60892", "PARID": "-1", "CID": "33051", "bldg_ch": null, "mispar_komot": 3, "komot": "3", "Shape__Area": 212.6953887939453, "Shape__Length": 60.50801307236456}}, {"type": "Feature", "id": 278, "geometry": {"type": "Polygon", "coordinates": [[[35.21058293295, 31.7812861752858], [35.2104954239328, 31.7811462427014], [35.2104939816064, 31.781143936764], [35.2104562465246, 31.7811611556077], [35.2104540661421, 31.7811576700974], [35.2104357259356, 31.7811660391492], [35.2105327610167, 31.7813212070107], [35.2105511023009, 31.7813128379451], [35.2105526597223, 31.7813153287536], [35.2105903959045, 31.7812981098816], [35.21058293295, 31.7812861752858]]]}, "properties": {"OBJECTID": 278, "CateTitle": "building", "rel_height": 9.241027832, "med_height": 794.4680175781, "PID": "60893", "PARID": "-1", "CID": "33052", "bldg_ch": null, "mispar_komot": 3, "komot": "3", "Shape__Area": 116.95892333984375, "Shape__Length": 51.68316249584956}}, {"type": "Feature", "id": 279, "geometry": {"type": "Polygon", "coordinates": [[[35.2105327610167, 31.7813212070107], [35.2104357259356, 31.7811660391492], [35.2104191319098, 31.7811736108884], [35.2104227535608, 31.7811794023376], [35.2104050404533, 31.7811874854717], [35.2104925493731, 31.7813274181173], [35.2104966340132, 31.7813255538168], [35.2105025395393, 31.7813349967068], [35.2105327610167, 31.7813212070107]]]}, "properties": {"OBJECTID": 279, "CateTitle": "building", "rel_height": 5.3290405273, "med_height": 790.5560302734, "PID": "60894", "PARID": "-1", "CID": "33052", "bldg_ch": null, "mispar_komot": 2, "komot": "3", "Shape__Area": 69.95761108398438, "Shape__Length": 46.38131447488516}}, {"type": "Feature", "id": 280, "geometry": {"type": "Polygon", "coordinates": [[[35.2105500457444, 31.7810143404604], [35.2105217062334, 31.780971621635], [35.2105756022522, 31.7809455332859], [35.2105449071096, 31.780899263131], [35.2104647857441, 31.7809380461292], [35.2104734765839, 31.780951146754], [35.2104639697413, 31.7809557483991], [35.2104938275589, 31.7810007560363], [35.2105065068722, 31.7809946184019], [35.2105269928306, 31.7810255000485], [35.2105500457444, 31.7810143404604]]]}, "properties": {"OBJECTID": 280, "CateTitle": "building", "rel_height": 10.2420043945, "med_height": 795.0200195312, "PID": "60895", "PARID": "-1", "CID": "33053", "bldg_ch": null, "mispar_komot": 3, "komot": "3", "Shape__Area": 71.56158447265625, "Shape__Length": 42.19894424233529}}, {"type": "Feature", "id": 281, "geometry": {"type": "Polygon", "coordinates": [[[35.2118736944854, 31.7789706729681], [35.2118721383386, 31.7789053022143], [35.2118608134367, 31.7789054985788], [35.2118597312844, 31.7789709154814], [35.2118736944854, 31.7789706729681]]]}, "properties": {"OBJECTID": 281, "CateTitle": "building", "rel_height": 6.7090454102, "med_height": 808.3870239258, "PID": "60897", "PARID": "-1", "CID": "33055", "bldg_ch": null, "mispar_komot": 2, "komot": "4", "Shape__Area": 8.684860229492188, "Shape__Length": 16.90031059123634}}, {"type": "Feature", "id": 282, "geometry": {"type": "Polygon", "coordinates": [[[35.2119787922438, 31.7789820389622], [35.2119778875395, 31.7789440561797], [35.2119792386868, 31.7788899104685], [35.2118815479145, 31.7788893526033], [35.2118819239743, 31.7789051320928], [35.2118721383386, 31.7789053022143], [35.2118736944854, 31.7789706729681], [35.2118808418368, 31.7789705480937], [35.2118810558233, 31.7789795646872], [35.2119787922438, 31.7789820389622]]]}, "properties": {"OBJECTID": 282, "CateTitle": "building", "rel_height": 9.6400146484, "med_height": 811.3179931641, "PID": "60899", "PARID": "-1", "CID": "33055", "bldg_ch": null, "mispar_komot": 3, "komot": "4", "Shape__Area": 98.76864624023438, "Shape__Length": 40.33741701036013}}, {"type": "Feature", "id": 283, "geometry": {"type": "Polygon", "coordinates": [[[35.2125764044535, 31.7794592011537], [35.2125553508047, 31.7794235482254], [35.2125875075868, 31.7794096920791], [35.2126085623005, 31.779445345904], [35.2125994578967, 31.7794492676956], [35.2126051291559, 31.7794588710336], [35.2126284834719, 31.7794488076857], [35.212622812211, 31.7794392043487], [35.2126620020945, 31.7794223175432], [35.2126415682368, 31.7793877143315], [35.2126473746119, 31.7793852131502], [35.2126343774944, 31.7793632045649], [35.2125893823103, 31.7793825925408], [35.2125796722305, 31.7793661489984], [35.2125335442621, 31.7793860258253], [35.2125261518953, 31.7793735069423], [35.21249594606, 31.7793865224332], [35.2125033394795, 31.7793990413179], [35.2124574395109, 31.7794188198019], [35.2125005794196, 31.7794918742911], [35.212536211618, 31.7794765199787], [35.2125407921245, 31.7794842755173], [35.2125672956247, 31.7794728556103], [35.2125627161724, 31.7794651000726], [35.2125764044535, 31.7794592011537]]]}, "properties": {"OBJECTID": 283, "CateTitle": "building", "rel_height": 13.8469848633, "med_height": 817.7059936523, "PID": "60972", "PARID": "-1", "CID": "33074", "bldg_ch": null, "mispar_komot": 5, "komot": "5", "Shape__Area": 144.10699462890625, "Shape__Length": 71.83653032435598}}, {"type": "Feature", "id": 284, "geometry": {"type": "Polygon", "coordinates": [[[35.2125994578967, 31.7794492676956], [35.2126085623005, 31.779445345904], [35.2125875075868, 31.7794096920791], [35.2125553508047, 31.7794235482254], [35.2125764044535, 31.7794592011537], [35.2125994578967, 31.7794492676956]]]}, "properties": {"OBJECTID": 284, "CateTitle": "building", "rel_height": 14.841003418, "med_height": 818.700012207, "PID": "60973", "PARID": "-1", "CID": "33074", "bldg_ch": null, "mispar_komot": 5, "komot": "5", "Shape__Area": 15.105560302734375, "Shape__Length": 15.678776258856505}}, {"type": "Feature", "id": 285, "geometry": {"type": "Polygon", "coordinates": [[[35.2096314101374, 31.7814076328209], [35.2097168122032, 31.7813697961598], [35.2097284126811, 31.7813646560841], [35.2096979509237, 31.7813144888648], [35.2095512863441, 31.781379468906], [35.2095546777802, 31.7813850538675], [35.2096043398566, 31.781363050539], [35.2096314101374, 31.7814076328209]]]}, "properties": {"OBJECTID": 285, "CateTitle": "building", "rel_height": 6.1119995117, "med_height": 787.6409912109, "PID": "60975", "PARID": "-1", "CID": "33075", "bldg_ch": null, "mispar_komot": 2, "komot": "3", "Shape__Area": 68.55612182617188, "Shape__Length": 43.831361064607165}}, {"type": "Feature", "id": 286, "geometry": {"type": "Polygon", "coordinates": [[[35.2128166582829, 31.7799350291896], [35.212747505118, 31.7799539940492], [35.2127545133467, 31.7799673958456], [35.2128230396278, 31.7799508984603], [35.2128166582829, 31.7799350291896]]]}, "properties": {"OBJECTID": 286, "CateTitle": "building", "rel_height": 3.785949707, "med_height": 807.4569702148, "PID": "60977", "PARID": "-1", "CID": "33076", "bldg_ch": null, "mispar_komot": 1, "komot": "ללא התיחסות בתשריט", "Shape__Area": 11.828475952148438, "Shape__Length": 17.11118080404174}}, {"type": "Feature", "id": 287, "geometry": {"type": "Polygon", "coordinates": [[[35.2128831446595, 31.7799167958633], [35.2128805728903, 31.7798825774878], [35.2128771914346, 31.7798375902844], [35.2127793755584, 31.7798423052779], [35.2128166582829, 31.7799350291896], [35.2128831446595, 31.7799167958633]]]}, "properties": {"OBJECTID": 287, "CateTitle": "building", "rel_height": 30.1619873047, "med_height": 833.8330078125, "PID": "60978", "PARID": "-1", "CID": "33076", "bldg_ch": null, "mispar_komot": 10, "komot": "ללא התיחסות בתשריט", "Shape__Area": 76.77772521972656, "Shape__Length": 35.565847707112006}}, {"type": "Feature", "id": 288, "geometry": {"type": "Polygon", "coordinates": [[[35.2131484697043, 31.7799060171241], [35.2131608991851, 31.7798402477213], [35.2131783905445, 31.7797476932937], [35.2128411579845, 31.7797602616315], [35.2126722710611, 31.7798101346082], [35.212747505118, 31.7799539940492], [35.2128166582829, 31.7799350291896], [35.2127793755584, 31.7798423052779], [35.2128771914346, 31.7798375902844], [35.2129015916762, 31.7798348118877], [35.2129011254642, 31.7798279750634], [35.2129007217188, 31.7798115489611], [35.2129002692275, 31.7797931415176], [35.2130295377152, 31.7797860515577], [35.213063310969, 31.7797841986842], [35.2131047689823, 31.7797819250181], [35.2131060850325, 31.7797994296591], [35.213107440195, 31.779817457365], [35.2130572997233, 31.7798202077951], [35.2130612436222, 31.7798726676088], [35.2128805728903, 31.7798825774878], [35.2128831446595, 31.7799167958633], [35.2131484697043, 31.7799060171241]]]}, "properties": {"OBJECTID": 288, "CateTitle": "building", "rel_height": 29.842956543, "med_height": 833.5139770508, "PID": "60979", "PARID": "-1", "CID": "33076", "bldg_ch": null, "mispar_komot": 10, "komot": "ללא התיחסות בתשריט", "Shape__Area": 513.93115234375, "Shape__Length": 198.19371261944116}}, {"type": "Feature", "id": 289, "geometry": {"type": "Polygon", "coordinates": [[[35.2128831446595, 31.7799167958633], [35.2128166582829, 31.7799350291896], [35.2128230396278, 31.7799508984603], [35.2128845949128, 31.7799360780255], [35.2128831446595, 31.7799167958633]]]}, "properties": {"OBJECTID": 289, "CateTitle": "building", "rel_height": 2.9609985352, "med_height": 806.632019043, "PID": "60980", "PARID": "-1", "CID": "33076", "bldg_ch": null, "mispar_komot": 1, "komot": "ללא התיחסות בתשריט", "Shape__Area": 12.4976806640625, "Shape__Length": 16.67483639396189}}, {"type": "Feature", "id": 290, "geometry": {"type": "Polygon", "coordinates": [[[35.2131484697043, 31.7799060171241], [35.2128831446595, 31.7799167958633], [35.2128845949128, 31.7799360780255], [35.2131446983307, 31.7799259688084], [35.2131484697043, 31.7799060171241]]]}, "properties": {"OBJECTID": 290, "CateTitle": "building", "rel_height": 2.9849853516, "med_height": 806.6560058594, "PID": "60981", "PARID": "-1", "CID": "33076", "bldg_ch": null, "mispar_komot": 1, "komot": "ללא התיחסות בתשריט", "Shape__Area": 54.00080871582031, "Shape__Length": 54.20558955890537}}, {"type": "Feature", "id": 291, "geometry": {"type": "Polygon", "coordinates": [[[35.2130309182312, 31.7798044075328], [35.2129007217188, 31.7798115489611], [35.2129011254642, 31.7798279750634], [35.2130572997233, 31.7798202077951], [35.213107440195, 31.779817457365], [35.2131060850325, 31.7797994296591], [35.2130646270114, 31.7798017033255], [35.213065096347, 31.7798079440322], [35.2130313230845, 31.7798097960044], [35.2130309182312, 31.7798044075328]]]}, "properties": {"OBJECTID": 291, "CateTitle": "building", "rel_height": 28.1300048828, "med_height": 831.8010253906, "PID": "60982", "PARID": "-1", "CID": "33076", "bldg_ch": null, "mispar_komot": 9, "komot": "ללא התיחסות בתשריט", "Shape__Area": 35.08876037597656, "Shape__Length": 44.19196362177412}}, {"type": "Feature", "id": 292, "geometry": {"type": "Polygon", "coordinates": [[[35.2128805728903, 31.7798825774878], [35.2130612436222, 31.7798726676088], [35.2130572997233, 31.7798202077951], [35.2129011254642, 31.7798279750634], [35.2129015916762, 31.7798348118877], [35.2128771914346, 31.7798375902844], [35.2128805728903, 31.7798825774878]]]}, "properties": {"OBJECTID": 292, "CateTitle": "building", "rel_height": 28.4580078125, "med_height": 832.1290283203, "PID": "60983", "PARID": "-1", "CID": "33076", "bldg_ch": null, "mispar_komot": 9, "komot": "ללא התיחסות בתשריט", "Shape__Area": 98.86381530761719, "Shape__Length": 45.88464035913668}}, {"type": "Feature", "id": 293, "geometry": {"type": "Polygon", "coordinates": [[[35.2130295377152, 31.7797860515577], [35.2130309182312, 31.7798044075328], [35.2130313230845, 31.7798097960044], [35.213065096347, 31.7798079440322], [35.2130646270114, 31.7798017033255], [35.213063310969, 31.7797841986842], [35.2130295377152, 31.7797860515577]]]}, "properties": {"OBJECTID": 293, "CateTitle": "building", "rel_height": 29.5029907227, "med_height": 833.1740112305, "PID": "60984", "PARID": "-1", "CID": "33076", "bldg_ch": null, "mispar_komot": 10, "komot": "ללא התיחסות בתשריט", "Shape__Area": 8.457382202148438, "Shape__Length": 11.687866223279824}}, {"type": "Feature", "id": 294, "geometry": {"type": "Polygon", "coordinates": [[[35.2121248691371, 31.778632145626], [35.212117364699, 31.778679748858], [35.2121158288454, 31.7786953760522], [35.2121547541063, 31.7786981675879], [35.2121543944057, 31.7787018272807], [35.2122695359157, 31.7787100855802], [35.2122761602253, 31.7786426878855], [35.2122487953687, 31.7786407253677], [35.2122494071694, 31.7786345008232], [35.2121642657386, 31.7786283951754], [35.2121646781802, 31.7786241970802], [35.2121259239804, 31.7786214181629], [35.2121248691371, 31.778632145626]]]}, "properties": {"OBJECTID": 294, "CateTitle": "building", "rel_height": 8.575012207, "med_height": 813.9970092773, "PID": "61000", "PARID": "-1", "CID": "33080", "bldg_ch": null, "mispar_komot": 3, "komot": "5", "Shape__Area": 117.48100280761719, "Shape__Length": 46.347858501191666}}, {"type": "Feature", "id": 295, "geometry": {"type": "Polygon", "coordinates": [[[35.2103124332845, 31.7809611611716], [35.2103040223168, 31.7809492121734], [35.2102321163395, 31.7808470594878], [35.2101702696922, 31.7808788260424], [35.2102474739199, 31.7809885061829], [35.2102826275767, 31.7809704506119], [35.2102857391907, 31.7809748721928], [35.2103124332845, 31.7809611611716]]]}, "properties": {"OBJECTID": 295, "CateTitle": "building", "rel_height": 10.0719604492, "med_height": 792.0889892578, "PID": "61001", "PARID": "-1", "CID": "33081", "bldg_ch": null, "mispar_komot": 3, "komot": "3", "Shape__Area": 98.69033813476562, "Shape__Length": 43.19718361036388}}, {"type": "Feature", "id": 296, "geometry": {"type": "Polygon", "coordinates": [[[35.2103124332845, 31.7809611611716], [35.2102857391907, 31.7809748721928], [35.2103056357889, 31.7810031376625], [35.2103323298879, 31.7809894266373], [35.2103124332845, 31.7809611611716]]]}, "properties": {"OBJECTID": 296, "CateTitle": "building", "rel_height": 6.1389770508, "med_height": 788.1560058594, "PID": "61002", "PARID": "-1", "CID": "33081", "bldg_ch": null, "mispar_komot": 2, "komot": "3", "Shape__Area": 10.789749145507812, "Shape__Length": 13.214931707317348}}, {"type": "Feature", "id": 297, "geometry": {"type": "Polygon", "coordinates": [[[35.2119197030391, 31.7787026530327], [35.2119197148011, 31.7786914638906], [35.2118744659072, 31.7786914277793], [35.2118744541144, 31.7787023030807], [35.2119197030391, 31.7787026530327]]]}, "properties": {"OBJECTID": 297, "CateTitle": "building", "rel_height": 6.9539794922, "med_height": 808.6409912109, "PID": "61015", "PARID": "-1", "CID": "33087", "bldg_ch": null, "mispar_komot": 2, "komot": "4", "Shape__Area": 5.2430877685546875, "Shape__Length": 11.018781681906933}}, {"type": "Feature", "id": 298, "geometry": {"type": "Polygon", "coordinates": [[[35.2118744659072, 31.7786914277793], [35.2119197148011, 31.7786914638906], [35.2119197030391, 31.7787026530327], [35.211964227728, 31.7787029985025], [35.2119640126783, 31.7786939819089], [35.2120194822675, 31.778695272739], [35.2120199222594, 31.7786022315784], [35.2119721301406, 31.7786021938505], [35.2119721380035, 31.7785950503672], [35.2119508733681, 31.7785950335949], [35.2119508418937, 31.7786234100246], [35.2118745396034, 31.7786233496002], [35.2118744659072, 31.7786914277793]]]}, "properties": {"OBJECTID": 298, "CateTitle": "building", "rel_height": 9.4790039062, "med_height": 811.166015625, "PID": "61016", "PARID": "-1", "CID": "33087", "bldg_ch": null, "mispar_komot": 3, "komot": "4", "Shape__Area": 127.87846374511719, "Shape__Length": 51.57314441245709}}, {"type": "Feature", "id": 299, "geometry": {"type": "Polygon", "coordinates": [[[35.2118745396034, 31.7786233496002], [35.2119508418937, 31.7786234100246], [35.2119508733681, 31.7785950335949], [35.2118745711011, 31.7785949731704], [35.2118745396034, 31.7786233496002]]]}, "properties": {"OBJECTID": 299, "CateTitle": "building", "rel_height": 6.3150024414, "med_height": 808.0020141602, "PID": "61017", "PARID": "-1", "CID": "33087", "bldg_ch": null, "mispar_komot": 2, "komot": "4", "Shape__Area": 22.741058349609375, "Shape__Length": 20.7478104271229}}, {"type": "Feature", "id": 300, "geometry": {"type": "Polygon", "coordinates": [[[35.2119083999931, 31.7787377948374], [35.2119086055061, 31.7787464443824], [35.2119641414534, 31.7787454788265], [35.2119639889058, 31.778739083881], [35.2119571699062, 31.7787392024277], [35.2119568478605, 31.7787256775372], [35.2119119875273, 31.7787264566804], [35.2119122565971, 31.7787377278734], [35.2119083999931, 31.7787377948374]]]}, "properties": {"OBJECTID": 300, "CateTitle": "building", "rel_height": 7.9270019531, "med_height": 809.1879882812, "PID": "61019", "PARID": "-1", "CID": "33089", "bldg_ch": null, "mispar_komot": 3, "komot": "4", "Shape__Area": 10.198318481445312, "Shape__Length": 14.94157056089487}}, {"type": "Feature", "id": 301, "geometry": {"type": "Polygon", "coordinates": [[[35.2119906683752, 31.7788155890707], [35.2119827239544, 31.7788157275264], [35.2119828807431, 31.7788223271894], [35.2118761552257, 31.7788241822831], [35.2118763660334, 31.7788330654045], [35.2118854833799, 31.7788329070459], [35.2118856443977, 31.7788396690402], [35.2119912510358, 31.7788400893502], [35.2119906683752, 31.7788155890707]]]}, "properties": {"OBJECTID": 301, "CateTitle": "building", "rel_height": 9.4060058594, "med_height": 810.6669921875, "PID": "61020", "PARID": "-1", "CID": "33089", "bldg_ch": null, "mispar_komot": 3, "komot": "4", "Shape__Area": 20.0042724609375, "Shape__Length": 26.915184386256293}}, {"type": "Feature", "id": 302, "geometry": {"type": "Polygon", "coordinates": [[[35.2118761552257, 31.7788241822831], [35.2119828807431, 31.7788223271894], [35.2119827239544, 31.7788157275264], [35.2119906683752, 31.7788155890707], [35.2119905539625, 31.7788107849706], [35.2120037475069, 31.7788105560165], [35.2120029423751, 31.7787767433401], [35.2120214145973, 31.7787764220808], [35.212020501404, 31.7787381020094], [35.2119639889058, 31.778739083881], [35.2119641414534, 31.7787454788265], [35.2119086055061, 31.7787464443824], [35.2119083999931, 31.7787377948374], [35.2118832291325, 31.7787382319105], [35.2118848393088, 31.778805857265], [35.2118757219649, 31.7788060156236], [35.2118761552257, 31.7788241822831]]]}, "properties": {"OBJECTID": 302, "CateTitle": "building", "rel_height": 12.9620361328, "med_height": 814.2230224609, "PID": "61021", "PARID": "-1", "CID": "33089", "bldg_ch": null, "mispar_komot": 4, "komot": "4", "Shape__Area": 108.14132690429688, "Shape__Length": 48.176099573866075}}, {"type": "Feature", "id": 303, "geometry": {"type": "Polygon", "coordinates": [[[35.2118763660334, 31.7788330654045], [35.2118761552257, 31.7788241822831], [35.2118757219649, 31.7788060156236], [35.2118610894515, 31.7788062699003], [35.2118617345715, 31.7788333196813], [35.2118763660334, 31.7788330654045]]]}, "properties": {"OBJECTID": 303, "CateTitle": "building", "rel_height": 1.9860229492, "med_height": 803.2470092773, "PID": "61022", "PARID": "-1", "CID": "33089", "bldg_ch": null, "mispar_komot": 1, "komot": "4", "Shape__Area": 4.1588134765625, "Shape__Length": 8.772504031342464}}, {"type": "Feature", "id": 304, "geometry": {"type": "Polygon", "coordinates": [[[35.2102034919386, 31.7814111729586], [35.2102344195292, 31.7814603011144], [35.2102425392409, 31.7814570613299], [35.2103209014109, 31.7814218741951], [35.2102989317733, 31.7813861740517], [35.2103120187676, 31.7813814369766], [35.2102516026045, 31.7812832617931], [35.2101469585712, 31.7813234156117], [35.2101992436245, 31.7814127116927], [35.2102034919386, 31.7814111729586]]]}, "properties": {"OBJECTID": 304, "CateTitle": "building", "rel_height": 7.7239990234, "med_height": 790.9580078125, "PID": "61024", "PARID": "-1", "CID": "33091", "bldg_ch": null, "mispar_komot": 3, "komot": "3", "Shape__Area": 178.09811401367188, "Shape__Length": 55.91020542563683}}, {"type": "Feature", "id": 305, "geometry": {"type": "Polygon", "coordinates": [[[35.2119301038895, 31.7791546100243], [35.2119331967323, 31.7790576448035], [35.2118749651083, 31.7790563441779], [35.2118746340274, 31.7791533191553], [35.2119301038895, 31.7791546100243]]]}, "properties": {"OBJECTID": 305, "CateTitle": "building", "rel_height": 12.0569458008, "med_height": 812.7119750977, "PID": "61028", "PARID": "-1", "CID": "33094", "bldg_ch": null, "mispar_komot": 4, "komot": "3", "Shape__Area": 57.924346923828125, "Shape__Length": 32.282612902648935}}, {"type": "Feature", "id": 306, "geometry": {"type": "Polygon", "coordinates": [[[35.2119331967323, 31.7790576448035], [35.2119301038895, 31.7791546100243], [35.2119304259328, 31.7791681349139], [35.2119884800741, 31.7791671259099], [35.2119885419561, 31.7790588806421], [35.2119331967323, 31.7790576448035]]]}, "properties": {"OBJECTID": 306, "CateTitle": "building", "rel_height": 5.4119873047, "med_height": 806.0670166016, "PID": "61029", "PARID": "-1", "CID": "33094", "bldg_ch": null, "mispar_komot": 2, "komot": "3", "Shape__Area": 65.51547241210938, "Shape__Length": 35.002751198465326}}, {"type": "Feature", "id": 307, "geometry": {"type": "Polygon", "coordinates": [[[35.2110965801901, 31.7809487021302], [35.2112091008533, 31.7808855041757], [35.2111751913711, 31.780835041687], [35.2111545340247, 31.7808451704573], [35.2111466184123, 31.7808809072174], [35.2111071546252, 31.7808745287826], [35.2110965801901, 31.7809487021302]]]}, "properties": {"OBJECTID": 307, "CateTitle": "building", "rel_height": 7.748046875, "med_height": 797.5720214844, "PID": "61081", "PARID": "-1", "CID": "33098", "bldg_ch": null, "mispar_komot": 3, "komot": "3", "Shape__Area": 58.37345886230469, "Shape__Length": 37.5856981829104}}, {"type": "Feature", "id": 308, "geometry": {"type": "Polygon", "coordinates": [[[35.2116793027432, 31.778696418166], [35.2116805979811, 31.7786541235519], [35.2116808128, 31.7786470972962], [35.2116170377712, 31.7786458879559], [35.211615535054, 31.7786949941864], [35.2116793027432, 31.778696418166]]]}, "properties": {"OBJECTID": 308, "CateTitle": "building", "rel_height": 4.9670410156, "med_height": 805.9080200195, "PID": "61082", "PARID": "-1", "CID": "33099", "bldg_ch": null, "mispar_komot": 2, "komot": "4", "Shape__Area": 32.98377990722656, "Shape__Length": 23.00222044950006}}, {"type": "Feature", "id": 309, "geometry": {"type": "Polygon", "coordinates": [[[35.2116805979811, 31.7786541235519], [35.2117409492733, 31.7786554710397], [35.2117419348953, 31.7786232770621], [35.211684648447, 31.778622190933], [35.2116839990177, 31.778647157537], [35.2116808128, 31.7786470972962], [35.2116805979811, 31.7786541235519]]]}, "properties": {"OBJECTID": 309, "CateTitle": "building", "rel_height": 3.9670410156, "med_height": 804.9080200195, "PID": "61083", "PARID": "-1", "CID": "33099", "bldg_ch": null, "mispar_komot": 1, "komot": "4", "Shape__Area": 19.535614013671875, "Shape__Length": 18.567362637247996}}, {"type": "Feature", "id": 310, "geometry": {"type": "Polygon", "coordinates": [[[35.2117382009021, 31.7787452620969], [35.211738804281, 31.7787255550324], [35.2117409492733, 31.7786554710397], [35.2116805979811, 31.7786541235519], [35.2116793027432, 31.778696418166], [35.211615535054, 31.7786949941864], [35.2116140681378, 31.7787429090824], [35.2117382009021, 31.7787452620969]]]}, "properties": {"OBJECTID": 310, "CateTitle": "building", "rel_height": 10.8840332031, "med_height": 811.825012207, "PID": "61084", "PARID": "-1", "CID": "33099", "bldg_ch": null, "mispar_komot": 4, "komot": "4", "Shape__Area": 89.06097412109375, "Shape__Length": 43.48750733267381}}, {"type": "Feature", "id": 311, "geometry": {"type": "Polygon", "coordinates": [[[35.2115217975876, 31.778631128385], [35.2115220233598, 31.7787391292449], [35.2115240017639, 31.7787385014527], [35.2115259453227, 31.7787377961041], [35.2115278477017, 31.7787370141013], [35.2115297046783, 31.7787361572482], [35.211531514141, 31.7787352264468], [35.2115332697556, 31.7787342262067], [35.2115349694108, 31.778733155626], [35.2115366088838, 31.7787320192143], [35.2115381839518, 31.7787308187756], [35.2115393874159, 31.7787298221737], [35.2115414118282, 31.7786411314072], [35.2115399780362, 31.7786398075851], [35.2115384587351, 31.7786385559151], [35.2115368581482, 31.7786373809061], [35.2115351804987, 31.7786362852634], [35.2115334321213, 31.7786352734959], [35.2115316193508, 31.7786343492106], [35.2115297485218, 31.7786335151125], [35.2115278238573, 31.7786327730053], [35.2115258527478, 31.7786321273976], [35.2115238415278, 31.7786315782891], [35.2115217975876, 31.778631128385]]]}, "properties": {"OBJECTID": 311, "CateTitle": "building", "rel_height": 7.1040039062, "med_height": 806.0809936523, "PID": "61086", "PARID": "-1", "CID": "33101", "bldg_ch": null, "mispar_komot": 2, "komot": "4", "Shape__Area": 19.491012573242188, "Shape__Length": 25.97001808808611}}, {"type": "Feature", "id": 312, "geometry": {"type": "Polygon", "coordinates": [[[35.2115220233598, 31.7787391292449], [35.2115217975876, 31.778631128385], [35.2115204863451, 31.7786308948816], [35.2115196745279, 31.7786177118149], [35.2113629664193, 31.778619039887], [35.2113660186753, 31.7787472183832], [35.2115138462124, 31.7787469053758], [35.2115138288551, 31.7787408332813], [35.2115159096907, 31.7787405301462], [35.2115179725725, 31.7787401449447], [35.211520011166, 31.7787396776769], [35.2115220233598, 31.7787391292449]]]}, "properties": {"OBJECTID": 312, "CateTitle": "building", "rel_height": 10.0870361328, "med_height": 809.0640258789, "PID": "61087", "PARID": "-1", "CID": "33101", "bldg_ch": null, "mispar_komot": 3, "komot": "4", "Shape__Area": 211.94821166992188, "Shape__Length": 58.10203501541932}}, {"type": "Feature", "id": 313, "geometry": {"type": "Polygon", "coordinates": [[[35.2113694510466, 31.7786089163662], [35.211408252518, 31.7786089322701], [35.211459769276, 31.7786089537698], [35.2114597842085, 31.7785832053058], [35.2113694660041, 31.7785831679022], [35.2113694510466, 31.7786089163662]]]}, "properties": {"OBJECTID": 313, "CateTitle": "building", "rel_height": 4.83203125, "med_height": 802.3900146484, "PID": "61091", "PARID": "-1", "CID": "33105", "bldg_ch": null, "mispar_komot": 2, "komot": "4", "Shape__Area": 24.42529296875, "Shape__Length": 22.820203476940264}}, {"type": "Feature", "id": 314, "geometry": {"type": "Polygon", "coordinates": [[[35.2113699677064, 31.7785299881126], [35.2113694818432, 31.7785551008047], [35.2113694660041, 31.7785831679022], [35.2114597842085, 31.7785832053058], [35.2114598878447, 31.7784051295716], [35.211408370144, 31.778405108072], [35.211408306573, 31.7785139115905], [35.2113699770547, 31.7785138947588], [35.2113699677064, 31.7785299881126]]]}, "properties": {"OBJECTID": 314, "CateTitle": "building", "rel_height": 11.8049926758, "med_height": 809.3629760742, "PID": "61092", "PARID": "-1", "CID": "33105", "bldg_ch": null, "mispar_komot": 4, "komot": "4", "Shape__Area": 124.44447326660156, "Shape__Length": 56.55749165843294}}, {"type": "Feature", "id": 315, "geometry": {"type": "Polygon", "coordinates": [[[35.2113694818432, 31.7785551008047], [35.2113699677064, 31.7785299881126], [35.2113551113996, 31.7785299817115], [35.2113550963905, 31.7785550952796], [35.2113694818432, 31.7785551008047]]]}, "properties": {"OBJECTID": 315, "CateTitle": "building", "rel_height": 6.6069946289, "med_height": 804.1649780273, "PID": "61093", "PARID": "-1", "CID": "33105", "bldg_ch": null, "mispar_komot": 2, "komot": "4", "Shape__Area": 3.856475830078125, "Shape__Length": 8.33948409885132}}, {"type": "Feature", "id": 316, "geometry": {"type": "Polygon", "coordinates": [[[35.2101563436163, 31.780665443043], [35.2101726788532, 31.7806569307293], [35.2101353249621, 31.7806046247557], [35.2101114507985, 31.780617065822], [35.2100369630294, 31.7806558807658], [35.2101040792117, 31.7807498603972], [35.2101364695809, 31.7807952152147], [35.2101596068896, 31.7807831583615], [35.2101215761543, 31.7807299054829], [35.2101804645474, 31.7806992185892], [35.2101690191133, 31.7806831924976], [35.2101563436163, 31.780665443043]]]}, "properties": {"OBJECTID": 316, "CateTitle": "building", "rel_height": 6.1520385742, "med_height": 788.1400146484, "PID": "61094", "PARID": "-1", "CID": "33106", "bldg_ch": null, "mispar_komot": 2, "komot": "ייעוד עפ תוכנית אחרת", "Shape__Area": 131.8275909423828, "Shape__Length": 58.022601875755655}}, {"type": "Feature", "id": 317, "geometry": {"type": "Polygon", "coordinates": [[[35.2112805077195, 31.7788553763214], [35.2112914420113, 31.7788554253304], [35.2112917862841, 31.7787999494648], [35.21136535121, 31.7788002818425], [35.2113654106619, 31.7787906231222], [35.2112809145966, 31.7787898359068], [35.2112805077195, 31.7788553763214]]]}, "properties": {"OBJECTID": 317, "CateTitle": "building", "rel_height": 9.4970092773, "med_height": 806.0650024414, "PID": "61097", "PARID": "-1", "CID": "33108", "bldg_ch": null, "mispar_komot": 3, "komot": "4", "Shape__Area": 15.123382568359375, "Shape__Length": 30.497904341628136}}, {"type": "Feature", "id": 318, "geometry": {"type": "Polygon", "coordinates": [[[35.21136535121, 31.7788002818425], [35.2112917862841, 31.7787999494648], [35.2112914420113, 31.7788554253304], [35.2112805077195, 31.7788553763214], [35.2112796157157, 31.7789990351286], [35.211364113027, 31.7789998223447], [35.2113647889613, 31.7788907861261], [35.2113177019152, 31.7788905731568], [35.2113177853779, 31.7788772096725], [35.2113648724173, 31.7788774235436], [35.21136535121, 31.7788002818425]]]}, "properties": {"OBJECTID": 318, "CateTitle": "building", "rel_height": 10.2369995117, "med_height": 806.8049926758, "PID": "61098", "PARID": "-1", "CID": "33108", "bldg_ch": null, "mispar_komot": 3, "komot": "4", "Shape__Area": 163.93612670898438, "Shape__Length": 69.13586097694316}}, {"type": "Feature", "id": 319, "geometry": {"type": "Polygon", "coordinates": [[[35.2118224190063, 31.7802472164107], [35.2118194364129, 31.7802593400305], [35.2117595880736, 31.7805026123519], [35.2117816727275, 31.7805065764655], [35.21184219136, 31.7804863599808], [35.2118963499455, 31.7802553502849], [35.2118224190063, 31.7802472164107]]]}, "properties": {"OBJECTID": 319, "CateTitle": "building", "rel_height": 11.7659912109, "med_height": 806.1970214844, "PID": "61099", "PARID": "-1", "CID": "33109", "bldg_ch": null, "mispar_komot": 4, "komot": "ייעוד עפ תוכנית אחרת", "Shape__Area": 201.02976989746094, "Shape__Length": 70.41494220318032}}, {"type": "Feature", "id": 320, "geometry": {"type": "Polygon", "coordinates": [[[35.2139991479721, 31.7800758210955], [35.2140029747442, 31.7800624104337], [35.2140065366175, 31.7800499286878], [35.2140419557687, 31.7800573039677], [35.2140496726203, 31.7800302625873], [35.2140780317981, 31.780036168392], [35.2140804082949, 31.7800260288148], [35.2140937448639, 31.7799784232293], [35.2140343092496, 31.779968625637], [35.2140356230569, 31.7799628122715], [35.2140127783155, 31.7799590461089], [35.2140116154102, 31.7799641911988], [35.2139510395828, 31.779954205169], [35.2139405829256, 31.779990471679], [35.2139108882095, 31.7799842241459], [35.2139019132834, 31.7800153536564], [35.2139267852288, 31.7800205860801], [35.2139151760829, 31.780060852338], [35.2139775970469, 31.7800773396163], [35.2139798219394, 31.7800711925017], [35.2139906289194, 31.7800740469154], [35.2139991479721, 31.7800758210955]]]}, "properties": {"OBJECTID": 320, "CateTitle": "building", "rel_height": 9.916015625, "med_height": 818.491027832, "PID": "61107", "PARID": "-1", "CID": "33112", "bldg_ch": null, "mispar_komot": 3, "komot": "5", "Shape__Area": 159.9261474609375, "Shape__Length": 60.27403221596375}}, {"type": "Feature", "id": 321, "geometry": {"type": "Polygon", "coordinates": [[[35.2119624209671, 31.7805116161522], [35.2119915019576, 31.7805133657941], [35.2119936582623, 31.7804930318618], [35.2120095454641, 31.7804950113544], [35.2120395022829, 31.7803118276608], [35.2119389026087, 31.7803000457041], [35.2119089996214, 31.7804854830712], [35.2119646302499, 31.7804935368192], [35.2119624209671, 31.7805116161522]]]}, "properties": {"OBJECTID": 321, "CateTitle": "building", "rel_height": 11.7930297852, "med_height": 807.7280273438, "PID": "61138", "PARID": "-1", "CID": "33122", "bldg_ch": null, "mispar_komot": 4, "komot": "ייעוד עפ תוכנית אחרת", "Shape__Area": 205.03662109375, "Shape__Length": 64.78955014847398}}, {"type": "Feature", "id": 322, "geometry": {"type": "Polygon", "coordinates": [[[35.2107795251822, 31.7815018578932], [35.2108656974388, 31.7814620246502], [35.2108111481898, 31.7813885535554], [35.2108215967981, 31.7813838625549], [35.2107887484882, 31.7813348203125], [35.2106919678236, 31.7813725834037], [35.2107795251822, 31.7815018578932]]]}, "properties": {"OBJECTID": 322, "CateTitle": "building", "rel_height": 9.4180297852, "med_height": 801.5120239258, "PID": "61191", "PARID": "-1", "CID": "33138", "bldg_ch": null, "mispar_komot": 3, "komot": "3", "Shape__Area": 153.47337341308594, "Shape__Length": 52.94940368592586}}, {"type": "Feature", "id": 323, "geometry": {"type": "Polygon", "coordinates": [[[35.2115885587585, 31.7782440291979], [35.2115869973306, 31.7782440256788], [35.2115467844933, 31.778243951289], [35.2115466789246, 31.7782851266529], [35.2115682148141, 31.7782851669252], [35.2115680447103, 31.778351799462], [35.2115882841747, 31.7783518370986], [35.2115885587585, 31.7782440291979]]]}, "properties": {"OBJECTID": 323, "CateTitle": "building", "rel_height": 6.1229858398, "med_height": 804.4509887695, "PID": "61193", "PARID": "-1", "CID": "33140", "bldg_ch": null, "mispar_komot": 2, "komot": "4", "Shape__Area": 32.23085021972656, "Shape__Length": 31.82238034039951}}, {"type": "Feature", "id": 324, "geometry": {"type": "Polygon", "coordinates": [[[35.211591628738, 31.7783518432223], [35.2117135733326, 31.7783520707454], [35.2117422428282, 31.7783521241054], [35.211742327816, 31.7783187866437], [35.2117242019361, 31.7783187525173], [35.2117243924238, 31.778244282078], [35.2115885587585, 31.7782440291979], [35.2115882841747, 31.7783518370986], [35.211591628738, 31.7783518432223]]]}, "properties": {"OBJECTID": 324, "CateTitle": "building", "rel_height": 13.2579956055, "med_height": 811.5859985352, "PID": "61194", "PARID": "-1", "CID": "33140", "bldg_ch": null, "mispar_komot": 4, "komot": "4", "Shape__Area": 160.1533966064453, "Shape__Length": 53.07483408049535}}, {"type": "Feature", "id": 325, "geometry": {"type": "Polygon", "coordinates": [[[35.2120108209266, 31.7799943579691], [35.2119851155971, 31.7801378504958], [35.2119828594255, 31.7801504457391], [35.2120860972682, 31.7801621824099], [35.2120996748287, 31.7800672321805], [35.2121129236377, 31.780069256912], [35.2121220826785, 31.780010465353], [35.2120108209266, 31.7799943579691]]]}, "properties": {"OBJECTID": 325, "CateTitle": "building", "rel_height": 10.7020263672, "med_height": 807.7730102539, "PID": "61222", "PARID": "-1", "CID": "33145", "bldg_ch": null, "mispar_komot": 4, "komot": "ייעוד עפ תוכנית אחרת", "Shape__Area": 175.09791564941406, "Shape__Length": 56.520988575547825}}, {"type": "Feature", "id": 326, "geometry": {"type": "Polygon", "coordinates": [[[35.2100411312152, 31.7809690564927], [35.2100804703136, 31.7810259058755], [35.2101221896238, 31.7810048406129], [35.2100828505088, 31.7809479912428], [35.2100411312152, 31.7809690564927]]]}, "properties": {"OBJECTID": 326, "CateTitle": "building", "rel_height": 2.6530151367, "med_height": 783.6359863281, "PID": "61246", "PARID": "-1", "CID": "33158", "bldg_ch": null, "mispar_komot": 1, "komot": "3", "Shape__Area": 33.61311340332031, "Shape__Length": 23.82586001298679}}, {"type": "Feature", "id": 327, "geometry": {"type": "Polygon", "coordinates": [[[35.2099821401419, 31.7809988423863], [35.2100049582354, 31.7810318162848], [35.2100311720433, 31.7810185797121], [35.2100083549996, 31.78098560672], [35.2099821401419, 31.7809988423863]]]}, "properties": {"OBJECTID": 327, "CateTitle": "building", "rel_height": 7.948059082, "med_height": 788.9310302734, "PID": "61247", "PARID": "-1", "CID": "33158", "bldg_ch": null, "mispar_komot": 3, "komot": "3", "Shape__Area": 12.250350952148438, "Shape__Length": 14.2630950822154}}, {"type": "Feature", "id": 328, "geometry": {"type": "Polygon", "coordinates": [[[35.2100712558917, 31.7810305300242], [35.2100831015532, 31.7810476482349], [35.2101075045376, 31.781082913621], [35.210179169671, 31.7810467276326], [35.2101547666689, 31.78101146226], [35.2101340205093, 31.7810219371754], [35.2101221896238, 31.7810048406129], [35.2100804703136, 31.7810259058755], [35.2100411312152, 31.7809690564927], [35.210031931579, 31.7809737022821], [35.2100698157028, 31.7810284477384], [35.2100712558917, 31.7810305300242]]]}, "properties": {"OBJECTID": 328, "CateTitle": "building", "rel_height": 6.7800292969, "med_height": 787.7630004883, "PID": "61248", "PARID": "-1", "CID": "33158", "bldg_ch": null, "mispar_komot": 2, "komot": "3", "Shape__Area": 55.5682373046875, "Shape__Length": 43.90487385363653}}, {"type": "Feature", "id": 329, "geometry": {"type": "Polygon", "coordinates": [[[35.2100712558917, 31.7810305300242], [35.2100698157028, 31.7810284477384], [35.210031931579, 31.7809737022821], [35.2100083549996, 31.78098560672], [35.2100311720433, 31.7810185797121], [35.2100049582354, 31.7810318162848], [35.2099821401419, 31.7809988423863], [35.2099476124465, 31.7810162764787], [35.2099987823771, 31.7810902224649], [35.2100831015532, 31.7810476482349], [35.2100712558917, 31.7810305300242]]]}, "properties": {"OBJECTID": 329, "CateTitle": "building", "rel_height": 6.2730102539, "med_height": 787.2559814453, "PID": "61249", "PARID": "-1", "CID": "33158", "bldg_ch": null, "mispar_komot": 2, "komot": "3", "Shape__Area": 76.11578369140625, "Shape__Length": 46.098937292619304}}, {"type": "Feature", "id": 330, "geometry": {"type": "Polygon", "coordinates": [[[35.21257182037, 31.7796146544686], [35.2125778370244, 31.7796260560561], [35.2125981276687, 31.7796645047356], [35.212586110496, 31.7796691319534], [35.2125979389673, 31.7796915473482], [35.2126118574804, 31.7796861877117], [35.2126288969552, 31.7797184770226], [35.2126643910664, 31.7797048091263], [35.2126092157863, 31.7796002550724], [35.21257182037, 31.7796146544686]]]}, "properties": {"OBJECTID": 330, "CateTitle": "building", "rel_height": 10.1740112305, "med_height": 812.7579956055, "PID": "61250", "PARID": "-1", "CID": "33159", "bldg_ch": null, "mispar_komot": 3, "komot": "5", "Shape__Area": 52.03758239746094, "Shape__Length": 35.70171007119624}}, {"type": "Feature", "id": 331, "geometry": {"type": "Polygon", "coordinates": [[[35.2127088325064, 31.7796071648207], [35.2126892558784, 31.7796082564238], [35.212684252716, 31.7796085354187], [35.2126861288597, 31.7796330834053], [35.2127469924133, 31.7796296885034], [35.2127451162537, 31.7796051414196], [35.2127421105558, 31.7796053093592], [35.2127406645917, 31.7795863780102], [35.2127073854934, 31.7795882334714], [35.2127088325064, 31.7796071648207]]]}, "properties": {"OBJECTID": 331, "CateTitle": "building", "rel_height": 12.0010375977, "med_height": 814.5850219727, "PID": "61251", "PARID": "-1", "CID": "33159", "bldg_ch": null, "mispar_komot": 4, "komot": "5", "Shape__Area": 22.403823852539062, "Shape__Length": 21.217365021629178}}, {"type": "Feature", "id": 332, "geometry": {"type": "Polygon", "coordinates": [[[35.2125778370244, 31.7796260560561], [35.21257182037, 31.7796146544686], [35.2125382663033, 31.7795510705249], [35.21251739278, 31.7795591081632], [35.2125569634875, 31.7796340937008], [35.2125778370244, 31.7796260560561]]]}, "properties": {"OBJECTID": 332, "CateTitle": "building", "rel_height": 7.3880004883, "med_height": 809.9719848633, "PID": "61252", "PARID": "-1", "CID": "33159", "bldg_ch": null, "mispar_komot": 2, "komot": "5", "Shape__Area": 19.77984619140625, "Shape__Length": 22.578395939256463}}, {"type": "Feature", "id": 333, "geometry": {"type": "Polygon", "coordinates": [[[35.21257182037, 31.7796146544686], [35.2126092157863, 31.7796002550724], [35.2125756616992, 31.7795366702365], [35.2125382663033, 31.7795510705249], [35.21257182037, 31.7796146544686]]]}, "properties": {"OBJECTID": 333, "CateTitle": "building", "rel_height": 8.8880004883, "med_height": 811.4719848633, "PID": "61253", "PARID": "-1", "CID": "33159", "bldg_ch": null, "mispar_komot": 3, "komot": "5", "Shape__Area": 30.048233032226562, "Shape__Length": 23.238166703254503}}, {"type": "Feature", "id": 334, "geometry": {"type": "Polygon", "coordinates": [[[35.2128270101689, 31.7796005745083], [35.2128332602352, 31.7796823557303], [35.2128204772991, 31.7796830690316], [35.212821433887, 31.779695583814], [35.2128521253953, 31.7796938727895], [35.2128510800152, 31.7796802027551], [35.2128685546722, 31.7796792285064], [35.2128695989992, 31.7796928985408], [35.212894639113, 31.7796915017229], [35.2128935937267, 31.7796778316888], [35.2130224756415, 31.7796706443629], [35.2130217949123, 31.7796617378286], [35.2130413018686, 31.7796606506883], [35.2130369891644, 31.7796042182882], [35.2130174822199, 31.7796053063297], [35.2130153797838, 31.7795777904049], [35.2130348856669, 31.7795767032657], [35.21303444594, 31.7795709414341], [35.2130538103519, 31.7795698615163], [35.2130490484053, 31.7795075617695], [35.2130296840063, 31.7795086416866], [35.2130236578687, 31.7794297851269], [35.2129149979346, 31.7794358447026], [35.2129170855392, 31.7794631622257], [35.2129314034908, 31.7794623640386], [35.2129350893123, 31.7795105942427], [35.2129123243696, 31.7795118637567], [35.2129151814828, 31.7795492529871], [35.2129379981659, 31.7795479798617], [35.212941529669, 31.779594188148], [35.2129089811452, 31.77959600303], [35.2129078215997, 31.7795808341439], [35.2128905507197, 31.7795817966604], [35.2128917102625, 31.7795969664485], [35.212850043293, 31.7795992896604], [35.2128491088992, 31.7795870634656], [35.212826075778, 31.7795883474115], [35.2128270101689, 31.7796005745083]]]}, "properties": {"OBJECTID": 334, "CateTitle": "building", "rel_height": 11.9559936523, "med_height": 814.5399780273, "PID": "61254", "PARID": "-1", "CID": "33159", "bldg_ch": null, "mispar_komot": 4, "komot": "5", "Shape__Area": 367.8643493652344, "Shape__Length": 121.94869990980598}}, {"type": "Feature", "id": 335, "geometry": {"type": "Polygon", "coordinates": [[[35.2125756616992, 31.7795366702365], [35.2126092157863, 31.7796002550724], [35.2126643910664, 31.7797048091263], [35.2126908324358, 31.7796946274255], [35.2126901358839, 31.7796855188781], [35.2126861288597, 31.7796330834053], [35.212684252716, 31.7796085354187], [35.2126892558784, 31.7796082564238], [35.2126531675146, 31.7795398712746], [35.2126441306319, 31.7795433511629], [35.212629638072, 31.7795158865372], [35.2125756616992, 31.7795366702365]]]}, "properties": {"OBJECTID": 335, "CateTitle": "building", "rel_height": 12.6279907227, "med_height": 815.2119750977, "PID": "61255", "PARID": "-1", "CID": "33159", "bldg_ch": null, "mispar_komot": 4, "komot": "5", "Shape__Area": 111.77656555175781, "Shape__Length": 51.444547934216445}}, {"type": "Feature", "id": 336, "geometry": {"type": "Polygon", "coordinates": [[[35.2127615841197, 31.7796906817488], [35.212761165551, 31.7796852166206], [35.2127550043347, 31.7796045897456], [35.2127451162537, 31.7796051414196], [35.2127469924133, 31.7796296885034], [35.2126861288597, 31.7796330834053], [35.2126901358839, 31.7796855188781], [35.2126908324358, 31.7796946274255], [35.2127615841197, 31.7796906817488]]]}, "properties": {"OBJECTID": 336, "CateTitle": "building", "rel_height": 15.3420410156, "med_height": 817.9260253906, "PID": "61256", "PARID": "-1", "CID": "33159", "bldg_ch": null, "mispar_komot": 5, "komot": "5", "Shape__Area": 48.48835754394531, "Shape__Length": 32.56472176564327}}, {"type": "Feature", "id": 337, "geometry": {"type": "Polygon", "coordinates": [[[35.2128204772991, 31.7796830690316], [35.2128332602352, 31.7796823557303], [35.2128270101689, 31.7796005745083], [35.2128091248426, 31.7796015722263], [35.2128152871614, 31.7796821990987], [35.2128203895673, 31.7796819146811], [35.2128204772991, 31.7796830690316]]]}, "properties": {"OBJECTID": 337, "CateTitle": "building", "rel_height": 18.9290161133, "med_height": 821.5130004883, "PID": "61257", "PARID": "-1", "CID": "33159", "bldg_ch": null, "mispar_komot": 6, "komot": "5", "Shape__Area": 15.365615844726562, "Shape__Length": 21.570514795482538}}, {"type": "Feature", "id": 338, "geometry": {"type": "Polygon", "coordinates": [[[35.2127550043347, 31.7796045897456], [35.212761165551, 31.7796852166206], [35.2127615841197, 31.7796906817488], [35.2127622109179, 31.7796988866558], [35.2128163314805, 31.7796958691335], [35.2128152871614, 31.7796821990987], [35.2128091248426, 31.7796015722263], [35.2128080118209, 31.7795870066678], [35.2127538913214, 31.7795900241865], [35.2127550043347, 31.7796045897456]]]}, "properties": {"OBJECTID": 338, "CateTitle": "building", "rel_height": 18.5050048828, "med_height": 821.0889892578, "PID": "61258", "PARID": "-1", "CID": "33159", "bldg_ch": null, "mispar_komot": 6, "komot": "5", "Shape__Area": 62.14414978027344, "Shape__Length": 34.46803272980783}}, {"type": "Feature", "id": 339, "geometry": {"type": "Polygon", "coordinates": [[[35.2138794662792, 31.779502393661], [35.2138682974254, 31.7795012780138], [35.2138720003341, 31.7794742252167], [35.2138443479546, 31.7794714622287], [35.2138091795244, 31.7795084096493], [35.213809209272, 31.7795310792216], [35.2137744676591, 31.7795295035653], [35.2137449357322, 31.7796180818448], [35.2138430385262, 31.779665639491], [35.2139538872318, 31.7796698148532], [35.2139620300239, 31.7796474395693], [35.2139797501829, 31.7796521449435], [35.2139961317934, 31.7796071301249], [35.2139799530757, 31.7796028340726], [35.2139853865701, 31.7795781511801], [35.2139755686553, 31.7795730898867], [35.2139868038456, 31.7795519679268], [35.2139936041886, 31.7795137960965], [35.213935071951, 31.7795079493539], [35.2139162572856, 31.7795470915595], [35.2138863986051, 31.7795362762084], [35.2138746237053, 31.7795347367418], [35.2138794662792, 31.779502393661]]]}, "properties": {"OBJECTID": 339, "CateTitle": "building", "rel_height": 5.6459960938, "med_height": 815.6279907227, "PID": "61468", "PARID": "-1", "CID": "33281", "bldg_ch": null, "mispar_komot": 2, "komot": "5", "Shape__Area": 342.78228759765625, "Shape__Length": 89.22055999915034}}, {"type": "Feature", "id": 340, "geometry": {"type": "Polygon", "coordinates": [[[35.2131910666703, 31.7792434758774], [35.2132013600739, 31.7791645568685], [35.213097590223, 31.7791546798304], [35.2130923680483, 31.7791947156125], [35.2130831492202, 31.7791938387509], [35.2130708153654, 31.7792883913015], [35.2130559408582, 31.7792869755226], [35.2130508336522, 31.7793261310976], [35.2130991249942, 31.7793319212298], [35.213103765032, 31.7793323628144], [35.2131026973863, 31.7793405488975], [35.2131552971584, 31.7793455550137], [35.2131637064105, 31.7792810908453], [35.2131566708709, 31.7792804212621], [35.213161851878, 31.779240695714], [35.2131910666703, 31.7792434758774]]]}, "properties": {"OBJECTID": 340, "CateTitle": "building", "rel_height": 10.4349975586, "med_height": 819.7890014648, "PID": "61501", "PARID": "-1", "CID": "33303", "bldg_ch": null, "mispar_komot": 3, "komot": "5", "Shape__Area": 191.2796173095703, "Shape__Length": 66.44285868053043}}, {"type": "Feature", "id": 341, "geometry": {"type": "Polygon", "coordinates": [[[35.2099895854253, 31.7821729880227], [35.2099577268631, 31.782129378216], [35.2099963944758, 31.7821087667574], [35.2099934317239, 31.7821047095073], [35.2100057849591, 31.7820981246253], [35.2099951154636, 31.7820835206899], [35.2099827622296, 31.7820901055709], [35.2099559317131, 31.782053379291], [35.2099172630587, 31.7820739916393], [35.2098759867033, 31.7820959947263], [35.2099483090429, 31.782194990231], [35.2099640670646, 31.7821865907013], [35.2099758515592, 31.7822027205043], [35.209998613378, 31.7821905870431], [35.2099868299368, 31.7821744572421], [35.2099895854253, 31.7821729880227]]]}, "properties": {"OBJECTID": 341, "CateTitle": "building", "rel_height": 12.9459838867, "med_height": 804.7559814453, "PID": "61515", "PARID": "-1", "CID": "33309", "bldg_ch": null, "mispar_komot": 4, "komot": "3", "Shape__Area": 98.87272644042969, "Shape__Length": 50.70416460026162}}, {"type": "Feature", "id": 342, "geometry": {"type": "Polygon", "coordinates": [[[35.2098766316061, 31.7799479896548], [35.2098851966051, 31.7799248723992], [35.2099262449948, 31.779814077669], [35.2097800348987, 31.779771514349], [35.2096850623128, 31.7797434837094], [35.209646081565, 31.779848684159], [35.2097281579181, 31.7798708750473], [35.2098013489726, 31.7798906646584], [35.2097889056307, 31.7799224523709], [35.2098766316061, 31.7799479896548]]]}, "properties": {"OBJECTID": 342, "CateTitle": "building", "rel_height": 18.0239868164, "med_height": 789.9539794922, "PID": "61529", "PARID": "-1", "CID": "33317", "bldg_ch": null, "mispar_komot": 6, "komot": "3", "Shape__Area": 321.57041931152344, "Shape__Length": 79.87984061975061}}, {"type": "Feature", "id": 343, "geometry": {"type": "Polygon", "coordinates": [[[35.2095894352093, 31.7797152600316], [35.2095873229812, 31.7797210715805], [35.2095812913602, 31.7797376675022], [35.2096322161734, 31.7797511731879], [35.2096076695768, 31.7798187103528], [35.2095260156279, 31.7797970541613], [35.2095155927383, 31.7798257322187], [35.2094826655298, 31.7798169992115], [35.2094688900661, 31.7798548987218], [35.2095561522822, 31.7798780418578], [35.209567828149, 31.779845925929], [35.209640113281, 31.7798651015161], [35.209646081565, 31.779848684159], [35.2096850623128, 31.7797434837094], [35.2096284932827, 31.779726788466], [35.2095894352093, 31.7797152600316]]]}, "properties": {"OBJECTID": 343, "CateTitle": "building", "rel_height": 2.257019043, "med_height": 774.1870117188, "PID": "61530", "PARID": "-1", "CID": "33317", "bldg_ch": null, "mispar_komot": 1, "komot": "3", "Shape__Area": 143.4142303466797, "Shape__Length": 77.8656648508519}}, {"type": "Feature", "id": 344, "geometry": {"type": "Polygon", "coordinates": [[[35.2096322161734, 31.7797511731879], [35.2095812913602, 31.7797376675022], [35.2095505633339, 31.7797295179137], [35.2095260156279, 31.7797970541613], [35.2096076695768, 31.7798187103528], [35.2096322161734, 31.7797511731879]]]}, "properties": {"OBJECTID": 344, "CateTitle": "building", "rel_height": 2.8190307617, "med_height": 774.7490234375, "PID": "61532", "PARID": "-1", "CID": "33317", "bldg_ch": null, "mispar_komot": 1, "komot": "3", "Shape__Area": 63.502410888671875, "Shape__Length": 31.879527583184036}}, {"type": "Feature", "id": 345, "geometry": {"type": "Polygon", "coordinates": [[[35.212321411209, 31.7807451530102], [35.2123008724212, 31.7807448602879], [35.2123014652853, 31.7807145078997], [35.2122134496311, 31.7807132543685], [35.2122130964228, 31.7807313895054], [35.2121951590347, 31.7807311344835], [35.2121952694121, 31.7807254510765], [35.2121345863563, 31.7807245863094], [35.2121331219366, 31.7807996267611], [35.2121294077649, 31.7807995737783], [35.2121289578187, 31.7808226176395], [35.2121170699326, 31.7808224488155], [35.2121162394196, 31.7808649959068], [35.2121160070842, 31.7808768767704], [35.2121731270386, 31.7808776903592], [35.2121733593666, 31.7808658094955], [35.2122143715378, 31.7808663940801], [35.2122159546871, 31.7807853374416], [35.212288273338, 31.7807863682892], [35.2122860795165, 31.7808987504032], [35.2123144320435, 31.7808991544701], [35.2123146664529, 31.7808871311153], [35.2123533285052, 31.7808876815314], [35.2123729889297, 31.7808879616746], [35.2123760004287, 31.7807337106503], [35.2123629638849, 31.7807335247862], [35.2123634232353, 31.7807100245918], [35.2123221081287, 31.7807094364667], [35.212321411209, 31.7807451530102]]]}, "properties": {"OBJECTID": 345, "CateTitle": "building", "rel_height": 10.4680175781, "med_height": 810.0670166016, "PID": "61549", "PARID": "-1", "CID": "33329", "bldg_ch": null, "mispar_komot": 3, "komot": "5", "Shape__Area": 344.94989013671875, "Shape__Length": 119.41404461318302}}, {"type": "Feature", "id": 346, "geometry": {"type": "Polygon", "coordinates": [[[35.21104690463, 31.7816437948068], [35.2109885756326, 31.7815576756731], [35.2109593467658, 31.7815145205041], [35.2108901478801, 31.7815510900853], [35.2108446300468, 31.7815751453919], [35.2109321878086, 31.7817044197722], [35.21104690463, 31.7816437948068]]]}, "properties": {"OBJECTID": 346, "CateTitle": "building", "rel_height": 3.257019043, "med_height": 802.4790039062, "PID": "61552", "PARID": "-1", "CID": "33332", "bldg_ch": null, "mispar_komot": 1, "komot": "3", "Shape__Area": 211.5045928955078, "Shape__Length": 58.67548926663615}}, {"type": "Feature", "id": 347, "geometry": {"type": "Polygon", "coordinates": [[[35.2112659681849, 31.7802547176248], [35.2112650648079, 31.7802594352027], [35.2112634817877, 31.7802677096775], [35.2112575570672, 31.780298661173], [35.211312966798, 31.7803056880211], [35.2113197988262, 31.7802663764095], [35.2113601628342, 31.7802714957601], [35.2113612741922, 31.7802668034216], [35.2113660436359, 31.7802466542334], [35.2113752099544, 31.7802079322944], [35.2113859403948, 31.7801626006774], [35.2112859226585, 31.7801504583381], [35.2112659681849, 31.7802547176248]]]}, "properties": {"OBJECTID": 347, "CateTitle": "building", "rel_height": 8.6890258789, "med_height": 798.7760009766, "PID": "61555", "PARID": "-1", "CID": "33335", "bldg_ch": null, "mispar_komot": 3, "komot": "ייעוד עפ תוכנית אחרת", "Shape__Area": 137.82266235351562, "Shape__Length": 52.117315840704116}}, {"type": "Feature", "id": 348, "geometry": {"type": "Polygon", "coordinates": [[[35.2107136830675, 31.7814843420247], [35.2107042330602, 31.7814714470747], [35.2107097344706, 31.7814685058995], [35.2106951540112, 31.7814486093127], [35.2106896526015, 31.7814515504873], [35.2106529855579, 31.7814015154729], [35.2105990018533, 31.7814303815264], [35.2105912233006, 31.7814197681431], [35.2105444217042, 31.781444793786], [35.2105534609555, 31.7814571287247], [35.2106398391946, 31.7815749995912], [35.2106138301807, 31.7815889072475], [35.2106414801685, 31.7816266370998], [35.2107132847245, 31.7815882421994], [35.2106856347189, 31.7815505114606], [35.2107417024786, 31.7815205314938], [35.2107136830675, 31.7814843420247]]]}, "properties": {"OBJECTID": 348, "CateTitle": "building", "rel_height": 6.1099853516, "med_height": 797.258972168, "PID": "61557", "PARID": "-1", "CID": "33337", "bldg_ch": null, "mispar_komot": 2, "komot": "3", "Shape__Area": 224.95140075683594, "Shape__Length": 73.62668742517057}}, {"type": "Feature", "id": 349, "geometry": {"type": "Polygon", "coordinates": [[[35.2133287027824, 31.7791766768515], [35.2132184991518, 31.7791661880135], [35.2132013600739, 31.7791645568685], [35.2131910666703, 31.7792434758774], [35.2132064162614, 31.7792449366996], [35.2132048802162, 31.7792567112412], [35.2132223782671, 31.7792583766307], [35.2132205689855, 31.7792722488734], [35.2132102120465, 31.7792712629773], [35.2131997804368, 31.7793512443636], [35.2132901962817, 31.7793598497548], [35.2132916057217, 31.7793490474057], [35.2133060399929, 31.7793504217032], [35.2133111470928, 31.7793112661182], [35.2132967128276, 31.7793098927231], [35.2133002416967, 31.7792828345429], [35.2133146770136, 31.7792842088394], [35.2133287027824, 31.7791766768515]]]}, "properties": {"OBJECTID": 349, "CateTitle": "building", "rel_height": 9.5430297852, "med_height": 819.1140136719, "PID": "61561", "PARID": "-1", "CID": "33341", "bldg_ch": null, "mispar_komot": 3, "komot": "5", "Shape__Area": 218.18423461914062, "Shape__Length": 70.17862161741816}}, {"type": "Feature", "id": 350, "geometry": {"type": "Polygon", "coordinates": [[[35.2135416476502, 31.7794822054289], [35.2135924433204, 31.7794878617214], [35.2135940599059, 31.7794796088585], [35.2136084720261, 31.7794809308165], [35.2136224485552, 31.7793697247034], [35.2134428341469, 31.7793532519481], [35.2134327437627, 31.7794335273284], [35.2134009157934, 31.7794293035583], [35.2134160461588, 31.7792820688402], [35.2133655886307, 31.7792782855769], [35.2133624444127, 31.7793088762428], [35.2133572923443, 31.7793084897159], [35.213346126711, 31.7794171451973], [35.2133564124629, 31.7794570220746], [35.2135026096122, 31.7794850995306], [35.2134990636263, 31.7794985741892], [35.2135354717237, 31.7795055662574], [35.2135416476502, 31.7794822054289]]]}, "properties": {"OBJECTID": 350, "CateTitle": "building", "rel_height": 8.9580078125, "med_height": 818.6920166016, "PID": "61682", "PARID": "-1", "CID": "33409", "bldg_ch": null, "mispar_komot": 3, "komot": "5", "Shape__Area": 349.6011047363281, "Shape__Length": 112.28773188445201}}, {"type": "Feature", "id": 351, "geometry": {"type": "Polygon", "coordinates": [[[35.2129215577376, 31.7793143392367], [35.2129215837704, 31.7793219074839], [35.2129876839016, 31.7793217407065], [35.2129893563394, 31.7793118356747], [35.2129950118029, 31.7792759339071], [35.2130052367898, 31.7792771092163], [35.2130080624079, 31.7792591741145], [35.2129992595246, 31.7792581619426], [35.2130008770277, 31.7792478925705], [35.2130032819842, 31.7792476020151], [35.2130055918911, 31.7792469588462], [35.2130077360154, 31.7792459829092], [35.2130096489037, 31.7792447039693], [35.2130112724938, 31.7792431608096], [35.2130125582258, 31.779241400329], [35.2130134659864, 31.7792394748371], [35.2130139683318, 31.7792374447591], [35.213014051543, 31.7792353714212], [35.2130137114029, 31.7792333161487], [35.213012958475, 31.7792313438736], [35.2130118159909, 31.779229512312], [35.2130103187954, 31.7792278782776], [35.2130085112345, 31.7792264913686], [35.213006450322, 31.7792253930659], [35.2130041972942, 31.7792246176351], [35.2130034213062, 31.7792244364176], [35.2130190028483, 31.7791657588854], [35.2130201998749, 31.7791637639321], [35.2130210379371, 31.7791616400399], [35.2130214980358, 31.7791594332039], [35.2130215696181, 31.7791571921243], [35.2130212505771, 31.7791549664025], [35.2130205493636, 31.7791528065409], [35.2130194807622, 31.7791507594344], [35.2130180690593, 31.7791488692714], [35.2130163438196, 31.7791471802402], [35.2130143451647, 31.7791457275098], [35.213012116383, 31.7791445444455], [35.213009707097, 31.7791436571971], [35.2130071690396, 31.7791430846999], [35.2130045613336, 31.7791428395756], [35.2130019388782, 31.7791429281334], [35.21298725138, 31.7791427911443], [35.2129871994033, 31.7791287296437], [35.2129107742546, 31.7791289223638], [35.2129114162616, 31.7793143642655], [35.2129215577376, 31.7793143392367]]]}, "properties": {"OBJECTID": 351, "CateTitle": "building", "rel_height": 10.4669799805, "med_height": 818.6849975586, "PID": "61700", "PARID": "-1", "CID": "33417", "bldg_ch": null, "mispar_komot": 3, "komot": "5", "Shape__Area": 188.8327178955078, "Shape__Length": 63.071663528507216}}, {"type": "Feature", "id": 352, "geometry": {"type": "Polygon", "coordinates": [[[35.2127307016023, 31.7791758453474], [35.2127316757155, 31.7792073664282], [35.2127594522557, 31.7792067405315], [35.2127601775545, 31.7792302163053], [35.212770347508, 31.7792299874706], [35.2127701539849, 31.7792381211867], [35.2127702919652, 31.7792462557829], [35.212770762504, 31.7792543813387], [35.2127715656003, 31.779262487934], [35.2127726980862, 31.7792705656486], [35.2127741610166, 31.7792786054642], [35.2127759512235, 31.7792865956569], [35.2127780665945, 31.7792945281104], [35.2127805050175, 31.7793023929045], [35.2127832622685, 31.7793101792173], [35.2127863372912, 31.7793178798342], [35.2127931894552, 31.7793338013837], [35.2128642599086, 31.7793321986114], [35.2128593382921, 31.7791729446522], [35.2128678275004, 31.7791727528969], [35.2128668035759, 31.7791396355618], [35.2127574553032, 31.779142101213], [35.21275822719, 31.7791670902731], [35.2127304506616, 31.7791677161695], [35.2127307016023, 31.7791758453474]]]}, "properties": {"OBJECTID": 352, "CateTitle": "building", "rel_height": 10.4320068359, "med_height": 818.5369873047, "PID": "61701", "PARID": "-1", "CID": "33418", "bldg_ch": null, "mispar_komot": 3, "komot": "5", "Shape__Area": 201.49212646484375, "Shape__Length": 67.0436058098673}}, {"type": "Feature", "id": 353, "geometry": {"type": "Polygon", "coordinates": [[[35.2126884253317, 31.7791863789064], [35.2126977114898, 31.7791846494717], [35.2126864343238, 31.7791404618044], [35.212662775534, 31.7791448679349], [35.2126659037343, 31.7791571255538], [35.2125790502914, 31.7791733002756], [35.2125957431346, 31.7792387061169], [35.2125907009875, 31.7792396452582], [35.2125972140107, 31.7792651651333], [35.2126022561591, 31.7792642259918], [35.2126069505662, 31.7792826214402], [35.2126141221156, 31.7792812862526], [35.2126200468945, 31.779304501059], [35.2126255694004, 31.7793034726032], [35.212628565587, 31.7793152107709], [35.2126980408417, 31.7793022720541], [35.2126995447484, 31.7793081663883], [35.2127186016666, 31.779304617301], [35.212697911336, 31.7792235467603], [35.2126884253317, 31.7791863789064]]]}, "properties": {"OBJECTID": 353, "CateTitle": "building", "rel_height": 12.0430297852, "med_height": 819.1950073242, "PID": "61702", "PARID": "-1", "CID": "33419", "bldg_ch": null, "mispar_komot": 4, "komot": "5", "Shape__Area": 166.31236267089844, "Shape__Length": 59.271906328923365}}, {"type": "Feature", "id": 354, "geometry": {"type": "Polygon", "coordinates": [[[35.2116505485097, 31.7785320349325], [35.2116503770583, 31.7785401406895], [35.2116030336055, 31.7785394128891], [35.2116029599733, 31.7785428813739], [35.2116035036776, 31.7785428894596], [35.2116022183005, 31.778603843164], [35.2117331265664, 31.7786058576091], [35.2117335798892, 31.7785843558892], [35.2117295047438, 31.7785842929953], [35.2117300243304, 31.7785596492574], [35.2117178326812, 31.7785594614748], [35.2117183880286, 31.7785330789852], [35.2116505485097, 31.7785320349325]]]}, "properties": {"OBJECTID": 354, "CateTitle": "building", "rel_height": 9.8289794922, "med_height": 811.1959838867, "PID": "61759", "PARID": "-1", "CID": "33454", "bldg_ch": null, "mispar_komot": 3, "komot": "4", "Shape__Area": 90.22370910644531, "Shape__Length": 40.993297768641256}}, {"type": "Feature", "id": 355, "geometry": {"type": "Polygon", "coordinates": [[[35.2115541757802, 31.7783959498722], [35.2115521729847, 31.7784909273749], [35.211550842342, 31.778554007623], [35.2115786367239, 31.7785544353331], [35.211578888122, 31.7785425102749], [35.2116029599733, 31.7785428813739], [35.2116030336055, 31.7785394128891], [35.2116503770583, 31.7785401406895], [35.2116505485097, 31.7785320349325], [35.2116510565464, 31.7785079350054], [35.2116757628865, 31.7785083150729], [35.2116755504169, 31.7785183760236], [35.2117471641838, 31.7785194784648], [35.2117491362771, 31.7784259240663], [35.2117388671394, 31.7784257659354], [35.2117392026629, 31.7784098917099], [35.2116719935076, 31.7784088575524], [35.2116716253672, 31.7784262937683], [35.2116332662798, 31.7784257034467], [35.2116338679355, 31.7783971763763], [35.2115541757802, 31.7783959498722]]]}, "properties": {"OBJECTID": 355, "CateTitle": "building", "rel_height": 13.214050293, "med_height": 814.1970214844, "PID": "61761", "PARID": "-1", "CID": "33456", "bldg_ch": null, "mispar_komot": 4, "komot": "4", "Shape__Area": 251.1912384033203, "Shape__Length": 78.20438419947264}}, {"type": "Feature", "id": 356, "geometry": {"type": "Polygon", "coordinates": [[[35.212039296485, 31.778363603276], [35.2120409113504, 31.7782689188854], [35.212040941822, 31.778267162999], [35.2120083270522, 31.7782667573224], [35.2120086769291, 31.7782462458281], [35.2119594797672, 31.7782456328048], [35.2119591382847, 31.7782656464823], [35.2119248301196, 31.7782652192408], [35.2119237152887, 31.7783305964714], [35.2119078813896, 31.7783303990022], [35.2119073812319, 31.7783597061608], [35.2118836293201, 31.7783594108552], [35.2118828223348, 31.7784067530489], [35.2119110252371, 31.778407104006], [35.2119104105523, 31.778443174077], [35.2119956875736, 31.7784442358897], [35.2119970713309, 31.7783630773268], [35.212039296485, 31.778363603276]]]}, "properties": {"OBJECTID": 356, "CateTitle": "building", "rel_height": 10.7620239258, "med_height": 813.0209960938, "PID": "61762", "PARID": "-1", "CID": "33457", "bldg_ch": null, "mispar_komot": 4, "komot": "4", "Shape__Area": 220.30259704589844, "Shape__Length": 73.43956975884535}}, {"type": "Feature", "id": 357, "geometry": {"type": "Polygon", "coordinates": [[[35.2121121699515, 31.7785210422875], [35.2121502484346, 31.7785237734526], [35.2121461714809, 31.7785652538794], [35.2121719685362, 31.778567103785], [35.2121712101091, 31.7785748271979], [35.2122295620328, 31.7785790117683], [35.2122291010711, 31.7785836923516], [35.2122963328518, 31.778588513946], [35.2123052840678, 31.7784974373657], [35.2121158249812, 31.7784838501413], [35.2121121699515, 31.7785210422875]]]}, "properties": {"OBJECTID": 357, "CateTitle": "building", "rel_height": 9.549987793, "med_height": 815.7130126953, "PID": "61763", "PARID": "-1", "CID": "33458", "bldg_ch": null, "mispar_komot": 3, "komot": "5", "Shape__Area": 154.53443908691406, "Shape__Length": 56.28666175511507}}, {"type": "Feature", "id": 358, "geometry": {"type": "Polygon", "coordinates": [[[35.2121463186205, 31.7783423151563], [35.2121456319217, 31.7783493044663], [35.2121291644971, 31.7783481240565], [35.2121207869562, 31.7784333593673], [35.2123102459406, 31.7784469465845], [35.2123176222863, 31.7783718867964], [35.2122601435855, 31.7783677644393], [35.2122618302488, 31.7783505986923], [35.2121463186205, 31.7783423151563]]]}, "properties": {"OBJECTID": 358, "CateTitle": "building", "rel_height": 14.3619995117, "med_height": 819.9559936523, "PID": "61764", "PARID": "-1", "CID": "33459", "bldg_ch": null, "mispar_komot": 5, "komot": "5", "Shape__Area": 173.15870666503906, "Shape__Length": 56.54214278434962}}, {"type": "Feature", "id": 359, "geometry": {"type": "Polygon", "coordinates": [[[35.2120195932178, 31.7785036170848], [35.2120197669857, 31.77848554418], [35.2118718858421, 31.7784836031752], [35.2118705886621, 31.7785400034881], [35.2118837832241, 31.7785397736446], [35.2118817349891, 31.7785646158782], [35.2120190070041, 31.778564485077], [35.2120192718472, 31.7785369861243], [35.2120370240469, 31.7785371113171], [35.212037345411, 31.7785037413758], [35.2120195932178, 31.7785036170848]]]}, "properties": {"OBJECTID": 359, "CateTitle": "building", "rel_height": 8.423034668, "med_height": 811.1270141602, "PID": "61770", "PARID": "-1", "CID": "33465", "bldg_ch": null, "mispar_komot": 3, "komot": "4", "Shape__Area": 127.69357299804688, "Shape__Length": 49.3950028226724}}, {"type": "Feature", "id": 360, "geometry": {"type": "Polygon", "coordinates": [[[35.2108581337569, 31.77926103482], [35.2108609844993, 31.7792492476141], [35.2108901356976, 31.7791286916392], [35.2108012221317, 31.7791130032131], [35.2107933759831, 31.7791454509435], [35.2107727600271, 31.7792307048068], [35.2107797554665, 31.7792319390762], [35.2107762155102, 31.7792465806414], [35.2108581337569, 31.77926103482]]]}, "properties": {"OBJECTID": 360, "CateTitle": "building", "rel_height": 14.6869506836, "med_height": 803.2069702148, "PID": "61771", "PARID": "-1", "CID": "33466", "bldg_ch": null, "mispar_komot": 5, "komot": "ייעוד עפ תוכנית אחרת", "Shape__Area": 127.74159240722656, "Shape__Length": 47.168531281760956}}, {"type": "Feature", "id": 361, "geometry": {"type": "Polygon", "coordinates": [[[35.2114287732579, 31.7795617630849], [35.2114422214922, 31.7795634686237], [35.2114516072022, 31.7795094793984], [35.2114381589756, 31.7795077729587], [35.2114495877133, 31.7794420344366], [35.2113918220405, 31.7794347065617], [35.2113879206396, 31.7794571481853], [35.2113698777724, 31.7794548594016], [35.2113533350339, 31.7795500135406], [35.2113616913496, 31.7795510736482], [35.2113591554837, 31.7795656547506], [35.2113701300784, 31.7795670465918], [35.2113678854744, 31.7795799601745], [35.2114166910228, 31.7795861522354], [35.2114187826034, 31.7795741179551], [35.2114264558471, 31.7795750915195], [35.2114287732579, 31.7795617630849]]]}, "properties": {"OBJECTID": 361, "CateTitle": "building", "rel_height": 11.4229736328, "med_height": 803.5419921875, "PID": "61772", "PARID": "-1", "CID": "33467", "bldg_ch": null, "mispar_komot": 4, "komot": "ייעוד עפ תוכנית אחרת", "Shape__Area": 116.53956604003906, "Shape__Length": 49.62369274802968}}, {"type": "Feature", "id": 362, "geometry": {"type": "Polygon", "coordinates": [[[35.2107720708229, 31.7792335591679], [35.2107727600271, 31.7792307048068], [35.2107933759831, 31.7791454509435], [35.2107245534303, 31.7791333065887], [35.2107213121597, 31.7791467090082], [35.2106961545764, 31.7791422704938], [35.2106780895493, 31.7792169762838], [35.2107720708229, 31.7792335591679]]]}, "properties": {"OBJECTID": 362, "CateTitle": "building", "rel_height": 13.1789550781, "med_height": 800.1099853516, "PID": "61773", "PARID": "-1", "CID": "33468", "bldg_ch": null, "mispar_komot": 4, "komot": "ייעוד עפ תוכנית אחרת", "Shape__Area": 86.98785400390625, "Shape__Length": 38.13170982800654}}, {"type": "Feature", "id": 363, "geometry": {"type": "Polygon", "coordinates": [[[35.2109094976069, 31.7791380400344], [35.2108964798536, 31.7791918769975], [35.2108840546638, 31.7791896843547], [35.2108712901939, 31.7792424733626], [35.2109456333978, 31.7792555904402], [35.2109516789307, 31.7792305883926], [35.21099620018, 31.7792384438304], [35.211015937814, 31.7791568207884], [35.2109094976069, 31.7791380400344]]]}, "properties": {"OBJECTID": 363, "CateTitle": "building", "rel_height": 6.7150268555, "med_height": 796.9190063477, "PID": "61774", "PARID": "-1", "CID": "33469", "bldg_ch": null, "mispar_komot": 2, "komot": "ייעוד עפ תוכנית אחרת", "Shape__Area": 119.27847290039062, "Shape__Length": 47.13848490056718}}, {"type": "Feature", "id": 364, "geometry": {"type": "Polygon", "coordinates": [[[35.2111913264349, 31.7792612393101], [35.2112028537703, 31.7792135691856], [35.2112276160758, 31.7791111611131], [35.2111694207246, 31.7791008922566], [35.2111480040562, 31.7791894640967], [35.2111232138441, 31.7791850896778], [35.2111115830395, 31.7792331872734], [35.211108340766, 31.7792465969174], [35.2111913264349, 31.7792612393101]]]}, "properties": {"OBJECTID": 364, "CateTitle": "building", "rel_height": 10.782043457, "med_height": 804.2520141602, "PID": "61775", "PARID": "-1", "CID": "33470", "bldg_ch": null, "mispar_komot": 4, "komot": "ייעוד עפ תוכנית אחרת", "Shape__Area": 112.34358215332031, "Shape__Length": 50.03800414330432}}, {"type": "Feature", "id": 365, "geometry": {"type": "Polygon", "coordinates": [[[35.2115653554035, 31.7791947612204], [35.2115584074522, 31.7792207274161], [35.21154081222, 31.7792864807261], [35.2115675788972, 31.7792917071919], [35.211563756096, 31.7793059952732], [35.211622812149, 31.7793175264775], [35.2116262169887, 31.7793048022104], [35.2116423711744, 31.7793079559309], [35.211662351621, 31.779233288675], [35.2116670957982, 31.779215559113], [35.2115653554035, 31.7791947612204]]]}, "properties": {"OBJECTID": 365, "CateTitle": "building", "rel_height": 8.0280151367, "med_height": 803.8060302734, "PID": "61776", "PARID": "-1", "CID": "33471", "bldg_ch": null, "mispar_komot": 3, "komot": "ייעוד עפ תוכנית אחרת", "Shape__Area": 112.47552490234375, "Shape__Length": 43.83197729387003}}, {"type": "Feature", "id": 366, "geometry": {"type": "Polygon", "coordinates": [[[35.211954904776, 31.77935454759], [35.211956821066, 31.7793429786608], [35.2119688527383, 31.7792703292475], [35.2117814057624, 31.7792476761026], [35.2117646559757, 31.779348817632], [35.2118209255922, 31.7793556178483], [35.211822888329, 31.7793437666422], [35.2118595610258, 31.7793481988479], [35.2118576257297, 31.7793598859179], [35.2119113541572, 31.7793663787155], [35.2119141294087, 31.7793496196417], [35.211954904776, 31.77935454759]]]}, "properties": {"OBJECTID": 366, "CateTitle": "building", "rel_height": 6.4430541992, "med_height": 805.4260253906, "PID": "61777", "PARID": "-1", "CID": "33472", "bldg_ch": null, "mispar_komot": 2, "komot": "ייעוד עפ תוכנית אחרת", "Shape__Area": 190.9636993408203, "Shape__Length": 61.13443833669558}}, {"type": "Feature", "id": 367, "geometry": {"type": "Polygon", "coordinates": [[[35.211494389767, 31.7792129905034], [35.2114719980586, 31.7793316722138], [35.2114698103838, 31.779343262795], [35.2114990853932, 31.7793468008894], [35.2115071162542, 31.7793167889785], [35.2115223149753, 31.7793197569883], [35.2115264850236, 31.7793041729435], [35.2115623692485, 31.7793111791329], [35.211563756096, 31.7793059952732], [35.2115675788972, 31.7792917071919], [35.21154081222, 31.7792864807261], [35.2115584074522, 31.7792207274161], [35.2115653554035, 31.7791947612204], [35.2115672731348, 31.7791875986915], [35.2115017592314, 31.7791765566198], [35.2114956989004, 31.7792131491544], [35.211494389767, 31.7792129905034]]]}, "properties": {"OBJECTID": 367, "CateTitle": "building", "rel_height": 8.5629882812, "med_height": 802.9760131836, "PID": "61778", "PARID": "-1", "CID": "33473", "bldg_ch": null, "mispar_komot": 3, "komot": "ייעוד עפ תוכנית אחרת", "Shape__Area": 103.18414306640625, "Shape__Length": 54.192868473136926}}, {"type": "Feature", "id": 368, "geometry": {"type": "Polygon", "coordinates": [[[35.211662351621, 31.779233288675], [35.2116423711744, 31.7793079559309], [35.2116386887571, 31.7793217182331], [35.2117036687021, 31.7793344070263], [35.2117192767829, 31.7792401682609], [35.2117215096716, 31.7792266829048], [35.2116670957982, 31.779215559113], [35.211662351621, 31.779233288675]]]}, "properties": {"OBJECTID": 368, "CateTitle": "building", "rel_height": 6.7360229492, "med_height": 802.5430297852, "PID": "61779", "PARID": "-1", "CID": "33474", "bldg_ch": null, "mispar_komot": 2, "komot": "ייעוד עפ תוכנית אחרת", "Shape__Area": 69.94380187988281, "Shape__Length": 35.75213063514475}}, {"type": "Feature", "id": 369, "geometry": {"type": "Polygon", "coordinates": [[[35.2115848948425, 31.7788370935973], [35.2115838294925, 31.7788629485369], [35.2117229762257, 31.7788671296505], [35.2117259835384, 31.778794095688], [35.211591381878, 31.7787900514005], [35.2115922406886, 31.7787692043953], [35.2115590756595, 31.778768207929], [35.211556274755, 31.7788362339532], [35.2115848948425, 31.7788370935973]]]}, "properties": {"OBJECTID": 369, "CateTitle": "building", "rel_height": 9.5380249023, "med_height": 810.0650024414, "PID": "61780", "PARID": "-1", "CID": "33475", "bldg_ch": null, "mispar_komot": 3, "komot": "4", "Shape__Area": 128.33758544921875, "Shape__Length": 52.634255930061045}}, {"type": "Feature", "id": 370, "geometry": {"type": "Polygon", "coordinates": [[[35.2110484264984, 31.7797358559681], [35.2110561726034, 31.7797369016982], [35.2110537695953, 31.7797498991545], [35.2111149740799, 31.7797581577006], [35.211137599401, 31.7796358127709], [35.2110686488989, 31.7796265085067], [35.2110484264984, 31.7797358559681]]]}, "properties": {"OBJECTID": 370, "CateTitle": "building", "rel_height": 9.9349975586, "med_height": 798.7600097656, "PID": "61782", "PARID": "-1", "CID": "33477", "bldg_ch": null, "mispar_komot": 3, "komot": "ייעוד עפ תוכנית אחרת", "Shape__Area": 89.72764587402344, "Shape__Length": 40.69262172421952}}, {"type": "Feature", "id": 371, "geometry": {"type": "Polygon", "coordinates": [[[35.211137599401, 31.7796358127709], [35.2111149740799, 31.7797581577006], [35.2111125235891, 31.7797714085778], [35.2111600728956, 31.7797778253616], [35.2111624769454, 31.7797648288051], [35.2112084521141, 31.7797710328201], [35.2112311248052, 31.7796484335524], [35.211137599401, 31.7796358127709]]]}, "properties": {"OBJECTID": 371, "CateTitle": "building", "rel_height": 9.8530273438, "med_height": 799.7890014648, "PID": "61783", "PARID": "-1", "CID": "33478", "bldg_ch": null, "mispar_komot": 3, "komot": "ייעוד עפ תוכנית אחרת", "Shape__Area": 130.08567810058594, "Shape__Length": 48.380796878158094}}, {"type": "Feature", "id": 372, "geometry": {"type": "Polygon", "coordinates": [[[35.2103752649037, 31.7794864122476], [35.2103334332955, 31.7794733456307], [35.2103193147983, 31.7795063266108], [35.2103007586319, 31.7795005295385], [35.2102750360133, 31.7795606176834], [35.21029359219, 31.7795664138576], [35.2102878592783, 31.7795798082642], [35.2104166334812, 31.7796200324537], [35.2104622073706, 31.7795135697749], [35.2104092996797, 31.7794970433472], [35.2103795268413, 31.7795665929175], [35.2103454920432, 31.77955596181], [35.2103752649037, 31.7794864122476]]]}, "properties": {"OBJECTID": 372, "CateTitle": "building", "rel_height": 11.0980224609, "med_height": 791.6760253906, "PID": "61784", "PARID": "-1", "CID": "33479", "bldg_ch": null, "mispar_komot": 4, "komot": "3", "Shape__Area": 148.33633422851562, "Shape__Length": 71.27961728241387}}, {"type": "Feature", "id": 373, "geometry": {"type": "Polygon", "coordinates": [[[35.2109525876522, 31.7797498259499], [35.2109776636917, 31.779614230174], [35.2108223153215, 31.7795932658074], [35.210797239061, 31.7797288615531], [35.2109525876522, 31.7797498259499]]]}, "properties": {"OBJECTID": 373, "CateTitle": "building", "rel_height": 9.8709716797, "med_height": 796.6939697266, "PID": "61785", "PARID": "-1", "CID": "33480", "bldg_ch": null, "mispar_komot": 3, "komot": "ייעוד עפ תוכנית אחרת", "Shape__Area": 226.7610321044922, "Shape__Length": 60.23785164452132}}]}