{"type":"FeatureCollection","features":[{"type":"Feature","properties":{"name":"סובב גילה ה'","type":"מוצע בשטח פתוח","status":"רשת שבילי אופניים-תוכנית אסטרטגית","length":1256.3},"geometry":{"type":"MultiLineString","coordinates":[[[35.1765078189546,31.7410683507819],[35.1761117232802,31.7409461788008],[35.1758121348576,31.7407708913719],[35.1754213919312,31.7403564760234],[35.1752629735303,31.7400280992909],[35.1751948054459,31.7396108994405],[35.1753206924186,31.738816698095],[35.175398535489,31.738179472773],[35.1753045760774,31.737228954475],[35.1751414985609,31.7357197908371],[35.1751688753054,31.7353586470404],[35.1756187970838,31.7351024498198],[35.1760960563648,31.7345899566044],[35.1767640911713,31.7342755532072],[35.177132115675,31.7343571828543]],[[35.1765137018378,31.7410804954288],[35.1773383643313,31.7408594141029],[35.1778539122929,31.7406276685767],[35.1781579116191,31.7401454763387],[35.1785216201681,31.7395659167857],[35.1788282456259,31.7390909778526]]]}},{"type":"Feature","properties":{"name":"מהמרגלית לאבנר חי שאקי","type":"מוצע כשביל נפרד בתחום זכות הדרך","status":"רשת שבילי אופניים-תוכנית אסטרטגית","length":493.8},"geometry":{"type":"LineString","coordinates":[[35.1759278890332,31.7361801921688],[35.1761239216571,31.7355332606343],[35.1763849940855,31.7350348664396],[35.1769377168274,31.7344053620184],[35.1776054944079,31.7339398451202],[35.1791011008192,31.7327954725857]]}},{"type":"Feature","properties":{"name":"גילה ד' - מלחה","type":"מוצע בשטח פתוח","status":"רשת שבילי אופניים-תוכנית אסטרטגית","length":2150.0},"geometry":{"type":"LineString","coordinates":[[35.184481245395,31.732672391356],[35.1845727821081,31.7331684496849],[35.1847254428334,31.7335339794499],[35.185326165775,31.7337690388841],[35.186059331861,31.7336647160569],[35.1863851454793,31.7338127051213],[35.1865683473008,31.734256559685],[35.1862933121205,31.7347960772291],[35.1863135961125,31.7352138003926],[35.1864662603251,31.7356141383548],[35.1862726921068,31.7361014520229],[35.1856718118123,31.7365625986554],[35.1853052435662,31.736484221618],[35.1846535523163,31.73642320446],[35.1842361015941,31.7362055766945],[35.1838288387974,31.7359705435499],[35.184042598423,31.7363360838095],[35.18426653923,31.7367190300414],[35.184846844814,31.73729348675],[35.1855290101661,31.7377548228005],[35.1856714760007,31.7382334818279],[35.185671362308,31.7387991453072],[35.1857730201113,31.739669411485],[35.1859969320256,31.7402699177189],[35.1864143278193,31.7408878556586],[35.1871269818028,31.7418713381435],[35.1875953583083,31.7422195006971],[35.1872794525431,31.7434030000171],[35.1871469552169,31.7439947527451],[35.1867904599131,31.7443428039266],[35.186352516235,31.7445603058228],[35.1857923625378,31.7447951931612],[35.1856191892019,31.7450388374967],[35.1850793927081,31.7452998322097],[35.1845294293744,31.7454650957281],[35.184346065362,31.7457174395295]]}},{"type":"Feature","properties":{"name":"גבעת קנדה","type":"מוצע כדרך משולבת","status":"רשת שבילי אופניים-תוכנית אסטרטגית","length":568.5},"geometry":{"type":"LineString","coordinates":[[35.1890033996476,31.7366958474144],[35.1888572779317,31.7374476814275],[35.1888340343137,31.7381316707728],[35.1887607111437,31.7385618742588],[35.1882980247,31.7386492029535],[35.1878303066334,31.7386665342882],[35.1875831810803,31.7383475196838],[35.187586178319,31.7379074738773],[35.1878390006935,31.7373267608749],[35.1880271644384,31.7371403968547],[35.1884251821715,31.737053821299],[35.1888938167614,31.7370789369183]]}},{"type":"Feature","properties":{"name":"גדוד העבודה","type":"מוצע כשביל נפרד בתחום זכות הדרך","status":"רשת שבילי אופניים-תוכנית אסטרטגית","length":1236.2},"geometry":{"type":"LineString","coordinates":[[35.2194731832948,31.7422246922531],[35.2185468797651,31.7423014050126],[35.2173216749303,31.7423015353219],[35.2171625517886,31.7422607581736],[35.2171307042878,31.7420839913942],[35.2171306633041,31.7417848426932],[35.216541937219,31.7418256934468],[35.2160486845257,31.7418937279479],[35.2156667754372,31.7416626020153],[35.2155712506106,31.741200288856],[35.2155871238846,31.7408875415761],[35.2163508504489,31.7406835069412],[35.2170509272607,31.7404794740675],[35.2174646022461,31.7403162602891],[35.2175281898564,31.7399083233299],[35.2171621782975,31.739541223349],[35.2171938931328,31.738752554395],[35.2172734074312,31.738453397514],[35.2189917985489,31.7384124188552],[35.2206014526534,31.7385741651517],[35.2205954594533,31.7385969330342]]}},{"type":"Feature","properties":{"name":"הרוזמרין","type":"מוצע כשביל נפרד בתחום זכות הדרך","status":"רשת שבילי אופניים-תוכנית אסטרטגית","length":278.1},"geometry":{"type":"LineString","coordinates":[[35.2028618292543,31.7320765940862],[35.2044128121484,31.7319429330678],[35.2050710007288,31.7318371083943],[35.2057748061824,31.7317869761378]]}},{"type":"Feature","properties":{"name":"דרך חברון-רמת רחל","type":"מוצע בשטח פתוח","status":"רשת שבילי אופניים-תוכנית אסטרטגית","length":307.4},"geometry":{"type":"LineString","coordinates":[[35.2136086973429,31.7398291696505],[35.2139801827445,31.7398402818171],[35.2141496461491,31.7399683699236],[35.2141170869992,31.7402301432785],[35.2142279156644,31.7405587423555],[35.2145994271219,31.7407703575193],[35.2149579152186,31.7410710877201],[35.2150817715633,31.7412994311839],[35.2153164252657,31.7415389037627],[35.2156357855104,31.7416057117843]]}},{"type":"Feature","properties":{"name":"עולי הגרדום","type":"מוצע כשביל נפרד בתחום זכות הדרך","status":"רשת שבילי אופניים-תוכנית אסטרטגית","length":1538.1},"geometry":{"type":"LineString","coordinates":[[35.2396131534929,31.7458886616225],[35.2393608626953,31.7460639452952],[35.2387456657015,31.7458166949526],[35.2380833196935,31.7457564707394],[35.2377228675048,31.7459441873261],[35.2374966116121,31.7463227987102],[35.2374676507496,31.747084274966],[35.2375474898673,31.7478593208759],[35.2374521931111,31.7483624589801],[35.2371819720766,31.7492055836384],[35.2371980964626,31.7498038770518],[35.237182643236,31.7511092556197],[35.2368645442486,31.7515852550619],[35.2361646504058,31.7524420830711],[35.2355919525813,31.7529997287708],[35.2346689956266,31.7530951348976],[35.2334436487844,31.753095420287],[35.2324251912134,31.7531364416603],[35.2321228655732,31.7532452883394],[35.2321548671795,31.7538299805535],[35.2320594734223,31.7541291494396],[35.231391154295,31.7543332576181]]}},{"type":"Feature","properties":{"name":"בית\"ר","type":"מוצע כשביל נפרד בתחום זכות הדרך","status":"רשת שבילי אופניים-תוכנית אסטרטגית","length":958.0},"geometry":{"type":"LineString","coordinates":[[35.2223787220485,31.7473688664777],[35.2228760646043,31.7482838229128],[35.2237198489565,31.7502417604362],[35.2242133819196,31.7513023011408],[35.2244047216977,31.7530699663006],[35.2246757658207,31.7554223161607],[35.2247394779332,31.7556806609341]]}},{"type":"Feature","properties":{"name":"מוזס זיגפריד","type":"מוצע כדרך משולבת","status":"רשת שבילי אופניים-תוכנית אסטרטגית","length":171.7},"geometry":{"type":"LineString","coordinates":[[35.2233850382229,31.7471279465701],[35.2223030455148,31.7474544478466],[35.2216665704417,31.747617707571]]}},{"type":"Feature","properties":{"name":"קורא הדורות","type":"מוצע כדרך משולבת","status":"רשת שבילי אופניים-תוכנית אסטרטגית","length":797.8},"geometry":{"type":"LineString","coordinates":[[35.2204728056228,31.7457957769916],[35.2211094634547,31.74670673853],[35.2216347503705,31.7476449070319],[35.2224466706756,31.7495756623603],[35.222781091454,31.7508265980342],[35.2229404378676,31.7519007894114],[35.223147443879,31.7525534466848]]}},{"type":"Feature","properties":{"name":"עין גדי","type":"מוצע כדרך משולבת","status":"רשת שבילי אופניים-תוכנית אסטרטגית","length":299.5},"geometry":{"type":"LineString","coordinates":[[35.2242454260521,31.7523221202973],[35.2231792844198,31.7526214302596],[35.2223955365825,31.7529404465817],[35.2213519775541,31.7533935304952]]}},{"type":"Feature","properties":{"name":"עין גדי","type":"מוצע כשביל נפרד בתחום זכות הדרך","status":"רשת שבילי אופניים-תוכנית אסטרטגית","length":102.7},"geometry":{"type":"LineString","coordinates":[[35.2213467669427,31.7534058972822],[35.2206097558102,31.7537997602703],[35.2204199945448,31.7538851727435]]}},{"type":"Feature","properties":{"name":"קורא הדורות","type":"מוצע כדרך משולבת","status":"רשת שבילי אופניים-תוכנית אסטרטגית","length":753.1},"geometry":{"type":"LineString","coordinates":[[35.2242133964132,31.7513702894201],[35.2232108222561,31.7511936718129],[35.2222877919491,31.7508810594869],[35.2213805745936,31.7499837379437],[35.220489120928,31.7481209752404],[35.2197727548128,31.7463533673084]]}},{"type":"Feature","properties":{"name":"ים המלח","type":"מוצע כדרך משולבת","status":"רשת שבילי אופניים-תוכנית אסטרטגית","length":387.3},"geometry":{"type":"LineString","coordinates":[[35.2234805074796,31.7471007371457],[35.2243082552463,31.7484739739007],[35.2247223394941,31.7500784326145],[35.2248497061385,31.7503639625091]]}},{"type":"Feature","properties":{"name":"אליהו לנקין","type":"מוצע כשביל נפרד בתחום זכות הדרך","status":"רשת שבילי אופניים-תוכנית אסטרטגית","length":370.6},"geometry":{"type":"LineString","coordinates":[[35.2239528199872,31.7506028695994],[35.2256453005784,31.7500918790466],[35.2266797065281,31.7503228622378],[35.2276822972477,31.7505810388814]]}},{"type":"Feature","properties":{"name":"יהודה","type":"מוצע כשביל נפרד בתחום זכות הדרך","status":"רשת שבילי אופניים-תוכנית אסטרטגית","length":572.7},"geometry":{"type":"LineString","coordinates":[[35.2209790842898,31.7567433262616],[35.2208407408919,31.7568234261633],[35.219710877734,31.7571091180181],[35.2182149898441,31.757476425432],[35.2170532810402,31.7577620962446],[35.2163212455401,31.7579661315945],[35.2151594995851,31.7580342233913]]}},{"type":"Feature","properties":{"name":"דרך חברון","type":"מוצע כשביל נפרד בתחום זכות הדרך","status":"רשת שבילי אופניים-תוכנית אסטרטגית","length":1278.3},"geometry":{"type":"LineString","coordinates":[[35.2167741650409,31.7456823098299],[35.2178933302267,31.7479555556522],[35.2193857131544,31.7514610337809],[35.2204553222806,31.753967970244],[35.221475026379,31.7552213705986],[35.2221963112158,31.7561773556667]]}},{"type":"Feature","properties":{"name":"צרת","type":"מוצע כדרך משולבת","status":"רשת שבילי אופניים-תוכנית אסטרטגית","length":181.5},"geometry":{"type":"LineString","coordinates":[[35.2126472897509,31.7523357793675],[35.2117374551029,31.7524730300854],[35.2107985781638,31.7527450339155]]}},{"type":"Feature","properties":{"name":"החרושת","type":"מוצע כשביל נפרד בתחום זכות הדרך","status":"רשת שבילי אופניים-תוכנית אסטרטגית","length":266.7},"geometry":{"type":"LineString","coordinates":[[35.213837423046,31.7463280828914],[35.2140031924497,31.7466378093464],[35.2143212768896,31.74741040409],[35.2147534607108,31.7484104061418],[35.214643519136,31.748561733863],[35.2146448184492,31.7485628385189]]}},{"type":"Feature","properties":{"name":"האומן","type":"מוצע כשביל נפרד בתחום זכות הדרך","status":"רשת שבילי אופניים-תוכנית אסטרטגית","length":213.7},"geometry":{"type":"LineString","coordinates":[[35.2135668283133,31.7456007073481],[35.213837423046,31.7463280828914],[35.2126465814537,31.7468940548584]]}},{"type":"Feature","properties":{"name":"מקור חיים","type":"מוצע כדרך משולבת","status":"רשת שבילי אופניים-תוכנית אסטרטגית","length":960.3},"geometry":{"type":"LineString","coordinates":[[35.2102529996071,31.7509518671513],[35.2105007278539,31.7515867903812],[35.2107680238815,31.7523720901911],[35.2107354584942,31.7527452553257],[35.2112309246662,31.7538814267072],[35.2117589936935,31.7550175949763],[35.2122609846118,31.7559476874551],[35.2129715417107,31.7564878921963],[35.2139168032128,31.7573399729361],[35.2143210004635,31.7578022182624],[35.2145882848752,31.7580249805435],[35.2151228060779,31.758024936596]]}},{"type":"Feature","properties":{"name":"ברל לוקר","type":"מוצע כשביל נפרד בתחום זכות הדרך","status":"רשת שבילי אופניים-תוכנית אסטרטגית","length":615.0},"geometry":{"type":"LineString","coordinates":[[35.2008662675149,31.7521343772684],[35.2004834902157,31.7516138276193],[35.2007854241877,31.7511270242299],[35.2009777100326,31.7508033898234],[35.2011118022457,31.7502330403935],[35.2011790439474,31.7498892677752],[35.2013610768732,31.7495962861856],[35.2016228691096,31.7494305771702],[35.2018711750917,31.7493593554715],[35.2022924209358,31.7493465334201],[35.2026031696479,31.7494681492485],[35.2029246875932,31.7497179211434],[35.2029500835901,31.7499427856875],[35.2029719712068,31.7506064482916],[35.2029978080786,31.7509459345887]]}},{"type":"Feature","properties":{"name":"קנאי הגליל","type":"מוצע כשביל נפרד בתחום זכות הדרך","status":"רשת שבילי אופניים-תוכנית אסטרטגית","length":763.0},"geometry":{"type":"LineString","coordinates":[[35.1998433995853,31.7562875958525],[35.1999928732349,31.7557195023484],[35.2002360446294,31.7548617924951],[35.2005931124423,31.7539985166082],[35.2010820107657,31.7532187863636],[35.2019098456259,31.7524000744211],[35.202483450947,31.7520491998983],[35.2030091616592,31.7518494525233],[35.2034025116921,31.7517595909187],[35.2046474703637,31.7515145324799]]}},{"type":"Feature","properties":{"name":"יעקב פת","type":"מוצע כשביל נפרד בתחום זכות הדרך","status":"רשת שבילי אופניים-תוכנית אסטרטגית","length":485.3},"geometry":{"type":"LineString","coordinates":[[35.1997233586492,31.7534380473085],[35.2002937357134,31.7527157596577],[35.2008131736663,31.7521936251915],[35.2016686989752,31.7515322567246],[35.2030232499094,31.7509579131669],[35.203643928791,31.7508458901824]]}},{"type":"Feature","properties":{"name":"יוסף בן יועזר","type":"מוצע כשביל נפרד בתחום זכות הדרך","status":"רשת שבילי אופניים-תוכנית אסטרטגית","length":1133.4},"geometry":{"type":"LineString","coordinates":[[35.2048380927634,31.7507360711191],[35.204580475522,31.7513017341847],[35.2046729949533,31.7515479737335],[35.2049786736451,31.7518890864586],[35.2055795689315,31.7523329098013],[35.205946221528,31.7526984099648],[35.2063739917539,31.7533684962149],[35.2065064018389,31.7537252971606],[35.2066897411995,31.7542648486082],[35.2070666012525,31.7550219576561],[35.207575871606,31.7557442528618],[35.2088082973701,31.7566231677895],[35.2094907257376,31.7571104816693],[35.2101018741555,31.7577718446558],[35.2103361617008,31.758206958296],[35.210427858523,31.75865948391],[35.2104584463186,31.7591468217224]]}},{"type":"Feature","properties":{"name":"אנטיגונוס","type":"מוצע כדרך משולבת","status":"רשת שבילי אופניים-תוכנית אסטרטגית","length":590.9},"geometry":{"type":"LineString","coordinates":[[35.2051823913566,31.7548479337949],[35.2058953444822,31.7555180193112],[35.2066897891636,31.7561968012113],[35.207616657665,31.7570583280863],[35.2083703853579,31.7577022909957],[35.208869467569,31.7578589192777],[35.209317614498,31.7578066877368],[35.2099185319244,31.7576326134555]]}},{"type":"Feature","properties":{"name":"יוחנן בן זכאי","type":"מוצע כשביל נפרד בתחום זכות הדרך","status":"רשת שבילי אופניים-תוכנית אסטרטגית","length":1186.6},"geometry":{"type":"LineString","coordinates":[[35.2150966203099,31.759501525918],[35.2145537348755,31.7590070939939],[35.2141149715879,31.758946436891],[35.2130353448951,31.7591553746173],[35.2121594135847,31.759277266598],[35.2108556811811,31.7592251245796],[35.2103565927683,31.7591381237482],[35.2086047025719,31.7589728462292],[35.2078000484306,31.7586421759557],[35.2061703723915,31.7572672164868],[35.2051111085402,31.7563534649721],[35.2043981546682,31.755722006557]]}},{"type":"Feature","properties":{"name":"אצטדיון טדי","type":"מוצע כשביל נפרד בתחום זכות הדרך","status":"רשת שבילי אופניים-תוכנית אסטרטגית","length":352.8},"geometry":{"type":"LineString","coordinates":[[35.1936330191363,31.7522802471922],[35.1931747123983,31.7522715049097],[35.1930933223945,31.7515491903791],[35.1930221407664,31.7506528268581],[35.1931852303604,31.7494954088217]]}},{"type":"Feature","properties":{"name":"דוד איילון","type":"מוצע כשביל נפרד בתחום זכות הדרך","status":"רשת שבילי אופניים-תוכנית אסטרטגית","length":277.4},"geometry":{"type":"LineString","coordinates":[[35.190292447938,31.7524017563531],[35.1916470568513,31.7520015844619],[35.1930322183544,31.7515230774449]]}},{"type":"Feature","properties":{"name":"אברהם אלמליח","type":"מוצע כדרך משולבת","status":"רשת שבילי אופניים-תוכנית אסטרטגית","length":371.4},"geometry":{"type":"LineString","coordinates":[[35.1931820451904,31.7522659357612],[35.1927387680164,31.7526112114786],[35.1920542684178,31.7533017770341],[35.191695693324,31.7538364229412],[35.1916564706967,31.7546607193091],[35.1916759594001,31.7551508457175]]}},{"type":"Feature","properties":{"name":"אגודת ספורט מכבי","type":"מוצע כשביל נפרד בתחום זכות הדרך","status":"רשת שבילי אופניים-תוכנית אסטרטגית","length":334.8},"geometry":{"type":"LineString","coordinates":[[35.1853734335365,31.751617892405],[35.1859031000146,31.7512611680197],[35.186809620916,31.7507304441723],[35.1877568382889,31.750373768922],[35.188320763799,31.7502938953873],[35.1884738873743,31.750282781317]]}},{"type":"Feature","properties":{"name":"יעקב גאוני","type":"מוצע כדרך משולבת","status":"רשת שבילי אופניים-תוכנית אסטרטגית","length":951.4},"geometry":{"type":"LineString","coordinates":[[35.1807486561996,31.7555419442577],[35.1804432346311,31.755045844922],[35.1801378253904,31.7545149354286],[35.1799037044498,31.7540188482678],[35.1796797608108,31.7535575729099],[35.1793132221345,31.7531397813507],[35.1790689145685,31.7526785008493],[35.178590383052,31.7521475529466],[35.1780404698027,31.7519559851287],[35.1769099145016,31.7521820111372],[35.1766246320061,31.752564859947],[35.1763597004619,31.7529999266689],[35.176288013049,31.7543052848281],[35.1759415579314,31.7548621672214],[35.1756359582337,31.7550361482875]]}},{"type":"Feature","properties":{"name":"גן העכביש","type":"מוצע כשביל נפרד בתחום זכות הדרך","status":"רשת שבילי אופניים-תוכנית אסטרטגית","length":584.3},"geometry":{"type":"LineString","coordinates":[[35.1722345733389,31.7539475245236],[35.1726112407789,31.7544436604865],[35.1730084060199,31.754574296361],[35.1734260257677,31.7544525638365],[35.1736399910988,31.7542002434981],[35.1738947935762,31.7536433454136],[35.1743329608989,31.7529559517442],[35.1746284585031,31.7525121944785],[35.1746693947483,31.7518943267673],[35.1745779677518,31.7511632952635],[35.1744966112932,31.7507890692]]}},{"type":"Feature","properties":{"name":"קוסטה ריקה","type":"מוצע כשביל נפרד בתחום זכות הדרך","status":"רשת שבילי אופניים-תוכנית אסטרטגית","length":1010.4},"geometry":{"type":"LineString","coordinates":[[35.1668152908533,31.7526563123735],[35.1679676177546,31.7527367297893],[35.1689860250691,31.752893661751],[35.1695055407103,31.7526327300064],[35.1703509780847,31.7523283713895],[35.1711455028889,31.7519804807701],[35.1723780343214,31.7514064320925],[35.1729382263565,31.7512760340256],[35.1733761256727,31.7513805713526],[35.1736407933879,31.7517722471524],[35.1736508661953,31.7521116471295],[35.1734368593894,31.7525032078701],[35.17308016203,31.7531993204426],[35.1723466447287,31.7538344199679],[35.1721694881007,31.7539917543792]]}},{"type":"Feature","properties":{"name":"הרקפת","type":"מוצע כדרך משולבת","status":"רשת שבילי אופניים-תוכנית אסטרטגית","length":480.3},"geometry":{"type":"LineString","coordinates":[[35.1679871060224,31.7549906809276],[35.1679260579359,31.7548340185311],[35.1679567727736,31.7544250102425],[35.1677429834575,31.7541899815088],[35.1674069361294,31.7540593469674],[35.166755186415,31.7538677018165],[35.1661950976752,31.7536847827275],[35.1658081850523,31.7534235912257],[35.1653804186576,31.7534408657089],[35.1651257089995,31.7536583502588],[35.1649829051769,31.7541717532732],[35.1648847218161,31.7545828286301]]}},{"type":"Feature","properties":{"name":"הסביון","type":"מוצע כדרך משולבת","status":"רשת שבילי אופניים-תוכנית אסטרטגית","length":303.3},"geometry":{"type":"LineString","coordinates":[[35.1649623873261,31.7545198462281],[35.1653189338273,31.7543372044892],[35.1658282332043,31.7541981193437],[35.1663374324661,31.7543027023689],[35.1666937991599,31.7545551804008],[35.1668668467489,31.7547901988918],[35.1668768741058,31.7551818141983],[35.166835968937,31.755590819173]]}},{"type":"Feature","properties":{"name":"יונה מיכאל אבי","type":"מוצע כשביל נפרד בתחום זכות הדרך","status":"רשת שבילי אופניים-תוכנית אסטרטגית","length":1192.5},"geometry":{"type":"LineString","coordinates":[[35.1899667850765,31.7591581458883],[35.1899372797316,31.7590799716298],[35.1896979403753,31.7587148418236],[35.1893570481264,31.7585019101169],[35.188803869853,31.7583022701448],[35.1883244738225,31.7579975993222],[35.1880139215174,31.7575377925377],[35.1878451844467,31.7571047106578],[35.1877556093058,31.7567313229229],[35.187710098118,31.7563169033591],[35.1877787351927,31.7557606205408],[35.1879315674774,31.7552455393718],[35.1880947224824,31.7549603773078],[35.1884125767003,31.7547566629359],[35.1887095020223,31.7547082924014],[35.1891075258247,31.7547943622596],[35.1895297116029,31.7550356582429],[35.1902180744242,31.7553823640934],[35.1905172449483,31.7556654507471],[35.1908220981537,31.756330447569],[35.1914533062379,31.7565916773238],[35.1922174097348,31.7568813031425],[35.1927888170217,31.7571936172176],[35.1928818846582,31.7568643326158],[35.1932127903603,31.7568440723613]]}},{"type":"Feature","properties":{"name":"הרב הרצוג","type":"מוצע כשביל נפרד בתחום זכות הדרך","status":"רשת שבילי אופניים-תוכנית אסטרטגית","length":668.5},"geometry":{"type":"LineString","coordinates":[[35.1972848907741,31.7573629786693],[35.1980361208384,31.758020252434],[35.1990903821522,31.758796069393],[35.1998517145808,31.7596063395337],[35.2000971050784,31.7604095020337],[35.2000527024951,31.7609684920375],[35.2000441393994,31.76195452951],[35.2000995049771,31.7624584408671]]}},{"type":"Feature","properties":{"name":"עמק הצבאים","type":"מוצע בשטח פתוח","status":"רשת שבילי אופניים-תוכנית אסטרטגית","length":1374.6},"geometry":{"type":"LineString","coordinates":[[35.1997632458121,31.7609736521448],[35.1998425845515,31.7606185342547],[35.1997823298315,31.760035700322],[35.1995158443341,31.7594745461381],[35.1989130488995,31.758921509285],[35.198046932224,31.7582546007248],[35.1976820646217,31.7582925343617],[35.1970964418707,31.7589910632649],[35.19668586857,31.7594212276305],[35.1961281108393,31.7599175629934],[35.195903432619,31.760374209397],[35.1955702194514,31.761750786883],[35.1954539715121,31.7623199501822],[35.195058848801,31.7629552758925],[35.1946458351195,31.7633089082317],[35.1941737441697,31.7637431953426],[35.1936895029505,31.7645394163235],[35.1935562899712,31.7651495270985],[35.1933020620421,31.7655321238193],[35.1928783949195,31.7657595887576]]}},{"type":"Feature","properties":{"name":"שח\"ל","type":"מוצע כשביל נפרד בתחום זכות הדרך","status":"רשת שבילי אופניים-תוכנית אסטרטגית","length":1202.0},"geometry":{"type":"LineString","coordinates":[[35.1947098654781,31.7667806089433],[35.1942528761739,31.7662114024392],[35.1941677148526,31.7657414985577],[35.1943316433737,31.7650320390003],[35.1944699798835,31.7643450682279],[35.194919322567,31.7638619688202],[35.1954616134684,31.7634119656635],[35.196127854193,31.7628097479361],[35.1966004386862,31.7621016223433],[35.1968173742553,31.7616052653068],[35.1968638824322,31.761214789679],[35.1971505591808,31.7603478126554],[35.1974526799684,31.7600367709453],[35.1980878654508,31.7599441475813],[35.1988392245625,31.7601030214958],[35.199420158918,31.760513377975],[35.1994975995904,31.7609038593911],[35.1994046130708,31.7615193549613],[35.1992184007168,31.7617086417846]]}},{"type":"Feature","properties":{"name":"טיילת מעלה שלמה","type":"מוצע בשטח פתוח","status":"רשת שבילי אופניים-תוכנית אסטרטגית","length":178.5},"geometry":{"type":"LineString","coordinates":[[35.199412265289,31.7632864333895],[35.2000010601862,31.7617576348785]]}},{"type":"Feature","properties":{"name":"ברודצקי","type":"מוצע כשביל נפרד בתחום זכות הדרך","status":"רשת שבילי אופניים-תוכנית אסטרטגית","length":1214.1},"geometry":{"type":"LineString","coordinates":[[35.1981707215842,31.7792782699454],[35.1980950726748,31.7791005296167],[35.1984733879046,31.7789228120058],[35.1985679804049,31.7786642910089],[35.1984355999635,31.7782603385676],[35.1983221603704,31.7774847561593],[35.198303283012,31.7769030730775],[35.1985303068294,31.7761759804544],[35.1987951782489,31.7750610998668],[35.1992491999531,31.7736715433451],[35.1991735716454,31.7731706465369],[35.1990033844663,31.772492009787],[35.1987764640284,31.7717325805422],[35.1986819356907,31.7710862613222],[35.1984361053027,31.770359146168],[35.1981524413947,31.7697936071864],[35.1977174475401,31.7696320066007],[35.1970743838813,31.7697773925065],[35.19706093757,31.7697994057045]]}},{"type":"Feature","properties":{"name":"דוד המלך","type":"מוצע כשביל נפרד בתחום זכות הדרך","status":"רשת שבילי אופניים-תוכנית אסטרטגית","length":155.2},"geometry":{"type":"LineString","coordinates":[[35.2219692509634,31.7748672771917],[35.2221618888385,31.7739024557754],[35.2223133126794,31.7735023974038]]}},{"type":"Feature","properties":{"name":"קרן היסוד","type":"מוצע כשביל נפרד בתחום זכות הדרך","status":"רשת שבילי אופניים-תוכנית אסטרטגית","length":619.6},"geometry":{"type":"LineString","coordinates":[[35.2228638526546,31.7716315568648],[35.2207843985,31.7727495926369],[35.2191869422978,31.7738557728276],[35.2178236150672,31.7751383950819]]}},{"type":"Feature","properties":{"name":"אגרון","type":"מוצע בשטח פתוח","status":"רשת שבילי אופניים-תוכנית אסטרטגית","length":561.0},"geometry":{"type":"LineString","coordinates":[[35.2227411183702,31.7777968494528],[35.2220524500352,31.7778204786081],[35.2212810715698,31.777455843566],[35.2199311491026,31.7766794743163],[35.218112918045,31.7756089965099],[35.217823630382,31.7752442875065]]}},{"type":"Feature","properties":{"name":"בן סירא","type":"מוצע כשביל נפרד בתחום זכות הדרך","status":"רשת שבילי אופניים-תוכנית אסטרטגית","length":228.9},"geometry":{"type":"LineString","coordinates":[[35.221283675191,31.7791926159454],[35.2215312511155,31.7791012155378],[35.2217687990924,31.7789644831775],[35.2225906975484,31.7784229110934],[35.222876937341,31.7781720083258],[35.2227273535922,31.7778439149174]]}},{"type":"Feature","properties":{"name":"דרך חברון","type":"מוצע כשביל נפרד בתחום זכות הדרך","status":"רשת שבילי אופניים-תוכנית אסטרטגית","length":1038.6},"geometry":{"type":"LineString","coordinates":[[35.2266520162682,31.7713634203152],[35.2259599008484,31.7712803941215],[35.2256330255589,31.7710736287368],[35.2254997520917,31.7705359167198],[35.2255721742929,31.7696362350128],[35.2259230927592,31.7691501471727],[35.2262255941504,31.7686847494959],[35.2263586051431,31.7681056283246],[35.226201116144,31.7675368984834],[35.2259589431717,31.7671543212875],[35.2255471861718,31.7662133553916],[35.2254864873314,31.7654274464191],[35.2253894319837,31.7644347218615],[35.2253285818985,31.7629663040138]]}},{"type":"Feature","properties":{"name":"יצחק קריב","type":"מוצע כשביל נפרד בתחום זכות הדרך","status":"רשת שבילי אופניים-תוכנית אסטרטגית","length":496.6},"geometry":{"type":"LineString","coordinates":[[35.2226519666682,31.7776421929104],[35.22378586841,31.7774204437241],[35.2250626733291,31.777127458242],[35.2255512145703,31.7769177936787],[35.2260164362618,31.7765820952714],[35.2266392261676,31.7760418382061],[35.2271734233646,31.7756370676547]]}},{"type":"Feature","properties":{"name":"שדרות הזז","type":"מוצע בשטח פתוח","status":"רשת שבילי אופניים-תוכנית אסטרטגית","length":205.9},"geometry":{"type":"LineString","coordinates":[[35.2085070249004,31.7716163823454],[35.2086970807449,31.7697667825604]]}},{"type":"Feature","properties":{"name":"עזה","type":"מוצע כשביל נפרד בתחום זכות הדרך","status":"רשת שבילי אופניים-תוכנית אסטרטגית","length":1083.6},"geometry":{"type":"LineString","coordinates":[[35.2088088323335,31.7696756051743],[35.2098973043187,31.7697234153391],[35.210437939269,31.7698015516451],[35.2109442135826,31.7699315532811],[35.2117263587991,31.7702534736682],[35.2120716206928,31.7705299103093],[35.2125174252325,31.7710799449902],[35.2132445266953,31.7718430667697],[35.2142729627707,31.7726378357503],[35.2152034540488,31.7732443524303],[35.216158424407,31.7737044414812],[35.2168440390937,31.7739553795276],[35.2174807404313,31.7745828242626],[35.2177501479171,31.7750638863553]]}},{"type":"Feature","properties":{"name":"ז'בוטינסקי","type":"מוצע כשביל נפרד בתחום זכות הדרך","status":"רשת שבילי אופניים-תוכנית אסטרטגית","length":596.5},"geometry":{"type":"LineString","coordinates":[[35.2210216412788,31.7709570823951],[35.2191882615893,31.770997468649],[35.2176412425429,31.771084009414],[35.2164460294869,31.7710914665223],[35.2153334286194,31.7708238290656],[35.2148162996065,31.7706364570583]]}},{"type":"Feature","properties":{"name":"בלפור","type":"מוצע כשביל נפרד בתחום זכות הדרך","status":"רשת שבילי אופניים-תוכנית אסטרטגית","length":321.2},"geometry":{"type":"LineString","coordinates":[[35.2169631552545,31.771211898083],[35.2170103074136,31.7722560686299],[35.2170887803527,31.7731529804341],[35.2170731793852,31.7736616829707],[35.2171202514687,31.7741034445238]]}},{"type":"Feature","properties":{"name":"רד\"ק","type":"מוצע כדרך משולבת","status":"רשת שבילי אופניים-תוכנית אסטרטגית","length":233.3},"geometry":{"type":"LineString","coordinates":[[35.2150074215658,31.7725246639765],[35.2145547883295,31.7729668875262],[35.2138922169979,31.7732466413559],[35.2135316395227,31.7734076357067],[35.2130615573364,31.7737155664018],[35.2130568698327,31.7737464764443]]}},{"type":"Feature","properties":{"name":"אלפסי","type":"מוצע כדרך משולבת","status":"רשת שבילי אופניים-תוכנית אסטרטגית","length":516.7},"geometry":{"type":"LineString","coordinates":[[35.2140968934615,31.7738024877936],[35.2141005409332,31.773773079359],[35.214092899124,31.773452311971],[35.2139946399218,31.7732287113645],[35.2138351850652,31.7731000142419],[35.2136356120658,31.7729725499507],[35.213318108914,31.7729259266594],[35.2129517924144,31.7729312158867],[35.2122594564317,31.772967163818],[35.2119859669993,31.7729457806363],[35.2117380391901,31.7728509584122],[35.2113591137607,31.7725722979732],[35.2111215240333,31.7723667413178],[35.2109316817406,31.7723082361118],[35.2105698735187,31.7724305737305],[35.2102172786225,31.7725763108907],[35.2101019583043,31.7728468091615],[35.2099146438533,31.7729276612456]]}},{"type":"Feature","properties":{"name":"בנימין מטודלה","type":"מוצע כשביל נפרד בתחום זכות הדרך","status":"רשת שבילי אופניים-תוכנית אסטרטגית","length":554.1},"geometry":{"type":"LineString","coordinates":[[35.2098783502768,31.7728632559785],[35.2098052252229,31.7727040831239],[35.2095720293493,31.7722759262647],[35.209519947913,31.7720424009139],[35.2095598884236,31.7718638886955],[35.2096609607699,31.7717211103316],[35.2099561039881,31.7715495502675],[35.2106324890196,31.7714533292957],[35.2110065337176,31.7714799390781],[35.2113900903073,31.771551494144],[35.2118688982454,31.7718839228354],[35.2121377907851,31.7721136022857],[35.2123630350928,31.7722335053906],[35.2126786516181,31.7722866037102],[35.2129137700474,31.7723190707187],[35.2132628378681,31.7723371810931],[35.2136127541391,31.7721276330795]]}},{"type":"Feature","properties":{"name":"רמב\"ן","type":"מוצע כשביל נפרד בתחום זכות הדרך","status":"רשת שבילי אופניים-תוכנית אסטרטגית","length":711.4},"geometry":{"type":"LineString","coordinates":[[35.2102911985178,31.7744348437135],[35.2104680886021,31.7743532656107],[35.2118491098241,31.7743531921218],[35.2133672021542,31.7744576797335],[35.2149097941035,31.7746458137767],[35.2161585701754,31.7748548739521],[35.2176767124886,31.7752103134235]]}},{"type":"Feature","properties":{"name":"אוסישקין","type":"מוצע כשביל נפרד בתחום זכות הדרך","status":"רשת שבילי אופניים-תוכנית אסטרטגית","length":465.3},"geometry":{"type":"LineString","coordinates":[[35.2129265159158,31.7749806338856],[35.2126573097665,31.7764657554457],[35.2125349800771,31.7775952789238],[35.2123881426209,31.7785156342265],[35.2122866287676,31.7791403250861]]}},{"type":"Feature","properties":{"name":"הפלמ\"ח","type":"מוצע כשביל נפרד בתחום זכות הדרך","status":"רשת שבילי אופניים-תוכנית אסטרטגית","length":1066.9},"geometry":{"type":"LineString","coordinates":[[35.2136311990882,31.7687050675789],[35.2126565443877,31.7678688804354],[35.2115792393044,31.7674715227832],[35.2103795310593,31.7671369138339],[35.20959604584,31.7668022763049],[35.2088615232719,31.7662584624222],[35.2084697560337,31.7654008789698],[35.2079311065434,31.764689717098],[35.2071966112455,31.7642086445765],[35.2060704080219,31.7638530758759],[35.2046908498955,31.7636402778783]]}},{"type":"Feature","properties":{"name":"כובשי קטמון","type":"מוצע כשביל נפרד בתחום זכות הדרך","status":"רשת שבילי אופניים-תוכנית אסטרטגית","length":387.4},"geometry":{"type":"LineString","coordinates":[[35.2102081363711,31.7669486684452],[35.2106732568365,31.7660492159994],[35.2114321815052,31.7654007494317],[35.2123624112405,31.7640201731182]]}},{"type":"Feature","properties":{"name":"כ\"ט בנובמבר","type":"מוצע כשביל נפרד בתחום זכות הדרך","status":"רשת שבילי אופניים-תוכנית אסטרטגית","length":507.7},"geometry":{"type":"LineString","coordinates":[[35.2115545973333,31.7654216599408],[35.2124849767731,31.7657771926775],[35.2140519128476,31.7660280869553],[35.2153005786035,31.76629990697],[35.2160840737901,31.766592675659],[35.2164757805482,31.7669830143086]]}},{"type":"Feature","properties":{"name":"רחל אמנו","type":"מוצע כשביל נפרד בתחום זכות הדרך","status":"רשת שבילי אופניים-תוכנית אסטרטגית","length":367.2},"geometry":{"type":"LineString","coordinates":[[35.214996065258,31.7636723185554],[35.2150554452423,31.7636643863923],[35.2161326565602,31.7635597066268],[35.2181401777457,31.7633294183661],[35.2188256595272,31.7631829237316]]}},{"type":"Feature","properties":{"name":"חזקיהו המלך","type":"מוצע כשביל נפרד בתחום זכות הדרך","status":"רשת שבילי אופניים-תוכנית אסטרטגית","length":611.1},"geometry":{"type":"LineString","coordinates":[[35.2149330261941,31.7636016454433],[35.2134884991755,31.7629324133919],[35.2124602091206,31.7624932255575],[35.2110402009325,31.7618448805221],[35.2103791721228,31.7615729922377],[35.2091305842183,31.7613011237737],[35.2091208870231,31.7612813430998]]}},{"type":"Feature","properties":{"name":"עמק רפאים","type":"מוצע כשביל נפרד בתחום זכות הדרך","status":"רשת שבילי אופניים-תוכנית אסטרטגית","length":1322.7},"geometry":{"type":"LineString","coordinates":[[35.2150966203099,31.759501525918],[35.2166464774917,31.7612169542145],[35.2186542282939,31.7628273543838],[35.2204417093711,31.7644586668986],[35.2221068260876,31.7660272207667],[35.2232087901148,31.7671565800821],[35.2237230661143,31.7677630958879],[35.2239435885116,31.7685788247405]]}},{"type":"Feature","properties":{"name":"שמואל מוהאליבר","type":"מוצע כשביל נפרד בתחום זכות הדרך","status":"רשת שבילי אופניים-תוכנית אסטרטגית","length":576.1},"geometry":{"type":"LineString","coordinates":[[35.21727000969,31.7634877242377],[35.2188748716172,31.7647726104958],[35.2194380817851,31.7654418884873],[35.2193402944459,31.7663413304031],[35.2192767855701,31.7672575027051],[35.2192328231361,31.7679276878045]]}},{"type":"Feature","properties":{"name":"ניקנור","type":"מוצע כשביל נפרד בתחום זכות הדרך","status":"רשת שבילי אופניים-תוכנית אסטרטגית","length":458.0},"geometry":{"type":"LineString","coordinates":[[35.1992819404506,31.7561982460523],[35.1990581031929,31.7567366423767],[35.1990196795284,31.7573538718773],[35.1994753763637,31.7580817360556],[35.2000829674404,31.7583280596907],[35.2009059312039,31.7585660038357],[35.2017716772694,31.7588674549897]]}},{"type":"Feature","properties":{"name":"טשרניחובסקי","type":"מוצע כשביל נפרד בתחום זכות הדרך","status":"רשת שבילי אופניים-תוכנית אסטרטגית","length":701.0},"geometry":{"type":"LineString","coordinates":[[35.2018377533816,31.7611064816465],[35.2018460447392,31.7611023991661],[35.2021089235549,31.7613452038418],[35.2020852363824,31.7615508074941],[35.2018799529612,31.761764564874],[35.20173016511,31.7621244135935],[35.2017471859936,31.7626034767334],[35.2018412290386,31.7630090294455],[35.2020487478524,31.7632982716695],[35.2025489083866,31.7635515110959],[35.2025593668225,31.7635568059671],[35.2032212837153,31.7639446035542],[35.2037129962211,31.764283922836],[35.2050141860049,31.7646223747819],[35.2056788608666,31.7647730325362],[35.2060959458034,31.7649625435924]]}},{"type":"Feature","properties":{"name":"טשרניחובסקי","type":"מוצע כדרך משולבת","status":"רשת שבילי אופניים-תוכנית אסטרטגית","length":121.1},"geometry":{"type":"LineString","coordinates":[[35.2046540969843,31.7650048575957],[35.2048945222148,31.7649358018348],[35.2053938041282,31.7648943835072],[35.2059169105476,31.7648839268143]]}},{"type":"Feature","properties":{"name":"פנחס","type":"מוצע כשביל נפרד בתחום זכות הדרך","status":"רשת שבילי אופניים-תוכנית אסטרטגית","length":271.0},"geometry":{"type":"LineString","coordinates":[[35.1992184007168,31.7617086417846],[35.1991689150394,31.7617589436942],[35.1990172282012,31.7628165200696],[35.1989784589775,31.7634651087461],[35.1988777290207,31.7639217653369],[35.1988699714868,31.7641203129744]]}},{"type":"Feature","properties":{"name":"יעקב פת","type":"מוצע כשביל נפרד בתחום זכות הדרך","status":"רשת שבילי אופניים-תוכנית אסטרטגית","length":217.5},"geometry":{"type":"LineString","coordinates":[[35.1987224035165,31.7559156069987],[35.1987047341228,31.7559095142549],[35.1978083735777,31.7570407949985],[35.1975027949611,31.7573714733634],[35.1973194631319,31.7573540577451]]}},{"type":"Feature","properties":{"name":"הורקניה","type":"מוצע כשביל נפרד בתחום זכות הדרך","status":"רשת שבילי אופניים-תוכנית אסטרטגית","length":335.3},"geometry":{"type":"LineString","coordinates":[[35.2028013501278,31.7552111948605],[35.2024595381167,31.7560800476949],[35.2022440042922,31.7565159425382],[35.2021470027373,31.7571017220005],[35.2022148602522,31.7578297917771],[35.2023793845761,31.7581084498209]]}},{"type":"Feature","properties":{"name":"התקופה","type":"מוצע כשביל נפרד בתחום זכות הדרך","status":"רשת שבילי אופניים-תוכנית אסטרטגית","length":331.3},"geometry":{"type":"LineString","coordinates":[[35.2028568078681,31.7596479308969],[35.2027674624668,31.7598788694236],[35.2017327084316,31.7605495974258],[35.2010240383875,31.7609644440965],[35.20080482104,31.7613619797677],[35.2007285126476,31.7617975770057],[35.2007321809032,31.7618184719208]]}},{"type":"Feature","properties":{"name":"שמעוני","type":"מוצע כשביל נפרד בתחום זכות הדרך","status":"רשת שבילי אופניים-תוכנית אסטרטגית","length":954.8},"geometry":{"type":"MultiLineString","coordinates":[[[35.2007594341484,31.7618697037168],[35.2007886984872,31.7624611198947],[35.2008975912418,31.7629168991849],[35.2010717310849,31.7632369030577],[35.2013639203427,31.7635527357963],[35.2021763844466,31.7640950595762],[35.203211158459,31.7647185164733],[35.2036497554666,31.764858329758],[35.2042891286541,31.7649195804873],[35.2045995444145,31.7649582865305],[35.2048973073385,31.7652159854899],[35.2051298537081,31.7657581668707],[35.2051114827351,31.7662270729377],[35.2050096221382,31.7668733799846],[35.2046656291973,31.7670656107902]],[[35.2007556418917,31.76186148511],[35.2013003958571,31.7613710796879],[35.2018377533816,31.7611064816465]]]}},{"type":"Feature","properties":{"name":"עובדיה מברטנורה","type":"מוצע כדרך משולבת","status":"רשת שבילי אופניים-תוכנית אסטרטגית","length":197.7},"geometry":{"type":"LineString","coordinates":[[35.2169633817504,31.7728852558883],[35.2162895715514,31.7729790283477],[35.2158351139799,31.7728318145863],[35.215020223086,31.7725106004872],[35.2150074215658,31.7725246639765]]}},{"type":"Feature","properties":{"name":"אוסישקין","type":"מוצע כדרך משולבת","status":"רשת שבילי אופניים-תוכנית אסטרטגית","length":77.4},"geometry":{"type":"LineString","coordinates":[[35.2130568698327,31.7737464764443],[35.2129519313943,31.774438463957]]}},{"type":"Feature","properties":{"name":"האר\"י","type":"מוצע כשביל נפרד בתחום זכות הדרך","status":"רשת שבילי אופניים-תוכנית אסטרטגית","length":317.9},"geometry":{"type":"LineString","coordinates":[[35.2136289207423,31.7721401269269],[35.2137863962556,31.7719543161118],[35.2137580777363,31.7717931274728],[35.213359039138,31.7710649476305],[35.2131396009146,31.7704357801115],[35.2130298725207,31.7700207949927],[35.213029817722,31.7694317729385]]}},{"type":"Feature","properties":{"name":"סעדיה גאון","type":"מוצע כשביל נפרד בתחום זכות הדרך","status":"רשת שבילי אופניים-תוכנית אסטרטגית","length":210.2},"geometry":{"type":"LineString","coordinates":[[35.2092067606739,31.776192339513],[35.20943553537,31.7758328936326],[35.2097117570777,31.7752765625245],[35.2101052014975,31.7744609947936]]}},{"type":"Feature","properties":{"name":"שלמה המלך","type":"מוצע כשביל נפרד בתחום זכות הדרך","status":"רשת שבילי אופניים-תוכנית אסטרטגית","length":234.2},"geometry":{"type":"LineString","coordinates":[[35.2251092141568,31.7790278264437],[35.2251037716114,31.7789937819316],[35.2242149704228,31.778663929913],[35.2228701614365,31.7781708928304]]}},{"type":"Feature","properties":{"name":"יעקב שסקין","type":"מוצע כשביל נפרד בתחום זכות הדרך","status":"רשת שבילי אופניים-תוכנית אסטרטגית","length":132.6},"geometry":{"type":"LineString","coordinates":[[35.2164757805482,31.7669830143086],[35.2165248281879,31.7670318913186],[35.2164515248025,31.7681614155432]]}},{"type":"Feature","properties":{"name":"דוסתאי","type":"מוצע כשביל נפרד בתחום זכות הדרך","status":"רשת שבילי אופניים-תוכנית אסטרטגית","length":291.8},"geometry":{"type":"LineString","coordinates":[[35.2091208870231,31.7612813430998],[35.2079308837403,31.7588538730054]]}},{"type":"Feature","properties":{"name":"יהודה הנשיא","type":"מוצע כשביל נפרד בתחום זכות הדרך","status":"רשת שבילי אופניים-תוכנית אסטרטגית","length":601.8},"geometry":{"type":"LineString","coordinates":[[35.2043981546682,31.755722006557],[35.2042759348557,31.7556137554404],[35.2038685369217,31.7553004645624],[35.2032574423373,31.7551960306745],[35.2026769009337,31.7551960242354],[35.2021269111788,31.7553265531545],[35.2013019173641,31.7557442557439],[35.2008028381061,31.7561097475553],[35.2002732080518,31.7563098886899],[35.1998658053466,31.7563098749055],[35.1993175387988,31.7562154925367],[35.1987224035165,31.7559156069987]]}},{"type":"Feature","properties":{"name":"גנרל פייר קנינג","type":"מוצע כשביל נפרד בתחום זכות הדרך","status":"רשת שבילי אופניים-תוכנית אסטרטגית","length":165.9},"geometry":{"type":"LineString","coordinates":[[35.2150213656034,31.7580587110477],[35.2152841089262,31.7590685943393],[35.2150966203099,31.759501525918]]}},{"type":"Feature","properties":{"name":"דניאל ינובסקי","type":"מוצע כשביל נפרד בתחום זכות הדרך","status":"רשת שבילי אופניים-תוכנית אסטרטגית","length":274.9},"geometry":{"type":"LineString","coordinates":[[35.2249622691299,31.7556534300257],[35.2237528217278,31.7557488030073],[35.22278211084,31.7559801067166],[35.2223206419058,31.7561841372241],[35.2221737342285,31.7562368002742]]}},{"type":"Feature","properties":{"name":"לייב יפה","type":"מוצע כשביל נפרד בתחום זכות הדרך","status":"רשת שבילי אופניים-תוכנית אסטרטגית","length":542.3},"geometry":{"type":"LineString","coordinates":[[35.2199153999587,31.742953933216],[35.2222552473205,31.7471417080846],[35.2223787220485,31.7473688664777]]}},{"type":"Feature","properties":{"name":"העסקן","type":"מוצע כשביל נפרד בתחום זכות הדרך","status":"רשת שבילי אופניים-תוכנית אסטרטגית","length":474.2},"geometry":{"type":"LineString","coordinates":[[35.2281607767496,31.7548234172168],[35.2278263319866,31.7538172534732],[35.2277465174665,31.7528382373758],[35.2276667114398,31.7518864162055],[35.2275392280791,31.7511793615195],[35.2276927891202,31.7506145864971]]}},{"type":"Feature","properties":{"name":"דב יוסף","type":"מוצע כשביל נפרד בתחום זכות הדרך","status":"רשת שבילי אופניים-תוכנית אסטרטגית","length":102.9},"geometry":{"type":"LineString","coordinates":[[35.1997660750376,31.7536255180021],[35.1996463207706,31.7533867295117],[35.1994866538041,31.752977379807],[35.1993735533737,31.7527613331091]]}},{"type":"Feature","properties":{"name":"השומר","type":"מוצע כשביל נפרד בתחום זכות הדרך","status":"רשת שבילי אופניים-תוכנית אסטרטגית","length":68.7},"geometry":{"type":"LineString","coordinates":[[35.1986843633789,31.755926918038],[35.1980570682056,31.7556156601899]]}},{"type":"Feature","properties":{"name":"ברגר","type":"מוצע כשביל נפרד בתחום זכות הדרך","status":"רשת שבילי אופניים-תוכנית אסטרטגית","length":85.4},"geometry":{"type":"LineString","coordinates":[[35.1980570682056,31.7556156601899],[35.1980529139959,31.7556135983676],[35.19829738496,31.7551175679383],[35.1984284236096,31.7549195011453]]}},{"type":"Feature","properties":{"name":"יצחק שדה","type":"מוצע כשביל נפרד בתחום זכות הדרך","status":"רשת שבילי אופניים-תוכנית אסטרטגית","length":253.6},"geometry":{"type":"LineString","coordinates":[[35.1984284236096,31.7549195011453],[35.198429802183,31.7549174170473],[35.1981751947409,31.7546998430564],[35.1976557858642,31.754421336158],[35.1967799259174,31.753968757591],[35.1961606417396,31.7537344956896]]}},{"type":"Feature","properties":{"name":"דוד איילון","type":"מוצע כשביל נפרד בתחום זכות הדרך","status":"רשת שבילי אופניים-תוכנית אסטרטגית","length":145.3},"geometry":{"type":"LineString","coordinates":[[35.1888156044043,31.7528367092453],[35.1878073135145,31.7528800942893],[35.1872980717325,31.7529235401381],[35.1872924761208,31.7529330989411]]}},{"type":"Feature","properties":{"name":"8284","type":"מוצע בשטח פתוח","status":"רשת שבילי אופניים-תוכנית אסטרטגית","length":1327.6},"geometry":{"type":"LineString","coordinates":[[35.2069087272787,31.7322548065746],[35.2072215235143,31.7319874580797],[35.2075538736062,31.7318927670561],[35.207879712985,31.7319818718954],[35.2084727478779,31.7322714744788],[35.2092156671523,31.7324441062767],[35.2097435318339,31.7325721862906],[35.2102453260735,31.7326222906776],[35.2107080122127,31.7325442939047],[35.2111641728725,31.732360473004],[35.2118809876745,31.732009547378],[35.2126238612966,31.7316307678645],[35.2147416838526,31.7306670692344],[35.2155366808032,31.7303885214359],[35.215986321887,31.7303439245912],[35.2165402386869,31.7303828598337],[35.2182637456349,31.7309371713612],[35.2191587231114,31.7312557665972],[35.2197794095427,31.7312972664971]]}},{"type":"Feature","properties":{"name":"רבקה","type":"מוצע כשביל נפרד בתחום זכות הדרך","status":"רשת שבילי אופניים-תוכנית אסטרטגית","length":597.3},"geometry":{"type":"LineString","coordinates":[[35.2204199945448,31.7538851727435],[35.2196709762498,31.7541125891703],[35.2185399542391,31.7545040554471],[35.2172934012305,31.7549214460378],[35.2164863115667,31.7550166599401],[35.2155918725897,31.755075341828],[35.2143613402295,31.7551919633578]]}},{"type":"Feature","properties":{"name":"הסיפן","type":"מוצע כדרך משולבת","status":"רשת שבילי אופניים-תוכנית אסטרטגית","length":200.0},"geometry":{"type":"LineString","coordinates":[[35.1648847218161,31.7545828286301],[35.1648706718358,31.7546416533835],[35.1647584458275,31.7550941477678],[35.164768253101,31.7559818054003],[35.1648088258803,31.756373429383]]}},{"type":"Feature","properties":{"name":"חטיבת ירושלים","type":"מוצע כשביל נפרד בתחום זכות הדרך","status":"רשת שבילי אופניים-תוכנית אסטרטגית","length":491.2},"geometry":{"type":"LineString","coordinates":[[35.2271614401298,31.7756458564396],[35.2271593266031,31.7756027361716],[35.227231835808,31.7751063541497],[35.2272074934678,31.7745686246748],[35.226953157313,31.7740412775346],[35.2267109121182,31.7734415404943],[35.226795347895,31.7722006021328],[35.2267346246182,31.7713733297145],[35.2266520162682,31.7713634203152]]}},{"type":"Feature","properties":{"name":"סובב בית צפפא מערב","type":"מוצע בשטח פתוח","status":"רשת שבילי אופניים-תוכנית אסטרטגית","length":1356.4},"geometry":{"type":"LineString","coordinates":[[35.1946452290789,31.7372259036853],[35.1945066571793,31.7372816082248],[35.1941056942094,31.7375155796408],[35.1934602806526,31.7375155259778],[35.1930006387877,31.7377494888671],[35.1922719926609,31.7385893251369],[35.1916020016699,31.7394876640055],[35.191269370346,31.7404696066796],[35.1910883769921,31.7410044513799],[35.1907900186114,31.7416061416895],[35.1909122061333,31.741986409108],[35.1912006403804,31.7424084807294],[35.1915086344188,31.7428472666593],[35.1918997177231,31.7435785647132],[35.1921832341876,31.7442889572688],[35.1926085973413,31.7447193959904],[35.1930290647339,31.7452250467641],[35.1934886494756,31.7457850221349],[35.19341528342,31.7459312672531],[35.1928627081658,31.7460315055488],[35.1925790847648,31.7460816231183],[35.1921634214618,31.7462236570992],[35.191953007116,31.746391432342]]}},{"type":"Feature","properties":{"name":"על\"ר","type":"מוצע כשביל נפרד בתחום זכות הדרך","status":"רשת שבילי אופניים-תוכנית אסטרטגית","length":1037.1},"geometry":{"type":"LineString","coordinates":[[35.2320594734223,31.7541291494396],[35.2327405189185,31.754103262834],[35.2332906249276,31.7539072666998],[35.2338560229388,31.7537504389704],[35.2344443846052,31.7537241858898],[35.2352237896741,31.7537435867638],[35.2358503572633,31.7537173170349],[35.2362323932074,31.7536519312671],[35.2370193203939,31.7533318072778],[35.2378215216073,31.7530051441498],[35.238501559346,31.7529462023672],[35.2392427561746,31.7529721182428],[35.2398310790308,31.7528609613897],[35.2403811616737,31.7526649346198],[35.2408700757112,31.7523709862784],[35.2417409726501,31.7519136979393],[35.242344500804,31.7516392983206]]}},{"type":"Feature","properties":{"name":"גד","type":"מוצע כשביל נפרד בתחום זכות הדרך","status":"רשת שבילי אופניים-תוכנית אסטרטגית","length":298.7},"geometry":{"type":"LineString","coordinates":[[35.2174592389861,31.7548659187969],[35.2176756264727,31.7554415761153],[35.2179887126074,31.7561059425494],[35.2184045500965,31.7570878713537],[35.2185238777182,31.7574005816064]]}},{"type":"Feature","properties":{"name":"אפרים","type":"מוצע כדרך משולבת","status":"רשת שבילי אופניים-תוכנית אסטרטגית","length":498.4},"geometry":{"type":"LineString","coordinates":[[35.2183030130182,31.7574839345172],[35.2185807662267,31.7581157907622],[35.2187275355251,31.7584542417472],[35.2187764769715,31.758684059411],[35.2189183563781,31.7590141533116],[35.2191336088993,31.7594236332777],[35.2195249896259,31.7602133444956],[35.2196668699029,31.7605183662307],[35.2199457188096,31.7609905152048],[35.2203761972317,31.7615378592304],[35.2204049969407,31.7615824418488]]}},{"type":"Feature","properties":{"name":"פייר קנינג - מקור חיים","type":"מוצע כשביל נפרד בתחום זכות הדרך","status":"רשת שבילי אופניים-תוכנית אסטרטגית","length":219.8},"geometry":{"type":"LineString","coordinates":[[35.2143613402295,31.7551919633578],[35.2132396080072,31.7553411428056],[35.212879943051,31.755408107603],[35.2124597525282,31.7556454715022],[35.2121891187585,31.7557793707663]]}},{"type":"Feature","properties":{"name":"מקור חיים","type":"מוצע כשביל נפרד בתחום זכות הדרך","status":"רשת שבילי אופניים-תוכנית אסטרטגית","length":72.2},"geometry":{"type":"LineString","coordinates":[[35.2118792607247,31.7552742889323],[35.2113914024193,31.7554355836123],[35.2111777422925,31.7555268780674]]}},{"type":"Feature","properties":{"name":"מקור חיים - יוסי בן יועזר","type":"מוצע כשביל נפרד בתחום זכות הדרך","status":"רשת שבילי אופניים-תוכנית אסטרטגית","length":268.2},"geometry":{"type":"LineString","coordinates":[[35.2111563750535,31.7555238363829],[35.2108180753409,31.7556120948806],[35.2105652318415,31.7555451662086],[35.210312415678,31.7559011830616],[35.2101201119102,31.7558525067097],[35.2098138685078,31.7560746425707],[35.2093794309282,31.7564519649148],[35.2090589433836,31.7567836392908]]}},{"type":"Feature","properties":{"name":"מקור חיים - רשב\"ג","type":"מוצע כשביל נפרד בתחום זכות הדרך","status":"רשת שבילי אופניים-תוכנית אסטרטגית","length":185.3},"geometry":{"type":"LineString","coordinates":[[35.2092326744129,31.7531571217303],[35.2085760655102,31.7535455740279],[35.2081935493502,31.7539467337234],[35.207758860754,31.7542364626375]]}},{"type":"Feature","properties":{"name":"מדרונית","type":"מוצע כשביל נפרד בתחום זכות הדרך","status":"רשת שבילי אופניים-תוכנית אסטרטגית","length":378.3},"geometry":{"type":"LineString","coordinates":[[35.1833751464352,31.7510608139068],[35.1821335935461,31.7512916576548],[35.1811638381136,31.7514373607642],[35.1803871254128,31.7516676111756],[35.1798664985992,31.7517315295317],[35.1794930785293,31.7518267650034]]}},{"type":"Feature","properties":{"name":"רחל אמנו","type":"מוצע כשביל נפרד בתחום זכות הדרך","status":"רשת שבילי אופניים-תוכנית אסטרטגית","length":244.1},"geometry":{"type":"LineString","coordinates":[[35.2124603454259,31.7640620007402],[35.214272019187,31.7637690345755],[35.214996065258,31.7636723185554]]}},{"type":"Feature","properties":{"name":"מקור חיים - רשב\"ג","type":"מוצע כדרך משולבת","status":"רשת שבילי אופניים-תוכנית אסטרטגית","length":149.4},"geometry":{"type":"LineString","coordinates":[[35.2107234121238,31.7527209052172],[35.2098366523683,31.7529660920113],[35.2092541721506,31.7531444030967],[35.2092326744129,31.7531571217303]]}},{"type":"Feature","properties":{"name":"ניקנור","type":"מוצע כשביל נפרד בתחום זכות הדרך","status":"רשת שבילי אופניים-תוכנית אסטרטגית","length":136.3},"geometry":{"type":"LineString","coordinates":[[35.2017716772694,31.7588674549897],[35.2017820285748,31.7588710589692],[35.2024638392202,31.7592549147116],[35.2028401250658,31.7596657574411]]}},{"type":"Feature","properties":{"name":"הורקניה","type":"מוצע כשביל נפרד בתחום זכות הדרך","status":"רשת שבילי אופניים-תוכנית אסטרטגית","length":184.7},"geometry":{"type":"LineString","coordinates":[[35.2023793845761,31.7581084498209],[35.2026197445441,31.75851554571],[35.2029865659624,31.7593125285776],[35.2028568078681,31.7596479308969]]}},{"type":"Feature","properties":{"name":"אנוסי משהד","type":"מוצע כשביל נפרד בתחום זכות הדרך","status":"רשת שבילי אופניים-תוכנית אסטרטגית","length":926.0},"geometry":{"type":"LineString","coordinates":[[35.2231956716608,31.7438921080895],[35.2232410940282,31.7435245865201],[35.2229068432899,31.7430215218086],[35.222716048234,31.7427190792461],[35.222683921274,31.7422328895938],[35.2228103859205,31.7419716705574],[35.2230497797092,31.7416753314281],[35.2234255885014,31.7417365932475],[35.2236636465429,31.741876731408],[35.2236377175116,31.7421427258471],[35.2237263715197,31.7426787075401],[35.22408028788,31.7430844092025],[35.2247801266917,31.743537229612],[35.2253277318107,31.7441219490877],[35.2255429222976,31.7446064690027],[35.2259080041572,31.7450185585962],[35.2264815316487,31.7449126378348],[35.2268137928045,31.7443389111398],[35.2269896987009,31.7440548301638],[35.2270412101688,31.7440510341633]]}},{"type":"Feature","properties":{"name":"גילה ג' - מלחה","type":"מוצע בשטח פתוח","status":"רשת שבילי אופניים-תוכנית אסטרטגית","length":399.6},"geometry":{"type":"LineString","coordinates":[[35.1877865471883,31.7374472426002],[35.1875590721727,31.7375649894691],[35.1872670540295,31.7378722981826],[35.1869282795877,31.7382600544671],[35.1868173215804,31.7385829806107],[35.1867750758938,31.7388988294402],[35.1868705566317,31.7390806638919],[35.1869621080636,31.7391767348244],[35.1866418675311,31.7390577307753],[35.1863441621473,31.7388038399083],[35.186179527846,31.7385470309961],[35.1859728782782,31.7383022022447],[35.1856714760007,31.7382334818279]]}},{"type":"Feature","properties":{"name":"יאיר","type":"מוצע כדרך משולבת","status":"רשת שבילי אופניים-תוכנית אסטרטגית","length":179.5},"geometry":{"type":"LineString","coordinates":[[35.2204049969407,31.7615824418488],[35.2206110175007,31.7619013689236],[35.2209436446304,31.7622105429508],[35.2212077950719,31.7624737609097],[35.2213545628013,31.7627077436191],[35.2214084010875,31.7629250238431]]}},{"type":"Feature","properties":{"name":"אבנר חי שאקי למרגלית","type":"מוצע כשביל נפרד בתחום זכות הדרך","status":"רשת שבילי אופניים-תוכנית אסטרטגית","length":764.8},"geometry":{"type":"LineString","coordinates":[[35.1759528313751,31.7388018068771],[35.1758591766121,31.7393885598034],[35.175892931998,31.7399029932226],[35.176274325479,31.7403233121874],[35.1768338606101,31.7404321158641],[35.1773680409638,31.7402655852207],[35.1777073157159,31.7397657226055],[35.1779957248059,31.7392368658835],[35.1782840544819,31.7389833359082],[35.1787333955193,31.7389906725577],[35.179055472317,31.7393312715259],[35.1793012659974,31.7396066466626],[35.1796912471561,31.7396719317198],[35.1803186559657,31.7395923519321],[35.1807510609932,31.7395272239195],[35.1811295292876,31.739416276217]]}},{"type":"Feature","properties":{"name":"שלמה דוגה","type":"מוצע כדרך משולבת","status":"רשת שבילי אופניים-תוכנית אסטרטגית","length":793.4},"geometry":{"type":"LineString","coordinates":[[35.1942369545865,31.7280852313028],[35.1961713950399,31.7283996511033],[35.197594237418,31.7288779884447],[35.1989691067175,31.7297799031332],[35.1995286291701,31.730640780951],[35.199640489266,31.731692942075],[35.1996724336917,31.7323351687998]]}},{"type":"Feature","properties":{"name":"הרב יעקב ברמן","type":"מוצע כדרך משולבת","status":"רשת שבילי אופניים-תוכנית אסטרטגית","length":465.1},"geometry":{"type":"LineString","coordinates":[[35.1965728603636,31.7329074445298],[35.1967006364401,31.731553969333],[35.1968132968762,31.7302596865112],[35.196997596976,31.7287292865327]]}},{"type":"Feature","properties":{"name":"א-נבי יונס","type":"מוצע כשביל נפרד בתחום זכות הדרך","status":"רשת שבילי אופניים-תוכנית אסטרטגית","length":270.3},"geometry":{"type":"LineString","coordinates":[[35.1957051282769,31.7404863507113],[35.1956049843578,31.7405182286358],[35.1950975510786,31.7407502440808],[35.194604879087,31.7408612741358],[35.1942180094792,31.7408044194366],[35.1935640328474,31.7406017351568],[35.1930044132479,31.7405060366032],[35.1930033208741,31.7405071367584]]}},{"type":"Feature","properties":{"name":"בגין","type":"מוצע כשביל נפרד בתחום זכות הדרך","status":"רשת שבילי אופניים-תוכנית אסטרטגית","length":324.2},"geometry":{"type":"LineString","coordinates":[[35.1975107823,31.7431858832281],[35.197400775495,31.7433947529093],[35.197165495024,31.7436610567344],[35.1961480113701,31.7443320081256],[35.1957231233597,31.7446609426781],[35.1951427146143,31.745198773585],[35.1951172027597,31.7451635149748]]}},{"type":"Feature","properties":{"name":"ורדינון","type":"מוצע כשביל נפרד בתחום זכות הדרך","status":"רשת שבילי אופניים-תוכנית אסטרטגית","length":301.5},"geometry":{"type":"LineString","coordinates":[[35.1966417194018,31.7352590057433],[35.1975216494374,31.7351462548868],[35.1987958156296,31.7349807469512],[35.1997844940314,31.7348346664391]]}},{"type":"Feature","properties":{"name":"השופט חיים כהן","type":"מוצע כדרך משולבת","status":"רשת שבילי אופניים-תוכנית אסטרטגית","length":630.4},"geometry":{"type":"MultiLineString","coordinates":[[[35.2180958340219,31.7447487216868],[35.2178423897564,31.7442202003018]],[[35.2197203854648,31.7448822648854],[35.2193775396544,31.7445447998151],[35.2188335520455,31.7445767023416],[35.2180958415304,31.7447996660545],[35.217768002656,31.7451372067852],[35.2177606185437,31.7456084426997],[35.2180885556111,31.7459331787063],[35.2183792121755,31.7461050839795]],[[35.2183792121755,31.7461050839795],[35.2187965108728,31.7459904128733],[35.2194373263328,31.7456018876824],[35.2198098847391,31.7453407533709],[35.219759710696,31.7449309318613]],[[35.2183692398886,31.746125331509],[35.2183792121755,31.7461050839795]]]}},{"type":"Feature","properties":{"name":"אריה דוסטרובסקי","type":"מוצע כדרך משולבת","status":"רשת שבילי אופניים-תוכנית אסטרטגית","length":162.6},"geometry":{"type":"LineString","coordinates":[[35.2196470110212,31.7518680161403],[35.2203326071126,31.7516450511229],[35.22125666748,31.7513583699783]]}},{"type":"Feature","properties":{"name":"אברהם שלום יהודה","type":"מוצע כדרך משולבת","status":"רשת שבילי אופניים-תוכנית אסטרטגית","length":518.6},"geometry":{"type":"LineString","coordinates":[[35.2212644861099,31.7533706686345],[35.220697926936,31.7524792175994],[35.2201536936517,31.7513330395825],[35.2196765494957,31.7502123227078],[35.219251574042,31.7490342855062]]}},{"type":"Feature","properties":{"name":"עין צורים","type":"מוצע כדרך משולבת","status":"רשת שבילי אופניים-תוכנית אסטרטגית","length":425.0},"geometry":{"type":"LineString","coordinates":[[35.2184387003882,31.7492017295878],[35.220904415736,31.7485778753572],[35.2227233566008,31.7480687503665]]}},{"type":"Feature","properties":{"name":"ישראל אלדד","type":"מוצע כדרך משולבת","status":"רשת שבילי אופניים-תוכנית אסטרטגית","length":170.6},"geometry":{"type":"LineString","coordinates":[[35.2242544404968,31.7513782354931],[35.2253443497403,31.7512956746004],[35.2259857100541,31.7512095991019],[35.2260429381749,31.7512087696085]]}},{"type":"Feature","properties":{"name":"אפרתה","type":"מוצע כדרך משולבת","status":"רשת שבילי אופניים-תוכנית אסטרטגית","length":188.9},"geometry":{"type":"LineString","coordinates":[[35.2212786011539,31.7498231716771],[35.2210559415704,31.7500358840385],[35.2209970205355,31.7501982022018],[35.2211149962422,31.7506235518842],[35.2212002131267,31.7509929363591],[35.221200270803,31.751311960381],[35.2211151361786,31.7514015220818]]}},{"type":"Feature","properties":{"name":"החורשה","type":"מוצע כדרך משולבת","status":"רשת שבילי אופניים-תוכנית אסטרטגית","length":111.0},"geometry":{"type":"LineString","coordinates":[[35.2222086159951,31.7507910872057],[35.2220577389466,31.7509773725761],[35.2217978603243,31.7511135256228],[35.2217056472738,31.7511780146943],[35.2214918409365,31.75110640283],[35.2212403242461,31.7511315103525]]}},{"type":"Feature","properties":{"name":"יצחק בן דרור - דניאל ינובסקי","type":"מוצע כדרך משולבת","status":"רשת שבילי אופניים-תוכנית אסטרטגית","length":138.9},"geometry":{"type":"LineString","coordinates":[[35.226292504649,31.7541242203509],[35.2263823179989,31.7553745255415]]}},{"type":"Feature","properties":{"name":"רותי ברעם","type":"מוצע בשטח פתוח","status":"רשת שבילי אופניים-תוכנית אסטרטגית","length":437.4},"geometry":{"type":"LineString","coordinates":[[35.2260315850537,31.7501887145403],[35.22604008267,31.7506758681216],[35.2261619251188,31.7518507510254],[35.2261788440633,31.7524919299918],[35.2262544355765,31.753061458099],[35.2262672025205,31.7538745752047],[35.2262882085716,31.7540644179783],[35.226292504649,31.7541242203509]]}},{"type":"Feature","properties":{"name":"הקצין סילבר","type":"מוצע כדרך משולבת","status":"רשת שבילי אופניים-תוכנית אסטרטגית","length":132.6},"geometry":{"type":"LineString","coordinates":[[35.2165113520039,31.7482700121642],[35.2171736374795,31.7480299519181],[35.2178065807668,31.7478185474536]]}},{"type":"Feature","properties":{"name":"דרומית לקצין סילבר","type":"מוצע כשביל נפרד בתחום זכות הדרך","status":"רשת שבילי אופניים-תוכנית אסטרטגית","length":300.0},"geometry":{"type":"LineString","coordinates":[[35.2174203082322,31.7471259134549],[35.2168832619333,31.7473778283701],[35.2161235252131,31.7476689405995],[35.2159139112866,31.7475010523596],[35.215704319913,31.7475122648631],[35.215114858601,31.7476746264149],[35.2147284439733,31.7478817437285],[35.2146171066788,31.7479657064095]]}},{"type":"Feature","properties":{"name":"דרך בית לחם","type":"מוצע כשביל נפרד בתחום זכות הדרך","status":"רשת שבילי אופניים-תוכנית אסטרטגית","length":654.5},"geometry":{"type":"MultiLineString","coordinates":[[[35.2165215134914,31.7482794463022],[35.2176056445055,31.7502603378358]],[[35.2164715633337,31.7482831684581],[35.215826669715,31.7471113746049],[35.2150282061816,31.7452487213706],[35.2148541852941,31.744837712361]]]}},{"type":"Feature","properties":{"name":"דרך בית לחם","type":"מוצע כשביל נפרד בתחום זכות הדרך","status":"רשת שבילי אופניים-תוכנית אסטרטגית","length":472.1},"geometry":{"type":"LineString","coordinates":[[35.2176056445055,31.7502603378358],[35.217658350865,31.750356639484],[35.218326375276,31.7516047152046],[35.2188858224006,31.7526728878803],[35.2195341227867,31.7538169475201],[35.2196947778611,31.7541252734601]]}},{"type":"Feature","properties":{"name":"חוה קטמונים א-ו","type":"מוצע בשטח פתוח","status":"רשת שבילי אופניים-תוכנית אסטרטגית","length":484.3},"geometry":{"type":"LineString","coordinates":[[35.1999673985332,31.753155102245],[35.2013281367662,31.753804777743],[35.2017808816098,31.7540232911865],[35.2023510078359,31.7543134447575],[35.2027744120311,31.75456061029],[35.2037637633743,31.754990461413],[35.204145252169,31.7552340400285],[35.2043883999226,31.7553343370596]]}},{"type":"Feature","properties":{"name":"הנוטרים","type":"מוצע כדרך משולבת","status":"רשת שבילי אופניים-תוכנית אסטרטגית","length":356.8},"geometry":{"type":"LineString","coordinates":[[35.1948144694612,31.7548956076558],[35.1954925435558,31.7551835822981],[35.1969094516663,31.7558857491244],[35.1971567934146,31.7559000909871],[35.1974712316579,31.7556207107592],[35.1976095858468,31.7554702734227],[35.1980287984259,31.7555992479232]]}},{"type":"Feature","properties":{"name":"השומר","type":"מוצע כדרך משולבת","status":"רשת שבילי אופניים-תוכנית אסטרטגית","length":258.5},"geometry":{"type":"LineString","coordinates":[[35.1976221638947,31.7554416179875],[35.1976682917523,31.7552589374281],[35.1970646410799,31.7549150309424],[35.1959411736325,31.7544815368599],[35.1954381239179,31.7543668772157],[35.1954238433602,31.7543905820961]]}},{"type":"Feature","properties":{"name":"רבי צדוק","type":"מוצע כשביל נפרד בתחום זכות הדרך","status":"רשת שבילי אופניים-תוכנית אסטרטגית","length":420.5},"geometry":{"type":"LineString","coordinates":[[35.1948092440728,31.7548933887262],[35.1945485159106,31.7547972890776],[35.1944598545741,31.7548081061417],[35.1942625498216,31.7550717150703],[35.1937360202454,31.7550665487929],[35.1934407574809,31.7548834286336],[35.1933503426624,31.7547797150461],[35.1932901381888,31.7545643917601],[35.1933905115609,31.7543599135419],[35.1937224457683,31.7540263702072],[35.1940192540197,31.7538746882072],[35.1942269098175,31.7538144842551],[35.194934347777,31.7536746156796],[35.1951570757914,31.7534619499906]]}},{"type":"Feature","properties":{"name":"יצחק שדה - גן אלמליח","type":"מוצע כדרך משולבת","status":"רשת שבילי אופניים-תוכנית אסטרטגית","length":133.0},"geometry":{"type":"LineString","coordinates":[[35.1968947332685,31.7533512750216],[35.1970632348423,31.7528128321502],[35.197194286371,31.7521803885253]]}},{"type":"Feature","properties":{"name":"בר יוחאי - דב יוסף","type":"מוצע כדרך משולבת","status":"רשת שבילי אופניים-תוכנית אסטרטגית","length":260.4},"geometry":{"type":"LineString","coordinates":[[35.1969583864984,31.7533893077286],[35.1976199445402,31.7535348634846],[35.1980195466061,31.7529528064837],[35.1984060399772,31.7524267151449],[35.1986222205394,31.751995763242]]}},{"type":"Feature","properties":{"name":"רבי צדוק - בר יוחאי","type":"מוצע כדרך משולבת","status":"רשת שבילי אופניים-תוכנית אסטרטגית","length":146.0},"geometry":{"type":"LineString","coordinates":[[35.1941902335459,31.7538073865162],[35.1941553129809,31.7533638069568],[35.1942040231626,31.753362617716],[35.194130330603,31.7528838224912],[35.1937656168615,31.7528909568842],[35.1937574168961,31.7528559078114]]}},{"type":"Feature","properties":{"name":"הנוטרים - צומת פת","type":"מוצע כדרך משולבת","status":"רשת שבילי אופניים-תוכנית אסטרטגית","length":149.9},"geometry":{"type":"LineString","coordinates":[[35.1972414401874,31.7558650527961],[35.1974309617255,31.7560497501523],[35.1972128589752,31.7563846000367],[35.196986491289,31.756732135292],[35.1968680508764,31.7569139726037],[35.1968012384565,31.757016546198]]}},{"type":"Feature","properties":{"name":"אברהם כחילה","type":"מוצע כשביל נפרד בתחום זכות הדרך","status":"רשת שבילי אופניים-תוכנית אסטרטגית","length":931.2},"geometry":{"type":"LineString","coordinates":[[35.1836814473372,31.748360767762],[35.1833231366135,31.7488766745655],[35.1819416841341,31.7482030606984],[35.1810515541066,31.7472584216378],[35.1801100741201,31.7470745967009],[35.1794549842981,31.7475029839096],[35.1791885023225,31.7489721213633],[35.1792700172611,31.7503014039157],[35.1784306606867,31.7508084549978]]}},{"type":"Feature","properties":{"name":"השועל - אברהם כחילה","type":"מוצע בשטח פתוח","status":"רשת שבילי אופניים-תוכנית אסטרטגית","length":188.6},"geometry":{"type":"LineString","coordinates":[[35.1799962946075,31.7516745362005],[35.1797714464658,31.7505026402297],[35.1793519368097,31.7501352614016]]}},{"type":"Feature","properties":{"name":"הכפיר","type":"מוצע כדרך משולבת","status":"רשת שבילי אופניים-תוכנית אסטרטגית","length":973.4},"geometry":{"type":"LineString","coordinates":[[35.1849999567298,31.75356501534],[35.1849903300924,31.7535643510196],[35.1849887994481,31.7533730911976],[35.184861147141,31.7531864818629],[35.1845094788359,31.7527247407666],[35.1839583080265,31.7520509900425],[35.1836512199915,31.7515765592668],[35.1834551446775,31.7512001855538],[35.1833293746828,31.7509028869951],[35.1833125162767,31.7505819816215],[35.1833239498526,31.7503431163376],[35.1834559028526,31.7501097658333],[35.183734836883,31.7500332555096],[35.1840099078865,31.7501436702825],[35.1841769205105,31.7509219990137],[35.1843322748774,31.7513458031749],[35.1845635051946,31.7517617133703],[35.1853691832974,31.7527336171253],[35.1855840627016,31.7529697681697],[35.1858253353336,31.7530332428924],[35.1862620696311,31.7530586060922],[35.1865507305033,31.7532151917066],[35.1867888048871,31.7534653946846]]}},{"type":"Feature","properties":{"name":"אל סלבדור","type":"מוצע כשביל נפרד בתחום זכות הדרך","status":"רשת שבילי אופניים-תוכנית אסטרטגית","length":752.6},"geometry":{"type":"LineString","coordinates":[[35.1715350887243,31.748186897731],[35.1720237811614,31.7477101486018],[35.1725020656195,31.7472737101527],[35.1727973353531,31.7471784045049],[35.1730989595436,31.7471879663178],[35.1733450460493,31.7472655085379],[35.1735318982468,31.7474015431764],[35.1736798865604,31.7475533811377],[35.1737297817562,31.7477589579758],[35.1737297041455,31.7479945668521],[35.1736204557381,31.7482048499483],[35.1733924490065,31.7484268939422],[35.172881472516,31.7486898233831],[35.1726394821797,31.7488307911817],[35.1724122235109,31.7490114677509],[35.1721192764011,31.7494489367105],[35.1719730106841,31.7496164443752],[35.1717749717377,31.7497587780552],[35.1714696072092,31.7498393443403],[35.1712448860572,31.7498073066769],[35.1710236563335,31.7497664900695],[35.1706901402135,31.7496896003002],[35.1704712602801,31.7495736831085],[35.1703870684333,31.7492933735349]]}},{"type":"Feature","properties":{"name":"שמואל הנגיד","type":"מוצע כשביל נפרד בתחום זכות הדרך","status":"רשת שבילי אופניים-תוכנית אסטרטגית","length":408.3},"geometry":{"type":"LineString","coordinates":[[35.2151640055107,31.78095097788],[35.215098499102,31.7807722521087],[35.2147204799466,31.7798345727564],[35.2145764706408,31.7794425911104],[35.2146663935828,31.7789352974462],[35.2149362705129,31.7784356761842],[35.2150802063305,31.7781897068626],[35.2159370640639,31.7780094333243]]}},{"type":"Feature","properties":{"name":"מרדכי נרקיס","type":"מוצע כדרך משולבת","status":"רשת שבילי אופניים-תוכנית אסטרטגית","length":164.5},"geometry":{"type":"LineString","coordinates":[[35.209766066484,31.7781200577511],[35.2098428689906,31.778644703225],[35.2100105638648,31.779421858282],[35.2101891712599,31.7794823700999]]}},{"type":"Feature","properties":{"name":"הגר\"א","type":"מוצע כדרך משולבת","status":"רשת שבילי אופניים-תוכנית אסטרטגית","length":174.4},"geometry":{"type":"LineString","coordinates":[[35.2105983575319,31.7781126139211],[35.2124348282613,31.7782230163237]]}},{"type":"Feature","properties":{"name":"הרב קפאח","type":"מוצע כדרך משולבת","status":"רשת שבילי אופניים-תוכנית אסטרטגית","length":379.8},"geometry":{"type":"LineString","coordinates":[[35.2121853770646,31.7794834069522],[35.2113356086522,31.7793637837047],[35.210482085457,31.7791862432485],[35.210196791268,31.7794596352447],[35.2101225543504,31.7796811406572],[35.2095557586282,31.7809263211984],[35.2095590835613,31.7809323706107]]}},{"type":"Feature","properties":{"name":"אבן ספיר","type":"מוצע כדרך משולבת","status":"רשת שבילי אופניים-תוכנית אסטרטגית","length":178.5},"geometry":{"type":"MultiLineString","coordinates":[[[35.2111827441159,31.7801126120798],[35.2110314432983,31.781133778856]],[[35.2110333132399,31.7811363228508],[35.211394757659,31.7816279301577]]]}},{"type":"Feature","properties":{"name":"גן סאקר - נחלאות","type":"מוצע כשביל נפרד בתחום זכות הדרך","status":"רשת שבילי אופניים-תוכנית אסטרטגית","length":178.2},"geometry":{"type":"LineString","coordinates":[[35.2106141939262,31.7767968728373],[35.2087336212674,31.7767488702239]]}},{"type":"Feature","properties":{"name":"שמואל הנגיד - קק\"ל","type":"מוצע כדרך משולבת","status":"רשת שבילי אופניים-תוכנית אסטרטגית","length":182.4},"geometry":{"type":"LineString","coordinates":[[35.2150802063305,31.7781897068626],[35.2149570958277,31.7779987928751],[35.2151989264014,31.7777626543226],[35.2148937020542,31.777565914374],[35.2146633369843,31.7773396531089],[35.2146287603448,31.777103536728],[35.2147010651111,31.7768624687214]]}},{"type":"Feature","properties":{"name":"קק\"ל","type":"מוצע כדרך משולבת","status":"רשת שבילי אופניים-תוכנית אסטרטגית","length":545.4},"geometry":{"type":"LineString","coordinates":[[35.2107258602846,31.7767991634112],[35.2126209670786,31.7768013257389],[35.2132906778379,31.7768193400216],[35.2138031801074,31.776785626581],[35.2141826204118,31.776688775362],[35.2145860064141,31.7768107501804],[35.2152716358484,31.7769020616438],[35.2160506541674,31.7771178889353],[35.216343593445,31.7772688308809]]}},{"type":"Feature","properties":{"name":"דיסקין","type":"מוצע כדרך משולבת","status":"רשת שבילי אופניים-תוכנית אסטרטגית","length":411.5},"geometry":{"type":"LineString","coordinates":[[35.2102911985178,31.7744348437135],[35.2104620793363,31.7748167637818],[35.2104908842972,31.7751115509575],[35.2104909188975,31.7756378990176],[35.2105308239417,31.7760450794017],[35.2106141939262,31.7767968728373],[35.2106353173105,31.7779671045573],[35.2105990161344,31.7781100219976]]}},{"type":"Feature","properties":{"name":"אברבנל","type":"מוצע כדרך משולבת","status":"רשת שבילי אופניים-תוכנית אסטרטגית","length":218.2},"geometry":{"type":"LineString","coordinates":[[35.2129306577546,31.7749499818171],[35.2137547641414,31.7751965143611],[35.214409530908,31.7753337400971],[35.2151376507971,31.7754167808688],[35.2151168964625,31.775423057633]]}},{"type":"Feature","properties":{"name":"אבן עזרא","type":"מוצע כדרך משולבת","status":"רשת שבילי אופניים-תוכנית אסטרטגית","length":271.2},"geometry":{"type":"LineString","coordinates":[[35.2130541365358,31.7768109376609],[35.2133425420459,31.7764476668369],[35.2134987052905,31.7761276184086],[35.2136842283799,31.7757410054211],[35.2138771938767,31.7752221735049],[35.214067305985,31.7745430661833]]}},{"type":"Feature","properties":{"name":"אבידע","type":"מוצע כדרך משולבת","status":"רשת שבילי אופניים-תוכנית אסטרטגית","length":106.0},"geometry":{"type":"LineString","coordinates":[[35.2162739012778,31.777394094133],[35.2166443614472,31.7775286777371],[35.216903333655,31.7776381973813],[35.2171086702529,31.7776471882237],[35.2172202618674,31.777810593345]]}},{"type":"Feature","properties":{"name":"טבריה","type":"מוצע כדרך משולבת","status":"רשת שבילי אופניים-תוכנית אסטרטגית","length":200.8},"geometry":{"type":"LineString","coordinates":[[35.2100514328408,31.7798373868724],[35.2111854127972,31.7800946030779],[35.2121198992403,31.7802259578479]]}},{"type":"Feature","properties":{"name":"נרבתה","type":"מוצע כדרך משולבת","status":"רשת שבילי אופניים-תוכנית אסטרטגית","length":90.7},"geometry":{"type":"LineString","coordinates":[[35.2095590835613,31.7809323706107],[35.2099661350946,31.7816730387431]]}},{"type":"Feature","properties":{"name":"מעבר גן סאקר לנחלאות","type":"מוצע כדרך משולבת","status":"רשת שבילי אופניים-תוכנית אסטרטגית","length":147.6},"geometry":{"type":"LineString","coordinates":[[35.2100105638648,31.779421858282],[35.2098873228751,31.7794106465727],[35.2097426145747,31.7796221587885],[35.2091308371598,31.7795365271281],[35.2086072928852,31.7794779971646]]}},{"type":"Feature","properties":{"name":"אגן גבירול","type":"מוצע כדרך משולבת","status":"רשת שבילי אופניים-תוכנית אסטרטגית","length":165.3},"geometry":{"type":"LineString","coordinates":[[35.2151376507971,31.7754167808688],[35.2151349326674,31.7759485645306],[35.2151564825605,31.7763563338947],[35.2152279447286,31.7767187282543],[35.215258875201,31.7769003618616]]}},{"type":"Feature","properties":{"name":"אוסישקין","type":"מוצע כדרך משולבת","status":"רשת שבילי אופניים-תוכנית אסטרטגית","length":57.7},"geometry":{"type":"LineString","coordinates":[[35.2129519313943,31.774438463957],[35.2129175604477,31.7749460632923],[35.2129306577546,31.7749499818171]]}},{"type":"Feature","properties":{"name":"אבן עזרא","type":"מוצע כדרך משולבת","status":"רשת שבילי אופניים-תוכנית אסטרטגית","length":80.9},"geometry":{"type":"LineString","coordinates":[[35.2140068503865,31.7745284564233],[35.2140968934615,31.7738024877936]]}},{"type":"Feature","properties":{"name":"צבי נוימן","type":"מוצע כדרך משולבת","status":"רשת שבילי אופניים-תוכנית אסטרטגית","length":141.8},"geometry":{"type":"LineString","coordinates":[[35.2174851034276,31.7471049623482],[35.2180812180665,31.7467100807004],[35.2183692398886,31.746125331509]]}},{"type":"Feature","properties":{"name":"לוריא","type":"מוצע כדרך משולבת","status":"רשת שבילי אופניים-תוכנית אסטרטגית","length":103.6},"geometry":{"type":"LineString","coordinates":[[35.219759710696,31.7449309318613],[35.2197576499747,31.7449141009619],[35.2207114301849,31.7444936914831]]}},{"type":"Feature","properties":{"name":"יד חרוצים","type":"מוצע כשביל נפרד בתחום זכות הדרך","status":"רשת שבילי אופניים-תוכנית אסטרטגית","length":268.4},"geometry":{"type":"LineString","coordinates":[[35.2157944573338,31.7506119285853],[35.2162473543815,31.7516061045033],[35.2164441559572,31.7520850873707],[35.2167191493856,31.7527920477885],[35.2167569269688,31.7528880752515]]}},{"type":"Feature","properties":{"name":"התנופה","type":"מוצע כשביל נפרד בתחום זכות הדרך","status":"רשת שבילי אופניים-תוכנית אסטרטגית","length":501.1},"geometry":{"type":"LineString","coordinates":[[35.2187651093345,31.7500033243588],[35.2178015606444,31.750257406195],[35.2164016532496,31.7505141876023],[35.2149837554228,31.7507392056663],[35.213921149913,31.7508995240639],[35.2135947805522,31.7508752983742]]}},{"type":"Feature","properties":{"name":"האומן","type":"מוצע כשביל נפרד בתחום זכות הדרך","status":"רשת שבילי אופניים-תוכנית אסטרטגית","length":892.3},"geometry":{"type":"MultiLineString","coordinates":[[[35.2057085016211,31.7488864780873],[35.2062255224123,31.7492558755676],[35.2067601332611,31.7499850075996],[35.2074386833998,31.7506877793152],[35.2080709737386,31.7512543836356],[35.2083125772255,31.7513466171052],[35.2090682169554,31.7512763134773],[35.209361221587,31.7512850863299]],[[35.209361221587,31.7512850863299],[35.209485796282,31.7506623962411],[35.2117116849883,31.7481404705874]],[[35.209361221587,31.7512850863299],[35.2093614506204,31.7512851972478]]]}},{"type":"Feature","properties":{"name":"גנרל פייר קנינג","type":"מוצע כשביל נפרד בתחום זכות הדרך","status":"רשת שבילי אופניים-תוכנית אסטרטגית","length":325.7},"geometry":{"type":"LineString","coordinates":[[35.2144610429253,31.7551609582163],[35.2145335747337,31.7555856525925],[35.2147014684046,31.7565020715616],[35.2150213656034,31.7580587110477]]}},{"type":"Feature","properties":{"name":"התעשיה","type":"מוצע כשביל נפרד בתחום זכות הדרך","status":"רשת שבילי אופניים-תוכנית אסטרטגית","length":549.2},"geometry":{"type":"MultiLineString","coordinates":[[[35.21164324687,31.7482180142674],[35.2121933582277,31.7484606232086],[35.2130569229252,31.7484517824581],[35.2137919752766,31.748390236161],[35.2145167627268,31.7484912061798],[35.214643519136,31.748561733863]],[[35.2146448184492,31.7485628385189],[35.2149399269705,31.7488139665886],[35.2153078720075,31.749484075994],[35.2157944573338,31.7506119285853]]]}},{"type":"Feature","properties":{"name":"הפרסה","type":"מוצע כשביל נפרד בתחום זכות הדרך","status":"רשת שבילי אופניים-תוכנית אסטרטגית","length":504.4},"geometry":{"type":"MultiLineString","coordinates":[[[35.2135947805522,31.7508752983742],[35.2133914785605,31.7508602070108],[35.2120952629379,31.7507056788815],[35.2114701863092,31.7506466813235],[35.2109668409728,31.7506720086956],[35.2103187509287,31.7508294648041],[35.2098121332522,31.7511752583672],[35.2095193614598,31.7516503533795],[35.2093483031568,31.7519567745713]],[[35.2093614506204,31.7512851972478],[35.2096489079649,31.7514240183949]]]}},{"type":"Feature","properties":{"name":"האייל","type":"מוצע כשביל נפרד בתחום זכות הדרך","status":"רשת שבילי אופניים-תוכנית אסטרטגית","length":482.5},"geometry":{"type":"MultiLineString","coordinates":[[[35.1872924761208,31.7529330989411],[35.1869485696622,31.7534195271826],[35.1866767313699,31.7535899698907],[35.1862545429934,31.7536936812739],[35.1857398513286,31.7536614878224],[35.1849999567298,31.75356501534]],[[35.1849903300924,31.7535643510196],[35.1842596639546,31.7533793027801],[35.1837045371375,31.7531436052048],[35.1832564036991,31.7529350360432],[35.1828922403945,31.7526611841297],[35.1828838395551,31.752663695252]]]}},{"type":"Feature","properties":{"name":"מרגולין","type":"מוצע כדרך משולבת","status":"רשת שבילי אופניים-תוכנית אסטרטגית","length":73.4},"geometry":{"type":"LineString","coordinates":[[35.1954238433602,31.7543905820961],[35.1950691515764,31.7549793763007]]}},{"type":"Feature","properties":{"name":"שער נווה שאנן","type":"מוצע כשביל נפרד בתחום זכות הדרך","status":"רשת שבילי אופניים-תוכנית אסטרטגית","length":209.7},"geometry":{"type":"LineString","coordinates":[[35.1987688720688,31.7751718259111],[35.1993859133731,31.7747382786535],[35.2001533577021,31.7744729485655],[35.2007055616913,31.774301750161]]}},{"type":"Feature","properties":{"name":"גן סאקר","type":"מוצע בשטח פתוח","status":"רשת שבילי אופניים-תוכנית אסטרטגית","length":149.7},"geometry":{"type":"LineString","coordinates":[[35.2085082133051,31.7800263728717],[35.2078466027835,31.7802488613921],[35.2077236429699,31.7805639958036],[35.2074510034944,31.7809022759113]]}},{"type":"Feature","properties":{"name":"גן סאקר","type":"מוצע בשטח פתוח","status":"רשת שבילי אופניים-תוכנית אסטרטגית","length":217.6},"geometry":{"type":"LineString","coordinates":[[35.2087793156147,31.7784853629308],[35.2080977320079,31.7789026836207],[35.2074427148022,31.779014608696],[35.2066566865348,31.7789400203719]]}},{"type":"Feature","properties":{"name":"ניקרגוואה","type":"מוצע כשביל נפרד בתחום זכות הדרך","status":"רשת שבילי אופניים-תוכנית אסטרטגית","length":309.6},"geometry":{"type":"LineString","coordinates":[[35.1640692365426,31.7588633193099],[35.1634706059705,31.7587966012862],[35.162884409831,31.7587093522237],[35.1626879094956,31.7586345558877],[35.1625563175154,31.7585185058888],[35.1623484935473,31.758195608984],[35.1622394052173,31.7579623281777],[35.1621869563417,31.7577923565407],[35.1622137016198,31.7576969602336],[35.1623063005539,31.7576151954098],[35.1626563715589,31.7573271714035]]}},{"type":"Feature","properties":{"name":"הצנחנים","type":"מוצע כשביל נפרד בתחום זכות הדרך","status":"רשת שבילי אופניים-תוכנית אסטרטגית","length":389.7},"geometry":{"type":"LineString","coordinates":[[35.2254573239512,31.7785964557464],[35.2254410141195,31.7784157899266],[35.2258161535596,31.777826289425],[35.22639709559,31.7772987981285],[35.2272079912402,31.7765954654101],[35.2271614401298,31.7756458564396]]}},{"type":"Feature","properties":{"name":"אנטיגונוס - יוחנן בן זכאי","type":"מוצע בשטח פתוח","status":"רשת שבילי אופניים-תוכנית אסטרטגית","length":119.7},"geometry":{"type":"LineString","coordinates":[[35.2057690336346,31.75692101347],[35.2067223406078,31.7562122474047]]}},{"type":"Feature","properties":{"name":"חוצה הגימנסיה העברית","type":"מוצע בשטח פתוח","status":"רשת שבילי אופניים-תוכנית אסטרטגית","length":290.4},"geometry":{"type":"LineString","coordinates":[[35.2133190975881,31.7790904084545],[35.2134493775234,31.7781095740749],[35.2139212564552,31.7780697981699],[35.2141182505204,31.7773152326044],[35.214613468194,31.7771509324201]]}},{"type":"Feature","properties":{"name":"א-טנטור","type":"מוצע כדרך משולבת","status":"רשת שבילי אופניים-תוכנית אסטרטגית","length":1176.7},"geometry":{"type":"LineString","coordinates":[[35.2068053261025,31.7424176760108],[35.2062846986867,31.7407910030796],[35.2057144219525,31.7392125643035],[35.2054551926887,31.7380579143891],[35.2057401216285,31.7356890284844],[35.2054127145348,31.7342415884167],[35.2049289891978,31.7320377629721]]}},{"type":"Feature","properties":{"name":"אליהו גולומב","type":"מוצע כשביל נפרד בתחום זכות הדרך","status":"רשת שבילי אופניים-תוכנית אסטרטגית","length":118.7},"geometry":{"type":"LineString","coordinates":[[35.191154600179,31.7552873544442],[35.1911836036289,31.7553606773948],[35.1921106713789,31.7559601655093]]}},{"type":"Feature","properties":{"name":"אליהו גולומב - סן מרטין צפון","type":"מוצע בשטח פתוח","status":"רשת שבילי אופניים-תוכנית אסטרטגית","length":79.5},"geometry":{"type":"LineString","coordinates":[[35.1918614421058,31.7551450922733],[35.1926664775098,31.754942881531]]}},{"type":"Feature","properties":{"name":"סן מרטין - אליהו גולומב","type":"מוצע בשטח פתוח","status":"רשת שבילי אופניים-תוכנית אסטרטגית","length":79.3},"geometry":{"type":"LineString","coordinates":[[35.1932919395676,31.7563200383835],[35.1934916119354,31.7561912361801],[35.1937961059131,31.7557628127793]]}},{"type":"Feature","properties":{"name":"סן מרטין","type":"מוצע כשביל נפרד בתחום זכות הדרך","status":"רשת שבילי אופניים-תוכנית אסטרטגית","length":95.6},"geometry":{"type":"LineString","coordinates":[[35.1941789185329,31.755958539698],[35.194396454379,31.756100703813],[35.1945186517426,31.7563182760285],[35.1945186106911,31.7567054746978]]}},{"type":"Feature","properties":{"name":"סן מרטין","type":"מוצע כשביל נפרד בתחום זכות הדרך","status":"רשת שבילי אופניים-תוכנית אסטרטגית","length":117.3},"geometry":{"type":"LineString","coordinates":[[35.1927610322729,31.754109085406],[35.192675420571,31.7542208188076],[35.1925837184766,31.7545253974939],[35.1926855029104,31.7550388539492],[35.1927396906809,31.7551146381873]]}},{"type":"Feature","properties":{"name":"אליהו גולומב - סן מרטין דרום","type":"מוצע בשטח פתוח","status":"רשת שבילי אופניים-תוכנית אסטרטגית","length":99.2},"geometry":{"type":"LineString","coordinates":[[35.1917744295622,31.7537481004939],[35.1927284314643,31.7541160924661]]}},{"type":"Feature","properties":{"name":"סן מרטין","type":"מוצע כשביל נפרד בתחום זכות הדרך","status":"רשת שבילי אופניים-תוכנית אסטרטגית","length":134.7},"geometry":{"type":"LineString","coordinates":[[35.1927610322729,31.754109085406],[35.1928044293527,31.7538730928805],[35.1928844277645,31.7537520933288],[35.192972426369,31.7535960929517],[35.1930564266408,31.75359609323],[35.1932054256299,31.7535190924657],[35.193541424754,31.7534610904977],[35.193717662515,31.7534639813502]]}},{"type":"Feature","properties":{"name":"בר יוחאי","type":"מוצע כשביל נפרד בתחום זכות הדרך","status":"רשת שבילי אופניים-תוכנית אסטרטגית","length":442.5},"geometry":{"type":"LineString","coordinates":[[35.192972426369,31.7535960929517],[35.1928964267824,31.7535760940341],[35.1928670548767,31.7534374923009],[35.193098023674,31.7531472452551],[35.1933641199184,31.752977111197],[35.1938025755581,31.7528241495006],[35.1942608944533,31.7527467047381],[35.1952492582095,31.7527802919485],[35.1958061865264,31.7528764023523],[35.1963108031826,31.7530417786083],[35.1968631426535,31.7533246443959]]}},{"type":"Feature","properties":{"name":"סן מרטין - גן אלמליח","type":"מוצע בשטח פתוח","status":"רשת שבילי אופניים-תוכנית אסטרטגית","length":69.9},"geometry":{"type":"LineString","coordinates":[[35.1955599712992,31.7528339122693],[35.1955761137905,31.752203687157]]}},{"type":"Feature","properties":{"name":"גולומב","type":"מוצע בשטח פתוח","status":"רשת שבילי אופניים-תוכנית אסטרטגית","length":72.0},"geometry":{"type":"LineString","coordinates":[[35.1949435546452,31.7512695822451],[35.1948827221668,31.7509475857193],[35.194629607442,31.7507080338739]]}},{"type":"Feature","properties":{"name":"השומר-יצחק שדה מערב","type":"מוצע בשטח פתוח","status":"רשת שבילי אופניים-תוכנית אסטרטגית","length":87.3},"geometry":{"type":"LineString","coordinates":[[35.1962884299131,31.7545940662845],[35.1963084267467,31.7542410675957],[35.1963574270779,31.7542460678108],[35.196393426112,31.7541790675364],[35.1964374264504,31.7541870678439],[35.1965789001814,31.7539350895053]]}},{"type":"Feature","properties":{"name":"השומר-יצחק שדה מזרח","type":"מוצע בשטח פתוח","status":"רשת שבילי אופניים-תוכנית אסטרטגית","length":79.5},"geometry":{"type":"LineString","coordinates":[[35.1975164334316,31.7551630551672],[35.1979664272664,31.7545580555593]]}},{"type":"Feature","properties":{"name":"יצחק שדה - בר יוחאי","type":"מוצע בשטח פתוח","status":"רשת שבילי אופניים-תוכנית אסטרטגית","length":72.0},"geometry":{"type":"LineString","coordinates":[[35.1979664272664,31.7545580555593],[35.198236786212,31.7539513061111]]}},{"type":"Feature","properties":{"name":"דב יוסף","type":"מוצע כשביל נפרד בתחום זכות הדרך","status":"רשת שבילי אופניים-תוכנית אסטרטגית","length":109.4},"geometry":{"type":"LineString","coordinates":[[35.1994807971106,31.7535991590606],[35.1989871009003,31.7527069703726]]}},{"type":"Feature","properties":{"name":"אריה בעהם","type":"מוצע כשביל נפרד בתחום זכות הדרך","status":"רשת שבילי אופניים-תוכנית אסטרטגית","length":260.7},"geometry":{"type":"MultiLineString","coordinates":[[[35.2005124003728,31.7515672166486],[35.1996752389454,31.751760835318]],[[35.1996752389454,31.751760835318],[35.1988245725794,31.7510942646493]],[[35.1996752389454,31.751760835318],[35.1989502966675,31.7518374822363]]]}},{"type":"Feature","properties":{"name":"גולומב","type":"מוצע בשטח פתוח","status":"רשת שבילי אופניים-תוכנית אסטרטגית","length":133.7},"geometry":{"type":"LineString","coordinates":[[35.197194286371,31.7521803885253],[35.198522403131,31.7517736577615]]}},{"type":"Feature","properties":{"name":"חניון איצטדיון טדי","type":"מוצע כשביל נפרד בתחום זכות הדרך","status":"רשת שבילי אופניים-תוכנית אסטרטגית","length":108.9},"geometry":{"type":"LineString","coordinates":[[35.1897234426833,31.7513857189074],[35.1902091476069,31.7522759767501]]}},{"type":"Feature","properties":{"name":"אגודת ספורט הפועל בית\"ר","type":"מוצע כשביל נפרד בתחום זכות הדרך","status":"רשת שבילי אופניים-תוכנית אסטרטגית","length":40.5},"geometry":{"type":"LineString","coordinates":[[35.1901458063255,31.7527606237458],[35.1902097678616,31.7528117627629],[35.1903872197571,31.7528664413762],[35.190395453979,31.7529951562554]]}},{"type":"Feature","properties":{"name":"אלעזר המודעי","type":"מוצע כשביל נפרד בתחום זכות הדרך","status":"רשת שבילי אופניים-תוכנית אסטרטגית","length":151.2},"geometry":{"type":"LineString","coordinates":[[35.212400600794,31.7640087371529],[35.2131901417131,31.7628237884139]]}},{"type":"Feature","properties":{"name":"יהודה הלוי","type":"מוצע כשביל נפרד בתחום זכות הדרך","status":"רשת שבילי אופניים-תוכנית אסטרטגית","length":64.4},"geometry":{"type":"LineString","coordinates":[[35.2160191610317,31.7605226314189],[35.2164691700643,31.7602819054917],[35.2166181649823,31.7602799766529]]}},{"type":"Feature","properties":{"name":"יצחק אלחנן","type":"מוצע כשביל נפרד בתחום זכות הדרך","status":"רשת שבילי אופניים-תוכנית אסטרטגית","length":301.4},"geometry":{"type":"LineString","coordinates":[[35.2211835094989,31.7682424977993],[35.2210216412788,31.7709570823951]]}},{"type":"Feature","properties":{"name":"זאב ז'בוטינסקי","type":"מוצע כשביל נפרד בתחום זכות הדרך","status":"רשת שבילי אופניים-תוכנית אסטרטגית","length":191.7},"geometry":{"type":"LineString","coordinates":[[35.2210216412788,31.7709570823951],[35.2218025195074,31.7711189479232],[35.2222677842221,31.7713176782875],[35.2228638526546,31.7716315568648]]}},{"type":"Feature","properties":{"name":"שראפת","type":"מוצע כשביל נפרד בתחום זכות הדרך","status":"רשת שבילי אופניים-תוכנית אסטרטגית","length":296.0},"geometry":{"type":"LineString","coordinates":[[35.1930249965173,31.7405095565417],[35.1927687435199,31.740745781137],[35.1925541345581,31.7408932150901],[35.1921992389925,31.7415035620785],[35.1918677758253,31.7416630151663],[35.1918484292475,31.7419567950881],[35.1917243419379,31.7422565240345],[35.1915275643363,31.7423625100451],[35.1911939327239,31.742289368704]]}},{"type":"Feature","properties":{"name":"אל-קש","type":"מוצע כשביל נפרד בתחום זכות הדרך","status":"רשת שבילי אופניים-תוכנית אסטרטגית","length":388.9},"geometry":{"type":"LineString","coordinates":[[35.20066141787,31.7416013477477],[35.1997613141701,31.7412671066922],[35.1984813591344,31.7411579052197],[35.1979526256929,31.7410111357222],[35.197693592743,31.7409651345435],[35.1975270568669,31.7409465458585],[35.1974660564029,31.7409526697079],[35.1973558771401,31.7410052927311],[35.1971484732874,31.740838196956],[35.1969172018088,31.7405855079063]]}},{"type":"Feature","properties":{"name":"הסיגלית","type":"מוצע כשביל נפרד בתחום זכות הדרך","status":"רשת שבילי אופניים-תוכנית אסטרטגית","length":139.3},"geometry":{"type":"LineString","coordinates":[[35.1969172018088,31.7405855079063],[35.1968186757074,31.7404778577095],[35.1966930866517,31.7402802547381],[35.1965135572382,31.7402365412055],[35.1963539150098,31.7402798261949],[35.1957051282769,31.7404863507113]]}},{"type":"Feature","properties":{"name":" שראפת","type":"מוצע כשביל נפרד בתחום זכות הדרך","status":"רשת שבילי אופניים-תוכנית אסטרטגית","length":249.8},"geometry":{"type":"LineString","coordinates":[[35.1951172027597,31.7451635149748],[35.1948680334578,31.744819152958],[35.1945029002506,31.7446917638077],[35.1939236736468,31.7447130435453],[35.1933706640568,31.7446163912435],[35.1927963828931,31.7448253494192]]}},{"type":"Feature","properties":{"name":"הגר\"א","type":"מוצע כדרך משולבת","status":"רשת שבילי אופניים-תוכנית אסטרטגית","length":79.7},"geometry":{"type":"LineString","coordinates":[[35.2105990161344,31.7781100219976],[35.2105983575319,31.7781126139211],[35.2097654433563,31.7781158001856],[35.209766066484,31.7781200577511]]}},{"type":"Feature","properties":{"name":"א-זהרה","type":"מוצע בשטח פתוח","status":"רשת שבילי אופניים-תוכנית אסטרטגית","length":269.4},"geometry":{"type":"LineString","coordinates":[[35.1955920494076,31.7506662104824],[35.1957641179162,31.7501377212083],[35.1957877133113,31.7498457026581],[35.1958820227262,31.7494630606028],[35.1962120251268,31.7489898073548],[35.1969608248584,31.7488994161138]]}},{"type":"Feature","properties":{"name":"א-זהרה","type":"מוצע כדרך משולבת","status":"רשת שבילי אופניים-תוכנית אסטרטגית","length":244.3},"geometry":{"type":"LineString","coordinates":[[35.1981208722244,31.7491132328307],[35.197846563153,31.7491692723479],[35.197587126564,31.7491374921859],[35.197170206134,31.7491084469971],[35.1969835197792,31.7489970917811],[35.1969608248584,31.7488994161138],[35.1971968038283,31.7488145470588],[35.1973591591479,31.7483631464695],[35.197414324176,31.7480718336128],[35.1974912265289,31.7479959547209]]}},{"type":"Feature","properties":{"name":"אל-בטן","type":"מוצע כשביל נפרד בתחום זכות הדרך","status":"רשת שבילי אופניים-תוכנית אסטרטגית","length":819.3},"geometry":{"type":"LineString","coordinates":[[35.1918489965323,31.7418584470096],[35.1925072175983,31.7422835808084],[35.1928954561445,31.7423888537175],[35.1938709105123,31.7423467260783],[35.1950173120762,31.7422381989084],[35.195697504135,31.7422125760135],[35.1961791702242,31.7423230858797],[35.1963868925748,31.7425354658102],[35.1964653492919,31.7428266723098],[35.1964301515098,31.7430168460105],[35.1962863116954,31.7432369838916],[35.195889805995,31.7434521421613],[35.1951826639629,31.7437692488732],[35.194536708795,31.7441494910106],[35.1941112740701,31.7445017193434],[35.1940067259216,31.7447099921737]]}},{"type":"Feature","properties":{"name":"א-ס'פא","type":"מוצע כשביל נפרד בתחום זכות הדרך","status":"רשת שבילי אופניים-תוכנית אסטרטגית","length":557.6},"geometry":{"type":"LineString","coordinates":[[35.2012591257707,31.7456275993025],[35.2012547759385,31.7456166093041],[35.2011737021828,31.7455806723457],[35.2009315897839,31.7455484665244],[35.2008508076608,31.7455080769558],[35.2008348371955,31.7455000915704],[35.2007663205663,31.7452962003612],[35.2005668075417,31.7449798117178],[35.2004712363092,31.7448396511614],[35.2004384116527,31.7446158020942],[35.200441231561,31.7442913730491],[35.2004750611959,31.7442040447442],[35.2004645638087,31.7440252345296],[35.200434434418,31.7437107454861],[35.2004554969267,31.7432094802817],[35.2006974398209,31.7413932838358],[35.2008582440575,31.7409816839098]]}},{"type":"Feature","properties":{"name":"א-ס'פא","type":"מוצע כדרך משולבת","status":"רשת שבילי אופניים-תוכנית אסטרטגית","length":1094.6},"geometry":{"type":"LineString","coordinates":[[35.2008645817515,31.7409667819754],[35.2010649702501,31.7406675285603],[35.2020894056618,31.7392232087291],[35.2025917758413,31.7383562895952],[35.2030515516278,31.7370200116303],[35.2032320384627,31.7364433877638],[35.2034470073275,31.7361058254687],[35.2038185659229,31.7354885899635],[35.2039337921461,31.7344708729704],[35.2039806521293,31.733697781626],[35.2041590584303,31.7331659463939],[35.20467148035,31.7323182636809],[35.2048553664313,31.7320634839624],[35.2047419066256,31.7318900211562]]}},{"type":"Feature","properties":{"name":"ביר אבו ח'שבה סמטה 1","type":"מוצע כדרך משולבת","status":"רשת שבילי אופניים-תוכנית אסטרטגית","length":456.2},"geometry":{"type":"LineString","coordinates":[[35.203669254842,31.735901393502],[35.2037362159159,31.736041112516],[35.2035625244625,31.7373584475098],[35.20357039363,31.7377185901807],[35.203509761836,31.7381786164204],[35.2036085531039,31.7382546102719],[35.2037441008846,31.7389592094192],[35.2043890317104,31.7396306042379],[35.2044699084641,31.7397267663005]]}},{"type":"Feature","properties":{"name":"אל-מדרסה","type":"מוצע כדרך משולבת","status":"רשת שבילי אופניים-תוכנית אסטרטגית","length":340.2},"geometry":{"type":"LineString","coordinates":[[35.2050788031701,31.7426935935519],[35.2051800406432,31.7431623635359],[35.2054941443732,31.7437330150663],[35.2056570361009,31.7439602011614],[35.205945350528,31.7447148138878],[35.2062965351459,31.7455636813483]]}},{"type":"Feature","properties":{"name":"טאבליא","type":"מוצע כשביל נפרד בתחום זכות הדרך","status":"רשת שבילי אופניים-תוכנית אסטרטגית","length":605.0},"geometry":{"type":"LineString","coordinates":[[35.212661902015,31.7401781374607],[35.2099971045355,31.7408016101668],[35.2084313050561,31.7413769519363],[35.206862829715,31.74229851938],[35.2068588641104,31.7423099034615]]}},{"type":"Feature","properties":{"name":"א-תווחיד","type":"מוצע כדרך משולבת","status":"רשת שבילי אופניים-תוכנית אסטרטגית","length":485.0},"geometry":{"type":"LineString","coordinates":[[35.2013011719033,31.7466325855367],[35.2014871668068,31.7466615743095],[35.2016288816205,31.7466509861737],[35.202164816636,31.7466269020098],[35.2027787106513,31.7466676394508],[35.2030517127411,31.7468042171775],[35.2038802495371,31.7476328441614],[35.2041242483559,31.7479269177321],[35.204761304813,31.7482003019205],[35.2056046282725,31.7484894489606]]}},{"type":"Feature","properties":{"name":"א-נתר","type":"מוצע כדרך משולבת","status":"רשת שבילי אופניים-תוכנית אסטרטגית","length":160.5},"geometry":{"type":"LineString","coordinates":[[35.2015098299574,31.7466596385596],[35.2016054108954,31.7469079909022],[35.2017559712704,31.7474180697838],[35.2018484110527,31.7477313267625],[35.2021161732652,31.7479784699048]]}},{"type":"Feature","properties":{"name":"א-שיפאא","type":"מוצע כדרך משולבת","status":"רשת שבילי אופניים-תוכנית אסטרטגית","length":450.7},"geometry":{"type":"LineString","coordinates":[[35.2068217167172,31.7424714726249],[35.2071022688917,31.7427270717804],[35.2074296104345,31.74319871995],[35.2073207903502,31.7433212788755],[35.2072231486368,31.7436683799762],[35.2072024614606,31.7441072376161],[35.2071874127594,31.7451037631859],[35.2072042383408,31.7455920302183],[35.2071049174135,31.74563450751],[35.2063607604895,31.7456269123765]]}},{"type":"Feature","properties":{"name":"א-סיל","type":"מוצע כדרך משולבת","status":"רשת שבילי אופניים-תוכנית אסטרטגית","length":582.2},"geometry":{"type":"LineString","coordinates":[[35.2014097628089,31.7402387280192],[35.2020746789678,31.7405068336759],[35.201934712672,31.7417235453413],[35.2021087907294,31.7418423550822],[35.2023024230692,31.74248969547],[35.2033725073558,31.7444024922592],[35.2036379120616,31.7447318184277],[35.2036465573471,31.7447514868335]]}},{"type":"Feature","properties":{"name":"כביש מאושר - תכנית מתאר רמת רחל","type":"מוצע כשביל נפרד בתחום זכות הדרך","status":"רשת שבילי אופניים-תוכנית אסטרטגית","length":598.7},"geometry":{"type":"LineString","coordinates":[[35.2198736576784,31.7415547717575],[35.2206596533287,31.7405036187576],[35.221960935379,31.7395749065542],[35.223214588444,31.7394114679713],[35.2251073745492,31.7394912861245]]}},{"type":"Feature","properties":{"name":"גיא בן הינום","type":"מוצע בשטח פתוח","status":"רשת שבילי אופניים-תוכנית אסטרטגית","length":880.4},"geometry":{"type":"LineString","coordinates":[[35.2340952714776,31.7686407134164],[35.2333554853363,31.7686700800843],[35.2324175194121,31.768798407517],[35.2319397747195,31.7688247635026],[35.2315376692976,31.7687202262263],[35.2312643589666,31.7686039907211],[35.2303290052327,31.7685570309577],[35.2296475312039,31.76853228071],[35.229008910964,31.7687085834033],[35.2284257289134,31.7689428320439],[35.2277953128253,31.7694363735802],[35.2270417928616,31.7702229938604],[35.2265073453378,31.7713460661304]]}},{"type":"Feature","properties":{"name":"יער השלום","type":"מוצע בשטח פתוח","status":"רשת שבילי אופניים-תוכנית אסטרטגית","length":1486.1},"geometry":{"type":"LineString","coordinates":[[35.233603475232,31.7577895129112],[35.2333278733464,31.7577273206385],[35.2330274182715,31.757395238513],[35.2328179329089,31.7567042230944],[35.2326820418099,31.7563842132257],[35.2324770227474,31.7562975679316],[35.2314586344442,31.7570319968576],[35.2310522330686,31.7569755568008],[35.2303243994916,31.7565477279551],[35.2296440282557,31.7568627922487],[35.2294834079271,31.7570223881696],[35.2294411668248,31.757389327963],[35.229126738191,31.7577511533135],[35.2287638985927,31.7580406349111],[35.2287337107588,31.7582525307132],[35.229266066661,31.7585418385566],[35.2293991895182,31.7587381988986],[35.2291754392395,31.7589242921152],[35.2286794645223,31.7589812363],[35.2280867971276,31.7593792883187],[35.2276272393239,31.7599530267534],[35.2279600334459,31.7604025860416],[35.2284197613453,31.7604903568242],[35.2287404028143,31.7607073543306],[35.228897756699,31.7610329112991],[35.2287828868413,31.7612499917467],[35.2276096385408,31.7621339472618],[35.2274645632185,31.7625267453326],[35.227059373398,31.7628782456842]]}},{"type":"Feature","properties":{"name":"ואדי יס'ול","type":"מוצע כשביל נפרד בתחום זכות הדרך","status":"רשת שבילי אופניים-תוכנית אסטרטגית","length":1418.1},"geometry":{"type":"LineString","coordinates":[[35.2376848817489,31.7644427984572],[35.2380547626317,31.7636060659462],[35.237921059079,31.7628618217916],[35.2377401153985,31.7618641537763],[35.2368228863291,31.7608542214123],[35.2337958362084,31.7598932672835],[35.2328577575162,31.7596448989392],[35.2323649877238,31.7597188258396],[35.232265116202,31.760915189244],[35.2314889488536,31.7620499695773],[35.2304589500942,31.7625573027991],[35.2304570756797,31.7627840500249],[35.2292288490445,31.7630005728466]]}},{"type":"Feature","properties":{"name":"איתמר בן אבי","type":"מוצע כשביל נפרד בתחום זכות הדרך","status":"רשת שבילי אופניים-תוכנית אסטרטגית","length":238.0},"geometry":{"type":"LineString","coordinates":[[35.2111436723487,31.7679470954579],[35.211661626267,31.768399013556],[35.211929828826,31.7686470307737],[35.2120815629797,31.7687612292133],[35.2123866690484,31.7689454829612],[35.2127352466624,31.7691717734131],[35.2130469138348,31.7693315022399]]}},{"type":"Feature","properties":{"name":"הרב ברודי","type":"מוצע כשביל נפרד בתחום זכות הדרך","status":"רשת שבילי אופניים-תוכנית אסטרטגית","length":364.7},"geometry":{"type":"LineString","coordinates":[[35.2093662120904,31.7666321159031],[35.2092408424896,31.7669514857968],[35.2095281957432,31.767522868481],[35.2096314421211,31.7676217576206],[35.20998497965,31.7678596215726],[35.2100600716067,31.7679772212204],[35.210066335104,31.7680894786919],[35.2098692587333,31.7684449692988],[35.2096471700143,31.7691372338208],[35.209550192016,31.7692788955847],[35.2094469585948,31.7694499593842],[35.2094563496191,31.7695488523341]]}},{"type":"Feature","properties":{"name":"מרכוס","type":"מוצע כשביל נפרד בתחום זכות הדרך","status":"רשת שבילי אופניים-תוכנית אסטרטגית","length":313.3},"geometry":{"type":"LineString","coordinates":[[35.2165578256959,31.7683000537894],[35.2168176561814,31.769037006207],[35.2169008741953,31.7698973051261],[35.2169205335948,31.7706740851352],[35.2169597731061,31.7710882621804]]}},{"type":"Feature","properties":{"name":"עין רוגל - דרך חברון","type":"מוצע כשביל נפרד בתחום זכות הדרך","status":"רשת שבילי אופניים-תוכנית אסטרטגית","length":157.6},"geometry":{"type":"LineString","coordinates":[[35.2259578764439,31.7671518837875],[35.2262238807951,31.7670623720557],[35.2263172061369,31.7669028290715],[35.2264549926243,31.7667546721988],[35.2269768608077,31.7666804925165],[35.2269994356465,31.7663236978853]]}},{"type":"Feature","properties":{"name":"עמינדב - עין רוגל","type":"מוצע בשטח פתוח","status":"רשת שבילי אופניים-תוכנית אסטרטגית","length":86.2},"geometry":{"type":"LineString","coordinates":[[35.2270156194707,31.7663126312039],[35.2272713374387,31.7661742951377],[35.2274072729381,31.7660387453134],[35.2274557894684,31.7658617237317],[35.2273845314015,31.7657151483817]]}},{"type":"Feature","properties":{"name":"גיחון-ישי-עמינדב","type":"מוצע כדרך משולבת","status":"רשת שבילי אופניים-תוכנית אסטרטגית","length":558.0},"geometry":{"type":"LineString","coordinates":[[35.2255062564509,31.7656834095936],[35.2270025130091,31.7656654323638],[35.2273812856981,31.7656819593478],[35.2275852036994,31.7655436310788],[35.2276240099549,31.7653776749962],[35.2273551900017,31.7648854077141],[35.2271025520229,31.7643599464119],[35.2265423268477,31.76363263471],[35.2265067037691,31.7635800905027],[35.2258657541506,31.7637046617791],[35.2253613549264,31.7637571808113]]}},{"type":"Feature","properties":{"name":"נפתלי - פארק המסילה","type":"מוצע כדרך משולבת","status":"רשת שבילי אופניים-תוכנית אסטרטגית","length":118.6},"geometry":{"type":"LineString","coordinates":[[35.216942906851,31.7602347897351],[35.2176968437567,31.759895657826],[35.2175999617923,31.7595638065688]]}},{"type":"Feature","properties":{"name":"ראובן","type":"מוצע כדרך משולבת","status":"רשת שבילי אופניים-תוכנית אסטרטגית","length":394.7},"geometry":{"type":"LineString","coordinates":[[35.2176072011684,31.759560749469],[35.2183893179147,31.7593138591954],[35.2187203867746,31.7592359833249],[35.2195247162073,31.7589814891408],[35.2205778966518,31.7586775969541],[35.2215441179448,31.7583984688185]]}},{"type":"Feature","properties":{"name":"נפתלי","type":"מוצע כדרך משולבת","status":"רשת שבילי אופניים-תוכנית אסטרטגית","length":203.9},"geometry":{"type":"LineString","coordinates":[[35.2175926322977,31.7595417662684],[35.2171728011986,31.7587032982095],[35.216956229693,31.7581034808539],[35.2168374901234,31.757822243464]]}},{"type":"Feature","properties":{"name":"רבדים","type":"מוצע כשביל נפרד בתחום זכות הדרך","status":"רשת שבילי אופניים-תוכנית אסטרטגית","length":531.5},"geometry":{"type":"LineString","coordinates":[[35.2192590483066,31.7489941786751],[35.2189403083347,31.7484161777741],[35.2187184054596,31.747682834018],[35.2186894167421,31.7472955523809],[35.2188822066036,31.7468505654316],[35.219643897355,31.7462571892508],[35.220222407147,31.7459027943178],[35.2208684035966,31.7454989470402],[35.22124722655,31.7453376411341]]}},{"type":"Feature","properties":{"name":"שמעון בטיש","type":"מוצע בשטח פתוח","status":"רשת שבילי אופניים-תוכנית אסטרטגית","length":356.4},"geometry":{"type":"LineString","coordinates":[[35.2126698480577,31.7555267897269],[35.2121914651984,31.7546746275333],[35.212154415719,31.7544531359032],[35.2122407954256,31.7541367112541],[35.2119815365137,31.7536673710159],[35.211633954717,31.752503016044]]}},{"type":"Feature","properties":{"name":"מקור חיים לרח' אנטיגונוס","type":"מוצע כדרך משולבת","status":"רשת שבילי אופניים-תוכנית אסטרטגית","length":422.6},"geometry":{"type":"LineString","coordinates":[[35.2070546377704,31.7565359325818],[35.2077761218316,31.7558870646415],[35.207858799642,31.7559460276938],[35.2085705188682,31.7552506816189],[35.2090010600828,31.7548861511586],[35.2094789937571,31.7544304886587],[35.2101991030892,31.7539671234758]]}},{"type":"Feature","properties":{"name":"קנאי הגליל למרכז חינוך","type":"מוצע כדרך משולבת","status":"רשת שבילי אופניים-תוכנית אסטרטגית","length":419.9},"geometry":{"type":"LineString","coordinates":[[35.2025371116204,31.7550721215006],[35.202711793115,31.7545240559263],[35.2031352625559,31.7540614686609],[35.2032220590378,31.7537318651423],[35.2030966990666,31.753237459207],[35.2036946030264,31.7528089784911],[35.2037524669831,31.7524464146676],[35.2037509712586,31.7516910015029]]}},{"type":"Feature","properties":{"name":"דהומיי","type":"מוצע כשביל נפרד בתחום זכות הדרך","status":"רשת שבילי אופניים-תוכנית אסטרטגית","length":760.2},"geometry":{"type":"LineString","coordinates":[[35.1608668548796,31.7569838982489],[35.1613713762719,31.7566344075039],[35.1616987132352,31.7566252376063],[35.1621898072367,31.7566940567571],[35.1624937914048,31.7571823937484],[35.1627702173768,31.7573173009779],[35.1634326839856,31.7572684309511],[35.1637725123791,31.7570640222472],[35.1642977026467,31.7567409189644],[35.164761123745,31.7564045994249],[35.1650545965586,31.7562529514698],[35.1656182768108,31.7561871507022],[35.1659425310613,31.7562796122039],[35.1662744294957,31.7565633968772],[35.1666217647777,31.7568669780208],[35.1673203339649,31.7575107038238]]}},{"type":"Feature","properties":{"name":"יעקב צור","type":"מוצע כשביל נפרד בתחום זכות הדרך","status":"רשת שבילי אופניים-תוכנית אסטרטגית","length":352.8},"geometry":{"type":"LineString","coordinates":[[35.1649836086603,31.7517654148468],[35.1649540875864,31.7514656225984],[35.1649937355535,31.7511869630138],[35.1651470619916,31.750845003696],[35.1654090457147,31.7506213021057],[35.1657549999656,31.7504694041893],[35.1662046625607,31.7504610948249],[35.166644404483,31.750545671865],[35.1670890605414,31.7506978060266],[35.1675638015218,31.7507198859656]]}},{"type":"Feature","properties":{"name":"המרגלית - אבנר חי שאקי","type":"מוצע כדרך משולבת","status":"רשת שבילי אופניים-תוכנית אסטרטגית","length":225.3},"geometry":{"type":"LineString","coordinates":[[35.1795009539422,31.7376047647803],[35.1788392800964,31.7375512012818],[35.178729746284,31.7379875396509],[35.1786149828617,31.7384951182169],[35.1785087249916,31.738987004431]]}},{"type":"Feature","properties":{"name":"יער גילה למלחה","type":"מוצע בשטח פתוח","status":"רשת שבילי אופניים-תוכנית אסטרטגית","length":516.6},"geometry":{"type":"LineString","coordinates":[[35.178697643797,31.7412268378082],[35.1778746782401,31.7417405836849],[35.1776710519243,31.7420775331345],[35.1779125809511,31.7426537324295],[35.1783576195294,31.7433278087947],[35.179044406821,31.7438388708735],[35.179807571643,31.7441868839184],[35.1801255334126,31.7444260999228],[35.1801239205004,31.7445691170326]]}},{"type":"Feature","properties":{"name":"מהמרגלית לאבנר חי שאקי","type":"מוצע כשביל נפרד בתחום זכות הדרך","status":"רשת שבילי אופניים-תוכנית אסטרטגית","length":185.1},"geometry":{"type":"LineString","coordinates":[[35.1791011008192,31.7327954725857],[35.1791044560485,31.7327929056913],[35.1801185736498,31.7331657046396],[35.1804640660575,31.733290839938],[35.1808928393266,31.7334552083088]]}},{"type":"Feature","properties":{"name":"אריה בן אליעזר","type":"מוצע כשביל נפרד בתחום זכות הדרך","status":"רשת שבילי אופניים-תוכנית אסטרטגית","length":741.3},"geometry":{"type":"LineString","coordinates":[[35.1988743431355,31.7349691444956],[35.1987877378398,31.7365252670823],[35.1985969102829,31.7369818294133],[35.198278894042,31.7372209699585],[35.1974393636702,31.7373405055899],[35.1966840389992,31.7373130848537],[35.1962620259074,31.7372284582199],[35.1958504551383,31.7369167458327],[35.1957150254742,31.7362178810389],[35.1958050560097,31.7357782916957],[35.1960687366962,31.7354466106934],[35.1966264741258,31.7352609591196]]}},{"type":"Feature","properties":{"name":"דב יוסף","type":"מוצע כשביל נפרד בתחום זכות הדרך","status":"רשת שבילי אופניים-תוכנית אסטרטגית","length":63.0},"geometry":{"type":"LineString","coordinates":[[35.1946750712083,31.7372538956812],[35.194965685757,31.7371456606794],[35.1949315849068,31.7368539810205],[35.1949354991084,31.7368516770916]]}},{"type":"Feature","properties":{"name":"נעמי","type":"מוצע כשביל נפרד בתחום זכות הדרך","status":"רשת שבילי אופניים-תוכנית אסטרטגית","length":380.0},"geometry":{"type":"LineString","coordinates":[[35.2292288490445,31.7630005728466],[35.229090004168,31.763025048822],[35.2285085551681,31.7629170482096],[35.227582468356,31.7628940627093],[35.2265340744355,31.7628040803421],[35.2253603178604,31.7623373063982]]}},{"type":"Feature","properties":{"name":"רינגבלום","type":"מוצע בשטח פתוח","status":"רשת שבילי אופניים-תוכנית אסטרטגית","length":480.9},"geometry":{"type":"LineString","coordinates":[[35.1756241978781,31.7550611032735],[35.1757379567667,31.7545488317041],[35.1755142901075,31.753260812036],[35.1753217605623,31.7530916778254],[35.1751618184947,31.7527245003046],[35.175072096096,31.7522966590146],[35.1749334820674,31.7508503322265]]}},{"type":"Feature","properties":{"name":"א-זהרה","type":"מוצע כשביל נפרד בתחום זכות הדרך","status":"רשת שבילי אופניים-תוכנית אסטרטגית","length":506.8},"geometry":{"type":"LineString","coordinates":[[35.1951299592123,31.7451811442806],[35.1953276401795,31.7454524769652],[35.1954282644985,31.7457378848711],[35.1954691630728,31.7459683787482],[35.1960183501424,31.7459553644575],[35.1963441025408,31.7459662409323],[35.1965226274388,31.7460001371119],[35.1966812998806,31.7460988898763],[35.1967851424552,31.7462056935688],[35.1970394597792,31.7466345910635],[35.1972046348424,31.7470085507221],[35.1974270378264,31.7475152892796],[35.1974878476095,31.7476908746724],[35.1974799285213,31.7477834531839],[35.1974912265289,31.7479959547209],[35.1981124739443,31.7479918779846],[35.1981911278966,31.7479909565357]]}},{"type":"Feature","properties":{"name":"א-תווחיד","type":"מוצע כשביל נפרד בתחום זכות הדרך","status":"רשת שבילי אופניים-תוכנית אסטרטגית","length":377.3},"geometry":{"type":"LineString","coordinates":[[35.1981911278966,31.7479909565357],[35.1989856851267,31.7479816486295],[35.1990550472443,31.7474305879274],[35.1991212492955,31.747299269352],[35.1993425153466,31.747139619175],[35.1998307911272,31.7469352559028],[35.2001915496282,31.7468846756395],[35.2003969957327,31.7468290401612],[35.2006913191973,31.7466866358854],[35.2009602966968,31.7466098620604],[35.2011772283698,31.7466166315392],[35.2012936861732,31.7466316221846]]}},{"type":"Feature","properties":{"name":"א-טאחונה","type":"מוצע כשביל נפרד בתחום זכות הדרך","status":"רשת שבילי אופניים-תוכנית אסטרטגית","length":113.6},"geometry":{"type":"LineString","coordinates":[[35.2012936861732,31.7466316221846],[35.201304067835,31.7466329589707],[35.2013170269367,31.7461788177978],[35.2013142048222,31.7459884579556],[35.2013255120202,31.7457953144494],[35.2012591257707,31.7456275993025]]}},{"type":"Feature","properties":{"name":"א נהדה","type":"מוצע כשביל נפרד בתחום זכות הדרך","status":"רשת שבילי אופניים-תוכנית אסטרטגית","length":548.9},"geometry":{"type":"LineString","coordinates":[[35.2064781181564,31.7435373074969],[35.2029509154795,31.7450497646286],[35.2012214016833,31.745601815506]]}},{"type":"Feature","properties":{"name":"א ת'ורי","type":"מוצע כשביל נפרד בתחום זכות הדרך","status":"רשת שבילי אופניים-תוכנית אסטרטגית","length":1379.9},"geometry":{"type":"LineString","coordinates":[[35.2304570756797,31.7627840500249],[35.2304461385448,31.7627859786003],[35.230447886801,31.7627944185935],[35.2306858875932,31.7627654177985],[35.2306248885957,31.7629244181259],[35.230554890108,31.7631524184884],[35.2305148905398,31.7633434181456],[35.230497891537,31.7634704182823],[35.2304528934605,31.7636684190415],[35.2304468938131,31.763744418588],[35.2304658943656,31.7638284186777],[35.2304888945933,31.7638864187097],[35.2305568953995,31.7639764177126],[35.2306588970512,31.7640654176415],[35.2307608977964,31.7641654172671],[35.2310349002125,31.7644054155139],[35.2312379030478,31.7645734141847],[35.231351904169,31.7647004137803],[35.2313659040629,31.7647214138362],[35.2313919043128,31.7647624133215],[35.2314369051089,31.7648654131752],[35.2314459062076,31.7649784130845],[35.2314369067694,31.7650924133518],[35.2314109077882,31.7652014138004],[35.2314049080936,31.7652204132957],[35.2313699087494,31.7653354137996],[35.2313369087413,31.7654254138829],[35.2312879107255,31.7656194142457],[35.2312589118162,31.7658064138691],[35.2312649125963,31.7659114141601],[35.2312639134359,31.7659934144263],[35.2312639136454,31.7660854141133],[35.2313749174821,31.7664734138893],[35.2314969196289,31.766789412595],[35.2315559207015,31.7669494121608],[35.2315829221189,31.767018412691],[35.2316099222276,31.7670864121697],[35.2316599232781,31.767209411903],[35.2316979238641,31.7672734120383],[35.2317159248032,31.7672974116194],[35.2317609247858,31.7673564113194],[35.2318099256759,31.7674014108392],[35.2318519257722,31.7674284110719],[35.2319219264878,31.7674644110398],[35.2320019266204,31.7674954098879],[35.232087927107,31.767509409452],[35.2321699281096,31.7675064091964],[35.232247928215,31.7674924090876],[35.2323189284182,31.7674604087871],[35.2323259277173,31.7674554083384],[35.2323739278053,31.7674184078243],[35.2324209272895,31.7673574076774],[35.232456927433,31.7673004078055],[35.2324809273873,31.7672364077629],[35.2324859259409,31.7671674075843],[35.2324779255845,31.7670524072802],[35.2324579243646,31.7668614077319],[35.2324329223933,31.7666514083525],[35.2324319222809,31.7665834078303],[35.2324299213066,31.7664414077261],[35.2324449210366,31.7663774078595],[35.2324889203895,31.7663074079481],[35.2325779198621,31.7662344075575],[35.2329899206508,31.7660414052166],[35.2331909208271,31.7659644038692],[35.233336921265,31.7659114028338],[35.2335089210975,31.765849402512],[35.2336269215211,31.7657994016609],[35.233694921135,31.7657644017451],[35.2338179215748,31.7656974007306],[35.2339649214702,31.7656164001302],[35.2340509207377,31.7655483992165],[35.2342139212035,31.7654423982212],[35.2343429203044,31.7653443980507],[35.2343649202018,31.765329397933],[35.2344289208967,31.7652853972706],[35.2344739210687,31.7652643971572],[35.2345569209571,31.7652393964755],[35.2347069215916,31.7652393960267],[35.234849922249,31.765270395219],[35.234943923127,31.7653153945007],[35.2350349235892,31.7653843942768],[35.2350749241032,31.7654263942887],[35.2351339256524,31.7655143936072],[35.235186925862,31.7656233937587],[35.2352469277247,31.7657953931242],[35.2352709283444,31.7659023927571],[35.2352839296049,31.766034393232],[35.2352899300403,31.7661563930638],[35.2352939326303,31.7664763929455],[35.2352899342638,31.766699392556],[35.2352539360558,31.766953392642],[35.2352269363365,31.7670503932589],[35.2351929372309,31.7671453934713],[35.2350999378295,31.7672843934835],[35.235026937799,31.7673723939269],[35.2349369384243,31.7674613949421],[35.2348389385866,31.767586394851],[35.2348049390162,31.7676333952851],[35.2347559398925,31.767721395245],[35.234716940445,31.7678253959992],[35.2346939410641,31.7678943960334],[35.2346879414146,31.7680123963363],[35.2346929419774,31.7681033955616],[35.2347369421739,31.7680903958466]]}},{"type":"Feature","properties":{"name":"המפקד","type":"מוצע כשביל נפרד בתחום זכות הדרך","status":"רשת שבילי אופניים-תוכנית אסטרטגית","length":794.9},"geometry":{"type":"LineString","coordinates":[[35.2263189014912,31.7670954398241],[35.2263219010624,31.7671024403118],[35.2263239014476,31.7671114403568],[35.2263239012244,31.7671194406029],[35.2263799020318,31.767172440352],[35.2264789030196,31.7672164394492],[35.2265879037298,31.7672554387146],[35.2267949049659,31.7673204379377],[35.2269679054377,31.7673554367501],[35.2271689062865,31.7673784358148],[35.2272839075213,31.7673744353587],[35.2274149077961,31.7673714347557],[35.2276899085073,31.767337433064],[35.2286279109148,31.7672104282395],[35.2287529116753,31.7671864270952],[35.2289449114153,31.7671214259825],[35.229111911777,31.7670514251109],[35.2292969118681,31.7669374241067],[35.2294289113986,31.7668414241238],[35.2296119111954,31.7667034232144],[35.2298259110168,31.7665374217513],[35.2299779106307,31.7663944212711],[35.2300339102038,31.7662954210421],[35.2300389106463,31.7662804205865],[35.2301379083366,31.765993419811],[35.2301519081694,31.7658964201799],[35.2301649069772,31.7658364197516],[35.2301839070932,31.7657204199797],[35.2301949055882,31.7655504194752],[35.2301889041605,31.7654044195473],[35.2301839033699,31.7653304198433],[35.2301689032225,31.7652114202027],[35.2301419023141,31.7650814205018],[35.2301169010607,31.7649754202327],[35.2300879004978,31.7649084200601],[35.2300188989861,31.7647694211882],[35.2299878989722,31.7647204212769],[35.2299488985803,31.764678421265],[35.2299298982353,31.764659421442],[35.2296698944254,31.7643674222903],[35.2295588936717,31.7642164234477],[35.2294998926488,31.7641234235128],[35.2294608920254,31.7640514235381],[35.2294198906731,31.763938424354],[35.2293578881982,31.7636224243903],[35.2293398876301,31.7635634248317],[35.2292848863017,31.7634174244856],[35.2291968845561,31.7632614254969],[35.2291088836782,31.7631274260063],[35.2290588827465,31.7630634255774],[35.2291128829477,31.7630074259734]]}},{"type":"Feature","properties":{"name":"שראפאת","type":"מוצע כשביל נפרד בתחום זכות הדרך","status":"רשת שבילי אופניים-תוכנית אסטרטגית","length":459.3},"geometry":{"type":"LineString","coordinates":[[35.1947385593364,31.7374566086212],[35.1946675586352,31.7373866090917],[35.1946285586487,31.737370609154],[35.1945825586621,31.7373586092592],[35.1944995584601,31.737350609783],[35.1944185582219,31.7374096104166],[35.1942565583197,31.7375486110317],[35.1941395586815,31.7376516115323],[35.1941825595202,31.7377806115419],[35.1942765618475,31.7380266112692],[35.1943765632738,31.7382296104341],[35.1944245646784,31.7383186102328],[35.1945615674345,31.7385576093394],[35.1945815668264,31.7386006091255],[35.1945995673259,31.7386556096286],[35.1946095683678,31.7386946089519],[35.1946175682985,31.7387566097204],[35.1946185688455,31.7388056089303],[35.1946135688271,31.7388466092021],[35.1946055692633,31.7388916089334],[35.1945945695099,31.7389266096597],[35.1945785704363,31.7389656096904],[35.1945295704092,31.7390546100592],[35.1945075700774,31.7390916102222],[35.1944695706994,31.7391466099966],[35.194440570592,31.7391836105049],[35.1943845709407,31.7392496104749],[35.1943465709318,31.7392896106986],[35.1942195721409,31.739414611004],[35.1940885721127,31.7395326116261],[35.1938805724729,31.7397326134026],[35.1938595727829,31.7397546131188],[35.1936985730402,31.7399266143246],[35.1935095743372,31.7401186149902],[35.1934435742599,31.7401866157825],[35.1933875740143,31.7402376157934],[35.193099575331,31.7404706169268],[35.1930425289684,31.7405125549383],[35.1930249965173,31.7405095565417],[35.1930044132479,31.7405060366032],[35.1930033208741,31.7405071367584]]}},{"type":"Feature","properties":{"name":"מעמל א-תלג'","type":"מוצע כשביל נפרד בתחום זכות הדרך","status":"רשת שבילי אופניים-תוכנית אסטרטגית","length":255.3},"geometry":{"type":"LineString","coordinates":[[35.2062973163096,31.7455732165513],[35.206345839546,31.7461651782937],[35.2063814471699,31.7466822391874],[35.2064490394826,31.7471499514304],[35.2065913235527,31.7478595489917]]}},{"type":"Feature","properties":{"name":"ראס אל-ג'בל","type":"מוצע כשביל נפרד בתחום זכות הדרך","status":"רשת שבילי אופניים-תוכנית אסטרטגית","length":367.8},"geometry":{"type":"LineString","coordinates":[[35.2068588641104,31.7423099034615],[35.206612487154,31.7430171348471],[35.2064781181564,31.7435373074969],[35.2064884341674,31.744006719958],[35.2064235346276,31.7449134539912],[35.2062965351459,31.7455636813483],[35.2062973163096,31.7455732165513]]}},{"type":"Feature","properties":{"name":"אל-ג'מעיה","type":"מוצע כדרך משולבת","status":"רשת שבילי אופניים-תוכנית אסטרטגית","length":328.9},"geometry":{"type":"LineString","coordinates":[[35.2045081281413,31.7397722094131],[35.2046421018582,31.7404312551754],[35.2047411060074,31.7409379925097],[35.2050297230397,31.7420936117906],[35.205074688302,31.7426745384676],[35.2050788031701,31.7426935935519]]}},{"type":"Feature","properties":{"name":"אל-בראעם","type":"מוצע כדרך משולבת","status":"רשת שבילי אופניים-תוכנית אסטרטגית","length":365.5},"geometry":{"type":"LineString","coordinates":[[35.2044699084641,31.7397267663005],[35.2046272249346,31.7399138144739],[35.2052588907542,31.7404577486629],[35.2060188996555,31.7412746633697],[35.2069393067572,31.7422535860867]]}},{"type":"Feature","properties":{"name":" אל-אסמין","type":"מוצע כדרך משולבת","status":"רשת שבילי אופניים-תוכנית אסטרטגית","length":409.9},"geometry":{"type":"LineString","coordinates":[[35.2036465573471,31.7447514868335],[35.2039528541936,31.7454483543848],[35.2039494654683,31.7456688610624],[35.2041599560977,31.7462492984856],[35.2042551901121,31.7465169032596],[35.2041300677087,31.746769766142],[35.2045332075856,31.7470395651088],[35.2047122920377,31.7471959537954],[35.2046806576665,31.7473915695678],[35.2040663604957,31.747878147608]]}},{"type":"Feature","properties":{"name":"מסג'ר עומר","type":"מוצע כדרך משולבת","status":"רשת שבילי אופניים-תוכנית אסטרטגית","length":683.7},"geometry":{"type":"LineString","coordinates":[[35.2396254513191,31.758622095704],[35.2393920296574,31.758748169285],[35.2386040189578,31.7585322430051],[35.2380179790545,31.7583143720209],[35.2369877471445,31.7580966127901],[35.2364264409188,31.757912251477],[35.2360084585937,31.7573327642653],[35.2357165086181,31.7569875636195],[35.2354068270435,31.7570616095594],[35.234810495843,31.7576143817389],[35.2342863741921,31.7578917425901],[35.2340408962881,31.7578882205559],[35.233603475232,31.7577895129112]]}},{"type":"Feature","properties":{"name":"סעדיה גאון","type":"מוצע כשביל נפרד בתחום זכות הדרך","status":"רשת שבילי אופניים-תוכנית אסטרטגית","length":180.7},"geometry":{"type":"LineString","coordinates":[[35.2101052014975,31.7744609947936],[35.2101125544874,31.7744457524376],[35.2101543679173,31.7739311299381],[35.2100175248715,31.7731977195796],[35.2098783502768,31.7728632559785]]}},{"type":"Feature","properties":{"name":"חוות העלמות","type":"מוצע כדרך משולבת","status":"רשת שבילי אופניים-תוכנית אסטרטגית","length":315.0},"geometry":{"type":"LineString","coordinates":[[35.2297312714405,31.7543246623121],[35.2296893921341,31.7539029356972],[35.2295634909423,31.7539259134877],[35.2293698835148,31.7516238857914]]}},{"type":"Feature","properties":{"name":"לואיג'י לוצאטי","type":"מוצע כדרך משולבת","status":"רשת שבילי אופניים-תוכנית אסטרטגית","length":388.3},"geometry":{"type":"LineString","coordinates":[[35.2278905582677,31.7540417991156],[35.2303749613967,31.7538091339084],[35.2307486384766,31.7536294394567],[35.2319026727058,31.7534629178186]]}},{"type":"Feature","properties":{"name":"המחנכת","type":"מוצע כדרך משולבת","status":"רשת שבילי אופניים-תוכנית אסטרטגית","length":1031.8},"geometry":{"type":"LineString","coordinates":[[35.1795576656152,31.7375084144084],[35.1788381068461,31.7375119770233],[35.1784133390248,31.7373970518196],[35.1781402806758,31.7373043843419],[35.177841238014,31.7371302118712],[35.1777459203186,31.7369708996764],[35.1776289342331,31.7368004694009],[35.1776074178965,31.7362522023621],[35.1776595494458,31.7358484248282],[35.1776899505422,31.7356446850086],[35.1775772937222,31.7354964824808],[35.177321583775,31.7353889986208],[35.1770961800011,31.7354074727052],[35.1769834491906,31.7355148783536],[35.1769096967973,31.7357334269213],[35.1768835895479,31.7360705281059],[35.1769094573948,31.7365447067874],[35.1770177325865,31.7368522021605],[35.177399022438,31.737404250703],[35.1777457051515,31.7377229082203],[35.1780664363771,31.7378526315487],[35.1785042243908,31.7379119932574],[35.1788553128731,31.737993562141],[35.1790070074713,31.7380676818461],[35.179206365905,31.738208491536],[35.1793190206775,31.7383900329327],[35.1793796330153,31.7386641764638],[35.1794835926307,31.7389383275276],[35.1796786077871,31.7391235894341],[35.1798606408494,31.7392273495676],[35.1800426761679,31.7393199968867],[35.1803417921707,31.7392533729234]]}},{"type":"Feature","properties":{"name":"מרדכי אלחי","type":"מוצע כדרך משולבת","status":"רשת שבילי אופניים-תוכנית אסטרטגית","length":807.6},"geometry":{"type":"LineString","coordinates":[[35.2314494258238,31.7490320797163],[35.2314314121935,31.7493259200274],[35.2313772002769,31.7496094581035],[35.231383321254,31.7499136031584],[35.2316247677774,31.7503723491873],[35.2319688495087,31.7510785135361],[35.2322646088012,31.7515681761657],[35.2325964922917,31.7518103900244],[35.2334593612031,31.7523153878101],[35.233803312426,31.752542130006],[35.2337128797015,31.752738041438],[35.2335319119023,31.7528102539895],[35.2329105186899,31.7528310144177],[35.2325485323083,31.7528104751804],[35.2321563543062,31.7527023056472],[35.2317942455462,31.7522642065916],[35.231607100971,31.7518466898908],[35.2315045193589,31.7517745416396],[35.2313597169867,31.7517333319211],[35.2311985467092,31.751749257352]]}},{"type":"Feature","properties":{"name":"גולומב","type":"מוצע כשביל נפרד בתחום זכות הדרך","status":"רשת שבילי אופניים-תוכנית אסטרטגית","length":284.9},"geometry":{"type":"LineString","coordinates":[[35.1973131564871,31.7573687827049],[35.1966212447425,31.7569379973687],[35.1959095463254,31.7567690321274],[35.1950100304648,31.7566676171985],[35.1945058995745,31.7566844706653]]}},{"type":"Feature","properties":{"name":"אגודת ספורט מכבי","type":"מוצע כשביל נפרד בתחום זכות הדרך","status":"רשת שבילי אופניים-תוכנית אסטרטגית","length":428.6},"geometry":{"type":"LineString","coordinates":[[35.1889138799794,31.752595105297],[35.1887051036917,31.7522666613031],[35.1885572939792,31.7518941622028],[35.18845890869,31.7514683276769],[35.1884023909119,31.750974400895],[35.1883945494627,31.7504441628674],[35.1889027076458,31.7493815499787],[35.1891113568015,31.7489253127303]]}},{"type":"Feature","properties":{"name":"יהודה","type":"מוצע כשביל נפרד בתחום זכות הדרך","status":"רשת שבילי אופניים-תוכנית אסטרטגית","length":126.9},"geometry":{"type":"LineString","coordinates":[[35.2221737342285,31.7562368002742],[35.2213340306246,31.7565378114746],[35.2209790842898,31.7567433262616]]}},{"type":"Feature","properties":{"name":"יד חרוצים","type":"מוצע כשביל נפרד בתחום זכות הדרך","status":"רשת שבילי אופניים-תוכנית אסטרטגית","length":228.1},"geometry":{"type":"LineString","coordinates":[[35.2167569269688,31.7528880752515],[35.2169995369091,31.7535047643754],[35.2172718542849,31.7542923242529],[35.2174228351816,31.7546722857129],[35.2174577311749,31.7548541083975]]}},{"type":"Feature","properties":{"name":"צרת","type":"מוצע כשביל נפרד בתחום זכות הדרך","status":"רשת שבילי אופניים-תוכנית אסטרטגית","length":109.5},"geometry":{"type":"LineString","coordinates":[[35.2137743457339,31.7521193577172],[35.2128195580751,31.7523097913378],[35.2126472897509,31.7523357793675]]}},{"type":"Feature","properties":{"name":"גנרל פייר קנינג","type":"מוצע כשביל נפרד בתחום זכות הדרך","status":"רשת שבילי אופניים-תוכנית אסטרטגית","length":270.7},"geometry":{"type":"LineString","coordinates":[[35.2129846021321,31.7484525223659],[35.2132317880275,31.7494620255773],[35.2135855980159,31.7508395490018]]}},{"type":"Feature","properties":{"name":"גנרל פייר קנינג","type":"מוצע כשביל נפרד בתחום זכות הדרך","status":"רשת שבילי אופניים-תוכנית אסטרטגית","length":290.6},"geometry":{"type":"LineString","coordinates":[[35.2135855980159,31.7508395490018],[35.2136085200556,31.7509287903135],[35.2137369871824,31.7515910796103],[35.2141321900164,31.7534178032118]]}},{"type":"Feature","properties":{"name":"גנרל פייר קנינג","type":"מוצע כשביל נפרד בתחום זכות הדרך","status":"רשת שבילי אופניים-תוכנית אסטרטגית","length":195.8},"geometry":{"type":"LineString","coordinates":[[35.2141321900164,31.7534178032118],[35.2142800848893,31.7541013890744],[35.2144610429253,31.7551609582163]]}},{"type":"Feature","properties":{"name":"דרך בית לחם","type":"מוצע כשביל נפרד בתחום זכות הדרך","status":"רשת שבילי אופניים-תוכנית אסטרטגית","length":742.3},"geometry":{"type":"LineString","coordinates":[[35.2209561155286,31.7567298557007],[35.2209653232039,31.7567512931409],[35.2214332151562,31.7580952648514],[35.2218578574861,31.7592562086035],[35.2222759107528,31.7603103282772],[35.2230116037511,31.7620188960678],[35.2232397919275,31.7631216716363]]}},{"type":"Feature","properties":{"name":"דרך בית לחם","type":"מוצע כשביל נפרד בתחום זכות הדרך","status":"רשת שבילי אופניים-תוכנית אסטרטגית","length":312.9},"geometry":{"type":"LineString","coordinates":[[35.2196947778611,31.7541252734601],[35.2199485397925,31.7546122856092],[35.2203437090486,31.7553039423272],[35.2209561155286,31.7567298557007]]}},{"type":"Feature","properties":{"name":"גדוד העבודה","type":"מוצע כשביל נפרד בתחום זכות הדרך","status":"רשת שבילי אופניים-תוכנית אסטרטגית","length":416.5},"geometry":{"type":"LineString","coordinates":[[35.2205954594533,31.7385969330342],[35.2201877546474,31.7401456261859],[35.2198992473232,31.7415125820789],[35.2196765454218,31.7418797461039],[35.2195174838961,31.7422197070042]]}},{"type":"Feature","properties":{"name":"גדוד העבודה","type":"מוצע כשביל נפרד בתחום זכות הדרך","status":"רשת שבילי אופניים-תוכנית אסטרטגית","length":78.6},"geometry":{"type":"LineString","coordinates":[[35.2198517292591,31.7428179642166],[35.2195333950026,31.7422197051133],[35.2194731832948,31.7422246922531]]}},{"type":"Feature","properties":{"name":"אפרסמון","type":"מוצע כדרך משולבת","status":"רשת שבילי אופניים-תוכנית אסטרטגית","length":462.2},"geometry":{"type":"LineString","coordinates":[[35.2022614008446,31.7344502299962],[35.2025784962837,31.7336079725761],[35.2025613656973,31.7331245875137],[35.2024756780121,31.7327437369627],[35.2021586083582,31.7326338714698],[35.1997443758931,31.7331189499926]]}},{"type":"Feature","properties":{"name":"הגננת","type":"מוצע כדרך משולבת","status":"רשת שבילי אופניים-תוכנית אסטרטגית","length":689.6},"geometry":{"type":"LineString","coordinates":[[35.1924644632778,31.7307168642944],[35.1922802002185,31.7309038360587],[35.1922456345015,31.7310711381602],[35.192591011865,31.7316222942219],[35.1935811638173,31.7328132022641],[35.1938920162634,31.7333151442205],[35.1939495416328,31.7337678583046],[35.1939149624138,31.7340630995529],[35.1939494170372,31.7348799460416],[35.1939953684788,31.7358640986155],[35.1940068734675,31.7359625145163],[35.1942832226427,31.7361790494428],[35.1944905031463,31.7361790656946]]}},{"type":"Feature","properties":{"name":"הנוטרים","type":"מוצע כדרך משולבת","status":"רשת שבילי אופניים-תוכנית אסטרטגית","length":131.3},"geometry":{"type":"LineString","coordinates":[[35.1942138370901,31.7559572023485],[35.1948092440728,31.7548933887262],[35.1948144694612,31.7548956076558]]}},{"type":"Feature","properties":{"name":"יצחק שדה - גן אלמליח","type":"מוצע כשביל נפרד בתחום זכות הדרך","status":"רשת שבילי אופניים-תוכנית אסטרטגית","length":86.9},"geometry":{"type":"LineString","coordinates":[[35.1960675359541,31.7536635009548],[35.1963099020187,31.7535627723815],[35.1968863350068,31.753378109816],[35.1968947332685,31.7533512750216]]}},{"type":"Feature","properties":{"name":"סן מרטין - גן אלמליח","type":"מוצע בשטח פתוח","status":"רשת שבילי אופניים-תוכנית אסטרטגית","length":67.7},"geometry":{"type":"LineString","coordinates":[[35.1954434210794,31.7534350782925],[35.1955580654999,31.7529083215378],[35.1955599712992,31.7528339122693]]}},{"type":"Feature","properties":{"name":"רבי צדוק - בר יוחאי","type":"מוצע כשביל נפרד בתחום זכות הדרך","status":"רשת שבילי אופניים-תוכנית אסטרטגית","length":62.9},"geometry":{"type":"LineString","coordinates":[[35.1937574168961,31.7528559078114],[35.1936273459992,31.7522999114385]]}},{"type":"Feature","properties":{"name":"המלך ג'ורג'","type":"מוצע כשביל נפרד בתחום זכות הדרך","status":"רשת שבילי אופניים-תוכנית אסטרטגית","length":513.2},"geometry":{"type":"LineString","coordinates":[[35.2178121838452,31.7751593577902],[35.2168986278695,31.7764122835484],[35.2162767948805,31.7773765647753],[35.2159390208511,31.7780390883879],[35.2157932386126,31.7789442884078],[35.2157548961491,31.7793575297905]]}},{"type":"Feature","properties":{"name":"אבנר חי שאקי","type":"קיים","status":"קיים","length":293.9},"geometry":{"type":"MultiLineString","coordinates":[[[35.1758767635724,31.7367780051677],[35.1758764397646,31.7366775474658],[35.1758785429564,31.7365532797421],[35.1758911218288,31.736387157837],[35.1759122597923,31.7362660183583],[35.1759309329847,31.7361713322016]],[[35.175902286918,31.7373376681798],[35.17587615922,31.7370699193419],[35.1758767316997,31.7367683680246]],[[35.1759528313751,31.7388018068771],[35.1759607570845,31.7387309631811],[35.1759802162191,31.7385831999467],[35.1759872722742,31.7383776381972],[35.175984311,31.7382882212422],[35.1759826968533,31.7381519094589],[35.1759709617847,31.7379526383984],[35.17595090221,31.7377379475016],[35.1759268268005,31.7375667301248],[35.1759021249161,31.7373360033343]]]}},{"type":"Feature","properties":{"name":"אליהו גולומב","type":"קיים","status":"קיים","length":871.4},"geometry":{"type":"MultiLineString","coordinates":[[[35.1876742649941,31.7543099406399],[35.1879445781033,31.7542787250814],[35.1881974466919,31.7542700762943],[35.1885801302409,31.754287485732],[35.1888558395107,31.7543387038058],[35.189116709924,31.7544182825137],[35.189509151725,31.7545694500922],[35.189798022721,31.7546960032337],[35.1901809149346,31.754887977004],[35.1905112756225,31.7551173794698],[35.1908211138893,31.7553205406302],[35.1911878611173,31.7555636342882]],[[35.1860552281184,31.7545665868145],[35.1867742419693,31.7544235880323],[35.1876787761334,31.7543093712656]],[[35.1860625672803,31.7545639129993],[35.1855169316894,31.7547626990962],[35.1849375276611,31.7550200975841],[35.18452770661,31.7552358015461],[35.1839619616283,31.7556300579837],[35.1836442053302,31.7559481989565],[35.1832098856365,31.7563037625714],[35.183203601432,31.7563448702894]]]}},{"type":"Feature","properties":{"name":"אליהו גולומב","type":"קיים","status":"קיים","length":196.6},"geometry":{"type":"LineString","coordinates":[[35.1929363080449,31.7564848333884],[35.1927468332367,31.7564296242677],[35.1923947428138,31.7563138002516],[35.1921052140408,31.7561719955644],[35.1917348951361,31.7559475074577],[35.1913924982395,31.7557175658604],[35.1911868479571,31.7555629623093]]}},{"type":"Feature","properties":{"name":"אליהו גולומב","type":"קיים","status":"קיים","length":444.4},"geometry":{"type":"MultiLineString","coordinates":[[[35.194320451302,31.756667026216],[35.1940910418741,31.7566513798388],[35.1938168447548,31.7566384033108],[35.1934148577524,31.7565814485529],[35.1929357940421,31.7564846836361]],[[35.1974498964728,31.7574030864433],[35.1969710447692,31.757189073547],[35.1963962244213,31.7569671076196],[35.1958746256418,31.756825183125],[35.1951933475693,31.7567305422936],[35.1943191794496,31.7566669386367]]]}},{"type":"Feature","properties":{"name":"אליעזר הגדול","type":"קיים","status":"קיים","length":289.3},"geometry":{"type":"MultiLineString","coordinates":[[[35.2057271410542,31.7543566728927],[35.2059219750968,31.7541775950325],[35.2061739921191,31.7540057073855],[35.2064204923579,31.753831770333],[35.2065030354194,31.7537924864398]],[[35.2052440411139,31.7547305727715],[35.2057335718909,31.7543507630377]],[[35.2043837896316,31.7556124505144],[35.2045511472907,31.755297961956],[35.2048281937607,31.7550745798482],[35.2052480128002,31.7547274902403]]]}},{"type":"Feature","properties":{"name":"אלעזר המודעי","type":"קיים","status":"קיים","length":235.4},"geometry":{"type":"LineString","coordinates":[[35.2131796483731,31.7628121156799],[35.213196196644,31.762781955995],[35.2132268997685,31.7627281030009],[35.213262344939,31.7626797743604],[35.2133330733923,31.7625692719618],[35.2134082248106,31.7624842958837],[35.2134393984832,31.7624303688515],[35.2135039214432,31.7623571598204],[35.2135807378806,31.7622690270668],[35.2136262863107,31.7622196262017],[35.2136963567972,31.762113339759],[35.2138662802555,31.7618768151852],[35.2142394139065,31.7614007686398],[35.214381307909,31.7612121460345],[35.2144794079476,31.7610893919841],[35.2145056181052,31.7610225651028]]}},{"type":"Feature","properties":{"name":"אמת המים התחתונה","type":"בשלבי תכנון","status":"בשלבי תכנון","length":1173.6},"geometry":{"type":"MultiLineString","coordinates":[[[35.2164480671957,31.7349685369492],[35.2164165060226,31.7349442685196],[35.2162669214788,31.7348784675517]],[[35.2173434751766,31.7351592338952],[35.2170692806654,31.7351271927045],[35.21693387021,31.7351301731911],[35.2168491511203,31.7351066892901],[35.2167482253977,31.7350812066092],[35.2166614913251,31.7350530421918],[35.2166031420742,31.7350396292164],[35.2165511023114,31.7350114640973],[35.2164935845676,31.734989441057],[35.2164535809272,31.7349692903712]],[[35.2129245580361,31.7400663966736],[35.2136894869153,31.7395897866469],[35.2139668007827,31.7392279488461],[35.2144976573025,31.7380205064343],[35.2146688237057,31.7376546116781],[35.2147932642967,31.7374643741145],[35.2148979765241,31.7372680082],[35.2151866063797,31.7369278714302],[35.2153511504371,31.7367401965501],[35.2156191006017,31.7364812890093],[35.2159710449186,31.7361585883482],[35.2162098209577,31.7359794875415],[35.216377071523,31.7358437664691],[35.2164322870676,31.7358076404801],[35.2165068346435,31.7357463952856],[35.2166653734291,31.7356517610096],[35.216793188158,31.7355872782804],[35.217115229047,31.7353813611205],[35.2171931630415,31.7353115268917],[35.2172289256384,31.735268190437],[35.217260816731,31.7352416873408],[35.217345250206,31.7351600273402],[35.2173948676163,31.7350610436524],[35.2174435153737,31.7349861790448],[35.2175697338701,31.7348897071732],[35.2176454871196,31.7348504193555],[35.2176812097556,31.7348107632136],[35.2177369518696,31.734753051787],[35.2178067408959,31.7346783182934],[35.2179779225593,31.7344612994602],[35.2180969218999,31.7343140880961],[35.2182329196713,31.7341603048134],[35.2183380107746,31.7340866980968],[35.2184817360352,31.7339868044871],[35.2186563707097,31.7339210836628],[35.2188727320309,31.7338553650758],[35.2190798223693,31.7338198753106],[35.2192204568362,31.7338001599614],[35.2193734555711,31.7338146185093],[35.2196021805435,31.733854049926],[35.2197675429171,31.7339158264545],[35.2199607225093,31.7339907474028],[35.2201384493409,31.7340827554665],[35.2202589924116,31.7341497892472],[35.2203316284844,31.7342128797285]]]}},{"type":"Feature","properties":{"name":"אשר וינר","type":"בשלבי תכנון","status":"בשלבי תכנון","length":2236.2},"geometry":{"type":"LineString","coordinates":[[35.2160121062934,31.744597190653],[35.2167999361598,31.744308088234],[35.2177641794606,31.7440390295],[35.2189428195157,31.7436104566985],[35.2201235632964,31.7426123713379],[35.2211424417183,31.7417671925865],[35.2218358546643,31.7413362063666],[35.2222744795706,31.7411487644159],[35.2228555321547,31.7409969494665],[35.2233199433961,31.7409255263095],[35.2240125290508,31.7409276066733],[35.2246083876105,31.7410235132289],[35.2252927811761,31.7412066435048],[35.2266134565672,31.7416632330412],[35.2271321603369,31.7417614201864],[35.2276755490032,31.7418254414797],[35.2307475375006,31.7418673757857],[35.2325147892024,31.7419392240463],[35.2334499080795,31.7419963508475],[35.2339773514902,31.7425721032918],[35.2345299700801,31.7432488398677],[35.2349610119755,31.7436436013981],[35.2353478456686,31.7441229518103],[35.2355799446453,31.7446680916631],[35.2356794165892,31.7449594581474],[35.2358452015945,31.7453354148385]]}},{"type":"Feature","properties":{"name":"בצלאל בזק","type":"לקראת ביצוע","status":"לקראת ביצוע","length":993.8},"geometry":{"type":"MultiLineString","coordinates":[[[35.1991346955762,31.7656653074242],[35.1997670515069,31.7656446318958],[35.2001209715382,31.7656662063829],[35.2005860175151,31.7657219351326],[35.2008368353157,31.7657730173251],[35.2009708519756,31.7658028611589],[35.2011427987767,31.7658470153617],[35.2013993857673,31.7659062844233]],[[35.197464961009,31.7659981790795],[35.1969345577615,31.7662024400233],[35.1963436488251,31.7663418560617],[35.1959483568376,31.7664524712842],[35.19545685336,31.7665637026499],[35.1950831426449,31.766659159423],[35.1945640409441,31.7667956585625]],[[35.2013992622639,31.7659062564632],[35.2018636149117,31.7660274443992],[35.202099322699,31.766150633351],[35.2022831942229,31.7662619401446],[35.2025172814295,31.7664544502394],[35.2027422822218,31.7666910030748],[35.2028823506388,31.7668411850586],[35.2029679001057,31.7669621637241],[35.2030907630698,31.7671018730833]],[[35.1974574629174,31.7660010672748],[35.1977642843889,31.7659020882933],[35.1979644090246,31.7658371784719],[35.1982007141884,31.7657972980384],[35.1984578075791,31.765746557241],[35.1987766353278,31.7657034103683],[35.1991386603928,31.7656648864268]],[[35.1945760909298,31.766792916085],[35.1943454204041,31.7668454124224],[35.194100647849,31.7669071537975],[35.1937390250863,31.7670132971378],[35.1934856702384,31.7670787431856]]]}},{"type":"Feature","properties":{"name":"גן אלמליח","type":"קיים","status":"קיים","length":445.9},"geometry":{"type":"MultiLineString","coordinates":[[[35.1973944016672,31.7520346813773],[35.1971596642214,31.7521619357257],[35.1969038082918,31.7522447617251],[35.19664390924,31.7522935991408],[35.1964826854309,31.7523115585067],[35.1963121172164,31.7523115478204],[35.1961345396702,31.752301553031],[35.1959453088723,31.7522938298719],[35.195764269454,31.7522508466596],[35.1955708642716,31.752201346507]],[[35.1973995499929,31.7520357945359],[35.1981197074014,31.7516177321846]],[[35.1955761137905,31.752203687157],[35.1954148996451,31.7521318006908],[35.195265365813,31.7520858708509],[35.1949966682467,31.7520299477915],[35.1949102163565,31.7520319380799]],[[35.193730235415,31.7522714271967],[35.193905480246,31.7522335083294],[35.1941461464628,31.7522215486827],[35.1942886801148,31.7521816299722],[35.1944943044437,31.7521017850312],[35.1949124243305,31.7520318868389]]]}},{"type":"Feature","properties":{"name":"גן הפעמון","type":"קיים","status":"קיים","length":301.9},"geometry":{"type":"LineString","coordinates":[[35.2239004322407,31.768431473011],[35.2234893044503,31.7683980409185],[35.2228560521657,31.7683528798832],[35.2228204503742,31.7683051631456],[35.2228081490487,31.768240262028],[35.2227947337166,31.7681949274442],[35.2227656815624,31.76817106979],[35.2227316054937,31.7681620075792],[35.222690829457,31.7681691722726],[35.2226552944959,31.7681975150703],[35.2226182219938,31.7682231092621],[35.2225679512602,31.768238864423],[35.2225165600962,31.7682417351],[35.2224668427446,31.7682317208949],[35.2223620490641,31.7681699063113],[35.2223003650156,31.7681530018494],[35.222235010459,31.7681573065022],[35.2221908834817,31.7681735377279],[35.2221540208727,31.7681988359511],[35.2221284121346,31.7682404388101],[35.2221079087317,31.7683006712153],[35.2220842211441,31.768331037742],[35.2220590893634,31.7683553792551],[35.2220378649894,31.7683716081486],[35.2220099370286,31.7683802020663],[35.2219646917691,31.7683840258191],[35.2219048098231,31.7683683384049],[35.2218741908666,31.7683477688812],[35.2218546354314,31.7683248647664],[35.2218434595099,31.7683019595001],[35.2218395442994,31.7682742815892],[35.2218456810775,31.7682318075743],[35.2218534974203,31.7682122401277],[35.221858520305,31.7681855142383],[35.2218568367181,31.7681468596961],[35.2218456592934,31.7681158414544],[35.2218272205775,31.7680919830321],[35.2218031974988,31.7680728970196],[35.2217183865682,31.7680584006507],[35.2213557007454,31.7681027994073]]}},{"type":"Feature","properties":{"name":"פייר קניג","type":"קיים","status":"קיים","length":113.5},"geometry":{"type":"LineString","coordinates":[[35.2122649298381,31.7460203241435],[35.2123598619201,31.7462761781528],[35.2124139242456,31.7464471493505],[35.2124500235298,31.7465481510692],[35.2124883407223,31.7466305583831],[35.2125144949668,31.7466786981341],[35.2125345052084,31.7467309344551],[35.2125556292564,31.7467993182455],[35.2125934282933,31.746903792816],[35.2126296587068,31.7469678458574],[35.212647712588,31.7469865047729]]}},{"type":"Feature","properties":{"name":"דב יוסף","type":"בביצוע","status":"בביצוע","length":126.5},"geometry":{"type":"LineString","coordinates":[[35.1992763129313,31.7526146279766],[35.1990685784399,31.7521607994853],[35.1987792649974,31.7515558764857]]}},{"type":"Feature","properties":{"name":"דב יוסף","type":"קיים","status":"קיים","length":2178.4},"geometry":{"type":"LineString","coordinates":[[35.1947446722756,31.7326975091273],[35.194744453682,31.7326990936568],[35.1946380885004,31.7334707315252],[35.194553120474,31.7339238185428],[35.1944768587068,31.7344529823781],[35.1944502095957,31.7347418077128],[35.1944840521014,31.735169087517],[35.1945575311093,31.7355461690241],[35.194597241134,31.7358473574473],[35.1946380402111,31.7361103770546],[35.1946838961507,31.7364559719384],[35.1947413267999,31.7367277226304],[35.1947742269258,31.7369093011752],[35.194820278242,31.7372107821408],[35.1948205292259,31.7372124325394],[35.1949239252258,31.7378778048184],[35.1949673539499,31.7383058569759],[35.1950093390591,31.7385385753034],[35.1950324550473,31.7386641871106],[35.1950925736892,31.7391377710243],[35.1951692873394,31.7394736693564],[35.1952817933615,31.7398917852192],[35.1954251365082,31.740154208352],[35.1954742213623,31.7402345654102],[35.1957076421348,31.7406095936069],[35.1957076716787,31.7406096432105],[35.1958211081541,31.7408200931287],[35.195991890257,31.741070244199],[35.1961460120459,31.7412840576655],[35.1963345971473,31.7414951026471],[35.1965401550327,31.7417023985111],[35.196541130063,31.7417033824854],[35.1968471414202,31.7420169449199],[35.1971202466985,31.7423164665967],[35.1974045923575,31.7426664528937],[35.1976304847075,31.7429955838717],[35.1978404028185,31.7434772464383],[35.1978760812209,31.7435591088259],[35.1980279746881,31.7441204578779],[35.1980729313057,31.7446811918039],[35.1980874401757,31.7452288609291],[35.1981287967402,31.745774551774],[35.198174590307,31.746624766268],[35.1982741720773,31.7481054579272],[35.19831624995,31.7488422044183],[35.1983534016615,31.7497284990468],[35.1983897962456,31.7501237082225],[35.1984420979184,31.7506916304413],[35.1985395584893,31.7509775441502],[35.198642704627,31.7512391253504],[35.1987250203991,31.7514478790682],[35.1987792649974,31.7515558764857]]}},{"type":"Feature","properties":{"name":"דהומיי","type":"בשלבי תכנון","status":"בשלבי תכנון","length":530.1},"geometry":{"type":"LineString","coordinates":[[35.1626563726144,31.7573271714039],[35.1626593800705,31.7573240321681],[35.1628678448996,31.7572969574647],[35.1630970285145,31.7572898875246],[35.1633252093232,31.7572590235002],[35.1635324996475,31.7571753079224],[35.1637754645019,31.7570497136297],[35.1640276599649,31.7568901718771],[35.1643718050561,31.7566727177543],[35.1650388804466,31.7562653866555],[35.1653491686848,31.7561857338176],[35.1656405819466,31.7561880007104],[35.1659244202713,31.7562790448899],[35.1663589561385,31.7566430071622],[35.1668023626882,31.7570145487451],[35.1672191575571,31.757393661906],[35.1672707685602,31.7574533663924]]}},{"type":"Feature","properties":{"name":"דובנוב","type":"קיים","status":"קיים","length":461.5},"geometry":{"type":"MultiLineString","coordinates":[[[35.2200370964297,31.7680112978104],[35.2205576885845,31.7680017877653],[35.2213557007454,31.7681027994073]],[[35.2170428567152,31.7681095932778],[35.2178240755986,31.7679569593501],[35.2181397059857,31.7679239813413],[35.2182982374814,31.7679190833475],[35.2184010704213,31.7679276134215],[35.2185267542759,31.7679361408769],[35.2200437078068,31.768011627072]],[[35.2170445540905,31.7681091773597],[35.2167621702198,31.7681645286488],[35.2166907035615,31.7681862077524],[35.2165419102295,31.7682120616359]]]}},{"type":"Feature","properties":{"name":"דוד בנבנישתי","type":"קיים","status":"קיים","length":200.8},"geometry":{"type":"LineString","coordinates":[[35.1931964355402,31.7493993416521],[35.1934569771779,31.7495950195582],[35.1937913425851,31.7498094190733],[35.1940531777805,31.7499730569072],[35.1944614696984,31.7502817124474],[35.194850958887,31.7505285311593]]}},{"type":"Feature","properties":{"name":"דוד המלך","type":"קיים","status":"קיים","length":275.3},"geometry":{"type":"LineString","coordinates":[[35.2228643443341,31.7715506263933],[35.2232259318409,31.7709361682562],[35.223534688942,31.7704639780839],[35.2236970670285,31.7702152254888],[35.2238533147465,31.7699743286603],[35.2240095665299,31.7697465209694],[35.2241750066543,31.769503004264],[35.2242538521556,31.7693710461442]]}},{"type":"Feature","properties":{"name":"דוד המלך","type":"קיים","status":"קיים","length":1147.3},"geometry":{"type":"MultiLineString","coordinates":[[[35.2226776912727,31.7773942415153],[35.2226011501331,31.7771831215424],[35.2224493678744,31.7768989432306],[35.2223676434655,31.7767608937221],[35.222449645619,31.7768994121486]],[[35.2223676434655,31.7767608937221],[35.2222597149575,31.7765380495051],[35.2221969089306,31.7763420079225],[35.2221539846261,31.7761414848448],[35.2221541989442,31.7761423849935]],[[35.2220700614293,31.7757890011392],[35.2221539844632,31.776141484084],[35.2221539846261,31.7761414848448],[35.2220700614293,31.7757890011392]],[[35.2220700614293,31.7757890011392],[35.222045679068,31.7756344171786],[35.2220012540876,31.7754953539699],[35.2220461206142,31.7756357987384]],[[35.2220012540876,31.7754953539699],[35.2219879891349,31.7753890837079],[35.221970202514,31.7752485873789],[35.221957357944,31.7751374985123]],[[35.2219493812863,31.7749709258766],[35.221957357944,31.7751374985123],[35.2219518889598,31.7750232936646],[35.2219272470002,31.7747161487695],[35.2220756182186,31.7742450639085],[35.2221603689603,31.7738102228343],[35.2222976236034,31.773531921401],[35.2225364675711,31.7731151419912],[35.2226053726126,31.7730136605187],[35.2226473929855,31.7729403924779],[35.2227140574879,31.7728113590953],[35.2227855070858,31.7726286717061],[35.2228454081415,31.772476212079],[35.2228806828369,31.7723203722884],[35.2229192412437,31.7721046100211],[35.2229355361099,31.7719812807624],[35.2229378878725,31.7719218589549],[35.2229179352457,31.7718074289363],[35.2228643443341,31.7715506263933]]]}},{"type":"Feature","properties":{"name":"דוד רזיאל","type":"קיים","status":"קיים","length":2087.4},"geometry":{"type":"LineString","coordinates":[[35.2358442479994,31.7452805594076],[35.2360215512916,31.7459044691483],[35.2359808351481,31.7463514907375],[35.2358420355049,31.7467962088731],[35.2356813751207,31.747054677668],[35.235144943079,31.747969784561],[35.2348290721075,31.7485193123749],[35.2346549624067,31.749329562559],[35.2344780330211,31.749853446607],[35.2342873725114,31.7500513860624],[35.233979528824,31.7501771805507],[35.2336525887875,31.7502261478002],[35.2331702941357,31.7501168332195],[35.2328650789967,31.7499329750278],[35.2326606376986,31.749621043495],[35.2326115106337,31.7493463289182],[35.2326468645553,31.7491274721213],[35.2327530541893,31.7488969576348],[35.2329899403839,31.7483986730551],[35.2330278922954,31.7477747111246],[35.2330193317185,31.7465151641333],[35.2328285219061,31.7462125420931],[35.2325233237754,31.7460403248865],[35.2321936516696,31.7460194437867],[35.2318776429644,31.7461359216956],[35.2314391327503,31.7466086367484],[35.2313003648994,31.7472396044542],[35.2314067108716,31.7475469029045],[35.2315457901386,31.7479799151251],[35.2316003660315,31.7482709271573],[35.2316031748368,31.7485572939956],[35.2315133478212,31.7488460082422],[35.2313553830385,31.7490602336215],[35.230954991298,31.7494956889105],[35.2308488181136,31.7497983756354],[35.2308325638217,31.7501289809781],[35.2309334708088,31.7504618896024],[35.2310779555647,31.7507389133993],[35.2311652326443,31.7510438882134],[35.2311898247892,31.7512883425266],[35.2311927055657,31.7518284802354],[35.2311955021102,31.7520799238894],[35.2312418710527,31.7522498712734],[35.2315281115123,31.7527550267107],[35.23173529134,31.7531018814469],[35.231822526413,31.7532531949173]]}},{"type":"Feature","properties":{"name":"דניאל ינובסקי","type":"בביצוע","status":"בביצוע","length":717.8},"geometry":{"type":"MultiLineString","coordinates":[[[35.2298719732939,31.7544113592077],[35.2320572574676,31.7540811898324]],[[35.2247999672588,31.7556662686418],[35.2250475213582,31.7556410546462],[35.2255178457984,31.7556288765413],[35.2257810422095,31.755596520427],[35.226194614266,31.755551806293],[35.2265069199426,31.7554910231481],[35.2269138319393,31.7553798752793],[35.2272580912231,31.7552514409023],[35.2275449226558,31.7551320389992],[35.2279051736696,31.754986952816],[35.2282769725227,31.7548091968391],[35.2283828238432,31.7547466764215],[35.2285908391467,31.7546858464405],[35.2290223763991,31.7545425363906],[35.2298845245375,31.7544102528384]]]}},{"type":"Feature","properties":{"name":"אגודת ספורט הפועל","type":"קיים","status":"קיים","length":642.9},"geometry":{"type":"MultiLineString","coordinates":[[[35.1856379354591,31.7486543352978],[35.1854167376567,31.7490814182728],[35.1852651191369,31.7493775318122],[35.1851098683238,31.7497128180537]],[[35.1851104618064,31.7497111605522],[35.1850068131533,31.750000992434],[35.1849814013179,31.7501511259283],[35.1849813629162,31.7503353052231],[35.1849660530162,31.7504973860826],[35.1849867717743,31.7506752375767],[35.1850161867601,31.7509722213942],[35.1851103617891,31.7512386929631],[35.1853463207785,31.7516583027302]],[[35.1853449016278,31.7516563337909],[35.1854801485595,31.7518438988659],[35.1857079963656,31.7520646039578],[35.1860316058019,31.7523565537654],[35.186383850068,31.7525680640427],[35.1866219991677,31.7526812293637],[35.1871302369346,31.7528103477459]],[[35.1899316155019,31.7525725370613],[35.1891908473535,31.7527394418827]]]}},{"type":"Feature","properties":{"name":"דרך אהרון שולוב","type":"בשלבי תכנון","status":"בשלבי תכנון","length":631.4},"geometry":{"type":"MultiLineString","coordinates":[[[35.1780769939684,31.7482681707026],[35.1780664173584,31.7482103340823],[35.1780638843869,31.7481395513291],[35.1780396213412,31.7480450212034],[35.1780255429082,31.7479353448824],[35.1780094957589,31.7478533349621],[35.1779883333118,31.7477857498978],[35.1779771939918,31.7476954936121],[35.1779563168163,31.7475117887918],[35.1779229662308,31.7473093274982],[35.1779157436484,31.7471370717168],[35.1779095919975,31.7470363676703],[35.1779089793456,31.7469121058632],[35.177920160862,31.7468125850269],[35.1779330964352,31.7467240309935],[35.178014219706,31.746575663554],[35.1780295182553,31.746501586421],[35.1780560123161,31.7463150162857],[35.1780517755117,31.7462050623984],[35.1780573232512,31.7460756550155],[35.1780667387711,31.7459205395155],[35.178074844121,31.7457221540884],[35.1780722507756,31.7455963596117],[35.1781018763533,31.745149755502]],[[35.1785285823651,31.7507789169344],[35.1785214401753,31.750506092056],[35.1785095498708,31.7504452755303],[35.1784948604602,31.7503091624939],[35.1784656436586,31.7501870205879],[35.1784206816384,31.7500067145778],[35.1783873197095,31.7498493872202],[35.1783410834664,31.7496450431336],[35.178315155299,31.749490495852],[35.1782916882891,31.7493778163238],[35.1782620324328,31.749235130231],[35.1782337278844,31.7490350275305],[35.1781947603202,31.7488177731383],[35.1781579519623,31.7486353385139],[35.1781174715014,31.7484734850294],[35.1780945541537,31.7483520486427],[35.1780768274738,31.7482672607063]]]}},{"type":"Feature","properties":{"name":"דוד בנבנישתי","type":"קיים","status":"קיים","length":351.1},"geometry":{"type":"LineString","coordinates":[[35.1948408581436,31.7505221309113],[35.1951422120698,31.7506115061146],[35.1957870513723,31.7507505751471],[35.196249650011,31.7507303563792],[35.1968442268396,31.7506021821382],[35.1974003070142,31.7504002735791],[35.1983897962456,31.7501237082225]]}},{"type":"Feature","properties":{"name":"דרך חיים ע. קוליץ","type":"בשלבי תכנון","status":"בשלבי תכנון","length":809.9},"geometry":{"type":"LineString","coordinates":[[35.1832067440626,31.7563243168815],[35.1830501260988,31.7563385777728],[35.1826693224939,31.7563522332068],[35.1824551571632,31.7563358370793],[35.1822268062015,31.7562929121837],[35.1819328921458,31.756105297894],[35.1817162047215,31.7558384489247],[35.1815137724612,31.7554867963077],[35.181362904118,31.7552436770133],[35.181178972236,31.7549019402462],[35.1810362766017,31.7545935898225],[35.1808599825198,31.7542388484611],[35.1807094422589,31.7539695595856],[35.180522421925,31.7536189588038],[35.1803152472918,31.7531982616604],[35.1801246730213,31.7528602881126],[35.1799846180142,31.7525895862269],[35.1797644331444,31.7522022268296],[35.1795620596066,31.7518222511971],[35.1795602695825,31.751794601189],[35.1795123932615,31.7517307836294],[35.1793550739266,31.7514285130648],[35.1792168556182,31.7512667408713],[35.1791200740385,31.7511854700083],[35.1790179224167,31.751089499734],[35.1788991724333,31.751012582041],[35.1788136964968,31.7509564584423],[35.1787336399093,31.7508939246611],[35.1785285458116,31.750777527184]]}},{"type":"Feature","properties":{"name":"דרך חברון","type":"בביצוע","status":"בביצוע","length":2697.8},"geometry":{"type":"MultiLineString","coordinates":[[[35.2057921823425,31.7317936577358],[35.2061059092991,31.7318940628864],[35.2065085639073,31.732059894855],[35.2069467164049,31.7323113760096],[35.2073065581063,31.7325475729577],[35.20757600385,31.7327361536304],[35.2078778820225,31.7329320332974],[35.2081059909321,31.7330991049036],[35.2083195388206,31.7332464143646],[35.2085530631583,31.7334261965345],[35.2087327011283,31.7335819260489],[35.2089574491902,31.7337722891432],[35.209090151388,31.7339176593998],[35.2091911660461,31.7340342464531],[35.2092914782731,31.7341327324735],[35.2093793560099,31.7342341643351],[35.2094728285166,31.7343692230915],[35.2095613977191,31.7344872018902],[35.20964498712,31.7345987542673],[35.2097359906772,31.7347627865715],[35.2098817517435,31.7350289668849],[35.2100228727814,31.7352968616374],[35.210165254303,31.7355769996419],[35.2103729267942,31.7359496161345],[35.2105739721593,31.736311350001],[35.2106961666404,31.7365607651256],[35.2108356557665,31.7368305790264],[35.2109219241676,31.7369911078924]],[[35.210920843436,31.7369890959273],[35.2110643010866,31.7372215494465],[35.211186489727,31.7374289334924],[35.2113066312752,31.737616618485],[35.2114059394032,31.7378089634497],[35.2115215529006,31.7380275141843],[35.2117165907835,31.7383588533294],[35.2120134741838,31.7387522097033],[35.2122661496622,31.7390935739406],[35.21244731271,31.739382307733],[35.2125420808274,31.7395246933536],[35.2126189782573,31.7396480898742],[35.2127695723059,31.7398636141574],[35.2128295097663,31.7399310403599],[35.2128827391806,31.7400259074647]],[[35.2128805216379,31.7400219539176],[35.2130955874681,31.7402390012141],[35.2132089643794,31.7404019453408],[35.2132958833518,31.7405234901523],[35.2133557465629,31.7406552366935],[35.2134398733501,31.7408065136704],[35.2135380277562,31.7410239751834],[35.2136470381139,31.7412257923981],[35.2137659768626,31.7414856633338],[35.2139344235521,31.7418195332434],[35.214050897775,31.7420610073127],[35.2141724234922,31.7422533645317],[35.2142774458405,31.7424194061391],[35.214402104533,31.7426003536295]],[[35.2143971542738,31.7425931681087],[35.2148961805847,31.743246816613],[35.2151017376081,31.7435488385386],[35.2152690540978,31.743774357093],[35.2153776924713,31.7439396678512],[35.2154670539045,31.7440218687762],[35.2155301740604,31.7441016153078],[35.2156185023304,31.7442165333806],[35.2157659617354,31.7443386031696],[35.21578932137,31.7443949853867],[35.2160132715322,31.7445982493137]],[[35.2160121062934,31.744597190653],[35.2162079900567,31.7448564136172],[35.2163784995165,31.7450878554983],[35.2166812982801,31.7456412875546]],[[35.2220818111244,31.7561863034908],[35.2223015242036,31.7566290999044],[35.2224640152905,31.7569927627157],[35.2226618568769,31.7575103857474],[35.2228089372698,31.7578998412114],[35.2229982053394,31.7583315002252],[35.2231553475271,31.7586742580976],[35.223350025343,31.7591276709157],[35.2235775038637,31.7595227724654],[35.2237589519087,31.7598826221139],[35.2239921123383,31.7602457137778],[35.2242815292994,31.7606884136733],[35.2246643700845,31.7613182567142],[35.2249313350332,31.7617192086916]],[[35.2249305652861,31.7617180535544],[35.2250168958111,31.7618354677262],[35.2250904299186,31.7619802458461],[35.2251548435095,31.7621828570138],[35.2252180326002,31.7624216331612],[35.2252507595501,31.7626595034006],[35.2252682774892,31.7628989426189]]]}},{"type":"Feature","properties":{"name":"פארק משואה","type":"קיים","status":"קיים","length":827.1},"geometry":{"type":"MultiLineString","coordinates":[[[35.1669389717947,31.752299420311],[35.1667290655825,31.7522467051588],[35.1666245405876,31.7522124411075],[35.1665197402367,31.7521754957043],[35.1664515409945,31.7521551216889],[35.1663670677703,31.7521250326213],[35.1663091338263,31.7521096569094],[35.1662495608046,31.7520968716805],[35.166184029874,31.7520840747176],[35.1661187664247,31.752077910869],[35.1660494070873,31.7520737126782],[35.1659627177433,31.7520689681189],[35.1658540604562,31.7520670964505],[35.1657644249577,31.752073613102],[35.1656854512819,31.7520856080279],[35.1656269565287,31.752096795671],[35.165570792428,31.7521124066435],[35.1655084244953,31.7521279309253],[35.1654571878051,31.7521419263432],[35.1654028467481,31.7521591926833],[35.1653570007021,31.7521768710397],[35.1652958375568,31.7522009838531],[35.1652210332067,31.7522242798834],[35.1650815706451,31.7522925661094],[35.1649792051506,31.7523541322902],[35.1649239280321,31.7523855643117],[35.1648618550148,31.752424195431],[35.1647947799001,31.7524685381516],[35.1647361006526,31.7525056668884],[35.1646911007876,31.7525381526542],[35.1646487345261,31.7525773236976],[35.1645983641405,31.7526353615226],[35.1644959330528,31.7527449018162],[35.1644306295513,31.7528090692449],[35.1643753278113,31.7528819714393],[35.1642796399325,31.7530295192047],[35.1641990771056,31.7531727806891],[35.1641320889934,31.7533531446836],[35.1640574383719,31.7536520671964]],[[35.1640586912557,31.7536470551413],[35.1640450352436,31.7537944140065],[35.1640534719775,31.753963719932],[35.1640635757112,31.7540712175722],[35.1640753617959,31.754164268195],[35.1640736689669,31.7542687210796],[35.164076974843,31.7543876835141],[35.164083649632,31.7544850207844],[35.1641020162138,31.7545838425778],[35.1640984417626,31.7546852827011],[35.1641067750698,31.7547867139613],[35.1641151144611,31.7548911997678],[35.1641234807274,31.7549970392489],[35.1641199576139,31.755096935425],[35.1641183908651,31.755190600474],[35.1641099645499,31.7552722038926],[35.1641049288235,31.7554040122454],[35.1640831109939,31.7555213199468],[35.1640697167609,31.7556242359726],[35.1640563229869,31.7557114157165],[35.1640328576791,31.75580866677],[35.1640161535218,31.7558844741059],[35.1639658035531,31.7559803692692],[35.1638986675379,31.7560777372012],[35.1638517235271,31.7561248490433],[35.1638114834849,31.7561849802203],[35.1637696817379,31.7562392209424],[35.1636408287861,31.7563180713238],[35.163547770843,31.7563763105821],[35.1634529872644,31.7564173086645],[35.1633262357547,31.7564711422461],[35.1631226874836,31.7565024444357],[35.1629245574699,31.7565087453385],[35.1626946542349,31.7565031023411],[35.1621498629374,31.756469524941]]]}},{"type":"Feature","properties":{"name":"דרך חיים ע. קוליץ","type":"קיים","status":"קיים","length":1149.8},"geometry":{"type":"MultiLineString","coordinates":[[[35.1741923586317,31.7507282807726],[35.1749482073076,31.750790257426],[35.1753370780743,31.7508101971629],[35.1755890209688,31.7508092334505],[35.1758812987941,31.7507947136182],[35.1761072880795,31.7507789392893],[35.1763549343512,31.7507426577636],[35.1765325626305,31.7507318114392],[35.1766845021545,31.7507096681875],[35.1768064589971,31.7507026557373],[35.1769418342756,31.750685401102],[35.1774344417496,31.750663167526],[35.1776869958307,31.750656723792],[35.177891489472,31.7506644177192],[35.1782349106576,31.7507150361546],[35.1785285458116,31.750777527184]],[[35.1669389717947,31.752299420311],[35.1672183453632,31.7523883689686],[35.1673473868572,31.7524217513429],[35.1675480971139,31.7524548026041],[35.1677053758341,31.7524806939366],[35.1678469660101,31.7524892381052],[35.1681502116348,31.7524867652558],[35.1684383666134,31.7524623257078],[35.1687435499712,31.7523963531104],[35.1690401253799,31.7523037071413],[35.1693730684721,31.7521492291825],[35.1697999397155,31.7519440191521],[35.1700688387495,31.7518239679289],[35.1704603841728,31.7516410217228],[35.1707232916013,31.7515160227017],[35.1711913992157,31.7512948417892],[35.171479904632,31.7511621073298],[35.1717631628478,31.7510229803983],[35.1721403812707,31.7508897738056],[35.1724251946655,31.7508052272467],[35.1727283204592,31.75073831657],[35.1729705754794,31.7506998578181],[35.1732365360298,31.7506835645349],[35.1734534979015,31.7506822709242],[35.1736327295036,31.7506876324791],[35.1737906104296,31.7506948870418],[35.1739562714608,31.7507100353116],[35.1740345984989,31.7507160620802],[35.1741980566903,31.7507287483763]]]}},{"type":"Feature","properties":{"name":"דרך יצחק מודעי","type":"קיים","status":"קיים","length":879.5},"geometry":{"type":"LineString","coordinates":[[35.1856379354591,31.7486543352978],[35.1852580948272,31.7486614764906],[35.1850001917466,31.7486469457764],[35.1847306870007,31.7486563585468],[35.1844370811817,31.7486361846497],[35.1841389974423,31.7485966242009],[35.1838201363372,31.748547775207],[35.1836937755791,31.7485117783449],[35.1835633106475,31.7484750835605],[35.1834026757629,31.7484222072806],[35.1832923562418,31.7483769588251],[35.1831557665371,31.7483293547903],[35.1829661914301,31.7482432996577],[35.1828019831939,31.7481517851612],[35.1826747107189,31.7480694160493],[35.1825077752417,31.7479629670498],[35.1823536636741,31.7478451712252],[35.182212086116,31.7477279617891],[35.182054553324,31.7475591836832],[35.1819552498456,31.7474685452127],[35.1818437107119,31.7473289604471],[35.1816903521685,31.7471041789178],[35.1814662515005,31.7468106629665],[35.1813153153928,31.7465873117307],[35.1811430459123,31.7463969315014],[35.1808984839371,31.7460285765407],[35.1807317859543,31.7458447135023],[35.1804753163538,31.7456403398916],[35.1803013699579,31.7455284331869],[35.1800852153838,31.7454146089958],[35.1798466932232,31.7453160447724],[35.1796635635891,31.7452392550999],[35.1794884750176,31.7451861401845],[35.1792378645631,31.7451398858224],[35.1790484635456,31.7451028059019],[35.1787964400002,31.7450618947282],[35.178637840686,31.7450485001408],[35.1781715751302,31.7451389413939],[35.1780978542141,31.7451503796517]]}},{"type":"Feature","properties":{"name":"דרך משה ברעם","type":"בביצוע","status":"בביצוע","length":808.0},"geometry":{"type":"MultiLineString","coordinates":[[[35.2048943805699,31.7505742546606],[35.2056321348498,31.7487910834734],[35.2056618982656,31.7487250672023],[35.2056953785332,31.7486441009961],[35.2057508790233,31.7485266341605],[35.2058822541212,31.7483691831146],[35.2059434805089,31.7482992289419],[35.2060171316758,31.7482150362458],[35.206080903677,31.7481568393305],[35.2061824403864,31.7480869755827],[35.2063166585312,31.7479863655483],[35.2065022128942,31.7479012879114],[35.2100936445443,31.7467232311342]],[[35.2112633517625,31.7463820439191],[35.2122504444648,31.7460272259618]]]}},{"type":"Feature","properties":{"name":"דרך נדב","type":"קיים","status":"קיים","length":1248.7},"geometry":{"type":"LineString","coordinates":[[35.172077398081,31.7435445155592],[35.1720688666082,31.7435387812636],[35.1720563128475,31.7435341867824],[35.1720283358492,31.7435341544315],[35.1719990171195,31.7435352625686],[35.1716245510809,31.743566561028],[35.1714118362582,31.7435867724577],[35.1713349841733,31.7435963085122],[35.1712581307741,31.7436035628499],[35.17120200584,31.7436062664139],[35.1711458806622,31.7436066882829],[35.1711007391454,31.7436050107931],[35.1710435289465,31.7435999121349],[35.1709156966497,31.7435857223556],[35.1708309254134,31.7435713958888],[35.1705491776583,31.7435100049001],[35.1704767933144,31.7434978332898],[35.1704057501294,31.7434890835994],[35.1703553241471,31.7434857820158],[35.170304897751,31.7434836203455],[35.1702393908528,31.7434836091259],[35.1701738835353,31.7434847387076],[35.1700961459645,31.743488587639],[35.1700184086006,31.7434947172912],[35.169635737175,31.7435306936853],[35.169277206083,31.7435700917741],[35.1690132688726,31.7436040788136],[35.1688955123319,31.7436255199321],[35.1687725553767,31.7436515589028],[35.1685054853087,31.7437024770732],[35.1682742668136,31.7437510889057],[35.1681737389666,31.7437682405484],[35.1680078684175,31.7437939644628],[35.167838649249,31.7438168229384],[35.1677029405422,31.7438282373956],[35.1675940374711,31.7438396594487],[35.1673192736652,31.7438538966423],[35.1669289127449,31.7438580771111],[35.1666223211612,31.743860850002],[35.166505046335,31.7438608152012],[35.1663643153741,31.7438636366581],[35.1662118505222,31.7438807712488],[35.1660845164717,31.7438979132114],[35.1659906877149,31.7439193606361],[35.1658264840076,31.7439622614738],[35.1656974655592,31.7439994460635],[35.1655298981684,31.7440752745941],[35.1653154048036,31.7441883113112],[35.1651545232743,31.7442970704906],[35.1649165319477,31.7445088856789],[35.1641405138578,31.745253118438],[35.1637534699182,31.7456424215932],[35.1636695243264,31.7457268553482],[35.1635622519548,31.745832766244],[35.1635507928385,31.745842328449],[35.1634885077381,31.7458943043836],[35.1634013646985,31.7459458168642],[35.1633628135373,31.745985891496],[35.1633359851497,31.7460359921017],[35.1633426583126,31.7461004202922],[35.1633409577653,31.7461562548047],[35.1633070329673,31.7462160407418],[35.1632619557104,31.7462550797228],[35.1632598128454,31.7462561350924],[35.1629452355313,31.7464110306745],[35.1626134441307,31.7465469314785],[35.162362079386,31.7466671108366],[35.1620738383558,31.7468216368676],[35.1618626898642,31.7469246475231],[35.1616817068539,31.7470090565547],[35.1615643920973,31.7470848966588],[35.1613749820716,31.7472772506047],[35.1611788568304,31.7474947995446],[35.1611335812368,31.7475781083813],[35.1611117560149,31.7476754551727],[35.1610848855686,31.7478100248105],[35.1610835548889,31.7478913275131]]}},{"type":"Feature","properties":{"name":"דרך רופין","type":"קיים","status":"קיים","length":1279.4},"geometry":{"type":"MultiLineString","coordinates":[[[35.2070222401463,31.7742027490732],[35.2073291656725,31.7743556892705],[35.2074316349554,31.7744199836564],[35.2076010878172,31.7745742918001],[35.2077334984471,31.7747099866847],[35.207924333341,31.7749484067849],[35.2081476478352,31.7751370593133],[35.2082739413047,31.7752995610434],[35.2083522744658,31.7754060751239],[35.2083997872774,31.775454628779],[35.2084433983809,31.7755057600034],[35.2084760164277,31.7755309969924],[35.2085361181025,31.7755917890807],[35.2085904707854,31.775612270821],[35.2086172249882,31.7756254368192],[35.2086854080842,31.7756376526811],[35.208652732945,31.7756356002882]],[[35.2041959958474,31.7750039751122],[35.2044797548638,31.7747783939711],[35.2046128827653,31.7746909232813],[35.2047190587149,31.7746257054669],[35.2047955506834,31.7745747755401],[35.2049312444869,31.7745059113024],[35.2050115588966,31.7744559155362],[35.205318773844,31.774346825979],[35.2055106560537,31.7742934669608],[35.2056126498554,31.7742667164901],[35.2057680918862,31.7742356013549],[35.2060408022296,31.7741840876028],[35.2062633665021,31.7741493058858],[35.2063953740624,31.774120148227],[35.2065478013302,31.7741224914151],[35.2067460400004,31.7741222732498],[35.2068795218346,31.7741594545349],[35.2069670261816,31.7741838403904]],[[35.2014738078802,31.7778996851656],[35.2016077470234,31.7777589486273],[35.2018271765602,31.7775301200379],[35.2019681023834,31.7773923972057],[35.2020932496758,31.7772695525086],[35.2022943618356,31.7770596388865],[35.2024463620194,31.7769104054956],[35.2025684347921,31.7767901693024],[35.2026832576176,31.7766722650551],[35.202959966485,31.776405500171],[35.2031140645218,31.776242657205],[35.2032758014789,31.7760494220599],[35.2034432876213,31.7758077010454],[35.2036238618026,31.7755264548739],[35.2037190489481,31.7753988421293],[35.203813520014,31.7752802143547],[35.2041959958474,31.7750039751122]],[[35.1991077859309,31.7802471571281],[35.1995678299843,31.7797991805016],[35.1996978454927,31.7796747249958],[35.199847424229,31.7795382286729],[35.2000414257866,31.7793421247133],[35.2002873937335,31.779088829183],[35.2010603788285,31.7783021225523],[35.2011404240129,31.7782246447413],[35.2012519706932,31.7781254630471],[35.2014751486989,31.7778982756185]]]}},{"type":"Feature","properties":{"name":"האומן","type":"בשלבי תכנון","status":"בשלבי תכנון","length":1050.6},"geometry":{"type":"MultiLineString","coordinates":[[[35.2115860963071,31.7482715483455],[35.2126479574087,31.7469862026387]],[[35.2056102657684,31.7488568264017],[35.205855700337,31.7489619050001],[35.2060670680349,31.7490591239985],[35.2063530439907,31.7493746096923],[35.2065067617221,31.7495683740641],[35.2067462896302,31.7499097921727],[35.2068641979497,31.7500278107887]],[[35.2106966606945,31.7493446957967],[35.2115863559091,31.7482712335869]],[[35.2068614865118,31.7500246147025],[35.2072826956923,31.7505212554804],[35.2075225185702,31.7507832456835],[35.2077961310158,31.751042437],[35.2079793181295,31.7511910839591],[35.2081957487535,31.7512662780003],[35.2083748972524,31.7513278324431],[35.208656776171,31.7513474095619],[35.2088331657435,31.7513103025225],[35.2090187057703,31.7512742599847],[35.2091045321757,31.7512372496257],[35.209234044144,31.7512104942342],[35.2093343580919,31.7512107239513]],[[35.2093312139801,31.7512107168588],[35.20941594125,31.7508764970187],[35.2094857962821,31.7506623971429],[35.2096809261126,31.7504174119964],[35.209950737227,31.7501230175204],[35.2103795389824,31.7496515720534],[35.2106981349731,31.7493429172849]]]}},{"type":"Feature","properties":{"name":"משה ברעם","type":"קיים","status":"קיים","length":302.9},"geometry":{"type":"MultiLineString","coordinates":[[[35.2151713774141,31.7449334700372],[35.2148459083633,31.7450271818254],[35.2145556606587,31.7451259159601],[35.2141883193958,31.7452632516821],[35.2140488774351,31.7453172675674],[35.2139795945055,31.7453404953332],[35.2138673962686,31.7454035337343],[35.2137419555038,31.7454483836831],[35.2136441519609,31.7454888963296],[35.2135610074965,31.7455314757778]],[[35.2135618274704,31.7455310563604],[35.2133995057542,31.7455870049329],[35.213209538867,31.7456565090556],[35.2128934655021,31.7457856045223],[35.2126567747551,31.7458671424549],[35.2124712147861,31.7459220253676],[35.2122504444648,31.7460272259618]]]}},{"type":"Feature","properties":{"name":"הגן הבוטני","type":"בביצוע","status":"בביצוע","length":378.5},"geometry":{"type":"LineString","coordinates":[[35.2007220616306,31.7637978074818],[35.2003025578308,31.7638455635705],[35.2002548891528,31.763851429427],[35.2002019693105,31.7638742064557],[35.2001575329099,31.7639000905935],[35.2000634065122,31.7639508215246],[35.1999741288348,31.7639891278611],[35.1998375869846,31.7640464153535],[35.1996970051081,31.7640864448811],[35.1996234824924,31.7641064603679],[35.199451793938,31.7641834189333],[35.1993685745312,31.7642262117475],[35.199247786897,31.7642935078787],[35.1991221476114,31.7643804755968],[35.1990413509868,31.7644501892125],[35.1989581289989,31.7645299113268],[35.1988918749083,31.7645978993367],[35.1988167322188,31.7646748611632],[35.1987120990519,31.7647797769648],[35.1985909011633,31.7649067798649],[35.1984975796185,31.7650034125724],[35.1983444648319,31.7651583699849],[35.1982899254865,31.7652146243511],[35.198185695384,31.7653198842346],[35.1980863113828,31.765423074541],[35.1979553553218,31.7655607325165],[35.1978872958512,31.765672795668],[35.1978011739479,31.7658901236514]]}},{"type":"Feature","properties":{"name":"המור","type":"קיים","status":"קיים","length":185.5},"geometry":{"type":"MultiLineString","coordinates":[[[35.1997039587119,31.7331428646095],[35.1997073827942,31.7333552624376],[35.1997161388592,31.7335061634783]],[[35.1997161135565,31.7335057098481],[35.1997286700697,31.7336455841352],[35.1997456632888,31.7338391789222],[35.1997605993673,31.7340016716169],[35.1997738983242,31.734217112605],[35.1998094141164,31.734585884654],[35.1998249181944,31.7348120513652]]]}},{"type":"Feature","properties":{"name":"הנציב","type":"בביצוע","status":"בביצוע","length":587.2},"geometry":{"type":"LineString","coordinates":[[35.2205857274486,31.7422930084655],[35.2229496287992,31.7437684235416],[35.2234206825474,31.7440536917712],[35.2238322608577,31.7442984952013],[35.2241320238978,31.7446626649496],[35.2242052528336,31.7450007104763],[35.2243571416558,31.7457826880021],[35.2244765694664,31.745913279021],[35.2245866237737,31.7459949300532]]}},{"type":"Feature","properties":{"name":"הנרייטה סולד","type":"קיים","status":"קיים","length":1588.0},"geometry":{"type":"MultiLineString","coordinates":[[[35.160840254231,31.756986532466],[35.1610630391569,31.7567544241603],[35.1612219754431,31.7566159485433],[35.1614174328249,31.756501004236],[35.1616250945386,31.7564314264787],[35.1619718502598,31.7564461865128],[35.1621546694799,31.7564698214371]],[[35.1675066984754,31.7597371621725],[35.1674613682895,31.7597338690394],[35.1674147424561,31.7597318985188],[35.1672627561455,31.7597336156299],[35.1671052013687,31.7597604914657],[35.166943340604,31.7598093915676],[35.1667895933226,31.7599004541437],[35.1666677908487,31.7599897637907]],[[35.1688349906333,31.7600262396711],[35.16748403391,31.7597355151572]],[[35.1666703491108,31.7599879734866],[35.1664721516471,31.7601265803305],[35.166279943896,31.7602673161031],[35.1660658847598,31.7604164420775],[35.1659332475499,31.7605017480794],[35.165798172055,31.760591574145],[35.1656870525576,31.7606283789474],[35.1655223227222,31.7606722007896],[35.165422232399,31.7606885666381],[35.1653229817725,31.7606909766376],[35.1652187302108,31.760687937888],[35.165050553549,31.7606673033073],[35.1649140645303,31.7606405259486],[35.1647920612213,31.7605925731516],[35.1646691528022,31.7605313015305],[35.1645523782472,31.760457666532],[35.1644499212715,31.760373736861],[35.164289590234,31.7601763487154],[35.1639501443334,31.7598026924301],[35.1637149965754,31.7595794888564],[35.1635181105683,31.7594350488118],[35.1633051051015,31.7593269583855],[35.1631497630695,31.7592710047231],[35.1630089713277,31.759239189835],[35.1628035487619,31.7591922721843],[35.1625978158177,31.7591506425117],[35.1624534620727,31.7591141723277],[35.1622389685156,31.759028667202],[35.1620741595799,31.7589427498467],[35.1619220907556,31.7588457528642],[35.1618095675263,31.7587474964174],[35.1617001978383,31.7586435566052],[35.1616057528095,31.7584993273299],[35.1615033977176,31.7583651102949],[35.161365189189,31.7580718914222],[35.1612802447627,31.7578730106579],[35.1611326794456,31.7575938057051],[35.1608386139994,31.7569842763937]],[[35.1695144187872,31.7602588640747],[35.1694104357789,31.7602134403778],[35.1692772874538,31.7601488678353],[35.1689558145794,31.7600509053779],[35.1688274104762,31.7600246079247]],[[35.1703096345337,31.7610968097622],[35.1701599440584,31.7608400535895],[35.1698705675232,31.7604722894285],[35.1695099926291,31.7602569302126]],[[35.1720518992973,31.7621100591497],[35.1713466701275,31.7619352552183],[35.1708566296038,31.7617706923108],[35.1705523510541,31.7615641131974],[35.1703060933204,31.7610907367033]],[[35.1723485878459,31.7622320795393],[35.172049809491,31.7621095409613]]]}},{"type":"Feature","properties":{"name":"הנשיא","type":"קיים","status":"קיים","length":311.8},"geometry":{"type":"MultiLineString","coordinates":[[[35.21309701826,31.7694324754023],[35.213041099353,31.7692287873007],[35.2132280699056,31.7689799886062],[35.2136295846485,31.768690524585]],[[35.2130967427167,31.7694322256108],[35.2132743017603,31.7695940227883],[35.2136633883496,31.7699644934815],[35.2139203556361,31.7702081874403],[35.2141243448389,31.770372728442],[35.2144107376665,31.770501387369],[35.2147314037387,31.7706098668562]]]}},{"type":"Feature","properties":{"name":"הרב הרצוג","type":"קיים","status":"קיים","length":1116.2},"geometry":{"type":"MultiLineString","coordinates":[[[35.2000886843696,31.7619810848953],[35.200091391281,31.762451114019],[35.200107927611,31.7625880486594],[35.2001573236791,31.7627429851803],[35.2002082402847,31.7629367307488],[35.2002770442479,31.7630912629213],[35.2003750476258,31.7632892666204],[35.2005180357159,31.7635294003119],[35.2006335476249,31.7636770102353],[35.2007733711281,31.7638678316526],[35.2008734831358,31.7639862473506],[35.2009636384656,31.764097242336],[35.20109731083,31.7642143925619],[35.201257015552,31.7643477845779],[35.2014781759981,31.7644924535493],[35.2016601837381,31.7646341930192],[35.2019294258706,31.7647862302758],[35.2023510539942,31.7650168443505],[35.2029223003767,31.765331082207],[35.2037703049948,31.7657956445937]],[[35.2047248221911,31.7670494875008],[35.2048355650372,31.7673459192253],[35.2049963566476,31.7677112567921],[35.20510462509,31.7679256512552],[35.2051747115366,31.7680441394196],[35.205278657542,31.7682090767075],[35.2053829899978,31.7683484638038],[35.2056864339563,31.76863240345],[35.2059403711864,31.7688072191425],[35.206287975184,31.7689842541938],[35.2067211542443,31.7691289674227],[35.2070070058926,31.7692080669534],[35.2072573018709,31.7692736750879],[35.207505951306,31.7693359423463],[35.2077630881079,31.7694205240804],[35.2079968222844,31.7694852888775],[35.2083709340701,31.7695799630347],[35.20855922793,31.7696144515636],[35.2089651748537,31.7696298726313]]]}},{"type":"Feature","properties":{"name":"הרב הרצוג","type":"קיים","status":"קיים","length":169.1},"geometry":{"type":"LineString","coordinates":[[35.2037699555951,31.7657955237451],[35.2040731066625,31.7660495784724],[35.2043099088496,31.766263310156],[35.2044274907023,31.7664137943575],[35.2045200901093,31.7665935784455],[35.2046314133191,31.7668610828618],[35.204725571678,31.7670514950005]]}},{"type":"Feature","properties":{"name":"הרכבת","type":"לקראת ביצוע","status":"לקראת ביצוע","length":85.4},"geometry":{"type":"LineString","coordinates":[[35.2158703368634,31.7605087267757],[35.2160445249505,31.7604766774626],[35.2160771730346,31.7604725259888],[35.2162558687702,31.7603961665928],[35.2165239096929,31.7602733949987],[35.2166749233034,31.7601797195447]]}},{"type":"Feature","properties":{"name":"זאב ז'בוטינסקי","type":"בשלבי תכנון","status":"בשלבי תכנון","length":184.6},"geometry":{"type":"LineString","coordinates":[[35.2210712075085,31.7709412909676],[35.2212720495205,31.7709676073005],[35.221484762593,31.7710063049169],[35.2217532725796,31.7710807417967],[35.2220392305079,31.7712147540845],[35.2224228321707,31.7713934355018],[35.2225832452054,31.7714529910696],[35.2228682917044,31.7715519975222]]}},{"type":"Feature","properties":{"name":"זלמן שניאור","type":"קיים","status":"קיים","length":154.4},"geometry":{"type":"LineString","coordinates":[[35.2047153227354,31.7670307679777],[35.2044430949728,31.7670478393821],[35.2041757862318,31.7670639740999],[35.2038111423345,31.7670503208973],[35.2032326958504,31.7670782082862],[35.2030912043111,31.767102003855]]}},{"type":"Feature","properties":{"name":"חיבור גילה","type":"בשלבי תכנון","status":"בשלבי תכנון","length":1271.8},"geometry":{"type":"LineString","coordinates":[[35.1765078189546,31.7410683507819],[35.1765360194737,31.7411265657137],[35.1765768812227,31.7411473630936],[35.1766391549326,31.7411515341755],[35.1768512916891,31.7411149922711],[35.1771305675937,31.7410768004801],[35.1772424752402,31.7410535413926],[35.177419587046,31.7409945387128],[35.1776036958635,31.7409299881961],[35.1777402647495,31.7408623566974],[35.1779850418888,31.7407336176575],[35.1780635176044,31.7407001059445],[35.1781538228043,31.740679368566],[35.1782708991603,31.7406804576854],[35.1784035325601,31.7407241242321],[35.1784975572302,31.740765654448],[35.1785747563711,31.7408407091299],[35.1786164559241,31.7409317219783],[35.178657528341,31.7410355066327],[35.1786929939174,31.7411509997145],[35.1787022926286,31.7413026768024],[35.1787551289384,31.7416592548984],[35.1787986652037,31.7418657539606],[35.1788683631654,31.7420488418054],[35.1789790396721,31.7422626068629],[35.1791143126852,31.7424198480798],[35.1793453571976,31.7426394751655],[35.1794578378828,31.7427512359413],[35.1795976946773,31.7428331183716],[35.1801738759013,31.7430541101513],[35.1802955049338,31.7430710238702],[35.1804718779174,31.7430567646248],[35.180785081492,31.7430698158943],[35.1810891505015,31.7431322380894],[35.1815209125181,31.7432921296941],[35.1817869483177,31.7434506900971],[35.1819648001696,31.7436079367044],[35.1822231970328,31.7439302060346],[35.1823356614978,31.7441316167466],[35.182387324571,31.7442667519463],[35.1825256530962,31.7444057997919],[35.1828190576583,31.7445838533966],[35.1829801973291,31.7447060139296],[35.1830592354789,31.7448177667741],[35.1831200139875,31.7449853858682],[35.183203595754,31.7451763953841],[35.1833996832767,31.7454051043295],[35.1835881933227,31.7455246703644],[35.1837934360331,31.7456182521393],[35.1840427810115,31.7456715642008],[35.1841978655726,31.7456806839704],[35.1843134720071,31.7457544163864],[35.184463659844,31.7458621708221],[35.1845548357169,31.7459722084037],[35.1845709071092,31.7460799426757],[35.1845708831996,31.746192258524],[35.184517211774,31.7463091491987],[35.1844125742476,31.7464260327748],[35.1842298113705,31.7466165278976],[35.1840117312005,31.7468962123382],[35.1839893996889,31.7469191625383],[35.1839602120552,31.746958291646],[35.1838932403037,31.7470477665147],[35.1838514132613,31.7471065619118],[35.1837998090691,31.7471704186764],[35.1836887898265,31.7473635570537]]}},{"type":"Feature","properties":{"name":"חניון איצטדיון טדי","type":"קיים","status":"קיים","length":59.7},"geometry":{"type":"LineString","coordinates":[[35.1896030970418,31.7508776389526],[35.1895996559842,31.7509597767871],[35.1895993453669,31.7510481728855],[35.1896069055824,31.7512063140714],[35.189652878982,31.7514121176909]]}},{"type":"Feature","properties":{"name":"חניון איצטדיון טדי","type":"קיים","status":"קיים","length":212.5},"geometry":{"type":"LineString","coordinates":[[35.1901579654772,31.7490294129885],[35.1900531599013,31.7493933165223],[35.1899235716637,31.7496879545333],[35.1898913165204,31.7497678011377],[35.189841359678,31.7498901758272],[35.1897954641229,31.7499911068874],[35.1897706331717,31.75011393985],[35.1897377292188,31.75021712338],[35.1897082296933,31.7503086238895],[35.189677025059,31.7504036296657],[35.189647340788,31.7505413343619],[35.1896180141412,31.7506595556308],[35.1896156842495,31.7507031289027],[35.1896145655995,31.7507357836776],[35.1896017074498,31.7508352683119],[35.1896030896276,31.7508778039893]]}},{"type":"Feature","properties":{"name":"חרל\"פ","type":"קיים","status":"קיים","length":60.8},"geometry":{"type":"LineString","coordinates":[[35.211066471081,31.7679776241977],[35.2110805535598,31.7679269290848],[35.2110910517771,31.7678848215036],[35.2111831952106,31.7675806377423],[35.2111975646113,31.7674424602576]]}},{"type":"Feature","properties":{"name":"טיילת גן סאקר","type":"קיים","status":"קיים","length":804.0},"geometry":{"type":"MultiLineString","coordinates":[[[35.2082849390721,31.7761170619387],[35.2085404169364,31.7759459934769],[35.208685413349,31.7757513334025],[35.2086854059732,31.7755920709084]],[[35.2084511285051,31.776476492825],[35.2083479388039,31.7763729872409],[35.2082769865552,31.7762712770574],[35.2082797766596,31.7761925344965],[35.2082828930013,31.7761396125452]],[[35.2086301637147,31.7796902536764],[35.2086207304286,31.7795938787645],[35.2086134217866,31.7795308538565],[35.2086072928852,31.7794779971646],[35.2086095225143,31.7793596458014],[35.2086162223172,31.77926801854],[35.2086676160907,31.7792031140334],[35.2086696768677,31.7792023960986],[35.2087279508149,31.7791821135237],[35.2087704075435,31.7791382077443],[35.2087802923299,31.7790909121577],[35.2087785210538,31.7790294382293],[35.208781560848,31.7787239755611],[35.2087752230646,31.7786752691501],[35.2087636775642,31.7785865356054],[35.208763784161,31.7785858465952],[35.2087793156147,31.7784853629308],[35.208782365308,31.7784785151463],[35.2088753949918,31.7782696545249],[35.2089223118448,31.7780558551958],[35.2089326570585,31.7778857910386],[35.2089225223865,31.7776978233554],[35.2089158100334,31.7775021033172],[35.2089016185593,31.7773194692543],[35.2089155599379,31.7770716265548],[35.2089021471104,31.77696472818],[35.2088376581694,31.7768454826868],[35.2085117082019,31.7765427933474],[35.208455700865,31.7764781250117]],[[35.2085284173359,31.7799813036215],[35.2085296541451,31.7799693893619],[35.2085996517076,31.7798104637659],[35.2086312573977,31.7796886727128]],[[35.2085176513259,31.7801833136106],[35.2085001167558,31.7800981605655],[35.2085082133051,31.7800263728717],[35.208532120047,31.7799855502694]],[[35.2082602661755,31.781985926276],[35.2082690115491,31.7819448597977],[35.2083036774528,31.7819094975662],[35.2083039540536,31.7819092161834],[35.208318601289,31.7818459786707],[35.2083064431942,31.7815754683529],[35.2083146036953,31.7813617706516],[35.2083200166676,31.7812633886879],[35.2083917069301,31.7810318253301],[35.2084569433996,31.7808341704394],[35.2085194435139,31.780694032295],[35.2085373898283,31.7805637806553],[35.2085417093044,31.7804541166775],[35.2085325260517,31.7803297468208],[35.2085168944849,31.7801863375074]],[[35.2082339250002,31.7824029453487],[35.2082588741872,31.7820756792933],[35.2082604197996,31.7819987829102],[35.2082621171676,31.7819911776371]]]}},{"type":"Feature","properties":{"name":"טשרניחובסקי","type":"לקראת ביצוע","status":"לקראת ביצוע","length":551.5},"geometry":{"type":"MultiLineString","coordinates":[[[35.2060797709552,31.7659925773582],[35.2060683310085,31.7660820700784],[35.2060628010375,31.7661561926115],[35.2060515939909,31.766226209128],[35.2060445904406,31.7663034069619],[35.2060410901067,31.7663638485102],[35.2060256812236,31.7664643843375],[35.206008872792,31.766576890338],[35.2059934649079,31.7667390653042],[35.2059874717378,31.7669532286716],[35.2059962307337,31.767172964331],[35.2060487292896,31.7673544513693],[35.2060818067467,31.7674681940287],[35.2061275259704,31.7675654066317],[35.2062219435227,31.7677536901932],[35.2063587890814,31.7679582224263],[35.206458380221,31.7680607639445],[35.2065833610244,31.7681519805102],[35.2067137192684,31.7682382132719],[35.2067820132664,31.7682679385353],[35.2068675974545,31.768303724709],[35.2069465641361,31.7683433663351],[35.2070504666205,31.7683788120205]],[[35.2070491006349,31.7683783457966],[35.2072473236061,31.7684716875973],[35.2073942286011,31.7685212720146],[35.2076432152404,31.7685912362298],[35.2078624722586,31.7686483702612],[35.2080974205729,31.7687378209814],[35.2082442106089,31.7687942872811],[35.2084423505191,31.7688958213588],[35.2085324426817,31.7689617187843],[35.208684423617,31.7691042706722],[35.2087732378117,31.7691930441019],[35.2088508135304,31.7692733657969],[35.2089445556966,31.7694259379643],[35.2089661549602,31.7696395646953]]]}},{"type":"Feature","properties":{"name":"יהודה בורלא","type":"קיים","status":"קיים","length":364.9},"geometry":{"type":"MultiLineString","coordinates":[[[35.2025317556178,31.7672063500792],[35.2027042382439,31.7671663214742],[35.2029035193691,31.7671272615281],[35.2030906849563,31.7671017838001]],[[35.2021390642336,31.7673994111476],[35.2023284747631,31.767280036529],[35.2025332999775,31.7672059911683]],[[35.201957965972,31.767606565588],[35.2021416009001,31.7673978131271]],[[35.2014735576644,31.7682461701452],[35.2015676332344,31.7681096260866],[35.2016448516214,31.7680016546717],[35.2016859699333,31.7679298472377],[35.2017712304096,31.7678341382663],[35.201844146032,31.7677510259283],[35.20195906483,31.7676078444217]],[[35.2012690975806,31.7686084246152],[35.2013467255564,31.7684588378788],[35.201411779683,31.7683460486784],[35.2014744655375,31.7682448516722]],[[35.2010611642795,31.7690205054381],[35.2012699906949,31.7686067039216]],[[35.2009353874229,31.7693033577431],[35.2010615865603,31.7690196676375]],[[35.200868983244,31.7695201795696],[35.2008977768796,31.7694305191961],[35.2009373320561,31.7692989874677]]]}},{"type":"Feature","properties":{"name":"יהודה בורלא","type":"קיים","status":"קיים","length":549.3},"geometry":{"type":"LineString","coordinates":[[35.2007731749456,31.7743922446875],[35.2005024657432,31.7739650027737],[35.2004560975594,31.7735757935235],[35.2004955700298,31.7726766178676],[35.2006334666265,31.7710301191594],[35.2006529270904,31.7707779592616],[35.2006918680004,31.7704005619938],[35.2007288250095,31.7701854168755],[35.2007570014749,31.76998646046],[35.2008043315761,31.7697523255074],[35.2008692904692,31.7695192236252]]}},{"type":"Feature","properties":{"name":"יואל זוסמן","type":"בשלבי תכנון","status":"בשלבי תכנון","length":926.6},"geometry":{"type":"LineString","coordinates":[[35.2027765893143,31.7825297246604],[35.2025720759368,31.7822151960273],[35.2024260707847,31.7820467318619],[35.2022532246388,31.7817661033629],[35.2021219304877,31.7814373928259],[35.2020243031752,31.781162535278],[35.2019887416143,31.7809661434747],[35.2019381077618,31.7806645669771],[35.2018682939412,31.7803378539616],[35.2018673487319,31.7801540741193],[35.2018429646805,31.7800127723137],[35.2018434750877,31.7799179022749],[35.2018476847537,31.7798262554875],[35.2018360803956,31.7797328759474],[35.2018485616893,31.7796082021054],[35.2018601571537,31.7794844427088],[35.2019308434245,31.7793300651561],[35.2019785123767,31.7792081669301],[35.2020428231178,31.779117913688],[35.2021655532647,31.7789788474952],[35.2022961829901,31.7787992850423],[35.2025088880219,31.7785294647266],[35.202682013916,31.7783510315877],[35.2028853280635,31.7782204989543],[35.2030881655662,31.7780856028814],[35.2032425197775,31.7779894933435],[35.2033868183854,31.777745567266],[35.2034955011065,31.7775325829443],[35.2035885697951,31.7773746314828],[35.2037780131833,31.7769894173497],[35.2039903789632,31.7765561330378],[35.2041557257098,31.7761418166976],[35.2043379316503,31.7756651098295],[35.2043763877426,31.7754599021243],[35.2043116871816,31.7752609143874],[35.2042918190189,31.7751817615492],[35.2042541033066,31.7750889782574],[35.2041959958474,31.7750039751122]]}},{"type":"Feature","properties":{"name":"יפה רום","type":"בשלבי תכנון","status":"בשלבי תכנון","length":1400.5},"geometry":{"type":"MultiLineString","coordinates":[[[35.189186222181,31.7305873187806],[35.1893346657856,31.7308136956782],[35.1893930130166,31.7309102408477],[35.1894438752687,31.7310104917064],[35.1894760315948,31.731107616357],[35.1895320175928,31.7312175833822],[35.1895626717482,31.7312997497864],[35.1896335270926,31.731487790545],[35.1897027455061,31.7316863069327],[35.1897676780834,31.73180340398],[35.1898113072951,31.7319000617898],[35.1898647299516,31.7320104116475]],[[35.1898623459509,31.7320054863862],[35.1899684411304,31.7321868825262],[35.1900573576445,31.7324041124588],[35.1901743123558,31.7326510847741],[35.1902217381535,31.7327814124289],[35.1902778532414,31.7328945346767],[35.1903241630344,31.7330029130009],[35.1903483288513,31.733057234839],[35.1903750694165,31.7331256961194],[35.190416215108,31.7332345860882],[35.1904671051197,31.7333697172588],[35.190520499412,31.733539715903],[35.1905671738428,31.7336766664968],[35.1906069821269,31.7338059199634],[35.1906312527479,31.7339248004953],[35.1906541157419,31.7340151301858],[35.1906778338134,31.7341894850778],[35.1906957352165,31.7343156752796],[35.1907125181472,31.7345135513926],[35.190720438342,31.7346241908636],[35.1907128051914,31.734721866415],[35.1907128454059,31.7348935907572],[35.1907148599786,31.7349934227535],[35.1907094700576,31.7350923187388],[35.1907103630913,31.7352555757194],[35.1907000082883,31.7353755581577],[35.1906993902004,31.7354813231164],[35.1906993275794,31.7356130351763],[35.1906916964494,31.7357321467152],[35.1906979570126,31.7358701471266],[35.1906959560688,31.7360078219831],[35.1906660831857,31.7361564449693],[35.1906180148325,31.7362880463247],[35.1905486556622,31.7364183584149],[35.1904384317396,31.7365534448883],[35.1903705301077,31.736609165273],[35.1902874775567,31.736667975478],[35.1901767903376,31.736736633426],[35.1900743629555,31.7367816547961],[35.1899942590556,31.7368161639716],[35.1898772203823,31.7368405609988],[35.1897525998629,31.7368699190102],[35.1896338781732,31.7368726992514],[35.1895343372081,31.7368671079689],[35.1894412698935,31.7368442578209],[35.1893447616958,31.7368196720455],[35.1891913060206,31.7367777369064],[35.1891132567454,31.7367393107051],[35.189052494082,31.7367053236228],[35.1889514980686,31.7366555132517],[35.1888763057601,31.7365970130388],[35.1887872820312,31.7365021386989],[35.1887412291292,31.7364478346531],[35.1886592852619,31.7363412641346],[35.1886041504796,31.7362214298113],[35.1885834794839,31.7361569037036],[35.1885737909288,31.7360900972814],[35.1885674283049,31.7360060650899],[35.188560242537,31.735878912781],[35.1885609962221,31.7357905859718],[35.1885606624647,31.7357240332227],[35.1885693371892,31.7356274554931],[35.1885685285007,31.7355364283563],[35.1885740101496,31.7353521005008],[35.1885799035401,31.7351727012856],[35.1885805648484,31.7350067605841],[35.1885864590282,31.7349344665375],[35.1885808657162,31.7348567987626],[35.1885684131349,31.7346686285978],[35.1885434342537,31.7345280329211],[35.1885070299233,31.7343841945749],[35.1884718700448,31.7342761209289],[35.188428184557,31.734146171898],[35.1883635230625,31.7339993574739],[35.1882450449846,31.7337864073528],[35.1881710564258,31.7336604261202],[35.1880987990313,31.7335563184702],[35.1880361488174,31.7334807726155],[35.1879501269424,31.7333971170122],[35.187862505317,31.7332907309797],[35.1878071081832,31.7332260550144],[35.1877429598109,31.7331634629538],[35.1876890096159,31.7331160331539],[35.1876151764651,31.7330600331662],[35.1875377370144,31.7329846068641],[35.1874224286251,31.7328885917145],[35.1871100672263,31.732639272811],[35.1867846244381,31.7323146813259]]]}},{"type":"Feature","properties":{"name":"יצחק אלחנן","type":"בשלבי תכנון","status":"בשלבי תכנון","length":317.2},"geometry":{"type":"LineString","coordinates":[[35.2213476092556,31.7681017750903],[35.2212780567462,31.7684559171359],[35.2212268342289,31.7687845255425],[35.2212368184881,31.7689717367832],[35.2212020271583,31.7693977257165],[35.221198610462,31.7697849862682],[35.2211673280477,31.7703420484196],[35.2210941939497,31.7708514527553],[35.2210698023697,31.7709467815665]]}},{"type":"Feature","properties":{"name":"כובשי קטמון","type":"בשלבי תכנון","status":"בשלבי תכנון","length":148.5},"geometry":{"type":"MultiLineString","coordinates":[[[35.2130734194497,31.7629836156828],[35.2130965380349,31.7629583002651],[35.2131245670513,31.7629103978419],[35.2131582015003,31.7628672838137],[35.213182115839,31.7628076171152]],[[35.2124113104145,31.7639697966968],[35.212441772697,31.7639163686851],[35.2125034368526,31.763818645557],[35.212541557707,31.7637592459283],[35.212583039479,31.7636883493749],[35.2126582708029,31.7635582355969],[35.2128820082104,31.7632327636934],[35.2129104194913,31.7631844067649],[35.2129575096238,31.7631211735713],[35.2130738162992,31.7629831818691]]]}},{"type":"Feature","properties":{"name":"מנהרת הגיחון","type":"קיים","status":"קיים","length":2613.3},"geometry":{"type":"LineString","coordinates":[[35.1541395343096,31.769791039994],[35.1542513561587,31.7696061595166],[35.1543422285582,31.7694212698058],[35.1545099806912,31.7691051740684],[35.1546218222707,31.768878535251],[35.1547266431846,31.7687234782232],[35.155166725744,31.7683776599151],[35.1558094023436,31.7678290967287],[35.1563472611144,31.7674236591624],[35.1567034653342,31.7672269369977],[35.1571225224093,31.7670063762132],[35.1576812480467,31.7667381425164],[35.1578977678026,31.7666069846728],[35.1580445068986,31.7663863211723],[35.1594122063894,31.7581061040065],[35.1594321588903,31.7579853063626],[35.1610008279962,31.7484874641614],[35.1610835548889,31.7478913275131]]}},{"type":"Feature","properties":{"name":"שדרות מנחם בגין","type":"קיים","status":"קיים","length":475.0},"geometry":{"type":"LineString","coordinates":[[35.1899316155019,31.7525725370613],[35.1905874524121,31.7531856134027],[35.190841929021,31.7534192662465],[35.1909952207917,31.7536299073408],[35.1911046264606,31.7537882448124],[35.1911527105891,31.753879150331],[35.1912504207882,31.7540111886708],[35.191378494205,31.7542222207895],[35.191443189617,31.7543362006752],[35.1915078844878,31.7544704909646],[35.1915672895542,31.7546431496575],[35.1916398981779,31.7548428911242],[35.191728353113,31.7550640754674],[35.1918286892588,31.7553213698576],[35.1918973373244,31.7555244962897],[35.1919435510985,31.7555967204997],[35.1919944720527,31.7556792234689],[35.1920855165316,31.7558534541684],[35.1921755493122,31.7559620665153],[35.1922447198047,31.7560373662932],[35.1923014102767,31.7562680877778]]}},{"type":"Feature","properties":{"name":"מעבר בן צבי - נרקיס","type":"קיים","status":"קיים","length":163.3},"geometry":{"type":"LineString","coordinates":[[35.2086134217866,31.7795308538565],[35.2088243296608,31.7795153909234],[35.2091308371598,31.7795365271281],[35.2094615591619,31.7796110650419],[35.2096889280692,31.7796287120096],[35.2100232636079,31.7797204626515],[35.2100634824984,31.779601910272],[35.2101502676397,31.7795094018438]]}},{"type":"Feature","properties":{"name":"משה ברעם","type":"בשלבי תכנון","status":"בשלבי תכנון","length":88.0},"geometry":{"type":"LineString","coordinates":[[35.2151712381133,31.7449335214542],[35.2153840112454,31.7448537322919],[35.2156154459795,31.7447579153292],[35.2160121062934,31.744597190653]]}},{"type":"Feature","properties":{"name":"משה ברעם","type":"קיים","status":"קיים","length":117.1},"geometry":{"type":"LineString","coordinates":[[35.2112633517625,31.7463820439191],[35.2100936445443,31.7467232311342]]}},{"type":"Feature","properties":{"name":"עמק המצלבה","type":"קיים","status":"קיים","length":458.2},"geometry":{"type":"LineString","coordinates":[[35.2084052622375,31.7744815974892],[35.2082808478302,31.7744224152976],[35.2080901296031,31.7743256867555],[35.2079284652939,31.7742283195183],[35.2077831923357,31.7741430444326],[35.2076906262968,31.774073240719],[35.2075753855112,31.7740384388856],[35.2074135849494,31.7739718192864],[35.2072913599911,31.77390320912],[35.2070445828386,31.7737659866782],[35.2069491310383,31.7736794767656],[35.2068408759777,31.7736267761733],[35.2067535727298,31.7736009229287],[35.2066767478319,31.7736029137996],[35.2064474377153,31.7736645703334],[35.2062996075685,31.7737103149606],[35.2062053218292,31.7737232433454],[35.2059690266983,31.7737839043852],[35.2058277155044,31.7737966977918],[35.2055220722909,31.7738665395192],[35.2050221800455,31.7739769500854],[35.2047755058283,31.7739685423168],[35.2045679190914,31.7743376205903],[35.2047955506834,31.7745747755401]]}},{"type":"Feature","properties":{"name":"פארק המסילה - עמק רפאים, מקור חיים","type":"קיים","status":"קיים","length":2573.6},"geometry":{"type":"MultiLineString","coordinates":[[[35.2085331699073,31.7528376562534],[35.2085200620373,31.7528305483401],[35.2084633802063,31.7527998153021],[35.2082779507741,31.7526814693238],[35.2081327340951,31.7525631209937],[35.2080210293319,31.7524524074622],[35.2079115580688,31.7523397845635],[35.2079032936199,31.7523300169117],[35.2078208782663,31.7522326064015],[35.2077775116663,31.7521813494137],[35.2076591039773,31.7520496380843],[35.2073910137573,31.7517461279253],[35.2071854781094,31.7515037013869],[35.2068950500011,31.7511696478661],[35.2066895168244,31.7509234029959],[35.2065331339373,31.7507420591401],[35.2064147299253,31.7506141641344],[35.2062918593615,31.7504690889355],[35.2061511152909,31.7503011070004],[35.206048350596,31.7501827556533],[35.2059098431678,31.750039589486],[35.2058160156122,31.7499460539107],[35.2056507007589,31.7498257946215],[35.2055099607784,31.7497322592768],[35.2054295381455,31.7496864462318],[35.2054046631111,31.749674882976],[35.2051502930461,31.7495566420467],[35.2051392777399,31.7495529562717],[35.2048308379107,31.7494497451647],[35.2044874500961,31.749326883039],[35.2044732812956,31.7493218128765],[35.2043956521278,31.7492940378815],[35.2043778042014,31.7492876519166],[35.2043773472118,31.7492874886827],[35.204205333471,31.7492283121866],[35.2040467236361,31.7491462286254],[35.2037898219013,31.7489916063311],[35.2036088749097,31.7488312563784],[35.2035002922202,31.7487369857898],[35.2033296361886,31.7485888230421],[35.2032547973357,31.7484776970258]],[[35.2120518582331,31.7564964174039],[35.2120253157437,31.7564682282525],[35.2119849346674,31.7564253371566],[35.2119375805007,31.7563750414188],[35.2116024358013,31.7560200038904],[35.21145497324,31.7558615725595],[35.2113566654013,31.7557546796742],[35.2112918700645,31.7556745092494],[35.2112114352417,31.7555714318831],[35.2111846194956,31.755537670973],[35.2111790080784,31.7555306062242],[35.2111312741213,31.7554705098578],[35.211126531446,31.7554645380959],[35.2111181637333,31.755451074905],[35.2108963943658,31.7550942221254],[35.2105411384138,31.7545234760019],[35.2103596031671,31.754213293442],[35.2103362095214,31.7541733202805],[35.2103266439096,31.7541569756976],[35.2102890861317,31.7541017557023],[35.2102770538455,31.7540840647761],[35.210230570356,31.7540157215343],[35.2101143883166,31.7538362886132],[35.2100630015242,31.7537694795658],[35.209951292558,31.7536511318298],[35.2098909687564,31.7535900498146],[35.2097993687856,31.7535098797597],[35.2097345781126,31.7534602503835],[35.2097036554588,31.7534407411731],[35.2096910550378,31.7534327910369],[35.2095893609168,31.7533686289914],[35.2095849426475,31.7533658172204],[35.2095753999889,31.7533597463919],[35.2094843569034,31.7533018218863],[35.2092073289839,31.7531586639455],[35.2090799863841,31.7531014015712],[35.2086644469606,31.7529047987528],[35.2086450347881,31.7528951965619],[35.208642899576,31.7528941396714],[35.2085795525105,31.7528628053778],[35.2085332269548,31.752838855705]],[[35.2152737750927,31.7592098077271],[35.2151508931283,31.7591380846183],[35.2150291525855,31.759059073495],[35.2142530400133,31.7585382796999],[35.2140346844498,31.7583914897765],[35.2140125731596,31.7583761005821],[35.2139191182289,31.7583105210155],[35.2139082647394,31.758302904854],[35.2137406904549,31.7581864738948],[35.2136133336338,31.7580834024264],[35.2134658675458,31.7579574254282],[35.2133139323193,31.757825721861],[35.2131374176747,31.757644387719],[35.2129385602787,31.7574325120783],[35.2126205171235,31.7570974141067],[35.2126161469792,31.7570928086715],[35.212579520121,31.7570542166163],[35.2125326762525,31.7570048607934],[35.2122682584999,31.7567262599141],[35.2120703392888,31.7565160467317],[35.2120523617437,31.756496953069]],[[35.2165977445598,31.7601259590513],[35.216158041271,31.7598295004139],[35.2158414785434,31.7596170134236],[35.2152737772039,31.7592098086288]],[[35.2203530093275,31.7626270950253],[35.2202294274613,31.7625858610495],[35.2201221733783,31.7625343340031],[35.2200216235522,31.7624847143435],[35.2199054292512,31.7624083721886],[35.2198473317476,31.762364474817],[35.2197534824768,31.7622995832176],[35.2195747255998,31.7622003414718],[35.2195456760073,31.7621821114644],[35.2194717493961,31.7621357222062],[35.2193557465523,31.7620629264729],[35.2191792215026,31.7619407770841],[35.2189311926957,31.7617613685788],[35.2188714810217,31.7617103653176],[35.218859686913,31.7617002921657],[35.218701040997,31.7615991376946],[35.218692549341,31.7615934958145],[35.2186206004384,31.7615456971563],[35.2184775936555,31.7614426323546],[35.2183882129358,31.7613681950357],[35.2182966006383,31.7613128463161],[35.2182094595896,31.7612708605615],[35.2181446617735,31.7612326889367],[35.218077812965,31.7611864378834],[35.2179212165266,31.7610780918141],[35.2179163585136,31.7610751279707],[35.2177836998049,31.7609588546857],[35.2176295059325,31.7608466030185],[35.2175348873775,31.7607837417023],[35.2174670474619,31.7607408173283],[35.2174167921713,31.7607010466704],[35.2173596672846,31.760652031894],[35.2172720599322,31.7605966549679],[35.2171756915711,31.7605397818008],[35.2170670797346,31.7604405754379],[35.2169156220477,31.7603565827963],[35.216795440847,31.760263667696],[35.2165975830495,31.7601258463363]],[[35.2204784228475,31.7626631331304],[35.220406260412,31.7626420345865],[35.2203497189752,31.7626259978945]],[[35.2213306917685,31.7628892229128],[35.2211120071698,31.7628453591105],[35.2208662264196,31.7627823974015],[35.2206025696138,31.7627041656811],[35.2205321703397,31.7626856237098],[35.2204850091049,31.7626668830642]],[[35.2232561505608,31.7631143056638],[35.2230000121759,31.7630913463555],[35.2225084598065,31.7630303318016],[35.2221107519275,31.7629883916399],[35.2220146759675,31.762976951566],[35.2217666657103,31.7629464438314],[35.2214512945688,31.7629125708623],[35.2214471588115,31.7629121268077],[35.2214058121944,31.7629040960148],[35.2213305957092,31.762889203085]]]}},{"type":"Feature","properties":{"name":"פארק המסילה - מתחם התחנה","type":"קיים","status":"קיים","length":731.3},"geometry":{"type":"MultiLineString","coordinates":[[[35.2234537885329,31.7631562696543],[35.2232484361948,31.7631126681574]],[[35.224530367662,31.7649739940965],[35.2245597806482,31.7647417567619],[35.2245524955525,31.7645348643113],[35.2245504237415,31.7645215804918],[35.2245287426927,31.7643825413736],[35.2244929603367,31.7642241076353],[35.2244460051163,31.7640618581417],[35.224410240061,31.7639874166238],[35.2244039456643,31.7639774621675],[35.224349893736,31.7638919804359],[35.2243007190189,31.7637984525753],[35.2242493173468,31.763735465959],[35.2241465115334,31.7636018585605],[35.2240928778716,31.7635503265351],[35.2240258357772,31.763485434847],[35.2239364510625,31.763422453953],[35.2238157795341,31.7633289368533],[35.2236392513642,31.7632316087883],[35.2235409343179,31.7631858099789],[35.2234834821225,31.7631646622672],[35.2234553171495,31.7631570729677]],[[35.2241053766323,31.7690877265912],[35.2240330647942,31.7688617441846],[35.2239872119057,31.7686630023187],[35.2239237005554,31.7685234231031],[35.2238824929342,31.7683605828247],[35.223829829048,31.7682138917683],[35.2239100571645,31.7680685701214],[35.2239448726844,31.7676834076732],[35.2239485006307,31.7675972270402],[35.2240042846557,31.7672383446262],[35.2240801799122,31.7668909115592],[35.2242788437404,31.7659851392788],[35.2243146144136,31.7658660408341],[35.2243471421053,31.7658004699631],[35.2243851082636,31.7657207059284],[35.2244551838966,31.7651842931915],[35.2245303362174,31.7649750222025]]]}},{"type":"Feature","properties":{"name":"יעקב פיכמן","type":"קיים","status":"קיים","length":264.1},"geometry":{"type":"LineString","coordinates":[[35.2052082096262,31.7639181875482],[35.2053025485262,31.76397451061],[35.2053413442202,31.7640065591218],[35.2053927467353,31.7640490472577],[35.2054524092421,31.7641001569233],[35.2055895893039,31.7641902101382],[35.205735932046,31.7642828108136],[35.2058260393599,31.7643762191195],[35.2059169913713,31.76447301828],[35.2059767934844,31.7645687301455],[35.2060277200529,31.7647031681371],[35.206096664498,31.7648396873177],[35.2061163208507,31.7649742943302],[35.206123452347,31.765086339202],[35.2061363413626,31.7652168032321],[35.2061352746629,31.7652990143461],[35.2061296181326,31.7653737230909],[35.2061346748636,31.7654548501035],[35.206129442433,31.7655731061279],[35.2061200807944,31.7656494355316],[35.2061098903776,31.7657190543321],[35.206098437214,31.7658325360787],[35.2060797540685,31.7659927279662]]}},{"type":"Feature","properties":{"name":"פנמה","type":"בשלבי תכנון","status":"בשלבי תכנון","length":109.8},"geometry":{"type":"LineString","coordinates":[[35.1626578763429,31.7573256008841],[35.1623768862258,31.7570395040789],[35.1622079944989,31.7567612104766],[35.1621271662207,31.7564662653664]]}},{"type":"Feature","properties":{"name":"פארק המסילה - המשך למלחה","type":"קיים","status":"קיים","length":3264.0},"geometry":{"type":"MultiLineString","coordinates":[[[35.1771132121296,31.7436336991659],[35.1772350935389,31.7436688719256],[35.1776201085882,31.7437688246746],[35.1778924964193,31.7438274961546],[35.1780148235737,31.743863225601],[35.1781679453793,31.7438926194872],[35.1783208967937,31.7439353839218],[35.1785379155049,31.7439879407975],[35.1787053526226,31.7440316844059],[35.1788475379134,31.7440705239105],[35.178957694832,31.7441087778858],[35.1791472980176,31.7441710916338],[35.1793097420809,31.7442257512044],[35.1794998948974,31.7442945515121],[35.1798281476665,31.7444110660213],[35.1799558204649,31.7444473709111],[35.1800354182725,31.7444745849103],[35.1801698556514,31.7445285580372],[35.1802399029584,31.7445424831992],[35.180321196514,31.7445711033184],[35.1804420573324,31.7446078230868],[35.1805321002296,31.7446391304113],[35.1806110815375,31.7446641993456],[35.1807277147687,31.7446971032463],[35.1808486649031,31.7447366427168],[35.1809422381031,31.7447767722583],[35.1810071105652,31.7448021089047],[35.1810767163117,31.7448401191206],[35.1811727136288,31.7449023369423],[35.1812703644818,31.7449616447346],[35.1813756129629,31.7450337437999],[35.1814690980535,31.7450995340559],[35.1815543768654,31.7451479460093],[35.1816300989228,31.745216025455],[35.1816700274559,31.7452456690312],[35.1816886235453,31.7452644722199],[35.1817180247775,31.7452903757554],[35.1817648219711,31.745331693112],[35.1817986996049,31.7453812889097],[35.1818306686469,31.7454243937769],[35.1818826435905,31.745478654393],[35.1819047775578,31.7455140223738],[35.1819365481205,31.7455578161887],[35.1819682060222,31.745605025265],[35.1819889763904,31.7456277924029],[35.1820602900038,31.7456996369208],[35.1820919441375,31.7457586348912],[35.1821455555211,31.7458072771852],[35.1822323872719,31.7459376153138],[35.1822759798123,31.7460191767825],[35.1823642183877,31.7461599611387],[35.1824014339599,31.7462308697616],[35.1824312710148,31.7462859433993],[35.1824460907294,31.7463208284361],[35.1824897599788,31.7463784467422],[35.1825142149308,31.7464372070811],[35.1825575291642,31.7465149914703],[35.182590382493,31.7465617514708],[35.1826794701004,31.7466819601365],[35.1827728568008,31.7467871546409],[35.1829483190537,31.7469802892333],[35.1831678539695,31.7471394773429],[35.1832581765952,31.7471807355428],[35.1833019167095,31.7472090589289],[35.1833860176634,31.7472424365848],[35.1834943994569,31.7472633068651],[35.1836421196771,31.7473309766137],[35.1838269169032,31.7474599839777]],[[35.1921227316233,31.7467692607452],[35.1920892472315,31.7467172507933],[35.1920590873109,31.7466014229549],[35.1920255918965,31.7465059737884],[35.191953007116,31.746391432342],[35.1918524929497,31.7463102933724],[35.1917296390807,31.7462434698078],[35.1915397675454,31.746190955286],[35.1913052133147,31.7461813872038],[35.1911265009037,31.7462004581081],[35.190880769423,31.7462481552779],[35.1906071069671,31.7463340267872],[35.1903948800062,31.7464008150994],[35.190221747653,31.7464485189436],[35.1900374435982,31.7465057655268],[35.1898307975743,31.7465868712257],[35.1897190952994,31.7466441256158],[35.189635313702,31.746715699939],[35.1895962076452,31.7467968236285],[35.1895347631392,31.7468731730398],[35.1894565693086,31.7469256594318],[35.189378381259,31.746935194482],[35.1892890282932,31.7469256397006],[35.1891996696191,31.7469447175488],[35.1891287355978,31.7469900457541],[35.1890583532352,31.7470816657147],[35.1889611614908,31.7471890295177],[35.1888757064541,31.7472391283886],[35.1887869065859,31.7472591610687],[35.1887573128611,31.7472580084928],[35.1886763298445,31.7472548529017],[35.1885409821944,31.7472696787227],[35.1883713909944,31.7473249668099],[35.1883174778876,31.7473495533508],[35.1882516409644,31.7473746406881],[35.1881217377743,31.7474136993394],[35.1880823819533,31.7474232944566],[35.1876593188732,31.747525843502],[35.1875643743926,31.7475496920343],[35.1874959580178,31.747567579208],[35.1873884480845,31.747585461138],[35.1872585987938,31.7476033390758],[35.1872097304154,31.7476140707737],[35.1871036195271,31.7476164418126],[35.1870044866587,31.7476367108369],[35.1868983710322,31.7476641367732],[35.1867517665473,31.7476915570262],[35.1866386696364,31.7477177895404],[35.1865046308718,31.7477428249748],[35.1863761772367,31.7477618962519],[35.1862644797889,31.747776197217],[35.1861527821862,31.7477857255183],[35.1860452752698,31.7477857100952],[35.1859880324129,31.7477845087046],[35.185929394592,31.7477713765738],[35.1858037419267,31.7477474972931],[35.185719976423,31.7477188514633],[35.1855387514055,31.747685107503],[35.1853645709288,31.747657916243],[35.1850982547647,31.7476393117361],[35.18498468078,31.7476536798359],[35.184903208209,31.7476740157468],[35.1846190585187,31.7476936655966],[35.1844500925964,31.7476632065094],[35.1843343502538,31.7476307579942],[35.1841064224997,31.7475753396091],[35.1838215286115,31.7474577591577]],[[35.1926058708115,31.7469758235151],[35.1921203487213,31.7467682423323]],[[35.2021552505373,31.7479592666977],[35.2020668434224,31.7479332468842],[35.2019816019188,31.7479305442813],[35.2018651336982,31.7479243373396],[35.2017418408139,31.7479372465668],[35.20160507253,31.7479558460263],[35.2014592505298,31.7479916388138],[35.2013223164622,31.7480408682419],[35.2010482789883,31.7481699596319],[35.200872860031,31.7482917852111],[35.2007670693355,31.7483813418088],[35.2007084639677,31.7484461999465],[35.2006317986633,31.7485358736037],[35.2003484257224,31.7489127316605],[35.2003206343809,31.7489500716803],[35.2002886558954,31.7489953748527],[35.1999743514696,31.749440650439],[35.1999453085243,31.7494692830154],[35.1999028630563,31.7494960059087],[35.1998827562866,31.7495227295781],[35.1998403085098,31.749574269425],[35.199831370516,31.7496124469167],[35.1998090281841,31.7496639865668],[35.1997777504588,31.7497212526066],[35.1989891015572,31.7508207538674],[35.1988796275734,31.750971552997],[35.1987836701302,31.7510859523583],[35.1987835540246,31.7510861020594],[35.1987386667067,31.7511407545881],[35.1985886137878,31.7512945728373],[35.1984353170687,31.7514314730467],[35.1984048684974,31.7514563102341],[35.1983875279614,31.7514704539548]],[[35.2032547973357,31.7484776970258],[35.2032427185484,31.7484614700159],[35.2029325959305,31.7482150277154],[35.2026530306902,31.7480752111482],[35.2024662713399,31.7480105813393],[35.2021502437953,31.7479584396179]],[[35.1951586660644,31.7500575589147],[35.1951935023616,31.7498833736601],[35.1951888913839,31.7498074866696],[35.1951639110477,31.7497421056037],[35.1950936411495,31.7496232670752],[35.1950472965818,31.7495133756623],[35.1949157242767,31.7493383105969],[35.1948050828125,31.7491977470534],[35.1946421092824,31.7490303459197],[35.1945688512041,31.7488961736875],[35.1944881225766,31.748718556239],[35.194398412106,31.7486265502037],[35.1943101970309,31.748537098248],[35.1941905867959,31.748385034015],[35.1941053598851,31.7483249714883],[35.1939677993564,31.7482367941196],[35.1937868779732,31.7481243353274],[35.1937345487806,31.7480578866084],[35.1936014843352,31.7478930424393],[35.19342804463,31.7477448057538],[35.1932845100684,31.7476119046121],[35.1930183728172,31.7473780479712],[35.1927761538002,31.7472042495424],[35.192669999211,31.7471058502933],[35.1926057167659,31.7469755114623]],[[35.1958039866586,31.7512770427004],[35.1957942314891,31.751275614423],[35.1957877693591,31.7512729896187],[35.1957587284453,31.7512596250211],[35.1957319213433,31.7512519872837],[35.195671606452,31.7512233496],[35.1956313978016,31.7511908957601],[35.1955791055635,31.7511479246597],[35.1955152394459,31.7510954418763],[35.1954191871312,31.7509999902027],[35.1953544084151,31.7509350825555],[35.1953186692731,31.7508854478838],[35.1952859540823,31.7508452557343],[35.1952829296091,31.7508415408191],[35.1952248535801,31.7507709068672],[35.1951801790879,31.7507136364934],[35.1951600784548,31.7506620945997],[35.1951243457041,31.7505609194303],[35.1950975443788,31.7504979236069],[35.1951144452105,31.7501649925094],[35.1951602442853,31.7500537243837]],[[35.1983770600609,31.7514730092904],[35.1983336363509,31.751509058486],[35.1982820356213,31.75153782578],[35.1982266185992,31.7515640036722],[35.1981856721089,31.7515807859229],[35.198118557074,31.7516163793608]],[[35.1965141359572,31.7515680272854],[35.1964087955485,31.7515326413648],[35.1963216725499,31.7515020931044],[35.1960915798871,31.7514047241903],[35.1960424335144,31.7513856316331],[35.1959977560113,31.7513646310473],[35.195966482101,31.7513474488409],[35.1959262715449,31.7513226301135],[35.1958905302172,31.7513035383862],[35.1958592545925,31.751293992074],[35.195806185226,31.7512757910877]],[[35.1979577581665,31.7516159204348],[35.1979055667131,31.7516224444447],[35.1978050356772,31.7516415286467],[35.1977357809816,31.7516491609745],[35.1976933343382,31.7516548854688],[35.1976441857078,31.7516606095948],[35.1975995061804,31.751660607225],[35.1975369544191,31.7516548771661],[35.1974989771584,31.7516510576115],[35.1974520638588,31.751643419149],[35.1974051501376,31.751641507384],[35.1973604697081,31.7516395957247],[35.1966960802765,31.751607081957],[35.1965808092288,31.7515841924438],[35.1965260039262,31.7515719591593],[35.196514868425,31.7515680273306]],[[35.1979594299514,31.7516161486858],[35.1981241320961,31.7516127767644]]]}},{"type":"Feature","properties":{"name":"פרידריק שופן","type":"קיים","status":"קיים","length":284.1},"geometry":{"type":"MultiLineString","coordinates":[[[35.2150001578753,31.768581692475],[35.2151201655908,31.7685573443916],[35.2152019380723,31.7685282467391],[35.2153290471603,31.7684977319584],[35.2160923488423,31.7683038851745],[35.2165419102295,31.7682120616359]],[[35.213623385416,31.7686949936643],[35.2140622349986,31.7687199042239],[35.2148063318571,31.7686283328388],[35.2150033447114,31.768580926545]]]}},{"type":"Feature","properties":{"name":"צביה ויצחק","type":"קיים","status":"קיים","length":544.4},"geometry":{"type":"LineString","coordinates":[[35.1815090700116,31.7345760388174],[35.181354239461,31.7350023925762],[35.1813071652464,31.7352872604449],[35.1812765534243,31.7355688386247],[35.1812692289387,31.735751662443],[35.1812741984233,31.7360224988356],[35.1813351034823,31.7364143236062],[35.1814076044451,31.7366685980148],[35.1814963414544,31.7368610302347],[35.1815016750708,31.7368726072992],[35.1816592857632,31.7372147583253],[35.1819612391583,31.7377952972285],[35.1821064163226,31.7381432804138],[35.1821487642986,31.7384714436721],[35.1821243219992,31.7387093176988],[35.182073698326,31.7389719554478],[35.1820001385297,31.7391431725592],[35.1819068763573,31.7392962355868]]}},{"type":"Feature","properties":{"name":"קלמן יעקב מן","type":"קיים","status":"קיים","length":1279.4},"geometry":{"type":"LineString","coordinates":[[35.1590877819196,31.7580947088246],[35.1591810803594,31.7580808283117],[35.1592851082709,31.7580467069386],[35.1594321588903,31.7579853063626],[35.1594897185611,31.757961271776],[35.1595186437218,31.7579761840317],[35.1595071544261,31.7580180823551],[35.1594715255454,31.7580713841023],[35.1594122063894,31.7581061040065],[35.1593675459532,31.7581322444115],[35.1592474721023,31.7581839812941],[35.1591434912361,31.7582425606559],[35.1590502400588,31.7583193853442],[35.1589958354397,31.7583943515795],[35.1589575246415,31.7584875642213],[35.158918453271,31.7586876712141],[35.1588331826641,31.7591945734067],[35.1588088889154,31.7593496809232],[35.158773867845,31.759504788199],[35.15867813883,31.7597599296357],[35.1585768279117,31.7599567197064],[35.1585030157468,31.7602014922591],[35.1584888491632,31.7602813607301],[35.1584800476677,31.7603657908522],[35.1584704917144,31.7605437725304],[35.1584771158377,31.7606536248604],[35.1584944679298,31.7607794409756],[35.1586030395878,31.7612201017766],[35.1586453913053,31.7613653534481],[35.1586743324964,31.7615106038992],[35.1586761816333,31.7616527089148],[35.1586657061476,31.7617391549526],[35.1586445021447,31.7618233208848],[35.1585932853407,31.7619576356493],[35.1585179291899,31.762087389198],[35.1584256110663,31.7622045928444],[35.158314518068,31.7623081140838],[35.1582113649853,31.7623833905698],[35.1581028478931,31.7624449840617],[35.1579911089497,31.7624899688453],[35.1578766880761,31.7625258322115],[35.1577546816806,31.7625453007973],[35.1576326755976,31.7625556471227],[35.1575080051311,31.7625620801553],[35.1573806529701,31.7625571109753],[35.1569898144321,31.7625213569073],[35.1568929400524,31.7625129327904],[35.1566753418843,31.762511066746],[35.1565798315896,31.7625021153236],[35.1565151660915,31.7625045657015],[35.1564372806104,31.7625299882322],[35.1563687836278,31.7625668126495],[35.1562639759058,31.7626518638124],[35.1561034146607,31.7628120164025],[35.1556323219287,31.763434098809],[35.1553327286129,31.7638364952844],[35.155270974192,31.7639234136641],[35.1552011745509,31.764003491134],[35.1551340559444,31.7640755873891],[35.1550784263939,31.7641192123645],[35.15505084445,31.7641408414081],[35.1548506211037,31.7641515046682],[35.1548483922454,31.7641525300988],[35.1544991799131,31.7643131924317],[35.1542657561985,31.7643905032887],[35.1540934645761,31.7644387426082],[35.1540760882347,31.7644436075031],[35.1540202388175,31.7645624898117],[35.1540192581126,31.7645645762884],[35.1539597461327,31.764612569567],[35.1538978460851,31.7646280432216],[35.1537273174233,31.7646264126366],[35.1533198758157,31.7645906767874],[35.1525467462682,31.7645732710284],[35.1522895986799,31.7645594373855],[35.1520448270359,31.7645094516249]]}},{"type":"Feature","properties":{"name":"ריש לקיש","type":"בביצוע","status":"בביצוע","length":142.0},"geometry":{"type":"LineString","coordinates":[[35.2145021771608,31.7610235249377],[35.2145880223673,31.7609995678301],[35.2150477688566,31.7608182514971],[35.2151183212468,31.7607859180863],[35.2151938754942,31.7607512917254],[35.2158733756669,31.7605081673586]]}},{"type":"Feature","properties":{"name":"רשב\"ג","type":"בביצוע","status":"בביצוע","length":192.5},"geometry":{"type":"LineString","coordinates":[[35.2077370022509,31.7542674325549],[35.2076750236957,31.7541526077246],[35.2074571241278,31.7537328830048],[35.20731946894,31.7534736916138],[35.2072914175091,31.753450837712],[35.2072731514662,31.7534374601652],[35.2072372710538,31.7534251976919],[35.2072072633786,31.7534196249615],[35.2071589892982,31.7534229709651],[35.2071152827048,31.753445267313],[35.2064617644251,31.7538121274912]]}},{"type":"Feature","properties":{"name":"שבתאי הנגבי","type":"קיים","status":"קיים","length":817.1},"geometry":{"type":"MultiLineString","coordinates":[[[35.1998247758386,31.7348099771115],[35.1998512509417,31.7350443122333],[35.199882011387,31.735237837104],[35.1999301302291,31.7355528494951],[35.1999547668899,31.7357569365522],[35.1999946163234,31.7360026569905]],[[35.1999941743009,31.7359999324952],[35.2000199775868,31.736264997051],[35.2000361254186,31.736507113765],[35.2000275309004,31.7367659480642],[35.2000359299353,31.73710064359],[35.2000392127716,31.7373289489495],[35.1999875486976,31.7374466661537],[35.1999316131754,31.7375335760973],[35.1998492941004,31.7376115035874],[35.1996332761391,31.7377935912258],[35.1994527770965,31.7379507970161],[35.199180050291,31.7381872522092],[35.1989641832805,31.7383774986122],[35.198827295391,31.7384691059196],[35.1986915937197,31.7385204321484],[35.1985278415256,31.7385370457694]],[[35.1985278436361,31.7385370457695],[35.198110093369,31.7385406864986],[35.1977073217543,31.7385440524822],[35.197290190849,31.7385480242396],[35.1966779723595,31.7385490745359]],[[35.1961859820621,31.7385503479246],[35.195940243032,31.7385485832079],[35.1957579966406,31.738540741176],[35.1955045104245,31.7385431596635],[35.1950093390591,31.7385385753034]],[[35.1966801968933,31.738549070161],[35.1961804207272,31.7385503619965]]]}},{"type":"Feature","properties":{"name":"שדרות המוזיאונים","type":"קיים","status":"קיים","length":185.4},"geometry":{"type":"LineString","coordinates":[[35.2014041486366,31.7756642255183],[35.2012984557733,31.7759547169505],[35.2012111239394,31.7761909656872],[35.2008626786182,31.7767268523051],[35.2005711481248,31.7771680995191]]}},{"type":"Feature","properties":{"name":"שדרות מנחם בגין","type":"קיים","status":"קיים","length":1134.5},"geometry":{"type":"MultiLineString","coordinates":[[[35.2028771183298,31.7345506946099],[35.202877437626,31.7346433702429],[35.2028663525544,31.7350856756757],[35.2028239573858,31.7354498608952],[35.2027830969503,31.7357714437437],[35.2027298256391,31.7361387284042],[35.2026409591277,31.7365549936546],[35.2025627099721,31.7369667569477],[35.2024539688102,31.7373975098986],[35.2023370733003,31.7377938237728],[35.2021994764701,31.7381451801014],[35.2020508104732,31.7384680088447],[35.20188211224,31.7387833507779],[35.2016936981475,31.739129375586],[35.2014429146825,31.7395490236251],[35.2011896745989,31.7399301487078],[35.2010392838954,31.7401149665707]],[[35.2010435960653,31.7401089107845],[35.2009074838293,31.7403000426867],[35.2006581374214,31.7406380747488],[35.2004580424297,31.7408545930498]],[[35.200459085136,31.7408531140538],[35.2000539321554,31.7414276762676],[35.1996395400925,31.7418162319142],[35.1991766277502,31.7422506981087],[35.198801816755,31.7425884398739],[35.198525748548,31.7429384556107],[35.198264617497,31.7431453493821],[35.1978404028185,31.7434772464383]]]}},{"type":"Feature","properties":{"name":"שדרות מנחם בגין","type":"קיים","status":"קיים","length":684.8},"geometry":{"type":"LineString","coordinates":[[35.1931753252449,31.7565330663198],[35.1931922330401,31.7568930686498],[35.1932012760076,31.7569408662789],[35.1932199711535,31.7570526839589],[35.1932574981385,31.7571758863553],[35.193279237224,31.7572718597901],[35.1932969614316,31.7574106109403],[35.1933363953237,31.7575212724297],[35.1933723932756,31.7576173760423],[35.1934116140024,31.7576844035687],[35.1934627467005,31.7577642617362],[35.1935015420864,31.7578953255296],[35.193545264439,31.7580555274034],[35.1935635788142,31.7582249899424],[35.1935653255355,31.758289727152],[35.1935786966071,31.7584084912072],[35.1936254243039,31.7585327232527],[35.1936903273718,31.7586991603917],[35.1938228040954,31.7590462568555],[35.1939133931253,31.7592754444793],[35.1939420716618,31.7594245829302],[35.194000599358,31.7596208514538],[35.1940427609949,31.7598494379898],[35.1940938840191,31.7600419604997],[35.1941262505225,31.7603015741316],[35.194134771353,31.7605068569678],[35.1941325805673,31.7607322572618],[35.1941713758286,31.7608939365748],[35.1941716330322,31.76093555938],[35.194158191781,31.7610417630028],[35.1941405187222,31.7611970391943],[35.194122713529,31.7613726573503],[35.1941294908719,31.7614901293193],[35.1941519791603,31.7615767631101],[35.1942218387696,31.7617063293306],[35.1942360017458,31.7617866378116],[35.1942217701008,31.7619291107997],[35.1941360967829,31.7621866190009],[35.194094751535,31.7622954239709],[35.19401654253,31.7623813182097],[35.1939669176068,31.7624685052768],[35.1939389384143,31.7625218190612]]}},{"type":"Feature","properties":{"name":"שדרות ש\"י עגנון","type":"קיים","status":"קיים","length":397.0},"geometry":{"type":"MultiLineString","coordinates":[[[35.2046445328019,31.7610708559719],[35.2044909196189,31.7612163479054],[35.2043727214459,31.7613349845622],[35.2042889484075,31.7614428359906],[35.2042014701749,31.7615745221775],[35.2041541151124,31.761676994063],[35.20409518063,31.7617750126011],[35.204045789229,31.7618693335779],[35.2039948745529,31.7619685921221],[35.2039496175303,31.7620628328071],[35.2038870185409,31.7622051596967],[35.2038748951054,31.7622870280869],[35.2038593293116,31.762401505312],[35.203859061395,31.7625552236028]],[[35.2038590645703,31.7625536787453],[35.2038861446865,31.7627743130112],[35.2039293404328,31.7629362715963],[35.2039940159951,31.7630802195184],[35.2040380336755,31.7631397449049]],[[35.20403781412,31.763139447296],[35.2041202499126,31.7632518018247],[35.2041552617152,31.7633035595749],[35.2042083753785,31.7633698911268],[35.2042805578773,31.7634374807435],[35.2043858630445,31.7635207073803],[35.2045451890885,31.7636037616185],[35.2046699845699,31.7636566076014],[35.2048517840979,31.7637336731629],[35.2050186265446,31.7638132483693],[35.205210862285,31.7639196557315]]]}},{"type":"Feature","properties":{"name":"שדרות ש\"י עגנון","type":"קיים","status":"קיים","length":684.6},"geometry":{"type":"MultiLineString","coordinates":[[[35.2043856968748,31.7556088647814],[35.2042423564621,31.7559945708735],[35.2041103520927,31.7562834818684]],[[35.2041113104771,31.7562813823772],[35.203995826972,31.7565322976779]],[[35.2039967104213,31.7565303776544],[35.2039547660009,31.7566359537108],[35.2039304152069,31.7567840517658],[35.2039085054571,31.7569768262767]],[[35.2039091102801,31.7569715090062],[35.2039056835206,31.7570964125964],[35.2039355186364,31.7571954405946],[35.203981418525,31.757273878634]],[[35.2039802216037,31.7572718332479],[35.2041019070072,31.7573974171594],[35.2042269861906,31.7575052698011],[35.2043509183346,31.7576239065685],[35.204486325128,31.7577435235085],[35.204588594767,31.757835776611],[35.2047456695845,31.7579737881454],[35.2048794772636,31.7580955618764],[35.2049691028479,31.7582051147892],[35.2051223663164,31.7584692352101]],[[35.2051216960599,31.758468079952],[35.2051978825463,31.7589436334743],[35.2052235956645,31.7590346275439],[35.2052591373561,31.75919161937]],[[35.205257526572,31.7591845011281],[35.205317803895,31.7593933623053],[35.2053542755494,31.7595268439248],[35.2053963911778,31.7596601974244],[35.2054395409102,31.7598485786955],[35.2054201121862,31.7600633989213],[35.205390368669,31.7601732897116],[35.2053514366824,31.7602805814502],[35.2052983088737,31.7603960349627],[35.2052485055128,31.7604748546396],[35.2051793006129,31.7605843244753],[35.2050754286378,31.7606869666077]],[[35.2050754824696,31.7606869124968],[35.2049099620355,31.7608286298917]],[[35.204910830736,31.760827886769],[35.2047991535666,31.7609311708171],[35.2047483867376,31.7609823677294],[35.2046431373853,31.7610720446045]]]}},{"type":"Feature","properties":{"name":"טיילת עמק המצלבה","type":"קיים","status":"קיים","length":446.5},"geometry":{"type":"LineString","coordinates":[[35.2086854061811,31.7755965602752],[35.2085490560916,31.7752467603391],[35.2085386464557,31.7752130083589],[35.2085296863548,31.7751095412752],[35.2085285111813,31.7751054316216],[35.2084298466171,31.7747606616723],[35.2084223502883,31.7746182764549],[35.2084212028606,31.774596478078],[35.2084172116693,31.7745564869404],[35.2084015743442,31.7743998131962],[35.2084008491785,31.7743775341235],[35.2083919167643,31.7741029308368],[35.208419031819,31.7736363143766],[35.2084378171902,31.7733599750359],[35.2084608994829,31.7729734602326],[35.2085183232424,31.7726994923536],[35.208581688579,31.7724160558028],[35.2085669291915,31.7720851118635],[35.2085580617063,31.7719223585381],[35.2085081062041,31.7716233914266],[35.2085070249004,31.7716163823454]]}},{"type":"Feature","properties":{"name":"יהודה בורלא","type":"קיים","status":"קיים","length":151.6},"geometry":{"type":"LineString","coordinates":[[35.2007816923655,31.7744162257992],[35.2008758236614,31.7745622221523],[35.2010391345169,31.7748024915702],[35.2011698606882,31.7749940009877],[35.2012822222503,31.7751926605212],[35.2013482125748,31.775459497168],[35.2014000293534,31.7756620844503]]}},{"type":"Feature","properties":{"name":"שדרות שמואל מאיר","type":"בשלבי תכנון","status":"בשלבי תכנון","length":1099.7},"geometry":{"type":"MultiLineString","coordinates":[[[35.213696127908,31.7371017614671],[35.2141039021355,31.7367961807581],[35.2146655182082,31.7363044920808],[35.2153592781277,31.7357566072081],[35.2157997613884,31.7353679346177],[35.2161025936518,31.7350916487889],[35.2163833052271,31.734733351228],[35.2168342060851,31.7342496328416],[35.2172533546609,31.7338038630671],[35.2175011260683,31.7336071818615],[35.2179250918105,31.7332981095715],[35.2182884893474,31.733073329146],[35.2188831417108,31.7326893283509],[35.2191254071687,31.7325207425433],[35.2195108299838,31.7320524463818],[35.2196374688383,31.731808931522],[35.2197311225394,31.73153389732],[35.2197530443073,31.7314377108171]],[[35.2118201457622,31.7384960587963],[35.2120709484919,31.7383864875682],[35.2122202636724,31.7383171625301],[35.2122823294191,31.7382741992273],[35.2123826728276,31.7382023031541],[35.2125002789094,31.7381011175267],[35.2128134904861,31.7378592931232],[35.21290153605,31.7377770478561],[35.2129679315424,31.7377181248448],[35.213097835933,31.7376321970776],[35.2132032021357,31.7375266286537],[35.2135017245376,31.7372923321712],[35.2136976969695,31.737100585344]]]}},{"type":"Feature","properties":{"name":"פייר קניג","type":"בשלבי תכנון","status":"בשלבי תכנון","length":1211.6},"geometry":{"type":"LineString","coordinates":[[35.2129646069201,31.7484555512092],[35.2132657077166,31.7496943006482],[35.2134949058856,31.7505398201253],[35.2136192621594,31.7509183587964],[35.2138669618803,31.7520634590246],[35.2140962031928,31.7532239256023],[35.2142656260976,31.7538821815555],[35.2144948869218,31.7551447917778],[35.2146078826694,31.7559732935842],[35.2147241753321,31.7565804805603],[35.2149567358557,31.75753665338],[35.2151328333709,31.7583537994492],[35.2152425014253,31.7590489449133],[35.2152527118917,31.7591975128865]]}},{"type":"Feature","properties":{"name":"דוד בנבנישתי","type":"קיים","status":"קיים","length":324.0},"geometry":{"type":"LineString","coordinates":[[35.1931964355402,31.7493993416521],[35.1928233892741,31.7492023327522],[35.1924976754077,31.7490356607407],[35.1921978173147,31.7489537737391],[35.191881603738,31.7489148925251],[35.1914757377293,31.7489274751969],[35.1910524063159,31.7489659782914],[35.1907882522007,31.7489821385108],[35.1904392333311,31.7490190854768],[35.1901579654772,31.7490294129885],[35.1899257095831,31.7490379417579],[35.1899300673018,31.7490381334433]]}},{"type":"Feature","properties":{"name":"חנוך אלבק","type":"בשלבי תכנון","status":"בשלבי תכנון","length":694.2},"geometry":{"type":"LineString","coordinates":[[35.2250168958111,31.7618354677262],[35.2252527602997,31.7612977385274],[35.2252655950715,31.7574031413704],[35.2249226864275,31.756536429366],[35.2247999672588,31.7556662686418]]}},{"type":"Feature","properties":{"name":"ביתר","type":"בשלבי תכנון","status":"בשלבי תכנון","length":723.7},"geometry":{"type":"LineString","coordinates":[[35.2247999672588,31.7556662686418],[35.2245040845242,31.7542700162454],[35.2243254556325,31.7523022464685],[35.2241881682355,31.7513242262063],[35.2239755489923,31.7506156172922],[35.2232830489028,31.7493272829041]]}},{"type":"Feature","properties":{"name":"על\"ר","type":"בשלבי תכנון","status":"בשלבי תכנון","length":1052.3},"geometry":{"type":"LineString","coordinates":[[35.2320572574676,31.7540811898324],[35.2328043797131,31.7541630174433],[35.2335445195353,31.7538348836158],[35.2360119710375,31.7537874423216],[35.2378211838126,31.7530549134343],[35.2398293666146,31.7529372398829],[35.242460776585,31.7516421846989]]}},{"type":"Feature","properties":{"name":"דוד רזיאל","type":"בשלבי תכנון","status":"בשלבי תכנון","length":94.5},"geometry":{"type":"LineString","coordinates":[[35.2320572574676,31.7540811898324],[35.231822526413,31.7532531949173]]}},{"type":"Feature","properties":{"name":"דרך יצחק מודעי","type":"קיים","status":"קיים","length":411.5},"geometry":{"type":"LineString","coordinates":[[35.1856379354591,31.7486543352978],[35.1859425291835,31.7486486079246],[35.1868678808328,31.7486741858237],[35.1873126473255,31.7486839518307],[35.1875375417395,31.748689848258],[35.1878007557729,31.7487002530952],[35.1878910819548,31.7487058571579],[35.1880269121958,31.7487139533918],[35.1883039982,31.7487321400898],[35.1884695529036,31.7487514982345],[35.1886417764396,31.7487913063289],[35.1888628448651,31.748857252917],[35.1890753877036,31.7489255474042],[35.189180222727,31.7489571624128],[35.1893245685466,31.7489839914076],[35.1894713768635,31.7490032017386],[35.1895911350892,31.7490172989088],[35.1897527496431,31.7490303257787],[35.1899257095831,31.7490379417579],[35.1899300673018,31.7490381334433]]}},{"type":"Feature","properties":{"name":"פארק האסבסטונים","type":"בשלבי תכנון","status":"בשלבי תכנון","length":464.3},"geometry":{"type":"LineString","coordinates":[[35.1748597153947,31.7544263122913],[35.1756213192526,31.7518496089561],[35.1768064589971,31.7507026557373]]}},{"type":"Feature","properties":{"name":"הרב הרצוג","type":"קיים","status":"קיים","length":608.2},"geometry":{"type":"LineString","coordinates":[[35.2000886843696,31.7619810848953],[35.2001795447398,31.760300605358],[35.1998734101585,31.7594453720183],[35.1974498964728,31.7574030864433]]}},{"type":"Feature","properties":{"name":"האפרסמון","type":"בשלבי תכנון","status":"בשלבי תכנון","length":287.1},"geometry":{"type":"LineString","coordinates":[[35.1998390115643,31.7349285119101],[35.2028341598685,31.7345383766661]]}},{"type":"Feature","properties":{"name":"סטפן וויז","type":"קיים","status":"קיים","length":349.3},"geometry":{"type":"LineString","coordinates":[[35.2013963056715,31.7756688923642],[35.2015802169924,31.775686932468],[35.2020046281214,31.7757049725109],[35.2023512297179,31.7756809191796],[35.202662464876,31.7755546398016],[35.2028039351647,31.7753080935015],[35.2030161401139,31.7749472926053],[35.203200051724,31.7746887175262],[35.2034051839827,31.7746105440259],[35.2035820210388,31.7745624365174],[35.2037730066123,31.7746225705663],[35.203850814909,31.7746827039076],[35.2039993586126,31.774814998286],[35.2040771670597,31.7749232393233],[35.2041761962366,31.7750254659659]]}},{"type":"Feature","properties":{"name":"על\"ר","type":"בשלבי תכנון","status":"בשלבי תכנון","length":1045.0},"geometry":{"type":"LineString","coordinates":[[35.2320893866463,31.7540847090611],[35.2320741748943,31.7540830430542],[35.2320734631254,31.7540852770776],[35.2320594734223,31.7541291494396],[35.2323672309537,31.7541174520254],[35.2328076767271,31.7541656906766],[35.2335478165589,31.75383755683],[35.2360152681303,31.7537901154719],[35.2378244809313,31.7530575865381],[35.2398326637871,31.7529399138366],[35.2423364367202,31.7517076767896]]}},{"type":"Feature","properties":{"name":"פארק יער גילה","type":"בביצוע","status":"בביצוע","length":1263.2},"geometry":{"type":"LineString","coordinates":[[35.1765156573131,31.7410734939217],[35.1766029764296,31.7411491111509],[35.1766391549326,31.7411515341755],[35.1768512916891,31.7411149922711],[35.1771305675937,31.7410768004801],[35.1772424752402,31.7410535413926],[35.177419587046,31.7409945387128],[35.1776036958635,31.7409299881961],[35.1777402647495,31.7408623566974],[35.1779850418888,31.7407336176575],[35.1780635176044,31.7407001059445],[35.1781538228043,31.740679368566],[35.1782708991603,31.7406804576854],[35.1784035325601,31.7407241242321],[35.1784975572302,31.740765654448],[35.1785747563711,31.7408407091299],[35.1786164559241,31.7409317219783],[35.178657528341,31.7410355066327],[35.1786929939174,31.7411509997145],[35.178697643797,31.7412268378082],[35.1787022926286,31.7413026768024],[35.1787551289384,31.7416592548984],[35.1787986652037,31.7418657539606],[35.1788683631654,31.7420488418054],[35.1789790396721,31.7422626068629],[35.1791143126852,31.7424198480798],[35.1793453571976,31.7426394751655],[35.1794578378828,31.7427512359413],[35.1795976946773,31.7428331183716],[35.1801738759013,31.7430541101513],[35.1802955049338,31.7430710238702],[35.1804718779174,31.7430567646248],[35.180785081492,31.7430698158943],[35.1810891505015,31.7431322380894],[35.1815209125181,31.7432921296941],[35.1817869483177,31.7434506900971],[35.1819648001696,31.7436079367044],[35.1822231970328,31.7439302060346],[35.1823356614978,31.7441316167466],[35.182387324571,31.7442667519463],[35.1825256530962,31.7444057997919],[35.1828190576583,31.7445838533966],[35.1829801973291,31.7447060139296],[35.1830592354789,31.7448177667741],[35.1831200139875,31.7449853858682],[35.183203595754,31.7451763953841],[35.1833996832767,31.7454051043295],[35.1835881933227,31.7455246703644],[35.1837934360331,31.7456182521393],[35.1840427810115,31.7456715642008],[35.1841978655726,31.7456806839704],[35.1843635833706,31.7457417767839],[35.1845460074048,31.7458938222146],[35.1846508912341,31.7460302642922],[35.1846523889252,31.7461342085442],[35.1846234752484,31.7462524396304],[35.1845565547117,31.7463446790225],[35.1844212080558,31.746456396562],[35.1842417508141,31.7466408678905],[35.1840409884555,31.7469149880235],[35.1840375443279,31.746921803622],[35.1840061237637,31.7469839934746],[35.1839451566198,31.7471046686742],[35.1839192872358,31.7471956147362],[35.1839284021386,31.7472358953229],[35.1838666882717,31.7472238989753]]}},{"type":"Feature","properties":{"name":" ","type":"בביצוע","status":"בביצוע","length":22.8},"geometry":{"type":"LineString","coordinates":[[35.1838805127829,31.747252231773],[35.183761121348,31.7474306922313]]}},{"type":"Feature","properties":{"name":" ","type":"בביצוע","status":"בביצוע","length":1141.5},"geometry":{"type":"LineString","coordinates":[[35.1764895096755,31.7410566182652],[35.1763096786565,31.741007236066],[35.1761117232802,31.7409461788008],[35.1760904720881,31.7409337448393],[35.1760632762967,31.7409249539146],[35.1760263239311,31.7408962119731],[35.1758121348576,31.7407708913719],[35.175666166168,31.7406160800898],[35.1755637207327,31.7405363968775],[35.1754590843932,31.7403964517091],[35.1754213919312,31.7403564760234],[35.1754072019993,31.7403270626853],[35.1752854537014,31.7400746974194],[35.1752230089686,31.7397835111976],[35.1752192435066,31.7397604681585],[35.1752406714987,31.7393215425582],[35.1752449815054,31.739233242846],[35.1753418787286,31.7386326910396],[35.1753668459111,31.7384388889775],[35.175403275683,31.7381561015915],[35.175345446148,31.7375279647922],[35.1752907845928,31.7370844087259],[35.1752801245325,31.7370026719109],[35.1751875468616,31.7361459349332],[35.1751590371834,31.7357454821689],[35.1751688140097,31.7354093831405],[35.1754138508438,31.7352524085433],[35.1755782820111,31.7351505127309],[35.1756328997983,31.7350873064786],[35.1758716751611,31.7348309045366],[35.1760845315798,31.7346299446575],[35.1762583452767,31.7345135771953],[35.1766792301108,31.7343154920373],[35.1768099623034,31.7342857278581],[35.1769567546364,31.7343182873525],[35.1770215259468,31.7343469376278],[35.1769377168274,31.7344053620184],[35.1763849940855,31.7350348664396],[35.1761239216571,31.7355332606343],[35.1759278890332,31.7361801921688]]}},{"type":"Feature","properties":{"name":" ","type":"בביצוע","status":"בביצוע","length":278.9},"geometry":{"type":"LineString","coordinates":[[35.2245293974677,31.7642037653167],[35.224478226314,31.7629282731937],[35.2245120714512,31.7625369210829],[35.2247833830344,31.7619715989145],[35.2249699557647,31.7617976375799]]}},{"type":"Feature","properties":{"name":"גן העצמאות","type":"לקראת ביצוע","status":"לקראת ביצוע","length":382.5},"geometry":{"type":"LineString","coordinates":[[35.2159504816189,31.778130499765],[35.2160902515034,31.7781020690768],[35.2162096760982,31.7780718301312],[35.2163644841267,31.7780226950797],[35.2164794919115,31.7780453546884],[35.2165635268372,31.7779962260981],[35.216952762424,31.7779092832541],[35.2172241780276,31.7778521822559],[35.21727792584,31.7778193552184],[35.217386888702,31.7778359109595],[35.217437559418,31.7778436102039],[35.2176805366754,31.7781202861497],[35.2178101073016,31.7782208837487],[35.2178507327639,31.7782416993617],[35.2178729768776,31.7782696937615],[35.2178785084827,31.7782739886444],[35.2178804295984,31.7782790730208],[35.2179347907909,31.778347489027],[35.2179348018028,31.7784229956682],[35.2179685212722,31.7785122499889],[35.2185443889306,31.7785890484556],[35.2189403272168,31.7788272747123],[35.2193654169687,31.7788913039155]]}},{"type":"Feature","properties":{"name":"לייב יפה","type":"בשלבי תכנון","status":"בשלבי תכנון","length":378.4},"geometry":{"type":"LineString","coordinates":[[35.2205075500691,31.743949255947],[35.2204926386467,31.7439220743931],[35.219546608461,31.7422765000099],[35.2195260086137,31.7420305275193],[35.219813782972,31.7416673862528],[35.2205625626865,31.742248215808]]}},{"type":"Feature","properties":{"name":"דניאל ינובסקי","type":"בשלבי תכנון","status":"בשלבי תכנון","length":240.2},"geometry":{"type":"LineString","coordinates":[[35.2222728551084,31.7562012681614],[35.2223206419058,31.7561841372241],[35.22278211084,31.7559801067166],[35.2237528217278,31.7557488030073],[35.2247046098353,31.7556737493555]]}},{"type":"Feature","properties":{"name":"המרגלית","type":"בשלבי תכנון","status":"בשלבי תכנון","length":567.1},"geometry":{"type":"LineString","coordinates":[[35.1818819039648,31.7392962807825],[35.1815562427006,31.7393773917741],[35.1812713143709,31.7393425535022],[35.1809185740516,31.7391917481065],[35.1804979925849,31.7390409281351],[35.1801317401774,31.7386813982443],[35.1799418479052,31.738437856159],[35.1798740610035,31.738229124252],[35.1797791421176,31.7380087911225],[35.1796978087155,31.7377188884784],[35.1796029092849,31.737428982231],[35.1794265667453,31.7372666108873],[35.1791959535951,31.7371042285835],[35.1788296756421,31.7368838408009],[35.1785990730607,31.7366866704686],[35.1784227563116,31.7364431287917],[35.1783007392807,31.736106834903],[35.1783007880074,31.7359329019906],[35.1783008107465,31.7358517330561]]}},{"type":"Feature","properties":{"name":"שדרות מנחם בגין","type":"בשלבי תכנון","status":"בשלבי תכנון","length":268.6},"geometry":{"type":"LineString","coordinates":[[35.2026267677565,31.7321412643668],[35.202664627974,31.7325217192085],[35.2026834548797,31.7327068976218],[35.2028049397138,31.733330312083],[35.2028349609405,31.7337663953586],[35.2028761656988,31.7342740592535],[35.2028771183298,31.7345506946099]]}},{"type":"Feature","properties":{"name":"דרך נדב","type":"בשלבי תכנון","status":"בשלבי תכנון","length":614.8},"geometry":{"type":"LineString","coordinates":[[35.1722036301494,31.7435142418629],[35.1732212827647,31.7435869661815],[35.1742389417901,31.7436415651923],[35.1747265329866,31.7437866233573],[35.1754260855162,31.7441129070217],[35.1757440055357,31.7444572206304],[35.1761255394911,31.744783428565],[35.1765494955169,31.7450552912729],[35.1769735233878,31.7450916193332],[35.1773339516058,31.7451098144194],[35.1777367831145,31.7451280173588],[35.1780972116245,31.7451462093845]]}},{"type":"Feature","properties":{"name":"פארק ירושלים","type":"בשלבי תכנון","status":"בשלבי תכנון","length":156.9},"geometry":{"type":"LineString","coordinates":[[35.1763952543877,31.7449286392539],[35.177095932498,31.7436464223175]]}},{"type":"Feature","properties":{"name":"שותא רוסתבלי","type":"קיים","status":"קיים","length":222.3},"geometry":{"type":"LineString","coordinates":[[35.2084773978241,31.7716147861395],[35.2084502333382,31.7711973513789],[35.2085180851347,31.7709074628709],[35.2085587885159,31.7705480025927],[35.2085859218284,31.7702697112353],[35.2086402028418,31.770037800702],[35.2087351934358,31.7696319567418]]}},{"type":"Feature","properties":{"name":"הפרסה","type":"בביצוע","status":"בביצוע","length":202.5},"geometry":{"type":"MultiLineString","coordinates":[[[35.2096654754398,31.7513572523279],[35.2096244871798,31.7513999239106],[35.2095073550942,31.7516349638808],[35.2093672573907,31.7518921512388]],[[35.2093680214633,31.7518910166881],[35.2091786818225,31.7521723237815],[35.2089233929394,31.7523665003176],[35.208329191751,31.7527141731443]]]}},{"type":"Feature","properties":{"name":"האומן","type":"בשלבי תכנון","status":"בשלבי תכנון","length":33.8},"geometry":{"type":"LineString","coordinates":[[35.2093418082635,31.7512093303111],[35.2096513044539,31.7513613021984]]}},{"type":"Feature","properties":{"name":"יעקב פת","type":"בביצוע","status":"בביצוע","length":173.3},"geometry":{"type":"LineString","coordinates":[[35.2053576175953,31.7507117147713],[35.205104728118,31.7506576932396],[35.2050180231585,31.7506299114661],[35.20498731458,31.7506113886216],[35.2047687456699,31.7505589102128],[35.204685653637,31.7505434753617],[35.2042738054129,31.7505619977761],[35.2039703389585,31.7505789761971],[35.2035675212436,31.7506438015888]]}},{"type":"Feature","properties":{"name":"יעקב פת","type":"בביצוע","status":"בביצוע","length":271.4},"geometry":{"type":"LineString","coordinates":[[35.1987592005857,31.7558120967476],[35.1989489947278,31.7555173768571],[35.1991762771915,31.7551802228228],[35.1994065798766,31.7548417806492],[35.1996904934246,31.7540991666997],[35.1997525143778,31.753841820418],[35.1997115158071,31.7535569235197]]}}]}