{"type":"FeatureCollection","features":[{"type":"Feature","geometry":{"type":"Polygon","coordinates":[[[35.21156450458027,31.748948220313828],[35.21127973629637,31.74877198663045],[35.21142800743761,31.748610908950496],[35.211465470830056,31.748569512174313],[35.21174442619434,31.748751759288535],[35.21156450458027,31.748948220313828]]]},"properties":{"plan_name":"101-0405977","parcel":"1","commerce_sqm":420,"employment_sqm":3933,"ce_uses":"תעסוקה · מסחר","dominant":"employment","combined":true,"source":"101-0405977_הוראות (1).pdf","split_source":"table5","is_talpiot":true,"mp_plan":"תכנית אב א.ת. תלפיות","mp_employment_max_sqm":1160000,"mp_commerce_extra_sqm":80000,"mp_zone_use":"אזור עירוני מעורב ב'","mp_zone_far_pct":670,"mp_zone_max_floors":24,"mp_zone_coverage_pct":60,"mp_mtchm":18,"plot_size_sqm":929,"mp_commerce_far_pct":60,"mp_employment_far_pct":240,"mp_allowed_commerce_sqm":557,"mp_allowed_employment_sqm":2230}},{"type":"Feature","geometry":{"type":"Polygon","coordinates":[[[35.20610304125655,31.749338082275013],[35.20610336843178,31.749338084074285],[35.206118757321235,31.749340519749104],[35.20613369241724,31.74934451742414],[35.20614787716027,31.749350514498595],[35.20617526302558,31.749363049763744],[35.206267151613694,31.74940645424448],[35.20614801072962,31.749603676863337],[35.206007141840914,31.749511015954205],[35.20589749068453,31.74946060235883],[35.20589775874368,31.74945975642487],[35.20591395767538,31.749430420109483],[35.20593587166039,31.749403932651163],[35.205962833693896,31.749381097599343],[35.20599402584925,31.749362609381986],[35.20602850038543,31.749349029857857],[35.206065210353245,31.749340770279552],[35.20610304125655,31.749338082275013]]]},"properties":{"plan_name":"101-0433474","parcel":"1","commerce_sqm":449,"employment_sqm":1657,"ce_uses":"מסחר · תעסוקה","dominant":"employment","combined":true,"source":"433474.pdf","split_source":"table5","is_talpiot":true,"mp_plan":"תכנית אב א.ת. תלפיות","mp_employment_max_sqm":1160000,"mp_commerce_extra_sqm":80000}},{"type":"Feature","geometry":{"type":"Polygon","coordinates":[[[35.21931552659157,31.762487617338337],[35.21930971748344,31.762491703369392],[35.219079562182365,31.762328974469096],[35.21904699690531,31.762305948751003],[35.21884701184323,31.76216787595345],[35.218796650392854,31.762132985735473],[35.218852034708,31.762090080571202],[35.21883551991063,31.762078528028912],[35.21899452103596,31.761955352353887],[35.21900598697541,31.761945665240162],[35.21900786364313,31.76193164136005],[35.218945212052354,31.76187345619149],[35.218911546324975,31.761872559996167],[35.218889820550565,31.76185566553449],[35.21888963223479,31.761825856024213],[35.21905953453975,31.761943568608555],[35.219260828459426,31.762082544571573],[35.219294909650905,31.762106641448266],[35.21958068183305,31.762308692729363],[35.219549316132905,31.76232810052894],[35.21949104191777,31.76237113259559],[35.21948659108615,31.762367282252438],[35.21931552659157,31.762487617338337]]]},"properties":{"plan_name":"101-0571190","parcel":"201","commerce_sqm":450,"employment_sqm":0,"ce_uses":"מסחר","dominant":"commerce","combined":false,"source":"101-0571190_הוראות (1).pdf","split_source":"table5","is_talpiot":false}},{"type":"Feature","geometry":{"type":"Polygon","coordinates":[[[35.219436465706735,31.753503426523846],[35.21967445406437,31.75340690080883],[35.21968042959784,31.753417154064454],[35.219814268864184,31.75365736226211],[35.219570378312405,31.753743409504686],[35.219436465706735,31.753503426523846]]]},"properties":{"plan_name":"101-0383109","parcel":"3","commerce_sqm":50,"employment_sqm":0,"ce_uses":"מסחר","dominant":"commerce","combined":false,"source":"101-0383109_הוראות (1).pdf","split_source":"table5","is_talpiot":true,"mp_plan":"תכנית אב א.ת. תלפיות","mp_employment_max_sqm":1160000,"mp_commerce_extra_sqm":80000}},{"type":"Feature","geometry":{"type":"Polygon","coordinates":[[[35.194449386930124,31.753399820129008],[35.19454943499538,31.753401202298726],[35.19457522142356,31.753404288594215],[35.194779214497366,31.753425515513772],[35.19479936516603,31.753435640236138],[35.19481718617176,31.753448567713463],[35.19483214982923,31.75346391462325],[35.1948438107845,31.753481226403434],[35.19485182501197,31.75349998987963],[35.194855956145524,31.753519650400417],[35.19485607969927,31.753539624463414],[35.19485219362022,31.753559321360303],[35.19484441195457,31.753578156703966],[35.19483296590141,31.75359557317103],[35.194818194312425,31.75361105493093],[35.19480053419148,31.75362414297643],[35.194780510138685,31.75363444955273],[35.19476500822583,31.753639097392576],[35.19474895131676,31.753642069561373],[35.19467103956009,31.753645419411807],[35.19459338079451,31.753651734498984],[35.19449994876956,31.753663332223926],[35.19440768360161,31.753679135272847],[35.194316537784765,31.753699130116832],[35.194226774121816,31.75372325815928],[35.19420346960814,31.753589081669816],[35.19417913709045,31.753416973507402],[35.194314060936875,31.753403728926347],[35.19434192722274,31.75340099312462],[35.194449386930124,31.753399820129008]]]},"properties":{"plan_name":"101-0477240","parcel":"1","commerce_sqm":300,"employment_sqm":0,"ce_uses":"מסחר","dominant":"commerce","combined":false,"source":"101-0477240_הוראות (1).pdf","split_source":"table5","is_talpiot":false}},{"type":"Feature","geometry":{"type":"Polygon","coordinates":[[[35.20922295615283,31.75079054965532],[35.209210947587906,31.750831354988755],[35.209193696033694,31.75100140391943],[35.20916452931424,31.751019752151436],[35.209137270822765,31.751038773081813],[35.209114243701826,31.751061514861373],[35.20909613394279,31.751087299279604],[35.209083479775494,31.751115359750507],[35.20907227324933,31.75113561830626],[35.20905714149611,31.75115391819794],[35.2090385383196,31.75116971018401],[35.20890267751865,31.751208878595843],[35.20883281564655,31.75122845469826],[35.20860778426611,31.750951357881412],[35.20832107622336,31.750790113584113],[35.208080813647626,31.751099601510056],[35.20795975342565,31.751018889846442],[35.20819109188059,31.750717010376352],[35.20818701364571,31.7507147162046],[35.20828314868238,31.750589905163697],[35.20823478618838,31.75056270518675],[35.20826485582317,31.750530892592703],[35.20835303407459,31.750437595810453],[35.20835572315398,31.750434753111044],[35.20852521493848,31.750253476857516],[35.208653652565815,31.750116572534477],[35.208748599409844,31.75006748369113],[35.208758906314046,31.750062153432943],[35.20944037884671,31.75039818812692],[35.20943424305999,31.75040557628495],[35.209379561580995,31.750477130826315],[35.209330869677395,31.750551777537403],[35.209288403753135,31.75062915026678],[35.2092523738287,31.750708871139476],[35.20922295615283,31.75079054965532]]]},"properties":{"plan_name":"101-0351411","parcel":"1","commerce_sqm":18606,"employment_sqm":14404,"ce_uses":"מסחר ותעסוקה","dominant":"commerce","combined":true,"source":"101-0351411_הוראות (1).pdf","split_source":"GS (פופאפ תב\"ע)","is_talpiot":true,"mp_plan":"תכנית אב א.ת. תלפיות","mp_employment_max_sqm":1160000,"mp_commerce_extra_sqm":80000,"mp_zone_use":"אזור עירוני מעורב ב'","mp_zone_far_pct":670,"mp_zone_max_floors":24,"mp_zone_coverage_pct":60,"mp_mtchm":20,"plot_size_sqm":9144,"mp_commerce_far_pct":60,"mp_employment_far_pct":240,"mp_allowed_commerce_sqm":5486,"mp_allowed_employment_sqm":21946}},{"type":"Feature","geometry":{"type":"Polygon","coordinates":[[[35.2084374181944,31.757779938548296],[35.20848159387277,31.757800504587838],[35.20852690309371,31.757819183917505],[35.208572412732885,31.757834645445094],[35.20858010743088,31.757836881764742],[35.20847592361817,31.758085676849465],[35.20850022984193,31.758230862116655],[35.2084469684645,31.758241128615282],[35.20839265344343,31.75824588125111],[35.20832748520804,31.758238700099888],[35.20826330156657,31.758226678689],[35.20820059439752,31.75820990718955],[35.20813984396939,31.758188515454997],[35.20808151471813,31.758162666708394],[35.20800780214292,31.75812539742233],[35.20793714726268,31.75808403002916],[35.2078698625183,31.75803874669788],[35.20782671660458,31.758006636816567],[35.20776859566925,31.757956779932318],[35.207715086150074,31.757903285763817],[35.20766649942907,31.757846465444956],[35.20762311733233,31.75778664995081],[35.20787719704087,31.757669378260037],[35.2079090243833,31.757720901533784],[35.20810157631222,31.757599374379833],[35.20816734058887,31.7576620993001],[35.20821515954203,31.757703644920987],[35.208265834612405,31.757742640923617],[35.208319178969944,31.757778944819055],[35.20835687952709,31.757734733451983],[35.20836925456093,31.757743172521202],[35.2084374181944,31.757779938548296]]]},"properties":{"plan_name":"101-0515635","parcel":"1","commerce_sqm":80,"employment_sqm":0,"ce_uses":"מסחר","dominant":"commerce","combined":false,"source":"101-0515635_הוראות (1).pdf","split_source":"table5","is_talpiot":false}},{"type":"Feature","geometry":{"type":"Polygon","coordinates":[[[35.197782591210114,31.74755907654688],[35.19780326901482,31.74760851137099],[35.197821042912,31.747651001832217],[35.19757380569845,31.747717932851316],[35.19755262716172,31.747676363859696],[35.197530395522435,31.747632725974267],[35.197519760895965,31.747611854895457],[35.197448348479284,31.747453851318202],[35.197709132209056,31.747383465377805],[35.197782591210114,31.74755907654688]]]},"properties":{"plan_name":"101-0600700","parcel":"1","commerce_sqm":1290,"employment_sqm":0,"ce_uses":"מגורים ומסחר","dominant":"commerce","combined":false,"source":"600700.pdf","split_source":"table5","is_talpiot":false}},{"type":"Feature","geometry":{"type":"Polygon","coordinates":[[[35.200883504200256,31.756560928914773],[35.20083104251742,31.756722059957582],[35.20082647097093,31.75672806611209],[35.200820891458214,31.75673341389203],[35.20081443064248,31.756737979748205],[35.20080723629602,31.756741660874376],[35.200799475189335,31.756744371599943],[35.20079132359151,31.756746049702514],[35.200652334047334,31.75676560310318],[35.20064217921546,31.756765116711666],[35.20063227670543,31.756763139578396],[35.20062292099649,31.75675973033205],[35.200614397066666,31.75675499088947],[35.20060695822747,31.756749065553443],[35.20060082929072,31.756742130190414],[35.200596193902626,31.75673439583756],[35.200593193488906,31.756726092469478],[35.200591915644424,31.756717471703393],[35.20063100019383,31.75651187043045],[35.200883504200256,31.756560928914773]]]},"properties":{"plan_name":"101-0215509","parcel":"10","commerce_sqm":1396,"employment_sqm":0,"ce_uses":"מגורים ומסחר","dominant":"commerce","combined":false,"source":"101-0215509_הוראות.pdf","split_source":"table5","is_talpiot":false}},{"type":"Feature","geometry":{"type":"Polygon","coordinates":[[[35.21418120879923,31.748283041440263],[35.21406907282327,31.748277413482498],[35.213936984202995,31.748277423457342],[35.21390293961633,31.748279801466648],[35.21388408732314,31.74798183497451],[35.214113528322954,31.747977459938856],[35.21413270891409,31.7479770941268],[35.21428616408105,31.747992954768442],[35.21439334486052,31.747970862001942],[35.214424333101505,31.74804840924617],[35.21442514414335,31.74807262012272],[35.214422656028226,31.748096748289456],[35.214416901435115,31.74812046457004],[35.21440795948138,31.74814344880271],[35.21439420394468,31.748166970912894],[35.214376594958715,31.748188535417643],[35.21435550819216,31.748207685952167],[35.214331388976255,31.74822401664966],[35.21430105112471,31.74823790021859],[35.214268649551265,31.74824780950809],[35.21423489134874,31.74825352711713],[35.214209596932484,31.748254980139933],[35.21418426849431,31.74825407393294],[35.21418120879923,31.748283041440263]]]},"properties":{"plan_name":"101-0216614","parcel":"2","commerce_sqm":1815,"employment_sqm":4935,"ce_uses":"תעסוקה · מסחר","dominant":"employment","combined":true,"source":"101-0216614_הוראות (1).pdf","split_source":"table5","is_talpiot":true,"mp_plan":"תכנית אב א.ת. תלפיות","mp_employment_max_sqm":1160000,"mp_commerce_extra_sqm":80000,"mp_zone_use":"אזור עירוני מעורב ב'","mp_zone_far_pct":670,"mp_zone_max_floors":24,"mp_zone_coverage_pct":60,"mp_mtchm":15,"plot_size_sqm":0,"mp_commerce_far_pct":60,"mp_employment_far_pct":240}},{"type":"Feature","geometry":{"type":"Polygon","coordinates":[[[35.20167553340335,31.752094983694025],[35.20147287438465,31.752252269978893],[35.20126919359157,31.752076733707916],[35.2015026337748,31.751901667669145],[35.20167553340335,31.752094983694025]]]},"properties":{"plan_name":"101-0721902","parcel":"1","commerce_sqm":135,"employment_sqm":0,"ce_uses":"מסחר","dominant":"commerce","combined":false,"source":"101-0721902_הוראות (1).pdf","split_source":"table5","is_talpiot":false}},{"type":"Feature","geometry":{"type":"Polygon","coordinates":[[[35.207865116269055,31.74584759963395],[35.20782269532464,31.745860533254],[35.20762460611872,31.745877386732243],[35.207611770076156,31.745796509537996],[35.207573198511334,31.745546609066487],[35.20781456068517,31.745520362687056],[35.207865116269055,31.74584759963395]]]},"properties":{"plan_name":"101-0535591","parcel":"1","commerce_sqm":108,"employment_sqm":0,"ce_uses":"מסחר","dominant":"commerce","combined":false,"source":"535591.pdf","split_source":"table5","is_talpiot":false}},{"type":"Feature","geometry":{"type":"Polygon","coordinates":[[[35.21640100428215,31.747271951222565],[35.21642913317864,31.747327781818626],[35.21645192894611,31.747373018032942],[35.21652702825672,31.747522127433],[35.21644807010757,31.747549240801277],[35.216429074067555,31.747555916255017],[35.21621937871272,31.74762961668098],[35.216139014231096,31.747486703266198],[35.21603768455234,31.74729931089532],[35.21635579923738,31.747182256124322],[35.21640100428215,31.747271951222565]]]},"properties":{"plan_name":"101-0454553","parcel":"4","commerce_sqm":260,"employment_sqm":0,"ce_uses":"מסחר","dominant":"commerce","combined":false,"source":"101-0454553_הוראות (1).pdf","split_source":"table5","is_talpiot":true,"mp_plan":"תכנית אב א.ת. תלפיות","mp_employment_max_sqm":1160000,"mp_commerce_extra_sqm":80000}},{"type":"Feature","geometry":{"type":"Polygon","coordinates":[[[35.216203866441035,31.746880296364214],[35.21624357134719,31.74695955046549],[35.21591862085392,31.74707911992472],[35.21591380511466,31.747070215538272],[35.21581813216041,31.746891873389966],[35.21575036481346,31.74675748462977],[35.21600631170154,31.746669421569464],[35.21603074461535,31.74666066963242],[35.216084171599654,31.74664194963757],[35.216203866441035,31.746880296364214]]]},"properties":{"plan_name":"101-0454553","parcel":"3","commerce_sqm":175,"employment_sqm":0,"ce_uses":"מסחר","dominant":"commerce","combined":false,"source":"101-0454553_הוראות (1).pdf","split_source":"table5","is_talpiot":true,"mp_plan":"תכנית אב א.ת. תלפיות","mp_employment_max_sqm":1160000,"mp_commerce_extra_sqm":80000}},{"type":"Feature","geometry":{"type":"Polygon","coordinates":[[[35.21409630044711,31.75200258525657],[35.21408259283012,31.7520060475814],[35.21405821496934,31.751889651933368],[35.21403677208988,31.75178116343159],[35.21396480730041,31.751441274361174],[35.21390296757024,31.75113087300099],[35.213900333419495,31.75111208235696],[35.21390714648738,31.75108414990663],[35.21392305335409,31.75105890066561],[35.2139405204046,31.75103634782183],[35.21403476718192,31.751012171271398],[35.214129989345444,31.75099013916382],[35.21431023178032,31.750945637233766],[35.21468725973773,31.750884124916258],[35.214893578627475,31.75156447428956],[35.21496036165673,31.751784536941077],[35.21453528982853,31.75189174135488],[35.21446243744137,31.751910482064375],[35.21446212500446,31.75191021694672],[35.21409630044711,31.75200258525657]]]},"properties":{"plan_name":"101-0487694","parcel":"1","commerce_sqm":149991,"employment_sqm":315572,"ce_uses":"מסחר · תעסוקה","dominant":"employment","combined":true,"source":"487694.pdf","split_source":"table5","is_talpiot":true,"mp_plan":"תכנית אב א.ת. תלפיות","mp_employment_max_sqm":1160000,"mp_commerce_extra_sqm":80000}},{"type":"Feature","geometry":{"type":"Polygon","coordinates":[[[35.19399033433885,31.75575700645956],[35.19363600432595,31.755612144489227],[35.19363642760386,31.755602725663216],[35.1936466947239,31.755461055808233],[35.193646999153714,31.755457125596394],[35.193650635394896,31.75541019753221],[35.19365880996852,31.755364956298422],[35.193680020021546,31.75531613764089],[35.19375252747362,31.75534635910182],[35.193757886921404,31.755348453631267],[35.194048965016556,31.75546238411049],[35.19408863104762,31.75539301024158],[35.19418057959439,31.75539301763555],[35.19443923267225,31.755501398280174],[35.194322098934336,31.75571029410115],[35.1943101275234,31.755731643416745],[35.19406045301471,31.75563159087156],[35.19399033433885,31.75575700645956]]]},"properties":{"plan_name":"101-0565317","parcel":"1","commerce_sqm":200,"employment_sqm":0,"ce_uses":"מסחר","dominant":"commerce","combined":false,"source":"101-0565317_הוראות (1).pdf","split_source":"table5","is_talpiot":false}},{"type":"Feature","geometry":{"type":"Polygon","coordinates":[[[35.1941704101569,31.755844604523944],[35.19398528396143,31.755765748525903],[35.19399033433885,31.75575700645956],[35.19406045301471,31.75563159087156],[35.1943101275234,31.755731643416745],[35.19434835100927,31.755746920066603],[35.19435804832153,31.75573110067765],[35.19434570619587,31.755784101093585],[35.19420577300152,31.755766309234392],[35.1941704101569,31.755844604523944]]]},"properties":{"plan_name":"101-0565317","parcel":"2","commerce_sqm":20,"employment_sqm":0,"ce_uses":"מסחר","dominant":"commerce","combined":false,"source":"101-0565317_הוראות (1).pdf","split_source":"table5","is_talpiot":false}},{"type":"Feature","geometry":{"type":"Polygon","coordinates":[[[35.210423856644134,31.749766051081554],[35.21112923712756,31.75000118080255],[35.211122190528506,31.750021028982218],[35.211167382356464,31.750355950193956],[35.2111720688255,31.750390681800184],[35.21104099595969,31.750409331659597],[35.21104739681286,31.750597376832644],[35.21099637207894,31.75060458343008],[35.2109246277444,31.750617189517072],[35.21079817574996,31.750644790602102],[35.21069919160899,31.750666403755282],[35.21064870330071,31.750678620837583],[35.21063093873008,31.750682243519737],[35.21056140701241,31.750703391569246],[35.21049325806434,31.750727606689217],[35.21042667974065,31.750754823038196],[35.21034806586601,31.75078984358112],[35.210236555366485,31.750839143601077],[35.21021155747876,31.750852095241232],[35.21011968909944,31.750898405543847],[35.21003106737489,31.75094912565777],[35.20996217308002,31.750974999018656],[35.209918086835664,31.750989480964805],[35.209887564699656,31.751001067387836],[35.209840087321986,31.75103292800549],[35.20979939400505,31.751061891591007],[35.209768873424096,31.75110099147063],[35.20972817852719,31.75114009357384],[35.209690876227086,31.751187882092683],[35.20960501933774,31.751259712178406],[35.20959333358181,31.75125823363138],[35.209577610711904,31.7512547630726],[35.20956254738865,31.75124957807791],[35.20954839903067,31.75124276701793],[35.20952781116216,31.751229409724456],[35.20951023110487,31.751213215102467],[35.20950002965592,31.751199315377097],[35.20949213003364,31.75118436130181],[35.20948667895635,31.75116862883574],[35.20948377670435,31.751152410172935],[35.20948143165139,31.75111573944842],[35.20948108001416,31.75105468636419],[35.20948477496144,31.750995339407975],[35.209491951433805,31.75093039726537],[35.20950350791964,31.75086591849398],[35.20952086379904,31.75081826160132],[35.20954129942652,31.75077150462255],[35.20956012486296,31.750731929097206],[35.20958228125811,31.750693634052762],[35.20961202867256,31.75064484662816],[35.20964511024355,31.750598211762533],[35.2096808768476,31.75055304678365],[35.209692595449724,31.750539814425654],[35.209743790313354,31.75048014801853],[35.21003661379834,31.750170890888132],[35.21013090854921,31.750066867857058],[35.21039958224342,31.749766052230555],[35.210423856644134,31.749766051081554]]]},"properties":{"plan_name":"101-0725663","parcel":"1","commerce_sqm":3975,"employment_sqm":4799,"ce_uses":"ותעשיה מסחר","dominant":"employment","combined":true,"source":"101-0725663_הוראות.pdf","split_source":"נספח תנועה (שטחים בפועל)","other_label":"אולם שמחות","other_sqm":4222,"is_talpiot":true,"mp_plan":"תכנית אב א.ת. תלפיות","mp_employment_max_sqm":1160000,"mp_commerce_extra_sqm":80000}},{"type":"Feature","geometry":{"type":"Polygon","coordinates":[[[35.20229815345376,31.7507808991724],[35.20251040479408,31.750465969171678],[35.20289884796615,31.750650221214993],[35.20289222832781,31.750785443775055],[35.202870116275164,31.75084689523131],[35.20279106435139,31.750899084037965],[35.20272799200965,31.750918671308227],[35.20255382518356,31.750975701605647],[35.20242774348821,31.751019971304448],[35.2023793625161,31.751037818065292],[35.20231727247926,31.751014928250555],[35.202180649570415,31.750947873793464],[35.20229815345376,31.7507808991724]]]},"properties":{"plan_name":"101-0397752","parcel":"100","commerce_sqm":300,"employment_sqm":0,"ce_uses":"מסחר","dominant":"commerce","combined":false,"source":"101-0397752_הוראות (1).pdf","split_source":"table5","is_talpiot":false}},{"type":"Feature","geometry":{"type":"Polygon","coordinates":[[[35.21567972247588,31.76033220703645],[35.2156802608759,31.760332868941912],[35.21568079294341,31.760333536259],[35.21568131656714,31.7603342071842],[35.215681833858135,31.760334881717323],[35.21568234481663,31.760335561662092],[35.215682847331124,31.760336243411285],[35.2156833435131,31.76033693057211],[35.215683831251084,31.760337619537378],[35.21568431265654,31.76033831391423],[35.21568478772931,31.760339011899035],[35.21568525435826,31.76033971349198],[35.215685712543205,31.760340416889328],[35.21568616439567,31.76034112569831],[35.215686609915394,31.76034183811524],[35.215687046991114,31.76034255233658],[35.21568747562307,31.76034327016607],[35.21568789792226,31.760343991603477],[35.215688311777676,31.760344716649012],[35.215688719300395,31.76034544530248],[35.215689118379075,31.76034617576038],[35.21568951112504,31.760346909826218],[35.21568989542699,31.760347645696505],[35.215690271285396,31.760348386978606],[35.2156906386998,31.760349130065126],[35.21569099978123,31.76034987495589],[35.21569135241889,31.76035062345479],[35.21569169872359,31.760351373757917],[35.21569203447346,31.760352127669375],[35.21569236389036,31.76035288338508],[35.215692684863285,31.76035364090521],[35.21569299739241,31.760354402033464],[35.21569330358858,31.760355164965965],[35.215693601340945,31.76035593150662],[35.21569389064934,31.760356699851688],[35.21569417151372,31.76035747000118],[35.21569444393408,31.760358241955142],[35.2156947100215,31.760359015713323],[35.21569496555385,31.760359791276127],[35.21569521475348,31.760360570446885],[35.215695455508865,31.76036134961839],[35.21569568782025,31.760362130594327],[35.21569591379891,31.760362915178188],[35.21569612922229,31.76036369976301],[35.21569633620186,31.76036448795594],[35.21569653684826,31.760365276149436],[35.215696726939605,31.760366066147554],[35.21569691069778,31.76036685614623],[35.21569708601216,31.760367649753043],[35.215697252882315,31.760368443360594],[35.21569741130845,31.76036923877259],[35.21569755917932,31.76037003418553],[35.215697700717435,31.760370833206395],[35.215697833811106,31.760371630424313],[35.21569795846099,31.760372431250364],[35.2156980767777,31.760373232076986],[35.21569818453912,31.760374032904554],[35.215698283856526,31.760374835536542],[35.215698374729705,31.76037563816928],[35.215698457158666,31.76037644080278],[35.215698531143595,31.760377245240687],[35.21569859668429,31.760378049679375],[35.215698655892034,31.760378855922305],[35.21569870454428,31.76037966036249],[35.21569874475251,31.760380466607096],[35.215698776516504,31.760381272852477],[35.21569880194732,31.760382079098395],[35.21569881682286,31.76038288534527],[35.21569882325415,31.76038369159287],[35.21569882124143,31.760384499644932],[35.21569881078426,31.760385305894047],[35.2156987939939,31.760386112143728],[35.21569876664826,31.760386918394325],[35.21569873085839,31.76038772464572],[35.21569868873513,31.76038852909395],[35.215698636056786,31.76038933534683],[35.21569857493399,31.76039013979675],[35.215698505366944,31.76039094424743],[35.21569842946674,31.760391748698662],[35.21569834301102,31.760392551347163],[35.21569824811107,31.760393353996403],[35.21569814476686,31.76039415664639],[35.215698035089275,31.760394957493247],[35.21569791485638,31.76039575834107],[35.215697788290086,31.760396557385754],[35.21569765116829,31.760397354627695],[35.215697507713315,31.760398151870174],[35.21569735370282,31.760398947309927],[35.21569719335914,31.760399742750224],[35.215697022459935,31.760400536387788],[35.21569684522737,31.76040132822223],[35.21569665955055,31.760402120057396],[35.21569646542903,31.760402908285933],[35.21569626286329,31.760403696515255],[35.2156960518531,31.76040448294165],[35.21569583239844,31.760405267565048],[35.21569560449931,31.760406050385527],[35.215695370266786,31.760406831402914],[35.21569512547876,31.760407610617527],[35.21569487435733,31.76040838802903],[35.215694614791445,31.76040916363757],[35.21569434678108,31.760409937443185],[35.215694070326045,31.76041070764218],[35.215693785426765,31.76041147784191],[35.21569349419387,31.76041224443486],[35.21569319240546,31.760413009225026],[35.2156928863947,31.760413772211884],[35.215692569828214,31.76041453159231],[35.21569224481726,31.76041528916979],[35.215691913472874,31.760416044944165],[35.21569157368386,31.760416797111898],[35.21569122545034,31.7604175474767],[35.215690868772164,31.760418294234857],[35.21569050576058,31.760419039189923],[35.21569013430431,31.760419780538328],[35.215689756514635,31.760420520083603],[35.21568937028007,31.7604212542186],[35.21568897560126,31.76042198835432],[35.21568857247777,31.760422718883426],[35.21568816302043,31.760423444002033],[35.21568774511863,31.76042416731769],[35.21568732088341,31.760424888830222],[35.215686888203315,31.760425604932447],[35.21568644918981,31.760426319231563],[35.215686001731626,31.760427029924017],[35.21568554793981,31.76042773700968],[35.2156850857033,31.760428440488703],[35.21568461502212,31.760429140361097],[35.21568413800731,31.760429836626678],[35.21568365465889,31.760430529285465],[35.21568316286556,31.760431216533906],[35.21568266473882,31.760431901979235],[35.21568216027846,31.760432583817757],[35.21568164737341,31.760433262049656],[35.21568112813453,31.760433934871024],[35.21568060045095,31.760434604085813],[35.21568006643376,31.760435269693733],[35.21567952608272,31.760435929891187],[35.21567897939828,31.76043658828548],[35.21567842426894,31.76043724126948],[35.21567786280574,31.760437888842997],[35.215677295008916,31.76043853280966],[35.21567672087847,31.76043917316952],[35.21567613830313,31.76043980811908],[35.215675549394156,31.76044043946184],[35.21567495626239,31.760441065393856],[35.215674354685966,31.760441687719283],[35.21567374677588,31.76044230643787],[35.215673132531755,31.76044291794227],[35.21567251195401,31.760443525839896],[35.215671885042624,31.760444130130647],[35.21567125179719,31.760444727207233],[35.215670612218126,31.760445320677015],[35.21566996630543,31.76044591053997],[35.21566931616973,31.760446493188542],[35.21566865758935,31.760447072230487],[35.21566799478617,31.760447645861735],[35.2156673235381,31.760448214082697],[35.21566664806725,31.76044877689294],[35.21566596626276,31.760449336096364],[35.21566528023527,31.76044988808543],[35.2156645857631,31.76045043646785],[35.215663887067926,31.76045097763587],[35.215663182039144,31.760451515197115],[35.21566247278755,31.76045204734764],[35.21566175720189,31.760452572283967],[35.21566103528264,31.760453093613513],[35.215660309140354,31.760453607728646],[35.21565957666447,31.760454118236982],[35.215658839965556,31.76045462153094],[35.215658099043864,31.760455119414193],[35.2156573496775,31.760455613690805],[35.215656598198954,31.760456098949184],[35.215655840386795,31.760456580600753],[35.21565507624059,31.760457055038096],[35.21565430998285,31.760457525868258],[35.21565353739106,31.760457989484248],[35.215652758465204,31.760458445886027],[35.21565197742785,31.76045889868061],[35.21565119005642,31.760459344261005],[35.215650398462,31.76045978262704],[35.21564960264503,31.76046021738606],[35.21564880049397,31.76046064493086],[35.215647996230985,31.76046106526112],[35.215647187745205,31.760461480180656],[35.215646372925605,31.760461889689715],[35.21564555599404,31.760462291984197],[35.215644732728634,31.760462688868163],[35.21564390735129,31.760463078537583],[35.21564307564011,31.7604634627965],[35.215642241816994,31.760463839840813],[35.21564140377109,31.760464211474442],[35.21564021741704,31.760464722022807],[35.21542857107416,31.760554519082074],[35.21536391318645,31.76046283603836],[35.215646740879755,31.760292821035357],[35.21567972247588,31.76033220703645]]]},"properties":{"plan_name":"101-0622621","parcel":"1","commerce_sqm":100,"employment_sqm":0,"ce_uses":"מסחר","dominant":"commerce","combined":false,"source":"622621.pdf","split_source":"table5","is_talpiot":false}},{"type":"Feature","geometry":{"type":"Polygon","coordinates":[[[35.215573546151546,31.744466330610248],[35.21556968962195,31.744481508113005],[35.2155628431926,31.74449589586103],[35.215553209437864,31.744509065459308],[35.2155410732545,31.744520627284878],[35.21552679658599,31.744530238603897],[35.215510801538244,31.74453761439554],[35.215451248776304,31.744560450712836],[35.215373504812064,31.744591322215623],[35.215281915064196,31.7446261629778],[35.21518905642023,31.74465845696896],[35.214793166153925,31.744104780011167],[35.21483684430092,31.744081974162437],[35.2146068494392,31.74376031339699],[35.21488158906851,31.743616857861543],[35.21511260181416,31.743937987767215],[35.21525923066341,31.744114646951545],[35.21544691558721,31.744312613021794],[35.215502604333274,31.74436728528578],[35.21553978438104,31.74440378514906],[35.215551964774,31.744417763594736],[35.215561769738464,31.744433046316782],[35.21556900927565,31.74444933933069],[35.215573546151546,31.744466330610248]]]},"properties":{"plan_name":"101-0547992","parcel":"1","commerce_sqm":5000,"employment_sqm":5000,"ce_uses":"מסחר תעסוקה ותיירות","dominant":"commerce","combined":true,"source":"101-0547992_הוראות (1).pdf","split_source":"GS (פופאפ תב\"ע)","is_talpiot":false}},{"type":"Feature","geometry":{"type":"Polygon","coordinates":[[[35.19767001635826,31.75682491606951],[35.19764951465607,31.756852533062272],[35.19760988725961,31.756912083336506],[35.197534796594894,31.757011844925465],[35.19749751520015,31.75703150672543],[35.197457000167084,31.757045753666823],[35.197414319686885,31.757054208834216],[35.19737060104854,31.757056649532007],[35.1973269968619,31.75705301179201],[35.197295932095955,31.757047011903467],[35.1972654142152,31.757039224582883],[35.19725352753323,31.75703582577002],[35.197231759580056,31.757029352917343],[35.19719880791312,31.75701942897558],[35.19708710161394,31.756985652176237],[35.19686422974259,31.756917198274735],[35.19707658394091,31.756592130087657],[35.197322310022045,31.756725212843666],[35.19736921643852,31.756661985337487],[35.19767001635826,31.75682491606951]]]},"properties":{"plan_name":"101-0252379","parcel":"1","commerce_sqm":607,"employment_sqm":300,"ce_uses":"מסחר ותעסוקה","dominant":"commerce","combined":true,"source":"101-0252379_הוראות (1).pdf","split_source":"נספח תנועה (מ1, בפועל)","is_talpiot":false}},{"type":"Feature","geometry":{"type":"Polygon","coordinates":[[[35.19799335981995,31.75635217516316],[35.19772921440375,31.756708229562246],[35.19772549842995,31.75674692930355],[35.197725139296786,31.756750664723164],[35.19767001635826,31.75682491606951],[35.19736921643852,31.756661985337487],[35.1976994532857,31.756216845584223],[35.19799335981995,31.75635217516316]]]},"properties":{"plan_name":"101-0252379","parcel":"2","commerce_sqm":660,"employment_sqm":0,"ce_uses":"מסחר ותעסוקה","dominant":"commerce","combined":false,"source":"101-0252379_הוראות (1).pdf","split_source":"נספח תנועה (מ2, בפועל)","is_talpiot":false}},{"type":"Feature","geometry":{"type":"Polygon","coordinates":[[[35.213017018779816,31.75210453176398],[35.212971572465854,31.752112416959747],[35.21298087447709,31.752151637561827],[35.21280998096821,31.752180931882233],[35.212796635666415,31.752130203995563],[35.21275490818446,31.75194502914921],[35.21275074811507,31.75192656144453],[35.21270658296546,31.75174357100472],[35.21270247546825,31.75172266650968],[35.21266677518553,31.75154119961489],[35.21263923408855,31.751366459939188],[35.21262701983644,31.751309218831075],[35.212586778796656,31.75112062942462],[35.212582973073125,31.75109822784164],[35.2125516044363,31.750913595142013],[35.21270296646875,31.750958307836676],[35.21298239232612,31.75098876261999],[35.213010284720276,31.751190178780718],[35.21328819147499,31.751219722131744],[35.213542353193276,31.751246739616676],[35.21354535136561,31.75125449346355],[35.21357249721001,31.751342962492853],[35.21359353927242,31.75143910304917],[35.213595131785304,31.751448471298623],[35.213676978867625,31.751941987318343],[35.213677782321014,31.751955235359958],[35.21367599256686,31.751968412344983],[35.21367165811735,31.751981150317146],[35.21366490242177,31.751993093940317],[35.213655912257856,31.7520039086161],[35.213644939843924,31.752013293109524],[35.213632290174296,31.752020984961074],[35.21361831890924,31.752026768603614],[35.21360341548875,31.752030483480144],[35.213433476605516,31.75206074354211],[35.21338675452954,31.752081617345326],[35.213320877515955,31.752093354985444],[35.21324383200994,31.75210656337589],[35.21311575699991,31.752128514104324],[35.21314356488008,31.75209830039454],[35.21311413835078,31.752087687701803],[35.213017018779816,31.75210453176398]]]},"properties":{"plan_name":"101-0673897","parcel":"1","commerce_sqm":9552,"employment_sqm":28975,"ce_uses":"מסחר · תעסוקה","dominant":"employment","combined":true,"source":"101-0673897_הוראות (1).pdf","split_source":"table5","is_talpiot":true,"mp_plan":"תכנית אב א.ת. תלפיות","mp_employment_max_sqm":1160000,"mp_commerce_extra_sqm":80000}},{"type":"Feature","geometry":{"type":"Polygon","coordinates":[[[35.203070960993806,31.749481648320938],[35.20306606226614,31.74959819371964],[35.20306268355606,31.74969764014806],[35.20306236564312,31.749788753557667],[35.203025574126805,31.74978593400401],[35.20301669860803,31.749753824615674],[35.203007411341105,31.749731548941398],[35.2029571751276,31.749651554727105],[35.20288414219054,31.7495733639167],[35.202747574210356,31.74948065255819],[35.20307150167037,31.74945968478941],[35.203070960993806,31.749481648320938]]]},"properties":{"plan_name":"101-0668954","parcel":"1","commerce_sqm":143,"employment_sqm":0,"ce_uses":"מסחר","dominant":"commerce","combined":false,"source":"668954.pdf","split_source":"table5","is_talpiot":false}},{"type":"Feature","geometry":{"type":"Polygon","coordinates":[[[35.1942719826958,31.752700315629028],[35.19381256568038,31.752700278354283],[35.19380281435111,31.752636183442224],[35.19378751557208,31.75253560484153],[35.193781173762126,31.752504918145643],[35.19378119404243,31.752326912033134],[35.19424563731951,31.752326949820617],[35.19424562228801,31.75246493206471],[35.19427200827126,31.752464934160685],[35.1942719991092,31.752549256641718],[35.194319493922116,31.752549260400713],[35.1943194856321,31.75262591720069],[35.19427199078003,31.752625913441697],[35.1942719826958,31.752700315629028]]]},"properties":{"plan_name":"101-0511923","parcel":"1","commerce_sqm":273,"employment_sqm":0,"ce_uses":"מסחר","dominant":"commerce","combined":false,"source":"101-0511923_הוראות (1).pdf","split_source":"table5","is_talpiot":false}},{"type":"Feature","geometry":{"type":"Polygon","coordinates":[[[35.19630147149261,31.752792226774847],[35.195785682807276,31.752792193027634],[35.195785715633974,31.752436866213493],[35.19610129190015,31.75243688710883],[35.19610129254222,31.75242967235095],[35.196301502975814,31.752429685202323],[35.19630147149261,31.752792226774847]]]},"properties":{"plan_name":"101-0511923","parcel":"6","commerce_sqm":400,"employment_sqm":0,"ce_uses":"מסחר","dominant":"commerce","combined":false,"source":"101-0511923_הוראות (1).pdf","split_source":"table5","is_talpiot":false}},{"type":"Feature","geometry":{"type":"Polygon","coordinates":[[[35.19763824779947,31.75295758018283],[35.197631804367646,31.752971309524877],[35.197365456535195,31.753390311996814],[35.19693552278053,31.75321170974192],[35.197218174274845,31.75276706061158],[35.19763824779947,31.75295758018283]]]},"properties":{"plan_name":"101-0511923","parcel":"8","commerce_sqm":373,"employment_sqm":0,"ce_uses":"מסחר","dominant":"commerce","combined":false,"source":"101-0511923_הוראות (1).pdf","split_source":"table5","is_talpiot":false}},{"type":"Feature","geometry":{"type":"Polygon","coordinates":[[[35.195204572138906,31.752691367753386],[35.19469373825867,31.752691329942774],[35.194704941950576,31.75251711603998],[35.194695085322046,31.752404397325506],[35.19468863105168,31.752336002732978],[35.195156584761854,31.752336037466982],[35.19517822123821,31.752336039031388],[35.19517820758989,31.7524740212757],[35.195204593575795,31.752474023178554],[35.19520458333362,31.75257786699033],[35.19525207816128,31.75257787040171],[35.195252070639675,31.752654527201564],[35.19520457577287,31.752654523790184],[35.195204572138906,31.752691367753386]]]},"properties":{"plan_name":"101-0511923","parcel":"3","commerce_sqm":270,"employment_sqm":0,"ce_uses":"מסחר","dominant":"commerce","combined":false,"source":"101-0511923_הוראות (1).pdf","split_source":"table5","is_talpiot":false}},{"type":"Feature","geometry":{"type":"Polygon","coordinates":[[[35.222631592636425,31.752448382758658],[35.22260533307269,31.75233941661846],[35.2229176887571,31.75232298503952],[35.22293672894642,31.75240811280364],[35.22295517954206,31.752489768547537],[35.222965946053414,31.752537175150472],[35.22295838994942,31.75256255957354],[35.22294726876744,31.752578393980226],[35.222631592636425,31.752448382758658]]]},"properties":{"plan_name":"101-0713222","parcel":"1","commerce_sqm":56,"employment_sqm":0,"ce_uses":"מסחר","dominant":"commerce","combined":false,"source":"713222.pdf","split_source":"table5","is_talpiot":false}},{"type":"Feature","geometry":{"type":"Polygon","coordinates":[[[35.20544311734328,31.731883007173558],[35.20553178428659,31.731890794759387],[35.20554086334687,31.73189619854814],[35.205561782050566,31.731919644591137],[35.20556028579011,31.73192139599314],[35.20549268811526,31.732001514942258],[35.205452069658584,31.732061733460654],[35.20542341273828,31.73209905395701],[35.20535126458303,31.732162782687514],[35.205297647985134,31.73223265463035],[35.20517651559558,31.73216009098258],[35.20506001788983,31.732090292259045],[35.205043620924975,31.732078673842533],[35.20502962665826,31.732064950499293],[35.20501839913873,31.73204948206546],[35.2050102306609,31.732032669862537],[35.20500533437834,31.732014953991733],[35.20500383902764,31.731996795296897],[35.20500578259754,31.73197866724792],[35.205011114439266,31.731961043314993],[35.205019696322076,31.731944382538796],[35.20503130348857,31.73192911961043],[35.20504563309638,31.73191565224542],[35.205062312659955,31.731904331263625],[35.20506930231623,31.731900328826114],[35.205084332639345,31.731895906083043],[35.20510011006264,31.7318935124912],[35.20517737851353,31.731885348506157],[35.205255066954706,31.731880577222267],[35.20535402838297,31.731880048021587],[35.20544311734328,31.731883007173558]]]},"properties":{"plan_name":"101-0758243","parcel":"1","commerce_sqm":880,"employment_sqm":2400,"ce_uses":"מסחר · תעסוקה","dominant":"employment","combined":true,"source":"101-0758243_הוראות.pdf","split_source":"table5","is_talpiot":false}},{"type":"Feature","geometry":{"type":"Polygon","coordinates":[[[35.197795307717044,31.74855558746791],[35.197773181030435,31.748783185014073],[35.19732147769676,31.748693156635575],[35.19736083616419,31.748517073518514],[35.197795307717044,31.74855558746791]]]},"properties":{"plan_name":"101-0798439","parcel":"1","commerce_sqm":770,"employment_sqm":622,"ce_uses":"מסחר · תעסוקה","dominant":"commerce","combined":true,"source":"101-0798439_הוראות (1).pdf","split_source":"table5","is_talpiot":false}},{"type":"Feature","geometry":{"type":"Polygon","coordinates":[[[35.21005386335268,31.741237374402317],[35.209423874400926,31.74160001164695],[35.20919478413989,31.74127115503943],[35.20922810370116,31.7412544119011],[35.20995420933543,31.741046066528035],[35.21005386335268,31.741237374402317]]]},"properties":{"plan_name":"101-0691667","parcel":"1","commerce_sqm":487,"employment_sqm":0,"ce_uses":"מסחר","dominant":"commerce","combined":false,"source":"691667.pdf","split_source":"table5","is_talpiot":false}},{"type":"Feature","geometry":{"type":"Polygon","coordinates":[[[35.198361600751745,31.754432810449124],[35.19856101619355,31.754117358121555],[35.1992209033653,31.754421917788083],[35.19923162440992,31.75442794885566],[35.19924096166308,31.754435474222777],[35.19924863332917,31.75444426661362],[35.19925440827645,31.754454060876835],[35.19925811342503,31.75446456120081],[35.19925963480184,31.754475451033716],[35.19925892703929,31.754486402102444],[35.19925601231957,31.754497082529074],[35.199255970094825,31.754497196159754],[35.19924931762406,31.754514359795568],[35.199242715833954,31.754531144658337],[35.19923603171854,31.754547871799343],[35.19922926105625,31.754564535807365],[35.199222389070655,31.754581134878087],[35.19922156147874,31.754583093650716],[35.199215403095046,31.754597688851543],[35.199212122290064,31.754605325537174],[35.19918589917276,31.754664240163624],[35.199124031400366,31.75478829714788],[35.19905445872555,31.754909339813857],[35.19901340577762,31.75497385603852],[35.199009673316034,31.754979526678706],[35.19899948294299,31.754994846781074],[35.19898919335725,31.755010085712385],[35.1989787771132,31.755025302993182],[35.198968246876284,31.75504050042768],[35.198957608978965,31.75505568342718],[35.198946869753904,31.755070853795612],[35.19893603975541,31.755086016944468],[35.19892512531615,31.755101174677705],[35.19892132954155,31.755106408819806],[35.1986046961722,31.754918823856016],[35.19865804467488,31.75483443707582],[35.198787636588555,31.75462944096881],[35.198361600751745,31.754432810449124]]]},"properties":{"plan_name":"101-0666032","parcel":"1","commerce_sqm":1806,"employment_sqm":0,"ce_uses":"מסחר ומשרדים","dominant":"commerce","combined":false,"source":"101-0666032_הוראות (1).pdf","split_source":"נספח תנועה (מסחר בלבד, אין משרדים)","is_talpiot":false}},{"type":"Feature","geometry":{"type":"Polygon","coordinates":[[[35.198361600751745,31.754432810449124],[35.19824890580282,31.754611076274443],[35.19798626773998,31.75446769354681],[35.19807528651139,31.754326876774027],[35.19817765615838,31.754350495694226],[35.198139824213214,31.75422478574524],[35.198287532048866,31.75399113400188],[35.19830068897479,31.753997205847654],[35.19832438326635,31.754008142742656],[35.198327747961876,31.754009694075105],[35.19856101619355,31.754117358121555],[35.198361600751745,31.754432810449124]]]},"properties":{"plan_name":"101-0666032","parcel":"3","commerce_sqm":275,"employment_sqm":0,"ce_uses":"מסחר","dominant":"commerce","combined":false,"source":"101-0666032_הוראות (1).pdf","split_source":"table5","is_talpiot":false}},{"type":"Feature","geometry":{"type":"Polygon","coordinates":[[[35.20071144898211,31.754485673915546],[35.20089618084273,31.754637888798236],[35.20083826100845,31.754670643994523],[35.20077736277517,31.754699183859294],[35.200712828658865,31.754721855288594],[35.20064734889748,31.75474245421897],[35.2006035583745,31.754750528945188],[35.20055899541353,31.754754458756263],[35.20051419725429,31.754754195869914],[35.20048940976942,31.75475137053867],[35.20046542140845,31.754745332857354],[35.20044279895237,31.75473622713904],[35.2004220764592,31.75472426713815],[35.20040374259823,31.754709735148165],[35.2003924887835,31.754695585759332],[35.20038422410913,31.754680004334297],[35.200379190255774,31.754663446312684],[35.20037753391043,31.75464639779361],[35.20037930360118,31.754629357498704],[35.20038444864245,31.75461282414623],[35.200460619211306,31.754415677905165],[35.20071144898211,31.754485673915546]]]},"properties":{"plan_name":"101-0740555","parcel":"1","commerce_sqm":300,"employment_sqm":0,"ce_uses":"מסחר","dominant":"commerce","combined":false,"source":"101-0740555_הוראות (1).pdf","split_source":"table5","is_talpiot":false}},{"type":"Feature","geometry":{"type":"Polygon","coordinates":[[[35.211463693492796,31.75106412227089],[35.211221874712784,31.75111938250482],[35.21122176703698,31.751119075883327],[35.21118481216675,31.751000193055294],[35.2111321745582,31.750949526598813],[35.211102209039296,31.75092068357411],[35.21109825411683,31.750902509803126],[35.21139820345784,31.750854854577717],[35.211463693492796,31.75106412227089]]]},"properties":{"plan_name":"101-0813329","parcel":"1","commerce_sqm":211,"employment_sqm":0,"ce_uses":"מסחר","dominant":"commerce","combined":false,"source":"101-0813329_הוראות.pdf","split_source":"table5","is_talpiot":false}},{"type":"Feature","geometry":{"type":"Polygon","coordinates":[[[35.1990234603092,31.755704451374488],[35.199035365764516,31.7557099350877],[35.199198822675534,31.755793993726005],[35.19925690393648,31.75582385613833],[35.199264326308395,31.755838420319538],[35.199273695030016,31.755852140452053],[35.19928488239943,31.755864828044942],[35.19925528423563,31.75591134398427],[35.19918244982622,31.756025810319354],[35.19905653250637,31.75596422178464],[35.19892058282294,31.755888204991084],[35.19891557611098,31.75588009358923],[35.19891208826564,31.755871422207086],[35.19891019949089,31.755862394665044],[35.198909956214635,31.755853227407755],[35.19891136475649,31.75584413687811],[35.19891439027253,31.755835338615366],[35.19891896097759,31.75582704184419],[35.19901089203404,31.75569866100519],[35.1990234603092,31.755704451374488]]]},"properties":{"plan_name":"101-0912337","parcel":"1","commerce_sqm":374,"employment_sqm":0,"ce_uses":"מסחר","dominant":"commerce","combined":false,"source":"101-0912337_הוראות (1).pdf","split_source":"table5","is_talpiot":false}},{"type":"Feature","geometry":{"type":"Polygon","coordinates":[[[35.21512911009373,31.77477693043861],[35.215119074398075,31.774957252700936],[35.2148073849059,31.774920800910685],[35.214843289661836,31.774738505123796],[35.21512911009373,31.77477693043861]]]},"properties":{"plan_name":"101-0888032","parcel":"1","commerce_sqm":70,"employment_sqm":0,"ce_uses":"מסחר","dominant":"commerce","combined":false,"source":"888032.pdf","split_source":"table5","is_talpiot":false}},{"type":"Feature","geometry":{"type":"Polygon","coordinates":[[[35.209709809349526,31.752419765268332],[35.20968860377561,31.75242507801907],[35.2096572956402,31.75241359342488],[35.209624481607456,31.752405760454337],[35.20959074006194,31.752401717064895],[35.20954416330868,31.752397276473783],[35.209497301802145,31.75239666601173],[35.20945058826659,31.75239989017043],[35.20941561885433,31.75231043036131],[35.209417590324826,31.75230882499971],[35.2094351393272,31.752293850074285],[35.20947822435219,31.752254583840408],[35.20957416621561,31.7521128875253],[35.2096297024477,31.752024311464798],[35.20972469049481,31.751859152675625],[35.20986090649509,31.75181948736138],[35.20997361812488,31.752169468591525],[35.2100462679645,31.75234208027385],[35.209709809349526,31.752419765268332]]]},"properties":{"plan_name":"101-0859322","parcel":"1","commerce_sqm":1550,"employment_sqm":2531,"ce_uses":"מסחר · תעסוקה","dominant":"employment","combined":true,"source":"101-0859322_הוראות (1).pdf","split_source":"table5","is_talpiot":true,"mp_plan":"תכנית אב א.ת. תלפיות","mp_employment_max_sqm":1160000,"mp_commerce_extra_sqm":80000}},{"type":"Feature","geometry":{"type":"Polygon","coordinates":[[[35.20352913110762,31.74006334794449],[35.20331260038115,31.74009115024231],[35.20329605196684,31.74002376413242],[35.203289864150484,31.73998512176063],[35.20329193900964,31.739972833217838],[35.203296406222215,31.739961019066627],[35.203303135981905,31.7399500156944],[35.20331193727566,31.739940137843615],[35.20332255788392,31.73993166688787],[35.20333469704425,31.739924845420965],[35.203348005451495,31.739919866434818],[35.20336210530837,31.739916874221468],[35.203376593491285,31.739915952649213],[35.20356608276605,31.739899830788165],[35.20354585764512,31.74005741751249],[35.20352913110762,31.74006334794449]]]},"properties":{"plan_name":"101-0911610","parcel":"1","commerce_sqm":29,"employment_sqm":0,"ce_uses":"מסחר","dominant":"commerce","combined":false,"source":"911610.pdf","split_source":"table5","is_talpiot":false}},{"type":"Feature","geometry":{"type":"Polygon","coordinates":[[[35.2011525015167,31.747544360283648],[35.20121064867334,31.747675760621714],[35.20126330815351,31.74780211046221],[35.20128050937544,31.74784945776501],[35.201296507809985,31.747886639434874],[35.201227210116876,31.747914840247937],[35.20118014549456,31.747934082651447],[35.20105586116073,31.74798582916114],[35.20099059066019,31.748014702726717],[35.20097558387361,31.747991661981146],[35.20094881048184,31.747942388039103],[35.20090016041207,31.747853643330235],[35.200815311136815,31.747698251218367],[35.200764084225085,31.74760560860609],[35.2011242215409,31.747481715576285],[35.2011525015167,31.747544360283648]]]},"properties":{"plan_name":"101-0827956","parcel":"1","commerce_sqm":100,"employment_sqm":0,"ce_uses":"מסחר","dominant":"commerce","combined":false,"source":"827956.pdf","split_source":"table5","is_talpiot":false}},{"type":"Feature","geometry":{"type":"Polygon","coordinates":[[[35.22234955897582,31.7606370143576],[35.22194665674001,31.76075240731999],[35.22186887874736,31.760595446737867],[35.222283351480506,31.760481911994795],[35.22229176994599,31.760479605699313],[35.22234955897582,31.7606370143576]]]},"properties":{"plan_name":"101-0056952","parcel":"1","commerce_sqm":153,"employment_sqm":218,"ce_uses":"מסחר · תעסוקה","dominant":"employment","combined":true,"source":"56952.pdf","split_source":"table5","is_talpiot":false}},{"type":"Feature","geometry":{"type":"Polygon","coordinates":[[[35.22420759325905,31.76082610063649],[35.22417423827113,31.760875191362757],[35.22392262842165,31.760955954219792],[35.22375849218868,31.760639783928543],[35.223574404706646,31.760698372105384],[35.22356275339053,31.760676226386213],[35.22349187408338,31.760520672630744],[35.22391685112332,31.760386480581744],[35.22392689398442,31.76038912685413],[35.2240137215025,31.760537623693505],[35.22402506548482,31.760553521446997],[35.22404179765284,31.760552995796612],[35.22420759325905,31.76082610063649]]]},"properties":{"plan_name":"101-0702662","parcel":"1","commerce_sqm":355,"employment_sqm":355,"ce_uses":"מסחר ותעסוקה · מגורים מסחר ותעסוקה","dominant":"commerce","combined":true,"source":"101-0702662_הוראות (1).pdf","split_source":"GS (פופאפ תב\"ע)","is_talpiot":false}},{"type":"Feature","geometry":{"type":"Polygon","coordinates":[[[35.21816674419874,31.747427317314145],[35.21820548844929,31.74750622459229],[35.217941221088346,31.74764044398128],[35.217911767636856,31.747583914030482],[35.21787345585885,31.747443672109988],[35.21787343896802,31.747443639645347],[35.217776352418305,31.74722501188718],[35.21777105657832,31.747210736229963],[35.21776741552139,31.747196087034617],[35.217765131014424,31.74716944946469],[35.2177682912181,31.747142876255595],[35.217776800204675,31.747117175470525],[35.217790400570024,31.747093127231867],[35.217808677652506,31.74707146027287],[35.217853564996936,31.747027732261383],[35.21789686378492,31.74699008825205],[35.21792849535595,31.74695975222112],[35.21816674419874,31.747427317314145]]]},"properties":{"plan_name":"101-0790360","parcel":"1","commerce_sqm":625,"employment_sqm":602,"ce_uses":"מסחר · משרדים","dominant":"commerce","combined":true,"source":"101-0790360_הוראות (1).pdf","split_source":"table5","is_talpiot":false}},{"type":"Feature","geometry":{"type":"Polygon","coordinates":[[[35.22424926071697,31.762304486076356],[35.224264677512544,31.762331383853596],[35.224271748301206,31.76236429461981],[35.224272642140406,31.762397841247765],[35.22412484065642,31.762442960013004],[35.22417190093152,31.762559739613806],[35.22411510096283,31.762586688287826],[35.223672581688746,31.762722387886246],[35.22346695792789,31.76224190051552],[35.22410154860058,31.762043659859636],[35.22424926071697,31.762304486076356]]]},"properties":{"plan_name":"101-0415992","parcel":"202","commerce_sqm":708,"employment_sqm":0,"ce_uses":"מסחר","dominant":"commerce","combined":false,"source":"101-0415992_הוראות (1).pdf","split_source":"table5","is_talpiot":false}},{"type":"Feature","geometry":{"type":"Polygon","coordinates":[[[35.22351171881073,31.762771715915957],[35.2232906294272,31.762839430457984],[35.223265634264266,31.76277916578475],[35.22322866146039,31.7626393855537],[35.2232220585331,31.762611203927925],[35.223161638162495,31.762337277946802],[35.223307100780104,31.76229183778581],[35.22351171881073,31.762771715915957]]]},"properties":{"plan_name":"101-0415992","parcel":"902","commerce_sqm":284,"employment_sqm":2552,"ce_uses":"מסחר · תעסוקה","dominant":"employment","combined":true,"source":"101-0415992_הוראות (1).pdf","split_source":"table5","is_talpiot":false}},{"type":"Feature","geometry":{"type":"Polygon","coordinates":[[[35.224085097486494,31.763292163408806],[35.224037860571315,31.76333969964566],[35.22402180254123,31.76335585593741],[35.22375991896094,31.76316082916652],[35.223774930095274,31.76314567230895],[35.22381946534979,31.76310070502989],[35.224085097486494,31.763292163408806]]]},"properties":{"plan_name":"101-0415992","parcel":"901","commerce_sqm":414,"employment_sqm":0,"ce_uses":"מסחר","dominant":"commerce","combined":false,"source":"101-0415992_הוראות (1).pdf","split_source":"table5","is_talpiot":false}},{"type":"Feature","geometry":{"type":"Polygon","coordinates":[[[35.22441505637161,31.76311902839589],[35.224441082545994,31.763482423813922],[35.224245964336944,31.763505700298627],[35.22402180254123,31.76335585593741],[35.224037860571315,31.76333969964566],[35.224085097486494,31.763292163408806],[35.22381946534979,31.76310070502989],[35.223774930095274,31.76314567230895],[35.2237598640838,31.763160886892862],[35.223656743857056,31.76291457488424],[35.224253107794716,31.762732325345443],[35.22441505637161,31.76311902839589]]]},"properties":{"plan_name":"101-0415992","parcel":"201","commerce_sqm":1115,"employment_sqm":0,"ce_uses":"מסחר","dominant":"commerce","combined":false,"source":"101-0415992_הוראות (1).pdf","split_source":"table5","is_talpiot":false}},{"type":"Feature","geometry":{"type":"Polygon","coordinates":[[[35.22449510785228,31.763831058831144],[35.22459157043145,31.763454655725045],[35.22457821969502,31.763309031814778],[35.224567806395214,31.76306995844119],[35.2245377839637,31.76272814115987],[35.22453164394286,31.76268985076804],[35.22452007224263,31.762652489231204],[35.22450324315669,31.762616615663184],[35.224894434790556,31.762496811931776],[35.22490536142293,31.762552145472444],[35.22491312894281,31.762593811184182],[35.22495588220151,31.762942729245708],[35.2249605352125,31.76298138510225],[35.224970037945205,31.763060345351747],[35.2249831552503,31.76316932376783],[35.225014138190915,31.76342675530035],[35.2250384656041,31.763687355167352],[35.22502674228852,31.763924202712374],[35.22498436327863,31.764133769045664],[35.22491154628566,31.764337139194453],[35.224802200116514,31.764523185341048],[35.224614222461774,31.764529894385593],[35.224605091785634,31.7642389648822],[35.22449510785228,31.763831058831144]]]},"properties":{"plan_name":"101-0682849","parcel":"5","commerce_sqm":3007,"employment_sqm":0,"ce_uses":"מסחר","dominant":"commerce","combined":false,"source":"101-0682849_הוראות (1).pdf","split_source":"table5","is_talpiot":false}},{"type":"Feature","geometry":{"type":"Polygon","coordinates":[[[35.22293036610865,31.761391564903363],[35.22394684268273,31.761137863159675],[35.22422069810441,31.76105057105505],[35.22422827328723,31.76104867600376],[35.22423611576387,31.76104792084056],[35.22424399437675,31.761048327245675],[35.22425167373915,31.761049884433692],[35.224258926900696,31.76105254464232],[35.22426553746003,31.76105623034693],[35.22427130800817,31.761060830651626],[35.22427606857458,31.761066209404756],[35.224432568944685,31.761380132815564],[35.224012135407015,31.761564434089518],[35.22367954753061,31.761670619251003],[35.2233934165495,31.761761086505796],[35.22311016435768,31.761850645439136],[35.22310447841805,31.76185206487457],[35.22309861500678,31.761852789916457],[35.2230916705601,31.761852737727825],[35.223084830417086,31.761851714238183],[35.22307827930395,31.761849746475722],[35.22307219350766,31.761846887623374],[35.22306673876465,31.761843215215446],[35.223062062871314,31.76183882843311],[35.22305829146145,31.761833846301343],[35.2230555269499,31.761828403179894],[35.22301570434133,31.761728116810332],[35.22290168016626,31.761515902625593],[35.222884803657244,31.76147093555663],[35.22288196320379,31.761460368167675],[35.22288126122604,31.761449541639056],[35.22288271889674,31.761438770711056],[35.22288629299985,31.761428366525887],[35.22289188120738,31.76141863121584],[35.22289932207731,31.76140984708106],[35.22290839716304,31.76140226847284],[35.222918846845396,31.761396115478487],[35.22293036610865,31.761391564903363]]]},"properties":{"plan_name":"101-0682849","parcel":"10","commerce_sqm":2011,"employment_sqm":0,"ce_uses":"מסחר","dominant":"commerce","combined":false,"source":"101-0682849_הוראות (1).pdf","split_source":"table5","is_talpiot":false}},{"type":"Feature","geometry":{"type":"Polygon","coordinates":[[[35.19666817311861,31.75398172120371],[35.19713725814721,31.754198231095057],[35.1968946778923,31.754537875147545],[35.19637909365072,31.75430626999761],[35.19639554501464,31.75422129924287],[35.19644524475396,31.75414385555032],[35.19646392885397,31.754114636950835],[35.196478496090236,31.754092091742535],[35.19657487200909,31.7539416700181],[35.19666817311861,31.75398172120371]]]},"properties":{"plan_name":"101-0950493","parcel":"1","commerce_sqm":430,"employment_sqm":0,"ce_uses":"מסחר ומשרדים","dominant":"commerce","combined":false,"source":"101-0950493_הוראות (1).pdf","split_source":"GS — מסחר בלבד","is_talpiot":false}},{"type":"Feature","geometry":{"type":"Polygon","coordinates":[[[35.19576905005475,31.75367043164757],[35.196471561130764,31.75397502287625],[35.196272726392166,31.754307269732077],[35.19623971495805,31.754292969784967],[35.1962393115322,31.754295713170066],[35.19570653680566,31.754064715641224],[35.19566842912329,31.754125226807375],[35.19557418059303,31.754084186403603],[35.19555560530736,31.754076068517875],[35.19505354611101,31.753856704169177],[35.19488330682406,31.7537809222231],[35.19491248429549,31.753734591229012],[35.194912511737286,31.75373459123104],[35.194912874814825,31.753734576828517],[35.1949132378922,31.75373456422966],[35.19491360308029,31.753734553434658],[35.194913966157664,31.753734540835822],[35.194914329234855,31.753734530040656],[35.19491469231205,31.753734519245477],[35.19491505750014,31.753734508450496],[35.19491542057713,31.753734499459018],[35.19491578365413,31.753734490467533],[35.19491614884204,31.753734481476226],[35.19491651191887,31.75373447428842],[35.19491687710659,31.753734467100816],[35.194917240183415,31.75373445991302],[35.19491760326005,31.7537344545289],[35.19491796844776,31.75373444734128],[35.19491833152423,31.75373444376086],[35.19491869460086,31.753734438376757],[35.19491905978821,31.753734434796463],[35.19491942286467,31.753734431216056],[35.19491978805203,31.753734427635816],[35.194920151128485,31.753734424055377],[35.19492051420476,31.75373442227864],[35.194920879391745,31.753734422305772],[35.19492124246803,31.75373442052904],[35.194921607655004,31.75373442055615],[35.194921970731095,31.753734420583093],[35.19492233591808,31.753734420610197],[35.194922698993985,31.753734422440857],[35.19492306206988,31.75373442427148],[35.19492342725669,31.75373442610228],[35.19492379033242,31.75373442973661],[35.19492415551905,31.753734433371086],[35.19492451859476,31.75373443700539],[35.19492488167048,31.75373444063972],[35.19492524685693,31.75373444607788],[35.19492560993245,31.753734451515903],[35.194925975118885,31.753734456954053],[35.19492633819425,31.753734464195762],[35.19492670126961,31.75373447143746],[35.19492706645586,31.753734478679316],[35.19492774827734,31.753734494963094],[35.19492787493159,31.75373449677617],[35.19492800158567,31.753734500392955],[35.194928130350654,31.753734504009863],[35.19492825700474,31.753734507626657],[35.194928383658834,31.753734511243444],[35.19492851242363,31.75373451666404],[35.19492863907771,31.753734520280837],[35.194928765731625,31.753734525701287],[35.1949288944966,31.75373452931822],[35.1949290211505,31.75373453473868],[35.1949291478044,31.753734540159144],[35.194929274458474,31.753734543775906],[35.194929403223284,31.753734549196544],[35.194929529877,31.753734556420678],[35.19492965653091,31.753734561841156],[35.194929783184804,31.753734567261624],[35.19492991194961,31.753734572682227],[35.19493003860332,31.75373457990638],[35.194930165257055,31.753734587130538],[35.19493029191094,31.753734592550984],[35.19493042067556,31.753734599775303],[35.194930547329285,31.753734606999462],[35.19493067398298,31.75373461422359],[35.1949308006367,31.753734621447748],[35.19493092729042,31.753734628671896],[35.19493105605485,31.753734637699885],[35.19493118270856,31.753734644924034],[35.19493130936211,31.753734653951867],[35.19493143601582,31.75373466117601],[35.19493156266935,31.75373467020385],[35.194931689322885,31.75373467923169],[35.19493181808732,31.7537346882597],[35.19493194474086,31.753734697287534],[35.19493207139438,31.753734706315367],[35.19493219804793,31.75373471534322],[35.19493232470128,31.753734726174745],[35.19493245135483,31.75373473520257],[35.194932578008164,31.7537347460341],[35.19493270466168,31.753734755061934],[35.194932831315036,31.753734765893455],[35.19493295796838,31.753734776724993],[35.19493308462175,31.753734787556503],[35.194933213385994,31.753734798388184],[35.19493334003935,31.753734809219722],[35.19493346669251,31.75373482185493],[35.19493359334586,31.75373483268645],[35.19493371999903,31.75373484532167],[35.194933846652376,31.7537348561532],[35.19493397119463,31.75373486878826],[35.194934097847806,31.753734881423444],[35.194934224500976,31.753734894058688],[35.19493435115413,31.7537349066939],[35.194934477807315,31.753734919329105],[35.19493460446048,31.753734931964296],[35.194934731113634,31.75373494459954],[35.194934857766626,31.753734959038425],[35.19493498441979,31.75373497167363],[35.19493511107277,31.753734986112548],[35.194935237725765,31.753735000551444],[35.19493536226785,31.7537350149902],[35.19493548892083,31.753735029429095],[35.1949356155738,31.753735043867998],[35.19493574222679,31.7537350583069],[35.194935868879774,31.753735072745805],[35.19493599342186,31.753735087184552],[35.19493612007465,31.753735103427122],[35.19493624672764,31.753735117866032],[35.19493637338043,31.753735134108616],[35.19493649792233,31.753735150351055],[35.194936624575135,31.75373516659364],[35.194936751227935,31.75373518283624],[35.19493687576981,31.75373519907866],[35.19493700242263,31.75373521532125],[35.19493712696452,31.75373523156368],[35.19493725361714,31.753735249609978],[35.19493738026994,31.753735265852548],[35.19493750481164,31.75373528389866],[35.19493763146428,31.753735301944953],[35.19493775600616,31.753735318187367],[35.19493788265878,31.753735336233657],[35.1949380072005,31.753735354279765],[35.194938133853114,31.75373537232607],[35.194938258394636,31.75373539217586],[35.19493838504726,31.75373541022215],[35.19493850958897,31.75373542826827],[35.19493863624141,31.753735448118242],[35.19493876078293,31.753735467968053],[35.194938885324646,31.753735486014136],[35.19493901197708,31.753735505864125],[35.19493913651862,31.75373552571391],[35.19493926317106,31.75373554556389],[35.19493938771258,31.753735565413702],[35.19493951225411,31.75373558526349],[35.19493963679544,31.753735606917015],[35.194939763447884,31.753735626766975],[35.19493988798923,31.753735648420466],[35.19494001253076,31.75373566827027],[35.194940137072116,31.753735689923772],[35.194940261613446,31.753735711577256],[35.19494038826571,31.753735733230922],[35.19494051280706,31.75373575488442],[35.194940637348395,31.753735776537898],[35.194940761889754,31.75373579819141],[35.19494088643091,31.753735821648576],[35.19494101097226,31.753735843302078],[35.19494113551342,31.753735866759268],[35.194941260054584,31.75373589021646],[35.19494138459592,31.753735911869953],[35.1949415091371,31.75373593532714],[35.19494163367826,31.753735958784297],[35.19494175821942,31.753735982241512],[35.194941882760595,31.75373600569868],[35.19494200730156,31.753736030959555],[35.19494212973182,31.753736054416585],[35.1949422542728,31.75373607967745],[35.19494237881398,31.75373610313465],[35.19494250335495,31.75373612839549],[35.194942627895934,31.75373615365639],[35.194942750326,31.753736178917094],[35.19494287486717,31.753736202374302],[35.19494299940797,31.753736229438857],[35.19494312183803,31.753736254699554],[35.19494324637902,31.753736279960435],[35.19494337092,31.753736305221285],[35.1949434933499,31.75373633228572],[35.194943617890694,31.75373635935028],[35.19494374032079,31.753736384610978],[35.194943864861564,31.753736411675533],[35.19494398729147,31.75373643873996],[35.194944111832264,31.753736465804497],[35.194944234262145,31.753736492868917],[35.19494435669204,31.75373651993332],[35.19494448123267,31.753736548801573],[35.194944603662556,31.753736575865968],[35.194944726092444,31.753736602930356],[35.194944850633064,31.75373663179863],[35.194944973062775,31.753736660666718],[35.19494509549247,31.7537366895348],[35.19494521792236,31.75373671659921],[35.19494534246298,31.753736745467457],[35.19494546489251,31.75373677613924],[35.19494558732222,31.75373680500734],[35.194945709751934,31.753736833875415],[35.19494583218164,31.753736862743516],[35.19494595461117,31.753736893415276],[35.1949460770407,31.75373692408707],[35.194946199470415,31.753736952955176],[35.194946321899934,31.753736983626947],[35.19494644432946,31.753737014298707],[35.19494656675898,31.753737044970496],[35.19494668918852,31.75373707564228],[35.194946811618046,31.75373710631405],[35.194946931936464,31.753737138789372],[35.194947054366,31.75373716946115],[35.194947176795345,31.75373720193662],[35.19494729922489,31.753737232608394],[35.19494741954331,31.753737265083707],[35.19494754197267,31.75373729755918],[35.19494766440201,31.753737330034635],[35.194947784720455,31.753737362509955],[35.194947907149796,31.753737394985418],[35.19494802746823,31.753737427460738],[35.19494814989758,31.753737459936186],[35.19494827021582,31.753737494215187],[35.19494839264519,31.753737526690667],[35.19494851296343,31.75373756096966],[35.19494863539279,31.753737593445127],[35.19494875571103,31.753737627724114],[35.19494887602928,31.753737662003115],[35.194948998458464,31.753737696282293],[35.194949118776705,31.753737730561262],[35.19494923909496,31.75373776484028],[35.19494935941304,31.753737800922963],[35.19494947973128,31.75373783520195],[35.19494960004954,31.75373786948097],[35.19494972247851,31.753737905563796],[35.194949842796596,31.753737941646495],[35.194949963114844,31.75373797592548],[35.19495008343293,31.753738012008178],[35.19495020164009,31.753738048090693],[35.194950321958174,31.753738084173406],[35.19495044227605,31.753738122059783],[35.19495056259414,31.753738158142465],[35.19495068291221,31.75373819422514],[35.19495080323009,31.75373823211153],[35.194950921437275,31.753738268194045],[35.19495104175516,31.753738306080432],[35.194951162073046,31.753738343966784],[35.19495128028004,31.75373838185301],[35.19495140059809,31.753738417935697],[35.19495152091581,31.753738457625772],[35.194951639122806,31.753738495511996],[35.19495175944069,31.753738533398362],[35.19495187764769,31.753738571284565],[35.19495199585448,31.75373861097449],[35.19495211617236,31.75373864886085],[35.19495223437918,31.753738688550758],[35.194952352585986,31.75373872824067],[35.19495247290387,31.753738766127043],[35.19495259111067,31.753738805816962],[35.19495270931748,31.753738845506863],[35.19495282752409,31.753738887000463],[35.19495294573089,31.753738926690357],[35.1949530639377,31.753738966380254],[35.1949531821445,31.753739006070173],[35.19495330035112,31.753739047563762],[35.194953418557745,31.753739089057373],[35.194953536764544,31.753739128747284],[35.19495365497118,31.753739170240877],[35.19495377317779,31.75373921173445],[35.19495389138441,31.753739253228066],[35.19495400959103,31.753739294721644],[35.194954125686735,31.753739336215098],[35.194954243893356,31.753739377708683],[35.1949543620998,31.753739421005957],[35.1949544781955,31.753739462499404],[35.19495459640196,31.753739505796702],[35.1949547124975,31.753739549093794],[35.194954830704106,31.753739590587408],[35.19495494679963,31.75373963388452],[35.194955062895176,31.753739677181652],[35.19495518110161,31.753739720478944],[35.19495529719714,31.75373976377608],[35.1949554132925,31.753739808876876],[35.19495553149893,31.75373985217418],[35.19495564759447,31.753739895471295],[35.194955763689805,31.753739940572107],[35.19495587978535,31.753739983869234],[35.1949559958807,31.753740028970057],[35.19495611197604,31.753740074070844],[35.19495622807139,31.75374011917167],[35.19495634416674,31.753740164272482],[35.19495646026209,31.7537402093733],[35.19495657635745,31.75374025447412],[35.1949566924528,31.75374029957494],[35.19495680643706,31.753740346479287],[35.194956922532405,31.753740391580084],[35.19495703862758,31.75374043848459],[35.19495715261201,31.75374048358527],[35.19495726870718,31.753740530489743],[35.19495738269144,31.7537405773941],[35.19495751145151,31.753740629710617],[35.194996878714086,31.753752176226122],[35.195043634583534,31.753675423670792],[35.19505071572855,31.753663799413076],[35.195057682102735,31.753659959868827],[35.195064610485126,31.753656069818142],[35.19507150087567,31.753652129260985],[35.19507834905259,31.75364813819706],[35.195085157126925,31.753644094822892],[35.19509192509834,31.753640002745826],[35.1950986508559,31.753635861965712],[35.1951053343998,31.753631670678825],[35.19511197573005,31.753627428885256],[35.19511857484623,31.753623140192346],[35.19512512963766,31.753618802796254],[35.195129474170955,31.75361587572431],[35.1951337807118,31.753612907164566],[35.19513804503876,31.75360989350941],[35.1951422692622,31.753606840170043],[35.195146451271576,31.753603743538935],[35.195277534837196,31.753662160032672],[35.19531955522962,31.753589948725846],[35.19571885033924,31.75376390082572],[35.19576905005475,31.75367043164757]]]},"properties":{"plan_name":"101-1002054","parcel":"1","commerce_sqm":1025,"employment_sqm":0,"ce_uses":"מסחר","dominant":"commerce","combined":false,"source":"101-1002054_הוראות (1).pdf","split_source":"table5","is_talpiot":false}},{"type":"Feature","geometry":{"type":"Polygon","coordinates":[[[35.20784089125694,31.758951245755686],[35.20784310794828,31.758954311964427],[35.20784717188632,31.758960027740034],[35.2075339991153,31.75921087290768],[35.20749122197418,31.759171885448822],[35.20716944351629,31.758878609685194],[35.20683376781376,31.758572666064662],[35.20713793707381,31.758329032128497],[35.20766524256346,31.758809505807083],[35.20765747210836,31.75881573233707],[35.207749764851336,31.758899852118734],[35.207782624392024,31.758881529386283],[35.207782634947684,31.758881543815495],[35.207787760762635,31.75888831111462],[35.20784089125694,31.758951245755686]]]},"properties":{"plan_name":"101-1021344","parcel":"2","commerce_sqm":1265,"employment_sqm":0,"ce_uses":"מסחר ומשרדים","dominant":"commerce","combined":false,"source":"101-1021344_הוראות.pdf","split_source":"נספח תנועה (מאזן חניה, מסחר בלבד)","is_talpiot":false}},{"type":"Feature","geometry":{"type":"Polygon","coordinates":[[[35.207065749126684,31.758263238745982],[35.206761577781634,31.75850687070867],[35.20662450017764,31.758381933547817],[35.20642590476233,31.758200924191875],[35.206104382125275,31.757907874757713],[35.20610286217709,31.75790643904266],[35.20610140344716,31.75790495643089],[35.20610000804656,31.757903432333432],[35.206098675975284,31.7579018649466],[35.20609741145536,31.757900257877694],[35.206096214486905,31.757898614734103],[35.20609508718086,31.757896935515788],[35.20609403164831,31.75789522202645],[35.20609304788931,31.757893477873466],[35.206092138014846,31.75789170486044],[35.20609130413601,31.757889904791075],[35.20609054414184,31.757888081272768],[35.20608986225432,31.75788623430548],[35.20608925847354,31.757884367496548],[35.20608873279952,31.757882484453397],[35.20608828523235,31.75788058697967],[35.206087917882996,31.757878676879074],[35.206087630751526,31.757876755955273],[35.206087423838,31.757874827815638],[35.206087299253426,31.757872894263798],[35.20608725488687,31.757870958907226],[35.20608729073839,31.757869023549603],[35.206087408918975,31.757867089994523],[35.20608760731769,31.75786516184945],[35.2060878880456,31.757863240918027],[35.206088246880704,31.75786132900401],[35.20608868593406,31.75785942971471],[35.206089205205714,31.757857544853838],[35.20608980258467,31.757855676225102],[35.20609047596003,31.757853829239604],[35.20609122744279,31.757852002093614],[35.20609205703299,31.757850200198213],[35.206092958397704,31.757848425357164],[35.20609393575891,31.75784667757041],[35.2060949848947,31.75784496224905],[35.20609610580507,31.757843279393082],[35.206097294268055,31.757841630806293],[35.206098552394735,31.757840020095983],[35.20609987807414,31.757838450869578],[35.20610126708427,31.757836921323438],[35.20610272153616,31.75783543506489],[35.20610423509691,31.75783399570146],[35.20610580776645,31.757832601429385],[35.20615753703493,31.75779078762399],[35.2063209404251,31.757658852678503],[35.2063390595815,31.757681310120564],[35.2063441575528,31.757677206651888],[35.20634958587091,31.75767198128397],[35.20635594515564,31.757667588303395],[35.20636306230785,31.757664146756127],[35.20637074417354,31.757661751338677],[35.20637878282107,31.757660465183296],[35.20638695870785,31.757660324367137],[35.20639505123516,31.757661332501023],[35.206402839803474,31.75766346163132],[35.206410113312195,31.757666655847107],[35.206416674381366,31.75767082586907],[35.207065749126684,31.758263238745982]]]},"properties":{"plan_name":"101-1021344","parcel":"3","commerce_sqm":660,"employment_sqm":0,"ce_uses":"מסחר ומשרדים","dominant":"commerce","combined":false,"source":"101-1021344_הוראות.pdf","split_source":"נספח תנועה (מאזן חניה, מסחר בלבד)","is_talpiot":false}},{"type":"Feature","geometry":{"type":"Polygon","coordinates":[[[35.21551737562327,31.75451232780259],[35.21467956810603,31.754585644281168],[35.214669212659025,31.75453525906911],[35.214629008620506,31.75433041194873],[35.214524916509774,31.754345325964366],[35.214502329794065,31.754230237976046],[35.215253793672865,31.754158228712996],[35.2152165423492,31.754230976466665],[35.21518544243082,31.75430580334045],[35.215160650095,31.754382331452767],[35.21514229196639,31.754460172101556],[35.21549465965373,31.754386107636673],[35.21551737562327,31.75451232780259]]]},"properties":{"plan_name":"101-0867317","parcel":"1","commerce_sqm":111,"employment_sqm":4542,"ce_uses":"מסחר · תעסוקה","dominant":"employment","combined":true,"source":"101-0867317_הוראות (1).pdf","split_source":"table5","is_talpiot":true,"mp_plan":"תכנית אב א.ת. תלפיות","mp_employment_max_sqm":1160000,"mp_commerce_extra_sqm":80000}},{"type":"Feature","geometry":{"type":"Polygon","coordinates":[[[35.205115489110334,31.732487705524413],[35.205034013812295,31.73215806444019],[35.20545690434479,31.73240265887027],[35.20546199790201,31.732406924566174],[35.205466177653996,31.73241186394982],[35.205469322249655,31.732417334530403],[35.20547134304919,31.732423179387265],[35.20547218306904,31.732429232581023],[35.20547181592661,31.73243532005532],[35.20547025322696,31.732441266851623],[35.20546304836278,31.732452043089726],[35.205453779487144,31.732461598243205],[35.20542405967626,31.73248387502701],[35.20539043023783,31.732501633578554],[35.20535382186738,31.732514382380778],[35.20534164895936,31.732517342336898],[35.20521504681799,31.732542160270622],[35.205200625228876,31.73254362767029],[35.20518612131421,31.73254296490491],[35.20517196560224,31.732540190910573],[35.205158572793415,31.73253538775299],[35.20514633964982,31.732528696118212],[35.20513562705652,31.73252031531276],[35.20512674946915,31.73251049063772],[35.205119970693055,31.73249951248682],[35.205115489110334,31.732487705524413]]]},"properties":{"plan_name":"101-0762039","parcel":"1","commerce_sqm":580,"employment_sqm":800,"ce_uses":"מסחר · תעסוקה","dominant":"employment","combined":true,"source":"762039.pdf","split_source":"table5","is_talpiot":false}},{"type":"Feature","geometry":{"type":"Polygon","coordinates":[[[35.224131602359584,31.76177620272754],[35.22401302028256,31.76156600135704],[35.224434961998874,31.761385695009313],[35.22444915137776,31.761379632386905],[35.22447777318594,31.761437192542374],[35.22450937946721,31.761511328101744],[35.22457538147588,31.761642681973395],[35.22462462815303,31.761726477054438],[35.22473273751504,31.761940993942154],[35.224736674407346,31.761949279450086],[35.224737354495026,31.76195072048711],[35.22473765653266,31.761951411250855],[35.224737597426774,31.76195143290456],[35.22432523265923,31.76210629413183],[35.22428611467851,31.762030453419992],[35.22418858207222,31.761881862871014],[35.22414605213178,31.761802996057487],[35.224131602359584,31.76177620272754]]]},"properties":{"plan_name":"101-0901140","parcel":"100","commerce_sqm":1055,"employment_sqm":2370,"ce_uses":"מסחר · תעסוקה","dominant":"employment","combined":true,"source":"101-0901140_הוראות (1).pdf","split_source":"table5","is_talpiot":false}},{"type":"Feature","geometry":{"type":"Polygon","coordinates":[[[35.21813793902003,31.74968571417079],[35.21787680594174,31.74914830190257],[35.217955281893786,31.74912280922471],[35.21795697102295,31.74912614587201],[35.218008745839626,31.74910444194947],[35.21826748181027,31.7490063906544],[35.21841679669809,31.74933550991305],[35.218518988683854,31.749567325127128],[35.21820046477723,31.749665962407516],[35.21813793902003,31.74968571417079]]]},"properties":{"plan_name":"101-0876649","parcel":"3","commerce_sqm":630,"employment_sqm":0,"ce_uses":"מסחר","dominant":"commerce","combined":false,"source":"101-0876649_הוראות.pdf","split_source":"table5","is_talpiot":false}},{"type":"Feature","geometry":{"type":"Polygon","coordinates":[[[35.217881978236235,31.749808556620632],[35.218154281669655,31.74971906083411],[35.21816227352506,31.74973536713339],[35.218186147813746,31.749727552766537],[35.2183219308297,31.750026833314575],[35.2181674510188,31.750074941913187],[35.217990067321864,31.750128804740346],[35.21790335407081,31.74993634760781],[35.21782967809895,31.749908077150888],[35.217881978236235,31.749808556620632]]]},"properties":{"plan_name":"101-0876649","parcel":"22","commerce_sqm":350,"employment_sqm":0,"ce_uses":"מסחר","dominant":"commerce","combined":false,"source":"101-0876649_הוראות.pdf","split_source":"table5","is_talpiot":false}},{"type":"Feature","geometry":{"type":"Polygon","coordinates":[[[35.21779762562426,31.7498957775592],[35.21758697530886,31.74997799192367],[35.2175740177463,31.749953688540955],[35.21753857187176,31.749961850296817],[35.21750217071936,31.749886811520618],[35.21735016087918,31.749590248102262],[35.21723025415623,31.749362053745376],[35.21731372968998,31.749312173261917],[35.21744132472662,31.749288982826172],[35.21756205742064,31.74925055178907],[35.21758175244129,31.749244153864094],[35.217881978236235,31.749808556620632],[35.21782967809895,31.749908077150888],[35.21779762562426,31.7498957775592]]]},"properties":{"plan_name":"101-0876649","parcel":"1","commerce_sqm":850,"employment_sqm":0,"ce_uses":"מסחר","dominant":"commerce","combined":false,"source":"101-0876649_הוראות.pdf","split_source":"table5","is_talpiot":false}},{"type":"Feature","geometry":{"type":"Polygon","coordinates":[[[35.215318807790325,31.750028876083533],[35.21533684950678,31.750033196175085],[35.21535795127672,31.750049961462533],[35.215379341249246,31.750076224953883],[35.21545910027498,31.750248549812866],[35.21553885959625,31.750420874617213],[35.2155440003301,31.750445609972157],[35.215482431355404,31.750496988050934],[35.21498161920956,31.750609149876617],[35.21490046877259,31.750372442126952],[35.214819316638064,31.750135736120573],[35.21503551601958,31.75008180231965],[35.21525171515034,31.750027868151506],[35.215273152046564,31.750022520183133],[35.215318807790325,31.750028876083533]]]},"properties":{"plan_name":"101-1132471","parcel":"1","commerce_sqm":6766,"employment_sqm":0,"ce_uses":"מסחר ותעשיה","dominant":"commerce","combined":false,"source":"1132471.pdf","split_source":"GS — מסחר בלבד","is_talpiot":true,"mp_plan":"תכנית אב א.ת. תלפיות","mp_employment_max_sqm":1160000,"mp_commerce_extra_sqm":80000,"mp_zone_use":"אזור עירוני מעורב ב'","mp_zone_far_pct":670,"mp_zone_max_floors":24,"mp_zone_coverage_pct":60,"mp_mtchm":10,"plot_size_sqm":2991,"mp_commerce_far_pct":60,"mp_employment_far_pct":240,"mp_allowed_commerce_sqm":1795,"mp_allowed_employment_sqm":7178}},{"type":"Feature","geometry":{"type":"Polygon","coordinates":[[[35.21950700839539,31.77437575605841],[35.219306321947,31.774480012783513],[35.218991478667185,31.774192482656055],[35.21912544664147,31.774068361180333],[35.219130145855274,31.77406398850787],[35.21950700839539,31.77437575605841]]]},"properties":{"plan_name":"101-0932152","parcel":"1","commerce_sqm":110,"employment_sqm":0,"ce_uses":"מסחר","dominant":"commerce","combined":false,"source":"101-0932152_הוראות.pdf","split_source":"table5","is_talpiot":false}},{"type":"Feature","geometry":{"type":"Polygon","coordinates":[[[35.20630191588248,31.752026737278165],[35.206166712702206,31.751920682295975],[35.20605114114343,31.75183013864373],[35.20574263489188,31.75159557247145],[35.20568532445976,31.75155201396432],[35.20570674911022,31.751512873675676],[35.205747170945045,31.751439463075315],[35.205856299023,31.751241055980294],[35.20587993584545,31.751210890795594],[35.206023114894606,31.751275024632793],[35.206162427172025,31.751345101520453],[35.20622708965004,31.751380828086997],[35.20641673555474,31.75149735257464],[35.20665822184778,31.75167221620536],[35.20681020710485,31.751798020753075],[35.20688271701487,31.751862952177323],[35.20701322493077,31.75199315429439],[35.207024395986465,31.75200519729859],[35.20674926718155,31.752240299217352],[35.206747078177926,31.752239209829572],[35.2067260261712,31.752228718156786],[35.20655389511188,31.752142952163595],[35.20653313867415,31.75213261016],[35.20647648647804,31.752104383362735],[35.20630191588248,31.752026737278165]]]},"properties":{"plan_name":"101-0857086","parcel":"15","commerce_sqm":2967,"employment_sqm":5934,"ce_uses":"מסחר ומשרדים","dominant":"employment","combined":true,"source":"101-0857086_הוראות (1).pdf","split_source":"GS (פופאפ תב\"ע)","is_talpiot":false}},{"type":"Feature","geometry":{"type":"Polygon","coordinates":[[[35.20371743641113,31.75222692170955],[35.20348100171493,31.752226920260217],[35.203478200537994,31.752231878582965],[35.20344898131022,31.752283628029232],[35.2034515175826,31.75227796175709],[35.203452906597285,31.75227201319912],[35.203453110357096,31.75226594919642],[35.20345212041704,31.7522599420012],[35.20344996843877,31.752254161160565],[35.203446711414394,31.75224877081055],[35.2034424443319,31.752243922461716],[35.20343728750974,31.752239754097143],[35.203431384486144,31.75223638295757],[35.203424905185365,31.752233903737874],[35.203418031141624,31.752232388586926],[35.20341095655467,31.752231878089166],[35.20326459281425,31.75223187689165],[35.203282793384034,31.75217938517458],[35.20329441647486,31.75212554514063],[35.20329933121681,31.752070959222774],[35.20330058443996,31.752034600458575],[35.20329797899464,31.751998293968438],[35.20327960984549,31.751851558248593],[35.20328530402229,31.751841444107953],[35.2032924156353,31.751832007264593],[35.2033008370285,31.75182339381624],[35.20350134833418,31.7517894228623],[35.20351608639695,31.751787835716193],[35.20353093948501,31.751788032418247],[35.20354561313377,31.75179000935908],[35.203567065801344,31.751794240953764],[35.20358792847642,31.75179942038008],[35.203607625935085,31.75180724851419],[35.20362570223349,31.751817545886812],[35.203641737312495,31.75183007080173],[35.20365535649622,31.751844533765457],[35.20369446925615,31.752056357487614],[35.203695820158785,31.752063671456167],[35.203712366268995,31.75220247447493],[35.20371743641113,31.75222692170955]]]},"properties":{"plan_name":"101-0798306","parcel":"1","commerce_sqm":187,"employment_sqm":0,"ce_uses":"מסחר","dominant":"commerce","combined":false,"source":"101-0798306_הוראות (1).pdf","split_source":"table5","is_talpiot":false}},{"type":"Feature","geometry":{"type":"Polygon","coordinates":[[[35.21920599075514,31.75140863418376],[35.21921086044208,31.751421531802492],[35.21923049966415,31.75147334591411],[35.21927179856541,31.751578847924474],[35.21927345092669,31.75158927937075],[35.21927312753892,31.751599802134265],[35.21927083469052,31.751610144758985],[35.21926663249751,31.7516200393898],[35.219260629627925,31.751629231693656],[35.21923870191867,31.751641831221335],[35.21917686140556,31.751663605344657],[35.219179175718295,31.751668695088185],[35.21897112820053,31.751742459326366],[35.21881353088356,31.75133208555719],[35.21898943815135,31.751287526998482],[35.219145826996574,31.75124791257001],[35.21920599075514,31.75140863418376]]]},"properties":{"plan_name":"101-0935189","parcel":"1","commerce_sqm":188,"employment_sqm":0,"ce_uses":"מסחר","dominant":"commerce","combined":false,"source":"101-0935189_הוראות.pdf","split_source":"table5","is_talpiot":true,"mp_plan":"תכנית אב א.ת. תלפיות","mp_employment_max_sqm":1160000,"mp_commerce_extra_sqm":80000}},{"type":"Feature","geometry":{"type":"Polygon","coordinates":[[[35.197594199168414,31.746947433249986],[35.19725913406622,31.747028453000393],[35.19718621161624,31.746865600855905],[35.197505996030365,31.74679063365899],[35.19753966518262,31.74678274792973],[35.197594199168414,31.746947433249986]]]},"properties":{"plan_name":"101-1037670","parcel":"2","commerce_sqm":0,"employment_sqm":98,"ce_uses":"תעסוקה","dominant":"employment","combined":false,"source":"1037670.pdf","split_source":"table5","is_talpiot":false}},{"type":"Feature","geometry":{"type":"Polygon","coordinates":[[[35.19794260254228,31.74682122902716],[35.19794661137849,31.74684422629072],[35.197949776314886,31.746861451700113],[35.197594199168414,31.746947433249986],[35.19753966518262,31.74678274792973],[35.1979059896651,31.746696952856375],[35.19794260254228,31.74682122902716]]]},"properties":{"plan_name":"101-1037670","parcel":"1","commerce_sqm":175,"employment_sqm":0,"ce_uses":"מסחר","dominant":"commerce","combined":false,"source":"1037670.pdf","split_source":"table5","is_talpiot":false}},{"type":"Feature","geometry":{"type":"Polygon","coordinates":[[[35.22044356661637,31.752170939864087],[35.22017870986869,31.752249610234315],[35.22010334490338,31.752271994324783],[35.220007283735804,31.75204876889906],[35.219838528518025,31.752101590692146],[35.219749336119996,31.75187353575524],[35.220220540918895,31.751715720137465],[35.22034176988947,31.7519622206818],[35.22044356661637,31.752170939864087]]]},"properties":{"plan_name":"101-1115294","parcel":"1","commerce_sqm":585,"employment_sqm":0,"ce_uses":"ותעסוקה מסחר","dominant":"commerce","combined":false,"source":"101-1115294_הוראות.pdf","split_source":"GS — מסחר בלבד","is_talpiot":false}},{"type":"Feature","geometry":{"type":"Polygon","coordinates":[[[35.200700302810006,31.76138067831943],[35.2006982547146,31.761389436964052],[35.20068995584125,31.761448002438737],[35.20068147780119,31.761499380214804],[35.20067485157756,31.7615406105013],[35.200670013477556,31.761580837989314],[35.20068725889998,31.761581736726463],[35.200685568952984,31.76160888216512],[35.20069042065096,31.761704658078482],[35.20069527308797,31.761782036384574],[35.200699173594984,31.76190859218277],[35.200705608470415,31.762008760114067],[35.20070929904215,31.76210615930528],[35.20068599882482,31.76210701899027],[35.200652415532204,31.761631901654894],[35.20067551445021,31.761434829693933],[35.200680174493726,31.761412588565747],[35.20068598534801,31.761383457386607],[35.20068728387806,31.76137803914867],[35.200700302810006,31.76138067831943]]]},"properties":{"plan_name":"101-0550541","parcel":"5","commerce_sqm":0,"employment_sqm":145,"ce_uses":"תעסוקה תלת מימדי","dominant":"employment","combined":false,"source":"101-0550541_הוראות (1).pdf","split_source":"table5","is_talpiot":false}},{"type":"Feature","geometry":{"type":"Polygon","coordinates":[[[35.20068599882482,31.76210701899027],[35.20058737664426,31.762110661342962],[35.20058738888538,31.761810544095837],[35.20034566898964,31.7618105366696],[35.2003456752501,31.761666241722143],[35.200582851710415,31.76166624901301],[35.20058739477077,31.761666249148355],[35.20058740508305,31.761413415533482],[35.20058740735124,31.76135780425764],[35.20068728387806,31.76137803914867],[35.20068598534801,31.761383457386607],[35.200680174493726,31.761412588565747],[35.20067551445021,31.761434829693933],[35.200652415532204,31.761631901654894],[35.20068599882482,31.76210701899027]]]},"properties":{"plan_name":"101-0550541","parcel":"4","commerce_sqm":120,"employment_sqm":970,"ce_uses":"מסחר · תעסוקה תלת מימדי","dominant":"employment","combined":true,"source":"101-0550541_הוראות (1).pdf","split_source":"table5","is_talpiot":false}},{"type":"Feature","geometry":{"type":"Polygon","coordinates":[[[35.19757726957583,31.7536633154451],[35.19821652520717,31.753958361164145],[35.198130709719315,31.754092363863883],[35.19812200105846,31.754109218910198],[35.198117937016384,31.754117073776136],[35.19810769772295,31.754137094220358],[35.19808811485842,31.754166689987464],[35.197836140802075,31.754049372576798],[35.1977920009195,31.754028849732027],[35.19745141882235,31.75387050564515],[35.197467629014305,31.753835240796832],[35.19748423536119,31.753809198230005],[35.19757726957583,31.7536633154451]]]},"properties":{"plan_name":"101-0855668","parcel":"2","commerce_sqm":880,"employment_sqm":0,"ce_uses":"מסחר","dominant":"commerce","combined":false,"source":"101-0855668_הוראות (1).pdf","split_source":"table5","is_talpiot":false}},{"type":"Feature","geometry":{"type":"Polygon","coordinates":[[[35.197836140802075,31.754049372576798],[35.197676997857236,31.75429885236774],[35.1973357415917,31.754112545352292],[35.19741628121486,31.753946949482952],[35.19743488137352,31.75390648473426],[35.19745141882235,31.75387050564515],[35.1977920009195,31.754028849732027],[35.197836140802075,31.754049372576798]]]},"properties":{"plan_name":"101-0855668","parcel":"1","commerce_sqm":290,"employment_sqm":0,"ce_uses":"מסחר","dominant":"commerce","combined":false,"source":"101-0855668_הוראות (1).pdf","split_source":"table5","is_talpiot":false}},{"type":"Feature","geometry":{"type":"Polygon","coordinates":[[[35.219117276325214,31.748986856835643],[35.21902886974717,31.74901397830034],[35.21880782848385,31.749079728194573],[35.218786138768095,31.7490854393287],[35.21876866363097,31.749086684947642],[35.21875116071865,31.749085766138847],[35.21873399520371,31.74908269999621],[35.21872123376034,31.749078870394648],[35.2187090895335,31.74907378084463],[35.21869773350947,31.749067502572885],[35.218674568155876,31.749017061363475],[35.21864292442084,31.748971018495986],[35.21860861234822,31.74889527815481],[35.218587587305166,31.748843996169423],[35.21862035127799,31.748831440630102],[35.21883401725155,31.74876752083754],[35.2189201821992,31.748741745315936],[35.21900594817781,31.748716088825304],[35.219117276325214,31.748986856835643]]]},"properties":{"plan_name":"101-0791467","parcel":"1","commerce_sqm":230,"employment_sqm":0,"ce_uses":"מסחר","dominant":"commerce","combined":false,"source":"101-0791467_הוראות (1).pdf","split_source":"table5","is_talpiot":false}},{"type":"Feature","geometry":{"type":"Polygon","coordinates":[[[35.22445601076027,31.75589516537781],[35.224505894262435,31.755922075754615],[35.22455195056686,31.755953575301174],[35.22459360541009,31.75598927000674],[35.224630337288524,31.756028713545525],[35.22466168695933,31.75607141448977],[35.22468726271824,31.756116838112188],[35.22470674567958,31.756164416305207],[35.22472545203904,31.75627570089187],[35.22483320245468,31.75669044176363],[35.22494399404324,31.75701148042782],[35.224656075977265,31.75710256051598],[35.22446303962317,31.7571633375014],[35.22410725690009,31.757275762852743],[35.223642027078604,31.757429778811378],[35.22300341642583,31.75764118662874],[35.22292711881992,31.757461848042066],[35.222851889602715,31.75728217917478],[35.22281732974261,31.7571925607231],[35.222784431205994,31.757102500117224],[35.222718632212654,31.756922377072716],[35.22269669152621,31.75686231019743],[35.222604107505624,31.756621552739215],[35.222504635169095,31.756409660608938],[35.22250377809013,31.756371607416305],[35.222509651891635,31.756333878831626],[35.222522121632394,31.756297339741735],[35.222540902488255,31.756262827096744],[35.22256556291589,31.75623113187283],[35.222558821328306,31.756213784960064],[35.22277468372264,31.756147033741478],[35.22313954246843,31.75604254698509],[35.22363412143289,31.75595111638683],[35.22395983457353,31.75591481261219],[35.22424491604314,31.755899527316682],[35.22445601076027,31.75589516537781]]]},"properties":{"plan_name":"101-0810796","parcel":"1","commerce_sqm":0,"employment_sqm":27540,"ce_uses":"משרדים","dominant":"employment","combined":false,"source":"101-0810796_הוראות.pdf","split_source":"table5","is_talpiot":false}},{"type":"Feature","geometry":{"type":"Polygon","coordinates":[[[35.21165012512072,31.750814831003556],[35.21190533877438,31.75084440391684],[35.21193074348166,31.75095737292451],[35.21146368926973,31.751064104234263],[35.21139820345784,31.750854854577717],[35.21145206094482,31.750846293091314],[35.21165012512072,31.750814831003556]]]},"properties":{"plan_name":"101-1016229","parcel":"1","commerce_sqm":407,"employment_sqm":650,"ce_uses":"מסחר · תעסוקה","dominant":"employment","combined":true,"source":"101-1016229_הוראות.pdf","split_source":"table5","is_talpiot":true,"mp_plan":"תכנית אב א.ת. תלפיות","mp_employment_max_sqm":1160000,"mp_commerce_extra_sqm":80000}},{"type":"Feature","geometry":{"type":"Polygon","coordinates":[[[35.19638364064096,31.753249555578915],[35.196361378696345,31.753401478923074],[35.19635879344949,31.75341893666808],[35.19630523586879,31.753416833790883],[35.1959672290481,31.753381470434952],[35.195986630577075,31.753238307489546],[35.19598411441123,31.753238058414652],[35.19586924470035,31.753226691158556],[35.1958610555223,31.753283849523378],[35.19585494242237,31.7532832106085],[35.19553547185503,31.753249795329836],[35.195582502043436,31.752921173612137],[35.19566378498161,31.752932549656126],[35.1956662019147,31.75293292498881],[35.19567806492083,31.75293497479068],[35.19570530549729,31.75293980692825],[35.195784884672655,31.752954496156235],[35.19582907322375,31.752963371477268],[35.19586044462459,31.752970427807767],[35.19593562019717,31.752988817817506],[35.196001818311444,31.753005749811862],[35.196038912099596,31.753015771739754],[35.196075473890076,31.753026477220356],[35.19615144065918,31.753050245755706],[35.196239156257484,31.753079011216215],[35.19627963981755,31.753093360341026],[35.19632163886895,31.75310935451348],[35.19639191868379,31.753137045569474],[35.19639604111783,31.75313869800726],[35.19638364064096,31.753249555578915]]]},"properties":{"plan_name":"101-1008176","parcel":"100","commerce_sqm":2360,"employment_sqm":0,"ce_uses":"מסחר","dominant":"commerce","combined":false,"source":"101-1008176_הוראות (1).pdf","split_source":"table5","is_talpiot":false}},{"type":"Feature","geometry":{"type":"Polygon","coordinates":[[[35.21720991904815,31.747926128733614],[35.2165984993945,31.748137395597972],[35.216516216435906,31.748165827822547],[35.21647145600086,31.748090690323334],[35.216369175588945,31.747906737962513],[35.21624322770458,31.74767468148201],[35.21664299142068,31.747536329410348],[35.21669722999917,31.7477619352391],[35.21705449771364,31.747626578301993],[35.21720991904815,31.747926128733614]]]},"properties":{"plan_name":"101-0928176","parcel":"2","commerce_sqm":137313,"employment_sqm":0,"ce_uses":"מסחר","dominant":"commerce","combined":false,"source":"101-0928176_הוראות (1).pdf","split_source":"table5","is_talpiot":true,"mp_plan":"תכנית אב א.ת. תלפיות","mp_employment_max_sqm":1160000,"mp_commerce_extra_sqm":80000}},{"type":"Feature","geometry":{"type":"Polygon","coordinates":[[[35.217072864969026,31.747389663482195],[35.21729322475569,31.7473157405186],[35.21736840207135,31.747288515182287],[35.2174765891401,31.74748348489941],[35.21749808926716,31.747512493251897],[35.217530366541894,31.747568245616833],[35.217535077525426,31.747566479317253],[35.217601412845426,31.74768692833679],[35.2176123094732,31.74770761914673],[35.21726920566245,31.747767585546804],[35.217072864969026,31.747389663482195]]]},"properties":{"plan_name":"101-0928176","parcel":"1","commerce_sqm":327,"employment_sqm":0,"ce_uses":"מסחר","dominant":"commerce","combined":false,"source":"101-0928176_הוראות (1).pdf","split_source":"table5","is_talpiot":true,"mp_plan":"תכנית אב א.ת. תלפיות","mp_employment_max_sqm":1160000,"mp_commerce_extra_sqm":80000}},{"type":"Feature","geometry":{"type":"Polygon","coordinates":[[[35.197112889578804,31.749173743646903],[35.1970812086144,31.749239825444707],[35.19704239119051,31.74930306601088],[35.19700980106933,31.749347040806462],[35.1969737556835,31.749389000670515],[35.19695982525162,31.749404096748204],[35.19688166782329,31.749488806096267],[35.19687186448167,31.749497908744004],[35.19686055624094,31.74950563238092],[35.196848005911804,31.749511797554984],[35.19683450479822,31.74951626179154],[35.19682036636478,31.74951892139671],[35.19680591884863,31.749519713260643],[35.19640534410637,31.749515542136308],[35.196399443372165,31.74951507461108],[35.19639370735,31.74951380715927],[35.19638828062792,31.749511771354513],[35.19638330568115,31.749509021316523],[35.19637890915249,31.749505626495388],[35.196375205018256,31.749501674377274],[35.19637228720068,31.749497267778512],[35.19637023167929,31.749492518532737],[35.196369091213676,31.74948754929426],[35.19636889534396,31.749482489028747],[35.19637530400637,31.749418361927674],[35.19638738857133,31.749354835810667],[35.19639550309341,31.749323531469628],[35.19641062316801,31.749270029548885],[35.19644241728745,31.74915750650485],[35.19645312314553,31.749109575902313],[35.19645836629451,31.74906098571018],[35.19645809604494,31.74901219045592],[35.19645231764372,31.748963645571717],[35.19644108277536,31.748915802884465],[35.19643358739531,31.748890336111405],[35.19643259786627,31.748885243329617],[35.196432594085714,31.74888008026539],[35.19643357393076,31.748874985802722],[35.19643551417092,31.74887009611881],[35.19643835991418,31.748865541977715],[35.19644203727212,31.748861445123918],[35.19644644597248,31.748857915576206],[35.19645146991341,31.74885504711918],[35.196456973997385,31.748852917303054],[35.196462810463984,31.748851582033016],[35.19654844843778,31.74884159487988],[35.19663478241679,31.748838084764042],[35.196638322222796,31.748838079568078],[35.19667546374632,31.748838682448167],[35.19671381254007,31.74884056961769],[35.19681239675939,31.748847076011256],[35.19679614163194,31.749026910199223],[35.19669755722324,31.74902040379323],[35.19666966733232,31.749018997033826],[35.1966700076228,31.749039019822018],[35.196667503953606,31.74909307537087],[35.19666001986879,31.749146794229297],[35.19664760076998,31.749199840912784],[35.19662909411131,31.749265337197308],[35.19681704645928,31.749267292869806],[35.196848682168394,31.74922815195681],[35.19687644047203,31.749186918526576],[35.196905507441905,31.74913263817219],[35.19692786432089,31.749076083866694],[35.19694327044004,31.749017859835753],[35.19695156111959,31.74895858834553],[35.19695308821248,31.748919803678437],[35.19694896880137,31.748856089875666],[35.197076536256574,31.748864507860045],[35.19709127368637,31.74886648464681],[35.197105467434326,31.74887040848476],[35.197118766061024,31.748876182856517],[35.19713084346,31.748883665252304],[35.19714140096814,31.748892670777224],[35.19715017897456,31.748902978464816],[35.197156959031254,31.748914333080915],[35.19716157546176,31.748926454142484],[35.197163913249966,31.748939044034383],[35.197163916482886,31.74895179161694],[35.19716206376235,31.748971769187545],[35.1971620785367,31.748971785421602],[35.1971528838503,31.749040288161854],[35.19713644284285,31.749107793949978],[35.197112889578804,31.749173743646903]]]},"properties":{"plan_name":"101-0969162","parcel":"204","commerce_sqm":300,"employment_sqm":800,"ce_uses":"מסחר ותעסוקה","dominant":"employment","combined":true,"source":"969162.pdf","split_source":"טבלה 5 הערה (5): עד 300 מ\"ר מסחר, היתר תעסוקה","is_talpiot":false}},{"type":"Feature","geometry":{"type":"Polygon","coordinates":[[[35.19570701684681,31.74959495268264],[35.19569107159842,31.74959669486296],[35.19567500623884,31.749596237432804],[35.19565923237686,31.749593591242427],[35.19564415633862,31.749588825761847],[35.19563016544784,31.749582062767015],[35.19561761958239,31.749573476339155],[35.19560683956543,31.74956328655096],[35.19559810505483,31.749551755859116],[35.19559163871295,31.749539180084557],[35.19557689812636,31.74950285094071],[35.19553647772121,31.749407928036952],[35.19549269055638,31.749314101527983],[35.19548993349289,31.74930671161626],[35.19548869940515,31.74929902690737],[35.19548902521013,31.749291275570755],[35.1954909003315,31.749283686674357],[35.19549426881108,31.749276484773652],[35.19549903353128,31.749269881795396],[35.19550505093821,31.74926407523352],[35.19551214370785,31.749259235524214],[35.19552010285683,31.749255506046186],[35.19552869196462,31.749252996807964],[35.19560876065116,31.74923601879613],[35.19560904560888,31.749236029637856],[35.19567648928906,31.749221747230923],[35.195676457634924,31.749221662455305],[35.1957590410114,31.749401340880816],[35.195990138258274,31.749359783047932],[35.19594116265524,31.749552909954673],[35.1958707722292,31.74956556898296],[35.19587077856179,31.749565567179665],[35.19570730391645,31.749594963524316],[35.19570701684681,31.74959495268264]]]},"properties":{"plan_name":"101-0969162","parcel":"202","commerce_sqm":300,"employment_sqm":0,"ce_uses":"מסחר ותעסוקה","dominant":"commerce","combined":false,"source":"969162.pdf","split_source":"טבלה 5 הערה (5): עד 300 מ\"ר מסחר, היתר תעסוקה","is_talpiot":false}},{"type":"Feature","geometry":{"type":"MultiPolygon","coordinates":[[[[35.195941179547624,31.749552845022915],[35.195990138258274,31.749359783047932],[35.19603003821226,31.749202431721077],[35.196316608431225,31.749141658596507],[35.19627239457546,31.749298129539355],[35.19625740137982,31.749360117814625],[35.196247240800574,31.74942281885372],[35.19624195930924,31.749485956696176],[35.19624123696414,31.74949107462129],[35.19623954999304,31.749496022937876],[35.19623694273425,31.749500670881208],[35.19623348485528,31.74950489490288],[35.196229268186286,31.749508581376208],[35.19622440671974,31.749511632007298],[35.1962190281669,31.749513965638172],[35.19621327606839,31.749515520952528],[35.19620730557287,31.74951625467168],[35.19611950781489,31.74952360536104],[35.19603257076506,31.749536410405774],[35.196032300576704,31.7495364590877],[35.195941179547624,31.749552845022915]]],[[[35.19594116265524,31.749552909954673],[35.19594117110422,31.749552846826063],[35.195941179547624,31.749552845022915],[35.19594116265524,31.749552909954673]]]]},"properties":{"plan_name":"101-0969162","parcel":"203","commerce_sqm":300,"employment_sqm":0,"ce_uses":"מסחר ותעסוקה","dominant":"commerce","combined":false,"source":"969162.pdf","split_source":"טבלה 5 הערה (5): עד 300 מ\"ר מסחר, היתר תעסוקה","is_talpiot":false}},{"type":"Feature","geometry":{"type":"Polygon","coordinates":[[[35.196452347541104,31.749888557231525],[35.19639890220872,31.749942660993444],[35.196341347316306,31.749993594487812],[35.196279941458776,31.750041129558756],[35.195958969693656,31.75027339337512],[35.19594844649899,31.750281253160615],[35.195779108274195,31.750111339645553],[35.1957435869899,31.75002379153435],[35.195631559897095,31.749747691230013],[35.19564938972,31.74975034027017],[35.19568883651844,31.749751960877017],[35.195728034775236,31.74974784571982],[35.19584639446038,31.749726561138285],[35.19594302082222,31.749964706987402],[35.19605867486741,31.749964714592817],[35.19617354895491,31.749881066892137],[35.196173567355125,31.749672459296292],[35.196233554955526,31.749668580702334],[35.19629370482286,31.74966770343102],[35.19647162528031,31.749669556165646],[35.196486806155704,31.74967082870858],[35.19650151085704,31.749674293605736],[35.196515309842844,31.749679849824194],[35.19652779890655,31.749687333203468],[35.19653861289581,31.74969652637677],[35.19654743521107,31.74970715877159],[35.196554007303064,31.74971892103949],[35.196558138171234,31.74973146866432],[35.19655970647365,31.74974443368603],[35.19655866580315,31.749757437326913],[35.196555046797386,31.74977009991201],[35.19654895608294,31.749782049887447],[35.19654057099713,31.74979293824972],[35.196452347541104,31.749888557231525]]]},"properties":{"plan_name":"101-0969162","parcel":"201","commerce_sqm":300,"employment_sqm":340,"ce_uses":"מסחר ותעסוקה","dominant":"employment","combined":true,"source":"969162.pdf","split_source":"טבלה 5 הערה (5): עד 300 מ\"ר מסחר, היתר תעסוקה","is_talpiot":false}},{"type":"Feature","geometry":{"type":"Polygon","coordinates":[[[35.21409630044711,31.75200258525657],[35.21408259283012,31.7520060475814],[35.21405821496934,31.751889651933368],[35.21403677208988,31.75178116343159],[35.21396480730041,31.751441274361174],[35.21390296757024,31.75113087300099],[35.213900333419495,31.75111208235696],[35.21390714648738,31.75108414990663],[35.21392305335409,31.75105890066561],[35.2139405204046,31.75103634782183],[35.21403476718192,31.751012171271398],[35.214129989345444,31.75099013916382],[35.21431023178032,31.750945637233766],[35.21468725973773,31.750884124916258],[35.214893578627475,31.75156447428956],[35.21496036165673,31.751784536941077],[35.21453528982853,31.75189174135488],[35.21446243744137,31.751910482064375],[35.21446212500446,31.75191021694672],[35.21409630044711,31.75200258525657]]]},"properties":{"plan_name":"101-1068295","parcel":"1","commerce_sqm":8080,"employment_sqm":36175,"ce_uses":"מסחר · תעסוקה","dominant":"employment","combined":true,"source":"101-1068295_הוראות.pdf","split_source":"table5","is_talpiot":true,"mp_plan":"תכנית אב א.ת. תלפיות","mp_employment_max_sqm":1160000,"mp_commerce_extra_sqm":80000}},{"type":"Feature","geometry":{"type":"Polygon","coordinates":[[[35.2045927730812,31.76412940712518],[35.20467647997262,31.764146361608237],[35.20495457690582,31.76417539639853],[35.20501643424944,31.764293874836373],[35.20503295634829,31.764331082993777],[35.204962139049165,31.764516751175258],[35.20483818266509,31.764500385033482],[35.20452965670325,31.76442723547567],[35.204501994291135,31.764418812291005],[35.204236741083946,31.764338048615144],[35.20409443504921,31.764295632892253],[35.20419281706818,31.764073943813592],[35.2042322236372,31.76408081410624],[35.20424454003846,31.76408296231026],[35.20432930239983,31.764092882646555],[35.20442989834957,31.7641009090508],[35.20447655460439,31.764100007181106],[35.2045927730812,31.76412940712518]]]},"properties":{"plan_name":"101-0794214","parcel":"1","commerce_sqm":320,"employment_sqm":0,"ce_uses":"מסחר","dominant":"commerce","combined":false,"source":"101-0794214_הוראות (1).pdf","split_source":"table5","is_talpiot":false}},{"type":"Feature","geometry":{"type":"Polygon","coordinates":[[[35.21235986690363,31.76116134444296],[35.21236080358249,31.761227703832624],[35.21235977678559,31.761242830517848],[35.21235628633683,31.761257686804235],[35.212355159269286,31.76126058179241],[35.212347041422056,31.76127645745123],[35.21233589088688,31.761290928226742],[35.21232203167764,31.761303574740747],[35.212296573529194,31.761320817768862],[35.21227857080399,31.761327438417364],[35.21225956932222,31.76133154298178],[35.21224004723637,31.76133303042569],[35.21222049642641,31.761331861939336],[35.21220140666707,31.761328067253462],[35.212179079377655,31.761321997411862],[35.211782018540205,31.761103228455386],[35.21192150473474,31.76088313798813],[35.2122741289811,31.761077413405005],[35.21231633953651,31.761073051271108],[35.21235116133056,31.761068705818868],[35.212355617738524,31.761067899291852],[35.21235991788606,31.761066616601134],[35.21235986690363,31.76116134444296]]]},"properties":{"plan_name":"101-0842617","parcel":"1","commerce_sqm":405,"employment_sqm":0,"ce_uses":"מסחר","dominant":"commerce","combined":false,"source":"101-0842617_הוראות.pdf","split_source":"table5","is_talpiot":false}},{"type":"Feature","geometry":{"type":"Polygon","coordinates":[[[35.214886418278624,31.752402799145237],[35.21418976499182,31.75251855955831],[35.214098962341886,31.752084272351347],[35.21475128537679,31.751921598468783],[35.214886418278624,31.752402799145237]]]},"properties":{"plan_name":"101-1002625","parcel":"1","commerce_sqm":2100,"employment_sqm":9630,"ce_uses":"מסחר · תעסוקה","dominant":"employment","combined":true,"source":"101-1002625_הוראות (1).pdf","split_source":"table5","is_talpiot":true,"mp_plan":"תכנית אב א.ת. תלפיות","mp_employment_max_sqm":1160000,"mp_commerce_extra_sqm":80000,"mp_zone_use":"אזור עירוני מעורב א'","mp_zone_far_pct":850,"mp_zone_max_floors":30,"mp_zone_coverage_pct":60,"mp_mtchm":2,"plot_size_sqm":0,"mp_commerce_far_pct":60,"mp_employment_far_pct":300}},{"type":"Feature","geometry":{"type":"Polygon","coordinates":[[[35.21771792276694,31.75372124933383],[35.217254968527484,31.753914977087113],[35.21709016850363,31.753473903263778],[35.21752741725794,31.753255688258697],[35.21771792276694,31.75372124933383]]]},"properties":{"plan_name":"101-0955450","parcel":"1","commerce_sqm":3714,"employment_sqm":4854,"ce_uses":"מסחר · תעסוקה","dominant":"employment","combined":true,"source":"101-0955450_הוראות.pdf","split_source":"table5","is_talpiot":true,"mp_plan":"תכנית אב א.ת. תלפיות","mp_employment_max_sqm":1160000,"mp_commerce_extra_sqm":80000}},{"type":"Feature","geometry":{"type":"Polygon","coordinates":[[[35.22524063576828,31.747909236137318],[35.22517243096064,31.747907530170888],[35.225104197009195,31.74790764048921],[35.22507210124134,31.747958159867174],[35.22505823325878,31.74797633881142],[35.22504114058592,31.747992389020087],[35.22502126533851,31.74800589737518],[35.224999118248206,31.748016516582272],[35.22497526916562,31.748023972387124],[35.224952294934866,31.74803114847421],[35.22493095194734,31.748041360807346],[35.2249117868356,31.74805434866594],[35.224895287115615,31.748069780093452],[35.22488187591178,31.748087260916346],[35.22487189612818,31.748106343765205],[35.224865600952974,31.748126542505442],[35.22485767129126,31.74814817634389],[35.22484629129998,31.74816865547211],[35.22483168357677,31.748187579434166],[35.22478387333397,31.748202090574946],[35.22480964435965,31.748300454321605],[35.22442745354242,31.748420004113218],[35.22424240585214,31.748136871700435],[35.22402954652598,31.74777807125575],[35.22395387261428,31.74765474652642],[35.22377347164508,31.74738211737974],[35.22368446991775,31.747263494928774],[35.2236593222461,31.74717147262124],[35.223610566038396,31.747049900395776],[35.22360400239214,31.747033359736168],[35.2236081065169,31.74702709489822],[35.22390043502774,31.746974202307594],[35.22417112818143,31.74692221425347],[35.22450755791536,31.746809971977637],[35.224718824542975,31.746720836095605],[35.22475027467225,31.746720740887547],[35.22482625229587,31.746678341979642],[35.224917646140824,31.746671473256786],[35.224890525307025,31.74663388148798],[35.22470439611063,31.746375882472854],[35.2247627316525,31.746255206215803],[35.22476640282097,31.746151944306938],[35.22445804936363,31.745778629169216],[35.224691118658434,31.74550145505582],[35.22502397867615,31.745498605846553],[35.22514493012656,31.74553069190231],[35.22539379906968,31.7455966662118],[35.225470457161016,31.745768094410867],[35.22577027474723,31.745719615325697],[35.225967620178196,31.745687656710903],[35.22617427466815,31.745749668517607],[35.22624540321705,31.745737210862853],[35.226437458904044,31.745651231872234],[35.22647666383425,31.745688226004606],[35.22664493531149,31.745662876496578],[35.22673293280151,31.74564670813359],[35.22681905866959,31.745624359690936],[35.2269027187686,31.74559598459111],[35.227028491832996,31.745549804033924],[35.22723147014918,31.745475535074654],[35.22730049968406,31.745452042222922],[35.227357162966875,31.745434789630753],[35.22741565118709,31.74542277821076],[35.22747530056667,31.74541614425942],[35.2275099305013,31.745413620025403],[35.22754458168826,31.74541592606375],[35.22757833701058,31.7454230021177],[35.227610303592485,31.745434661668646],[35.22763963496202,31.745450594637543],[35.22766555638227,31.745470380005724],[35.22768738068379,31.74549349483048],[35.227704531485806,31.745519327767973],[35.22771597325227,31.745551191488897],[35.227721034609544,31.745584239598966],[35.22771957495559,31.74561754592918],[35.227711634153366,31.745650177963583],[35.2276974357039,31.74568122118855],[35.22766350892456,31.745731654994174],[35.227623316600756,31.745778606103528],[35.22757734510977,31.745821510768753],[35.227552062008264,31.745843717004842],[35.22752912858141,31.74586771387448],[35.22751363074183,31.745889695568977],[35.22750203183292,31.745913366612864],[35.227489520676556,31.745956651159887],[35.22748379154619,31.746000966187367],[35.22748286223258,31.74602408877581],[35.22748516021191,31.746047141336923],[35.22749065374409,31.746069795604527],[35.2275521579711,31.746161276672623],[35.22760819790287,31.746177791888915],[35.22750628374049,31.746316153538462],[35.22748982579923,31.746339604509224],[35.22741878742233,31.746291188264486],[35.22702417211445,31.746672559298954],[35.226906541255126,31.746851416113714],[35.22630919302702,31.747499324923112],[35.2261804012634,31.747575002833056],[35.226021857696686,31.74746789062251],[35.22595180707502,31.74758342889762],[35.22562093523535,31.74800644996064],[35.225585916965876,31.748097001065087],[35.22545275286353,31.748212188803908],[35.225276103024655,31.748284749704993],[35.22517918734984,31.74805298950859],[35.22524063576828,31.747909236137318]]]},"properties":{"plan_name":"101-0823922","parcel":"1","commerce_sqm":0,"employment_sqm":23387,"ce_uses":"משרדים","dominant":"employment","combined":false,"source":"823922.pdf","split_source":"table5","is_talpiot":false}},{"type":"Feature","geometry":{"type":"Polygon","coordinates":[[[35.209385655509934,31.760676177926506],[35.2093881158802,31.76067476554276],[35.20939082009865,31.760673729218194],[35.209393691113156,31.760673100520272],[35.209396645537595,31.760672896587334],[35.2093995978742,31.76067312373565],[35.209402462624546,31.760673774753794],[35.209405156400564,31.760674831608267],[35.209407601091264,31.76067626363941],[35.20940972597373,31.760678029365277],[35.20944240494761,31.760711051778955],[35.209597218180804,31.76086749194317],[35.209421001343735,31.761031746389037],[35.20916312803975,31.7609204688389],[35.20913221487047,31.760905543583192],[35.209102857461026,31.76088847908941],[35.20910865282704,31.76087714360295],[35.20911620886344,31.760866592654647],[35.20912538413825,31.76085702375322],[35.20913600555288,31.760848618175313],[35.209176889173015,31.76082045567591],[35.209305794778196,31.760732259475862],[35.20931434006443,31.76072641159151],[35.209385655509934,31.760676177926506]]]},"properties":{"plan_name":"101-1161439","parcel":"1","commerce_sqm":350,"employment_sqm":0,"ce_uses":"מסחר","dominant":"commerce","combined":false,"source":"101-1161439_הוראות.pdf","split_source":"table5","is_talpiot":false}},{"type":"Feature","geometry":{"type":"Polygon","coordinates":[[[35.22049586296914,31.75075448308594],[35.22064034700703,31.75103954693679],[35.220738854837975,31.751249123085817],[35.22084315057637,31.75142006878087],[35.2208455851001,31.75142406905013],[35.22040570112912,31.751566614817467],[35.22039515453301,31.751568399992575],[35.22038441349921,31.75156879995753],[35.219973064564414,31.75062636169258],[35.22038752156164,31.75049427838991],[35.2204017088314,31.75054536973357],[35.22041673252739,31.750599474935914],[35.22042180181545,31.75061850322709],[35.22043848774569,31.750678293447745],[35.22044302892805,31.75069497700745],[35.22045992587614,31.750754226090965],[35.22049116474358,31.750745203695327],[35.22049586296914,31.75075448308594]]]},"properties":{"plan_name":"101-1010123","parcel":"13","commerce_sqm":1150,"employment_sqm":0,"ce_uses":"מסחר","dominant":"commerce","combined":false,"source":"101-1010123_הוראות.pdf","split_source":"table5","is_talpiot":false}},{"type":"Feature","geometry":{"type":"Polygon","coordinates":[[[35.21005386335268,31.741237374402317],[35.209423874400926,31.74160001164695],[35.20919478413989,31.74127115503943],[35.20922810370116,31.7412544119011],[35.20995420933543,31.741046066528035],[35.21005386335268,31.741237374402317]]]},"properties":{"plan_name":"101-1103571","parcel":"1","commerce_sqm":560,"employment_sqm":0,"ce_uses":"מסחר","dominant":"commerce","combined":false,"source":"101-1103571_הוראות.pdf","split_source":"table5","is_talpiot":false}},{"type":"Feature","geometry":{"type":"Polygon","coordinates":[[[35.22152579406141,31.775942567170038],[35.22140348078069,31.776177495218477],[35.22140094797542,31.776182383537147],[35.22134995298852,31.776159032650174],[35.221267073367905,31.776123150378886],[35.221193672515,31.776090374547962],[35.22134598329392,31.775857006498615],[35.22152579406141,31.775942567170038]]]},"properties":{"plan_name":"101-0968321","parcel":"1","commerce_sqm":32,"employment_sqm":0,"ce_uses":"מסחר","dominant":"commerce","combined":false,"source":"968321.pdf","split_source":"table5","is_talpiot":false}},{"type":"Feature","geometry":{"type":"Polygon","coordinates":[[[35.20657330419001,31.766720985518877],[35.20652981352658,31.766725466614684],[35.20634917318761,31.766747696349835],[35.2060943062617,31.766725889869175],[35.206168307358524,31.766136835824444],[35.20618277834052,31.766128418721674],[35.206198633244675,31.76612207944334],[35.206215468837904,31.766117978522708],[35.20623285338534,31.766116221481347],[35.20625034353959,31.766116852515815],[35.206267492785265,31.76611985630131],[35.20628386305039,31.766125155286083],[35.20629903631788,31.76613261510217],[35.20631262412572,31.766142044565107],[35.2063723021753,31.766191821761062],[35.2065025946516,31.76630049532035],[35.20669269247761,31.76645817741597],[35.206708617625914,31.766473934122555],[35.20676991377337,31.766542987086876],[35.206791764610635,31.76662191234419],[35.20679076067689,31.766741839408617],[35.206692705534,31.766728533634918],[35.206693792593626,31.76672010679682],[35.20657330419001,31.766720985518877]]]},"properties":{"plan_name":"101-0502948","parcel":"1","commerce_sqm":300,"employment_sqm":0,"ce_uses":"מסחר","dominant":"commerce","combined":false,"source":"101-0502948_הוראות (1).pdf","split_source":"table5","is_talpiot":false}},{"type":"Feature","geometry":{"type":"Polygon","coordinates":[[[35.19906911176568,31.75625893057101],[35.19908134553341,31.75626470017774],[35.19909251740757,31.756271871205097],[35.19910240891146,31.756280303858485],[35.19911469392147,31.756294574247473],[35.19912421137601,31.756310312723464],[35.199130725923254,31.75632713058251],[35.19913407609627,31.75634461297007],[35.19913417853452,31.75636232789961],[35.19913103326074,31.75637983887856],[35.19912471523709,31.756396711220862],[35.19907161830726,31.756503361111257],[35.19888808337518,31.756446059171747],[35.1988987134648,31.75642297241868],[35.19873342009492,31.75632382546897],[35.198758153008086,31.75627512697638],[35.19870456677665,31.756195792973465],[35.198735919459224,31.756150213356214],[35.19877245354184,31.756155889373265],[35.19877982570133,31.756144618448587],[35.19906911176568,31.75625893057101]]]},"properties":{"plan_name":"101-0862904","parcel":"1","commerce_sqm":300,"employment_sqm":0,"ce_uses":"מסחר","dominant":"commerce","combined":false,"source":"101-0862904_הוראות (1).pdf","split_source":"table5","is_talpiot":false}},{"type":"Feature","geometry":{"type":"Polygon","coordinates":[[[35.22505492800982,31.758919313321964],[35.22512859525948,31.758885572388074],[35.22512896461027,31.758885220608853],[35.225129340295325,31.75888487423964],[35.22512972231467,31.758884533280458],[35.225130112779716,31.75888419953466],[35.225130509579024,31.758883871198893],[35.225130912712636,31.758883548273133],[35.2251313221805,31.75888323075743],[35.22513173798305,31.75888292045545],[35.22513216223092,31.758882615563138],[35.22513259070243,31.758882317884897],[35.22513302550862,31.758882027420373],[35.22513346453806,31.758881742366217],[35.225133912012794,31.758881462721735],[35.2251343637116,31.758881192095007],[35.22513482174469,31.75888092687831],[35.22513528400142,31.758880668875676],[35.225135752592834,31.758880418086765],[35.2251362254075,31.75888017270823],[35.22513670244622,31.758879936347427],[35.22513718581964,31.758879707200357],[35.22513767341632,31.758879483463673],[35.22513816523703,31.7588792687447],[35.225138661281406,31.758879061239796],[35.225139161549436,31.75887886094899],[35.225139666041116,31.758878667872196],[35.225140174756454,31.758878482009475],[35.22514068558444,31.758878303361165],[35.22514120274751,31.75887813373025],[35.22514171991219,31.7588779713141],[35.22514224341154,31.75887781611164],[35.22514276902392,31.758877669927294],[35.22514329674893,31.758877530957353],[35.22514382658658,31.758877399201815],[35.22514436064831,31.75887727646402],[35.22514489682265,31.75887716094061],[35.22514543510962,31.758877052631636],[35.22514597551004,31.758876955144423],[35.2251465180227,31.758876863067933],[35.22514706264839,31.758876780009533],[35.22514760727608,31.758876705969566],[35.22514815401641,31.758876639143995],[35.22514870286938,31.75887657953285],[35.22514925172437,31.758876528940128],[35.22514980269237,31.758876487365495],[35.225150353661995,31.758876453005595],[35.22515090674468,31.758876427663804],[35.225151457717935,31.758876409537105],[35.22515201080421,31.75887640042849],[35.225152563892514,31.758876400338323],[35.22515311698244,31.75887640746289],[35.22515366796295,31.75887642180255],[35.22515422105649,31.758876445160315],[35.225154772041016,31.75887647753684],[35.225155323027565,31.758876518931807],[35.22515587190429,31.7588765657382],[35.22515642078345,31.758876623366692],[35.22515696755318,31.758876688210282],[35.22515751432454,31.758876760268613],[35.22515805898689,31.758876841345742],[35.225158601539825,31.758876929637957],[35.225159141983745,31.75887702694893],[35.225159680318654,31.75887713327871],[35.22516021654416,31.758877246823577],[35.225160752771274,31.758877367583175],[35.22516128266694,31.75887749555857],[35.225161812564615,31.758877632552405],[35.22516233824226,31.758877778565342],[35.225162861810496,31.758877931793368],[35.225163381158296,31.758878092236856],[35.225163896285665,31.758878259895774],[35.225164409304014,31.758878436573482],[35.225164920212556,31.758878618662578],[35.22516542479006,31.75887880977116],[35.22516592514751,31.758879009898838],[35.22516642339515,31.75887921543794],[35.225166915311355,31.758879428192806],[35.225167405118526,31.75887964996649],[35.225167888593845,31.75887987715224],[35.22516836784914,31.758880113357126],[35.2251688428836,31.75888035497377],[35.2251693115866,31.75888060380617],[35.225169776069166,31.75888085985401],[35.225170234220265,31.75888112311765],[35.225170688150946,31.75888139359673],[35.22517113574977,31.75888166948786],[35.225171579128535,31.758881954398163],[35.22517201406405,31.758882242917206],[35.2251724447795,31.758882540455364],[35.22517286916311,31.758882843405633],[35.22517328721485,31.758883151767986],[35.22517369893515,31.75888346734612],[35.225174102212556,31.7588837883367],[35.225174501269116,31.758884114739004],[35.225174893994236,31.75888444835713],[35.22517527827646,31.7588847873877],[35.22517565622684,31.75888513183033],[35.22517602573432,31.75888548168541],[35.225176391021364,31.75888583875594],[35.225176745754105,31.758886199435555],[35.22517709415497,31.758886565527245],[35.225177436224,31.758886937031082],[35.22517776985014,31.758887313947326],[35.22517809503298,31.758887694472335],[35.225178413883974,31.75888808040945],[35.225178724292064,31.75888847175897],[35.22517902625688,31.758888866717264],[35.2251793197788,31.758889267088],[35.22517960485745,31.758889671067465],[35.22517988360423,31.75889008045906],[35.22518015179629,31.758890491656043],[35.22518041154548,31.75889090826549],[35.22518066496238,31.75889132848332],[35.22518090782499,31.758891752310248],[35.22518114224428,31.758892179745935],[35.22518136822031,31.758892610790387],[35.22518158575305,31.758893045443603],[35.225181792731476,31.758893483705894],[35.22518199337723,31.758893923772906],[35.225182183468675,31.758894367449017],[35.22518236300539,31.758894812930528],[35.22518253620984,31.75889526202047],[35.22518269885959,31.758895712915834],[35.22518285095501,31.75889616742027],[35.22518299671738,31.758896621925725],[35.225183131925405,31.75889708004033],[35.22518325657871,31.758897539960298],[35.22518337278835,31.758898001685353],[35.22518347844327,31.75889846521583],[35.22518357565449,31.758898930551368],[35.22518366442161,31.758899395888253],[35.22518380183225,31.758900263439564],[35.22517067089138,31.759134717912247],[35.225141433706,31.75965745836303],[35.22513575760142,31.759763696474405],[35.22505701625402,31.75976641480898],[35.22503759664983,31.759775436395998],[35.22499641628949,31.759707804790022],[35.224942062217394,31.75973171243163],[35.22458537688159,31.759132945261875],[35.22505492800982,31.758919313321964]]]},"properties":{"plan_name":"101-1218999","parcel":"1","commerce_sqm":440,"employment_sqm":0,"ce_uses":"מסחר ותעסוקה","dominant":"commerce","combined":false,"source":"101-1218999_הוראות.pdf","split_source":"GS — מסחר בלבד","is_talpiot":false}},{"type":"Feature","geometry":{"type":"Polygon","coordinates":[[[35.205057976112066,31.75165580134824],[35.20506609230944,31.751647576479762],[35.205075710391824,31.751640634927767],[35.20508655805986,31.75163517239381],[35.20509832501869,31.751631345800313],[35.20511067669836,31.751629263370333],[35.20512326269732,31.751628983725666],[35.20513572522561,31.7516305158868],[35.20514770860371,31.751633815665535],[35.20515887298304,31.751638790174013],[35.20516889962296,31.751645296021128],[35.20526668172566,31.751721941368523],[35.205284212573844,31.751736412247688],[35.20517012446051,31.751957377614286],[35.20515201099248,31.751943303535135],[35.204991784722246,31.75180317575629],[35.20498533703205,31.75179439813131],[35.204980661407724,31.75178483499081],[35.20497788344685,31.751774746967524],[35.20497708019713,31.751764405516543],[35.20497827171288,31.751754092013382],[35.204981426332346,31.751744085128184],[35.204986458566715,31.751734655414673],[35.20499323226666,31.75172605899723],[35.205057976112066,31.75165580134824]]]},"properties":{"plan_name":"101-0788422","parcel":"1","commerce_sqm":1567,"employment_sqm":0,"ce_uses":"מגורים ומסחר","dominant":"commerce","combined":false,"source":"101-0788422_הוראות.pdf","split_source":"table5","is_talpiot":false}},{"type":"Feature","geometry":{"type":"Polygon","coordinates":[[[35.20486947964487,31.75229498471919],[35.2048886316893,31.752309076870468],[35.204736157422545,31.75246037988127],[35.20391224147065,31.752446447821043],[35.20391344047812,31.75244074455929],[35.20391930257985,31.752401774065522],[35.203923093871026,31.752370108506337],[35.203918591715116,31.75230083959799],[35.203914486450785,31.752223446872502],[35.203906909215945,31.75206621922492],[35.20389716870011,31.751845225724853],[35.2039012311445,31.751828642617514],[35.203908292065755,31.75181281165972],[35.203918176258924,31.751798124250996],[35.20393128900263,31.75178585109153],[35.203946136865085,31.75177511918944],[35.20396247498555,31.75176610350122],[35.204010011693,31.751746939445404],[35.2040974373495,31.751724501769772],[35.20423098954888,31.751675879933135],[35.20423098898164,31.75202938867521],[35.20423236735067,31.752047199209766],[35.20423647718598,31.752064698610905],[35.20424324883084,31.752081583858445],[35.20425256196736,31.752097560950453],[35.204272694364924,31.75212220477974],[35.20429723533105,31.752143734538688],[35.20432553682896,31.752161579356702],[35.20435684949801,31.752175267566397],[35.20439034587331,31.752184437525887],[35.20442513727324,31.752188846637495],[35.204460305462995,31.752188377660968],[35.20449492059786,31.752183043222672],[35.204528064443316,31.752172984913695],[35.20455886203899,31.752158467878836],[35.204574095124514,31.752148661196408],[35.20458783792834,31.7521373610596],[35.20483419026607,31.751908831143805],[35.2048440121709,31.751917853163977],[35.204896667990255,31.75196467313678],[35.20492666984983,31.751982035327913],[35.205013980096304,31.752060572980003],[35.20502667703487,31.752068978109715],[35.20506732206176,31.75210019796006],[35.20486947964487,31.75229498471919]]]},"properties":{"plan_name":"101-0944512","parcel":"1","commerce_sqm":415,"employment_sqm":0,"ce_uses":"מסחר","dominant":"commerce","combined":false,"source":"101-0944512_הוראות (1).pdf","split_source":"table5","is_talpiot":false}},{"type":"Feature","geometry":{"type":"Polygon","coordinates":[[[35.19943375631099,31.753863778276614],[35.19941767836862,31.753966320981952],[35.199415967947225,31.753977227822997],[35.19941196851585,31.754002731830145],[35.19938955058789,31.754121249555844],[35.199349561296295,31.754240082228375],[35.199320477978674,31.75426190390956],[35.199295583359856,31.75427188453321],[35.198764737732596,31.75402688339992],[35.19891213549019,31.75379325796672],[35.19891701156775,31.753795332418342],[35.19915955352524,31.75340782538436],[35.1994276756671,31.75352988091353],[35.19942947991473,31.753540672455962],[35.19944647031654,31.75366492565319],[35.199447508712666,31.753707932856916],[35.199443235840675,31.753794951672447],[35.19943375631099,31.753863778276614]]]},"properties":{"plan_name":"101-1033869","parcel":"1","commerce_sqm":1500,"employment_sqm":2275,"ce_uses":"מסחר ותעסוקה","dominant":"employment","combined":true,"source":"101-1033869_הוראות (1).pdf","split_source":"נספח תנועה (מאזן חניה בר יוחאי)","is_talpiot":false}},{"type":"Feature","geometry":{"type":"Polygon","coordinates":[[[35.222229599916815,31.776869022266286],[35.22223024411775,31.776864639227473],[35.22223173608821,31.776860409382852],[35.2222340346782,31.776856452683027],[35.222237075510265,31.776852880063498],[35.22224077309039,31.776849790738734],[35.22224502291985,31.77684727400559],[35.22224970466041,31.776845399322685],[35.22225468846909,31.77684421901502],[35.22225983288667,31.776843767372338],[35.222264993282586,31.776844057040712],[35.22227002396641,31.776845079022216],[35.222274783466915,31.776846805379627],[35.22227913875441,31.776849186530452],[35.22228296735322,31.776852156657522],[35.222286160508226,31.77685563100303],[35.222288628464995,31.7768595130827],[35.22229030258069,31.77686369288154],[35.222404474933015,31.777118537111857],[35.22218243992125,31.777127612002886],[35.222222428161004,31.776906088946948],[35.222229599916815,31.776869022266286]]]},"properties":{"plan_name":"101-1160019","parcel":"1","commerce_sqm":316,"employment_sqm":2245,"ce_uses":"מגורים תעסוקה ותיירות · מסחר","dominant":"employment","combined":true,"source":"101-1160019_הוראות.pdf","split_source":"table5","is_talpiot":false}},{"type":"Feature","geometry":{"type":"Polygon","coordinates":[[[35.21724072018686,31.74993173563231],[35.216840566566304,31.750081708938435],[35.21663190551104,31.74968316414212],[35.21705705416417,31.749580932679756],[35.21724072018686,31.74993173563231]]]},"properties":{"plan_name":"101-1193531","parcel":"1","commerce_sqm":756,"employment_sqm":756,"ce_uses":"מסחר · תעסוקה","dominant":"commerce","combined":true,"source":"1193531.pdf","split_source":"table5","is_talpiot":true,"mp_plan":"תכנית אב א.ת. תלפיות","mp_employment_max_sqm":1160000,"mp_commerce_extra_sqm":80000,"mp_zone_use":"אזור עירוני מעורב ג'","mp_zone_far_pct":550,"mp_zone_max_floors":14,"mp_zone_coverage_pct":50,"mp_mtchm":11,"plot_size_sqm":0,"mp_commerce_far_pct":50,"mp_employment_far_pct":50}},{"type":"Feature","geometry":{"type":"Polygon","coordinates":[[[35.198888287742854,31.745796715355773],[35.19891509734478,31.74586522972434],[35.19894799972465,31.745931777421024],[35.19898679756289,31.745995963424413],[35.19903126187605,31.74605740714069],[35.19895951122545,31.746065863420938],[35.19871199717654,31.74608217425441],[35.19865805293186,31.746085730526477],[35.19864357534878,31.746086684028253],[35.19860870783517,31.745887309631495],[35.19863790786189,31.745849940269718],[35.198888287742854,31.745796715355773]]]},"properties":{"plan_name":"101-1133040","parcel":"101","commerce_sqm":240,"employment_sqm":0,"ce_uses":"מסחר ומשרדים","dominant":"commerce","combined":false,"source":"101-1133040_הוראות.pdf","split_source":"GS — מסחר בלבד","is_talpiot":false}},{"type":"Feature","geometry":{"type":"Polygon","coordinates":[[[35.212983459828266,31.749316020324464],[35.21303511009998,31.749326009271385],[35.21305902041139,31.74942933926135],[35.21320163450439,31.750045731590607],[35.213169422538186,31.750037315994554],[35.21312637756589,31.750026069340848],[35.21294907356642,31.749967526389625],[35.2126757039891,31.74988261592327],[35.21279966427562,31.749325718418323],[35.21281716276727,31.749278034902357],[35.212983459828266,31.749316020324464]]]},"properties":{"plan_name":"101-1225218","parcel":"1","commerce_sqm":1245,"employment_sqm":6224,"ce_uses":"מסחר · תעסוקה","dominant":"employment","combined":true,"source":"101-1225218_הוראות.pdf","split_source":"table5","is_talpiot":true,"mp_plan":"תכנית אב א.ת. תלפיות","mp_employment_max_sqm":1160000,"mp_commerce_extra_sqm":80000,"mp_zone_use":"אזור עירוני מעורב א'","mp_zone_far_pct":850,"mp_zone_max_floors":30,"mp_zone_coverage_pct":60,"mp_mtchm":18,"plot_size_sqm":0,"mp_commerce_far_pct":60,"mp_employment_far_pct":300}},{"type":"Feature","geometry":{"type":"Polygon","coordinates":[[[35.215979317524976,31.758776018098224],[35.21565684947788,31.75887218179636],[35.21547039588403,31.75892946885272],[35.21546783837615,31.75892060936167],[35.21544890497741,31.758852898770044],[35.215434710676234,31.758801480474528],[35.215423927772264,31.75876759733297],[35.2154174741959,31.75874826596764],[35.215402539187046,31.75869876324819],[35.21539901867393,31.75868658685705],[35.215390301318,31.758642853594772],[35.21586860754361,31.75850621809132],[35.215979317524976,31.758776018098224]]]},"properties":{"plan_name":"101-0791319","parcel":"2","commerce_sqm":210,"employment_sqm":2880,"ce_uses":"מסחר · תעסוקה","dominant":"employment","combined":true,"source":"101-0791319_הוראות (1).pdf","split_source":"table5","is_talpiot":false}},{"type":"Feature","geometry":{"type":"Polygon","coordinates":[[[35.19285308263633,31.753345317108703],[35.19282475008169,31.75339688562394],[35.19281661603932,31.753419863886275],[35.19280536619552,31.75346067313616],[35.192796974473964,31.75350171892801],[35.192793013912805,31.753522749583475],[35.192793009415475,31.753558855832523],[35.19280150962207,31.753629921957245],[35.19262457471276,31.75355395060232],[35.192546386900084,31.75352038031677],[35.19246256976611,31.753483707111275],[35.19221345328183,31.75337470827387],[35.192217918377374,31.753370551196547],[35.19223829137371,31.753348953961414],[35.1922381239732,31.753337680887928],[35.19225116185769,31.7533140087088],[35.19230728267843,31.753261450927457],[35.19240570877106,31.7531692772657],[35.19249507438466,31.753079710816444],[35.19285308263633,31.753345317108703]]]},"properties":{"plan_name":"101-0855585","parcel":"4","commerce_sqm":820,"employment_sqm":0,"ce_uses":"מסחר","dominant":"commerce","combined":false,"source":"101-0855585_הוראות (1).pdf","split_source":"table5","is_talpiot":false}},{"type":"Feature","geometry":{"type":"Polygon","coordinates":[[[35.192803941993866,31.753200947171383],[35.192743925531694,31.7532643323628],[35.19249507438466,31.753079710816444],[35.192534743119566,31.753039952180163],[35.19255802489287,31.75301745151481],[35.192803941993866,31.753200947171383]]]},"properties":{"plan_name":"101-0855585","parcel":"6","commerce_sqm":282,"employment_sqm":0,"ce_uses":"מסחר","dominant":"commerce","combined":false,"source":"101-0855585_הוראות (1).pdf","split_source":"table5","is_talpiot":false}},{"type":"Feature","geometry":{"type":"Polygon","coordinates":[[[35.1929927424039,31.7530127528163],[35.19282970903107,31.753172281672832],[35.19258330860659,31.752988427086244],[35.192746935183244,31.752829342302153],[35.1929927424039,31.7530127528163]]]},"properties":{"plan_name":"101-0855585","parcel":"3","commerce_sqm":686,"employment_sqm":0,"ce_uses":"מסחר","dominant":"commerce","combined":false,"source":"101-0855585_הוראות (1).pdf","split_source":"table5","is_talpiot":false}},{"type":"Feature","geometry":{"type":"Polygon","coordinates":[[[35.19322519145307,31.752785304705647],[35.19305528500257,31.752951557408508],[35.19280970577499,31.752768314777068],[35.19298023076146,31.752602522393026],[35.19322519145307,31.752785304705647]]]},"properties":{"plan_name":"101-0855585","parcel":"2","commerce_sqm":711,"employment_sqm":0,"ce_uses":"מסחר","dominant":"commerce","combined":false,"source":"101-0855585_הוראות (1).pdf","split_source":"table5","is_talpiot":false}},{"type":"Feature","geometry":{"type":"Polygon","coordinates":[[[35.19296550795738,31.75325139650651],[35.19295811839122,31.753263029639836],[35.192940911799106,31.753285664396017],[35.192920538129826,31.753314160854945],[35.19291103722125,31.753329310989475],[35.192892563275464,31.75335834872149],[35.19286427085523,31.753409841494094],[35.19285740802823,31.753429230532372],[35.192846743183864,31.75346791870034],[35.19283861127911,31.753507689310123],[35.192835231608136,31.75352563571108],[35.19283522771323,31.75355701990197],[35.192837547301146,31.753576409770428],[35.192841447517786,31.753616361838073],[35.19284239356599,31.753647475561188],[35.19280150962207,31.753629921957245],[35.192793009415475,31.753558855832523],[35.192793013912805,31.753522749583475],[35.192796974473964,31.75350171892801],[35.19280536619552,31.75346067313616],[35.19281661603932,31.753419863886275],[35.19282475008169,31.75339688562394],[35.19285308263633,31.753345317108703],[35.192743925531694,31.7532643323628],[35.192803941993866,31.753200947171383],[35.19255802489287,31.75301745151481],[35.19256309587601,31.75301255136138],[35.19256539703271,31.75301030417791],[35.19258330860659,31.752988427086244],[35.19282970903107,31.753172281672832],[35.1929927424039,31.7530127528163],[35.192746935183244,31.752829342302153],[35.19280970577499,31.752768314777068],[35.19305528500257,31.752951557408508],[35.19322519145307,31.752785304705647],[35.19298023076146,31.752602522393026],[35.1930477595353,31.752536866906983],[35.19329427819231,31.75271819906095],[35.193344238103364,31.75266904384349],[35.19346945964135,31.752761435990873],[35.19351763774515,31.75271357920954],[35.193644966106525,31.75258709726283],[35.1936691525553,31.75280737125817],[35.19366608286514,31.752820540637952],[35.193660797858456,31.75283318676137],[35.19365340838729,31.752845038182226],[35.19364407385231,31.752855841495254],[35.193467518848244,31.752912978196782],[35.19336281424485,31.752951117215485],[35.19325349238652,31.7529947028865],[35.19325019290686,31.752996019291526],[35.193236893333996,31.753004044546497],[35.193187706364675,31.753030734836987],[35.193144957381065,31.753059139181026],[35.19310611320604,31.753090159205605],[35.19306199015835,31.753134435865526],[35.19305312320729,31.75314426518407],[35.19302873898043,31.75317213001308],[35.19296550795738,31.75325139650651]]]},"properties":{"plan_name":"101-0855585","parcel":"5","commerce_sqm":250,"employment_sqm":0,"ce_uses":"מסחר","dominant":"commerce","combined":false,"source":"101-0855585_הוראות (1).pdf","split_source":"table5","is_talpiot":false}},{"type":"Feature","geometry":{"type":"Polygon","coordinates":[[[35.19351763774515,31.75271357920954],[35.19346945964135,31.752761435990873],[35.193344238103364,31.75266904384349],[35.19329427819231,31.75271819906095],[35.1930477595353,31.752536866906983],[35.19323464487225,31.752355167089057],[35.193239097157075,31.752351434743048],[35.193244144636594,31.752348303979318],[35.19324967753719,31.75234584242661],[35.193255573421624,31.75234410418483],[35.19326170563288,31.752343128022215],[35.193435028202515,31.752373407134467],[35.1934338645919,31.752377806233156],[35.19343252569922,31.75238287809295],[35.1934753891672,31.752391853320034],[35.19351614006838,31.752406329605492],[35.19355381694395,31.752425965070458],[35.19358753328301,31.752450296996177],[35.193616492297,31.75247875264705],[35.19363970498966,31.75253917820233],[35.193644966106525,31.75258709726283],[35.19351763774515,31.75271357920954]]]},"properties":{"plan_name":"101-0855585","parcel":"1","commerce_sqm":1671,"employment_sqm":0,"ce_uses":"מסחר","dominant":"commerce","combined":false,"source":"101-0855585_הוראות (1).pdf","split_source":"table5","is_talpiot":false}},{"type":"Feature","geometry":{"type":"Polygon","coordinates":[[[35.200979834350846,31.76025121180971],[35.200962708539905,31.76027650626161],[35.200897551964005,31.76041446312301],[35.200783720516355,31.760550259569648],[35.20042907004818,31.76090900784509],[35.20041072827725,31.760927560000166],[35.20038425572646,31.760921127224414],[35.20038867971058,31.760792677786608],[35.20039348486433,31.760685708468205],[35.200395138521685,31.760620267142667],[35.20040631598117,31.76048664493437],[35.20040213534307,31.76030649072007],[35.20038399015966,31.76012514382595],[35.20037106479763,31.76006196386066],[35.200366520663195,31.760039753111894],[35.200979834350846,31.76025121180971]]]},"properties":{"plan_name":"101-1158146","parcel":"101","commerce_sqm":560,"employment_sqm":1260,"ce_uses":"מסחר · תעסוקה","dominant":"employment","combined":true,"source":"101-1158146_הוראות (1).pdf","split_source":"table5","is_talpiot":false}},{"type":"Feature","geometry":{"type":"Polygon","coordinates":[[[35.20570500421197,31.731997604304034],[35.206000841597266,31.732088743410433],[35.20601278237357,31.732090978036435],[35.20574426204488,31.732422926044336],[35.20572445132412,31.732411220273274],[35.205550327395855,31.732308335611023],[35.20533652139844,31.73218200117169],[35.20535126880386,31.732162782687478],[35.205423412738305,31.73209905756439],[35.20545207176898,31.73206172985323],[35.205492686004824,31.732001513138577],[35.20556029212142,31.731921401404147],[35.205560292121405,31.731921399600456],[35.20570500421197,31.731997604304034]]]},"properties":{"plan_name":"101-1026574","parcel":"3","commerce_sqm":300,"employment_sqm":2700,"ce_uses":"מסחר · תעסוקה","dominant":"employment","combined":true,"source":"1026574.pdf","split_source":"table5","is_talpiot":false}},{"type":"Feature","geometry":{"type":"Polygon","coordinates":[[[35.206773183965836,31.732481258611525],[35.20680825982696,31.732503856444456],[35.20689911314008,31.732562395410135],[35.2069968738988,31.732617317760173],[35.20699115275182,31.732625335302256],[35.20672297525629,31.733001217936167],[35.20644899680121,31.7328393338358],[35.206751040991364,31.73246593843883],[35.206773183965836,31.732481258611525]]]},"properties":{"plan_name":"101-1026574","parcel":"1","commerce_sqm":500,"employment_sqm":0,"ce_uses":"מסחר","dominant":"commerce","combined":false,"source":"1026574.pdf","split_source":"table5","is_talpiot":false}},{"type":"Feature","geometry":{"type":"Polygon","coordinates":[[[35.206356335471135,31.732213094161583],[35.20647782981259,31.73228927128675],[35.2065157883848,31.732312702460543],[35.20663490234929,31.73238558412357],[35.206751040991364,31.73246593843883],[35.20644899680121,31.7328393338358],[35.20644630596305,31.732837743020447],[35.20611346793247,31.732641080286623],[35.20611247601624,31.732640299300122],[35.20611247179534,31.732640297496488],[35.20593652780633,31.732536475468798],[35.20624834406355,31.73215100358228],[35.206356335471135,31.732213094161583]]]},"properties":{"plan_name":"101-1026574","parcel":"2","commerce_sqm":1000,"employment_sqm":0,"ce_uses":"מסחר","dominant":"commerce","combined":false,"source":"1026574.pdf","split_source":"table5","is_talpiot":false}},{"type":"Feature","geometry":{"type":"Polygon","coordinates":[[[35.204911534624024,31.73270980092807],[35.20492757283268,31.732708226234347],[35.204943702857534,31.732708802444588],[35.20495953110433,31.732711516934675],[35.20497467347526,31.732716302969774],[35.20498875958988,31.732723043311765],[35.20500144755785,31.73273157472821],[35.20505182700039,31.73291724503663],[35.20470449389108,31.73298449716295],[35.20464299511914,31.732757848594645],[35.20469462046677,31.732747749588935],[35.204911534624024,31.73270980092807]]]},"properties":{"plan_name":"101-1059831","parcel":"101","commerce_sqm":1390,"employment_sqm":0,"ce_uses":"מסחר · מגורים ומסחר","dominant":"commerce","combined":false,"source":"1059831.pdf","split_source":"table5","is_talpiot":false}},{"type":"Feature","geometry":{"type":"Polygon","coordinates":[[[35.215997945314626,31.74628550847243],[35.21561274954666,31.746419032389934],[35.21559064960829,31.746362531905902],[35.215517209390434,31.74615823784788],[35.21551626980269,31.74615564422197],[35.215867907518614,31.74603375201805],[35.215997945314626,31.74628550847243]]]},"properties":{"plan_name":"101-0771600","parcel":"104","commerce_sqm":220,"employment_sqm":0,"ce_uses":"מסחר","dominant":"commerce","combined":false,"source":"101-0771600_הוראות.pdf","split_source":"table5","is_talpiot":false}},{"type":"Feature","geometry":{"type":"Polygon","coordinates":[[[35.21579800133669,31.744857271690435],[35.21581954556209,31.744850706124506],[35.2158420568697,31.744847241915668],[35.21586492844531,31.74484697291011],[35.215887542910465,31.744849904574423],[35.215909290263916,31.74485596030711],[35.215929585821584,31.744864975123747],[35.21594788182649,31.744876706478205],[35.215963683279284,31.74489083786852],[35.21597656693588,31.74490698875513],[35.2159793409256,31.74491116404873],[35.21598124936343,31.74491403895944],[35.21604728687024,31.74501349389591],[35.21609821920867,31.745087806726254],[35.215799860416276,31.745231983036064],[35.21578601283793,31.74523867416807],[35.21562378967958,31.74492460095131],[35.215635258728696,31.744920168268578],[35.21579800133669,31.744857271690435]]]},"properties":{"plan_name":"101-0771600","parcel":"100","commerce_sqm":670,"employment_sqm":2790,"ce_uses":"מסחר · תעסוקה","dominant":"employment","combined":true,"source":"101-0771600_הוראות.pdf","split_source":"table5","is_talpiot":false}},{"type":"Feature","geometry":{"type":"Polygon","coordinates":[[[35.21567191301793,31.74543988791826],[35.2153008692078,31.745579836208133],[35.21525441046277,31.745456545245617],[35.215247060582364,31.745435435467794],[35.21523538659055,31.745384548915432],[35.21523404616257,31.74538350288854],[35.21520871839473,31.745281962623583],[35.21520514241125,31.745241967871895],[35.21520966946982,31.74520204367733],[35.21522216461304,31.7451633804869],[35.21524225648059,31.745127129987026],[35.21526934469418,31.745094372636647],[35.21530262307246,31.745066084297648],[35.215341099680295,31.745043110080015],[35.21540747586177,31.745013175699277],[35.21544356716787,31.744997794296633],[35.21567191301793,31.74543988791826]]]},"properties":{"plan_name":"101-0771600","parcel":"300","commerce_sqm":600,"employment_sqm":3450,"ce_uses":"מסחר · תעסוקה","dominant":"employment","combined":true,"source":"101-0771600_הוראות.pdf","split_source":"table5","is_talpiot":false}},{"type":"Feature","geometry":{"type":"Polygon","coordinates":[[[35.216228110320245,31.746563611048987],[35.21590580514681,31.74667664546394],[35.21577410761688,31.74642167670548],[35.21609703699849,31.746309852838582],[35.216228110320245,31.746563611048987]]]},"properties":{"plan_name":"101-0771600","parcel":"201","commerce_sqm":950,"employment_sqm":0,"ce_uses":"מסחר","dominant":"commerce","combined":false,"source":"101-0771600_הוראות.pdf","split_source":"table5","is_talpiot":false}},{"type":"Feature","geometry":{"type":"Polygon","coordinates":[[[35.2165768294076,31.745813053205296],[35.216589171373194,31.745833258777584],[35.21662558437977,31.745903754363177],[35.21669751115607,31.74604300682928],[35.21648617721395,31.746116265965313],[35.21629147058179,31.746183760403436],[35.21588550838786,31.74539780492417],[35.21620490167411,31.745243464469457],[35.216285318035126,31.745360796132296],[35.216264235377466,31.745370972723762],[35.216323102106415,31.745460385224646],[35.21634524643571,31.74544994338126],[35.216425370270734,31.745571207026618],[35.21640064892141,31.745583135368566],[35.21645234936231,31.745667588331187],[35.21647521774488,31.745657454828187],[35.21654690317531,31.74577821235647],[35.21655372262006,31.745775810992008],[35.2165768294076,31.745813053205296]]]},"properties":{"plan_name":"101-0771600","parcel":"102","commerce_sqm":2150,"employment_sqm":4210,"ce_uses":"מסחר · תעסוקה","dominant":"employment","combined":true,"source":"101-0771600_הוראות.pdf","split_source":"table5","is_talpiot":false}},{"type":"Feature","geometry":{"type":"Polygon","coordinates":[[[35.21685318433975,31.746344388493284],[35.21649181473796,31.746471127246156],[35.21636609076865,31.746227723791705],[35.216361253864314,31.74621836128537],[35.216390608681884,31.746208194721937],[35.21672332571714,31.74609298100932],[35.21685318433975,31.746344388493284]]]},"properties":{"plan_name":"101-0771600","parcel":"200","commerce_sqm":430,"employment_sqm":1800,"ce_uses":"מסחר · תעסוקה","dominant":"employment","combined":true,"source":"101-0771600_הוראות.pdf","split_source":"table5","is_talpiot":false}},{"type":"Feature","geometry":{"type":"Polygon","coordinates":[[[35.21085290216035,31.758939142837228],[35.21085468204375,31.758973618432243],[35.210856419649694,31.75900725711814],[35.21086113991676,31.759098294402712],[35.21083081057317,31.759095603036275],[35.210784690657896,31.75909181220796],[35.21067118366048,31.759074282412264],[35.210583674202226,31.75905949646476],[35.21057440754452,31.75905501024269],[35.21056573192294,31.759049732172386],[35.21055932355563,31.75904459287552],[35.21055400231282,31.75903861661457],[35.21054991597738,31.75903196841998],[35.21054717750126,31.759024832262497],[35.21054586289442,31.75901740744604],[35.2105324211707,31.758845550933625],[35.21063943141522,31.758819421109266],[35.21072910828434,31.758797523511124],[35.21084426682449,31.75876940724809],[35.21085290216035,31.758939142837228]]]},"properties":{"plan_name":"101-1167410","parcel":"1","commerce_sqm":570,"employment_sqm":0,"ce_uses":"מסחר","dominant":"commerce","combined":false,"source":"101-1167410_הוראות (1).pdf","split_source":"table5","is_talpiot":false}},{"type":"Feature","geometry":{"type":"Polygon","coordinates":[[[35.21418585306608,31.748288188816105],[35.214181395008936,31.74828741537579],[35.21410870573678,31.748285438689997],[35.21404318638668,31.74827947887026],[35.213958472241025,31.748279950618272],[35.21390875077108,31.74828143337229],[35.21388978852065,31.74798172632773],[35.21411353254413,31.747977456331153],[35.21413270891409,31.7479770941268],[35.21428616408105,31.747992954768442],[35.214396023376565,31.747970308058385],[35.21442184303846,31.74803492505056],[35.21439836537378,31.748039764397017],[35.214390514862934,31.748250690407264],[35.21425443861797,31.748246992636336],[35.214254202879815,31.748253301964567],[35.21418721909594,31.74825148180241],[35.21418585306608,31.748288188816105]]]},"properties":{"plan_name":"101-1229517","parcel":"1","commerce_sqm":310,"employment_sqm":0,"ce_uses":"מסחר","dominant":"commerce","combined":false,"source":"1229517.pdf","split_source":"table5","is_talpiot":true,"mp_plan":"תכנית אב א.ת. תלפיות","mp_employment_max_sqm":1160000,"mp_commerce_extra_sqm":80000}},{"type":"Feature","geometry":{"type":"Polygon","coordinates":[[[35.194496429393006,31.75613151590069],[35.194621055341486,31.75612110920706],[35.19521544105906,31.756376829786017],[35.19531028004109,31.756381472051856],[35.19538773912587,31.756280144526244],[35.19554476081181,31.75635053903985],[35.19592019990314,31.756519447469387],[35.19603526668621,31.756567824567448],[35.196021050719175,31.75662240324335],[35.19583397708599,31.756613734931978],[35.1947804933845,31.756558192888082],[35.194754626876936,31.75655546285792],[35.194729671638584,31.75654903623237],[35.19470634854969,31.756539097944756],[35.19468532570477,31.75652593393132],[35.19466840563173,31.756511862972012],[35.194654090707246,31.756495819876115],[35.194642691207,31.75647815278012],[35.194634456184026,31.75645924588941],[35.19463017770467,31.756434762296617],[35.194627889001616,31.756418566803845],[35.194622252687985,31.756388650397383],[35.19461442937826,31.7563590945606],[35.19459488729776,31.75630705755367],[35.19456858358487,31.756257242166928],[35.19452709106432,31.756191772290773],[35.194496429393006,31.75613151590069]]]},"properties":{"plan_name":"101-0987016","parcel":"1","commerce_sqm":880,"employment_sqm":1450,"ce_uses":"מסחר · משרדים","dominant":"employment","combined":true,"source":"101-0987016_הוראות.pdf","split_source":"table5","is_talpiot":false}},{"type":"Feature","geometry":{"type":"Polygon","coordinates":[[[35.20170002541678,31.762877766874638],[35.201664142606,31.762884226919695],[35.20157912133877,31.76289504719756],[35.20144510546463,31.762900002514318],[35.201445143455246,31.762900301927175],[35.201404880116904,31.762904766920894],[35.20136895302203,31.762908748616454],[35.20135066436038,31.76291077733016],[35.20132516200483,31.76291312151355],[35.20132264975821,31.762913693221893],[35.20127912455207,31.76292361424921],[35.20124452103232,31.762930029115005],[35.201232149813684,31.762932323099115],[35.20111256464615,31.762960405290166],[35.20103710393879,31.7629866866517],[35.2010251685849,31.76296162050666],[35.20102250666074,31.762956240039703],[35.20100212532473,31.76291504149734],[35.20124024325142,31.762887041748925],[35.20117511872577,31.76248276903207],[35.20126923009292,31.762471702140353],[35.201232171085735,31.762241646406018],[35.20120814973681,31.762092529617508],[35.20131218403056,31.762109991853308],[35.201334029448255,31.76224559895642],[35.20137219829362,31.762241110487235],[35.2014182534012,31.76252700492107],[35.20165305364945,31.762499393918418],[35.20165521818341,31.762549255077786],[35.201656813104094,31.76258601424506],[35.20166011384071,31.76262146036467],[35.201322658062736,31.76266114283513],[35.20135684059161,31.762873331141055],[35.20169195589163,31.762833922692394],[35.20170002541678,31.762877766874638]]]},"properties":{"plan_name":"101-0690859","parcel":"7","commerce_sqm":0,"employment_sqm":300,"ce_uses":"תעסוקה ומבנים ומוסדות ציבור","dominant":"employment","combined":false,"source":"101-0690859_הוראות (1).pdf","split_source":"table5","is_talpiot":false}},{"type":"Feature","geometry":{"type":"Polygon","coordinates":[[[35.20126923009292,31.762471702140353],[35.20117511872577,31.76248276903207],[35.20124024325142,31.762887041748925],[35.20100212532473,31.76291504149734],[35.20099447942578,31.762899587308272],[35.20096214251224,31.762810763901552],[35.200941968853705,31.76274982761219],[35.200932406643986,31.762719400965082],[35.20092679182286,31.762699603549194],[35.20090616265379,31.762626840467775],[35.200886579285715,31.76253357129772],[35.20088448130692,31.762521288134245],[35.20087354042108,31.762439285024335],[35.20086607406938,31.762366834332912],[35.20086489861579,31.762355433197026],[35.20086372949373,31.762344086171904],[35.200859827742576,31.76229976046396],[35.20085941450736,31.762285478861347],[35.201232171085735,31.762241646406018],[35.20126923009292,31.762471702140353]]]},"properties":{"plan_name":"101-0690859","parcel":"3","commerce_sqm":200,"employment_sqm":0,"ce_uses":"מסחר","dominant":"commerce","combined":false,"source":"101-0690859_הוראות (1).pdf","split_source":"table5","is_talpiot":false}},{"type":"Feature","geometry":{"type":"Polygon","coordinates":[[[35.21421657442542,31.75524555138475],[35.214242979787024,31.755241692155288],[35.21426976868378,31.75524160891282],[35.21429620651157,31.755245305321665],[35.214321567098615,31.755252678628477],[35.21432229697488,31.755307162595212],[35.21435395655554,31.755323631405727],[35.21436401466741,31.75535799088685],[35.21441636617475,31.75565228923284],[35.214393253450886,31.755770685167608],[35.21441114789018,31.755887070368868],[35.21446094412897,31.755953716335835],[35.21447417558789,31.756070206507662],[35.21404288298937,31.756170387942444],[35.21388811794237,31.756213538401283],[35.21370693898775,31.756264046049374],[35.213584890548276,31.756297688302386],[35.21373511405256,31.756600047674613],[35.21371414642724,31.756606672355797],[35.21367880214703,31.756625141100905],[35.21345596595084,31.756259740732656],[35.21331281788471,31.75602500440733],[35.21319497961897,31.755821498834415],[35.213081954308144,31.75565748818604],[35.21297069400087,31.75551474280284],[35.213270388340725,31.75541430909519],[35.21326696568305,31.755405779690417],[35.21331328316483,31.75539658846156],[35.21369784436589,31.755330937315257],[35.21392565145555,31.75529345783883],[35.21421657442542,31.75524555138475]]]},"properties":{"plan_name":"101-1048347","parcel":"400","commerce_sqm":220,"employment_sqm":0,"ce_uses":"מסחר","dominant":"commerce","combined":false,"source":"101-1048347_הוראות.pdf","split_source":"table5","is_talpiot":true,"mp_plan":"תכנית אב א.ת. תלפיות","mp_employment_max_sqm":1160000,"mp_commerce_extra_sqm":80000,"mp_zone_use":"מבנים ומוסדות ציבור","mp_zone_far_pct":null,"mp_zone_max_floors":null,"mp_zone_coverage_pct":null,"mp_mtchm":6,"plot_size_sqm":11502}},{"type":"Feature","geometry":{"type":"Polygon","coordinates":[[[35.21452833124954,31.756331657662844],[35.214518839405194,31.75634240749933],[35.21450740108534,31.756351671250616],[35.2144982432591,31.756357220123594],[35.21448838448618,31.756361807685625],[35.21447788703625,31.756365396054168],[35.21425141951272,31.7564369390626],[35.21421754803865,31.756447639357837],[35.21416739308095,31.756463485015058],[35.21397566630925,31.756524054826595],[35.21388811794237,31.756213538401283],[35.21404288298937,31.756170387942444],[35.21447417558789,31.756070206507662],[35.21452833124954,31.756331657662844]]]},"properties":{"plan_name":"101-1048347","parcel":"141","commerce_sqm":200,"employment_sqm":0,"ce_uses":"מסחר","dominant":"commerce","combined":false,"source":"101-1048347_הוראות.pdf","split_source":"table5","is_talpiot":true,"mp_plan":"תכנית אב א.ת. תלפיות","mp_employment_max_sqm":1160000,"mp_commerce_extra_sqm":80000,"mp_zone_use":"מבנים ומוסדות ציבור","mp_zone_far_pct":null,"mp_zone_max_floors":null,"mp_zone_coverage_pct":null,"mp_mtchm":6,"plot_size_sqm":1900}},{"type":"Feature","geometry":{"type":"Polygon","coordinates":[[[35.208623632456614,31.75372746999364],[35.2086337293401,31.75373651696156],[35.208808123135604,31.753894110158836],[35.20900726071788,31.754075119511914],[35.20917667798091,31.75422779552078],[35.20923972993896,31.754285960297196],[35.20923940328168,31.754296208870326],[35.20923276649968,31.754335742377677],[35.20917556275886,31.754378852709042],[35.20907730298384,31.75445113920279],[35.20906738205336,31.754459301260436],[35.20907002087653,31.75446263798784],[35.209040469006446,31.754483922601214],[35.209037068134414,31.754480474072388],[35.20839244221313,31.75388707150183],[35.20861363478626,31.75371839055514],[35.208623632456614,31.75372746999364]]]},"properties":{"plan_name":"101-0778035","parcel":"2","commerce_sqm":850,"employment_sqm":620,"ce_uses":"מסחר · תעסוקה","dominant":"commerce","combined":true,"source":"101-0778035_הוראות (1).pdf","split_source":"table5","is_talpiot":false}},{"type":"Feature","geometry":{"type":"Polygon","coordinates":[[[35.21022128800309,31.765232443847292],[35.21017800004165,31.765291137762127],[35.210145635848,31.765325827716858],[35.210025014208135,31.76543168783159],[35.20992469269466,31.76534940989413],[35.20991716895681,31.765339677532655],[35.20991150299845,31.765329065793182],[35.20990783311603,31.765317831695267],[35.209906245883026,31.765306246690034],[35.20990678142759,31.765294592150774],[35.20990942604308,31.765283149453037],[35.20991411535456,31.765272195465304],[35.20992073748524,31.76526199623587],[35.20992913094485,31.765252797072726],[35.210135864390516,31.765071555347465],[35.2103685498243,31.764862116845478],[35.21075849008355,31.765177914305063],[35.2107697358703,31.765202800999134],[35.210804886534866,31.765229313413478],[35.210805099595774,31.76525745090202],[35.210812602695796,31.765288046446372],[35.2107263286181,31.765271545244048],[35.210269474231296,31.765180280837413],[35.21022128800309,31.765232443847292]]]},"properties":{"plan_name":"101-1071448","parcel":"100","commerce_sqm":80,"employment_sqm":0,"ce_uses":"מסחר ותעסוקה","dominant":"commerce","combined":false,"source":"101-1071448_הוראות.pdf","split_source":"GS — מסחר בלבד","is_talpiot":false}},{"type":"Feature","geometry":{"type":"Polygon","coordinates":[[[35.19416122153972,31.752997309497513],[35.19416451625445,31.753077712819575],[35.19417312464489,31.753230069338084],[35.1941766459718,31.75324610261379],[35.19338158895084,31.753411496090557],[35.19324825317612,31.753435542117465],[35.193208720025076,31.75329660769286],[35.193263022103615,31.753285310525698],[35.193235815632875,31.75318982444802],[35.19406249712291,31.75301784736627],[35.19405652714653,31.75296417089247],[35.194159665761795,31.75295935073106],[35.19416122153972,31.752997309497513]]]},"properties":{"plan_name":"101-1114305","parcel":"1","commerce_sqm":1380,"employment_sqm":0,"ce_uses":"מסחר","dominant":"commerce","combined":false,"source":"101-1114305_הוראות (1).pdf","split_source":"table5","is_talpiot":false}},{"type":"Feature","geometry":{"type":"Polygon","coordinates":[[[35.224490960171885,31.767758354129413],[35.22447443439315,31.76776250340933],[35.22405014311228,31.767741001164445],[35.22403679066163,31.767676063346617],[35.22402662385995,31.767610158260226],[35.22401981384718,31.767543937009933],[35.22401637542183,31.767477527655682],[35.22401631071341,31.767411051044277],[35.224019535539234,31.767345800431013],[35.224026013780005,31.767280726076493],[35.224035732786824,31.767215947025353],[35.22404867568813,31.767151580519016],[35.22407936734982,31.767036592643116],[35.22410361382865,31.766953383084008],[35.224145881865255,31.766812230939436],[35.22420744922411,31.76660628198413],[35.22476492037782,31.76663721197635],[35.224724835900815,31.76716228561666],[35.224602046349105,31.767155631532127],[35.22459930224153,31.767196618911626],[35.22453214597697,31.767193438833758],[35.224520621349825,31.76737111267029],[35.22453096646912,31.76737183250838],[35.2245237995811,31.767462739375695],[35.224513446033455,31.767462142188997],[35.224490960171885,31.767758354129413]]]},"properties":{"plan_name":"101-1067719","parcel":"1","commerce_sqm":3000,"employment_sqm":0,"ce_uses":"מסחר","dominant":"commerce","combined":false,"source":"101-1067719_הוראות (1).pdf","split_source":"table5","is_talpiot":false}},{"type":"Feature","geometry":{"type":"Polygon","coordinates":[[[35.22476477003814,31.76501731470778],[35.22477583885502,31.765209755393943],[35.22477874557374,31.76529473017433],[35.224802524006336,31.76541156732572],[35.224797503955934,31.76541301468637],[35.224812768808704,31.765465946808472],[35.224835866163815,31.765547787145703],[35.22487231738906,31.76567081429683],[35.224874829689654,31.76567080667793],[35.22488933045895,31.76571451666675],[35.22499843736027,31.766043422773357],[35.22507014497783,31.766266842694886],[35.224787982277455,31.76633513606184],[35.22476492037782,31.76663721197635],[35.22420744922411,31.76660628198413],[35.224473243530575,31.76572003731975],[35.22449329898954,31.76560922472437],[35.22450578025133,31.76557013147269],[35.2245275886776,31.76550182064325],[35.22458414350352,31.765359214094033],[35.22468986296345,31.76514860433959],[35.22472879994475,31.76507479310483],[35.22476089397482,31.765017465033868],[35.22476477003814,31.76501731470778]]]},"properties":{"plan_name":"101-1067719","parcel":"2","commerce_sqm":1100,"employment_sqm":0,"ce_uses":"מסחר","dominant":"commerce","combined":false,"source":"101-1067719_הוראות (1).pdf","split_source":"table5","is_talpiot":false}},{"type":"Feature","geometry":{"type":"Polygon","coordinates":[[[35.225318793463316,31.764995100840977],[35.22488387660902,31.765012533862762],[35.224884237157056,31.764799808892683],[35.22492033234495,31.76473611673099],[35.225164596421536,31.764646504264512],[35.22528839339414,31.764641327268542],[35.225318793463316,31.764995100840977]]]},"properties":{"plan_name":"101-1067719","parcel":"4","commerce_sqm":855,"employment_sqm":0,"ce_uses":"מסחר","dominant":"commerce","combined":false,"source":"101-1067719_הוראות (1).pdf","split_source":"table5","is_talpiot":false}},{"type":"Feature","geometry":{"type":"Polygon","coordinates":[[[35.20223371706993,31.755667002126994],[35.20208057330929,31.755946304230854],[35.20176596005884,31.755958312532563],[35.20193642818878,31.75556304659096],[35.20223371706993,31.755667002126994]]]},"properties":{"plan_name":"101-0605956","parcel":"1","commerce_sqm":244,"employment_sqm":0,"ce_uses":"מסחר","dominant":"commerce","combined":false,"source":"101-0605956_הוראות (1).pdf","split_source":"table5","is_talpiot":false}},{"type":"Feature","geometry":{"type":"Polygon","coordinates":[[[35.197706452679896,31.745395709163425],[35.197692705482226,31.745426322498048],[35.197677539370396,31.745522507155265],[35.1976804914067,31.74553448923273],[35.197435434769815,31.745587896042533],[35.19737277551142,31.74539626843328],[35.19769453256399,31.7453199534963],[35.197706452679896,31.745395709163425]]]},"properties":{"plan_name":"101-1117159","parcel":"2","commerce_sqm":287,"employment_sqm":0,"ce_uses":"מסחר","dominant":"commerce","combined":false,"source":"1117159.pdf","split_source":"table5","is_talpiot":false}},{"type":"Feature","geometry":{"type":"Polygon","coordinates":[[[35.219304489056256,31.77447867827273],[35.21910271187805,31.774577833987163],[35.21904668412596,31.774509948913394],[35.21898637923345,31.77444479237566],[35.21892197881357,31.774382562752365],[35.218912643173795,31.77437459694896],[35.21891266217391,31.774374582517325],[35.21887889031022,31.774344922991215],[35.218880149299764,31.774294690269095],[35.21899155468763,31.77419255299096],[35.219304489056256,31.77447867827273]]]},"properties":{"plan_name":"101-1386671","parcel":"1","commerce_sqm":95,"employment_sqm":0,"ce_uses":"מסחר","dominant":"commerce","combined":false,"source":"101-1386671_הוראות (1).pdf","split_source":"table5","is_talpiot":false}},{"type":"Feature","geometry":{"type":"Polygon","coordinates":[[[35.22198984712861,31.759782800426226],[35.22157850824927,31.759898573983012],[35.22149195086583,31.759690849552648],[35.22190093397543,31.759568974721088],[35.22198984712861,31.759782800426226]]]},"properties":{"plan_name":"101-1278407","parcel":"1","commerce_sqm":180,"employment_sqm":0,"ce_uses":"מסחר","dominant":"commerce","combined":false,"source":"101-1278407_הוראות.pdf","split_source":"table5","is_talpiot":false}},{"type":"Feature","geometry":{"type":"Polygon","coordinates":[[[35.21157368132161,31.760700608732584],[35.2119305790613,31.76086882158628],[35.21177949823342,31.761107205731662],[35.21176716397306,31.761090067813306],[35.21176116738698,31.761075770333758],[35.21176187539942,31.761059284593244],[35.21176499444726,31.761045190401973],[35.21144466559162,31.7608942742295],[35.21108734218764,31.760725922957395],[35.21076895348088,31.76057492020279],[35.210754915889446,31.760589157408777],[35.210739879527885,31.760599989301692],[35.21072478567536,31.76060365695025],[35.210704918172105,31.760599457150644],[35.21068275129699,31.76058897341559],[35.21076140539953,31.760467572334186],[35.21061997025034,31.76039805801948],[35.21062490750623,31.760390455235925],[35.21056449665389,31.76037841496294],[35.210545899109064,31.760375747309048],[35.210527041021635,31.760375682385675],[35.210508418488715,31.76037822016888],[35.2104905202144,31.760383293898872],[35.21047381589925,31.76039077188431],[35.21045874568515,31.76040045750274],[35.21044570326741,31.760412095514305],[35.21043503272875,31.760425380178237],[35.2104113489273,31.760460609116546],[35.21033897114779,31.760426376735197],[35.210391035396846,31.760348539774522],[35.21043035775372,31.760278819990013],[35.21086102339613,31.76036479681536],[35.211216765875676,31.76053242734187],[35.21157368132161,31.760700608732584]]]},"properties":{"plan_name":"101-1336049","parcel":"1","commerce_sqm":920,"employment_sqm":0,"ce_uses":"מסחר","dominant":"commerce","combined":false,"source":"101-1336049_הוראות (1).pdf","split_source":"table5","is_talpiot":false}},{"type":"Feature","geometry":{"type":"Polygon","coordinates":[[[35.19533607730579,31.75441470835232],[35.19484914528119,31.754199907615657],[35.19495655183481,31.754024003620728],[35.1950167908934,31.753920097536476],[35.19505354611101,31.753856704169177],[35.19533277600919,31.753978707793426],[35.195547964111064,31.754072731163756],[35.19557418059303,31.754084186403603],[35.195640355084194,31.754113003088108],[35.19553921611403,31.754276464442146],[35.19544226897439,31.754243322108398],[35.19533607730579,31.75441470835232]]]},"properties":{"plan_name":"101-1242700","parcel":"1","commerce_sqm":220,"employment_sqm":0,"ce_uses":"מסחר","dominant":"commerce","combined":false,"source":"101-1242700_הוראות (1).pdf","split_source":"table5","is_talpiot":false}},{"type":"Feature","geometry":{"type":"Polygon","coordinates":[[[35.20750038325847,31.74474097400147],[35.20721414246134,31.74474569734234],[35.20721266923889,31.74446992012828],[35.20749306900311,31.744468618536565],[35.20750038325847,31.74474097400147]]]},"properties":{"plan_name":"101-0130310","parcel":"1","commerce_sqm":272,"employment_sqm":0,"ce_uses":"מסחר","dominant":"commerce","combined":false,"source":"130310.pdf","split_source":"table5","is_talpiot":false}},{"type":"Feature","geometry":{"type":"Polygon","coordinates":[[[35.22263999522038,31.767121441418094],[35.22227217364862,31.766759385741224],[35.222435696327196,31.766647786690157],[35.22248253828183,31.766619093327556],[35.222533754749136,31.766596506603243],[35.22258826383954,31.766580501937657],[35.222599499419516,31.76657937212601],[35.22261079654863,31.766579898087784],[35.222621821655395,31.766582066343105],[35.22263225171414,31.766585812005637],[35.22264177846865,31.766591025094915],[35.22265012321078,31.76659755233786],[35.22269893779574,31.766648246925044],[35.22290052948311,31.766857605809918],[35.22290642319286,31.766864309251417],[35.222911009152874,31.76687172173122],[35.222914173321165,31.766879659290165],[35.22291583648727,31.766887921730785],[35.22291595638607,31.766896305242852],[35.22291453086439,31.766904601501018],[35.22291159577066,31.766912601272544],[35.22290722390198,31.766920107945],[35.22290152289201,31.7669269330175],[35.222894637324586,31.766932906922435],[35.22263999522038,31.767121441418094]]]},"properties":{"plan_name":"101-0973958","parcel":"1","commerce_sqm":125,"employment_sqm":0,"ce_uses":"מסחר","dominant":"commerce","combined":false,"source":"101-0973958_הוראות (1).pdf","split_source":"table5","is_talpiot":false}},{"type":"Feature","geometry":{"type":"Polygon","coordinates":[[[35.20807626232342,31.740781877609212],[35.20824723496102,31.741347027179373],[35.208179539961236,31.741377269926097],[35.208060706428014,31.741432005564004],[35.20794292391115,31.741488375206718],[35.20772784851202,31.741426324994293],[35.20763751369661,31.7414284917664],[35.207493040009815,31.741393323371444],[35.207262065575776,31.74132456482644],[35.20725918032348,31.741323706333976],[35.207122727262146,31.741286643459894],[35.206958076568064,31.74125677053191],[35.206915769579226,31.741196859925253],[35.20725540799695,31.740688193324413],[35.20733924793814,31.740725100371215],[35.20742647738542,31.740755736743665],[35.207516456801045,31.74077987879273],[35.20760852342933,31.740797347963834],[35.20770200290581,31.740808017109817],[35.207796208202616,31.740811806883478],[35.20789044701641,31.740808689345094],[35.20798402704571,31.74079868886399],[35.20807626232342,31.740781877609212]]]},"properties":{"plan_name":"101-1320233","parcel":"2","commerce_sqm":432,"employment_sqm":0,"ce_uses":"מסחר","dominant":"commerce","combined":false,"source":"1320233.pdf","split_source":"table5","is_talpiot":false}},{"type":"Feature","geometry":{"type":"MultiPolygon","coordinates":[[[[35.20944544042779,31.74031264674445],[35.209653210404426,31.74042621505549],[35.209668607687064,31.74043351215889],[35.20973220402757,31.740462686039987],[35.209791750483625,31.740497548006744],[35.2098465515924,31.74053769226362],[35.209895969925405,31.740582651687827],[35.2099394292545,31.740631900534172],[35.209976422995105,31.740684867060295],[35.20998104167921,31.74069593702203],[35.20998340415072,31.740707513920484],[35.20998344284929,31.74071926678112],[35.20998115669826,31.740730854706015],[35.20997661110585,31.740741946714582],[35.209969937965404,31.740752222645284],[35.20996132721387,31.740761386683943],[35.20995102894279,31.740769174578162],[35.20994430163131,31.740756016933116],[35.209860002006096,31.740798190923197],[35.20971469486474,31.74083839598937],[35.20948186591654,31.74090300838634],[35.209245041547995,31.74097341036356],[35.20901072664082,31.741049699963654],[35.20877912166267,31.741131811358517],[35.208732889300904,31.741149020174213],[35.20866914437246,31.741059102843508],[35.2085918985394,31.74056257585299],[35.20888998507152,31.740409859603403],[35.208912542676956,31.740398699355215],[35.2089196425886,31.740395346037417],[35.208992798870234,31.740364956596252],[35.20906516187645,31.740341705256835],[35.20913968745007,31.740324136330024],[35.20921576564669,31.740312393228823],[35.20929277385719,31.740306572472054],[35.209370083139,31.740306720978673],[35.20944544042779,31.74031264674445]]],[[[35.20944544042779,31.74031264674445],[35.2094453327838,31.74031258722685],[35.20944544464899,31.740312646744254],[35.20944544042779,31.74031264674445]]]]},"properties":{"plan_name":"101-1320233","parcel":"1","commerce_sqm":616,"employment_sqm":0,"ce_uses":"מסחר","dominant":"commerce","combined":false,"source":"1320233.pdf","split_source":"table5","is_talpiot":false}},{"type":"Feature","geometry":{"type":"Polygon","coordinates":[[[35.217620337795374,31.756080498851873],[35.217575729138495,31.755962616206066],[35.21755224016228,31.755900542893897],[35.2176074395767,31.755885763162954],[35.21758807672144,31.755832963994514],[35.21750926509051,31.755854140228216],[35.217456133098636,31.755709378044013],[35.217696069402145,31.75564433022201],[35.21780953942696,31.755951978873835],[35.21781271715087,31.755964359958362],[35.217813343823366,31.755977024490846],[35.21781140250068,31.755989590993032],[35.21780695012312,31.756001681586046],[35.217800120683485,31.75601293461599],[35.21779111889515,31.75602301006566],[35.21778021702803,31.756031605788145],[35.21776774118827,31.756038463821252],[35.217754066041906,31.7560433776029],[35.217620337795374,31.756080498851873]]]},"properties":{"plan_name":"101-1424969","parcel":"3","commerce_sqm":0,"employment_sqm":120,"ce_uses":"מבנים ומוסדות ציבור ומשרדים","dominant":"employment","combined":false,"source":"1424969.pdf","split_source":"table5","is_talpiot":false}},{"type":"Feature","geometry":{"type":"Polygon","coordinates":[[[35.22030801292443,31.773335501259737],[35.22031941665526,31.773349658748984],[35.22029872881137,31.773369592039074],[35.220258745001864,31.773412517482665],[35.22022393346061,31.773458614949437],[35.220194636154304,31.773507430774778],[35.2201711412077,31.773558484244965],[35.22015367973752,31.773611274812442],[35.220142422685136,31.77366528299764],[35.22013748081737,31.773719977603715],[35.2199371730569,31.773513269438876],[35.21995150329312,31.773503408753925],[35.21992102470088,31.773471186063187],[35.220149238090144,31.77332884738565],[35.220161317964404,31.773321285750075],[35.220174672338814,31.77331549697621],[35.220188947588284,31.773311632617002],[35.22020376791043,31.773309795528803],[35.220218741658684,31.773310034459534],[35.22023347084318,31.773312343145808],[35.22024756802132,31.773316660310744],[35.22026065946521,31.77332287236907],[35.220286274040284,31.773308490207853],[35.22030801292443,31.773335501259737]]]},"properties":{"plan_name":"101-1226307","parcel":"1","commerce_sqm":155,"employment_sqm":0,"ce_uses":"מסחר","dominant":"commerce","combined":false,"source":"101-1226307_הוראות (1).pdf","split_source":"table5","is_talpiot":false}},{"type":"Feature","geometry":{"type":"Polygon","coordinates":[[[35.217518644804365,31.752660884732574],[35.21699320278348,31.752809251599544],[35.21697064437927,31.75281397859485],[35.216947497674795,31.752815625844615],[35.21692433471732,31.752814154512883],[35.216901727564064,31.75280959881347],[35.216880235617325,31.7528020723243],[35.21686038873629,31.75279176167579],[35.21684267879259,31.752778920239017],[35.216827542782646,31.752763866323313],[35.2168153543827,31.752746972354974],[35.21680641444846,31.752728654055886],[35.21672930878218,31.752527414905472],[35.21706981308252,31.752406123014637],[35.217288396293455,31.752328261034975],[35.21738732810428,31.752293017703526],[35.217518644804365,31.752660884732574]]]},"properties":{"plan_name":"101-0961151","parcel":"1","commerce_sqm":1265,"employment_sqm":5064,"ce_uses":"תעסוקה · מסחר","dominant":"employment","combined":true,"source":"961151.pdf","split_source":"table5","is_talpiot":true,"mp_plan":"תכנית אב א.ת. תלפיות","mp_employment_max_sqm":1160000,"mp_commerce_extra_sqm":80000}},{"type":"Feature","geometry":{"type":"Polygon","coordinates":[[[35.19777321480315,31.74878318501585],[35.19779464118267,31.748787453656735],[35.19774175313585,31.74902358465883],[35.19750881792707,31.748965313109153],[35.197367950059956,31.74893007394918],[35.197276963351484,31.748912113171027],[35.19732146080672,31.748693205334302],[35.19777321480315,31.74878318501585]]]},"properties":{"plan_name":"101-1159722","parcel":"1","commerce_sqm":950,"employment_sqm":585,"ce_uses":"מסחר · תעסוקה","dominant":"commerce","combined":true,"source":"1159722.pdf","split_source":"table5","is_talpiot":false}},{"type":"Feature","geometry":{"type":"Polygon","coordinates":[[[35.21601889649315,31.751330910477353],[35.21562864120194,31.751411610139858],[35.21549973425774,31.75113611324784],[35.214970172426526,31.751223615672423],[35.214901586424766,31.750997449468933],[35.21490138581626,31.75097809228566],[35.21490510296492,31.75095899721565],[35.21491262500312,31.750940737841276],[35.214923726130785,31.75092386340417],[35.214938071835434,31.750908881669833],[35.214955231555514,31.7508962426935],[35.214974689233536,31.750886327997414],[35.21499585809019,31.750879435238264],[35.21564523351125,31.750774761860264],[35.21567056041089,31.75077461261795],[35.21569555529624,31.750778106853776],[35.21571950574928,31.750785144526525],[35.21574172994639,31.750795524586152],[35.21576159354546,31.750808951285062],[35.215778530795035,31.75082504229265],[35.21578643087393,31.75083572844856],[35.21601889649315,31.751330910477353]]]},"properties":{"plan_name":"101-0921213","parcel":"1","commerce_sqm":2088,"employment_sqm":8352,"ce_uses":"תעסוקה · מסחר","dominant":"employment","combined":true,"source":"921213.pdf","split_source":"table5","is_talpiot":true,"mp_plan":"תכנית אב א.ת. תלפיות","mp_employment_max_sqm":1160000,"mp_commerce_extra_sqm":80000}},{"type":"Feature","geometry":{"type":"Polygon","coordinates":[[[35.20279959806067,31.749930403380137],[35.202812451933404,31.749928796450998],[35.202825436644424,31.749929114059565],[35.20283816274823,31.749931344477115],[35.20285024502182,31.749935421864468],[35.20286132040651,31.749941222664606],[35.20287105539576,31.749948572817818],[35.20287915658905,31.74995725046702],[35.202885379135196,31.749966994074523],[35.20288828246423,31.749973645216123],[35.20289030557702,31.749980530827063],[35.20289310650536,31.749988844067815],[35.20289679807941,31.750137197626287],[35.20289700784075,31.75022007718999],[35.20289647869127,31.750310532242334],[35.20289795337552,31.750492344217708],[35.20290010381456,31.750656501678126],[35.202612673743594,31.75051470633615],[35.202507766307946,31.750463209487183],[35.202533350346506,31.750425970875803],[35.202587648818074,31.750346621914204],[35.20253335245989,31.750319508069488],[35.202492255015905,31.750298983277695],[35.20253335406345,31.750238726201186],[35.20257025239253,31.75018463045671],[35.202665769957115,31.75004111034931],[35.20271231484779,31.749972608617956],[35.20279959806067,31.749930403380137]]]},"properties":{"plan_name":"101-1315431","parcel":"1","commerce_sqm":250,"employment_sqm":0,"ce_uses":"מסחר","dominant":"commerce","combined":false,"source":"101-1315431_הוראות (1).pdf","split_source":"table5","is_talpiot":false}},{"type":"Feature","geometry":{"type":"Polygon","coordinates":[[[35.22138367498377,31.748116118915288],[35.22140962767132,31.748177321888853],[35.221409574907405,31.74817735255865],[35.22145663401052,31.74828818124755],[35.221426641363095,31.7482968700337],[35.22095091628258,31.748434707692546],[35.220882389825064,31.748257594166798],[35.221231686335976,31.748152059605246],[35.2212090041925,31.748095405071204],[35.22133743808832,31.74805678365295],[35.22138367498377,31.748116118915288]]]},"properties":{"plan_name":"101-1244417","parcel":"1","commerce_sqm":3950,"employment_sqm":0,"ce_uses":"מגורים ומסחר","dominant":"commerce","combined":false,"source":"101-1244417_הוראות (1).pdf","split_source":"table5","is_talpiot":false}},{"type":"Feature","geometry":{"type":"Polygon","coordinates":[[[35.215953421881345,31.759796045433223],[35.215820726126914,31.759850097695523],[35.215613394468456,31.75994188054259],[35.2155272449653,31.759838448442707],[35.21541373962335,31.759689930077005],[35.215626151521654,31.7595751446769],[35.215953421881345,31.759796045433223]]]},"properties":{"plan_name":"101-1446319","parcel":"1","commerce_sqm":514,"employment_sqm":0,"ce_uses":"מסחר","dominant":"commerce","combined":false,"source":"101-1446319_הוראות.pdf","split_source":"table5","is_talpiot":false}},{"type":"Feature","geometry":{"type":"Polygon","coordinates":[[[35.20131885610899,31.769196103309376],[35.20115300092189,31.76965216088299],[35.201072229034395,31.77009766889202],[35.20105312005213,31.770150967270318],[35.20079480636746,31.770113533807674],[35.20079776294748,31.7700930620721],[35.200807681548206,31.770043002891505],[35.20088875051657,31.76970237390326],[35.20093330675248,31.76953171949729],[35.200985391530544,31.769362580367147],[35.20103486782479,31.769218175071444],[35.20107816511512,31.769110817278186],[35.20131885610899,31.769196103309376]]]},"properties":{"plan_name":"101-1307255","parcel":"1","commerce_sqm":60,"employment_sqm":0,"ce_uses":"מסחר ותעסוקה","dominant":"commerce","combined":false,"source":"101-1307255_הוראות (1).pdf","split_source":"GS — מסחר בלבד","is_talpiot":false}},{"type":"Feature","geometry":{"type":"Polygon","coordinates":[[[35.195204572138906,31.752691367753386],[35.19469373825867,31.752691329942774],[35.194704941950576,31.752517116039986],[35.194695085322046,31.752404397325506],[35.19468863105168,31.752336002732978],[35.195156584761854,31.752336037466982],[35.19517822123821,31.752336039031388],[35.19517820758989,31.7524740212757],[35.195204593575795,31.752474023178554],[35.19520458333362,31.75257786699033],[35.19525207816128,31.75257787040171],[35.195252070639675,31.752654527201564],[35.19520457577287,31.752654523790184],[35.195204572138906,31.752691367753386]]]},"properties":{"plan_name":"101-1131192","parcel":"3","commerce_sqm":270,"employment_sqm":0,"ce_uses":"מסחר","dominant":"commerce","combined":false,"source":"101-1131192_הוראות (1).pdf","split_source":"table5","is_talpiot":false}},{"type":"Feature","geometry":{"type":"Polygon","coordinates":[[[35.1942719826958,31.752700315629028],[35.19381256568038,31.752700278354283],[35.19380281435111,31.752636183442224],[35.19378751557208,31.75253560484153],[35.193781173762126,31.752504918145643],[35.19378119404243,31.752326912033134],[35.19424563731951,31.752326949820617],[35.19424562228801,31.75246493206471],[35.19427200827126,31.752464934160685],[35.1942719991092,31.752549256641718],[35.194319493922116,31.752549260400713],[35.1943194856321,31.75262591720069],[35.19427199078003,31.752625913441697],[35.1942719826958,31.752700315629028]]]},"properties":{"plan_name":"101-1131192","parcel":"1","commerce_sqm":273,"employment_sqm":0,"ce_uses":"מסחר","dominant":"commerce","combined":false,"source":"101-1131192_הוראות (1).pdf","split_source":"table5","is_talpiot":false}},{"type":"Feature","geometry":{"type":"Polygon","coordinates":[[[35.19630147149261,31.752792226774847],[35.195785682807276,31.752792193027634],[35.19578571563398,31.75243686621348],[35.19610129190015,31.75243688710883],[35.19610129254222,31.75242967235095],[35.196301502975814,31.752429685202323],[35.19630147149261,31.752792226774847]]]},"properties":{"plan_name":"101-1131192","parcel":"6","commerce_sqm":400,"employment_sqm":0,"ce_uses":"מסחר","dominant":"commerce","combined":false,"source":"101-1131192_הוראות (1).pdf","split_source":"table5","is_talpiot":false}},{"type":"Feature","geometry":{"type":"Polygon","coordinates":[[[35.19763824779947,31.75295758018283],[35.197631804367646,31.752971309524877],[35.197365456535195,31.753390311996814],[35.19693552278053,31.75321170974192],[35.197218174274845,31.75276706061158],[35.19763824779947,31.75295758018283]]]},"properties":{"plan_name":"101-1131192","parcel":"8","commerce_sqm":373,"employment_sqm":0,"ce_uses":"מסחר","dominant":"commerce","combined":false,"source":"101-1131192_הוראות (1).pdf","split_source":"table5","is_talpiot":false}},{"type":"Feature","geometry":{"type":"Polygon","coordinates":[[[35.217187399709225,31.754354910855646],[35.21719144003789,31.754355090818343],[35.217195398114534,31.754355807386666],[35.217199175779044,31.75435704343541],[35.21720268331292,31.754358767409094],[35.2172058320518,31.754360937831798],[35.21720854599519,31.754363501502397],[35.21721075864033,31.75436639529849],[35.21721241614898,31.754369548881648],[35.21731304545782,31.754654810140746],[35.21722048325031,31.754669310338507],[35.21707659909336,31.75469184741972],[35.21693203305072,31.754714490823197],[35.21689525730926,31.754407192753476],[35.217187399709225,31.754354910855646]]]},"properties":{"plan_name":"101-1172402","parcel":"1","commerce_sqm":516,"employment_sqm":1984,"ce_uses":"מסחר · תעסוקה","dominant":"employment","combined":true,"source":"1172402.pdf","split_source":"table5","is_talpiot":true,"mp_plan":"תכנית אב א.ת. תלפיות","mp_employment_max_sqm":1160000,"mp_commerce_extra_sqm":80000}},{"type":"Feature","geometry":{"type":"Polygon","coordinates":[[[35.19732307851518,31.753774569397365],[35.197156541160005,31.754038005084826],[35.19710685836116,31.754015073763494],[35.19700238672567,31.75396685514898],[35.19678310070785,31.753865642680676],[35.196584501267296,31.753773976223485],[35.196514440841256,31.7537416389868],[35.19650077350725,31.753732276094038],[35.1964890177496,31.753721179071103],[35.196479471182236,31.75370862931247],[35.196472374421084,31.75369494428289],[35.196467907918276,31.75368047120408],[35.19646618457511,31.75366557533042],[35.196467248687064,31.75365063543946],[35.196471072779076,31.753636027598624],[35.19647755971659,31.753622124263412],[35.19648654587376,31.753609275339002],[35.196487611895904,31.753609095036122],[35.1965864479591,31.7535924242103],[35.19691616321722,31.753744606774116],[35.19699341314482,31.753622411338014],[35.19732307851518,31.753774569397365]]]},"properties":{"plan_name":"101-1151901","parcel":"1","commerce_sqm":800,"employment_sqm":0,"ce_uses":"מסחר","dominant":"commerce","combined":false,"source":"101-1151901_הוראות (1).pdf","split_source":"table5","is_talpiot":false}},{"type":"Feature","geometry":{"type":"Polygon","coordinates":[[[35.18381801561488,31.748688235459483],[35.183850285925985,31.748695496909523],[35.1839035260314,31.74870703827298],[35.18395146414036,31.748717195333683],[35.18400474253484,31.74872750474035],[35.18407728351738,31.748740244962697],[35.184126925600324,31.74874798167618],[35.18417005624185,31.748754101231132],[35.18421586754217,31.74876047912343],[35.18427690609923,31.74876696221284],[35.184332957179635,31.748771945621638],[35.18440120240712,31.74877656296546],[35.18447381099345,31.748779597314204],[35.18454136444507,31.74878162437535],[35.18512003374778,31.74880657702674],[35.18523270683686,31.748812320724394],[35.18524257898568,31.748812529631838],[35.18525246168854,31.748812738540096],[35.18526365391339,31.74881918841305],[35.1852734991558,31.748827080133562],[35.185281747328,31.748836211651142],[35.18528818739798,31.748846350258393],[35.18529265372125,31.748857235297518],[35.18529503342618,31.74886859078718],[35.18529526430349,31.748880124520287],[35.18529334113588,31.74889154159274],[35.18528931253048,31.748902551617505],[35.185285015186984,31.748911663217708],[35.18525200150625,31.748977157480258],[35.18520670416204,31.74906734060366],[35.185177031004706,31.749126325829234],[35.185134601189475,31.74921070147404],[35.185095706266154,31.749287944043374],[35.18509318916035,31.74929288577389],[35.18497627684382,31.749399219016123],[35.184945711218425,31.749379269150708],[35.18491364444455,31.749361120935212],[35.18471348648027,31.749263981317153],[35.18462452100534,31.74922055813991],[35.18463967562199,31.748976376885317],[35.18399787457188,31.748917661315232],[35.183959434671664,31.748899133063805],[35.183820945541115,31.748830868167126],[35.1837577898005,31.748805541362586],[35.183698188121674,31.748787443393084],[35.1836368830425,31.74877413391655],[35.18357440011652,31.748765727550726],[35.183564943943026,31.748764892701416],[35.18356653584447,31.74874440123403],[35.183574455127214,31.748642430885678],[35.18381801561488,31.748688235459483]]]},"properties":{"plan_name":"101-1252980","parcel":"101","commerce_sqm":3410,"employment_sqm":3980,"ce_uses":"מסחר · תעסוקה","dominant":"employment","combined":true,"source":"101-1252980_הוראות (1).pdf","split_source":"table5","is_talpiot":false}},{"type":"Feature","geometry":{"type":"Polygon","coordinates":[[[35.183574455127214,31.748642430885678],[35.18356653584447,31.74874440123403],[35.183564943943026,31.748764892701416],[35.18357440011652,31.748765727550726],[35.1836368830425,31.74877413391655],[35.183698188121674,31.748787443393084],[35.1837577898005,31.748805541362586],[35.183820945541115,31.748830868167126],[35.183959434671664,31.748899133063805],[35.184007378492886,31.74892224240508],[35.184305098844234,31.749065740761942],[35.18434344388598,31.74908431578968],[35.18460032524736,31.74920874742937],[35.18471348648027,31.749263981317153],[35.18491364444455,31.749361120935212],[35.18495651398621,31.7493860048756],[35.184996569172036,31.74941410435318],[35.18502826122929,31.749442796864145],[35.18502579056215,31.749447697115404],[35.184963219245574,31.74957180493416],[35.18496127227045,31.749575664534575],[35.184959327406354,31.74957952233161],[35.184950086821,31.74958697377098],[35.18493536747816,31.74960014297363],[35.184918507135286,31.749611280892395],[35.18489988579159,31.74962013777338],[35.184879923542056,31.749626512568703],[35.18486789981952,31.749629014250132],[35.184865058567866,31.749629470148637],[35.184841013893156,31.749631322461155],[35.18482978438537,31.749651296607972],[35.18477571964377,31.74962334192512],[35.18469895139694,31.749583647102224],[35.18468412877788,31.749575982735784],[35.18419723147734,31.749324217800915],[35.184183818869684,31.749316970251787],[35.18394121038029,31.749185870017882],[35.18353667798862,31.74898296146932],[35.18353597306197,31.748982602419613],[35.18353526813572,31.748982241566225],[35.18353456532032,31.748981880713174],[35.18353386461611,31.748981518056773],[35.1835331618015,31.748981153596347],[35.183532461097684,31.748980789136223],[35.1835317603939,31.748980424676123],[35.183531061801716,31.748980056608996],[35.183530363209144,31.748979690345525],[35.183529664617375,31.748979320474675],[35.183528968136415,31.74897895060419],[35.183528271655454,31.748978580733684],[35.18352757517492,31.748978209059487],[35.18352688080557,31.748977835581922],[35.18352618643625,31.748977462104403],[35.18352549206692,31.748977088626834],[35.183524799809206,31.748976711542245],[35.18352410755149,31.74897633445765],[35.18352341740459,31.748975957373386],[35.1835227272581,31.748975578485453],[35.18352203711202,31.74897519779381],[35.18352134907675,31.748974817102486],[35.18352066104147,31.748974436411196],[35.18351997300702,31.74897405211251],[35.183519287082966,31.74897366961785],[35.18351860115973,31.74897328351582],[35.183517915236486,31.748972897413765],[35.183517231424055,31.74897251131206],[35.18351654761202,31.74897212340668],[35.183515865911225,31.74897173369791],[35.183515184210414,31.74897134398917],[35.18351450251002,31.748970952476725],[35.18351382292044,31.748970560964633],[35.18351314333125,31.74897016764883],[35.18351178626411,31.748969379213868],[35.18351110878615,31.74896898409473],[35.18351043341941,31.748968587172232],[35.18350908268674,31.748967789719853],[35.1835084094316,31.748967389190295],[35.1835077361765,31.748966988660758],[35.18350706292179,31.748966586327505],[35.18350639177787,31.748966183994604],[35.183505720634386,31.748965779858],[35.18350505160211,31.748965373918068],[35.18350438256983,31.748964967978118],[35.18350371353755,31.748964562038168],[35.18350304661651,31.74896415429488],[35.18350237969585,31.748963744747893],[35.18350171488599,31.74896333520123],[35.183501050076565,31.748962923850897],[35.18350038526714,31.74896251250055],[35.1834990598707,31.748961686193162],[35.183498397172905,31.74896127123576],[35.183497736585906,31.74896085627872],[35.183497078110115,31.74896043951832],[35.18349641752395,31.748960020953877],[35.18349576115937,31.748959602390137],[35.18349510268399,31.74895918382603],[35.18349444631984,31.748958763458575],[35.183493789956096,31.748958341287427],[35.18349313570316,31.748957919116656],[35.18349248145064,31.748957495142175],[35.1834918293089,31.748957071167997],[35.183491177167596,31.74895664539017],[35.18349052502629,31.748956219612328],[35.18348987499619,31.74895579203114],[35.18348922496611,31.748955364449944],[35.18348857704723,31.748954935065406],[35.18348792912876,31.748954503877133],[35.18348728121028,31.748954072688925],[35.18348663540262,31.748953641501025],[35.18348598959538,31.748953208509448],[35.183485345899335,31.748952773714507],[35.1834847022033,31.748952338919576],[35.18348405850728,31.74895190412461],[35.18348341692246,31.748951467526332],[35.18348277533805,31.748951029124335],[35.18348213586446,31.74895059072269],[35.18348149639127,31.748950150517338],[35.183480859028876,31.748949710312367],[35.183480221666905,31.74894926830366],[35.18347958430493,31.74894882629496],[35.18347894905418,31.748948382482958],[35.183478313803434,31.748947938670888],[35.183477047524356,31.748947047440108],[35.18347641649603,31.74894660002137],[35.183475785468126,31.748946150798954],[35.183475154439805,31.7489457033802],[35.183474525523096,31.74894525235441],[35.18347389660641,31.748944801328634],[35.18347326980053,31.748944350303187],[35.18347201830038,31.748943444645263],[35.18347139360614,31.748942990012768],[35.18347076891227,31.74894253357659],[35.18347014632923,31.748942077140764],[35.18346952374619,31.748941620704908],[35.18346890327437,31.74894116246573],[35.183468282802956,31.748940702422853],[35.18346766444234,31.748940242380325],[35.18346704608173,31.74893978233777],[35.18346642772154,31.748939320491537],[35.18346581147256,31.74893885684198],[35.18346519733439,31.748938393192734],[35.18346458108541,31.748937929543153],[35.18346396905845,31.74893746409056],[35.183463354921095,31.74893699683391],[35.18346274289455,31.74893652957764],[35.18346213297881,31.748936062321704],[35.18346152306349,31.74893559326208],[35.18346091525935,31.7489351223991],[35.18346030745525,31.748934651536104],[35.183459699651145,31.748934180673132],[35.18345909395826,31.748933708006792],[35.18345848826577,31.74893323353675],[35.183457884684096,31.748932759067074],[35.183457281102434,31.74893228459739],[35.183456679631945,31.748931808324365],[35.1834560781619,31.74893133024764],[35.183455476691854,31.748930852170915],[35.18345487733263,31.748930374094535],[35.1834542800846,31.748929894214797],[35.18345368283697,31.74892941253139],[35.18345308558936,31.74892893084796],[35.18345249045255,31.748928449164872],[35.183451897426956,31.748927965678437],[35.18345130229057,31.74892748219164],[35.18345011835101,31.748926511611753],[35.18344952743704,31.74892602451828],[35.18344893863389,31.74892553742517],[35.18344834983114,31.748925048528314],[35.18344776313961,31.748924557828165],[35.183447176447665,31.748924068931668],[35.18344658975655,31.748923576427828],[35.18344600517583,31.748923085727995],[35.18344542270631,31.74892259322479],[35.183444840237215,31.74892209891793],[35.18344425776813,31.748921604611045],[35.183443677410246,31.748921108500838],[35.18344309705237,31.748920612390616],[35.1834425188053,31.748920116280736],[35.18344194266944,31.74891961836751],[35.183441364423196,31.74891911865026],[35.183440790398556,31.748918618933683],[35.183440214263115,31.748918119216775],[35.18343964234969,31.748917617696854],[35.18343906832587,31.74891711437287],[35.18343849641245,31.748916612852963],[35.183437926610665,31.74891610772599],[35.18343735680886,31.74891560259901],[35.18343678911787,31.748915097472405],[35.18343622142729,31.748914590542096],[35.18343565584754,31.748914083612128],[35.18343509026776,31.748913576682156],[35.1834345246884,31.74891306794848],[35.18343396122026,31.748912557411465],[35.18343339986292,31.748912046874825],[35.18343283850559,31.748911536338124],[35.18343227714867,31.74891102399776],[35.18343171790296,31.748910509854053],[35.183431160768045,31.748909995710672],[35.18343060363315,31.748909481567342],[35.18343004649867,31.748908965620274],[35.18342949147498,31.74890844967356],[35.1834289385621,31.748907933727192],[35.18342838565003,31.748907414173427],[35.18342783273756,31.748906896423374],[35.18342728193631,31.74890637686997],[35.18342673113548,31.748905855512866],[35.18342618244545,31.748905334156102],[35.18342563586621,31.748904812799676],[35.18342508928739,31.748904289639594],[35.18342454270858,31.74890376647949],[35.18342399824097,31.748903241516032],[35.183423455884174,31.748902716552916],[35.18342291352738,31.74890219158978],[35.183422371171005,31.748901664822995],[35.18342183092583,31.748901136252847],[35.18342129068066,31.74890060768268],[35.1834207525463,31.748900079112886],[35.18342021652315,31.74889954873972],[35.18341968050001,31.748899018366583],[35.1834191444773,31.74889848618973],[35.18341861056535,31.74889795401322],[35.18341807876463,31.74889742003337],[35.18341754696352,31.748896887857203],[35.183417015163215,31.748896352073665],[35.183416485473714,31.74889581629048],[35.18341595789503,31.748895280507625],[35.18341543031674,31.748894742921067],[35.183414904849265,31.748894205334874],[35.18341437938179,31.74889366774867],[35.183413853914715,31.74889312835875],[35.183413330558885,31.748892587165532],[35.18341280931385,31.74889204597264],[35.183412288068816,31.748891504779735],[35.183411768934974,31.74889096178349],[35.18341124980115,31.748890418787244],[35.18341073277813,31.748889875791345],[35.18341021575553,31.748889330991744],[35.18340970084413,31.748888784388797],[35.18340918593273,31.748888237785877],[35.183408673132156,31.748887691183267],[35.18340816033158,31.748887144580674],[35.18340764964221,31.74888659617474],[35.18340713895326,31.74888604596509],[35.183406630375096,31.748885495755808],[35.18340612390773,31.74888494554686],[35.18340561744082,31.74888439353424],[35.18340511097387,31.748883841521586],[35.18340460661814,31.74888328770561],[35.18340360212831,31.748882180074332],[35.18340309988381,31.748881624455006],[35.183402599750124,31.748881068836024],[35.18340210172762,31.748880511413677],[35.18340110779347,31.74887939656936],[35.1834006118822,31.74887883734368],[35.18340011808174,31.748878278118358],[35.1833996242817,31.74887771708931],[35.18339913259245,31.74887715606063],[35.1833986409032,31.748876595031952],[35.18339815132517,31.748876032199927],[35.18339766385795,31.748875469368247],[35.18339717639112,31.74887490473286],[35.183396688924326,31.748874340097487],[35.18339620356831,31.748873775462442],[35.18339523707872,31.74887264258571],[35.18339475594515,31.74887207434398],[35.18339427481157,31.74887150610226],[35.18339379578879,31.748870937860858],[35.18339331676643,31.748870367815826],[35.18339283985487,31.74886979777108],[35.18339236505453,31.748869225923002],[35.18339189025419,31.748868654074936],[35.18339141545384,31.748868082226867],[35.183390942764724,31.748867508575454],[35.18339047218638,31.748866934924383],[35.18339000160849,31.748866359469613],[35.18338953314138,31.74886578401521],[35.18338906467428,31.74886520856079],[35.183388598317975,31.748864633106706],[35.18338813196209,31.748864055848927],[35.183387667717426,31.748863476787836],[35.18338720558355,31.748862897727054],[35.18338674344967,31.7488623186663],[35.18338628131581,31.74886173960552],[35.18338582129316,31.748861158741423],[35.1833853633817,31.748860576073966],[35.18338490546987,31.748859995210193],[35.18338444966923,31.748859412543084],[35.18338399386898,31.74885882807228],[35.18338354017958,31.748858243601823],[35.183383088600955,31.74885765913171],[35.18338263702235,31.74885707466161],[35.18338218544415,31.74885648838778],[35.18338173808755,31.748855902114673],[35.183381288620566,31.748855314037524],[35.183380396019004,31.74885413788426],[35.183379952884835,31.748853548004448],[35.183379509750665,31.74885295812464],[35.183379066616915,31.748852366441156],[35.183378625593555,31.748851776561718],[35.183377747769676,31.74885059139241],[35.18337731096874,31.74884999790626],[35.18337687627861,31.74884940442043],[35.1833764394781,31.7488488091306],[35.18337600689918,31.74884821384148],[35.183375143852565,31.748847021459813],[35.18337471338486,31.748846424367304],[35.18337428502797,31.748845827275158],[35.183373856671494,31.748845228379338],[35.1833734304258,31.74884462948383],[35.18337300418014,31.748844030588348],[35.18337258215647,31.748843429889842],[35.183372158021996,31.748842829191002],[35.183371735998755,31.748842226688797],[35.183371316086316,31.74884162418698],[35.18337089828466,31.74884102168548],[35.183370480483006,31.748840419184013],[35.18337006268178,31.748839814878806],[35.183369646991366,31.748839210573966],[35.183369233412144,31.748838604465774],[35.18336881983252,31.748838000161292],[35.18336840836452,31.748837392249758],[35.18336799689612,31.748836786141926],[35.18336758753893,31.748836178230754],[35.183367180292535,31.748835570319905],[35.18336677304653,31.74883496060538],[35.18336610626143,31.748833957643527],[35.18336435279602,31.748831273462972],[35.183364183991,31.748831013703718],[35.18336242417092,31.748828428725044],[35.18336060946411,31.748825870792647],[35.18335874409178,31.74882334171094],[35.18335682805433,31.74882083967618],[35.183354859240595,31.748818366491747],[35.18335284187212,31.748815922158308],[35.18335077383731,31.748813510282897],[35.183348657247805,31.748811127258474],[35.1833471547303,31.748809494670628],[35.183346494213154,31.74880877849648],[35.18334428051258,31.748806460388835],[35.183342020366865,31.74880417654359],[35.183339715886795,31.748801926961086],[35.1833373649616,31.748799711640988],[35.18333496759088,31.74879753238704],[35.18333252799618,31.74879538919981],[35.18333004406674,31.74879328207907],[35.18332751791292,31.74879121282878],[35.18332494953476,31.74878918144897],[35.18332233893224,31.748787187939627],[35.18331969032653,31.748785234105156],[35.18331699949604,31.7487833199448],[35.18331427277276,31.74878144726336],[35.183311505935514,31.748779614256392],[35.18330902188973,31.748778024794387],[35.1835571283649,31.74863917600148],[35.183574455127214,31.748642430885678]]]},"properties":{"plan_name":"101-1252980","parcel":"102","commerce_sqm":280,"employment_sqm":0,"ce_uses":"מסחר","dominant":"commerce","combined":false,"source":"101-1252980_הוראות (1).pdf","split_source":"table5","is_talpiot":false}},{"type":"Feature","geometry":{"type":"Polygon","coordinates":[[[35.20957129787151,31.757036482104947],[35.209481295059234,31.75695911833881],[35.20938784533198,31.756884799269393],[35.20958774392968,31.756686295364034],[35.20979937871025,31.756850873091842],[35.20957129787151,31.757036482104947]]]},"properties":{"plan_name":"101-1329770","parcel":"1","commerce_sqm":51,"employment_sqm":0,"ce_uses":"מסחר","dominant":"commerce","combined":false,"source":"101-1329770_הוראות (1).pdf","split_source":"table5","is_talpiot":false}},{"type":"Feature","geometry":{"type":"Polygon","coordinates":[[[35.20461243852159,31.732050836224293],[35.204624532277414,31.732057849870657],[35.20463577554005,31.732065830298268],[35.2046534893659,31.732082334073066],[35.204667595447795,31.73210120700724],[35.204677668533705,31.73212188184084],[35.20468340577451,31.73214373449699],[35.20468463411094,31.73216610482418],[35.204681315550026,31.732188320044337],[35.20467355033134,31.732209710084103],[35.204661573761875,31.732229629219248],[35.20456260169402,31.732376857823258],[35.20450476131289,31.73236606277748],[35.20432127272734,31.732331823279694],[35.2043881161039,31.732076050292324],[35.204531392231964,31.732054465381303],[35.204553161168654,31.732053134226454],[35.20461243852159,31.732050836224293]]]},"properties":{"plan_name":"101-1326446","parcel":"1","commerce_sqm":720,"employment_sqm":1440,"ce_uses":"מסחר · תעסוקה","dominant":"employment","combined":true,"source":"1326446.pdf","split_source":"table5","is_talpiot":false}},{"type":"Feature","geometry":{"type":"Polygon","coordinates":[[[35.211226951967625,31.7653814287222],[35.21121161761473,31.76539775650936],[35.211166209232765,31.765437945055865],[35.21100794621434,31.765601150876506],[35.21098211575814,31.765627965809994],[35.210936598233666,31.76559038656442],[35.210933061975986,31.765589863677494],[35.210931689462136,31.765586328524005],[35.210797406762,31.76547545557975],[35.21086341264711,31.765415324568178],[35.21081259847185,31.765288022998657],[35.21080510170696,31.765257450901906],[35.211019652891586,31.765249155571908],[35.211226951967625,31.7653814287222]]]},"properties":{"plan_name":"101-1370881","parcel":"1","commerce_sqm":20,"employment_sqm":0,"ce_uses":"מסחר","dominant":"commerce","combined":false,"source":"101-1370881_הוראות.pdf","split_source":"table5","is_talpiot":false}},{"type":"Feature","geometry":{"type":"Polygon","coordinates":[[[35.217220103964,31.76069941086007],[35.2169097980345,31.760853115896854],[35.21689058859233,31.76086267732611],[35.21667369042601,31.760970108004805],[35.21643474911516,31.760760996927146],[35.21651137531194,31.760702387859403],[35.216611952526534,31.7606520661939],[35.2166514196262,31.760689743226596],[35.216704819945285,31.760648904398906],[35.21659173293934,31.760540955593534],[35.21654701456554,31.76057515417329],[35.21641147182259,31.760445772330467],[35.21660432096868,31.760298259254046],[35.21662238162492,31.760302576448993],[35.21663942084476,31.760309270999425],[35.21665501217381,31.760318176105823],[35.216655143071016,31.760318264473884],[35.216686273384134,31.76033926721231],[35.21678465750979,31.76040563336101],[35.21698142618236,31.76053836542834],[35.217220103964,31.76069941086007]]]},"properties":{"plan_name":"101-1301753","parcel":"101","commerce_sqm":535,"employment_sqm":0,"ce_uses":"מסחר","dominant":"commerce","combined":false,"source":"101-1301753_הוראות (1).pdf","split_source":"table5","is_talpiot":false}},{"type":"Feature","geometry":{"type":"Polygon","coordinates":[[[35.21304010426011,31.758668403881714],[35.21301279488405,31.758564190461783],[35.21286022482726,31.758419586434105],[35.213207667872794,31.75812752593599],[35.213279034068044,31.75818718876944],[35.21333735326326,31.758235943776235],[35.21335631376649,31.758251751765695],[35.213361177926075,31.758255816935304],[35.213490918563316,31.758364261668408],[35.21353795956954,31.75839904061132],[35.213299123709305,31.75861886215918],[35.21304010426011,31.758668403881714]]]},"properties":{"plan_name":"101-0836809","parcel":"6","commerce_sqm":180,"employment_sqm":0,"ce_uses":"מסחר","dominant":"commerce","combined":false,"source":"101-0836809_הוראות (1).pdf","split_source":"table5","is_talpiot":false}},{"type":"Feature","geometry":{"type":"Polygon","coordinates":[[[35.21018663854383,31.755715134776544],[35.21051955933491,31.75546485737825],[35.21103010616255,31.755960907432822],[35.2107926927054,31.7561396921841],[35.210583531369274,31.755936567537173],[35.21048857885668,31.756007949488925],[35.21018663854383,31.755715134776544]]]},"properties":{"plan_name":"101-0836809","parcel":"1","commerce_sqm":425,"employment_sqm":0,"ce_uses":"מסחר","dominant":"commerce","combined":false,"source":"101-0836809_הוראות (1).pdf","split_source":"table5","is_talpiot":false}},{"type":"Feature","geometry":{"type":"Polygon","coordinates":[[[35.21162410503197,31.75653802827944],[35.21163038151127,31.756545240872025],[35.21135045082383,31.7567556855912],[35.21113357921433,31.75689439909273],[35.2110142875553,31.7566840700584],[35.210963265269385,31.756594108340234],[35.210900061890705,31.75649141318462],[35.21104368667015,31.756383440577068],[35.21083452423781,31.756180316350086],[35.21107192716407,31.75600154054097],[35.21162410503197,31.75653802827944]]]},"properties":{"plan_name":"101-0836809","parcel":"2","commerce_sqm":425,"employment_sqm":0,"ce_uses":"מסחר","dominant":"commerce","combined":false,"source":"101-0836809_הוראות (1).pdf","split_source":"table5","is_talpiot":false}},{"type":"Feature","geometry":{"type":"Polygon","coordinates":[[[35.21268767112241,31.757669573874036],[35.21272400484121,31.757708188459688],[35.21276354684677,31.75774168576089],[35.21308147036696,31.758043838088433],[35.21307775951131,31.758046956918154],[35.212916997745616,31.758182092871582],[35.21281824385799,31.75826510516448],[35.2128111387388,31.758271079448924],[35.212754086665846,31.758319036055777],[35.212198742942704,31.757792634372432],[35.21254194741575,31.75753107808951],[35.21268767112241,31.757669573874036]]]},"properties":{"plan_name":"101-0836809","parcel":"4","commerce_sqm":360,"employment_sqm":0,"ce_uses":"מסחר","dominant":"commerce","combined":false,"source":"101-0836809_הוראות (1).pdf","split_source":"table5","is_talpiot":false}},{"type":"Feature","geometry":{"type":"Polygon","coordinates":[[[35.21238075447833,31.747128604866607],[35.212379600011,31.747129966725772],[35.2119532626666,31.74762050832411],[35.21131529484004,31.747215628659337],[35.21189267082715,31.746782529714277],[35.21238075447833,31.747128604866607]]]},"properties":{"plan_name":"101-1219724","parcel":"101","commerce_sqm":2254,"employment_sqm":11272,"ce_uses":"מסחר · תעסוקה","dominant":"employment","combined":true,"source":"101-1219724_הוראות (1).pdf","split_source":"table5","is_talpiot":true,"mp_plan":"תכנית אב א.ת. תלפיות","mp_employment_max_sqm":1160000,"mp_commerce_extra_sqm":80000}},{"type":"Feature","geometry":{"type":"Polygon","coordinates":[[[35.21227040493749,31.746441845545338],[35.212384162084405,31.7467703266801],[35.21239384015745,31.746810418517185],[35.212395508008186,31.74685132973311],[35.212389118034324,31.74689190055785],[35.21219808848376,31.74694049123171],[35.21193282750749,31.746752407503088],[35.21186320321982,31.746684632506398],[35.21178160454231,31.74645475683564],[35.21221355733873,31.746278409377894],[35.21227040493749,31.746441845545338]]]},"properties":{"plan_name":"101-1219724","parcel":"201","commerce_sqm":1100,"employment_sqm":6264,"ce_uses":"מסחר · תעסוקה","dominant":"employment","combined":true,"source":"101-1219724_הוראות (1).pdf","split_source":"table5","is_talpiot":true,"mp_plan":"תכנית אב א.ת. תלפיות","mp_employment_max_sqm":1160000,"mp_commerce_extra_sqm":80000,"mp_zone_use":"אזור עירוני מעורב א'","mp_zone_far_pct":850,"mp_zone_max_floors":30,"mp_zone_coverage_pct":60,"mp_mtchm":22,"plot_size_sqm":0,"mp_commerce_far_pct":60,"mp_employment_far_pct":300}},{"type":"Feature","geometry":{"type":"Polygon","coordinates":[[[35.20061737789216,31.75208136243026],[35.200614223786104,31.752092880698726],[35.20059300770936,31.75213785146203],[35.20056400896099,31.752179530255194],[35.20052790305356,31.752216937689955],[35.20051892096887,31.752224642779808],[35.200536181236124,31.75223294929202],[35.200499581013396,31.752278478717482],[35.20037819075601,31.752430325778345],[35.20035857753863,31.75245463168023],[35.20031286608559,31.752511603368475],[35.200314622293796,31.752512604472177],[35.20027863402355,31.752557782132236],[35.20021980062122,31.752581116358797],[35.20018337325501,31.75262540475825],[35.200006477866424,31.75251917051906],[35.20017911088264,31.752309293608075],[35.20009708032026,31.752260028508687],[35.200367480578095,31.751931286026554],[35.20061737789216,31.75208136243026]]]},"properties":{"plan_name":"101-1121920","parcel":"1","commerce_sqm":1500,"employment_sqm":0,"ce_uses":"מסחר","dominant":"commerce","combined":false,"source":"101-1121920_הוראות (1).pdf","split_source":"table5","is_talpiot":false}},{"type":"Feature","geometry":{"type":"Polygon","coordinates":[[[35.20014405623812,31.75271202383765],[35.20007614105221,31.752794507884865],[35.20005561774667,31.7528218312803],[35.19989100979704,31.753017477181302],[35.1996051532724,31.75284585476671],[35.19983097042669,31.752571321661478],[35.19989409466925,31.75256190864072],[35.20012246881771,31.752699060002367],[35.20012268201115,31.75269918807142],[35.20014405623812,31.75271202383765]]]},"properties":{"plan_name":"101-1121920","parcel":"2","commerce_sqm":600,"employment_sqm":2458,"ce_uses":"מסחר · תעסוקה","dominant":"employment","combined":true,"source":"101-1121920_הוראות (1).pdf","split_source":"table5","is_talpiot":false}},{"type":"Feature","geometry":{"type":"Polygon","coordinates":[[[35.19935250668687,31.75235314022356],[35.19943234307422,31.752256083208437],[35.19947505934684,31.752204151227108],[35.199507599717286,31.75222027024545],[35.19975057844581,31.752340628685545],[35.199864446893294,31.752397311910904],[35.19986156326478,31.75240081818104],[35.19963079206374,31.75268137368225],[35.19959480980237,31.75272512082247],[35.19950719379974,31.75271587539722],[35.19949862365656,31.752714971420776],[35.199452722164,31.752601304754155],[35.19935250668687,31.75235314022356]]]},"properties":{"plan_name":"101-1121920","parcel":"3","commerce_sqm":900,"employment_sqm":0,"ce_uses":"מסחר","dominant":"commerce","combined":false,"source":"101-1121920_הוראות (1).pdf","split_source":"table5","is_talpiot":false}},{"type":"Feature","geometry":{"type":"Polygon","coordinates":[[[35.21788644542996,31.75464065482103],[35.21783362204983,31.754658592683935],[35.21764459895147,31.75471773922575],[35.21763783368919,31.754719617569922],[35.21762253613699,31.75472212087713],[35.21760696278488,31.754722354268754],[35.217591571704695,31.754720310482423],[35.217576814645135,31.754716049895027],[35.21756312753186,31.75470969781801],[35.217550911468614,31.754701440892074],[35.21754052640358,31.754691522578426],[35.217532276351605,31.754680233240045],[35.217526405171654,31.75466790653461],[35.21743592329421,31.754449198722348],[35.21775100363475,31.754343937032914],[35.21788644542996,31.75464065482103]]]},"properties":{"plan_name":"101-1296284","parcel":"1","commerce_sqm":677,"employment_sqm":0,"ce_uses":"מסחר","dominant":"commerce","combined":false,"source":"101-1296284_הוראות.pdf","split_source":"table5","is_talpiot":true,"mp_plan":"תכנית אב א.ת. תלפיות","mp_employment_max_sqm":1160000,"mp_commerce_extra_sqm":80000}},{"type":"Feature","geometry":{"type":"Polygon","coordinates":[[[35.218101278091815,31.754406877396338],[35.218132526183155,31.754478962061636],[35.21813330114838,31.754480693519312],[35.21816376478936,31.754543691276293],[35.21807609839274,31.75457476927045],[35.21788644542996,31.75464065482103],[35.21775100363475,31.754343937032914],[35.21803266043986,31.75424867779993],[35.218101278091815,31.754406877396338]]]},"properties":{"plan_name":"101-1296284","parcel":"2","commerce_sqm":600,"employment_sqm":2400,"ce_uses":"מסחר · תעסוקה","dominant":"employment","combined":true,"source":"101-1296284_הוראות.pdf","split_source":"table5","is_talpiot":true,"mp_plan":"תכנית אב א.ת. תלפיות","mp_employment_max_sqm":1160000,"mp_commerce_extra_sqm":80000}},{"type":"Feature","geometry":{"type":"Polygon","coordinates":[[[35.220774911486686,31.749063799988093],[35.220804436600226,31.749119182107226],[35.22082381174171,31.74915548248498],[35.22090220595202,31.749316072934548],[35.220891179789284,31.74931998476439],[35.220645602587496,31.74940709851721],[35.2205926667619,31.74942587266102],[35.22049012992264,31.749462239043797],[35.220407465078516,31.749491559435384],[35.22039072736869,31.749497504699022],[35.22030976156515,31.749526238614244],[35.22029217534668,31.749532477972526],[35.22021409649494,31.749371757248046],[35.22015646106741,31.749235989802184],[35.220060962579765,31.74900206474855],[35.220060126357346,31.749000014055454],[35.220065280114866,31.748995172316057],[35.22007120126363,31.748991018589827],[35.220077762115174,31.748987641273274],[35.2200848265349,31.74898511072698],[35.22032262548489,31.748913970701622],[35.220418801151645,31.748885198788276],[35.22063879806943,31.74881938490561],[35.22064508272256,31.748818001574826],[35.22065151841334,31.748817281080708],[35.22065800804716,31.748817234257757],[35.2207512250751,31.749045506397806],[35.22076342697595,31.749041870393388],[35.220774911486686,31.749063799988093]]]},"properties":{"plan_name":"101-0995829","parcel":"5","commerce_sqm":100,"employment_sqm":0,"ce_uses":"מסחר","dominant":"commerce","combined":false,"source":"101-0995829_הוראות (1).pdf","split_source":"table5","is_talpiot":false}},{"type":"Feature","geometry":{"type":"Polygon","coordinates":[[[35.20404083650226,31.73266832742161],[35.203949189463295,31.73302024969108],[35.20369277166397,31.73296840676527],[35.203784326763845,31.732616242981738],[35.20404083650226,31.73266832742161]]]},"properties":{"plan_name":"101-1239623","parcel":"1","commerce_sqm":250,"employment_sqm":0,"ce_uses":"מסחר","dominant":"commerce","combined":false,"source":"1239623.pdf","split_source":"table5","is_talpiot":false}},{"type":"Feature","geometry":{"type":"Polygon","coordinates":[[[35.2024131981775,31.74909799311818],[35.20241320323912,31.74885856763861],[35.20276454436749,31.748916819154704],[35.202787685128285,31.74915878451962],[35.20277019164969,31.74935291549604],[35.202747574210356,31.74948065255819],[35.202624603925294,31.749409558468827],[35.20255478951894,31.749378276086144],[35.202494507487266,31.74935099078432],[35.20242812199937,31.74932808562254],[35.20235988738193,31.749309568775484],[35.20232030147296,31.74930200346427],[35.20198410489215,31.749134855008002],[35.20209266531296,31.748975169073468],[35.2024131981775,31.74909799311818]]]},"properties":{"plan_name":"101-1300003","parcel":"1","commerce_sqm":200,"employment_sqm":0,"ce_uses":"מסחר","dominant":"commerce","combined":false,"source":"101-1300003_הוראות (1).pdf","split_source":"table5","is_talpiot":false}},{"type":"Feature","geometry":{"type":"Polygon","coordinates":[[[35.19371090362436,31.75586388618069],[35.19350315559633,31.756192446539167],[35.193484041748796,31.756184551965497],[35.193186294651746,31.756061566910347],[35.1934044601962,31.755722425719135],[35.19371090362436,31.75586388618069]]]},"properties":{"plan_name":"101-1069764","parcel":"2","commerce_sqm":400,"employment_sqm":0,"ce_uses":"מסחר","dominant":"commerce","combined":false,"source":"101-1069764_הוראות (1).pdf","split_source":"table5","is_talpiot":false}},{"type":"Feature","geometry":{"type":"Polygon","coordinates":[[[35.19411109722964,31.756048623978927],[35.19395434130607,31.75631457412203],[35.193905801407816,31.756317640018338],[35.19369733092173,31.756225021347582],[35.19368073333624,31.756216984523046],[35.19386037049086,31.75593288247936],[35.19411109722964,31.756048623978927]]]},"properties":{"plan_name":"101-1069764","parcel":"3","commerce_sqm":400,"employment_sqm":0,"ce_uses":"מסחר","dominant":"commerce","combined":false,"source":"101-1069764_הוראות (1).pdf","split_source":"table5","is_talpiot":false}},{"type":"Feature","geometry":{"type":"Polygon","coordinates":[[[35.225593121397516,31.76563933201913],[35.225576130347974,31.76542503533896],[35.22581851375053,31.765423531990628],[35.22584725099271,31.7654233521938],[35.22584812854329,31.76563979433276],[35.225593121397516,31.76563933201913]]]},"properties":{"plan_name":"101-1257633","parcel":"1","commerce_sqm":1132,"employment_sqm":0,"ce_uses":"מגורים ומסחר","dominant":"commerce","combined":false,"source":"1257633.pdf","split_source":"table5","is_talpiot":false}},{"type":"Feature","geometry":{"type":"Polygon","coordinates":[[[35.21573662629052,31.748749164525602],[35.215105783111056,31.748945237053633],[35.2149453352132,31.748705810543964],[35.215628363092385,31.748500131358632],[35.21573662629052,31.748749164525602]]]},"properties":{"plan_name":"101-1494814","parcel":"1","commerce_sqm":1182,"employment_sqm":0,"ce_uses":"מסחר","dominant":"commerce","combined":false,"source":"1494814.pdf","split_source":"table5","is_talpiot":true,"mp_plan":"תכנית אב א.ת. תלפיות","mp_employment_max_sqm":1160000,"mp_commerce_extra_sqm":80000,"mp_zone_use":"אזור עירוני מעורב ב'","mp_zone_far_pct":670,"mp_zone_max_floors":24,"mp_zone_coverage_pct":60,"mp_mtchm":13,"plot_size_sqm":1969,"mp_commerce_far_pct":60,"mp_employment_far_pct":240,"mp_allowed_commerce_sqm":1181,"mp_allowed_employment_sqm":4726}},{"type":"Feature","geometry":{"type":"Polygon","coordinates":[[[35.215172938899144,31.74980672980519],[35.2136188925786,31.750183139602083],[35.21359918539184,31.75016737497409],[35.21358267164615,31.75014912643109],[35.21356977566302,31.750128861099487],[35.213560824670104,31.750107098419516],[35.213494403377425,31.74982742118501],[35.21342832668808,31.749549197653455],[35.213686037597704,31.74948284838243],[35.2137723052561,31.74974291254694],[35.21431656110133,31.749611086444006],[35.214309895117,31.74959099024653],[35.215031304024585,31.74939170717851],[35.21506526055165,31.749483115361322],[35.21512422504287,31.74965711962007],[35.215172938899144,31.74980672980519]]]},"properties":{"plan_name":"101-1095330","parcel":"1","commerce_sqm":3180,"employment_sqm":17910,"ce_uses":"מסחר · תעסוקה","dominant":"employment","combined":true,"source":"101-1095330_הוראות.pdf","split_source":"table5","is_talpiot":true,"mp_plan":"תכנית אב א.ת. תלפיות","mp_employment_max_sqm":1160000,"mp_commerce_extra_sqm":80000,"mp_zone_use":"אזור עירוני מעורב ב'","mp_zone_far_pct":670,"mp_zone_max_floors":24,"mp_zone_coverage_pct":60,"mp_mtchm":12,"plot_size_sqm":7749,"mp_commerce_far_pct":60,"mp_employment_far_pct":240,"mp_allowed_commerce_sqm":4649,"mp_allowed_employment_sqm":18598}},{"type":"Feature","geometry":{"type":"Polygon","coordinates":[[[35.19417187410066,31.753738356061422],[35.19408120494655,31.753770538302238],[35.19399278970098,31.75380701524583],[35.193988077911676,31.753809164859007],[35.193847903983425,31.75370714751603],[35.19384367184278,31.75370513785645],[35.19383911455321,31.753703741424147],[35.193834351376736,31.7537029943027],[35.193829511076146,31.753702918147038],[35.19382471925029,31.753703512967558],[35.19382010466591,31.75370476524728],[35.19381578764871,31.753706638922395],[35.193811884303805,31.753709087106657],[35.1938084980731,31.75371204397403],[35.19380571656825,31.753715430169517],[35.19378618799996,31.753720410336587],[35.193685030591475,31.75374421779645],[35.19357547062448,31.75354116005321],[35.193698593182525,31.75350514895829],[35.19391652592572,31.753458005981166],[35.19412657721565,31.75342213325069],[35.19414958412998,31.75359296430466],[35.19417187410066,31.753738356061422]]]},"properties":{"plan_name":"101-1019157","parcel":"1","commerce_sqm":370,"employment_sqm":900,"ce_uses":"מסחר · תעסוקה","dominant":"employment","combined":true,"source":"101-1019157_הוראות (1).pdf","split_source":"table5","is_talpiot":false}},{"type":"Feature","geometry":{"type":"Polygon","coordinates":[[[35.19349041192846,31.755361154270513],[35.19348941751886,31.75536247628926],[35.193476401176255,31.75538269632928],[35.19338037773304,31.755514268963385],[35.19319522506266,31.755420850633005],[35.19301412243609,31.75532021403163],[35.192851968536864,31.755181255913804],[35.192748625974254,31.755007390770135],[35.19268266395719,31.75481858361003],[35.19265182011613,31.75462570331091],[35.192679613769634,31.754431720931848],[35.19274197906132,31.75424473640908],[35.19276918016339,31.754195610010928],[35.19301591120737,31.754294194839233],[35.193008348636525,31.754304458958224],[35.19295860419913,31.754464059333333],[35.19294217291238,31.7545143753681],[35.192885656412415,31.754502958342446],[35.19287482536052,31.75455331996554],[35.19287185136512,31.75460208783633],[35.19288823973908,31.75474578198997],[35.19292075432106,31.75484923909677],[35.19299082542122,31.754980651320896],[35.19308298895145,31.755101703272942],[35.19316767239994,31.755180643778363],[35.193300815697086,31.75526959711816],[35.19349041192846,31.755361154270513]]]},"properties":{"plan_name":"101-1394444","parcel":"101","commerce_sqm":400,"employment_sqm":0,"ce_uses":"מסחר","dominant":"commerce","combined":false,"source":"101-1394444_הוראות (1).pdf","split_source":"table5","is_talpiot":false}},{"type":"Feature","geometry":{"type":"Polygon","coordinates":[[[35.20490474745753,31.763033248324895],[35.204923515343886,31.76304050718251],[35.20494317833542,31.76304576033406],[35.20498774833775,31.76305516094336],[35.20498281053389,31.763071157862125],[35.2050682181278,31.76309100699931],[35.20505178106198,31.7631067262145],[35.20504942084581,31.76310898444238],[35.204913450667405,31.763239016446704],[35.20487998963599,31.763289609986234],[35.204805783905734,31.763353370569813],[35.204772639545546,31.763428133476598],[35.20476662305863,31.763482695007422],[35.204737743088586,31.76355334548578],[35.20471959790187,31.763547519628517],[35.204559046342716,31.76349277807409],[35.20450790420716,31.76346662468335],[35.204484512888605,31.763452366563897],[35.20440724558832,31.763407436776067],[35.20424881627087,31.763257721721384],[35.204161574385566,31.763130480541665],[35.204107076062144,31.76304237937087],[35.204063682328716,31.762950589664754],[35.204013501600706,31.762819993607327],[35.20400718948,31.76279276694057],[35.2040108207658,31.762749685897774],[35.20401126410551,31.76274813472865],[35.20403517044415,31.762719751983852],[35.204211019739446,31.762694645022112],[35.20445877753238,31.762614397290783],[35.20446403524833,31.76261312478656],[35.20446947029803,31.762612644100425],[35.204474922237374,31.76261296876008],[35.20448022639997,31.762614088845414],[35.2044852276194,31.762615971890224],[35.20448977389585,31.762618561078508],[35.20449373328497,31.76262177885196],[35.204496984397856,31.76262553141896],[35.204499433289996,31.762629705147514],[35.20459122477369,31.76282708786098],[35.20461253761999,31.76286563891809],[35.20463935943299,31.762901592651772],[35.204671261658355,31.762934377290897],[35.20470773973948,31.762963472469444],[35.20474821100601,31.762988414637785],[35.20479203472968,31.76300880878696],[35.204838513180015,31.763024329350554],[35.204861828317,31.763013873294053],[35.20490474745753,31.763033248324895]]]},"properties":{"plan_name":"101-1297548","parcel":"1","commerce_sqm":250,"employment_sqm":0,"ce_uses":"מסחר ומשרדים","dominant":"commerce","combined":false,"source":"1297548.pdf","split_source":"GS — מסחר בלבד","is_talpiot":false}},{"type":"Feature","geometry":{"type":"Polygon","coordinates":[[[35.216323686218,31.74690320649612],[35.21590655299207,31.747056695726727],[35.21581813216041,31.746891873389966],[35.21575036481346,31.74675748462977],[35.21600631170154,31.746669421569464],[35.21603074461535,31.74666066963242],[35.216084171599654,31.74664194963757],[35.21617583302655,31.746609799410166],[35.216323686218,31.74690320649612]]]},"properties":{"plan_name":"101-1398130","parcel":"1","commerce_sqm":450,"employment_sqm":0,"ce_uses":"מסחר","dominant":"commerce","combined":false,"source":"101-1398130_הוראות (1).pdf","split_source":"table5","is_talpiot":true,"mp_plan":"תכנית אב א.ת. תלפיות","mp_employment_max_sqm":1160000,"mp_commerce_extra_sqm":80000}},{"type":"Feature","geometry":{"type":"Polygon","coordinates":[[[35.21653368737904,31.750056568081686],[35.21654402251378,31.75007684598381],[35.2161773728695,31.75021452906814],[35.21617736020111,31.750214502013964],[35.21616714755734,31.750194211445375],[35.216088229329735,31.750037423938014],[35.21606958821576,31.75000039408683],[35.21598933383697,31.749840949800266],[35.216374727446926,31.749744647551267],[35.21653368737904,31.750056568081686]]]},"properties":{"plan_name":"101-1191014","parcel":"1","commerce_sqm":955,"employment_sqm":3821,"ce_uses":"תעסוקה · מסחר","dominant":"employment","combined":true,"source":"101-1191014_הוראות.pdf","split_source":"table5","is_talpiot":true,"mp_plan":"תכנית אב א.ת. תלפיות","mp_employment_max_sqm":1160000,"mp_commerce_extra_sqm":80000}},{"type":"Feature","geometry":{"type":"Polygon","coordinates":[[[35.21606958821576,31.75000039408683],[35.216088229329735,31.750037423938014],[35.21616714755734,31.750194211445375],[35.216178855043765,31.750217472553153],[35.21622003714933,31.75029928772313],[35.21626227819623,31.750375085669972],[35.21613898463882,31.75039255321964],[35.21603519477059,31.75040720511105],[35.2159012965893,31.750426960479196],[35.215887607795764,31.75042659556706],[35.21587418577988,31.750424265509103],[35.21586141472226,31.750420037909137],[35.2158496598125,31.750414033581738],[35.21583925563889,31.750406422945797],[35.215830499855784,31.750397424221394],[35.215823642628145,31.75038729351039],[35.21571997311844,31.750160180319043],[35.2157199900044,31.750160174906455],[35.21570285608057,31.750122641638622],[35.21570147100964,31.750119606151195],[35.21606808071198,31.74999739829574],[35.21606958821576,31.75000039408683]]]},"properties":{"plan_name":"101-1191014","parcel":"2","commerce_sqm":937,"employment_sqm":3749,"ce_uses":"תעסוקה · מסחר","dominant":"employment","combined":true,"source":"101-1191014_הוראות.pdf","split_source":"table5","is_talpiot":true,"mp_plan":"תכנית אב א.ת. תלפיות","mp_employment_max_sqm":1160000,"mp_commerce_extra_sqm":80000}},{"type":"Feature","geometry":{"type":"Polygon","coordinates":[[[35.20452550825167,31.757631563144876],[35.204446290968384,31.757561659477467],[35.2044410937032,31.757566136233752],[35.2043071512001,31.75744514483281],[35.204314438347794,31.757439077230163],[35.20424122081526,31.757372735720022],[35.204223862172135,31.75735597763386],[35.20411233890396,31.75724596149197],[35.204083629582485,31.7572132587589],[35.204058166983806,31.757178648627253],[35.2040361242058,31.757142364676984],[35.20402261298342,31.75710698800209],[35.204013070423464,31.757070678830317],[35.20400653714058,31.757018391694697],[35.20400865264894,31.75694223818149],[35.20401163132649,31.756920958276616],[35.20401675475709,31.756899833494938],[35.204030607163716,31.756857234025198],[35.204045700810454,31.75681515582283],[35.20408948916934,31.75670184282276],[35.20419518205532,31.75640173633928],[35.204210359890105,31.756415619349724],[35.20424816728404,31.756450199707675],[35.20428809834137,31.756485261640535],[35.20450529840433,31.756675974596288],[35.20431127653395,31.75683144535219],[35.20436657358959,31.756881459841203],[35.204573884775094,31.757068806984574],[35.20448562464934,31.75714008523686],[35.20461467578239,31.757259171770368],[35.20466000725355,31.75730100281367],[35.20479238362774,31.757416377166766],[35.20452550825167,31.757631563144876]]]},"properties":{"plan_name":"101-1431808","parcel":"101","commerce_sqm":855,"employment_sqm":0,"ce_uses":"מסחר","dominant":"commerce","combined":false,"source":"101-1431808_הוראות.pdf","split_source":"table5","is_talpiot":false}},{"type":"Feature","geometry":{"type":"Polygon","coordinates":[[[35.19798123469265,31.74729499747016],[35.19798267439797,31.747323283023647],[35.19798737293756,31.747415695363433],[35.1979908448112,31.747604987483783],[35.197821032359805,31.747650978383685],[35.197709132209056,31.747383465377805],[35.197707089340525,31.747378579072176],[35.197981228368555,31.747294878426235],[35.19798123469265,31.74729499747016]]]},"properties":{"plan_name":"101-1249572","parcel":"1","commerce_sqm":362,"employment_sqm":172,"ce_uses":"מסחר · תעסוקה","dominant":"commerce","combined":true,"source":"1249572.pdf","split_source":"table5","is_talpiot":false}},{"type":"Feature","geometry":{"type":"Polygon","coordinates":[[[35.19797306153217,31.747145970701553],[35.197975410544224,31.74718043755045],[35.197981228368555,31.747294878426235],[35.197707089340525,31.747378579072176],[35.19769499252289,31.747349661665353],[35.197722213512456,31.74734135168274],[35.19763978352272,31.74714420753585],[35.1979690129751,31.747055852684998],[35.19797306153217,31.747145970701553]]]},"properties":{"plan_name":"101-1249572","parcel":"2","commerce_sqm":395,"employment_sqm":170,"ce_uses":"מסחר · תעסוקה","dominant":"commerce","combined":true,"source":"1249572.pdf","split_source":"table5","is_talpiot":false}},{"type":"Feature","geometry":{"type":"Polygon","coordinates":[[[35.22045265052821,31.753018804412516],[35.22022054189059,31.753085140704755],[35.22015097108678,31.75292326100534],[35.22013571327661,31.752884074134876],[35.220078538311036,31.752737230215676],[35.22006089229974,31.752692986084313],[35.2202991470292,31.75262704071186],[35.22045265052821,31.753018804412516]]]},"properties":{"plan_name":"101-1291525","parcel":"3","commerce_sqm":295,"employment_sqm":1700,"ce_uses":"תעסוקה · מסחר","dominant":"employment","combined":true,"source":"101-1291525_הוראות (1).pdf","split_source":"table5","is_talpiot":false}},{"type":"Feature","geometry":{"type":"Polygon","coordinates":[[[35.22064639521142,31.753518086095326],[35.22074358339202,31.75366275296735],[35.220684641299094,31.753691011705794],[35.22066548854123,31.753700194932705],[35.220622637369026,31.75371362345665],[35.220577381946406,31.75371541847715],[35.220519539746505,31.753696126343545],[35.22047034325419,31.753624616292285],[35.22046594541749,31.75360765675873],[35.22045807916659,31.753577325111433],[35.22037118658278,31.75340926829032],[35.22053835438503,31.753368727323295],[35.22064639521142,31.753518086095326]]]},"properties":{"plan_name":"101-1291525","parcel":"1","commerce_sqm":325,"employment_sqm":0,"ce_uses":"מסחר","dominant":"commerce","combined":false,"source":"101-1291525_הוראות (1).pdf","split_source":"table5","is_talpiot":false}},{"type":"Feature","geometry":{"type":"Polygon","coordinates":[[[35.220734195487715,31.753286499202027],[35.22072213381954,31.753334560048575],[35.22053835438503,31.753368727323295],[35.220367758623695,31.753410098417508],[35.22029488071281,31.75325504077259],[35.22026850321485,31.7531947990403],[35.22022054189059,31.753085140704755],[35.22051923106995,31.752999779700428],[35.22058046879715,31.753149748692636],[35.220602749489515,31.75313881369726],[35.22062709443535,31.75312676014743],[35.220734195487715,31.753286499202027]]]},"properties":{"plan_name":"101-1291525","parcel":"2","commerce_sqm":330,"employment_sqm":1512,"ce_uses":"תעסוקה · מסחר","dominant":"employment","combined":true,"source":"101-1291525_הוראות (1).pdf","split_source":"table5","is_talpiot":false}},{"type":"Feature","geometry":{"type":"Polygon","coordinates":[[[35.22025725475951,31.75243090733869],[35.220279412139824,31.752477358597744],[35.22031779946886,31.75258174232797],[35.220286328089294,31.752592626115092],[35.2202991470292,31.75262704071186],[35.22006089229974,31.752692986084313],[35.22000729533069,31.75255762758259],[35.22000413831172,31.75255017151766],[35.21993996377205,31.75236356244471],[35.2201993828565,31.752281500507333],[35.22025725475951,31.75243090733869]]]},"properties":{"plan_name":"101-1291525","parcel":"4","commerce_sqm":420,"employment_sqm":1120,"ce_uses":"מסחר · תעסוקה","dominant":"employment","combined":true,"source":"101-1291525_הוראות (1).pdf","split_source":"table5","is_talpiot":false}},{"type":"Feature","geometry":{"type":"Polygon","coordinates":[[[35.2143116769406,31.759578801776442],[35.21440446862028,31.759508905227634],[35.214739798359375,31.75933573342152],[35.21497859489281,31.759525557300467],[35.214996085507835,31.759549813636973],[35.21500903656854,31.759576066129945],[35.215017145067435,31.759603701552297],[35.215020218821536,31.75963207059353],[35.21501818808579,31.75966050769916],[35.21501109922227,31.75968834640255],[35.21499911892442,31.759714933754154],[35.21495272769576,31.75981708764438],[35.214637209213706,31.75970672235659],[35.2145529419606,31.7597577824849],[35.2143116769406,31.759578801776442]]]},"properties":{"plan_name":"101-1024645","parcel":"203","commerce_sqm":300,"employment_sqm":0,"ce_uses":"מסחר","dominant":"commerce","combined":false,"source":"101-1024645_הוראות (1).pdf","split_source":"table5","is_talpiot":false}},{"type":"Feature","geometry":{"type":"Polygon","coordinates":[[[35.214562975791644,31.759198954209843],[35.21456538927256,31.759204176594253],[35.214566859149805,31.759209647962923],[35.21456735374446,31.759215246569546],[35.21456680024782,31.759221174432962],[35.2145651542755,31.75922695177578],[35.214562454865494,31.75923243339799],[35.21455877272184,31.759237478606313],[35.21455420071612,31.759241962036906],[35.21431858446645,31.759323868048213],[35.214233301819476,31.75935351286552],[35.214170166941095,31.75937210383047],[35.21410579461397,31.759387285889154],[35.214082265248834,31.759389583777285],[35.21405862679734,31.759388356362138],[35.21403559701825,31.759383641466677],[35.214013874681676,31.75937558243157],[35.21399411951327,31.75936442270548],[35.21397693213895,31.759350503141004],[35.213962834028,31.759334244861],[35.213952253770664,31.759316142044643],[35.21390279604832,31.7591059115365],[35.21412416152451,31.759073462692413],[35.214200922661554,31.759072637924504],[35.21422120142371,31.759074726833674],[35.214275007903694,31.75908018603601],[35.21427668830083,31.75908035725579],[35.21428970523168,31.75908342792399],[35.214322749924676,31.759090517449152],[35.21443030530904,31.75913482381062],[35.21443065998078,31.759134996936652],[35.21443294210465,31.75913592565572],[35.214562975791644,31.759198954209843]]]},"properties":{"plan_name":"101-1024645","parcel":"202","commerce_sqm":750,"employment_sqm":412,"ce_uses":"תעסוקה · מסחר","dominant":"commerce","combined":true,"source":"101-1024645_הוראות (1).pdf","split_source":"table5","is_talpiot":false}},{"type":"Feature","geometry":{"type":"Polygon","coordinates":[[[35.198649212457674,31.756480235759444],[35.19865393258049,31.75648032795979],[35.19869132786668,31.75648922181852],[35.19876946852273,31.75650780327346],[35.198655939385624,31.756766551737794],[35.198538313724754,31.75703463939998],[35.1982014937978,31.75703495538911],[35.198201061196194,31.757032700757907],[35.19819513736502,31.756991319354338],[35.19819294788131,31.75694967118578],[35.198192939534586,31.756948210197955],[35.19819614562191,31.756892108435583],[35.198206119461744,31.75683658959209],[35.19821910787797,31.756795289367584],[35.198235861142216,31.7567549903701],[35.19825627368492,31.756715943305753],[35.19828019455278,31.75667837452846],[35.198307503400976,31.75664253203766],[35.198338028168514,31.756608636774903],[35.198330935544774,31.756604875748234],[35.198332527359575,31.756602700575723],[35.19833591366046,31.756598070668563],[35.19835514391591,31.7565763479575],[35.19840603681014,31.756518857789082],[35.19842045789454,31.75650256935521],[35.19844925149236,31.756436941695068],[35.198649212457674,31.756480235759444]]]},"properties":{"plan_name":"101-0833038","parcel":"1","commerce_sqm":520,"employment_sqm":2000,"ce_uses":"תעסוקה · מסחר","dominant":"employment","combined":true,"source":"101-0833038_הוראות (2).pdf","split_source":"table5","is_talpiot":false}},{"type":"Feature","geometry":{"type":"Polygon","coordinates":[[[35.2246009870331,31.76934218486599],[35.22458403782276,31.769342180340633],[35.22451095010929,31.76934193037749],[35.22446417518278,31.769293422250936],[35.22444833422889,31.76923396988967],[35.22445977381462,31.76909096114174],[35.224462096180424,31.76906156432199],[35.22469027383096,31.769049623826746],[35.22469026430915,31.769006035982876],[35.224637347936,31.769006495329997],[35.224637651989326,31.768948506816837],[35.22469025170144,31.768948321680195],[35.2246902404673,31.76889689502186],[35.22469334460472,31.768870640091254],[35.224716030664545,31.76869994656366],[35.22481854154805,31.768677450833486],[35.22488500233584,31.768690897445403],[35.22500575840077,31.768715267376724],[35.22500368295172,31.768714849257883],[35.22498118568923,31.7689253320917],[35.22497282880182,31.769018165489786],[35.22497106750622,31.769034931024116],[35.22495881848345,31.76915155023896],[35.22509964238314,31.76916514523088],[35.22520037374853,31.769151415392034],[35.225327883446944,31.769134035825996],[35.22521081840507,31.76924683401549],[35.225163533812626,31.769280931379203],[35.22505302217072,31.769338667270777],[35.22501470686601,31.769357116158623],[35.22490071534277,31.769375066805424],[35.224776434235224,31.769386835967175],[35.22476907248697,31.769330098637866],[35.224709624742374,31.769335385720368],[35.22462137538504,31.769341712669913],[35.2246009870331,31.76934218486599]]]},"properties":{"plan_name":"101-0256529","parcel":"1","commerce_sqm":12800,"employment_sqm":0,"ce_uses":"מסחר תיירות ומבנים ומוסדות ציבור","dominant":"commerce","combined":false,"source":"101-0256529_הוראות (1).pdf","split_source":"table5","is_talpiot":false}},{"type":"Feature","geometry":{"type":"Polygon","coordinates":[[[35.213720371456134,31.771885089266995],[35.21355638090617,31.77199064014477],[35.21337477853444,31.771846917522836],[35.213455805659684,31.771771146226186],[35.21350118636818,31.77175025632417],[35.21359826897042,31.771665564567606],[35.213720371456134,31.771885089266995]]]},"properties":{"plan_name":"101-1363290","parcel":"1","commerce_sqm":249,"employment_sqm":1464,"ce_uses":"מגורים ותעסוקה · מסחר","dominant":"employment","combined":true,"source":"101-1363290_הוראות.pdf","split_source":"table5","is_talpiot":false}},{"type":"Feature","geometry":{"type":"Polygon","coordinates":[[[35.19529825793403,31.755172231512],[35.195201547156024,31.755345073870792],[35.195092918628205,31.755549966829577],[35.19507686615723,31.75557924313154],[35.195073855394,31.755584735143394],[35.195034907838796,31.755569072668333],[35.19503492261833,31.755569043810404],[35.194765599922306,31.755460773596393],[35.195002436615255,31.75503065839534],[35.195015420360306,31.755036894702275],[35.195030229979444,31.7550440095383],[35.19504908607289,31.75505306724176],[35.195133584913016,31.755094266045244],[35.19513489811114,31.755092309138277],[35.19529825793403,31.755172231512]]]},"properties":{"plan_name":"101-1241785","parcel":"3","commerce_sqm":600,"employment_sqm":0,"ce_uses":"מסחר","dominant":"commerce","combined":false,"source":"101-1241785_הוראות (1).pdf","split_source":"table5","is_talpiot":false}},{"type":"Feature","geometry":{"type":"Polygon","coordinates":[[[35.195002436615255,31.75503065839534],[35.194765599922306,31.755460773596393],[35.194557627735136,31.755377129709537],[35.194584646499415,31.755329610004992],[35.19469893803152,31.755118915436395],[35.19479961094475,31.75493323148709],[35.195002436615255,31.75503065839534]]]},"properties":{"plan_name":"101-1241785","parcel":"2","commerce_sqm":500,"employment_sqm":0,"ce_uses":"מסחר","dominant":"commerce","combined":false,"source":"101-1241785_הוראות (1).pdf","split_source":"table5","is_talpiot":false}},{"type":"Feature","geometry":{"type":"Polygon","coordinates":[[[35.195073855394,31.755584735143394],[35.19498752488079,31.755742198034074],[35.194900464139025,31.75589519848268],[35.194830023110875,31.755879703145318],[35.194793959136575,31.7558733343184],[35.19475734600915,31.755869957759042],[35.19473293504103,31.755868738423253],[35.19455665026371,31.755797870657524],[35.194746498761134,31.75545309565482],[35.195073855394,31.755584735143394]]]},"properties":{"plan_name":"101-1241785","parcel":"1","commerce_sqm":375,"employment_sqm":0,"ce_uses":"מסחר","dominant":"commerce","combined":false,"source":"101-1241785_הוראות (1).pdf","split_source":"table5","is_talpiot":false}},{"type":"Feature","geometry":{"type":"Polygon","coordinates":[[[35.20927335097166,31.757383810278444],[35.209139196655016,31.757366573905472],[35.20893051641141,31.757184859951632],[35.20912843151455,31.757012176643485],[35.209425149571274,31.757255922872062],[35.20927335097166,31.757383810278444]]]},"properties":{"plan_name":"101-1354356","parcel":"1","commerce_sqm":145,"employment_sqm":0,"ce_uses":"מסחר","dominant":"commerce","combined":false,"source":"101-1354356_הוראות (2).pdf","split_source":"table5","is_talpiot":false}},{"type":"Feature","geometry":{"type":"Polygon","coordinates":[[[35.215112603925284,31.743937991374427],[35.21512006623418,31.743946973131315],[35.21523047059282,31.744079995072244],[35.215259232774535,31.74411465055875],[35.21544691769834,31.74431261662899],[35.21550260433391,31.744367290696854],[35.215539788602435,31.7444037851487],[35.21555075832086,31.744416178255438],[35.215559858092654,31.744429632096026],[35.215566947531364,31.744443941964157],[35.21557084837408,31.744455006368632],[35.215573546151546,31.744466330610248],[35.21556968962195,31.744481508113005],[35.2155628431926,31.74449589586103],[35.215553209437864,31.744509065459308],[35.2155410732545,31.744520627284878],[35.21552679658599,31.744530238603897],[35.215510801538244,31.74453761439554],[35.215451248776304,31.744560450712836],[35.215373504812064,31.744591322215623],[35.21528191506418,31.744626162977806],[35.21518905642023,31.74465845696896],[35.214793166153925,31.744104780011167],[35.21483684430092,31.744081974162437],[35.2146068494392,31.74376031339699],[35.214616393391246,31.74375532722622],[35.214881584846744,31.743616854254498],[35.215112603925284,31.743937991374427]]]},"properties":{"plan_name":"101-1422401","parcel":"1","commerce_sqm":12575,"employment_sqm":7975,"ce_uses":"מסחר תעסוקה ותיירות · מבנים ומוסדות ציבור ומשרדים","dominant":"commerce","combined":true,"source":"1422401.pdf","split_source":"GS (פופאפ תב\"ע)","is_talpiot":false}},{"type":"Feature","geometry":{"type":"Polygon","coordinates":[[[35.19820746201424,31.756837033364473],[35.19820736488483,31.756837401312136],[35.19819743748779,31.756892911139538],[35.19819427362161,31.75694900117999],[35.19819790711415,31.757005069905638],[35.1982083000198,31.757060517587767],[35.19822146640111,31.757105613134495],[35.198239097602965,31.757149580687884],[35.198261065937544,31.75719209918353],[35.19833473097094,31.757320976215965],[35.19847354471456,31.757564112663047],[35.198622138482996,31.75782281161173],[35.198622005486634,31.757822865716346],[35.19862564026127,31.75782881083606],[35.19846773088035,31.757965055995705],[35.19826203078627,31.757799895205068],[35.19803606592112,31.757633852870878],[35.19803176183091,31.757630474348815],[35.197910381693454,31.757539196217856],[35.19789056519949,31.75751746618023],[35.19783594408181,31.757475594375677],[35.197827285362514,31.757467482745447],[35.197805991521,31.757441338993765],[35.19780253823849,31.75743710014855],[35.19778881661915,31.757409773565232],[35.197785456396,31.75740308351229],[35.19777673846755,31.757366823519327],[35.19777674109553,31.757329808232583],[35.19778546416232,31.75729354914261],[35.197802550795835,31.757259534271906],[35.197808918181195,31.75725037547227],[35.198009622814446,31.75699787834368],[35.19805764991427,31.75693343676062],[35.19811081342329,31.756862099911558],[35.19815927887416,31.756806509008555],[35.19820746201424,31.756837033364473]]]},"properties":{"plan_name":"101-1182146","parcel":"101","commerce_sqm":1170,"employment_sqm":5369,"ce_uses":"מסחר ותעסוקה","dominant":"employment","combined":true,"source":"101-1182146_הוראות (2).pdf","split_source":"נספח תנועה (מאזן חניה מתחם פארק הצבאים)","is_talpiot":false}},{"type":"Feature","geometry":{"type":"Polygon","coordinates":[[[35.213988196658676,31.753270819792505],[35.21408034740928,31.75373206122486],[35.214169537593094,31.754194601440624],[35.213747069729855,31.754264425139272],[35.21364891341414,31.754278897902772],[35.213512022242384,31.7542990730297],[35.21325122185853,31.754339133348765],[35.21314398835278,31.754352848805425],[35.21282341045775,31.752926540136382],[35.21318890504773,31.752864558664083],[35.213883182998664,31.752746787381522],[35.213988196658676,31.753270819792505]]]},"properties":{"plan_name":"101-1350255","parcel":"1","commerce_sqm":28876,"employment_sqm":0,"ce_uses":"מסחר ותעסוקה","dominant":"commerce","combined":false,"source":"1350255.pdf","split_source":"נספח תנועה (מסחר בלבד, אין תעסוקה)","is_talpiot":true,"mp_plan":"תכנית אב א.ת. תלפיות","mp_employment_max_sqm":1160000,"mp_commerce_extra_sqm":80000,"mp_zone_use":"L-PAVE-LINE","mp_zone_far_pct":null,"mp_zone_max_floors":null,"mp_zone_coverage_pct":null,"mp_mtchm":6,"plot_size_sqm":16327}},{"type":"Feature","geometry":{"type":"Polygon","coordinates":[[[35.22128286855543,31.753601263346923],[35.221293633473756,31.753603249583843],[35.22130389098172,31.753606674329326],[35.22131338036691,31.753611449237376],[35.221321859909004,31.75361745349315],[35.22138607026523,31.753714501450222],[35.22115730948065,31.753821616797474],[35.22124070249997,31.75394659061841],[35.22102235576908,31.75402752740264],[35.22089619051351,31.754074295437874],[35.221037279647476,31.754273507143296],[35.22093266303817,31.75431230730372],[35.22092754439339,31.75431420544933],[35.2208433483362,31.75419562200438],[35.2206890823597,31.753978355038182],[35.220744115478176,31.753951543359598],[35.22073480615999,31.753938429931907],[35.22069539836256,31.75388292825752],[35.22070271148706,31.753876194149683],[35.22077313388719,31.75384200880862],[35.22086795197998,31.75379573014613],[35.22125205263979,31.753607760712],[35.22128286855543,31.753601263346923]]]},"properties":{"plan_name":"101-1469246","parcel":"1","commerce_sqm":634,"employment_sqm":0,"ce_uses":"מסחר ותעסוקה","dominant":"commerce","combined":false,"source":"101-1469246_הוראות.pdf","split_source":"נספח תנועה (מאזן חניה עין גדי, מסחר בלבד)","is_talpiot":false}},{"type":"Feature","geometry":{"type":"Polygon","coordinates":[[[35.2013899084653,31.75527706731705],[35.201431795530944,31.75548841731434],[35.20138668145601,31.75552011428602],[35.20119699554989,31.75565337882681],[35.20116316462636,31.75567714698501],[35.20110291190652,31.75549254874422],[35.20107538169348,31.755292834607832],[35.20107781562066,31.755292551491813],[35.20110891627605,31.755288733885237],[35.20110891668659,31.75527706041215],[35.2013899084653,31.75527706731705]]]},"properties":{"plan_name":"101-1247485","parcel":"1","commerce_sqm":162,"employment_sqm":491,"ce_uses":"מסחר · תעסוקה","dominant":"employment","combined":true,"source":"101-1247485_הוראות.pdf","split_source":"table5","is_talpiot":false}},{"type":"Feature","geometry":{"type":"Polygon","coordinates":[[[35.21198158316472,31.76565509885399],[35.21223113020638,31.76572371396153],[35.212494189498436,31.76579602527522],[35.21253768586898,31.765864833106253],[35.212466347048576,31.76608515785554],[35.21212855012744,31.766002750415723],[35.21208148095817,31.766126846840343],[35.21189242013446,31.76607897027631],[35.21196893367924,31.76587054986538],[35.21175242612548,31.765798144598214],[35.21182925805507,31.765610015708255],[35.21186842151487,31.765623991976817],[35.21198158316472,31.76565509885399]]]},"properties":{"plan_name":"101-1309061","parcel":"1","commerce_sqm":50,"employment_sqm":0,"ce_uses":"מסחר","dominant":"commerce","combined":false,"source":"101-1309061_הוראות.pdf","split_source":"table5","is_talpiot":false}},{"type":"Feature","geometry":{"type":"Polygon","coordinates":[[[35.2147753911175,31.748952338508726],[35.21481349226076,31.749057351663776],[35.21483485394981,31.74911708272875],[35.21485199284019,31.74916599199427],[35.214469239329425,31.749269412210726],[35.213985087245334,31.749405853707316],[35.213461155330634,31.74954074683278],[35.21334754491149,31.749232404996],[35.213746385451714,31.749124064695536],[35.21366440731965,31.748903704814325],[35.21335706842571,31.748987190808954],[35.21321178535037,31.74859915859174],[35.213519931504436,31.748515460049166],[35.21354568572931,31.748584691058532],[35.213964537119004,31.74847016557225],[35.21403286970287,31.74847057165579],[35.214067783875464,31.74856835789511],[35.21409239513551,31.748563044152945],[35.21410586181638,31.748561509988832],[35.21414941763796,31.748558341180118],[35.21419970707738,31.74855707473132],[35.214297532491045,31.748565048486135],[35.21430296785753,31.74856581463151],[35.21431121062421,31.748567040498955],[35.214331664495056,31.748569969900405],[35.21437901057594,31.74857977827081],[35.21442214588257,31.748591841568718],[35.21444397204567,31.74859725993696],[35.2144548957441,31.748600541790598],[35.21450140887973,31.74861760101737],[35.214538412781565,31.74863343447594],[35.21454408056177,31.7486362207259],[35.21456485190811,31.74864677065717],[35.214583856408275,31.74865624753062],[35.21460306578208,31.748666842672947],[35.214643832231445,31.74869244639052],[35.21467994646631,31.748717619389023],[35.21469450161717,31.748728701890034],[35.21469678192654,31.74873458173654],[35.21470156439765,31.748748307434152],[35.2147753911175,31.748952338508726]]]},"properties":{"plan_name":"101-1492735","parcel":"1","commerce_sqm":6236,"employment_sqm":31178,"ce_uses":"תעסוקה · מסחר","dominant":"employment","combined":true,"source":"1492735.pdf","split_source":"table5","is_talpiot":true,"mp_plan":"תכנית אב א.ת. תלפיות","mp_employment_max_sqm":1160000,"mp_commerce_extra_sqm":80000,"mp_zone_use":"אזור עירוני מעורב ב'","mp_zone_far_pct":670,"mp_zone_max_floors":24,"mp_zone_coverage_pct":60,"mp_mtchm":12,"plot_size_sqm":0,"mp_commerce_far_pct":60,"mp_employment_far_pct":240}},{"type":"Feature","geometry":{"type":"Polygon","coordinates":[[[35.213589392060044,31.7479905720465],[35.21378360586381,31.747981517764725],[35.21380143008965,31.748260673657924],[35.213335787049985,31.74828238398839],[35.213007755302385,31.74758682951372],[35.213439600734866,31.747491708961395],[35.213589392060044,31.7479905720465]]]},"properties":{"plan_name":"101-1125970","parcel":"1","commerce_sqm":5174,"employment_sqm":5174,"ce_uses":"מסחר · תעסוקה","dominant":"commerce","combined":true,"source":"1125970.pdf","split_source":"table5","is_talpiot":true,"mp_plan":"תכנית אב א.ת. תלפיות","mp_employment_max_sqm":1160000,"mp_commerce_extra_sqm":80000}},{"type":"Feature","geometry":{"type":"Polygon","coordinates":[[[35.20617057444858,31.750654872572767],[35.205931221459345,31.75085480211747],[35.2058332535157,31.750816864458095],[35.2057336709056,31.750782130093672],[35.205459777762705,31.750693216204173],[35.20562493913657,31.750446897378392],[35.20565560894582,31.75040364098016],[35.20617057444858,31.750654872572767]]]},"properties":{"plan_name":"101-1417328","parcel":"1","commerce_sqm":1726,"employment_sqm":0,"ce_uses":"מסחר","dominant":"commerce","combined":false,"source":"101-1417328_הוראות.pdf","split_source":"table5","is_talpiot":false}},{"type":"Feature","geometry":{"type":"Polygon","coordinates":[[[35.202248653681146,31.76222720010003],[35.202247703580504,31.762231801288902],[35.20224360752164,31.762254612446036],[35.20223250961513,31.762339481129175],[35.20222816328307,31.76241217503956],[35.20222696177044,31.762424878384365],[35.20222674442518,31.762511776395655],[35.202232930193205,31.7625934330006],[35.20224306348202,31.762686687375194],[35.20225590184276,31.762748597327782],[35.202148692929256,31.762761435939336],[35.20186015508692,31.76281889601114],[35.20185879573,31.76281150988786],[35.20184922535687,31.76275950580743],[35.20183555422052,31.762666756364208],[35.2018289584143,31.762615248354287],[35.20182847089161,31.762610019457078],[35.20182545500724,31.762577616166766],[35.20182399082483,31.76254390703826],[35.2018218262005,31.762494045881724],[35.20182161311306,31.7624891651014],[35.2018222937701,31.76245714606987],[35.20182264255559,31.76244067300674],[35.201823536713064,31.762398484793835],[35.20182378604803,31.762390312294585],[35.20182930458536,31.762309292603522],[35.20184343146408,31.762177133153454],[35.202248653681146,31.76222720010003]]]},"properties":{"plan_name":"101-1144179","parcel":"1","commerce_sqm":45,"employment_sqm":0,"ce_uses":"מסחר","dominant":"commerce","combined":false,"source":"101-1144179_הוראות (1).pdf","split_source":"table5","is_talpiot":false}},{"type":"Feature","geometry":{"type":"Polygon","coordinates":[[[35.20336456511319,31.755009566232687],[35.20324632324715,31.754999099331133],[35.20312756098016,31.75499470894215],[35.20300870258697,31.75499640949838],[35.20289017867534,31.75500419559353],[35.2027632182574,31.755019390123138],[35.20275699942179,31.755020318943757],[35.20273971629295,31.754951105773525],[35.20273612817777,31.754924260525378],[35.20273763586161,31.75489727194956],[35.20274420133087,31.75487084168033],[35.202772021329544,31.754809283939366],[35.20280715772923,31.754750520196264],[35.20283864609136,31.7547103091423],[35.20287427180441,31.75467270265595],[35.202748585951134,31.754618087213373],[35.202763616211705,31.754591827498714],[35.202779104482005,31.754568635862707],[35.20278723179215,31.754554424699887],[35.20279299901196,31.754544481035047],[35.2027950635572,31.75454097649322],[35.20279847692394,31.754540992768856],[35.20283153616647,31.754538980258207],[35.20285593196507,31.754549378818858],[35.20316371915731,31.754756225560243],[35.20335310417241,31.75487879870465],[35.203398488878626,31.75491322787408],[35.20338360846283,31.754954315788883],[35.20336456511319,31.755009566232687]]]},"properties":{"plan_name":"101-1420926","parcel":"200","commerce_sqm":1000,"employment_sqm":4798,"ce_uses":"ותעסוקה מסחר","dominant":"employment","combined":true,"source":"101-1420926_הוראות.pdf","split_source":"GS (פופאפ תב\"ע)","is_talpiot":false}},{"type":"Feature","geometry":{"type":"Polygon","coordinates":[[[35.21871839787784,31.774848439318852],[35.21870478154049,31.77494432284068],[35.21868804210885,31.775051853091952],[35.218335226480974,31.774784617063116],[35.21833899056835,31.774781202278508],[35.218332636652256,31.774776154465584],[35.21836915901466,31.774745578030544],[35.2184270537051,31.774693180074657],[35.21846436986921,31.77466250792922],[35.21846352169532,31.774638609221014],[35.21846492979747,31.774637357309203],[35.21871839787784,31.774848439318852]]]},"properties":{"plan_name":"101-1351147","parcel":"1","commerce_sqm":75,"employment_sqm":0,"ce_uses":"מסחר","dominant":"commerce","combined":false,"source":"101-1351147_הוראות.pdf","split_source":"table5","is_talpiot":false}},{"type":"Feature","geometry":{"type":"Polygon","coordinates":[[[35.19904314104359,31.751283563123057],[35.19943479912343,31.751480862906778],[35.199412225924654,31.751514789432797],[35.19941053288127,31.75151733437297],[35.199422357507316,31.75152476423166],[35.1994464636266,31.751542248331976],[35.19946749198149,31.751562426119683],[35.19948503308587,31.751584905277973],[35.199498747113054,31.751609250204236],[35.19957559076018,31.751774175295676],[35.199577047049026,31.751778177737943],[35.199577761362136,31.751782324447422],[35.19957771892848,31.751786516220605],[35.19957691869781,31.751790651148994],[35.19957537967281,31.75179463183405],[35.1995731409094,31.751798360877974],[35.19957084203501,31.751801145688088],[35.1994708321558,31.751907337709266],[35.1993999192557,31.75203434176137],[35.19936962007155,31.752108486644904],[35.19936477510232,31.752118154230402],[35.19935842828277,31.75212716521349],[35.19935069677524,31.752135348248107],[35.19933982532824,31.752143843196386],[35.19932747424707,31.75215070304045],[35.199313974948915,31.752155743816736],[35.1992996926227,31.752158828459056],[35.199285011452396,31.75215987491461],[35.19927032828446,31.752158853438313],[35.19925603890675,31.752155792905107],[35.199242528549675,31.752150775398558],[35.19923016027636,31.752143936210263],[35.19921926970559,31.7521354593305],[35.19921014918043,31.75212557384011],[35.199157680012455,31.75199936753995],[35.199131206906074,31.751937112105143],[35.1991251136342,31.751922943871982],[35.19906600616279,31.751794413201996],[35.199002514508464,31.751667419060677],[35.198947283702125,31.751561357958877],[35.19890068995343,31.751467013971734],[35.19890627360266,31.75145962088744],[35.19891181292401,31.75145221156775],[35.19891725936905,31.751444764366365],[35.19892257072154,31.751437264851948],[35.19892769843301,31.751429693181834],[35.198932598176576,31.751422031317297],[35.19893722562549,31.75141425941583],[35.19894153434174,31.75140636484968],[35.198945477887996,31.751398324168935],[35.198949018269325,31.751390130157244],[35.198952142819884,31.7513817972436],[35.198954840984435,31.751373343464532],[35.198957102207864,31.751364785052772],[35.198958913823915,31.75135614365208],[35.19896026949909,31.751347437299163],[35.198961200895376,31.75133868222853],[35.19896188532273,31.751329909110492],[35.19896252753249,31.751321143205406],[35.198963332275675,31.751312413380997],[35.198964502192474,31.751303746701222],[35.19896624203401,31.751295168426466],[35.19896875232925,31.751286709227937],[35.198972210386636,31.751278419616387],[35.19897665630402,31.751270438477583],[35.198982115402195,31.75126292453723],[35.19898673211824,31.7512580259112],[35.19898860455854,31.751256038324286],[35.19898912596314,31.751255618086585],[35.19904314104359,31.751283563123057]]]},"properties":{"plan_name":"101-1563642","parcel":"1","commerce_sqm":300,"employment_sqm":2000,"ce_uses":"מסחר · תעסוקה","dominant":"employment","combined":true,"source":"101-1563642_הוראות (1).pdf","split_source":"table5","is_talpiot":false}},{"type":"Feature","geometry":{"type":"Polygon","coordinates":[[[35.19229497757719,31.749594265321136],[35.19228753348466,31.749767166361746],[35.19195750938973,31.749829619854683],[35.19196808147628,31.74958399254488],[35.19229497757719,31.749594265321136]]]},"properties":{"plan_name":"101-1590793","parcel":"106","commerce_sqm":400,"employment_sqm":0,"ce_uses":"מסחר","dominant":"commerce","combined":false,"source":"101-1590793_הוראות.pdf","split_source":"table5","is_talpiot":false}},{"type":"Feature","geometry":{"type":"Polygon","coordinates":[[[35.190637094060136,31.750079490170386],[35.18943882698923,31.750306230652455],[35.18946643781447,31.750186982015983],[35.18950038296071,31.75006893266322],[35.18954059376402,31.749952329686703],[35.18958698467613,31.749837414765157],[35.189641339870036,31.749720694350323],[35.189701996400615,31.749606264420926],[35.18976882545081,31.749494372058887],[35.18984167920917,31.749385260735945],[35.189863772777976,31.749359912387295],[35.18989003153251,31.749337653328126],[35.18991987281264,31.74931897860277],[35.18995263270643,31.74930430388422],[35.189987581882505,31.749293955555768],[35.19002394353274,31.749288163498697],[35.19067380445332,31.74922702141425],[35.19065634316479,31.749632512564514],[35.18988043481134,31.749608121909088],[35.18986658624617,31.74992977421147],[35.19064992540832,31.74978151652684],[35.190637094060136,31.750079490170386]]]},"properties":{"plan_name":"101-1590793","parcel":"102","commerce_sqm":2350,"employment_sqm":80800,"ce_uses":"מסחר · תעסוקה","dominant":"employment","combined":true,"source":"101-1590793_הוראות.pdf","split_source":"table5","is_talpiot":false}},{"type":"Feature","geometry":{"type":"Polygon","coordinates":[[[35.19198685829479,31.749147614944455],[35.192067368883656,31.749161107138814],[35.19214651209528,31.749179580943885],[35.19222386895956,31.749202938922874],[35.19231056435762,31.74923217596662],[35.19230118098133,31.74945006628174],[35.19197428538611,31.74943979532501],[35.19198685829479,31.749147614944455]]]},"properties":{"plan_name":"101-1590793","parcel":"104","commerce_sqm":400,"employment_sqm":900,"ce_uses":"מסחר · תעסוקה","dominant":"employment","combined":true,"source":"101-1590793_הוראות.pdf","split_source":"table5","is_talpiot":false}},{"type":"Feature","geometry":{"type":"Polygon","coordinates":[[[35.190814080235256,31.74960265493374],[35.19083128323311,31.74921220470642],[35.19151950533557,31.749147449589298],[35.1916251763419,31.749139995637886],[35.19173115698745,31.749137189739677],[35.19176687820142,31.74913651148561],[35.19181898980567,31.749135800568187],[35.191823669451054,31.749135838906923],[35.1918093115066,31.749434611583794],[35.191717217263694,31.749431718364303],[35.190814080235256,31.74960265493374]]]},"properties":{"plan_name":"101-1590793","parcel":"103","commerce_sqm":1100,"employment_sqm":2600,"ce_uses":"מסחר · תעסוקה","dominant":"employment","combined":true,"source":"101-1590793_הוראות.pdf","split_source":"table5","is_talpiot":false}},{"type":"Feature","geometry":{"type":"Polygon","coordinates":[[[35.19180238333545,31.749578787079955],[35.19178879786987,31.749861548452166],[35.19079438227547,31.750049726309737],[35.190807512860744,31.749751691355268],[35.19173262336851,31.749576594102365],[35.19180238333545,31.749578787079955]]]},"properties":{"plan_name":"101-1590793","parcel":"105","commerce_sqm":1200,"employment_sqm":0,"ce_uses":"מסחר","dominant":"commerce","combined":false,"source":"101-1590793_הוראות.pdf","split_source":"table5","is_talpiot":false}},{"type":"Feature","geometry":{"type":"Polygon","coordinates":[[[35.2191955042777,31.772811697891317],[35.21928412378114,31.773023685315493],[35.21916885929856,31.773091277364045],[35.21912312544347,31.773118096226057],[35.21899964885562,31.772965576541],[35.218890591687206,31.7728308700745],[35.2189972359398,31.77277981904403],[35.2191955042777,31.772811697891317]]]},"properties":{"plan_name":"101-1366053","parcel":"2","commerce_sqm":270,"employment_sqm":0,"ce_uses":"מסחר","dominant":"commerce","combined":false,"source":"101-1366053_הוראות (1).pdf","split_source":"table5","is_talpiot":false}},{"type":"Feature","geometry":{"type":"Polygon","coordinates":[[[35.21967311416872,31.773000059651405],[35.21948122746995,31.77310875628632],[35.21965890996258,31.773313972643873],[35.2195686230072,31.773370492846865],[35.21954487297574,31.77338699938085],[35.21949590798504,31.773422333949956],[35.219458353567276,31.773449869826067],[35.21916885929856,31.773091277364045],[35.21928412378114,31.773023685315493],[35.21956219493024,31.772859464957186],[35.21967311416872,31.773000059651405]]]},"properties":{"plan_name":"101-1366053","parcel":"1","commerce_sqm":630,"employment_sqm":0,"ce_uses":"מסחר","dominant":"commerce","combined":false,"source":"101-1366053_הוראות (1).pdf","split_source":"table5","is_talpiot":false}},{"type":"Feature","geometry":{"type":"Polygon","coordinates":[[[35.219458353567276,31.773449869826067],[35.21933763208102,31.773538381789766],[35.21926019052063,31.773596801345512],[35.2192503422282,31.7736042688433],[35.2192392279453,31.7736103016578],[35.21922713162576,31.773614748246185],[35.21921436151013,31.773617494038405],[35.21920124273716,31.77361846865276],[35.21917083692706,31.773617647903706],[35.21897886552925,31.773440871191397],[35.218999421526206,31.773426466420972],[35.21885655645106,31.773275593787805],[35.2191231233324,31.77311809802998],[35.21916885929856,31.773091277364045],[35.219458353567276,31.773449869826067]]]},"properties":{"plan_name":"101-1366053","parcel":"4","commerce_sqm":755,"employment_sqm":0,"ce_uses":"מסחר","dominant":"commerce","combined":false,"source":"101-1366053_הוראות (1).pdf","split_source":"table5","is_talpiot":false}},{"type":"Feature","geometry":{"type":"Polygon","coordinates":[[[35.2191231233324,31.77311809802998],[35.21885655645106,31.773275593787805],[35.21881310248594,31.77330119479219],[35.21868080509431,31.77314961010965],[35.21899964885562,31.772965576541],[35.2191231233324,31.77311809802998]]]},"properties":{"plan_name":"101-1366053","parcel":"3","commerce_sqm":0,"employment_sqm":1445,"ce_uses":"מיוחד דיור תעסוקה ותיירות","dominant":"employment","combined":false,"source":"101-1366053_הוראות (1).pdf","split_source":"table5","is_talpiot":false}},{"type":"Feature","geometry":{"type":"Polygon","coordinates":[[[35.208987242838454,31.76106358887003],[35.20903879801606,31.761160724560085],[35.209021594995626,31.761205797522525],[35.209005989347325,31.761236850365382],[35.208996456435145,31.761251256759106],[35.20898072134335,31.76126913547363],[35.20896028679351,31.761283149054016],[35.208931433349036,31.76129910730664],[35.20889235770607,31.761308027928585],[35.20877571577702,31.761340624629554],[35.20873334675202,31.76134817090677],[35.20871502479037,31.761350408103297],[35.208661646350905,31.761355344795742],[35.20855536194775,31.761356545971157],[35.20852057765863,31.761356189976294],[35.20848650678819,31.761352962479297],[35.2084288232361,31.76134398196428],[35.20846097565946,31.761214950583152],[35.20861017865429,31.761040213536752],[35.20865742853421,31.760944861846596],[35.208987242838454,31.76106358887003]]]},"properties":{"plan_name":"101-1185578","parcel":"2","commerce_sqm":250,"employment_sqm":0,"ce_uses":"מסחר","dominant":"commerce","combined":false,"source":"101-1185578_הוראות.pdf","split_source":"table5","is_talpiot":false}},{"type":"Feature","geometry":{"type":"Polygon","coordinates":[[[35.207021296837276,31.75303229570131],[35.20708135504347,31.75311101375653],[35.2071358638937,31.753192626823868],[35.20714012178563,31.753199917243734],[35.206835953013645,31.753386258997207],[35.20672942292761,31.75324616665912],[35.207021296837276,31.75303229570131]]]},"properties":{"plan_name":"101-1526193","parcel":"1","commerce_sqm":250,"employment_sqm":0,"ce_uses":"מסחר","dominant":"commerce","combined":false,"source":"101-1526193_הוראות.pdf","split_source":"table5","is_talpiot":false}}]}