{"type": "FeatureCollection", "metadata": {"title": "בנייה, מלאי דירות ושכירות לפי תת-רובע", "source": "השנתון הסטטיסטי לירושלים 2026, מכון ירושלים למחקרי מדיניות — לוחות ט/7 (בנייה) + ט/16 (מלאי דירות ושכירות)", "source_url": "https://jerusaleminstitute.org.il/yearbook/#/4373/31918", "metric": "מספר דירות (יח\"ד)", "years": [2022, 2023, 2024, 2025], "dwelling_years": [2023, 2024, 2025], "join": "stat_area_id[:3] == sub-quarter code"}, "features": [{"type": "Feature", "properties": {"subq": "101", "name_he": "בית הכרם", "stat_area_ids": ["1011", "1012", "1013", "1014"], "n_stat_areas": 4, "pop_approx": 17770, "hh_total": 6530, "has_data": true, "started_2022": 177, "completed_2022": 27, "started_2023": 49, "completed_2023": 74, "started_2024": 3, "completed_2024": 8, "started_2025": 123, "completed_2025": 29, "started_total": 352, "completed_total": 138, "started_per_1000": 19.8, "has_dwellings": true, "dwellings_2023": 6805, "rented_pct_2023": 32.5, "dwellings_2024": 6868, "rented_pct_2024": 32.8, "dwellings_2025": 6903, "rented_pct_2025": 34.2, "started_pct_of_stock": 5.1}, "geometry": {"type": "Polygon", "coordinates": [[[35.194728, 31.77115], [35.194805, 31.770777], [35.194837, 31.770623], [35.194935, 31.77002], [35.194939, 31.769931], [35.194955, 31.769569], [35.194915, 31.769041], [35.194773, 31.768466], [35.19452, 31.76789], [35.194332, 31.767551], [35.194325, 31.76754], [35.194078, 31.767138], [35.193989, 31.766992], [35.193978, 31.766976], [35.193558, 31.76709], [35.193556, 31.767091], [35.192818, 31.767295], [35.192073, 31.767478], [35.191716, 31.767605], [35.191707, 31.767612], [35.191368, 31.767868], [35.191326, 31.767904], [35.191118, 31.768081], [35.190854, 31.768336], [35.190595, 31.768628], [35.190388, 31.768908], [35.190382, 31.768916], [35.19031, 31.769039], [35.190189, 31.769218], [35.190004, 31.769599], [35.189765, 31.770081], [35.189551, 31.770519], [35.189478, 31.77066], [35.189348, 31.770914], [35.189302, 31.770989], [35.189099, 31.771323], [35.189077, 31.771359], [35.188997, 31.771459], [35.18876, 31.771759], [35.188682, 31.771855], [35.188637, 31.771911], [35.188607, 31.771947], [35.188247, 31.772291], [35.188205, 31.772331], [35.187887, 31.772624], [35.18777, 31.772732], [35.187585, 31.772903], [35.187474, 31.773013], [35.187355, 31.773131], [35.18732, 31.773166], [35.187206, 31.773268], [35.187087, 31.773373], [35.187029, 31.773424], [35.186896, 31.773546], [35.186887, 31.773554], [35.186858, 31.773582], [35.186819, 31.773619], [35.18666, 31.773763], [35.186431, 31.773975], [35.186374, 31.774024], [35.186367, 31.774031], [35.186357, 31.77404], [35.186108, 31.774253], [35.185719, 31.774601], [35.185661, 31.774649], [35.185605, 31.774696], [35.185508, 31.774815], [35.185327, 31.775001], [35.185149, 31.775204], [35.185129, 31.775226], [35.185021, 31.775341], [35.184894, 31.775475], [35.184839, 31.775532], [35.184771, 31.775602], [35.184764, 31.775608], [35.184604, 31.775745], [35.184438, 31.775844], [35.184364, 31.775881], [35.184358, 31.775884], [35.184235, 31.775944], [35.184062, 31.776004], [35.183761, 31.776024], [35.183633, 31.776033], [35.183424, 31.776078], [35.183179, 31.776127], [35.183061, 31.776139], [35.18284, 31.776233], [35.182564, 31.776276], [35.182228, 31.776276], [35.181856, 31.776339], [35.181697, 31.776469], [35.181649, 31.776543], [35.181457, 31.776982], [35.181009, 31.777534], [35.179947, 31.778856], [35.179869, 31.77896], [35.179761, 31.779403], [35.179651, 31.779853], [35.179661, 31.779853], [35.179759, 31.779854], [35.179858, 31.779856], [35.179923, 31.779856], [35.179989, 31.779856], [35.180035, 31.779906], [35.180046, 31.779983], [35.180056, 31.780059], [35.18006, 31.780082], [35.180536, 31.780346], [35.180531, 31.780386], [35.180669, 31.780453], [35.180833, 31.780528], [35.181152, 31.780669], [35.181312, 31.780771], [35.18149, 31.780912], [35.18161, 31.78102], [35.181718, 31.781119], [35.18182, 31.781208], [35.181866, 31.781253], [35.181908, 31.781295], [35.182003, 31.781329], [35.182302, 31.781388], [35.182483, 31.781425], [35.182783, 31.781499], [35.1829, 31.781517], [35.183046, 31.781534], [35.183173, 31.781569], [35.183412, 31.781622], [35.18364, 31.781674], [35.183783, 31.781702], [35.183918, 31.781737], [35.184133, 31.781839], [35.18444, 31.782036], [35.184629, 31.782178], [35.184768, 31.782243], [35.18504, 31.78239], [35.185301, 31.78254], [35.185495, 31.782625], [35.185726, 31.782706], [35.186106, 31.782841], [35.186468, 31.782974], [35.186699, 31.783063], [35.186814, 31.783107], [35.186915, 31.783184], [35.18706, 31.783264], [35.187212, 31.783332], [35.187249, 31.783347], [35.187374, 31.783397], [35.187498, 31.783447], [35.187737, 31.783568], [35.188018, 31.783715], [35.188234, 31.783812], [35.188485, 31.78387], [35.188681, 31.783932], [35.188839, 31.783957], [35.189051, 31.783941], [35.189265, 31.783929], [35.189457, 31.783909], [35.18955, 31.783882], [35.190545, 31.783682], [35.191053, 31.783584], [35.190969, 31.78356], [35.191168, 31.783546], [35.191317, 31.783514], [35.191417, 31.783482], [35.191432, 31.783475], [35.191504, 31.783439], [35.191518, 31.783432], [35.191733, 31.783321], [35.191904, 31.783216], [35.19203, 31.783123], [35.192081, 31.783086], [35.192157, 31.783001], [35.192191, 31.782907], [35.192198, 31.782845], [35.192199, 31.782835], [35.192202, 31.782728], [35.192351, 31.782721], [35.19262, 31.782737], [35.192873, 31.782777], [35.193082, 31.782819], [35.193089, 31.782821], [35.193179, 31.782839], [35.193254, 31.782864], [35.193574, 31.78297], [35.193582, 31.782972], [35.193941, 31.783054], [35.193984, 31.783064], [35.194235, 31.783117], [35.194293, 31.78313], [35.194299, 31.783129], [35.194446, 31.783089], [35.194657, 31.783034], [35.194816, 31.782967], [35.195014, 31.782888], [35.195166, 31.782801], [35.195388, 31.782743], [35.195777, 31.782648], [35.196169, 31.782555], [35.196351, 31.782513], [35.196559, 31.782466], [35.196611, 31.782454], [35.196682, 31.782436], [35.196793, 31.782407], [35.196977, 31.78236], [35.197003, 31.782351], [35.196715, 31.781994], [35.196297, 31.781474], [35.196217, 31.781373], [35.195816, 31.78087], [35.195409, 31.780352], [35.19529, 31.780201], [35.195126, 31.779993], [35.195054, 31.779901], [35.194807, 31.779542], [35.194789, 31.77951], [35.194766, 31.77948], [35.194364, 31.778951], [35.194311, 31.778739], [35.19417, 31.778382], [35.19406, 31.778111], [35.194007, 31.777979], [35.194003, 31.77797], [35.193886, 31.777341], [35.193779, 31.776692], [35.193786, 31.776682], [35.193786, 31.776202], [35.193786, 31.776062], [35.193786, 31.775531], [35.193857, 31.775129], [35.19397, 31.774371], [35.193977, 31.774326], [35.194073, 31.774337], [35.194085, 31.774274], [35.194289, 31.773262], [35.194427, 31.772601], [35.194538, 31.772064], [35.194728, 31.77115]]]}}, {"type": "Feature", "properties": {"subq": "102", "name_he": "ניות, קרית הלאום, גבעת רם", "stat_area_ids": ["1021", "1022", "1023", "1024", "1025", "1026"], "n_stat_areas": 6, "pop_approx": 4549, "hh_total": 1700, "has_data": true, "started_2022": 0, "completed_2022": 175, "started_2023": 667, "completed_2023": 32, "started_2024": 310, "completed_2024": 0, "started_2025": 12, "completed_2025": 667, "started_total": 989, "completed_total": 874, "started_per_1000": 217.4, "has_dwellings": true, "dwellings_2023": 1706, "rented_pct_2023": 34.3, "dwellings_2024": 1694, "rented_pct_2024": 33.7, "dwellings_2025": 1690, "rented_pct_2025": 36.7, "started_pct_of_stock": 58.5}, "geometry": {"type": "Polygon", "coordinates": [[[35.201963, 31.766089], [35.201656, 31.765989], [35.20161, 31.765974], [35.201154, 31.765864], [35.200738, 31.765758], [35.20027, 31.765696], [35.199754, 31.765664], [35.1992, 31.765683], [35.198781, 31.76572], [35.198332, 31.765789], [35.19776, 31.765892], [35.197719, 31.765901], [35.197678, 31.76591], [35.197171, 31.76612], [35.196742, 31.766267], [35.195924, 31.766472], [35.195421, 31.766614], [35.194436, 31.766854], [35.194021, 31.766964], [35.193978, 31.766976], [35.193989, 31.766992], [35.194078, 31.767138], [35.194325, 31.76754], [35.194332, 31.767551], [35.19452, 31.76789], [35.194773, 31.768466], [35.194915, 31.769041], [35.194955, 31.769569], [35.194939, 31.769931], [35.194935, 31.77002], [35.194837, 31.770623], [35.194805, 31.770777], [35.194728, 31.77115], [35.194538, 31.772064], [35.194427, 31.772601], [35.194289, 31.773262], [35.194085, 31.774274], [35.194073, 31.774337], [35.193977, 31.774326], [35.19397, 31.774371], [35.193857, 31.775129], [35.193786, 31.775531], [35.193786, 31.776062], [35.193786, 31.776202], [35.193786, 31.776682], [35.193779, 31.776692], [35.193886, 31.777341], [35.194003, 31.77797], [35.194007, 31.777979], [35.19406, 31.778111], [35.19417, 31.778382], [35.194311, 31.778739], [35.194364, 31.778951], [35.194766, 31.77948], [35.194789, 31.77951], [35.194807, 31.779542], [35.195054, 31.779901], [35.195126, 31.779993], [35.19529, 31.780201], [35.195409, 31.780352], [35.195816, 31.78087], [35.196217, 31.781373], [35.196297, 31.781474], [35.196715, 31.781994], [35.197003, 31.782351], [35.196977, 31.78236], [35.196793, 31.782407], [35.196682, 31.782436], [35.196611, 31.782454], [35.196559, 31.782466], [35.196351, 31.782513], [35.196169, 31.782555], [35.195777, 31.782648], [35.195388, 31.782743], [35.195166, 31.782801], [35.195014, 31.782888], [35.194816, 31.782967], [35.194657, 31.783034], [35.194446, 31.783089], [35.194299, 31.783129], [35.194293, 31.78313], [35.19444, 31.783162], [35.194761, 31.783245], [35.194848, 31.783269], [35.194869, 31.783276], [35.194989, 31.783313], [35.195185, 31.783369], [35.195233, 31.783383], [35.195359, 31.783429], [35.195513, 31.783498], [35.195813, 31.783692], [35.195861, 31.783738], [35.195868, 31.783745], [35.196139, 31.784007], [35.196383, 31.78426], [35.196436, 31.784315], [35.196475, 31.784355], [35.196794, 31.78467], [35.197056, 31.784946], [35.197058, 31.784949], [35.197414, 31.78531], [35.197776, 31.785677], [35.197884, 31.785794], [35.19796, 31.785876], [35.19797, 31.785888], [35.19798, 31.785899], [35.198294, 31.786236], [35.198668, 31.786618], [35.198799, 31.786762], [35.198848, 31.786817], [35.198956, 31.78694], [35.19909, 31.787002], [35.199331, 31.787215], [35.199392, 31.787269], [35.199495, 31.787346], [35.199738, 31.787607], [35.199996, 31.787884], [35.200201, 31.788157], [35.200328, 31.788057], [35.200647, 31.7879], [35.200899, 31.787823], [35.201127, 31.787798], [35.201353, 31.787783], [35.201448, 31.787778], [35.201746, 31.787777], [35.201905, 31.78778], [35.202284, 31.787788], [35.20261, 31.787791], [35.203009, 31.787804], [35.203387, 31.787826], [35.20372, 31.787842], [35.203834, 31.787845], [35.204198, 31.787865], [35.204422, 31.787903], [35.204471, 31.787911], [35.204577, 31.787907], [35.204589, 31.787907], [35.204672, 31.787888], [35.205029, 31.787707], [35.205047, 31.787698], [35.205212, 31.787608], [35.2055, 31.78745], [35.205803, 31.787301], [35.205985, 31.787209], [35.206384, 31.786993], [35.206714, 31.786816], [35.206781, 31.786766], [35.206792, 31.786724], [35.206917, 31.786593], [35.207018, 31.78643], [35.207018, 31.786429], [35.207047, 31.786382], [35.207053, 31.786369], [35.207084, 31.786303], [35.207302, 31.785824], [35.207414, 31.78559], [35.207428, 31.785562], [35.207674, 31.785052], [35.207893, 31.784619], [35.207952, 31.784504], [35.207998, 31.7844], [35.208019, 31.784354], [35.208065, 31.78425], [35.208135, 31.784096], [35.208147, 31.784057], [35.208271, 31.783668], [35.208298, 31.783542], [35.208386, 31.78314], [35.208393, 31.783113], [35.208419, 31.783018], [35.208419, 31.783017], [35.20842, 31.783014], [35.208434, 31.782966], [35.208439, 31.782948], [35.20845, 31.782816], [35.208478, 31.782504], [35.208487, 31.782403], [35.208526, 31.782107], [35.208539, 31.782043], [35.20858, 31.781838], [35.208596, 31.78167], [35.208595, 31.781652], [35.208595, 31.78164], [35.208593, 31.781608], [35.208588, 31.781513], [35.208587, 31.781488], [35.208573, 31.781373], [35.208574, 31.781227], [35.208589, 31.781144], [35.208667, 31.780967], [35.208724, 31.780787], [35.20874, 31.780734], [35.20875, 31.780701], [35.208835, 31.780246], [35.208884, 31.779985], [35.20891, 31.779807], [35.208937, 31.779631], [35.209006, 31.779166], [35.209007, 31.779159], [35.209065, 31.778794], [35.209104, 31.778551], [35.209124, 31.778402], [35.209154, 31.778182], [35.209158, 31.778048], [35.209165, 31.777809], [35.209166, 31.777764], [35.209171, 31.777572], [35.20917, 31.777101], [35.20917, 31.777094], [35.20917, 31.776893], [35.209138, 31.77638], [35.209137, 31.776366], [35.209137, 31.776353], [35.209131, 31.776233], [35.20913, 31.776218], [35.209126, 31.776096], [35.209124, 31.77604], [35.209124, 31.776032], [35.209096, 31.775499], [35.209083, 31.775265], [35.209083, 31.775259], [35.209071, 31.775121], [35.209069, 31.775092], [35.209037, 31.774714], [35.209036, 31.774616], [35.209035, 31.774568], [35.209035, 31.774473], [35.209028, 31.774417], [35.20901, 31.77425], [35.208997, 31.774087], [35.208985, 31.77396], [35.208965, 31.773744], [35.208964, 31.773569], [35.208947, 31.773285], [35.20893, 31.772996], [35.208911, 31.772731], [35.208896, 31.772488], [35.208892, 31.77242], [35.208884, 31.772314], [35.20888, 31.772251], [35.208871, 31.772112], [35.208869, 31.772006], [35.20886, 31.77184], [35.208858, 31.771666], [35.20886, 31.771618], [35.20886, 31.771609], [35.208868, 31.771434], [35.208869, 31.771401], [35.208873, 31.771247], [35.208881, 31.771178], [35.208905, 31.770975], [35.20891, 31.770855], [35.208911, 31.77084], [35.208938, 31.770601], [35.208953, 31.770471], [35.208954, 31.770462], [35.208968, 31.770301], [35.208976, 31.770071], [35.208981, 31.769965], [35.208983, 31.769929], [35.208992, 31.769766], [35.208998, 31.769655], [35.208955, 31.769656], [35.208854, 31.769654], [35.208793, 31.769651], [35.208582, 31.769624], [35.208301, 31.769576], [35.208153, 31.769538], [35.208144, 31.769536], [35.207971, 31.769491], [35.207482, 31.769352], [35.206875, 31.769192], [35.206525, 31.76908], [35.206238, 31.768968], [35.205932, 31.768807], [35.205689, 31.768649], [35.205567, 31.768529], [35.205475, 31.76844], [35.205258, 31.768185], [35.205036, 31.767816], [35.204879, 31.767482], [35.204728, 31.767159], [35.204718, 31.767137], [35.204659, 31.767018], [35.204526, 31.767047], [35.20439, 31.76706], [35.204319, 31.767064], [35.204215, 31.767069], [35.204061, 31.767072], [35.203903, 31.767072], [35.203744, 31.767075], [35.203526, 31.767086], [35.203237, 31.767109], [35.203099, 31.76713], [35.203062, 31.767064], [35.203058, 31.767057], [35.202934, 31.766907], [35.202886, 31.766856], [35.202866, 31.766833], [35.202741, 31.766693], [35.202635, 31.766572], [35.202516, 31.766438], [35.202267, 31.766269], [35.202227, 31.766242], [35.201963, 31.766089]]]}}, {"type": "Feature", "properties": {"subq": "111", "name_he": "עין כרם, קרית הדסה", "stat_area_ids": ["1112", "1113", "1114", "1115", "1116"], "n_stat_areas": 5, "pop_approx": 2710, "hh_total": 890, "has_data": true, "started_2022": 1, "completed_2022": 0, "started_2023": 2, "completed_2023": 1, "started_2024": 371, "completed_2024": 2, "started_2025": 0, "completed_2025": 0, "started_total": 374, "completed_total": 3, "started_per_1000": 138.0, "has_dwellings": true, "dwellings_2023": 611, "rented_pct_2023": 18.3, "dwellings_2024": 598, "rented_pct_2024": 16.9, "dwellings_2025": 598, "rented_pct_2025": 21.1, "started_pct_of_stock": 62.5}, "geometry": {"type": "Polygon", "coordinates": [[[35.167297, 31.761657], [35.167123, 31.761405], [35.167009, 31.761204], [35.166929, 31.760906], [35.166781, 31.760488], [35.166781, 31.760385], [35.166855, 31.760276], [35.166916, 31.760156], [35.166896, 31.759921], [35.166857, 31.7598], [35.16678, 31.759862], [35.166692, 31.759934], [35.166513, 31.760077], [35.166198, 31.760339], [35.166189, 31.760345], [35.165894, 31.760543], [35.165504, 31.760667], [35.165208, 31.760676], [35.164845, 31.76058], [35.164662, 31.760445], [35.164475, 31.760307], [35.164442, 31.760275], [35.164126, 31.759968], [35.164018, 31.75985], [35.163869, 31.759687], [35.163634, 31.759484], [35.163357, 31.759342], [35.163308, 31.759319], [35.16289, 31.759208], [35.162498, 31.759122], [35.162366, 31.759067], [35.162315, 31.759046], [35.162092, 31.758954], [35.161806, 31.75873], [35.161561, 31.758474], [35.161374, 31.758199], [35.16134, 31.758108], [35.161253, 31.757876], [35.161188, 31.757545], [35.161098, 31.757209], [35.160947, 31.757029], [35.160823, 31.756966], [35.160518, 31.756939], [35.160245, 31.756987], [35.160233, 31.756979], [35.160196, 31.756942], [35.160151, 31.7569], [35.160138, 31.756886], [35.160112, 31.756874], [35.160105, 31.75687], [35.160033, 31.756833], [35.159876, 31.756832], [35.159859, 31.756832], [35.159837, 31.756776], [35.159795, 31.756779], [35.159787, 31.75678], [35.159784, 31.756841], [35.15978, 31.756903], [35.159778, 31.756925], [35.159776, 31.756964], [35.159772, 31.757018], [35.159769, 31.757072], [35.159763, 31.757123], [35.159692, 31.757181], [35.159622, 31.757239], [35.159551, 31.757298], [35.159481, 31.757356], [35.15941, 31.757414], [35.15934, 31.757473], [35.159269, 31.757531], [35.159199, 31.757589], [35.159128, 31.757648], [35.159058, 31.757706], [35.158987, 31.757764], [35.158917, 31.757823], [35.158846, 31.757881], [35.1588, 31.757932], [35.158754, 31.757984], [35.158707, 31.758035], [35.158677, 31.758096], [35.158647, 31.758158], [35.158617, 31.758219], [35.158597, 31.758303], [35.158576, 31.758388], [35.158562, 31.758469], [35.158547, 31.75855], [35.158533, 31.758631], [35.158518, 31.758712], [35.158503, 31.758792], [35.158489, 31.758873], [35.158474, 31.758954], [35.158459, 31.759035], [35.158445, 31.759116], [35.15843, 31.759197], [35.158407, 31.759258], [35.158399, 31.75928], [35.158387, 31.75931], [35.158367, 31.759363], [35.158326, 31.75943], [35.158285, 31.759496], [35.158229, 31.759572], [35.158174, 31.759648], [35.158119, 31.759724], [35.158063, 31.7598], [35.158008, 31.759876], [35.157981, 31.759932], [35.157954, 31.759987], [35.157927, 31.760043], [35.157916, 31.760102], [35.157905, 31.760162], [35.157894, 31.760222], [35.157894, 31.760289], [35.157893, 31.760357], [35.157896, 31.760412], [35.1579, 31.760466], [35.157917, 31.760516], [35.157934, 31.760565], [35.15793, 31.760566], [35.157853, 31.760577], [35.157818, 31.760578], [35.157716, 31.760565], [35.157614, 31.760552], [35.157526, 31.76054], [35.157439, 31.760528], [35.157351, 31.760515], [35.157264, 31.760503], [35.157166, 31.760487], [35.157069, 31.760472], [35.156972, 31.760456], [35.156869, 31.760442], [35.156766, 31.760428], [35.156663, 31.760414], [35.156561, 31.7604], [35.156458, 31.760386], [35.156366, 31.760373], [35.156274, 31.76036], [35.156182, 31.760347], [35.156091, 31.760334], [35.155999, 31.76032], [35.155907, 31.760307], [35.155811, 31.760294], [35.155716, 31.760281], [35.15562, 31.760268], [35.155524, 31.760254], [35.155429, 31.760241], [35.155333, 31.760228], [35.155237, 31.760215], [35.155141, 31.760201], [35.155048, 31.76019], [35.154997, 31.760184], [35.154954, 31.760179], [35.15486, 31.760168], [35.154856, 31.760168], [35.154853, 31.760085], [35.154853, 31.76007], [35.154851, 31.760002], [35.154849, 31.759919], [35.154847, 31.759836], [35.154845, 31.759753], [35.154843, 31.75967], [35.154841, 31.759597], [35.154839, 31.759525], [35.154836, 31.759452], [35.154835, 31.759389], [35.154834, 31.75938], [35.154832, 31.759308], [35.154826, 31.759241], [35.15482, 31.759175], [35.154813, 31.759108], [35.154814, 31.759108], [35.154808, 31.759035], [35.154801, 31.758962], [35.154795, 31.758889], [35.154788, 31.758816], [35.154786, 31.758729], [35.154786, 31.758701], [35.154434, 31.758685], [35.15417, 31.759009], [35.153974, 31.759093], [35.153452, 31.759276], [35.15311, 31.759303], [35.15299, 31.759244], [35.152925, 31.759294], [35.152854, 31.759348], [35.15283, 31.759387], [35.152832, 31.75942], [35.152801, 31.759478], [35.15277, 31.759535], [35.152739, 31.759593], [35.152708, 31.759651], [35.1527, 31.759711], [35.152692, 31.759771], [35.152684, 31.759831], [35.152676, 31.759891], [35.152676, 31.759892], [35.152674, 31.759948], [35.152671, 31.760004], [35.152663, 31.760062], [35.152661, 31.760079], [35.15265, 31.760153], [35.15264, 31.760228], [35.152632, 31.760284], [35.152625, 31.76034], [35.152606, 31.760415], [35.152586, 31.760491], [35.152567, 31.760566], [35.152548, 31.760642], [35.152529, 31.760717], [35.152513, 31.7608], [35.152497, 31.760882], [35.15248, 31.760964], [35.152464, 31.761047], [35.152448, 31.761129], [35.152432, 31.761212], [35.152416, 31.761294], [35.152399, 31.761376], [35.152385, 31.761451], [35.152383, 31.761459], [35.152473, 31.761459], [35.152563, 31.761459], [35.152653, 31.761459], [35.152732, 31.761503], [35.152809, 31.761546], [35.152811, 31.761547], [35.152856, 31.761605], [35.152817, 31.761656], [35.152801, 31.761728], [35.152786, 31.761799], [35.15277, 31.761871], [35.152754, 31.761943], [35.152739, 31.762014], [35.152738, 31.762019], [35.152738, 31.762025], [35.152732, 31.76208], [35.152727, 31.762142], [35.152721, 31.762203], [35.152713, 31.76228], [35.152706, 31.762357], [35.152699, 31.762434], [35.152692, 31.762511], [35.152684, 31.762588], [35.152683, 31.762642], [35.152681, 31.762696], [35.152691, 31.762775], [35.152702, 31.762853], [35.152722, 31.76294], [35.152742, 31.763028], [35.152785, 31.763074], [35.152828, 31.76312], [35.152906, 31.763168], [35.152984, 31.763217], [35.153074, 31.763234], [35.153164, 31.763251], [35.153254, 31.763269], [35.153344, 31.763286], [35.153447, 31.763301], [35.15355, 31.763317], [35.153652, 31.763332], [35.153755, 31.763348], [35.153858, 31.763363], [35.153961, 31.763378], [35.154064, 31.763394], [35.154145, 31.763403], [35.154226, 31.763413], [35.154307, 31.763423], [35.154388, 31.763432], [35.154459, 31.763473], [35.154531, 31.763514], [35.154603, 31.763555], [35.154648, 31.763613], [35.154693, 31.763671], [35.154691, 31.763711], [35.154689, 31.763747], [35.154684, 31.763824], [35.154657, 31.763896], [35.15463, 31.763968], [35.154603, 31.764039], [35.153871, 31.764274], [35.153096, 31.764289], [35.152012, 31.764171], [35.151444, 31.763847], [35.151014, 31.763068], [35.151238, 31.762847], [35.151187, 31.76245], [35.150575, 31.762215], [35.150575, 31.762214], [35.150572, 31.762214], [35.150481, 31.762207], [35.150387, 31.7622], [35.150292, 31.762193], [35.150198, 31.762186], [35.150102, 31.762179], [35.150005, 31.762172], [35.149908, 31.762165], [35.149811, 31.762158], [35.149715, 31.762152], [35.149621, 31.762146], [35.149526, 31.76214], [35.149432, 31.762134], [35.149338, 31.762128], [35.149244, 31.762122], [35.149151, 31.762117], [35.149058, 31.762111], [35.148966, 31.762105], [35.148873, 31.762099], [35.14878, 31.762094], [35.148694, 31.762085], [35.148608, 31.762076], [35.148521, 31.762067], [35.148435, 31.762058], [35.14833, 31.762049], [35.14823, 31.762041], [35.148131, 31.762033], [35.148129, 31.762033], [35.148086, 31.762027], [35.147989, 31.762016], [35.147892, 31.762005], [35.147794, 31.761993], [35.147784, 31.761992], [35.147697, 31.761982], [35.147602, 31.761971], [35.147506, 31.76196], [35.147411, 31.761948], [35.147315, 31.761937], [35.14722, 31.761926], [35.147124, 31.761915], [35.147029, 31.761904], [35.146933, 31.761893], [35.146838, 31.761881], [35.146742, 31.76187], [35.146646, 31.761859], [35.146557, 31.761843], [35.146467, 31.761827], [35.146378, 31.761811], [35.146288, 31.761795], [35.146198, 31.761779], [35.146109, 31.761763], [35.146107, 31.761763], [35.146019, 31.761745], [35.145929, 31.761726], [35.145839, 31.761707], [35.14575, 31.761688], [35.14566, 31.761669], [35.145613, 31.761743], [35.145566, 31.761816], [35.14553, 31.761888], [35.145494, 31.761961], [35.145472, 31.762004], [35.145458, 31.762033], [35.145422, 31.762105], [35.145386, 31.762177], [35.14535, 31.762249], [35.145312, 31.762327], [35.145273, 31.762404], [35.145234, 31.762481], [35.145196, 31.762558], [35.145157, 31.762635], [35.145119, 31.762685], [35.145081, 31.762735], [35.145012, 31.762797], [35.144942, 31.762859], [35.144873, 31.762921], [35.14479, 31.762954], [35.144708, 31.762988], [35.144625, 31.763021], [35.144539, 31.763023], [35.144453, 31.763025], [35.144367, 31.763027], [35.144277, 31.763], [35.144187, 31.762974], [35.144096, 31.762947], [35.144006, 31.762921], [35.143929, 31.762875], [35.143852, 31.76283], [35.143775, 31.762785], [35.143697, 31.762739], [35.14362, 31.762694], [35.143543, 31.762648], [35.143474, 31.762605], [35.143404, 31.762562], [35.143335, 31.762518], [35.143266, 31.762475], [35.143196, 31.762432], [35.14311, 31.762392], [35.143024, 31.762352], [35.142938, 31.762312], [35.142851, 31.762272], [35.142765, 31.762233], [35.142689, 31.762211], [35.142613, 31.762188], [35.142536, 31.762166], [35.14246, 31.762144], [35.142388, 31.762137], [35.142379, 31.762136], [35.142298, 31.762128], [35.142217, 31.76212], [35.142136, 31.762112], [35.142072, 31.762108], [35.142032, 31.762106], [35.141927, 31.7621], [35.141856, 31.762095], [35.141784, 31.762091], [35.141713, 31.762087], [35.141624, 31.762082], [35.141536, 31.762077], [35.141447, 31.762072], [35.141359, 31.762067], [35.14127, 31.762062], [35.141182, 31.762057], [35.141096, 31.762046], [35.141009, 31.762035], [35.140923, 31.762024], [35.140837, 31.762013], [35.140751, 31.762002], [35.140664, 31.761981], [35.140577, 31.761961], [35.14049, 31.761941], [35.140403, 31.761921], [35.140325, 31.761902], [35.140246, 31.761884], [35.140168, 31.761866], [35.14008, 31.761859], [35.139993, 31.761852], [35.139905, 31.761845], [35.13982, 31.761845], [35.139734, 31.761845], [35.139647, 31.761852], [35.139559, 31.761859], [35.139472, 31.761866], [35.139392, 31.761873], [35.139384, 31.761873], [35.139296, 31.7619], [35.139223, 31.761925], [35.139149, 31.761949], [35.139076, 31.761973], [35.139012, 31.762002], [35.13899, 31.762012], [35.138941, 31.762034], [35.138905, 31.762051], [35.13882, 31.762089], [35.138734, 31.762128], [35.138677, 31.762174], [35.13862, 31.762219], [35.138583, 31.762286], [35.138547, 31.762352], [35.13851, 31.762419], [35.138493, 31.762491], [35.138476, 31.762563], [35.13846, 31.762635], [35.138443, 31.762707], [35.138426, 31.762779], [35.13841, 31.762862], [35.138394, 31.762946], [35.138378, 31.763029], [35.138381, 31.763112], [35.138384, 31.763194], [35.138386, 31.763276], [35.138389, 31.763359], [35.138392, 31.763441], [35.138395, 31.763523], [35.138404, 31.763605], [35.138412, 31.763687], [35.138421, 31.763769], [35.138429, 31.763851], [35.138438, 31.763933], [35.138447, 31.764015], [35.138455, 31.764097], [35.138473, 31.76417], [35.138491, 31.764243], [35.138509, 31.764316], [35.138527, 31.764389], [35.138544, 31.764453], [35.138561, 31.764518], [35.138578, 31.764583], [35.138583, 31.764666], [35.138588, 31.764749], [35.138593, 31.764832], [35.138598, 31.764915], [35.138603, 31.764998], [35.138594, 31.76508], [35.138584, 31.765162], [35.138575, 31.765245], [35.138565, 31.765327], [35.138533, 31.765406], [35.1385, 31.765484], [35.138467, 31.765563], [35.138434, 31.765641], [35.138422, 31.765709], [35.13841, 31.765777], [35.138397, 31.765845], [35.138385, 31.765913], [35.138387, 31.765991], [35.13839, 31.766069], [35.138392, 31.766147], [35.138392, 31.766222], [35.138392, 31.766297], [35.138392, 31.766298], [35.138395, 31.766367], [35.138399, 31.766436], [35.138413, 31.766512], [35.138427, 31.766588], [35.138441, 31.766664], [35.138508, 31.766729], [35.138575, 31.766794], [35.138642, 31.766858], [35.138708, 31.766923], [35.138782, 31.766967], [35.138856, 31.76701], [35.13893, 31.767054], [35.139004, 31.767098], [35.139093, 31.767122], [35.139183, 31.767146], [35.139272, 31.76717], [35.139369, 31.767181], [35.139466, 31.767192], [35.139564, 31.767203], [35.139661, 31.767214], [35.139758, 31.767224], [35.139854, 31.767222], [35.139951, 31.76722], [35.140047, 31.767219], [35.140119, 31.767227], [35.140121, 31.767313], [35.140122, 31.767398], [35.140122, 31.767399], [35.14012, 31.767475], [35.140119, 31.767552], [35.140117, 31.767629], [35.140115, 31.767706], [35.140114, 31.767783], [35.140112, 31.76786], [35.140107, 31.767928], [35.140103, 31.767997], [35.140098, 31.768065], [35.140094, 31.768134], [35.14009, 31.768204], [35.140087, 31.768273], [35.140084, 31.768338], [35.140083, 31.768343], [35.14008, 31.768413], [35.140083, 31.768497], [35.140085, 31.768581], [35.140086, 31.768648], [35.140086, 31.768714], [35.140086, 31.768715], [35.140086, 31.768779], [35.140085, 31.768843], [35.140084, 31.768893], [35.140083, 31.768943], [35.140081, 31.769024], [35.140079, 31.769113], [35.140078, 31.769201], [35.140077, 31.769271], [35.140077, 31.769342], [35.140076, 31.769412], [35.140071, 31.769493], [35.140065, 31.769573], [35.140059, 31.769654], [35.140053, 31.769735], [35.140048, 31.769816], [35.140042, 31.769896], [35.140036, 31.769977], [35.14003, 31.770058], [35.140025, 31.770138], [35.140027, 31.770227], [35.14003, 31.770316], [35.140032, 31.770405], [35.140034, 31.770494], [35.140037, 31.770582], [35.140039, 31.770671], [35.139945, 31.770706], [35.139851, 31.77074], [35.139757, 31.770775], [35.139662, 31.770809], [35.139568, 31.770844], [35.139474, 31.770878], [35.139395, 31.770912], [35.139315, 31.770946], [35.139236, 31.77098], [35.139216, 31.771059], [35.139196, 31.771137], [35.139176, 31.771216], [35.139156, 31.771294], [35.139137, 31.771373], [35.139117, 31.771451], [35.139117, 31.771452], [35.139103, 31.771514], [35.13909, 31.771577], [35.139076, 31.771639], [35.139067, 31.771711], [35.139058, 31.771783], [35.139049, 31.771854], [35.13904, 31.771926], [35.139031, 31.771998], [35.138987, 31.772078], [35.138943, 31.772159], [35.138899, 31.772239], [35.138854, 31.772319], [35.13881, 31.772399], [35.138766, 31.77248], [35.138721, 31.77256], [35.138677, 31.77264], [35.138633, 31.77272], [35.138588, 31.772801], [35.138544, 31.772881], [35.1385, 31.772961], [35.138455, 31.773041], [35.138411, 31.773122], [35.138349, 31.773181], [35.138287, 31.77324], [35.138225, 31.7733], [35.138164, 31.773359], [35.138156, 31.773421], [35.138148, 31.773482], [35.13814, 31.773544], [35.138125, 31.773611], [35.138111, 31.773678], [35.138096, 31.773745], [35.138081, 31.773813], [35.138048, 31.773884], [35.138014, 31.773954], [35.13798, 31.774025], [35.137946, 31.774096], [35.137912, 31.774167], [35.137857, 31.774231], [35.137803, 31.774295], [35.137748, 31.774359], [35.137694, 31.774422], [35.137639, 31.774486], [35.137558, 31.774512], [35.137477, 31.774539], [35.137396, 31.774565], [35.137315, 31.774591], [35.13724, 31.774618], [35.137165, 31.774645], [35.137089, 31.774672], [35.137006, 31.7747], [35.136959, 31.774715], [35.136926, 31.774726], [35.136922, 31.774727], [35.136838, 31.774755], [35.136746, 31.774783], [35.136653, 31.774812], [35.136561, 31.77484], [35.136471, 31.774877], [35.136382, 31.774913], [35.136299, 31.774936], [35.136215, 31.774959], [35.136131, 31.774982], [35.136047, 31.775006], [35.135956, 31.775044], [35.135866, 31.775083], [35.135775, 31.775122], [35.135684, 31.775161], [35.135593, 31.775199], [35.135505, 31.775235], [35.135416, 31.775271], [35.135328, 31.775307], [35.135239, 31.775343], [35.135151, 31.775379], [35.135085, 31.77542], [35.135019, 31.775461], [35.134954, 31.775502], [35.134888, 31.775542], [35.134846, 31.775617], [35.134803, 31.775691], [35.134761, 31.775765], [35.13474, 31.775847], [35.13472, 31.775928], [35.134699, 31.776009], [35.134678, 31.77609], [35.134644, 31.776158], [35.13461, 31.776226], [35.134575, 31.776293], [35.134541, 31.776361], [35.134506, 31.776428], [35.134489, 31.776446], [35.134459, 31.776476], [35.134411, 31.776524], [35.134364, 31.776572], [35.134304, 31.776632], [35.134237, 31.776677], [35.13417, 31.776721], [35.134103, 31.776766], [35.134017, 31.776775], [35.133931, 31.776785], [35.133859, 31.776781], [35.133786, 31.776776], [35.133714, 31.776772], [35.133632, 31.776721], [35.13355, 31.77667], [35.133468, 31.776619], [35.133396, 31.776562], [35.133324, 31.776504], [35.133251, 31.776447], [35.133192, 31.776397], [35.133132, 31.776348], [35.133072, 31.776298], [35.133012, 31.776249], [35.132941, 31.776209], [35.13287, 31.776169], [35.132799, 31.776129], [35.132727, 31.77609], [35.132677, 31.776056], [35.132627, 31.776021], [35.132531, 31.776018], [35.132436, 31.776014], [35.132355, 31.776009], [35.132275, 31.776005], [35.132194, 31.776], [35.132114, 31.775995], [35.132028, 31.77599], [35.131942, 31.775984], [35.131856, 31.775978], [35.13177, 31.775973], [35.131668, 31.775955], [35.131567, 31.775938], [35.131465, 31.775921], [35.131389, 31.775908], [35.131312, 31.775896], [35.131235, 31.775883], [35.131151, 31.775856], [35.131075, 31.775829], [35.130999, 31.775802], [35.130929, 31.77577], [35.130859, 31.775738], [35.130797, 31.775697], [35.130735, 31.775656], [35.130673, 31.775615], [35.130608, 31.775546], [35.130543, 31.775477], [35.13048, 31.77541], [35.130416, 31.775344], [35.130353, 31.775277], [35.130284, 31.775209], [35.130216, 31.775141], [35.130148, 31.775072], [35.130084, 31.775025], [35.130021, 31.774978], [35.12995, 31.774926], [35.129879, 31.774873], [35.129809, 31.77482], [35.129753, 31.774757], [35.129697, 31.774695], [35.129642, 31.774632], [35.129593, 31.774572], [35.129544, 31.774512], [35.129495, 31.774452], [35.129446, 31.774392], [35.129393, 31.774323], [35.129381, 31.774308], [35.129339, 31.774253], [35.129262, 31.774229], [35.129185, 31.774205], [35.12909, 31.774231], [35.128994, 31.774256], [35.128899, 31.774282], [35.128801, 31.774305], [35.128703, 31.774328], [35.128605, 31.774351], [35.128576, 31.774358], [35.128507, 31.774374], [35.128409, 31.774397], [35.128312, 31.77442], [35.128214, 31.774443], [35.128125, 31.77444], [35.128036, 31.774437], [35.127948, 31.774435], [35.127859, 31.774432], [35.127771, 31.77443], [35.127682, 31.774427], [35.127584, 31.774396], [35.127485, 31.774365], [35.127387, 31.774334], [35.127288, 31.774303], [35.12719, 31.774271], [35.127092, 31.77424], [35.126988, 31.774238], [35.126885, 31.774235], [35.126781, 31.774233], [35.126678, 31.77423], [35.126575, 31.774227], [35.126474, 31.774225], [35.126471, 31.774225], [35.126369, 31.774225], [35.126272, 31.774241], [35.126176, 31.774258], [35.12608, 31.774274], [35.126014, 31.774311], [35.125949, 31.774348], [35.125884, 31.774385], [35.125824, 31.774445], [35.125764, 31.774504], [35.125703, 31.774564], [35.125653, 31.774626], [35.125603, 31.774689], [35.12558, 31.774751], [35.125556, 31.774813], [35.125533, 31.774875], [35.125509, 31.774958], [35.125486, 31.775042], [35.125462, 31.775125], [35.125439, 31.775208], [35.125407, 31.77529], [35.125376, 31.775373], [35.125345, 31.775455], [35.125313, 31.775537], [35.125297, 31.775617], [35.12528, 31.775698], [35.125263, 31.775778], [35.125246, 31.775858], [35.125245, 31.775922], [35.125243, 31.775985], [35.125241, 31.776048], [35.125241, 31.776049], [35.125249, 31.776129], [35.125257, 31.776209], [35.125265, 31.776289], [35.125273, 31.77637], [35.125281, 31.77645], [35.125292, 31.776534], [35.125303, 31.776618], [35.125314, 31.776703], [35.125325, 31.776787], [35.125337, 31.776871], [35.125348, 31.776955], [35.125359, 31.77704], [35.12537, 31.777124], [35.125382, 31.777208], [35.125398, 31.777281], [35.125415, 31.777354], [35.125431, 31.777427], [35.125451, 31.777504], [35.12547, 31.77758], [35.12549, 31.777657], [35.125509, 31.777734], [35.125529, 31.777811], [35.125548, 31.777888], [35.12556, 31.777958], [35.125572, 31.778028], [35.125583, 31.778098], [35.125598, 31.778184], [35.125613, 31.778271], [35.125636, 31.778344], [35.125659, 31.778418], [35.125682, 31.778491], [35.125706, 31.778565], [35.125747, 31.778637], [35.125789, 31.778709], [35.125845, 31.778776], [35.1259, 31.778843], [35.125956, 31.77891], [35.126023, 31.778974], [35.126089, 31.779037], [35.126156, 31.779101], [35.126222, 31.779164], [35.1263, 31.779205], [35.126378, 31.779246], [35.126457, 31.779287], [35.126535, 31.779327], [35.126613, 31.779368], [35.1267, 31.779381], [35.126787, 31.779393], [35.126873, 31.779405], [35.126957, 31.779419], [35.127041, 31.779433], [35.127125, 31.779446], [35.127209, 31.77946], [35.127293, 31.779474], [35.127382, 31.779503], [35.127472, 31.779531], [35.127561, 31.77956], [35.12763, 31.779604], [35.1277, 31.779647], [35.127769, 31.77969], [35.127839, 31.779733], [35.127908, 31.779777], [35.127968, 31.77984], [35.128027, 31.779903], [35.128087, 31.779967], [35.128147, 31.78003], [35.128224, 31.780086], [35.128302, 31.780141], [35.12838, 31.780197], [35.128457, 31.780252], [35.128535, 31.780308], [35.128618, 31.78036], [35.128701, 31.780412], [35.128783, 31.780464], [35.128871, 31.780507], [35.128958, 31.780551], [35.129045, 31.780594], [35.129132, 31.780637], [35.129219, 31.780681], [35.129313, 31.780714], [35.129407, 31.780747], [35.129501, 31.780781], [35.129593, 31.780797], [35.129685, 31.780812], [35.129777, 31.780828], [35.129873, 31.780827], [35.129968, 31.780826], [35.130063, 31.780825], [35.130142, 31.780823], [35.130221, 31.780821], [35.130307, 31.780824], [35.130381, 31.780826], [35.130454, 31.780828], [35.130471, 31.780897], [35.130489, 31.780966], [35.130506, 31.781035], [35.130523, 31.781104], [35.130561, 31.781181], [35.130598, 31.781258], [35.130635, 31.781336], [35.130673, 31.781413], [35.13071, 31.78149], [35.130747, 31.781568], [35.130785, 31.781645], [35.130795, 31.78167], [35.130826, 31.781745], [35.130874, 31.781761], [35.130964, 31.781798], [35.131041, 31.781834], [35.131118, 31.78187], [35.131163, 31.781901], [35.131207, 31.781933], [35.131246, 31.781997], [35.131312, 31.782039], [35.131371, 31.782098], [35.131382, 31.782182], [35.131331, 31.782259], [35.131294, 31.782293], [35.131257, 31.782327], [35.131225, 31.782375], [35.131193, 31.782423], [35.131146, 31.782485], [35.131144, 31.782487], [35.131098, 31.782546], [35.13105, 31.782608], [35.130995, 31.782679], [35.13094, 31.78275], [35.130885, 31.782821], [35.13083, 31.782892], [35.130775, 31.782963], [35.13072, 31.783033], [35.130665, 31.783104], [35.130616, 31.783168], [35.13061, 31.783175], [35.130555, 31.783246], [35.130516, 31.783284], [35.130476, 31.783322], [35.130396, 31.783344], [35.130318, 31.783353], [35.130294, 31.783356], [35.130192, 31.783367], [35.130111, 31.783392], [35.13003, 31.783416], [35.129949, 31.783441], [35.129892, 31.783455], [35.129896, 31.783526], [35.129899, 31.783596], [35.129902, 31.783667], [35.129906, 31.783737], [35.129905, 31.783823], [35.129904, 31.783908], [35.129903, 31.783994], [35.129902, 31.78408], [35.129901, 31.784165], [35.1299, 31.784251], [35.12989, 31.784335], [35.129881, 31.784419], [35.129872, 31.784503], [35.129863, 31.784587], [35.129853, 31.784671], [35.129844, 31.784755], [35.129835, 31.784839], [35.129826, 31.784924], [35.129816, 31.785008], [35.129807, 31.785092], [35.129798, 31.785176], [35.129789, 31.78526], [35.12978, 31.785299], [35.129781, 31.785299], [35.129846, 31.785301], [35.129912, 31.785303], [35.129996, 31.785309], [35.130079, 31.785315], [35.130163, 31.785321], [35.130247, 31.785328], [35.130317, 31.785333], [35.130388, 31.785338], [35.13045, 31.78535], [35.130511, 31.785363], [35.130564, 31.785383], [35.130617, 31.785404], [35.13067, 31.785424], [35.130723, 31.785445], [35.130729, 31.785503], [35.130736, 31.78556], [35.130742, 31.78564], [35.130748, 31.78572], [35.130755, 31.7858], [35.130754, 31.785889], [35.130752, 31.785977], [35.130749, 31.78603], [35.130789, 31.786075], [35.130829, 31.786121], [35.1308, 31.786188], [35.130771, 31.786256], [35.130742, 31.786323], [35.130718, 31.786382], [35.130721, 31.78641], [35.130731, 31.786492], [35.130742, 31.786574], [35.130751, 31.786648], [35.130761, 31.786721], [35.130769, 31.786804], [35.130778, 31.786887], [35.130787, 31.78697], [35.130791, 31.787051], [35.130796, 31.787133], [35.1308, 31.787214], [35.130805, 31.787296], [35.130809, 31.787378], [35.130849, 31.787379], [35.130943, 31.787383], [35.130938, 31.787466], [35.130933, 31.787549], [35.131022, 31.787553], [35.13111, 31.787557], [35.131167, 31.787566], [35.131225, 31.787575], [35.131216, 31.787653], [35.131207, 31.787731], [35.131198, 31.787808], [35.131189, 31.787886], [35.13118, 31.787964], [35.131171, 31.788042], [35.131123, 31.788112], [35.131075, 31.788182], [35.131028, 31.788251], [35.13098, 31.788321], [35.130937, 31.788379], [35.130893, 31.788438], [35.13085, 31.788496], [35.130793, 31.788571], [35.130848, 31.788606], [35.130902, 31.788641], [35.130951, 31.78868], [35.131, 31.78872], [35.131048, 31.788766], [35.13109, 31.788827], [35.131131, 31.788888], [35.13116, 31.78893], [35.131189, 31.788971], [35.131183, 31.78906], [35.131178, 31.789148], [35.131172, 31.789237], [35.131167, 31.789325], [35.131162, 31.789413], [35.131158, 31.78949], [35.131153, 31.789567], [35.131149, 31.789644], [35.131145, 31.789723], [35.13114, 31.789803], [35.131136, 31.789883], [35.131131, 31.789963], [35.131126, 31.790043], [35.131122, 31.790122], [35.13111, 31.790191], [35.131099, 31.790259], [35.131182, 31.790215], [35.131266, 31.790171], [35.13135, 31.790126], [35.131433, 31.790082], [35.131507, 31.790088], [35.131601, 31.790102], [35.131665, 31.790163], [35.131729, 31.790224], [35.131794, 31.790286], [35.131875, 31.790325], [35.131956, 31.790364], [35.131972, 31.790392], [35.131974, 31.790395], [35.131999, 31.790442], [35.132026, 31.790493], [35.132053, 31.790506], [35.132099, 31.790507], [35.13211, 31.79051], [35.132091, 31.790572], [35.132073, 31.790635], [35.132054, 31.790697], [35.132073, 31.790776], [35.132092, 31.790854], [35.132094, 31.790866], [35.132106, 31.790911], [35.132117, 31.790955], [35.132123, 31.79103], [35.132128, 31.791105], [35.132134, 31.791179], [35.13214, 31.791254], [35.132147, 31.791336], [35.132154, 31.791418], [35.13216, 31.791501], [35.132167, 31.791583], [35.132174, 31.791666], [35.132174, 31.791667], [35.132189, 31.791739], [35.132205, 31.791812], [35.13222, 31.791885], [35.132236, 31.791958], [35.132252, 31.792031], [35.132268, 31.792104], [35.132283, 31.792178], [35.132299, 31.792251], [35.132371, 31.792304], [35.132412, 31.792334], [35.132443, 31.792357], [35.132515, 31.79241], [35.132587, 31.792464], [35.132659, 31.792517], [35.13271, 31.792555], [35.132761, 31.792593], [35.132805, 31.792665], [35.13285, 31.792737], [35.132893, 31.792806], [35.132894, 31.792809], [35.132938, 31.79288], [35.132983, 31.792952], [35.133027, 31.793024], [35.133066, 31.793088], [35.133106, 31.793152], [35.133145, 31.793216], [35.1332, 31.793289], [35.133248, 31.793354], [35.133255, 31.793363], [35.133334, 31.793403], [35.133414, 31.793444], [35.133486, 31.793456], [35.133558, 31.793468], [35.13363, 31.79348], [35.13369, 31.793441], [35.133751, 31.793402], [35.133833, 31.793376], [35.133914, 31.793349], [35.133943, 31.793415], [35.133972, 31.79348], [35.134001, 31.793546], [35.134002, 31.79362], [35.134024, 31.793698], [35.134025, 31.793702], [35.134032, 31.793703], [35.13413, 31.793718], [35.134228, 31.793734], [35.134327, 31.793749], [35.134425, 31.793764], [35.134523, 31.793779], [35.134622, 31.793794], [35.13472, 31.793809], [35.134819, 31.793825], [35.134917, 31.79384], [35.135014, 31.793855], [35.135015, 31.793855], [35.135115, 31.79387], [35.1352, 31.793867], [35.135284, 31.793864], [35.135369, 31.793861], [35.135453, 31.793857], [35.135537, 31.793854], [35.135592, 31.793807], [35.135647, 31.79376], [35.135707, 31.793689], [35.135767, 31.793618], [35.135818, 31.79354], [35.135869, 31.793462], [35.13592, 31.793384], [35.13594, 31.793355], [35.135972, 31.79331], [35.136023, 31.793235], [35.136075, 31.793161], [35.136127, 31.793087], [35.136178, 31.793012], [35.13623, 31.792938], [35.136282, 31.792863], [35.136334, 31.792789], [35.136385, 31.792714], [35.136437, 31.79264], [35.136489, 31.792566], [35.13654, 31.792491], [35.136592, 31.792417], [35.136649, 31.792353], [35.136649, 31.792352], [35.136588, 31.792288], [35.136526, 31.792223], [35.136464, 31.792158], [35.136403, 31.792093], [35.136341, 31.792025], [35.13628, 31.791958], [35.136215, 31.791889], [35.136151, 31.79182], [35.136112, 31.791757], [35.136073, 31.791695], [35.136034, 31.791632], [35.135999, 31.791587], [35.135964, 31.791542], [35.135909, 31.791497], [35.135855, 31.791452], [35.135767, 31.791408], [35.135678, 31.791365], [35.135589, 31.791321], [35.135501, 31.791278], [35.135412, 31.791234], [35.135323, 31.791191], [35.135235, 31.791147], [35.135146, 31.791103], [35.135058, 31.79106], [35.134969, 31.791016], [35.13488, 31.790973], [35.134792, 31.790929], [35.134703, 31.790886], [35.134614, 31.790842], [35.134531, 31.790792], [35.134447, 31.790742], [35.134364, 31.790692], [35.13431, 31.79065], [35.134256, 31.790607], [35.134203, 31.790564], [35.134157, 31.790518], [35.134111, 31.790473], [35.134064, 31.790427], [35.134036, 31.790363], [35.134007, 31.790299], [35.133992, 31.790236], [35.133976, 31.790174], [35.133961, 31.790112], [35.133951, 31.790031], [35.13394, 31.78995], [35.13393, 31.78987], [35.13392, 31.789789], [35.133909, 31.789708], [35.133899, 31.789628], [35.133889, 31.789547], [35.133878, 31.789466], [35.133868, 31.789385], [35.133858, 31.789305], [35.133856, 31.789259], [35.133852, 31.789171], [35.133848, 31.789083], [35.133844, 31.788995], [35.13384, 31.788906], [35.133836, 31.788818], [35.133832, 31.78873], [35.133829, 31.788642], [35.133825, 31.788554], [35.133821, 31.788466], [35.133817, 31.788378], [35.133813, 31.78829], [35.133809, 31.78821], [35.133809, 31.788202], [35.133805, 31.788114], [35.133801, 31.788026], [35.133849, 31.787974], [35.133896, 31.787922], [35.133944, 31.78787], [35.134008, 31.7878], [35.134072, 31.78773], [35.134136, 31.78766], [35.134201, 31.78759], [35.134265, 31.78752], [35.134329, 31.787449], [35.134393, 31.787379], [35.134457, 31.787309], [35.134522, 31.787239], [35.134586, 31.787169], [35.13465, 31.787099], [35.134714, 31.787029], [35.134778, 31.786959], [35.134843, 31.786889], [35.134907, 31.786818], [35.134971, 31.786748], [35.135035, 31.786678], [35.135096, 31.786623], [35.135156, 31.786567], [35.135217, 31.786511], [35.135277, 31.786455], [35.135338, 31.7864], [35.135406, 31.786335], [35.135473, 31.786271], [35.135541, 31.786206], [35.135608, 31.786142], [35.135676, 31.786078], [35.135743, 31.786013], [35.135811, 31.785949], [35.135877, 31.785886], [35.135943, 31.785823], [35.136008, 31.78576], [35.136074, 31.785698], [35.13614, 31.785635], [35.136206, 31.785572], [35.136271, 31.785509], [35.136337, 31.785446], [35.136403, 31.785383], [35.136469, 31.785321], [35.136478, 31.785311], [35.136534, 31.785258], [35.136562, 31.785264], [35.136615, 31.785316], [35.136667, 31.785368], [35.136719, 31.78542], [35.136772, 31.785472], [35.136825, 31.785524], [35.136877, 31.785577], [35.136943, 31.785642], [35.137009, 31.785707], [35.137075, 31.785773], [35.137141, 31.785838], [35.137199, 31.785896], [35.137206, 31.785904], [35.137272, 31.785969], [35.137338, 31.786035], [35.137404, 31.7861], [35.13747, 31.786166], [35.137536, 31.786231], [35.137602, 31.786296], [35.137618, 31.786312], [35.137667, 31.786362], [35.137733, 31.786427], [35.137796, 31.78649], [35.137859, 31.786553], [35.137923, 31.786615], [35.137986, 31.786678], [35.138049, 31.786741], [35.138055, 31.786731], [35.138075, 31.786701], [35.138101, 31.786661], [35.138159, 31.786599], [35.138217, 31.786537], [35.138275, 31.786476], [35.138315, 31.786441], [35.138356, 31.786406], [35.138299, 31.786347], [35.138242, 31.786287], [35.138186, 31.786228], [35.138129, 31.786168], [35.138072, 31.786109], [35.138015, 31.786049], [35.137963, 31.785973], [35.137911, 31.785896], [35.137858, 31.78582], [35.137806, 31.785743], [35.137753, 31.785667], [35.137701, 31.78559], [35.137649, 31.785514], [35.13762, 31.785428], [35.137591, 31.785341], [35.137562, 31.785255], [35.137534, 31.785169], [35.137505, 31.785083], [35.137476, 31.784997], [35.137484, 31.784935], [35.137487, 31.784909], [35.137498, 31.784822], [35.137509, 31.784734], [35.13752, 31.784646], [35.13753, 31.784559], [35.137541, 31.784471], [35.137552, 31.784383], [35.137563, 31.784296], [35.137594, 31.784212], [35.137626, 31.784128], [35.137657, 31.784043], [35.137688, 31.783959], [35.137719, 31.783875], [35.137751, 31.783791], [35.137782, 31.783707], [35.137813, 31.783623], [35.137844, 31.783539], [35.137869, 31.783456], [35.137893, 31.783373], [35.137918, 31.78329], [35.137942, 31.783207], [35.137966, 31.783124], [35.137991, 31.783041], [35.138011, 31.782972], [35.138015, 31.782958], [35.138039, 31.782875], [35.138033, 31.782793], [35.138027, 31.782711], [35.138021, 31.78263], [35.138015, 31.782548], [35.138009, 31.782466], [35.138007, 31.782443], [35.138003, 31.782384], [35.137997, 31.782303], [35.138051, 31.782226], [35.138058, 31.782216], [35.138105, 31.782149], [35.138159, 31.782072], [35.138213, 31.781995], [35.138267, 31.781918], [35.138321, 31.781842], [35.138393, 31.78178], [35.138465, 31.781718], [35.138538, 31.781657], [35.13861, 31.781595], [35.138682, 31.781533], [35.138755, 31.781472], [35.138855, 31.781453], [35.138956, 31.781435], [35.139045, 31.781422], [35.139134, 31.78141], [35.139223, 31.781398], [35.139303, 31.781387], [35.139383, 31.781376], [35.139463, 31.781365], [35.139483, 31.781364], [35.139586, 31.78136], [35.13969, 31.781355], [35.139793, 31.781351], [35.139897, 31.781347], [35.139992, 31.781356], [35.140088, 31.781365], [35.140183, 31.781374], [35.140279, 31.781383], [35.140382, 31.781394], [35.140485, 31.781405], [35.140589, 31.781416], [35.140692, 31.781427], [35.140764, 31.781459], [35.140837, 31.781492], [35.140909, 31.781524], [35.14094, 31.781564], [35.140971, 31.781603], [35.140973, 31.781687], [35.140976, 31.781771], [35.140978, 31.781855], [35.140981, 31.781938], [35.140981, 31.781939], [35.14096, 31.782011], [35.14094, 31.782083], [35.140919, 31.782155], [35.140898, 31.782228], [35.140877, 31.7823], [35.140867, 31.782385], [35.140857, 31.78247], [35.140846, 31.782556], [35.140846, 31.782638], [35.140846, 31.78272], [35.140846, 31.782803], [35.140893, 31.782849], [35.14094, 31.782895], [35.140986, 31.78294], [35.140992, 31.782944], [35.141069, 31.782977], [35.141145, 31.78301], [35.141221, 31.783043], [35.141297, 31.783076], [35.141373, 31.783109], [35.141461, 31.783141], [35.141549, 31.783174], [35.141633, 31.783209], [35.141717, 31.783244], [35.141801, 31.783279], [35.141884, 31.783314], [35.141979, 31.783352], [35.142074, 31.78339], [35.142169, 31.783429], [35.142264, 31.783467], [35.142353, 31.783499], [35.142441, 31.783531], [35.14253, 31.783562], [35.142618, 31.783594], [35.142706, 31.783626], [35.142795, 31.783658], [35.142883, 31.783689], [35.142958, 31.783726], [35.143032, 31.783763], [35.143107, 31.7838], [35.143181, 31.783837], [35.143268, 31.783882], [35.143355, 31.783926], [35.143442, 31.783971], [35.143529, 31.784015], [35.143611, 31.78405], [35.143692, 31.784086], [35.143773, 31.784122], [35.143855, 31.784157], [35.143936, 31.784193], [35.144012, 31.784231], [35.144088, 31.78427], [35.144164, 31.784308], [35.14424, 31.784347], [35.144316, 31.784386], [35.144407, 31.78443], [35.144498, 31.784475], [35.144589, 31.78452], [35.144681, 31.784565], [35.144772, 31.78461], [35.144859, 31.784646], [35.144947, 31.784683], [35.145034, 31.78472], [35.145122, 31.784756], [35.145209, 31.784793], [35.145284, 31.784823], [35.14536, 31.784853], [35.145435, 31.784883], [35.145527, 31.784918], [35.145619, 31.784953], [35.145694, 31.784981], [35.145712, 31.784987], [35.145779, 31.785013], [35.146672, 31.784064], [35.148883, 31.782647], [35.148881, 31.782643], [35.148858, 31.782577], [35.148835, 31.78251], [35.148822, 31.782437], [35.14881, 31.782365], [35.148797, 31.782292], [35.148785, 31.782219], [35.148785, 31.782151], [35.148785, 31.782082], [35.148785, 31.782013], [35.148785, 31.781944], [35.148794, 31.78187], [35.148804, 31.781795], [35.148814, 31.78172], [35.148824, 31.781645], [35.148832, 31.78156], [35.14884, 31.781475], [35.148848, 31.781389], [35.148856, 31.781304], [35.148864, 31.781219], [35.148873, 31.781134], [35.148901, 31.781052], [35.148928, 31.78097], [35.148956, 31.780888], [35.148984, 31.780806], [35.149012, 31.780724], [35.149043, 31.780658], [35.149056, 31.780631], [35.149075, 31.780593], [35.149106, 31.780527], [35.149045, 31.780481], [35.149038, 31.780476], [35.148984, 31.780435], [35.148923, 31.780389], [35.148862, 31.780343], [35.148777, 31.780301], [35.148692, 31.78026], [35.148607, 31.780218], [35.148522, 31.780177], [35.148437, 31.780135], [35.148352, 31.780094], [35.148267, 31.780052], [35.148183, 31.780011], [35.148098, 31.779969], [35.148013, 31.779928], [35.147928, 31.779886], [35.147859, 31.77986], [35.14779, 31.779834], [35.147722, 31.779808], [35.147633, 31.779774], [35.147545, 31.779741], [35.147456, 31.779707], [35.147368, 31.779674], [35.147272, 31.77965], [35.147176, 31.779625], [35.14708, 31.779601], [35.146985, 31.779577], [35.146889, 31.779553], [35.146793, 31.779529], [35.146697, 31.779505], [35.146617, 31.77949], [35.146537, 31.779474], [35.146456, 31.779459], [35.146376, 31.779444], [35.146279, 31.779425], [35.146181, 31.779406], [35.146084, 31.779387], [35.145987, 31.779368], [35.14589, 31.779349], [35.145793, 31.77933], [35.145692, 31.779317], [35.14559, 31.779305], [35.145488, 31.779293], [35.145387, 31.779281], [35.145294, 31.779272], [35.145202, 31.779264], [35.145109, 31.779256], [35.145016, 31.779248], [35.144924, 31.779239], [35.14482, 31.779235], [35.144717, 31.77923], [35.144613, 31.779225], [35.14451, 31.77922], [35.144406, 31.779215], [35.144303, 31.77921], [35.144214, 31.779199], [35.144125, 31.779189], [35.144037, 31.779178], [35.143948, 31.779167], [35.143859, 31.779156], [35.143759, 31.779144], [35.143659, 31.779131], [35.143559, 31.779119], [35.143459, 31.779107], [35.143362, 31.779095], [35.143261, 31.779084], [35.143159, 31.779072], [35.143058, 31.779061], [35.142957, 31.779049], [35.142855, 31.779038], [35.142781, 31.779011], [35.142708, 31.778984], [35.142634, 31.778957], [35.142541, 31.778926], [35.142448, 31.778896], [35.142377, 31.778832], [35.142306, 31.778768], [35.142253, 31.778721], [35.1422, 31.778674], [35.142147, 31.778627], [35.142122, 31.778556], [35.142097, 31.778484], [35.142073, 31.778413], [35.142048, 31.778342], [35.142038, 31.778265], [35.142029, 31.778189], [35.142019, 31.778112], [35.14201, 31.778035], [35.142, 31.777958], [35.141991, 31.777882], [35.14198, 31.777799], [35.141969, 31.777716], [35.141959, 31.777633], [35.141948, 31.77755], [35.141937, 31.777467], [35.141926, 31.777384], [35.141926, 31.777296], [35.141926, 31.777208], [35.141925, 31.77712], [35.141925, 31.777032], [35.141925, 31.776944], [35.141924, 31.776856], [35.141924, 31.776767], [35.141924, 31.776679], [35.141923, 31.776591], [35.141923, 31.776503], [35.141923, 31.776415], [35.141922, 31.776327], [35.141925, 31.776247], [35.141927, 31.776168], [35.141929, 31.776088], [35.141931, 31.776008], [35.141934, 31.775929], [35.141936, 31.775849], [35.141938, 31.77577], [35.141964, 31.775722], [35.141989, 31.775674], [35.142008, 31.775608], [35.142027, 31.775541], [35.142046, 31.775475], [35.142065, 31.775408], [35.142067, 31.775326], [35.142068, 31.775244], [35.142069, 31.775162], [35.142071, 31.77508], [35.142072, 31.774998], [35.142073, 31.774916], [35.142074, 31.774894], [35.142074, 31.774858], [35.142075, 31.774834], [35.142076, 31.774752], [35.14208, 31.774677], [35.142084, 31.774601], [35.142088, 31.774526], [35.142092, 31.774451], [35.142096, 31.774375], [35.1421, 31.7743], [35.142118, 31.77422], [35.142136, 31.774141], [35.142154, 31.774061], [35.142184, 31.774011], [35.142215, 31.77396], [35.142257, 31.773924], [35.142265, 31.773917], [35.142315, 31.773875], [35.142387, 31.773818], [35.142458, 31.773761], [35.142523, 31.773708], [35.142588, 31.773654], [35.142663, 31.773616], [35.142738, 31.773578], [35.142828, 31.773534], [35.142917, 31.773489], [35.142982, 31.773462], [35.143046, 31.773434], [35.143144, 31.77343], [35.143241, 31.773425], [35.143339, 31.773421], [35.143436, 31.773416], [35.143533, 31.773412], [35.143612, 31.77343], [35.14369, 31.773447], [35.143768, 31.773465], [35.143858, 31.77349], [35.143947, 31.773515], [35.144037, 31.77354], [35.144127, 31.773565], [35.144216, 31.773603], [35.144306, 31.773641], [35.144395, 31.773678], [35.144451, 31.773702], [35.144506, 31.773725], [35.144589, 31.773761], [35.144671, 31.773798], [35.144753, 31.773834], [35.144835, 31.77387], [35.144913, 31.773904], [35.14499, 31.773937], [35.145067, 31.773971], [35.145144, 31.774004], [35.145221, 31.774038], [35.145301, 31.774073], [35.14538, 31.774108], [35.145459, 31.774143], [35.145538, 31.774179], [35.145617, 31.774214], [35.145702, 31.77424], [35.145786, 31.774267], [35.145871, 31.774293], [35.145955, 31.774319], [35.14604, 31.774346], [35.146129, 31.774382], [35.146219, 31.774418], [35.146309, 31.774454], [35.146399, 31.774491], [35.146488, 31.774527], [35.146576, 31.774542], [35.146663, 31.774558], [35.146751, 31.774574], [35.146838, 31.77459], [35.146926, 31.774605], [35.147013, 31.774621], [35.147114, 31.774643], [35.147214, 31.774664], [35.147314, 31.774686], [35.147384, 31.774701], [35.147455, 31.774716], [35.147525, 31.774731], [35.147622, 31.774755], [35.147718, 31.774779], [35.147815, 31.774804], [35.147911, 31.774828], [35.148008, 31.774852], [35.148071, 31.774868], [35.14816, 31.774889], [35.148249, 31.774911], [35.148338, 31.774932], [35.148427, 31.774954], [35.148516, 31.774975], [35.148602, 31.774995], [35.148687, 31.775014], [35.148772, 31.775033], [35.148858, 31.775052], [35.148943, 31.775071], [35.149029, 31.77509], [35.149113, 31.775109], [35.149198, 31.775127], [35.149288, 31.775147], [35.149378, 31.775166], [35.149468, 31.775186], [35.149558, 31.775205], [35.149641, 31.775228], [35.149725, 31.775251], [35.149809, 31.775274], [35.149893, 31.775297], [35.149978, 31.775321], [35.150064, 31.775344], [35.150152, 31.775366], [35.150157, 31.775367], [35.150251, 31.77539], [35.150344, 31.775413], [35.150437, 31.775436], [35.150531, 31.775459], [35.150624, 31.775482], [35.150725, 31.775507], [35.150774, 31.77552], [35.150825, 31.775533], [35.150925, 31.775559], [35.151025, 31.775584], [35.151111, 31.7756], [35.151198, 31.775616], [35.151284, 31.775632], [35.151371, 31.775648], [35.151457, 31.775664], [35.151554, 31.775679], [35.151652, 31.775693], [35.151749, 31.775708], [35.151847, 31.775722], [35.151944, 31.775737], [35.152042, 31.775751], [35.152139, 31.775765], [35.152237, 31.77578], [35.152334, 31.775794], [35.152431, 31.775809], [35.152529, 31.775823], [35.152627, 31.775838], [35.152725, 31.775853], [35.152823, 31.775867], [35.15292, 31.775882], [35.153018, 31.775897], [35.153116, 31.775911], [35.153214, 31.775926], [35.153312, 31.775941], [35.15341, 31.775955], [35.153508, 31.77597], [35.153606, 31.775985], [35.153704, 31.776], [35.153802, 31.776017], [35.1539, 31.776034], [35.153998, 31.776052], [35.154096, 31.776069], [35.154194, 31.776086], [35.154292, 31.776104], [35.154391, 31.776121], [35.154489, 31.776139], [35.154587, 31.776156], [35.154685, 31.776173], [35.154783, 31.776191], [35.154881, 31.776208], [35.154979, 31.776225], [35.155077, 31.776243], [35.155176, 31.77626], [35.155274, 31.776278], [35.155364, 31.776298], [35.155455, 31.776318], [35.155545, 31.776338], [35.155636, 31.776358], [35.155726, 31.776378], [35.155817, 31.776398], [35.155907, 31.776417], [35.156008, 31.776444], [35.156109, 31.77647], [35.15621, 31.776496], [35.156311, 31.776522], [35.156412, 31.776549], [35.156513, 31.776575], [35.156614, 31.776601], [35.156715, 31.776627], [35.156809, 31.776653], [35.156903, 31.776679], [35.156997, 31.776705], [35.157092, 31.776731], [35.157186, 31.776758], [35.15728, 31.776784], [35.157374, 31.77681], [35.157468, 31.776836], [35.157563, 31.776862], [35.157653, 31.776882], [35.157743, 31.776902], [35.157834, 31.776923], [35.157924, 31.776943], [35.158, 31.77696], [35.158015, 31.776963], [35.158105, 31.776983], [35.158195, 31.777004], [35.158286, 31.777024], [35.158387, 31.777044], [35.158488, 31.777064], [35.158589, 31.777084], [35.158691, 31.777104], [35.158792, 31.777125], [35.158893, 31.777145], [35.158994, 31.777165], [35.159096, 31.777185], [35.159197, 31.777205], [35.159298, 31.777225], [35.159401, 31.777243], [35.159504, 31.777261], [35.159607, 31.777278], [35.15971, 31.777296], [35.159813, 31.777314], [35.159916, 31.777332], [35.160019, 31.77735], [35.160122, 31.777367], [35.160225, 31.777385], [35.160329, 31.777403], [35.160422, 31.777423], [35.160514, 31.777444], [35.160607, 31.777464], [35.1607, 31.777484], [35.160793, 31.777505], [35.160886, 31.777525], [35.160979, 31.777545], [35.161072, 31.777566], [35.161168, 31.77758], [35.161264, 31.777594], [35.161359, 31.777608], [35.161455, 31.777622], [35.16155, 31.777636], [35.161646, 31.77765], [35.161742, 31.777668], [35.161839, 31.777686], [35.161935, 31.777704], [35.162032, 31.777722], [35.162128, 31.77774], [35.162225, 31.777758], [35.162321, 31.777776], [35.162417, 31.777794], [35.162513, 31.777819], [35.162609, 31.777845], [35.162704, 31.77787], [35.1628, 31.777895], [35.162875, 31.777915], [35.163738, 31.777858], [35.163697, 31.777835], [35.163967, 31.777616], [35.163895, 31.77708], [35.163386, 31.77637], [35.16327, 31.776264], [35.162824, 31.775711], [35.16259, 31.775362], [35.162457, 31.775092], [35.162447, 31.774874], [35.162703, 31.774255], [35.163019, 31.773564], [35.163015, 31.773554], [35.163091, 31.773297], [35.162891, 31.772949], [35.162805, 31.7728], [35.162869, 31.772722], [35.164367, 31.770909], [35.164857, 31.771188], [35.16498, 31.771157], [35.166551, 31.770761], [35.167877, 31.770674], [35.167881, 31.770638], [35.167882, 31.77063], [35.167969, 31.76958], [35.167992, 31.769318], [35.167994, 31.768521], [35.167995, 31.768368], [35.167997, 31.768366], [35.167996, 31.768223], [35.168194, 31.767913], [35.16846, 31.767505], [35.16877, 31.767302], [35.169416, 31.767178], [35.170038, 31.767118], [35.170081, 31.767114], [35.170595, 31.767194], [35.170663, 31.767197], [35.170839, 31.767203], [35.170934, 31.767178], [35.170939, 31.767156], [35.170949, 31.767122], [35.170975, 31.767112], [35.171026, 31.767093], [35.171096, 31.76708], [35.17112, 31.767091], [35.17119, 31.767016], [35.171252, 31.766925], [35.171251, 31.766826], [35.171324, 31.766762], [35.171326, 31.76676], [35.171401, 31.766669], [35.171491, 31.766549], [35.171568, 31.766431], [35.171598, 31.766383], [35.171624, 31.766346], [35.171642, 31.766319], [35.171665, 31.766225], [35.171609, 31.766257], [35.170924, 31.766256], [35.170256, 31.766256], [35.170262, 31.766218], [35.170357, 31.765603], [35.170155, 31.765173], [35.169972, 31.765092], [35.169462, 31.765066], [35.169372, 31.765143], [35.169315, 31.765192], [35.169044, 31.76527], [35.168982, 31.765288], [35.167998, 31.764308], [35.168205, 31.763821], [35.168256, 31.763149], [35.168226, 31.76258], [35.167888, 31.762386], [35.167311, 31.761661], [35.167297, 31.761657]]]}}, {"type": "Feature", "properties": {"subq": "112", "name_he": "קרית היובל (צפון)", "stat_area_ids": ["1121", "1122", "1123", "1124", "1125"], "n_stat_areas": 5, "pop_approx": 12438, "hh_total": 3980, "has_data": true, "started_2022": 239, "completed_2022": 14, "started_2023": 154, "completed_2023": 152, "started_2024": 3, "completed_2024": 13, "started_2025": 3, "completed_2025": 4, "started_total": 399, "completed_total": 183, "started_per_1000": 32.1, "has_dwellings": true, "dwellings_2023": 3913, "rented_pct_2023": 35.0, "dwellings_2024": 4119, "rented_pct_2024": 37.1, "dwellings_2025": 4122, "rented_pct_2025": 38.7, "started_pct_of_stock": 9.7}, "geometry": {"type": "Polygon", "coordinates": [[[35.17225, 31.762199], [35.172165, 31.762168], [35.171971, 31.762128], [35.171758, 31.76209], [35.171674, 31.762076], [35.171454, 31.762042], [35.171239, 31.762001], [35.17108, 31.761947], [35.170951, 31.761903], [35.170823, 31.76183], [35.170726, 31.761756], [35.17064, 31.761678], [35.170577, 31.761607], [35.170545, 31.761561], [35.170517, 31.761523], [35.170467, 31.761449], [35.170444, 31.761402], [35.170346, 31.761239], [35.170202, 31.76097], [35.170176, 31.760921], [35.17008, 31.76074], [35.169978, 31.760583], [35.169872, 31.760469], [35.169855, 31.760451], [35.169801, 31.760399], [35.169678, 31.760301], [35.169614, 31.760252], [35.169573, 31.760231], [35.169511, 31.760192], [35.169477, 31.760171], [35.169464, 31.760163], [35.169278, 31.760088], [35.169089, 31.760024], [35.168865, 31.759965], [35.168732, 31.759941], [35.168666, 31.75993], [35.168518, 31.759858], [35.168416, 31.759809], [35.168397, 31.759793], [35.167916, 31.75964], [35.167797, 31.759602], [35.167437, 31.759582], [35.167412, 31.759581], [35.167135, 31.759652], [35.166885, 31.759777], [35.166857, 31.7598], [35.166896, 31.759921], [35.166916, 31.760156], [35.166855, 31.760276], [35.166781, 31.760385], [35.166781, 31.760488], [35.166929, 31.760906], [35.167009, 31.761204], [35.167123, 31.761405], [35.167297, 31.761657], [35.167311, 31.761661], [35.167888, 31.762386], [35.168226, 31.76258], [35.168256, 31.763149], [35.168205, 31.763821], [35.167998, 31.764308], [35.168982, 31.765288], [35.169044, 31.76527], [35.169315, 31.765192], [35.169372, 31.765143], [35.169462, 31.765066], [35.169972, 31.765092], [35.170155, 31.765173], [35.170357, 31.765603], [35.170262, 31.766218], [35.170256, 31.766256], [35.170924, 31.766256], [35.171609, 31.766257], [35.171665, 31.766225], [35.171642, 31.766319], [35.171624, 31.766346], [35.171598, 31.766383], [35.171568, 31.766431], [35.171491, 31.766549], [35.171401, 31.766669], [35.171326, 31.76676], [35.171324, 31.766762], [35.171251, 31.766826], [35.171252, 31.766925], [35.17119, 31.767016], [35.17112, 31.767091], [35.171096, 31.76708], [35.171026, 31.767093], [35.170975, 31.767112], [35.170949, 31.767122], [35.170939, 31.767156], [35.170934, 31.767178], [35.170839, 31.767203], [35.170663, 31.767197], [35.170595, 31.767194], [35.170081, 31.767114], [35.170038, 31.767118], [35.169416, 31.767178], [35.16877, 31.767302], [35.16846, 31.767505], [35.168194, 31.767913], [35.167996, 31.768223], [35.167997, 31.768366], [35.167995, 31.768368], [35.167994, 31.768521], [35.167992, 31.769318], [35.167969, 31.76958], [35.168613, 31.769701], [35.168795, 31.769706], [35.168857, 31.769708], [35.168987, 31.769708], [35.169137, 31.76972], [35.169214, 31.769724], [35.169378, 31.769734], [35.169473, 31.769746], [35.169541, 31.769754], [35.169619, 31.769762], [35.169754, 31.769792], [35.169902, 31.769827], [35.170118, 31.769872], [35.170299, 31.769914], [35.170461, 31.769941], [35.170605, 31.769965], [35.170782, 31.769973], [35.170932, 31.769967], [35.171036, 31.769962], [35.171144, 31.769957], [35.171248, 31.76994], [35.171412, 31.769911], [35.17164, 31.769857], [35.171809, 31.769806], [35.171975, 31.769757], [35.172226, 31.7697], [35.172522, 31.769663], [35.172552, 31.769664], [35.172668, 31.769671], [35.172924, 31.769699], [35.173233, 31.769782], [35.173566, 31.769881], [35.173962, 31.769997], [35.174358, 31.770076], [35.174671, 31.770136], [35.174774, 31.770148], [35.174997, 31.770176], [35.175282, 31.770214], [35.175626, 31.77025], [35.175918, 31.770276], [35.176105, 31.770277], [35.176302, 31.770272], [35.176493, 31.770255], [35.176756, 31.770221], [35.177153, 31.770171], [35.177432, 31.770119], [35.177646, 31.770067], [35.177899, 31.769986], [35.178047, 31.769931], [35.178186, 31.769866], [35.178193, 31.769863], [35.178325, 31.769794], [35.178477, 31.769728], [35.178607, 31.769676], [35.178623, 31.769673], [35.178823, 31.769622], [35.178943, 31.769608], [35.178959, 31.769606], [35.179157, 31.769593], [35.179387, 31.769607], [35.179554, 31.76963], [35.179769, 31.769679], [35.179985, 31.769733], [35.180182, 31.76978], [35.180356, 31.769841], [35.180502, 31.76991], [35.180642, 31.770028], [35.180745, 31.770161], [35.180834, 31.77032], [35.180945, 31.770573], [35.181041, 31.770902], [35.181137, 31.771165], [35.181183, 31.771309], [35.181227, 31.771387], [35.181304, 31.771485], [35.181362, 31.771533], [35.18145, 31.771575], [35.181478, 31.771586], [35.181535, 31.771596], [35.181647, 31.771602], [35.181717, 31.771611], [35.181736, 31.771614], [35.181772, 31.771614], [35.18195, 31.771629], [35.1819, 31.771514], [35.181766, 31.771052], [35.181686, 31.770824], [35.181638, 31.77071], [35.181561, 31.770529], [35.181448, 31.770294], [35.181383, 31.770196], [35.181307, 31.770081], [35.181133, 31.769838], [35.180978, 31.76967], [35.180949, 31.769642], [35.180753, 31.769465], [35.180499, 31.769299], [35.180203, 31.769092], [35.179994, 31.768962], [35.1799, 31.768903], [35.179686, 31.768814], [35.179419, 31.768728], [35.179145, 31.768673], [35.178905, 31.768616], [35.17889, 31.768612], [35.178703, 31.768582], [35.178429, 31.768582], [35.178314, 31.768604], [35.1782, 31.76864], [35.178164, 31.768525], [35.178153, 31.768452], [35.178141, 31.76837], [35.178112, 31.768145], [35.17811, 31.768116], [35.178107, 31.768042], [35.178104, 31.767975], [35.178101, 31.767943], [35.178122, 31.767823], [35.178135, 31.76777], [35.178315, 31.767755], [35.178566, 31.76774], [35.178767, 31.767722], [35.179024, 31.767673], [35.179065, 31.767654], [35.179071, 31.76765], [35.179232, 31.76694], [35.179159, 31.766713], [35.179082, 31.766473], [35.178965, 31.766116], [35.178976, 31.766076], [35.178951, 31.76604], [35.178902, 31.765922], [35.178866, 31.765806], [35.178838, 31.76568], [35.178795, 31.76559], [35.178744, 31.765505], [35.178689, 31.765447], [35.178581, 31.765384], [35.178534, 31.765357], [35.178515, 31.765348], [35.178454, 31.765134], [35.178665, 31.765096], [35.178891, 31.764216], [35.179148, 31.763572], [35.179254, 31.763105], [35.179253, 31.763032], [35.17924, 31.762112], [35.179191, 31.76207], [35.179121, 31.761891], [35.179086, 31.761789], [35.179142, 31.76158], [35.178867, 31.761492], [35.178895, 31.761438], [35.178915, 31.761398], [35.178933, 31.761363], [35.178933, 31.761339], [35.178913, 31.761315], [35.178883, 31.761281], [35.178876, 31.761262], [35.178874, 31.761239], [35.178873, 31.761212], [35.178866, 31.761145], [35.178856, 31.761085], [35.178823, 31.760945], [35.178762, 31.760838], [35.178686, 31.760779], [35.17858, 31.760701], [35.178801, 31.76051], [35.17884, 31.760476], [35.178646, 31.760298], [35.178233, 31.76066], [35.178058, 31.760813], [35.178032, 31.760837], [35.177999, 31.760862], [35.177258, 31.761478], [35.17717, 31.761534], [35.17679, 31.761775], [35.176642, 31.761818], [35.176589, 31.761834], [35.176404, 31.761839], [35.176235, 31.761797], [35.176086, 31.761704], [35.176034, 31.761654], [35.175884, 31.761508], [35.175685, 31.761395], [35.17563, 31.761377], [35.175564, 31.76136], [35.175482, 31.761331], [35.175259, 31.761313], [35.175128, 31.761307], [35.174978, 31.7613], [35.174816, 31.761296], [35.174704, 31.761293], [35.174463, 31.761299], [35.174371, 31.761312], [35.174352, 31.761315], [35.174134, 31.761336], [35.173856, 31.761376], [35.173601, 31.761427], [35.173392, 31.761491], [35.173201, 31.761567], [35.172982, 31.761645], [35.172889, 31.761679], [35.172801, 31.761736], [35.172747, 31.761774], [35.172673, 31.761838], [35.172591, 31.761922], [35.172544, 31.761968], [35.172522, 31.76199], [35.172466, 31.762056], [35.172384, 31.762155], [35.1723, 31.762221], [35.17225, 31.762199]]]}}, {"type": "Feature", "properties": {"subq": "113", "name_he": "קרית היובל (דרום)", "stat_area_ids": ["1131", "1132", "1133"], "n_stat_areas": 3, "pop_approx": 9890, "hh_total": 3340, "has_data": true, "started_2022": 226, "completed_2022": 22, "started_2023": 532, "completed_2023": 213, "started_2024": 150, "completed_2024": 528, "started_2025": 15, "completed_2025": 8, "started_total": 923, "completed_total": 771, "started_per_1000": 93.3, "has_dwellings": true, "dwellings_2023": 3340, "rented_pct_2023": 23.6, "dwellings_2024": 3776, "rented_pct_2024": 26.1, "dwellings_2025": 3776, "rented_pct_2025": 26.1, "started_pct_of_stock": 24.4}, "geometry": {"type": "Polygon", "coordinates": [[[35.180952, 31.758233], [35.181368, 31.757884], [35.181468, 31.757793], [35.181477, 31.757785], [35.181643, 31.757633], [35.181981, 31.757346], [35.182066, 31.757273], [35.182152, 31.7572], [35.182265, 31.757104], [35.182374, 31.757006], [35.182456, 31.756932], [35.182534, 31.756861], [35.182896, 31.75659], [35.183075, 31.756439], [35.183211, 31.756337], [35.183065, 31.756357], [35.183014, 31.756359], [35.182929, 31.756365], [35.182725, 31.756378], [35.182564, 31.75638], [35.182461, 31.756372], [35.182398, 31.756367], [35.182258, 31.756338], [35.182161, 31.756305], [35.182098, 31.756283], [35.182085, 31.756259], [35.182075, 31.75624], [35.182021, 31.756215], [35.182003, 31.756207], [35.181986, 31.756189], [35.181865, 31.756064], [35.181696, 31.755835], [35.181584, 31.755632], [35.181531, 31.755538], [35.181357, 31.755229], [35.181313, 31.755152], [35.181129, 31.754795], [35.180854, 31.754258], [35.18028, 31.753153], [35.179876, 31.752383], [35.179638, 31.751921], [35.1796, 31.751852], [35.179521, 31.751707], [35.179433, 31.751529], [35.179362, 31.751441], [35.179305, 31.751355], [35.179184, 31.751194], [35.179009, 31.751056], [35.178835, 31.750944], [35.178671, 31.750855], [35.178726, 31.751301], [35.178858, 31.751845], [35.178861, 31.751851], [35.178739, 31.751833], [35.178547, 31.751809], [35.178484, 31.751798], [35.178399, 31.751782], [35.178162, 31.751779], [35.17795, 31.751766], [35.17791, 31.751762], [35.177878, 31.75176], [35.177627, 31.751805], [35.177416, 31.751898], [35.177242, 31.751993], [35.177182, 31.752025], [35.177034, 31.752058], [35.176854, 31.752152], [35.176737, 31.752192], [35.176644, 31.752245], [35.176581, 31.752305], [35.176551, 31.752375], [35.176527, 31.75241], [35.176454, 31.752526], [35.176422, 31.752579], [35.176418, 31.752603], [35.176413, 31.752632], [35.176284, 31.753352], [35.176278, 31.753556], [35.176276, 31.753639], [35.176291, 31.753925], [35.176302, 31.754154], [35.176304, 31.754161], [35.176308, 31.754245], [35.176275, 31.754522], [35.176269, 31.754572], [35.176183, 31.754785], [35.176066, 31.755075], [35.176026, 31.755172], [35.175808, 31.755279], [35.175808, 31.755333], [35.175807, 31.755384], [35.175807, 31.755391], [35.175815, 31.755393], [35.175856, 31.755433], [35.175881, 31.755524], [35.175887, 31.755542], [35.175825, 31.755773], [35.175734, 31.755566], [35.17555, 31.755365], [35.175158, 31.75535], [35.174776, 31.755335], [35.174757, 31.755657], [35.17473, 31.756105], [35.174713, 31.756395], [35.1747, 31.756696], [35.174659, 31.756888], [35.174572, 31.757067], [35.174406, 31.757307], [35.174183, 31.757523], [35.17408, 31.757604], [35.173923, 31.757683], [35.173441, 31.757922], [35.173063, 31.758096], [35.17254, 31.758319], [35.171956, 31.758517], [35.171871, 31.758592], [35.171878, 31.758691], [35.171341, 31.758825], [35.170798, 31.759091], [35.17012, 31.759478], [35.169591, 31.759981], [35.169511, 31.760192], [35.169573, 31.760231], [35.169614, 31.760252], [35.169678, 31.760301], [35.169801, 31.760399], [35.169855, 31.760451], [35.169872, 31.760469], [35.169978, 31.760583], [35.17008, 31.76074], [35.170176, 31.760921], [35.170202, 31.76097], [35.170346, 31.761239], [35.170444, 31.761402], [35.170467, 31.761449], [35.170517, 31.761523], [35.170545, 31.761561], [35.170577, 31.761607], [35.17064, 31.761678], [35.170726, 31.761756], [35.170823, 31.76183], [35.170951, 31.761903], [35.17108, 31.761947], [35.171239, 31.762001], [35.171454, 31.762042], [35.171674, 31.762076], [35.171758, 31.76209], [35.171971, 31.762128], [35.172165, 31.762168], [35.17225, 31.762199], [35.1723, 31.762221], [35.172384, 31.762155], [35.172466, 31.762056], [35.172522, 31.76199], [35.172544, 31.761968], [35.172591, 31.761922], [35.172673, 31.761838], [35.172747, 31.761774], [35.172801, 31.761736], [35.172889, 31.761679], [35.172982, 31.761645], [35.173201, 31.761567], [35.173392, 31.761491], [35.173601, 31.761427], [35.173856, 31.761376], [35.174134, 31.761336], [35.174352, 31.761315], [35.174371, 31.761312], [35.174463, 31.761299], [35.174704, 31.761293], [35.174816, 31.761296], [35.174978, 31.7613], [35.175128, 31.761307], [35.175259, 31.761313], [35.175482, 31.761331], [35.175564, 31.76136], [35.17563, 31.761377], [35.175685, 31.761395], [35.175884, 31.761508], [35.176034, 31.761654], [35.176086, 31.761704], [35.176235, 31.761797], [35.176404, 31.761839], [35.176589, 31.761834], [35.176642, 31.761818], [35.17679, 31.761775], [35.17717, 31.761534], [35.177258, 31.761478], [35.177999, 31.760862], [35.178032, 31.760837], [35.178058, 31.760813], [35.178233, 31.76066], [35.178646, 31.760298], [35.1787, 31.760251], [35.178726, 31.760234], [35.178781, 31.760182], [35.179043, 31.759946], [35.179241, 31.759772], [35.179413, 31.759622], [35.179624, 31.75943], [35.179748, 31.759318], [35.180096, 31.759015], [35.18041, 31.75874], [35.180614, 31.75855], [35.180776, 31.7584], [35.18084, 31.758338], [35.180868, 31.758311], [35.180894, 31.758287], [35.180952, 31.758233]]]}}, {"type": "Feature", "properties": {"subq": "114", "name_he": "קרית מנחם, עיר גנים", "stat_area_ids": ["1141", "1142", "1143", "1144"], "n_stat_areas": 4, "pop_approx": 13530, "hh_total": 4410, "has_data": true, "started_2022": 56, "completed_2022": 3, "started_2023": 38, "completed_2023": 27, "started_2024": 592, "completed_2024": 80, "started_2025": 482, "completed_2025": 20, "started_total": 1168, "completed_total": 130, "started_per_1000": 86.3, "has_dwellings": true, "dwellings_2023": 4411, "rented_pct_2023": 32.1, "dwellings_2024": 4443, "rented_pct_2024": 31.7, "dwellings_2025": 4299, "rented_pct_2025": 33.1, "started_pct_of_stock": 27.2}, "geometry": {"type": "Polygon", "coordinates": [[[35.17426, 31.750743], [35.174091, 31.750734], [35.174088, 31.750734], [35.173786, 31.750716], [35.173561, 31.750698], [35.17335, 31.750697], [35.173213, 31.750697], [35.173093, 31.750708], [35.172908, 31.750724], [35.172721, 31.750742], [35.172564, 31.750783], [35.172398, 31.75082], [35.172263, 31.750859], [35.172119, 31.750903], [35.171964, 31.750958], [35.171807, 31.751027], [35.171573, 31.751127], [35.171393, 31.751214], [35.171169, 31.751319], [35.170971, 31.751407], [35.170811, 31.751483], [35.170603, 31.751576], [35.170403, 31.75167], [35.170251, 31.751738], [35.170145, 31.751795], [35.169852, 31.751922], [35.169483, 31.752107], [35.169149, 31.752257], [35.169061, 31.752297], [35.168921, 31.752343], [35.168865, 31.752362], [35.168645, 31.752427], [35.168635, 31.752429], [35.168611, 31.752434], [35.16845, 31.752466], [35.168229, 31.752489], [35.168092, 31.752508], [35.167875, 31.752514], [35.167799, 31.752516], [35.167402, 31.752436], [35.166986, 31.752279], [35.16694, 31.752301], [35.166858, 31.752339], [35.166624, 31.752275], [35.166252, 31.752141], [35.166056, 31.752129], [35.165712, 31.752125], [35.165303, 31.752237], [35.165301, 31.752238], [35.16522, 31.752163], [35.165061, 31.752168], [35.164702, 31.752171], [35.164513, 31.752173], [35.164354, 31.752175], [35.164068, 31.752173], [35.163682, 31.752171], [35.163646, 31.752288], [35.163503, 31.752823], [35.163364, 31.753332], [35.163322, 31.753571], [35.163269, 31.753998], [35.163347, 31.754118], [35.163409, 31.754297], [35.163391, 31.754422], [35.163538, 31.754892], [35.163494, 31.755017], [35.163407, 31.755123], [35.163611, 31.755865], [35.163435, 31.756837], [35.163045, 31.757303], [35.162821, 31.757311], [35.162635, 31.757262], [35.162263, 31.756913], [35.161923, 31.756666], [35.161668, 31.756599], [35.161431, 31.756673], [35.161254, 31.756782], [35.161069, 31.756896], [35.161, 31.756971], [35.160947, 31.757029], [35.161098, 31.757209], [35.161188, 31.757545], [35.161253, 31.757876], [35.16134, 31.758108], [35.161374, 31.758199], [35.161561, 31.758474], [35.161806, 31.75873], [35.162092, 31.758954], [35.162315, 31.759046], [35.162366, 31.759067], [35.162498, 31.759122], [35.16289, 31.759208], [35.163308, 31.759319], [35.163357, 31.759342], [35.163634, 31.759484], [35.163869, 31.759687], [35.164018, 31.75985], [35.164126, 31.759968], [35.164442, 31.760275], [35.164475, 31.760307], [35.164662, 31.760445], [35.164845, 31.76058], [35.165208, 31.760676], [35.165504, 31.760667], [35.165894, 31.760543], [35.166189, 31.760345], [35.166198, 31.760339], [35.166513, 31.760077], [35.166692, 31.759934], [35.16678, 31.759862], [35.166857, 31.7598], [35.166885, 31.759777], [35.167135, 31.759652], [35.167412, 31.759581], [35.167437, 31.759582], [35.167797, 31.759602], [35.167916, 31.75964], [35.168397, 31.759793], [35.168416, 31.759809], [35.168518, 31.759858], [35.168666, 31.75993], [35.168732, 31.759941], [35.168865, 31.759965], [35.169089, 31.760024], [35.169278, 31.760088], [35.169464, 31.760163], [35.169477, 31.760171], [35.169511, 31.760192], [35.169591, 31.759981], [35.17012, 31.759478], [35.170798, 31.759091], [35.171341, 31.758825], [35.171878, 31.758691], [35.171871, 31.758592], [35.171956, 31.758517], [35.17254, 31.758319], [35.173063, 31.758096], [35.173441, 31.757922], [35.173923, 31.757683], [35.17408, 31.757604], [35.174183, 31.757523], [35.174406, 31.757307], [35.174572, 31.757067], [35.174659, 31.756888], [35.1747, 31.756696], [35.174713, 31.756395], [35.17473, 31.756105], [35.174757, 31.755657], [35.174776, 31.755335], [35.175158, 31.75535], [35.17555, 31.755365], [35.175734, 31.755566], [35.175825, 31.755773], [35.175887, 31.755542], [35.175881, 31.755524], [35.175856, 31.755433], [35.175815, 31.755393], [35.175807, 31.755391], [35.175807, 31.755384], [35.175808, 31.755333], [35.175808, 31.755279], [35.176026, 31.755172], [35.176066, 31.755075], [35.176183, 31.754785], [35.176269, 31.754572], [35.176275, 31.754522], [35.176308, 31.754245], [35.176304, 31.754161], [35.176302, 31.754154], [35.176291, 31.753925], [35.176276, 31.753639], [35.176278, 31.753556], [35.176284, 31.753352], [35.176413, 31.752632], [35.176418, 31.752603], [35.176422, 31.752579], [35.176454, 31.752526], [35.176527, 31.75241], [35.176551, 31.752375], [35.176581, 31.752305], [35.176644, 31.752245], [35.176737, 31.752192], [35.176854, 31.752152], [35.177034, 31.752058], [35.177182, 31.752025], [35.177242, 31.751993], [35.177416, 31.751898], [35.177627, 31.751805], [35.177878, 31.75176], [35.17791, 31.751762], [35.17795, 31.751766], [35.178162, 31.751779], [35.178399, 31.751782], [35.178484, 31.751798], [35.178547, 31.751809], [35.178739, 31.751833], [35.178861, 31.751851], [35.178858, 31.751845], [35.178726, 31.751301], [35.178671, 31.750855], [35.17866, 31.750848], [35.178622, 31.750829], [35.178556, 31.750773], [35.178509, 31.750755], [35.178404, 31.750737], [35.178216, 31.750701], [35.178035, 31.750675], [35.177827, 31.750658], [35.177563, 31.750643], [35.177375, 31.75065], [35.177213, 31.750659], [35.176993, 31.750681], [35.176798, 31.750694], [35.176654, 31.750716], [35.176607, 31.750725], [35.176324, 31.750766], [35.176002, 31.750795], [35.175792, 31.750805], [35.175507, 31.750805], [35.175277, 31.750814], [35.175109, 31.750811], [35.174907, 31.750792], [35.174694, 31.750775], [35.174558, 31.750759], [35.174427, 31.750758], [35.17426, 31.750743]]]}}, {"type": "Feature", "properties": {"subq": "115", "name_he": "גבעת משואה, מנחת (מלחה), רכס לבן", "stat_area_ids": ["1151", "1152", "1153", "1154", "1155"], "n_stat_areas": 5, "pop_approx": 7739, "hh_total": 2720, "has_data": true, "started_2022": 148, "completed_2022": 224, "started_2023": 0, "completed_2023": 0, "started_2024": 0, "completed_2024": 0, "started_2025": 0, "completed_2025": 112, "started_total": 148, "completed_total": 336, "started_per_1000": 19.1, "has_dwellings": true, "dwellings_2023": 2378, "rented_pct_2023": 17.6, "dwellings_2024": 2605, "rented_pct_2024": 19.8, "dwellings_2025": 2915, "rented_pct_2025": 18.5, "started_pct_of_stock": 5.1}, "geometry": {"type": "Polygon", "coordinates": [[[35.163611, 31.755865], [35.163407, 31.755123], [35.163494, 31.755017], [35.163538, 31.754892], [35.163391, 31.754422], [35.163409, 31.754297], [35.163347, 31.754118], [35.163269, 31.753998], [35.163322, 31.753571], [35.163364, 31.753332], [35.163503, 31.752823], [35.163646, 31.752288], [35.163682, 31.752171], [35.164068, 31.752173], [35.164354, 31.752175], [35.164513, 31.752173], [35.164702, 31.752171], [35.165061, 31.752168], [35.16522, 31.752163], [35.165301, 31.752238], [35.165303, 31.752237], [35.165712, 31.752125], [35.166056, 31.752129], [35.166252, 31.752141], [35.166624, 31.752275], [35.166858, 31.752339], [35.16694, 31.752301], [35.166986, 31.752279], [35.167402, 31.752436], [35.167799, 31.752516], [35.167875, 31.752514], [35.168092, 31.752508], [35.168229, 31.752489], [35.16845, 31.752466], [35.168611, 31.752434], [35.168635, 31.752429], [35.168645, 31.752427], [35.168865, 31.752362], [35.168921, 31.752343], [35.169061, 31.752297], [35.169149, 31.752257], [35.169483, 31.752107], [35.169852, 31.751922], [35.170145, 31.751795], [35.170251, 31.751738], [35.170403, 31.75167], [35.170603, 31.751576], [35.170811, 31.751483], [35.170971, 31.751407], [35.171169, 31.751319], [35.171393, 31.751214], [35.171573, 31.751127], [35.171807, 31.751027], [35.171964, 31.750958], [35.172119, 31.750903], [35.172263, 31.750859], [35.172398, 31.75082], [35.172564, 31.750783], [35.172721, 31.750742], [35.172908, 31.750724], [35.173093, 31.750708], [35.173213, 31.750697], [35.17335, 31.750697], [35.173561, 31.750698], [35.173786, 31.750716], [35.174088, 31.750734], [35.174091, 31.750734], [35.17426, 31.750743], [35.174427, 31.750758], [35.174558, 31.750759], [35.174694, 31.750775], [35.174907, 31.750792], [35.175109, 31.750811], [35.175277, 31.750814], [35.175507, 31.750805], [35.175792, 31.750805], [35.176002, 31.750795], [35.176324, 31.750766], [35.176607, 31.750725], [35.176654, 31.750716], [35.176798, 31.750694], [35.176993, 31.750681], [35.177213, 31.750659], [35.177375, 31.75065], [35.177563, 31.750643], [35.177827, 31.750658], [35.178035, 31.750675], [35.178216, 31.750701], [35.178404, 31.750737], [35.178509, 31.750755], [35.178556, 31.750773], [35.178622, 31.750829], [35.17866, 31.750848], [35.178671, 31.750855], [35.178835, 31.750944], [35.179009, 31.751056], [35.179184, 31.751194], [35.179305, 31.751355], [35.179362, 31.751441], [35.179433, 31.751529], [35.179521, 31.751707], [35.1796, 31.751852], [35.179638, 31.751921], [35.179876, 31.752383], [35.18028, 31.753153], [35.180854, 31.754258], [35.181129, 31.754795], [35.181313, 31.755152], [35.181357, 31.755229], [35.181531, 31.755538], [35.181584, 31.755632], [35.181696, 31.755835], [35.181865, 31.756064], [35.181986, 31.756189], [35.182003, 31.756207], [35.182021, 31.756215], [35.182075, 31.75624], [35.182085, 31.756259], [35.182098, 31.756283], [35.182161, 31.756305], [35.182258, 31.756338], [35.182398, 31.756367], [35.182461, 31.756372], [35.182564, 31.75638], [35.182725, 31.756378], [35.182929, 31.756365], [35.183014, 31.756359], [35.183065, 31.756357], [35.183211, 31.756337], [35.183345, 31.756192], [35.183355, 31.756182], [35.183366, 31.75617], [35.183664, 31.755911], [35.183745, 31.755841], [35.184053, 31.75559], [35.184358, 31.755373], [35.184495, 31.755277], [35.184553, 31.755236], [35.184567, 31.755227], [35.184842, 31.755093], [35.185139, 31.754951], [35.185153, 31.754945], [35.18517, 31.754937], [35.185377, 31.754847], [35.18553, 31.754779], [35.186064, 31.754618], [35.186478, 31.754502], [35.186484, 31.7545], [35.186564, 31.754478], [35.186785, 31.754443], [35.187187, 31.754383], [35.187195, 31.754382], [35.187357, 31.754363], [35.187361, 31.754362], [35.187529, 31.754343], [35.187873, 31.754299], [35.187882, 31.754298], [35.187987, 31.754293], [35.188277, 31.75429], [35.188397, 31.754299], [35.188586, 31.754315], [35.188778, 31.754349], [35.188937, 31.754385], [35.189192, 31.754467], [35.189245, 31.754484], [35.189515, 31.754583], [35.189779, 31.754701], [35.189918, 31.754762], [35.189933, 31.754771], [35.190213, 31.754924], [35.190325, 31.754986], [35.190537, 31.755119], [35.190661, 31.755196], [35.190883, 31.755335], [35.190898, 31.755343], [35.190905, 31.755348], [35.191165, 31.755579], [35.191245, 31.75565], [35.191237, 31.755614], [35.191221, 31.755554], [35.191164, 31.755335], [35.191411, 31.755352], [35.191638, 31.755291], [35.191897, 31.755211], [35.191888, 31.755189], [35.191839, 31.75507], [35.191803, 31.75482], [35.191736, 31.754537], [35.191715, 31.754311], [35.191683, 31.754125], [35.191703, 31.753953], [35.191749, 31.753813], [35.191757, 31.753802], [35.191869, 31.753654], [35.192021, 31.753488], [35.192173, 31.753338], [35.192226, 31.753284], [35.192374, 31.753134], [35.192431, 31.753084], [35.192284, 31.753], [35.192351, 31.752935], [35.192761, 31.752515], [35.19304, 31.752272], [35.193065, 31.752239], [35.194267, 31.752276], [35.195194, 31.752252], [35.195239, 31.752338], [35.19716, 31.752219], [35.198608, 31.751306], [35.198532, 31.751143], [35.198449, 31.750901], [35.198401, 31.750817], [35.198385, 31.75077], [35.198348, 31.750646], [35.198328, 31.750537], [35.198312, 31.750462], [35.198306, 31.750437], [35.198296, 31.750343], [35.198269, 31.750205], [35.198262, 31.750118], [35.198136, 31.750143], [35.197951, 31.75021], [35.197784, 31.750272], [35.19761, 31.750336], [35.197589, 31.750345], [35.197481, 31.75039], [35.197353, 31.750437], [35.197156, 31.750507], [35.196967, 31.750571], [35.196808, 31.750625], [35.196706, 31.750656], [35.196675, 31.750666], [35.196523, 31.750698], [35.196392, 31.750724], [35.196252, 31.750738], [35.196086, 31.750756], [35.195909, 31.750758], [35.195782, 31.750748], [35.195682, 31.750739], [35.195571, 31.750729], [35.195403, 31.750694], [35.195245, 31.750661], [35.195116, 31.750615], [35.19502, 31.75058], [35.194923, 31.750385], [35.194728, 31.749969], [35.19435, 31.749286], [35.194074, 31.74896], [35.19341, 31.748416], [35.192678, 31.747885], [35.192474, 31.747758], [35.192462, 31.747736], [35.192357, 31.747668], [35.192164, 31.747575], [35.191959, 31.747481], [35.19178, 31.747413], [35.191648, 31.747381], [35.191231, 31.7472], [35.190335, 31.747185], [35.187495, 31.747672], [35.185531, 31.748219], [35.185515, 31.748221], [35.185266, 31.74825], [35.185257, 31.748251], [35.185139, 31.748271], [35.185027, 31.748286], [35.184833, 31.748303], [35.184633, 31.748309], [35.184453, 31.748299], [35.184228, 31.748282], [35.184072, 31.748257], [35.183896, 31.748227], [35.183735, 31.748194], [35.183564, 31.74813], [35.18342, 31.748074], [35.183263, 31.748004], [35.18311, 31.74792], [35.182931, 31.747819], [35.182787, 31.747723], [35.182661, 31.74762], [35.182538, 31.747531], [35.182437, 31.747436], [35.182316, 31.747306], [35.182233, 31.747214], [35.182152, 31.747119], [35.182088, 31.747026], [35.182029, 31.746921], [35.181976, 31.746807], [35.181928, 31.746681], [35.181841, 31.746475], [35.181781, 31.746312], [35.181712, 31.746129], [35.18162, 31.745919], [35.18154, 31.745744], [35.18144, 31.745601], [35.181428, 31.745586], [35.181326, 31.745457], [35.181176, 31.74531], [35.181018, 31.745196], [35.180875, 31.745113], [35.180721, 31.745046], [35.180536, 31.744986], [35.180356, 31.744939], [35.180101, 31.744889], [35.180003, 31.744869], [35.179875, 31.744842], [35.179656, 31.744805], [35.1794, 31.744769], [35.1793, 31.744764], [35.179179, 31.744758], [35.178991, 31.744758], [35.178831, 31.744768], [35.178598, 31.744775], [35.178351, 31.744802], [35.178167, 31.744822], [35.178151, 31.744823], [35.178011, 31.744833], [35.177953, 31.744837], [35.177798, 31.744855], [35.177596, 31.74487], [35.177349, 31.74487], [35.177209, 31.744872], [35.177066, 31.744859], [35.176932, 31.744833], [35.176835, 31.74481], [35.176685, 31.744754], [35.176529, 31.74469], [35.176361, 31.744594], [35.176232, 31.744511], [35.176129, 31.74443], [35.175986, 31.744305], [35.17584, 31.74419], [35.175663, 31.744044], [35.175493, 31.743912], [35.175337, 31.743803], [35.175153, 31.743699], [35.174998, 31.743612], [35.174853, 31.743549], [35.174676, 31.743484], [35.174527, 31.743439], [35.174358, 31.743399], [35.17422, 31.743368], [35.174063, 31.743347], [35.173911, 31.743331], [35.173796, 31.74333], [35.173635, 31.743322], [35.173466, 31.743326], [35.173282, 31.743336], [35.173081, 31.74335], [35.172855, 31.743362], [35.172533, 31.743376], [35.172246, 31.743392], [35.171986, 31.743411], [35.171804, 31.743422], [35.171583, 31.743433], [35.171428, 31.743441], [35.171237, 31.743429], [35.171064, 31.743413], [35.170904, 31.743399], [35.170785, 31.743381], [35.170649, 31.74337], [35.170502, 31.743351], [35.170375, 31.743331], [35.170218, 31.743313], [35.170113, 31.743286], [35.17005, 31.743277], [35.169876, 31.743264], [35.169671, 31.743257], [35.169507, 31.743267], [35.169004, 31.743288], [35.168883, 31.743297], [35.168856, 31.743299], [35.168431, 31.743331], [35.167785, 31.743369], [35.167153, 31.743402], [35.166383, 31.743454], [35.165871, 31.743478], [35.165542, 31.743499], [35.165203, 31.743528], [35.164973, 31.743594], [35.164807, 31.743653], [35.164626, 31.743742], [35.164472, 31.743834], [35.164344, 31.743964], [35.164087, 31.744005], [35.163869, 31.744039], [35.163221, 31.744141], [35.163051, 31.744376], [35.162818, 31.74459], [35.16254, 31.744786], [35.162239, 31.744958], [35.16198, 31.745106], [35.161853, 31.745157], [35.161683, 31.745188], [35.161576, 31.7452], [35.161381, 31.74522], [35.161169, 31.745227], [35.160933, 31.745223], [35.160753, 31.745207], [35.160588, 31.745204], [35.160428, 31.745202], [35.160068, 31.74521], [35.159969, 31.745205], [35.159838, 31.745204], [35.159654, 31.745206], [35.159298, 31.74525], [35.159251, 31.745277], [35.158733, 31.745473], [35.158079, 31.745605], [35.157542, 31.745582], [35.15687, 31.74509], [35.15582, 31.744324], [35.155613, 31.744109], [35.155462, 31.743951], [35.154905, 31.7433], [35.154316, 31.742639], [35.154306, 31.742618], [35.154301, 31.742613], [35.154208, 31.742529], [35.153882, 31.742189], [35.153677, 31.741877], [35.153401, 31.741484], [35.153395, 31.741471], [35.152999, 31.740892], [35.152282, 31.739863], [35.152193, 31.739656], [35.151935, 31.739077], [35.151942, 31.739081], [35.151795, 31.738732], [35.151335, 31.737639], [35.15133, 31.73763], [35.151219, 31.737416], [35.151025, 31.737153], [35.150603, 31.736588], [35.150585, 31.736583], [35.15049, 31.736556], [35.150394, 31.736529], [35.150299, 31.736502], [35.150203, 31.736475], [35.150107, 31.736448], [35.150012, 31.736421], [35.149916, 31.736405], [35.149819, 31.736389], [35.149723, 31.736373], [35.149626, 31.736357], [35.14953, 31.736342], [35.149434, 31.736326], [35.149337, 31.73631], [35.149246, 31.736277], [35.149155, 31.736243], [35.149064, 31.736209], [35.148973, 31.736176], [35.148881, 31.736142], [35.14879, 31.736109], [35.148699, 31.736075], [35.148627, 31.736026], [35.148555, 31.735977], [35.148483, 31.735928], [35.148411, 31.735879], [35.148343, 31.735818], [35.148274, 31.735758], [35.148206, 31.735697], [35.148137, 31.735636], [35.148068, 31.735576], [35.148, 31.735515], [35.147931, 31.735455], [35.147862, 31.735394], [35.147794, 31.735334], [35.147725, 31.735273], [35.147656, 31.735213], [35.147588, 31.735152], [35.147519, 31.735091], [35.147445, 31.735031], [35.147371, 31.734971], [35.147297, 31.734911], [35.147223, 31.734851], [35.147148, 31.734791], [35.147074, 31.734731], [35.147, 31.734671], [35.146926, 31.734611], [35.146852, 31.73455], [35.146778, 31.73449], [35.146703, 31.73443], [35.146629, 31.73437], [35.146555, 31.73431], [35.146481, 31.73425], [35.146423, 31.734196], [35.146365, 31.734142], [35.146306, 31.734088], [35.146248, 31.734033], [35.14619, 31.733979], [35.146144, 31.733937], [35.146098, 31.733894], [35.146097, 31.733893], [35.146031, 31.733832], [35.145965, 31.733771], [35.1459, 31.73371], [35.145834, 31.733649], [35.145768, 31.733587], [35.145703, 31.733526], [35.145643, 31.733463], [35.145583, 31.733399], [35.145523, 31.733336], [35.145463, 31.733272], [35.145403, 31.733208], [35.145343, 31.733145], [35.145283, 31.733081], [35.145223, 31.733018], [35.145156, 31.732956], [35.145089, 31.732893], [35.145022, 31.732831], [35.144956, 31.732769], [35.144889, 31.732707], [35.144822, 31.732645], [35.144755, 31.732583], [35.144698, 31.732518], [35.14464, 31.732453], [35.144583, 31.732388], [35.144526, 31.732324], [35.144469, 31.732259], [35.144411, 31.732194], [35.144354, 31.732129], [35.144297, 31.732064], [35.14424, 31.731992], [35.144184, 31.731919], [35.144127, 31.731847], [35.144071, 31.731774], [35.144014, 31.731701], [35.143958, 31.731629], [35.143901, 31.731556], [35.143845, 31.731483], [35.143789, 31.731411], [35.143732, 31.731338], [35.143676, 31.731265], [35.143619, 31.731193], [35.143559, 31.731123], [35.143499, 31.731054], [35.143439, 31.730984], [35.143379, 31.730915], [35.143319, 31.730845], [35.143259, 31.730776], [35.143199, 31.730706], [35.143128, 31.730641], [35.143056, 31.730575], [35.142985, 31.73051], [35.142914, 31.730444], [35.142842, 31.730378], [35.142771, 31.730313], [35.14276, 31.730302], [35.142767, 31.730201], [35.14277, 31.730186], [35.14277, 31.730185], [35.14277, 31.730184], [35.142769, 31.730182], [35.142768, 31.73018], [35.142766, 31.730179], [35.142765, 31.730178], [35.142763, 31.730177], [35.142761, 31.730176], [35.142729, 31.730172], [35.142723, 31.730168], [35.142599, 31.730155], [35.142557, 31.730116], [35.142474, 31.730063], [35.142392, 31.73001], [35.142309, 31.729958], [35.142227, 31.729905], [35.142144, 31.729852], [35.142061, 31.729799], [35.141979, 31.729747], [35.141896, 31.729694], [35.141814, 31.729641], [35.141731, 31.729589], [35.141648, 31.729536], [35.141566, 31.729483], [35.141483, 31.72943], [35.141401, 31.729378], [35.141318, 31.729325], [35.141236, 31.729272], [35.141153, 31.729219], [35.14107, 31.729167], [35.140972, 31.729143], [35.140873, 31.72912], [35.140774, 31.729097], [35.140675, 31.729073], [35.140577, 31.72905], [35.140478, 31.729027], [35.140379, 31.729003], [35.14028, 31.72898], [35.140182, 31.728957], [35.140083, 31.728933], [35.139984, 31.72891], [35.139885, 31.728887], [35.139787, 31.728863], [35.139688, 31.72884], [35.139586, 31.728827], [35.139485, 31.728814], [35.139383, 31.728801], [35.139281, 31.728788], [35.139179, 31.728775], [35.139078, 31.728762], [35.138976, 31.728748], [35.138872, 31.728745], [35.138768, 31.728741], [35.138663, 31.728737], [35.138559, 31.728733], [35.138455, 31.728729], [35.138351, 31.728725], [35.138256, 31.728749], [35.138161, 31.728773], [35.138136, 31.728779], [35.138126, 31.728752], [35.138054, 31.728769], [35.138059, 31.728798], [35.137971, 31.728821], [35.137876, 31.728844], [35.137781, 31.728868], [35.137687, 31.728892], [35.137592, 31.728916], [35.137497, 31.728939], [35.137406, 31.728984], [35.137315, 31.729029], [35.137224, 31.729074], [35.137132, 31.729119], [35.137041, 31.729164], [35.136975, 31.729224], [35.136909, 31.729283], [35.136843, 31.729342], [35.136776, 31.729401], [35.13671, 31.72946], [35.136644, 31.729519], [35.136577, 31.729579], [35.13653, 31.729649], [35.136483, 31.729719], [35.136435, 31.729789], [35.136388, 31.729859], [35.13634, 31.729929], [35.136293, 31.729999], [35.136304, 31.730005], [35.13629, 31.730078], [35.136276, 31.730151], [35.136263, 31.730225], [35.136249, 31.730298], [35.136235, 31.730371], [35.136223, 31.730459], [35.13621, 31.730547], [35.136198, 31.730635], [35.136185, 31.730723], [35.136173, 31.730812], [35.136161, 31.7309], [35.136246, 31.730914], [35.136332, 31.730928], [35.136339, 31.731014], [35.136345, 31.731101], [35.136352, 31.731188], [35.136358, 31.731274], [35.136364, 31.731361], [35.136371, 31.731447], [35.136377, 31.731534], [35.136384, 31.73162], [35.13639, 31.731707], [35.136388, 31.731797], [35.136385, 31.731886], [35.136383, 31.731976], [35.13638, 31.732066], [35.136378, 31.732156], [35.136376, 31.732246], [35.136373, 31.732335], [35.136371, 31.732425], [35.136368, 31.732515], [35.136366, 31.732605], [35.136363, 31.732694], [35.136368, 31.732783], [35.136372, 31.732871], [35.136376, 31.732959], [35.136381, 31.733047], [35.136385, 31.733136], [35.136389, 31.733224], [35.136394, 31.733312], [35.136398, 31.7334], [35.136402, 31.733489], [35.136407, 31.733577], [35.136411, 31.733665], [35.136417, 31.733741], [35.136423, 31.733817], [35.136428, 31.733893], [35.136434, 31.733969], [35.13644, 31.734044], [35.136446, 31.73412], [35.136451, 31.734192], [35.136452, 31.734208], [35.136457, 31.734265], [35.136462, 31.734337], [35.136462, 31.734425], [35.136461, 31.734513], [35.136461, 31.734601], [35.13646, 31.73469], [35.13646, 31.734778], [35.136459, 31.734866], [35.136459, 31.734954], [35.136458, 31.735043], [35.136448, 31.735125], [35.136438, 31.735207], [35.136429, 31.735289], [35.136419, 31.735371], [35.136409, 31.735452], [35.136399, 31.735534], [35.136389, 31.735616], [35.136379, 31.735698], [35.136375, 31.735785], [35.13637, 31.735871], [35.136366, 31.735957], [35.136361, 31.736043], [35.136356, 31.736129], [35.136352, 31.736216], [35.136347, 31.736302], [35.136343, 31.736388], [35.136338, 31.736474], [35.136333, 31.73656], [35.136329, 31.736647], [35.136324, 31.736733], [35.13632, 31.736819], [35.136315, 31.736905], [35.136311, 31.736991], [35.136306, 31.737077], [35.136301, 31.737164], [35.136302, 31.737251], [35.136303, 31.737338], [35.136304, 31.737426], [35.136305, 31.737513], [35.136306, 31.7376], [35.136306, 31.737687], [35.136307, 31.737775], [35.136308, 31.737862], [35.136309, 31.737949], [35.13631, 31.738036], [35.136311, 31.738124], [35.136312, 31.738212], [35.136314, 31.738299], [35.136315, 31.738387], [35.136316, 31.738474], [35.136316, 31.738554], [35.136316, 31.738633], [35.136317, 31.738712], [35.136317, 31.738792], [35.136317, 31.738871], [35.136317, 31.73895], [35.136318, 31.73903], [35.136318, 31.739109], [35.136313, 31.739191], [35.136308, 31.739273], [35.136303, 31.739355], [35.136298, 31.739437], [35.136293, 31.739519], [35.136288, 31.739601], [35.136283, 31.739683], [35.136283, 31.739686], [35.136283, 31.73969], [35.136278, 31.739767], [35.136273, 31.739843], [35.136269, 31.73992], [35.136264, 31.739996], [35.13626, 31.740073], [35.136255, 31.740149], [35.13627, 31.740238], [35.136285, 31.740327], [35.1363, 31.740415], [35.136315, 31.740504], [35.13633, 31.740592], [35.136345, 31.740681], [35.13636, 31.740769], [35.136367, 31.740854], [35.136375, 31.740939], [35.136383, 31.741024], [35.136412, 31.74111], [35.136441, 31.741195], [35.13647, 31.741281], [35.136499, 31.741366], [35.136528, 31.741452], [35.136582, 31.741527], [35.136636, 31.741601], [35.136689, 31.741676], [35.136743, 31.741751], [35.136797, 31.741826], [35.13685, 31.7419], [35.136922, 31.741964], [35.136994, 31.742028], [35.137066, 31.742092], [35.137139, 31.742156], [35.137211, 31.742219], [35.137283, 31.742283], [35.137353, 31.742349], [35.137424, 31.742415], [35.137495, 31.742481], [35.137565, 31.742547], [35.137636, 31.742613], [35.137707, 31.742679], [35.137777, 31.742745], [35.137836, 31.742814], [35.137895, 31.742884], [35.137953, 31.742954], [35.138012, 31.743024], [35.13807, 31.743093], [35.138129, 31.743163], [35.138188, 31.743233], [35.138246, 31.743303], [35.138305, 31.743372], [35.138364, 31.743442], [35.138422, 31.743512], [35.138463, 31.743545], [35.138503, 31.743579], [35.138574, 31.743634], [35.138645, 31.743689], [35.138716, 31.743745], [35.138787, 31.7438], [35.138838, 31.74383], [35.13889, 31.74386], [35.138947, 31.743851], [35.139005, 31.743842], [35.139093, 31.743825], [35.139181, 31.743807], [35.139249, 31.743754], [35.139318, 31.743701], [35.139386, 31.743648], [35.139449, 31.743599], [35.139454, 31.743595], [35.139523, 31.743542], [35.139591, 31.743489], [35.139659, 31.743435], [35.139728, 31.743382], [35.139783, 31.743334], [35.139838, 31.743285], [35.139893, 31.743237], [35.139948, 31.743188], [35.140003, 31.743139], [35.140058, 31.743091], [35.140115, 31.743037], [35.140172, 31.742984], [35.140229, 31.742931], [35.140285, 31.742877], [35.140351, 31.742814], [35.140417, 31.742751], [35.140483, 31.742688], [35.140549, 31.742624], [35.140615, 31.742561], [35.140681, 31.742498], [35.140747, 31.742435], [35.140813, 31.742372], [35.140874, 31.742306], [35.140936, 31.74224], [35.140997, 31.742174], [35.141058, 31.742108], [35.14112, 31.742041], [35.141181, 31.741975], [35.141242, 31.741909], [35.141303, 31.741843], [35.141365, 31.741777], [35.141445, 31.741724], [35.141526, 31.741671], [35.141541, 31.741591], [35.141517, 31.74154], [35.141494, 31.741489], [35.141459, 31.741418], [35.141424, 31.741347], [35.141388, 31.741276], [35.141336, 31.741201], [35.141285, 31.741126], [35.141233, 31.741052], [35.141181, 31.740977], [35.14113, 31.740902], [35.141078, 31.740828], [35.141026, 31.740753], [35.140975, 31.740678], [35.140923, 31.740603], [35.140871, 31.740529], [35.140819, 31.740454], [35.140748, 31.740394], [35.140677, 31.740334], [35.140606, 31.740274], [35.140535, 31.740215], [35.140464, 31.740155], [35.140392, 31.740095], [35.140321, 31.740035], [35.14025, 31.739975], [35.140179, 31.739916], [35.140099, 31.739864], [35.140019, 31.739813], [35.13994, 31.739762], [35.13986, 31.739711], [35.13978, 31.73966], [35.1397, 31.739609], [35.139621, 31.739557], [35.139541, 31.739506], [35.139606, 31.739435], [35.139671, 31.739365], [35.139736, 31.739294], [35.139801, 31.739223], [35.139866, 31.739153], [35.139931, 31.739082], [35.139996, 31.739011], [35.140061, 31.73894], [35.140126, 31.73887], [35.14018, 31.738801], [35.140233, 31.738733], [35.140287, 31.738664], [35.140341, 31.738596], [35.140394, 31.738527], [35.140451, 31.738455], [35.140507, 31.738383], [35.140564, 31.738311], [35.14062, 31.738239], [35.140677, 31.738167], [35.140733, 31.738094], [35.14079, 31.738022], [35.140846, 31.73795], [35.140903, 31.737878], [35.140959, 31.737806], [35.141014, 31.73774], [35.14107, 31.737673], [35.141125, 31.737607], [35.14118, 31.737541], [35.141235, 31.737474], [35.14129, 31.737408], [35.141345, 31.737342], [35.141404, 31.73727], [35.141463, 31.737199], [35.141523, 31.737128], [35.141582, 31.737057], [35.141641, 31.736986], [35.14161, 31.736919], [35.141579, 31.736853], [35.141548, 31.736787], [35.141517, 31.73672], [35.141487, 31.736664], [35.141457, 31.736607], [35.141429, 31.736567], [35.141401, 31.736526], [35.14133, 31.736482], [35.14126, 31.736439], [35.141189, 31.736396], [35.1411, 31.736365], [35.141011, 31.736334], [35.140921, 31.736303], [35.140957, 31.736224], [35.140993, 31.736144], [35.141029, 31.736064], [35.141047, 31.735976], [35.141064, 31.735889], [35.141082, 31.735801], [35.141099, 31.735713], [35.141117, 31.735626], [35.141138, 31.735548], [35.141159, 31.73547], [35.141181, 31.735404], [35.141204, 31.735338], [35.141227, 31.735272], [35.141249, 31.735205], [35.141304, 31.735144], [35.141358, 31.735083], [35.141412, 31.735022], [35.141472, 31.735053], [35.141531, 31.735084], [35.141615, 31.735115], [35.141698, 31.735146], [35.141782, 31.735177], [35.141866, 31.735208], [35.141957, 31.735241], [35.142049, 31.735275], [35.142145, 31.735309], [35.142241, 31.735344], [35.142338, 31.735378], [35.142434, 31.735412], [35.14253, 31.735446], [35.142627, 31.73548], [35.142696, 31.735526], [35.142764, 31.735572], [35.142833, 31.735618], [35.142901, 31.735667], [35.142969, 31.735716], [35.143037, 31.735766], [35.143094, 31.735819], [35.143152, 31.735873], [35.143209, 31.735927], [35.143266, 31.735981], [35.143343, 31.736043], [35.143419, 31.736104], [35.143495, 31.736166], [35.143572, 31.736228], [35.143648, 31.73629], [35.143724, 31.736352], [35.1438, 31.736413], [35.143876, 31.736475], [35.143931, 31.736542], [35.143987, 31.7366], [35.144042, 31.736658], [35.144097, 31.736716], [35.144153, 31.736774], [35.144208, 31.736832], [35.144267, 31.736891], [35.144325, 31.736951], [35.144384, 31.73701], [35.144443, 31.737069], [35.144501, 31.737129], [35.14456, 31.737188], [35.144594, 31.737262], [35.144628, 31.737336], [35.144662, 31.73741], [35.144696, 31.737484], [35.14473, 31.737558], [35.144765, 31.737632], [35.144797, 31.737712], [35.14483, 31.737792], [35.144863, 31.737871], [35.144896, 31.737951], [35.144929, 31.738031], [35.144961, 31.73811], [35.144967, 31.738199], [35.144972, 31.738287], [35.144978, 31.738376], [35.144984, 31.738464], [35.144989, 31.738553], [35.144995, 31.738641], [35.145, 31.73873], [35.145003, 31.738814], [35.145005, 31.738899], [35.145008, 31.738983], [35.14501, 31.739067], [35.145012, 31.739152], [35.145015, 31.739236], [35.145017, 31.739321], [35.14502, 31.739405], [35.145022, 31.73949], [35.145024, 31.739574], [35.145027, 31.739659], [35.145029, 31.739743], [35.145032, 31.739827], [35.145034, 31.739912], [35.145036, 31.739996], [35.145039, 31.740083], [35.145042, 31.740169], [35.145045, 31.740256], [35.145048, 31.740343], [35.145051, 31.740429], [35.145054, 31.740516], [35.145057, 31.740602], [35.14506, 31.740689], [35.145063, 31.740775], [35.145066, 31.740862], [35.145069, 31.740949], [35.145072, 31.741035], [35.145078, 31.741124], [35.145084, 31.741213], [35.14509, 31.741302], [35.145096, 31.741392], [35.145101, 31.741481], [35.145107, 31.74157], [35.145113, 31.741659], [35.145119, 31.741748], [35.145125, 31.741837], [35.14513, 31.741926], [35.145136, 31.742015], [35.145142, 31.742104], [35.145148, 31.742193], [35.145154, 31.742282], [35.145159, 31.742371], [35.145165, 31.74246], [35.145171, 31.742549], [35.145172, 31.742628], [35.145173, 31.742707], [35.145174, 31.742785], [35.145175, 31.742864], [35.145176, 31.742943], [35.145177, 31.743021], [35.145179, 31.7431], [35.145149, 31.743181], [35.145119, 31.743262], [35.145089, 31.743343], [35.145059, 31.743424], [35.145029, 31.743505], [35.144999, 31.743586], [35.145002, 31.743663], [35.145005, 31.74374], [35.145008, 31.743817], [35.145011, 31.743894], [35.145014, 31.743971], [35.145017, 31.744048], [35.145018, 31.744122], [35.14502, 31.744196], [35.145021, 31.74427], [35.145023, 31.744344], [35.145025, 31.744418], [35.145028, 31.744492], [35.145031, 31.744567], [35.145034, 31.744641], [35.145045, 31.744717], [35.145047, 31.744728], [35.14506, 31.744815], [35.145073, 31.744902], [35.145087, 31.744989], [35.1451, 31.745076], [35.145113, 31.745163], [35.145126, 31.74525], [35.145144, 31.745336], [35.145161, 31.745422], [35.145173, 31.74548], [35.145179, 31.745509], [35.145196, 31.745595], [35.145214, 31.745683], [35.145232, 31.745771], [35.14525, 31.745858], [35.145269, 31.745938], [35.145288, 31.746017], [35.145307, 31.746097], [35.145325, 31.746176], [35.145343, 31.746255], [35.145361, 31.746335], [35.145408, 31.746403], [35.145455, 31.74647], [35.145502, 31.746538], [35.145516, 31.746541], [35.145599, 31.746554], [35.145682, 31.746566], [35.145771, 31.746556], [35.145833, 31.746514], [35.145843, 31.746507], [35.145906, 31.74645], [35.145939, 31.74642], [35.145991, 31.74635], [35.146046, 31.746284], [35.146101, 31.746218], [35.146155, 31.746152], [35.146192, 31.74609], [35.146229, 31.746029], [35.146278, 31.745969], [35.146327, 31.74591], [35.146365, 31.745871], [35.146402, 31.745832], [35.146441, 31.745799], [35.146506, 31.745732], [35.146547, 31.7457], [35.146581, 31.745673], [35.146655, 31.745615], [35.14673, 31.745557], [35.146804, 31.745499], [35.146879, 31.745441], [35.146954, 31.745382], [35.147028, 31.745324], [35.147103, 31.745266], [35.147177, 31.745208], [35.147252, 31.74515], [35.147327, 31.745091], [35.147401, 31.745033], [35.147476, 31.744975], [35.14755, 31.744917], [35.147625, 31.744858], [35.147699, 31.7448], [35.147765, 31.744758], [35.147813, 31.744731], [35.147862, 31.744704], [35.147905, 31.744686], [35.147977, 31.744662], [35.148041, 31.744655], [35.148104, 31.744648], [35.148158, 31.744652], [35.148212, 31.744656], [35.148285, 31.744672], [35.148358, 31.744689], [35.148431, 31.744705], [35.1485, 31.744726], [35.148562, 31.74475], [35.148624, 31.744774], [35.148678, 31.744797], [35.148731, 31.74482], [35.148809, 31.744859], [35.148887, 31.744899], [35.14896, 31.74494], [35.149032, 31.744981], [35.149093, 31.745024], [35.149154, 31.745066], [35.149212, 31.745113], [35.14927, 31.745161], [35.149327, 31.745208], [35.149385, 31.745255], [35.149426, 31.745313], [35.149467, 31.74537], [35.149509, 31.745428], [35.149553, 31.745499], [35.149565, 31.745518], [35.149597, 31.74557], [35.149609, 31.745593], [35.149622, 31.745618], [35.149646, 31.745666], [35.149675, 31.745732], [35.149698, 31.745788], [35.149703, 31.745797], [35.149726, 31.74587], [35.149749, 31.745943], [35.14976, 31.745994], [35.149761, 31.746002], [35.149773, 31.74606], [35.149783, 31.746147], [35.149793, 31.746233], [35.149802, 31.746319], [35.149803, 31.746409], [35.149804, 31.746498], [35.149795, 31.74658], [35.149786, 31.746661], [35.149777, 31.746743], [35.14977, 31.74683], [35.149763, 31.746917], [35.149757, 31.746993], [35.149756, 31.747004], [35.14975, 31.747084], [35.14975, 31.747085], [35.14975, 31.747091], [35.149748, 31.7471], [35.149748, 31.747101], [35.149742, 31.747157], [35.149734, 31.747223], [35.149726, 31.747289], [35.149715, 31.747345], [35.149705, 31.7474], [35.149694, 31.747439], [35.149684, 31.747492], [35.149681, 31.747503], [35.149664, 31.747561], [35.149645, 31.74763], [35.149613, 31.747713], [35.149609, 31.747722], [35.149581, 31.747796], [35.149558, 31.747874], [35.149543, 31.747911], [35.149533, 31.747985], [35.149524, 31.748058], [35.149524, 31.748059], [35.149529, 31.748131], [35.149533, 31.748204], [35.149546, 31.74828], [35.149567, 31.748367], [35.149587, 31.748453], [35.1496, 31.748499], [35.149613, 31.748545], [35.149643, 31.748618], [35.149673, 31.748692], [35.149705, 31.748751], [35.149736, 31.74881], [35.149768, 31.74885], [35.149812, 31.748894], [35.14986, 31.748924], [35.149908, 31.748954], [35.149962, 31.74897], [35.150016, 31.748986], [35.150111, 31.749008], [35.150207, 31.749031], [35.150251, 31.749032], [35.150326, 31.749027], [35.150423, 31.749005], [35.150485, 31.74898], [35.150553, 31.748947], [35.15062, 31.748914], [35.150687, 31.748881], [35.150739, 31.748852], [35.150791, 31.748824], [35.150874, 31.748769], [35.150958, 31.748714], [35.151014, 31.748687], [35.15107, 31.748659], [35.151127, 31.748633], [35.151185, 31.748607], [35.151258, 31.748578], [35.151332, 31.748549], [35.151408, 31.748524], [35.151484, 31.748499], [35.151559, 31.748478], [35.151633, 31.748457], [35.151731, 31.748439], [35.151829, 31.74842], [35.151921, 31.748414], [35.152013, 31.748413], [35.152103, 31.748421], [35.152193, 31.748429], [35.152289, 31.748447], [35.152341, 31.748462], [35.152393, 31.748477], [35.152448, 31.748498], [35.152515, 31.748531], [35.152581, 31.748565], [35.152624, 31.748593], [35.152667, 31.748621], [35.152741, 31.748675], [35.152781, 31.748715], [35.152793, 31.748727], [35.152844, 31.748779], [35.152895, 31.74883], [35.152924, 31.748869], [35.152943, 31.748895], [35.152992, 31.748959], [35.153042, 31.749037], [35.153091, 31.749116], [35.153141, 31.749195], [35.153191, 31.749273], [35.153241, 31.749352], [35.153291, 31.749431], [35.15334, 31.749509], [35.15339, 31.749588], [35.15344, 31.749667], [35.15349, 31.749745], [35.153539, 31.749824], [35.153589, 31.749903], [35.153612, 31.749946], [35.153635, 31.749988], [35.153649, 31.750033], [35.153666, 31.750106], [35.153672, 31.750161], [35.153671, 31.750236], [35.153659, 31.750289], [35.153648, 31.750342], [35.15363, 31.75038], [35.153628, 31.750384], [35.153627, 31.750388], [35.153605, 31.750442], [35.153559, 31.750518], [35.153523, 31.750576], [35.153512, 31.750593], [35.153478, 31.750649], [35.153466, 31.750669], [35.15342, 31.750744], [35.153376, 31.750825], [35.153333, 31.750907], [35.153289, 31.750988], [35.153263, 31.75105], [35.153236, 31.751111], [35.15321, 31.751173], [35.153183, 31.751252], [35.153157, 31.75133], [35.153149, 31.751353], [35.153141, 31.751376], [35.153141, 31.751377], [35.153134, 31.751418], [35.153127, 31.75146], [35.153132, 31.751504], [35.15314, 31.751539], [35.153144, 31.751557], [35.153161, 31.751593], [35.153204, 31.751648], [35.153233, 31.751674], [35.15328, 31.751705], [35.153338, 31.751723], [35.153416, 31.751731], [35.153514, 31.751735], [35.153612, 31.751739], [35.15371, 31.751743], [35.153808, 31.751747], [35.153905, 31.751751], [35.154003, 31.751755], [35.154101, 31.751759], [35.154199, 31.751763], [35.154297, 31.751766], [35.154395, 31.75177], [35.154468, 31.751776], [35.154541, 31.751781], [35.154613, 31.751786], [35.154684, 31.751795], [35.154754, 31.751804], [35.154806, 31.751814], [35.154858, 31.751823], [35.154927, 31.751838], [35.154996, 31.751853], [35.155076, 31.751877], [35.155156, 31.751902], [35.15522, 31.751926], [35.155284, 31.75195], [35.155369, 31.751999], [35.155454, 31.752049], [35.155518, 31.752096], [35.155558, 31.752139], [35.155599, 31.752183], [35.155635, 31.752227], [35.15567, 31.752271], [35.155744, 31.752329], [35.155785, 31.752346], [35.155823, 31.752358], [35.155875, 31.752363], [35.155954, 31.752359], [35.156033, 31.752356], [35.156104, 31.752377], [35.156176, 31.752397], [35.156209, 31.752406], [35.156247, 31.752418], [35.156319, 31.752463], [35.156391, 31.752508], [35.156391, 31.752509], [35.156462, 31.752557], [35.156507, 31.752617], [35.156553, 31.752678], [35.156598, 31.752739], [35.156631, 31.752784], [35.156643, 31.7528], [35.156661, 31.752874], [35.156679, 31.752948], [35.156697, 31.753022], [35.156711, 31.753081], [35.156714, 31.753097], [35.156743, 31.753101], [35.156845, 31.753118], [35.156946, 31.753135], [35.157047, 31.753152], [35.157149, 31.753168], [35.15725, 31.753185], [35.157344, 31.7532], [35.157438, 31.753215], [35.157532, 31.75323], [35.157587, 31.753239], [35.157626, 31.753245], [35.15772, 31.753261], [35.157808, 31.753276], [35.157896, 31.753292], [35.157984, 31.753308], [35.158071, 31.753324], [35.158159, 31.75334], [35.158247, 31.753356], [35.158332, 31.753373], [35.158417, 31.753389], [35.15842, 31.75339], [35.158502, 31.753406], [35.158587, 31.753422], [35.158671, 31.753439], [35.158772, 31.753458], [35.158872, 31.753477], [35.158972, 31.753496], [35.159073, 31.753515], [35.159173, 31.753534], [35.159267, 31.753552], [35.15936, 31.753569], [35.159453, 31.753587], [35.159547, 31.753604], [35.15964, 31.753621], [35.159734, 31.753639], [35.159733, 31.753715], [35.159733, 31.753723], [35.159733, 31.753791], [35.159732, 31.753837], [35.159732, 31.753867], [35.159732, 31.753943], [35.159731, 31.754019], [35.159728, 31.754095], [35.159724, 31.754172], [35.159721, 31.754248], [35.159717, 31.754325], [35.159715, 31.754408], [35.159713, 31.754491], [35.15971, 31.754574], [35.159708, 31.754657], [35.159698, 31.754718], [35.159687, 31.754779], [35.159685, 31.754818], [35.159684, 31.754856], [35.159684, 31.754857], [35.159684, 31.754895], [35.159686, 31.754934], [35.15969, 31.754973], [35.159694, 31.755004], [35.159695, 31.755011], [35.159702, 31.755049], [35.159702, 31.75505], [35.15971, 31.755088], [35.15972, 31.755126], [35.159731, 31.755163], [35.159735, 31.755175], [35.159744, 31.7552], [35.159757, 31.755234], [35.159771, 31.755268], [35.159786, 31.755301], [35.159803, 31.755333], [35.159821, 31.755365], [35.159841, 31.755396], [35.159861, 31.755427], [35.159883, 31.755457], [35.159906, 31.755487], [35.159919, 31.755503], [35.15993, 31.755516], [35.159956, 31.755544], [35.160012, 31.755593], [35.160069, 31.755639], [35.160129, 31.755685], [35.16019, 31.755728], [35.160254, 31.75577], [35.160319, 31.755809], [35.160385, 31.755847], [35.160453, 31.755882], [35.16051, 31.755898], [35.160568, 31.755914], [35.160562, 31.755939], [35.160547, 31.756007], [35.160531, 31.756076], [35.160513, 31.756124], [35.160495, 31.756171], [35.160465, 31.756229], [35.160434, 31.756277], [35.160403, 31.756324], [35.160357, 31.75638], [35.160311, 31.756435], [35.160309, 31.756437], [35.160272, 31.756472], [35.160232, 31.756508], [35.160176, 31.756541], [35.160088, 31.756588], [35.159999, 31.756634], [35.159911, 31.756681], [35.159881, 31.756733], [35.159865, 31.756774], [35.159837, 31.756776], [35.159859, 31.756832], [35.159876, 31.756832], [35.160033, 31.756833], [35.160105, 31.75687], [35.160112, 31.756874], [35.160138, 31.756886], [35.160151, 31.7569], [35.160196, 31.756942], [35.160233, 31.756979], [35.160245, 31.756987], [35.160518, 31.756939], [35.160823, 31.756966], [35.160947, 31.757029], [35.161, 31.756971], [35.161069, 31.756896], [35.161254, 31.756782], [35.161431, 31.756673], [35.161668, 31.756599], [35.161923, 31.756666], [35.162263, 31.756913], [35.162635, 31.757262], [35.162821, 31.757311], [35.163045, 31.757303], [35.163435, 31.756837], [35.163611, 31.755865]]]}}, {"type": "Feature", "properties": {"subq": "121", "name_he": "גונן (קטמון) א'-ט', פת", "stat_area_ids": ["1211", "1212", "1213", "1214", "1215", "1216"], "n_stat_areas": 6, "pop_approx": 20190, "hh_total": 7099, "has_data": true, "started_2022": 239, "completed_2022": 16, "started_2023": 154, "completed_2023": 16, "started_2024": 3, "completed_2024": 54, "started_2025": 3, "completed_2025": 45, "started_total": 399, "completed_total": 131, "started_per_1000": 19.8, "has_dwellings": true, "dwellings_2023": 6994, "rented_pct_2023": 33.1, "dwellings_2024": 7030, "rented_pct_2024": 34.0, "dwellings_2025": 7027, "rented_pct_2025": 35.5, "started_pct_of_stock": 5.7}, "geometry": {"type": "Polygon", "coordinates": [[[35.202996, 31.750824], [35.202992, 31.750712], [35.202992, 31.750702], [35.202989, 31.750594], [35.202986, 31.750508], [35.202983, 31.75034], [35.202977, 31.750097], [35.202958, 31.749864], [35.202957, 31.749857], [35.202954, 31.749825], [35.20285, 31.749677], [35.202766, 31.749591], [35.202794, 31.749427], [35.202806, 31.749213], [35.202729, 31.748953], [35.202711, 31.748892], [35.202695, 31.74889], [35.202361, 31.748839], [35.202294, 31.748846], [35.202289, 31.748847], [35.202221, 31.748854], [35.202153, 31.748861], [35.201912, 31.748846], [35.201825, 31.748921], [35.201548, 31.748946], [35.20154, 31.74894], [35.201263, 31.748972], [35.201081, 31.74906], [35.200892, 31.749151], [35.200527, 31.7493], [35.200414, 31.749305], [35.200141, 31.749269], [35.200003, 31.749471], [35.199955, 31.749541], [35.199715, 31.749888], [35.199628, 31.750011], [35.199355, 31.750398], [35.199048, 31.750796], [35.198966, 31.750919], [35.198889, 31.751034], [35.198746, 31.751189], [35.198609, 31.751305], [35.198608, 31.751306], [35.19716, 31.752219], [35.195239, 31.752338], [35.195194, 31.752252], [35.194267, 31.752276], [35.193065, 31.752239], [35.19304, 31.752272], [35.192761, 31.752515], [35.192351, 31.752935], [35.192284, 31.753], [35.192431, 31.753084], [35.192374, 31.753134], [35.192226, 31.753284], [35.192173, 31.753338], [35.192021, 31.753488], [35.191869, 31.753654], [35.191757, 31.753802], [35.191749, 31.753813], [35.191703, 31.753953], [35.191683, 31.754125], [35.191715, 31.754311], [35.191736, 31.754537], [35.191803, 31.75482], [35.191839, 31.75507], [35.191888, 31.755189], [35.191897, 31.755211], [35.191638, 31.755291], [35.191411, 31.755352], [35.191164, 31.755335], [35.191221, 31.755554], [35.191237, 31.755614], [35.191749, 31.755932], [35.192255, 31.756187], [35.192742, 31.756385], [35.193354, 31.756573], [35.193896, 31.756666], [35.194032, 31.75669], [35.194328, 31.756703], [35.194511, 31.756688], [35.194622, 31.756689], [35.194729, 31.756694], [35.194961, 31.756704], [35.195236, 31.75673], [35.195283, 31.756737], [35.195521, 31.756777], [35.195685, 31.756805], [35.195774, 31.75682], [35.19615, 31.756908], [35.196494, 31.757023], [35.196711, 31.757102], [35.197025, 31.757231], [35.197353, 31.757395], [35.197423, 31.757427], [35.197477, 31.757452], [35.197565, 31.757508], [35.197808, 31.757669], [35.197891, 31.757723], [35.198215, 31.758002], [35.198235, 31.758017], [35.198303, 31.758074], [35.198547, 31.758276], [35.19898, 31.758658], [35.199192, 31.758847], [35.199455, 31.759078], [35.19969, 31.75933], [35.199848, 31.759541], [35.199953, 31.759768], [35.200027, 31.759976], [35.200087, 31.760279], [35.200099, 31.760517], [35.200075, 31.760884], [35.200061, 31.761072], [35.200177, 31.760885], [35.200298, 31.760665], [35.200299, 31.760653], [35.200638, 31.760736], [35.200786, 31.760601], [35.200908, 31.760352], [35.200974, 31.760374], [35.201204, 31.759921], [35.201208, 31.759911], [35.20121, 31.759911], [35.201543, 31.75939], [35.20197, 31.759614], [35.20204, 31.759651], [35.202118, 31.759689], [35.202123, 31.759689], [35.20215, 31.759696], [35.202191, 31.759707], [35.202659, 31.759759], [35.202659, 31.759753], [35.202854, 31.759756], [35.202901, 31.759683], [35.202943, 31.75951], [35.202933, 31.759354], [35.202891, 31.759144], [35.202804, 31.75891], [35.202673, 31.758648], [35.202563, 31.758429], [35.202473, 31.758288], [35.202549, 31.758272], [35.202844, 31.758313], [35.203058, 31.758362], [35.203119, 31.75837], [35.203148, 31.758374], [35.203443, 31.758448], [35.203595, 31.758489], [35.203693, 31.758506], [35.203756, 31.758511], [35.203808, 31.758509], [35.203855, 31.758493], [35.203883, 31.758478], [35.203889, 31.758472], [35.203902, 31.758476], [35.203975, 31.7585], [35.204083, 31.758535], [35.204408, 31.758635], [35.204747, 31.758527], [35.205076, 31.758473], [35.205177, 31.758456], [35.205283, 31.758513], [35.205465, 31.758567], [35.205478, 31.758574], [35.205605, 31.758642], [35.205713, 31.758717], [35.20575, 31.758748], [35.20584, 31.758826], [35.205945, 31.758898], [35.206038, 31.758926], [35.206125, 31.758924], [35.206252, 31.758914], [35.206275, 31.758913], [35.206292, 31.758913], [35.20635, 31.758913], [35.206452, 31.758943], [35.206503, 31.758995], [35.206639, 31.759134], [35.206895, 31.759443], [35.206983, 31.75959], [35.20703, 31.759657], [35.207902, 31.759082], [35.208056, 31.758774], [35.208057, 31.758774], [35.208076, 31.758783], [35.208081, 31.758784], [35.208122, 31.758798], [35.208234, 31.758837], [35.20825, 31.758842], [35.208399, 31.758893], [35.208647, 31.758963], [35.208698, 31.758972], [35.208959, 31.75902], [35.209022, 31.759032], [35.209365, 31.759076], [35.209457, 31.759088], [35.209468, 31.75909], [35.209559, 31.759102], [35.209644, 31.759107], [35.209703, 31.759112], [35.210013, 31.759141], [35.210044, 31.759144], [35.210176, 31.759156], [35.210406, 31.759176], [35.210497, 31.759179], [35.210585, 31.759185], [35.210793, 31.759209], [35.210925, 31.759224], [35.211157, 31.75925], [35.21131, 31.759259], [35.211493, 31.75927], [35.211772, 31.759293], [35.211807, 31.759292], [35.211933, 31.759289], [35.211986, 31.759287], [35.212047, 31.759286], [35.212094, 31.759284], [35.212111, 31.759283], [35.212206, 31.759273], [35.212222, 31.759272], [35.212662, 31.759231], [35.212964, 31.759172], [35.212975, 31.759169], [35.213254, 31.759115], [35.213476, 31.759074], [35.213779, 31.759014], [35.213811, 31.759009], [35.21382, 31.759007], [35.214097, 31.758963], [35.214256, 31.758957], [35.214382, 31.758987], [35.214423, 31.758997], [35.21445, 31.759], [35.214694, 31.759115], [35.214817, 31.759219], [35.214912, 31.759298], [35.215014, 31.759431], [35.215045, 31.759464], [35.215053, 31.759472], [35.21513, 31.759553], [35.21514, 31.759563], [35.215158, 31.759502], [35.215161, 31.759492], [35.215171, 31.759468], [35.215201, 31.759393], [35.215215, 31.759362], [35.215243, 31.759302], [35.215247, 31.75928], [35.21525, 31.759266], [35.215263, 31.759199], [35.215184, 31.759145], [35.215111, 31.759097], [35.214592, 31.758734], [35.213988, 31.758328], [35.213904, 31.758265], [35.213596, 31.758032], [35.21326, 31.757728], [35.213034, 31.757491], [35.212767, 31.75721], [35.212692, 31.757131], [35.2122, 31.756613], [35.21187, 31.756265], [35.21156, 31.75593], [35.21141, 31.755767], [35.211214, 31.755527], [35.211158, 31.755445], [35.210997, 31.755208], [35.210992, 31.7552], [35.210819, 31.754916], [35.210558, 31.754487], [35.210347, 31.754133], [35.210339, 31.754119], [35.210324, 31.754095], [35.210176, 31.753869], [35.210162, 31.753848], [35.209971, 31.753631], [35.209961, 31.75362], [35.209954, 31.753614], [35.209831, 31.753498], [35.209787, 31.753467], [35.209666, 31.753381], [35.209458, 31.753262], [35.209415, 31.753239], [35.209244, 31.753151], [35.209025, 31.753051], [35.20881, 31.752944], [35.208593, 31.752844], [35.208477, 31.752771], [35.208377, 31.7527], [35.208372, 31.752696], [35.208286, 31.752636], [35.208273, 31.752626], [35.20823, 31.752596], [35.208063, 31.752461], [35.207939, 31.752314], [35.207766, 31.752376], [35.207649, 31.752417], [35.207648, 31.752381], [35.207645, 31.752352], [35.207618, 31.752278], [35.207529, 31.75214], [35.207394, 31.751975], [35.207356, 31.751932], [35.20725, 31.751812], [35.207095, 31.751667], [35.20689, 31.751508], [35.206602, 31.751303], [35.206505, 31.751236], [35.206317, 31.751107], [35.206197, 31.75103], [35.206151, 31.751001], [35.205966, 31.750906], [35.205751, 31.750816], [35.205663, 31.750772], [35.205542, 31.750711], [35.205394, 31.750658], [35.205319, 31.75065], [35.205222, 31.750674], [35.205263, 31.75077], [35.205258, 31.750879], [35.205254, 31.750907], [35.205231, 31.751048], [35.205167, 31.751266], [35.205115, 31.75139], [35.205067, 31.751471], [35.205005, 31.751574], [35.204913, 31.751718], [35.204842, 31.75179], [35.204754, 31.751688], [35.204635, 31.751578], [35.204595, 31.751566], [35.204531, 31.751547], [35.204471, 31.751538], [35.204382, 31.751551], [35.204289, 31.751564], [35.204132, 31.751619], [35.204032, 31.751652], [35.203755, 31.751706], [35.203534, 31.751737], [35.203365, 31.751767], [35.203173, 31.751447], [35.203017, 31.75097], [35.203016, 31.750967], [35.202993, 31.750899], [35.202996, 31.750824]]]}}, {"type": "Feature", "properties": {"subq": "122", "name_he": "גבעת הורדים (רסקו), גבעת מרדכי", "stat_area_ids": ["1221", "1222", "1223"], "n_stat_areas": 3, "pop_approx": 15429, "hh_total": 5180, "has_data": true, "started_2022": 25, "completed_2022": 134, "started_2023": 32, "completed_2023": 67, "started_2024": 0, "completed_2024": 4, "started_2025": 15, "completed_2025": 64, "started_total": 72, "completed_total": 269, "started_per_1000": 4.7, "has_dwellings": true, "dwellings_2023": 3340, "rented_pct_2023": 23.6, "dwellings_2024": 3776, "rented_pct_2024": 26.1, "dwellings_2025": 3776, "rented_pct_2025": 26.1, "started_pct_of_stock": 1.9}, "geometry": {"type": "Polygon", "coordinates": [[[35.200075, 31.760884], [35.200099, 31.760517], [35.200087, 31.760279], [35.200027, 31.759976], [35.199953, 31.759768], [35.199848, 31.759541], [35.19969, 31.75933], [35.199455, 31.759078], [35.199192, 31.758847], [35.19898, 31.758658], [35.198547, 31.758276], [35.198303, 31.758074], [35.198235, 31.758017], [35.198215, 31.758002], [35.197891, 31.757723], [35.197808, 31.757669], [35.197565, 31.757508], [35.197477, 31.757452], [35.197423, 31.757427], [35.197353, 31.757395], [35.197025, 31.757231], [35.196711, 31.757102], [35.196494, 31.757023], [35.19615, 31.756908], [35.195774, 31.75682], [35.195685, 31.756805], [35.195521, 31.756777], [35.195283, 31.756737], [35.195236, 31.75673], [35.194961, 31.756704], [35.194729, 31.756694], [35.194622, 31.756689], [35.194511, 31.756688], [35.194328, 31.756703], [35.194032, 31.75669], [35.193896, 31.756666], [35.193643, 31.756671], [35.193577, 31.756672], [35.193147, 31.75671], [35.192828, 31.756725], [35.192958, 31.757065], [35.193013, 31.757208], [35.193232, 31.757852], [35.193437, 31.758438], [35.193653, 31.75904], [35.193849, 31.759612], [35.193946, 31.759993], [35.19399, 31.76033], [35.193992, 31.760845], [35.193923, 31.76131], [35.19392, 31.761331], [35.193902, 31.761454], [35.193663, 31.761979], [35.19365, 31.762015], [35.193608, 31.762134], [35.193411, 31.76265], [35.193361, 31.762773], [35.193341, 31.762829], [35.192921, 31.763701], [35.192751, 31.76454], [35.192694, 31.765356], [35.192752, 31.765829], [35.192833, 31.766102], [35.193075, 31.766589], [35.193344, 31.766869], [35.193519, 31.767052], [35.193556, 31.767091], [35.193558, 31.76709], [35.193978, 31.766976], [35.194021, 31.766964], [35.194436, 31.766854], [35.195421, 31.766614], [35.195924, 31.766472], [35.196742, 31.766267], [35.197171, 31.76612], [35.197678, 31.76591], [35.197719, 31.765901], [35.19776, 31.765892], [35.198332, 31.765789], [35.198781, 31.76572], [35.1992, 31.765683], [35.199754, 31.765664], [35.20027, 31.765696], [35.200738, 31.765758], [35.201154, 31.765864], [35.20161, 31.765974], [35.201656, 31.765989], [35.201963, 31.766089], [35.202227, 31.766242], [35.202267, 31.766269], [35.202516, 31.766438], [35.202635, 31.766572], [35.202741, 31.766693], [35.202866, 31.766833], [35.202886, 31.766856], [35.202934, 31.766907], [35.203058, 31.767057], [35.203062, 31.767064], [35.203099, 31.76713], [35.203237, 31.767109], [35.203526, 31.767086], [35.203744, 31.767075], [35.203903, 31.767072], [35.204061, 31.767072], [35.204215, 31.767069], [35.204319, 31.767064], [35.20439, 31.76706], [35.204526, 31.767047], [35.204659, 31.767018], [35.204718, 31.767137], [35.204728, 31.767159], [35.204879, 31.767482], [35.205036, 31.767816], [35.205258, 31.768185], [35.205475, 31.76844], [35.205567, 31.768529], [35.205689, 31.768649], [35.205932, 31.768807], [35.206238, 31.768968], [35.206525, 31.76908], [35.206875, 31.769192], [35.207482, 31.769352], [35.207971, 31.769491], [35.208144, 31.769536], [35.208153, 31.769538], [35.208301, 31.769576], [35.208582, 31.769624], [35.208793, 31.769651], [35.208854, 31.769654], [35.208955, 31.769656], [35.208998, 31.769655], [35.208997, 31.769601], [35.208994, 31.769565], [35.208984, 31.769513], [35.208944, 31.76941], [35.208839, 31.769246], [35.208836, 31.769242], [35.208733, 31.769136], [35.208708, 31.76911], [35.208681, 31.769088], [35.208503, 31.768946], [35.208401, 31.768888], [35.208251, 31.768804], [35.208213, 31.768784], [35.20815, 31.76875], [35.208141, 31.768746], [35.207959, 31.768673], [35.207736, 31.768623], [35.207494, 31.768553], [35.207282, 31.768488], [35.207133, 31.768413], [35.207187, 31.76838], [35.207221, 31.768372], [35.207292, 31.768361], [35.207511, 31.768364], [35.207724, 31.768366], [35.207923, 31.768363], [35.208107, 31.768357], [35.208154, 31.768353], [35.208259, 31.768345], [35.208384, 31.768336], [35.208508, 31.768319], [35.208663, 31.768302], [35.208851, 31.768266], [35.209001, 31.768232], [35.209111, 31.76821], [35.209152, 31.768205], [35.209221, 31.768201], [35.209342, 31.76821], [35.209499, 31.768243], [35.209675, 31.768305], [35.209677, 31.768306], [35.209782, 31.768343], [35.209902, 31.768385], [35.210034, 31.768454], [35.210177, 31.768543], [35.210202, 31.768558], [35.210345, 31.768668], [35.210392, 31.768703], [35.210519, 31.768839], [35.210555, 31.768877], [35.210667, 31.769006], [35.210725, 31.769074], [35.210812, 31.769154], [35.210949, 31.76928], [35.210966, 31.769298], [35.211075, 31.769236], [35.211232, 31.769153], [35.211247, 31.769144], [35.21126, 31.769136], [35.21138, 31.769063], [35.211505, 31.768976], [35.21142, 31.768911], [35.21129, 31.768743], [35.211166, 31.768589], [35.211106, 31.768486], [35.21106, 31.768373], [35.211032, 31.768257], [35.211028, 31.768152], [35.211063, 31.767999], [35.211069, 31.767972], [35.211099, 31.767893], [35.211134, 31.767779], [35.211142, 31.767746], [35.211191, 31.767547], [35.211211, 31.767429], [35.21121, 31.76738], [35.210989, 31.767341], [35.21044, 31.767176], [35.210423, 31.767171], [35.210387, 31.76716], [35.210177, 31.767098], [35.210097, 31.767073], [35.209936, 31.767025], [35.209821, 31.766969], [35.209626, 31.766873], [35.209402, 31.766719], [35.209207, 31.766553], [35.209088, 31.766426], [35.209046, 31.766381], [35.208989, 31.766301], [35.208864, 31.766124], [35.208695, 31.765834], [35.20869, 31.765824], [35.208557, 31.765584], [35.20852, 31.765523], [35.208405, 31.765333], [35.208368, 31.765272], [35.208257, 31.76509], [35.208252, 31.765081], [35.208243, 31.765067], [35.208182, 31.764996], [35.208063, 31.764859], [35.208026, 31.76482], [35.207913, 31.764703], [35.207687, 31.764537], [35.207497, 31.76443], [35.20745, 31.764404], [35.207265, 31.764298], [35.207179, 31.764254], [35.207105, 31.764222], [35.206983, 31.764179], [35.206945, 31.764169], [35.206903, 31.764158], [35.206877, 31.76415], [35.206906, 31.764117], [35.206931, 31.764048], [35.206939, 31.763963], [35.206916, 31.763858], [35.206901, 31.763809], [35.206898, 31.763801], [35.20688, 31.763744], [35.206848, 31.76366], [35.206779, 31.763554], [35.206743, 31.763502], [35.206672, 31.763403], [35.206516, 31.763183], [35.206485, 31.763141], [35.206316, 31.762929], [35.206275, 31.762879], [35.20624, 31.762836], [35.206187, 31.762774], [35.206046, 31.76265], [35.20593, 31.762558], [35.20582, 31.762502], [35.205801, 31.762495], [35.205846, 31.762457], [35.205878, 31.762441], [35.205932, 31.762434], [35.206055, 31.762449], [35.206124, 31.762449], [35.206197, 31.762423], [35.206441, 31.762232], [35.206546, 31.762123], [35.206624, 31.762038], [35.206669, 31.761993], [35.206731, 31.761964], [35.206765, 31.761922], [35.206777, 31.761848], [35.206768, 31.761819], [35.206762, 31.761803], [35.206739, 31.761745], [35.206701, 31.761676], [35.206674, 31.761607], [35.206653, 31.761535], [35.206679, 31.76153], [35.206718, 31.761506], [35.206794, 31.761396], [35.206818, 31.76131], [35.206818, 31.76127], [35.206921, 31.761293], [35.206985, 31.761272], [35.207184, 31.761171], [35.20737, 31.761073], [35.207454, 31.761029], [35.207511, 31.760997], [35.207314, 31.760788], [35.207311, 31.760785], [35.207192, 31.760658], [35.206952, 31.760389], [35.206856, 31.760272], [35.206825, 31.760215], [35.206804, 31.760165], [35.20679, 31.76012], [35.206795, 31.760086], [35.206803, 31.760033], [35.206846, 31.759961], [35.206988, 31.759844], [35.207084, 31.759735], [35.207083, 31.759734], [35.20703, 31.759657], [35.206983, 31.75959], [35.206895, 31.759443], [35.206639, 31.759134], [35.206503, 31.758995], [35.206452, 31.758943], [35.20635, 31.758913], [35.206292, 31.758913], [35.206275, 31.758913], [35.206252, 31.758914], [35.206125, 31.758924], [35.206038, 31.758926], [35.205945, 31.758898], [35.20584, 31.758826], [35.20575, 31.758748], [35.205713, 31.758717], [35.205605, 31.758642], [35.205478, 31.758574], [35.205465, 31.758567], [35.205283, 31.758513], [35.205177, 31.758456], [35.205076, 31.758473], [35.204747, 31.758527], [35.204408, 31.758635], [35.204083, 31.758535], [35.203975, 31.7585], [35.203902, 31.758476], [35.203889, 31.758472], [35.203883, 31.758478], [35.203855, 31.758493], [35.203808, 31.758509], [35.203756, 31.758511], [35.203693, 31.758506], [35.203595, 31.758489], [35.203443, 31.758448], [35.203148, 31.758374], [35.203119, 31.75837], [35.203058, 31.758362], [35.202844, 31.758313], [35.202549, 31.758272], [35.202473, 31.758288], [35.202563, 31.758429], [35.202673, 31.758648], [35.202804, 31.75891], [35.202891, 31.759144], [35.202933, 31.759354], [35.202943, 31.75951], [35.202901, 31.759683], [35.202854, 31.759756], [35.202659, 31.759753], [35.202659, 31.759759], [35.202191, 31.759707], [35.20215, 31.759696], [35.202123, 31.759689], [35.202118, 31.759689], [35.20204, 31.759651], [35.20197, 31.759614], [35.201543, 31.75939], [35.20121, 31.759911], [35.201208, 31.759911], [35.201204, 31.759921], [35.200974, 31.760374], [35.200908, 31.760352], [35.200786, 31.760601], [35.200638, 31.760736], [35.200299, 31.760653], [35.200298, 31.760665], [35.200177, 31.760885], [35.200061, 31.761072], [35.200075, 31.760884]]]}}, {"type": "Feature", "properties": {"subq": "131", "name_he": "המושבה הגרמנית, גונן (קטמון הישנה)", "stat_area_ids": ["1311", "1312", "1313", "1314", "1315"], "n_stat_areas": 5, "pop_approx": 14290, "hh_total": 5620, "has_data": true, "started_2022": 44, "completed_2022": 75, "started_2023": 21, "completed_2023": 17, "started_2024": 81, "completed_2024": 99, "started_2025": 95, "completed_2025": 26, "started_total": 241, "completed_total": 217, "started_per_1000": 16.9, "has_dwellings": true, "dwellings_2023": 6570, "rented_pct_2023": 32.4, "dwellings_2024": 6664, "rented_pct_2024": 33.2, "dwellings_2025": 6655, "rented_pct_2025": 34.1, "started_pct_of_stock": 3.6}, "geometry": {"type": "Polygon", "coordinates": [[[35.215053, 31.759472], [35.215045, 31.759464], [35.215014, 31.759431], [35.214912, 31.759298], [35.214817, 31.759219], [35.214694, 31.759115], [35.21445, 31.759], [35.214423, 31.758997], [35.214382, 31.758987], [35.214256, 31.758957], [35.214097, 31.758963], [35.21382, 31.759007], [35.213811, 31.759009], [35.213779, 31.759014], [35.213476, 31.759074], [35.213254, 31.759115], [35.212975, 31.759169], [35.212964, 31.759172], [35.212662, 31.759231], [35.212222, 31.759272], [35.212206, 31.759273], [35.212111, 31.759283], [35.212094, 31.759284], [35.212047, 31.759286], [35.211986, 31.759287], [35.211933, 31.759289], [35.211807, 31.759292], [35.211772, 31.759293], [35.211493, 31.75927], [35.21131, 31.759259], [35.211157, 31.75925], [35.210925, 31.759224], [35.210793, 31.759209], [35.210585, 31.759185], [35.210497, 31.759179], [35.210406, 31.759176], [35.210176, 31.759156], [35.210044, 31.759144], [35.210013, 31.759141], [35.209703, 31.759112], [35.209644, 31.759107], [35.209559, 31.759102], [35.209468, 31.75909], [35.209457, 31.759088], [35.209365, 31.759076], [35.209022, 31.759032], [35.208959, 31.75902], [35.208698, 31.758972], [35.208647, 31.758963], [35.208399, 31.758893], [35.20825, 31.758842], [35.208234, 31.758837], [35.208122, 31.758798], [35.208081, 31.758784], [35.208076, 31.758783], [35.208057, 31.758774], [35.208056, 31.758774], [35.207902, 31.759082], [35.20703, 31.759657], [35.207083, 31.759734], [35.207084, 31.759735], [35.206988, 31.759844], [35.206846, 31.759961], [35.206803, 31.760033], [35.206795, 31.760086], [35.20679, 31.76012], [35.206804, 31.760165], [35.206825, 31.760215], [35.206856, 31.760272], [35.206952, 31.760389], [35.207192, 31.760658], [35.207311, 31.760785], [35.207314, 31.760788], [35.207511, 31.760997], [35.207454, 31.761029], [35.20737, 31.761073], [35.207184, 31.761171], [35.206985, 31.761272], [35.206921, 31.761293], [35.206818, 31.76127], [35.206818, 31.76131], [35.206794, 31.761396], [35.206718, 31.761506], [35.206679, 31.76153], [35.206653, 31.761535], [35.206674, 31.761607], [35.206701, 31.761676], [35.206739, 31.761745], [35.206762, 31.761803], [35.206768, 31.761819], [35.206777, 31.761848], [35.206765, 31.761922], [35.206731, 31.761964], [35.206669, 31.761993], [35.206624, 31.762038], [35.206546, 31.762123], [35.206441, 31.762232], [35.206197, 31.762423], [35.206124, 31.762449], [35.206055, 31.762449], [35.205932, 31.762434], [35.205878, 31.762441], [35.205846, 31.762457], [35.205801, 31.762495], [35.20582, 31.762502], [35.20593, 31.762558], [35.206046, 31.76265], [35.206187, 31.762774], [35.20624, 31.762836], [35.206275, 31.762879], [35.206316, 31.762929], [35.206485, 31.763141], [35.206516, 31.763183], [35.206672, 31.763403], [35.206743, 31.763502], [35.206779, 31.763554], [35.206848, 31.76366], [35.20688, 31.763744], [35.206898, 31.763801], [35.206901, 31.763809], [35.206916, 31.763858], [35.206939, 31.763963], [35.206931, 31.764048], [35.206906, 31.764117], [35.206877, 31.76415], [35.206903, 31.764158], [35.206945, 31.764169], [35.206983, 31.764179], [35.207105, 31.764222], [35.207179, 31.764254], [35.207265, 31.764298], [35.20745, 31.764404], [35.207497, 31.76443], [35.207687, 31.764537], [35.207913, 31.764703], [35.208026, 31.76482], [35.208063, 31.764859], [35.208182, 31.764996], [35.208243, 31.765067], [35.208252, 31.765081], [35.208257, 31.76509], [35.208368, 31.765272], [35.208405, 31.765333], [35.20852, 31.765523], [35.208557, 31.765584], [35.20869, 31.765824], [35.208695, 31.765834], [35.208864, 31.766124], [35.208989, 31.766301], [35.209046, 31.766381], [35.209088, 31.766426], [35.209207, 31.766553], [35.209402, 31.766719], [35.209626, 31.766873], [35.209821, 31.766969], [35.209936, 31.767025], [35.210097, 31.767073], [35.210177, 31.767098], [35.210387, 31.76716], [35.210423, 31.767171], [35.21044, 31.767176], [35.210989, 31.767341], [35.21121, 31.76738], [35.211273, 31.767392], [35.211579, 31.76747], [35.211592, 31.767473], [35.211713, 31.767506], [35.212084, 31.767623], [35.212194, 31.767688], [35.212545, 31.767893], [35.212569, 31.767909], [35.212833, 31.76809], [35.21297, 31.768183], [35.213029, 31.768219], [35.213314, 31.768395], [35.21353, 31.768558], [35.213635, 31.768646], [35.21365, 31.76865], [35.213653, 31.768651], [35.213693, 31.768669], [35.213726, 31.768682], [35.213742, 31.768688], [35.213896, 31.768721], [35.214022, 31.768741], [35.214154, 31.768735], [35.214393, 31.76871], [35.2144, 31.768709], [35.214679, 31.768672], [35.214935, 31.768623], [35.215131, 31.768573], [35.215288, 31.768532], [35.215432, 31.768495], [35.215724, 31.768417], [35.215788, 31.768397], [35.215825, 31.768385], [35.215901, 31.768361], [35.216057, 31.768324], [35.216342, 31.768247], [35.216409, 31.768243], [35.216473, 31.76826], [35.21651, 31.768286], [35.216523, 31.7683], [35.216587, 31.768265], [35.216637, 31.768233], [35.216677, 31.768208], [35.216897, 31.768139], [35.217234, 31.768066], [35.217547, 31.768016], [35.217609, 31.768006], [35.217903, 31.767945], [35.218074, 31.767923], [35.218341, 31.767916], [35.218688, 31.767946], [35.218811, 31.767954], [35.219093, 31.767973], [35.219427, 31.767988], [35.219756, 31.768014], [35.219955, 31.768026], [35.220153, 31.768039], [35.220131, 31.768107], [35.220282, 31.768124], [35.220371, 31.768128], [35.220387, 31.768129], [35.220463, 31.768135], [35.220566, 31.768153], [35.220633, 31.768159], [35.220691, 31.768163], [35.220788, 31.768167], [35.220885, 31.768153], [35.221038, 31.768163], [35.221232, 31.768176], [35.221288, 31.76818], [35.221356, 31.768178], [35.221407, 31.768181], [35.221448, 31.76818], [35.221588, 31.768188], [35.221753, 31.768199], [35.221934, 31.768207], [35.222075, 31.768217], [35.222218, 31.768223], [35.222307, 31.76823], [35.222391, 31.768238], [35.222444, 31.768243], [35.222579, 31.768256], [35.222863, 31.768282], [35.222891, 31.768295], [35.222906, 31.768303], [35.22292, 31.768317], [35.222931, 31.768356], [35.223248, 31.76839], [35.223425, 31.768409], [35.223528, 31.76843], [35.223562, 31.768436], [35.223696, 31.768454], [35.223769, 31.768449], [35.223819, 31.768435], [35.223878, 31.768417], [35.223838, 31.768271], [35.223814, 31.76818], [35.223726, 31.767952], [35.223704, 31.767854], [35.223634, 31.767713], [35.223612, 31.767683], [35.223637, 31.767615], [35.223685, 31.767515], [35.223762, 31.767261], [35.223775, 31.767159], [35.223843, 31.76672], [35.22388, 31.766384], [35.223886, 31.766239], [35.223893, 31.766071], [35.223897, 31.765636], [35.223879, 31.76511], [35.223865, 31.764979], [35.223836, 31.76472], [35.223802, 31.764573], [35.223753, 31.764365], [35.223649, 31.764034], [35.223626, 31.76396], [35.223463, 31.763579], [35.223278, 31.763261], [35.223255, 31.763222], [35.223238, 31.763175], [35.223223, 31.763108], [35.223213, 31.763061], [35.22302, 31.763024], [35.222838, 31.763], [35.222712, 31.762983], [35.222327, 31.762939], [35.222084, 31.762912], [35.221534, 31.762851], [35.221509, 31.762848], [35.221478, 31.762843], [35.221168, 31.762799], [35.221059, 31.762783], [35.220763, 31.762714], [35.220471, 31.762623], [35.220306, 31.762558], [35.220056, 31.762428], [35.219679, 31.762194], [35.219313, 31.761947], [35.218936, 31.761685], [35.218927, 31.761679], [35.218533, 31.761413], [35.218267, 31.761234], [35.218024, 31.76107], [35.218011, 31.761061], [35.217616, 31.760788], [35.216841, 31.760263], [35.216674, 31.760149], [35.216552, 31.760067], [35.21541, 31.759291], [35.215263, 31.759199], [35.21525, 31.759266], [35.215247, 31.75928], [35.215243, 31.759302], [35.215215, 31.759362], [35.215201, 31.759393], [35.215171, 31.759468], [35.215161, 31.759492], [35.215158, 31.759502], [35.21514, 31.759563], [35.21513, 31.759553], [35.215053, 31.759472]]]}}, {"type": "Feature", "properties": {"subq": "132", "name_he": "קוממיות (טלביה)", "stat_area_ids": ["1321", "1322"], "n_stat_areas": 2, "pop_approx": 4010, "hh_total": 1890, "has_data": true, "started_2022": 2, "completed_2022": 0, "started_2023": 0, "completed_2023": 31, "started_2024": 28, "completed_2024": 2, "started_2025": 0, "completed_2025": 0, "started_total": 30, "completed_total": 33, "started_per_1000": 7.5, "has_dwellings": true, "dwellings_2023": 2464, "rented_pct_2023": 36.8, "dwellings_2024": 2473, "rented_pct_2024": 36.4, "dwellings_2025": 2510, "rented_pct_2025": 37.9, "started_pct_of_stock": 1.2}, "geometry": {"type": "Polygon", "coordinates": [[[35.222937, 31.771522], [35.222983, 31.771401], [35.223062, 31.771231], [35.223204, 31.771002], [35.223431, 31.770642], [35.223748, 31.770166], [35.223885, 31.76995], [35.224002, 31.769765], [35.224032, 31.76972], [35.224111, 31.769608], [35.224134, 31.769575], [35.224161, 31.769479], [35.224159, 31.769469], [35.224151, 31.769441], [35.224149, 31.76942], [35.224145, 31.76939], [35.224135, 31.769342], [35.224134, 31.769313], [35.224118, 31.769251], [35.224083, 31.769112], [35.224061, 31.769036], [35.224034, 31.768944], [35.223957, 31.768701], [35.223901, 31.768502], [35.223878, 31.768417], [35.223819, 31.768435], [35.223769, 31.768449], [35.223696, 31.768454], [35.223562, 31.768436], [35.223528, 31.76843], [35.223425, 31.768409], [35.223248, 31.76839], [35.222931, 31.768356], [35.22292, 31.768317], [35.222906, 31.768303], [35.222891, 31.768295], [35.222863, 31.768282], [35.222579, 31.768256], [35.222444, 31.768243], [35.222391, 31.768238], [35.222307, 31.76823], [35.222218, 31.768223], [35.222075, 31.768217], [35.221934, 31.768207], [35.221753, 31.768199], [35.221588, 31.768188], [35.221448, 31.76818], [35.221407, 31.768181], [35.221356, 31.768178], [35.221288, 31.76818], [35.221232, 31.768176], [35.221038, 31.768163], [35.220885, 31.768153], [35.220788, 31.768167], [35.220691, 31.768163], [35.220633, 31.768159], [35.220566, 31.768153], [35.220463, 31.768135], [35.220387, 31.768129], [35.220371, 31.768128], [35.220282, 31.768124], [35.220131, 31.768107], [35.220153, 31.768039], [35.219955, 31.768026], [35.219756, 31.768014], [35.219427, 31.767988], [35.219093, 31.767973], [35.218811, 31.767954], [35.218688, 31.767946], [35.218341, 31.767916], [35.218074, 31.767923], [35.217903, 31.767945], [35.217609, 31.768006], [35.217547, 31.768016], [35.217234, 31.768066], [35.216897, 31.768139], [35.216677, 31.768208], [35.216637, 31.768233], [35.216587, 31.768265], [35.216523, 31.7683], [35.21651, 31.768286], [35.216473, 31.76826], [35.216409, 31.768243], [35.216342, 31.768247], [35.216057, 31.768324], [35.215901, 31.768361], [35.215825, 31.768385], [35.215788, 31.768397], [35.215724, 31.768417], [35.215432, 31.768495], [35.215288, 31.768532], [35.215131, 31.768573], [35.214935, 31.768623], [35.214679, 31.768672], [35.2144, 31.768709], [35.214393, 31.76871], [35.214154, 31.768735], [35.214022, 31.768741], [35.213896, 31.768721], [35.213742, 31.768688], [35.213726, 31.768682], [35.213693, 31.768669], [35.213653, 31.768651], [35.21365, 31.76865], [35.213635, 31.768646], [35.213593, 31.768701], [35.213494, 31.768801], [35.213232, 31.769024], [35.213225, 31.769032], [35.213173, 31.769087], [35.213071, 31.769195], [35.213044, 31.769259], [35.213044, 31.769279], [35.213044, 31.769296], [35.213052, 31.769345], [35.21306, 31.769356], [35.213122, 31.76943], [35.213159, 31.769466], [35.213305, 31.769594], [35.21339, 31.769687], [35.21364, 31.769923], [35.213727, 31.770012], [35.21383, 31.770117], [35.213939, 31.770229], [35.214033, 31.770298], [35.214116, 31.770359], [35.214366, 31.770462], [35.214594, 31.770566], [35.21491, 31.770681], [35.215272, 31.770786], [35.215313, 31.7708], [35.215544, 31.770878], [35.215715, 31.770936], [35.215781, 31.770959], [35.215925, 31.771008], [35.216128, 31.771052], [35.216156, 31.771058], [35.216207, 31.771067], [35.216298, 31.771073], [35.216413, 31.771076], [35.216508, 31.771068], [35.216571, 31.771063], [35.216581, 31.771061], [35.216593, 31.77106], [35.216863, 31.771059], [35.216947, 31.771058], [35.216951, 31.771144], [35.216958, 31.771167], [35.216961, 31.771288], [35.216967, 31.771424], [35.216967, 31.77143], [35.216983, 31.77169], [35.217011, 31.772028], [35.217035, 31.77231], [35.217062, 31.772896], [35.217062, 31.772904], [35.217066, 31.773221], [35.217078, 31.773329], [35.2171, 31.773526], [35.217106, 31.773688], [35.217111, 31.773803], [35.217128, 31.774039], [35.217142, 31.774133], [35.217147, 31.774166], [35.217448, 31.774568], [35.217543, 31.774674], [35.217648, 31.774791], [35.217684, 31.774832], [35.21784, 31.775059], [35.21772, 31.775225], [35.217803, 31.775272], [35.217825, 31.775288], [35.217833, 31.775294], [35.217911, 31.775363], [35.218119, 31.775541], [35.218297, 31.775691], [35.218404, 31.775769], [35.218567, 31.775862], [35.218586, 31.775872], [35.218696, 31.775938], [35.218763, 31.775978], [35.218831, 31.776019], [35.218857, 31.776035], [35.21932, 31.776325], [35.219534, 31.776446], [35.219726, 31.776556], [35.219798, 31.776598], [35.219904, 31.776666], [35.220079, 31.77678], [35.22025, 31.776874], [35.220333, 31.776921], [35.220601, 31.77705], [35.220638, 31.77707], [35.220661, 31.777084], [35.22102, 31.777301], [35.221025, 31.777304], [35.221041, 31.777312], [35.221387, 31.777494], [35.221663, 31.77764], [35.221855, 31.77772], [35.221944, 31.77774], [35.222067, 31.777757], [35.222093, 31.777757], [35.222105, 31.777757], [35.222176, 31.77776], [35.222236, 31.777762], [35.222306, 31.777762], [35.222386, 31.777762], [35.222514, 31.777759], [35.22271, 31.777751], [35.222783, 31.777735], [35.222758, 31.777649], [35.222572, 31.777269], [35.222502, 31.777123], [35.222493, 31.777103], [35.222399, 31.776874], [35.223521, 31.776556], [35.223876, 31.776241], [35.223893, 31.776226], [35.224155, 31.776007], [35.22445, 31.775764], [35.224463, 31.775757], [35.224616, 31.775667], [35.224697, 31.775591], [35.224741, 31.775555], [35.224759, 31.775524], [35.22477, 31.775506], [35.224783, 31.775473], [35.224787, 31.775424], [35.224778, 31.775318], [35.224755, 31.775229], [35.224748, 31.77516], [35.224745, 31.775112], [35.224749, 31.775076], [35.224761, 31.77504], [35.224777, 31.775016], [35.224795, 31.774997], [35.224829, 31.774986], [35.224832, 31.774986], [35.224838, 31.774984], [35.224837, 31.774975], [35.224829, 31.774896], [35.224809, 31.774868], [35.224796, 31.774835], [35.22479, 31.774815], [35.224784, 31.774776], [35.224781, 31.774738], [35.224779, 31.774703], [35.224772, 31.77469], [35.224708, 31.774648], [35.224591, 31.774544], [35.224586, 31.774541], [35.224523, 31.774485], [35.224463, 31.774446], [35.22436, 31.774398], [35.224267, 31.774342], [35.224171, 31.774292], [35.224082, 31.774225], [35.224034, 31.774153], [35.223987, 31.774064], [35.223955, 31.773982], [35.223932, 31.773796], [35.22389, 31.773622], [35.223882, 31.773567], [35.223868, 31.77347], [35.223837, 31.773355], [35.223831, 31.773259], [35.223839, 31.77324], [35.223852, 31.773219], [35.223865, 31.773188], [35.223895, 31.773127], [35.223926, 31.773069], [35.223927, 31.77302], [35.22392, 31.772916], [35.223891, 31.77279], [35.223881, 31.772769], [35.223951, 31.772755], [35.224162, 31.772736], [35.224134, 31.772626], [35.223918, 31.771771], [35.223933, 31.771677], [35.223934, 31.771668], [35.223923, 31.771624], [35.223872, 31.77153], [35.223863, 31.771535], [35.223796, 31.771552], [35.223675, 31.771565], [35.223595, 31.771569], [35.223524, 31.771574], [35.223504, 31.771575], [35.223293, 31.771588], [35.223106, 31.771601], [35.222953, 31.771606], [35.222829, 31.771595], [35.222937, 31.771522]]]}}, {"type": "Feature", "properties": {"subq": "133", "name_he": "הר ציון, גבעת חנניה, גאולים (בקעה)", "stat_area_ids": ["1331", "1332", "1333", "1334", "1335", "1336", "1337"], "n_stat_areas": 7, "pop_approx": 16398, "hh_total": 5660, "has_data": true, "started_2022": 73, "completed_2022": 55, "started_2023": 41, "completed_2023": 52, "started_2024": 29, "completed_2024": 13, "started_2025": 249, "completed_2025": 58, "started_total": 392, "completed_total": 178, "started_per_1000": 23.9, "has_dwellings": true, "dwellings_2023": 5714, "rented_pct_2023": 31.7, "dwellings_2024": 5711, "rented_pct_2024": 32.4, "dwellings_2025": 5704, "rented_pct_2025": 33.1, "started_pct_of_stock": 6.9}, "geometry": {"type": "Polygon", "coordinates": [[[35.22026, 31.753948], [35.220136, 31.753993], [35.220016, 31.754037], [35.219807, 31.754099], [35.219791, 31.754104], [35.219748, 31.754117], [35.219723, 31.754125], [35.219692, 31.754134], [35.219672, 31.754141], [35.219614, 31.754158], [35.219497, 31.754192], [35.219368, 31.754232], [35.219335, 31.754243], [35.21922, 31.754278], [35.219068, 31.754326], [35.218969, 31.754362], [35.218678, 31.75447], [35.218559, 31.754519], [35.218462, 31.754558], [35.218428, 31.754572], [35.218355, 31.754598], [35.218149, 31.754669], [35.217897, 31.754754], [35.217765, 31.754797], [35.217658, 31.754831], [35.217524, 31.75486], [35.217511, 31.754863], [35.217452, 31.754876], [35.217263, 31.754927], [35.216927, 31.754981], [35.216884, 31.754986], [35.216549, 31.755029], [35.216512, 31.755031], [35.216465, 31.755035], [35.216309, 31.755047], [35.216177, 31.755057], [35.216045, 31.75506], [35.21597, 31.755061], [35.215945, 31.755061], [35.215802, 31.755064], [35.215233, 31.755085], [35.214826, 31.755129], [35.214807, 31.755131], [35.214634, 31.755154], [35.21455, 31.755163], [35.214478, 31.75517], [35.214481, 31.755187], [35.214486, 31.755236], [35.214491, 31.755264], [35.214514, 31.755416], [35.214534, 31.755525], [35.214558, 31.755657], [35.214583, 31.755835], [35.214583, 31.755837], [35.214604, 31.755986], [35.214639, 31.75622], [35.214643, 31.75625], [35.214645, 31.75626], [35.214651, 31.756293], [35.214678, 31.756434], [35.214681, 31.756447], [35.214694, 31.756509], [35.214719, 31.756623], [35.214731, 31.756678], [35.214756, 31.756782], [35.2148, 31.756959], [35.214826, 31.757077], [35.214859, 31.757225], [35.214918, 31.757474], [35.214918, 31.757481], [35.214941, 31.757573], [35.21497, 31.757693], [35.215032, 31.757914], [35.215041, 31.757961], [35.21505, 31.758004], [35.214966, 31.758001], [35.21484, 31.758014], [35.214782, 31.758024], [35.214739, 31.758025], [35.214702, 31.758025], [35.214671, 31.758021], [35.214638, 31.758016], [35.214613, 31.758004], [35.214556, 31.758043], [35.214396, 31.75808], [35.214209, 31.758128], [35.214102, 31.758195], [35.214065, 31.758243], [35.214034, 31.758276], [35.213988, 31.758328], [35.214592, 31.758734], [35.215111, 31.759097], [35.215184, 31.759145], [35.215263, 31.759199], [35.21541, 31.759291], [35.216552, 31.760067], [35.216674, 31.760149], [35.216841, 31.760263], [35.217616, 31.760788], [35.218011, 31.761061], [35.218024, 31.76107], [35.218267, 31.761234], [35.218533, 31.761413], [35.218927, 31.761679], [35.218936, 31.761685], [35.219313, 31.761947], [35.219679, 31.762194], [35.220056, 31.762428], [35.220306, 31.762558], [35.220471, 31.762623], [35.220763, 31.762714], [35.221059, 31.762783], [35.221168, 31.762799], [35.221478, 31.762843], [35.221509, 31.762848], [35.221534, 31.762851], [35.222084, 31.762912], [35.222327, 31.762939], [35.222712, 31.762983], [35.222838, 31.763], [35.22302, 31.763024], [35.223213, 31.763061], [35.223223, 31.763108], [35.223238, 31.763175], [35.223255, 31.763222], [35.223278, 31.763261], [35.223463, 31.763579], [35.223626, 31.76396], [35.223649, 31.764034], [35.223753, 31.764365], [35.223802, 31.764573], [35.223836, 31.76472], [35.223865, 31.764979], [35.223879, 31.76511], [35.223897, 31.765636], [35.223893, 31.766071], [35.223886, 31.766239], [35.22388, 31.766384], [35.223843, 31.76672], [35.223775, 31.767159], [35.223762, 31.767261], [35.223685, 31.767515], [35.223637, 31.767615], [35.223612, 31.767683], [35.223634, 31.767713], [35.223704, 31.767854], [35.223726, 31.767952], [35.223814, 31.76818], [35.223838, 31.768271], [35.223878, 31.768417], [35.223901, 31.768502], [35.223957, 31.768701], [35.224034, 31.768944], [35.224061, 31.769036], [35.224083, 31.769112], [35.224118, 31.769251], [35.224134, 31.769313], [35.224135, 31.769342], [35.224145, 31.76939], [35.224149, 31.76942], [35.224151, 31.769441], [35.224159, 31.769469], [35.224161, 31.769479], [35.224134, 31.769575], [35.224111, 31.769608], [35.224032, 31.76972], [35.224002, 31.769765], [35.223885, 31.76995], [35.223748, 31.770166], [35.223431, 31.770642], [35.223204, 31.771002], [35.223062, 31.771231], [35.222983, 31.771401], [35.222937, 31.771522], [35.222829, 31.771595], [35.222953, 31.771606], [35.223106, 31.771601], [35.223293, 31.771588], [35.223504, 31.771575], [35.223524, 31.771574], [35.223595, 31.771569], [35.223675, 31.771565], [35.223796, 31.771552], [35.223863, 31.771535], [35.223872, 31.77153], [35.223923, 31.771624], [35.223934, 31.771668], [35.223933, 31.771677], [35.223918, 31.771771], [35.224134, 31.772626], [35.224162, 31.772736], [35.223951, 31.772755], [35.223881, 31.772769], [35.223891, 31.77279], [35.22392, 31.772916], [35.223927, 31.77302], [35.223926, 31.773069], [35.223895, 31.773127], [35.223865, 31.773188], [35.223852, 31.773219], [35.223839, 31.77324], [35.223831, 31.773259], [35.223837, 31.773355], [35.223868, 31.77347], [35.223882, 31.773567], [35.22389, 31.773622], [35.223932, 31.773796], [35.223955, 31.773982], [35.223987, 31.774064], [35.224034, 31.774153], [35.224082, 31.774225], [35.224171, 31.774292], [35.224267, 31.774342], [35.22436, 31.774398], [35.224463, 31.774446], [35.224523, 31.774485], [35.224586, 31.774541], [35.224591, 31.774544], [35.224708, 31.774648], [35.224772, 31.77469], [35.224779, 31.774703], [35.224781, 31.774738], [35.224784, 31.774776], [35.22479, 31.774815], [35.224796, 31.774835], [35.224809, 31.774868], [35.224829, 31.774896], [35.224837, 31.774975], [35.224838, 31.774984], [35.22485, 31.774984], [35.224899, 31.77498], [35.224922, 31.774981], [35.224946, 31.774988], [35.224957, 31.774998], [35.224989, 31.775], [35.225032, 31.775061], [35.225093, 31.775136], [35.225183, 31.775218], [35.225301, 31.775326], [35.225407, 31.775377], [35.225531, 31.775414], [35.225634, 31.775415], [35.225698, 31.775403], [35.225772, 31.775353], [35.225816, 31.775239], [35.225843, 31.775172], [35.225891, 31.775093], [35.225897, 31.775082], [35.225897, 31.775024], [35.225974, 31.774895], [35.226022, 31.774751], [35.226041, 31.774686], [35.226191, 31.774681], [35.226231, 31.774804], [35.226245, 31.774835], [35.226295, 31.774831], [35.226728, 31.774785], [35.227212, 31.774731], [35.227184, 31.774823], [35.22718, 31.774904], [35.227176, 31.774984], [35.227472, 31.774973], [35.227475, 31.774932], [35.227478, 31.774856], [35.22747, 31.77474], [35.227453, 31.774613], [35.22744, 31.774512], [35.227417, 31.774431], [35.227399, 31.774316], [35.227389, 31.774177], [35.227366, 31.774118], [35.227361, 31.774025], [35.227355, 31.773917], [35.227359, 31.773828], [35.227367, 31.773755], [35.227374, 31.773656], [35.227392, 31.773574], [35.227426, 31.77347], [35.227448, 31.773369], [35.227464, 31.773292], [35.227481, 31.773221], [35.227482, 31.773154], [35.227479, 31.773069], [35.22748, 31.772997], [35.22748, 31.772941], [35.227478, 31.772885], [35.227479, 31.772844], [35.227503, 31.772847], [35.22759, 31.772858], [35.227656, 31.772875], [35.227722, 31.772889], [35.227833, 31.772898], [35.228192, 31.7729], [35.228439, 31.772897], [35.228662, 31.772891], [35.228922, 31.77289], [35.229171, 31.772892], [35.229258, 31.772891], [35.229456, 31.772886], [35.229573, 31.772866], [35.229659, 31.772823], [35.229704, 31.772775], [35.229727, 31.772778], [35.229784, 31.772786], [35.22995, 31.772812], [35.230011, 31.772814], [35.230112, 31.772813], [35.230222, 31.772786], [35.23036, 31.772762], [35.230469, 31.772727], [35.230513, 31.772697], [35.230524, 31.772643], [35.230527, 31.772538], [35.230536, 31.772406], [35.230549, 31.772322], [35.230558, 31.772163], [35.230564, 31.772021], [35.230585, 31.77192], [35.230629, 31.771888], [35.230608, 31.771815], [35.230482, 31.771468], [35.23042, 31.771339], [35.230322, 31.771136], [35.230246, 31.771071], [35.230099, 31.770945], [35.230132, 31.770897], [35.230088, 31.77085], [35.230024, 31.77082], [35.229967, 31.770786], [35.229929, 31.770736], [35.229937, 31.770712], [35.22995, 31.770674], [35.229967, 31.770621], [35.229974, 31.770538], [35.229975, 31.77053], [35.229957, 31.770427], [35.229924, 31.770351], [35.229938, 31.7703], [35.22994, 31.770225], [35.229909, 31.770134], [35.229877, 31.769989], [35.229847, 31.769846], [35.22979, 31.769751], [35.229706, 31.769638], [35.229618, 31.769557], [35.229549, 31.769507], [35.229391, 31.769293], [35.229292, 31.769163], [35.229177, 31.769022], [35.229144, 31.768966], [35.22909, 31.768846], [35.229006, 31.768713], [35.229015, 31.768708], [35.229014, 31.768706], [35.229006, 31.768693], [35.228895, 31.768738], [35.2290059379585, 31.768693025151958], [35.228822, 31.768397], [35.228659, 31.768179], [35.228654, 31.768109], [35.228668, 31.768083], [35.228606, 31.768101], [35.228537, 31.768117], [35.228578, 31.768015], [35.228621, 31.767951], [35.228671, 31.767861], [35.228674, 31.767856], [35.228687, 31.767831], [35.228716, 31.767774], [35.228763, 31.7677], [35.228827, 31.767641], [35.228922, 31.767586], [35.228947, 31.767543], [35.228946, 31.767541], [35.229056, 31.767438], [35.229165, 31.767361], [35.229222, 31.767279], [35.229252, 31.767155], [35.229124, 31.767053], [35.228869, 31.766763], [35.228743, 31.766452], [35.228606, 31.766524], [35.228554, 31.766531], [35.228572, 31.766441], [35.228639, 31.766317], [35.22869, 31.766213], [35.228746, 31.766097], [35.228797, 31.765935], [35.228796, 31.765898], [35.228792, 31.76576], [35.228777, 31.765607], [35.228733, 31.765347], [35.228659, 31.765013], [35.228599, 31.764879], [35.228461, 31.764617], [35.228348, 31.764257], [35.228234, 31.763713], [35.228174, 31.763398], [35.228186, 31.763402], [35.228243, 31.763297], [35.228314, 31.763222], [35.228445, 31.763119], [35.228536, 31.76308], [35.228663, 31.763003], [35.22875, 31.762966], [35.228764, 31.762949], [35.228783, 31.762954], [35.228958, 31.762844], [35.229018, 31.762746], [35.229018, 31.762658], [35.229038, 31.762567], [35.229039, 31.76256], [35.229135, 31.762536], [35.229289, 31.762498], [35.229414, 31.762468], [35.229527, 31.76243], [35.229641, 31.762411], [35.22966, 31.762408], [35.22982, 31.762414], [35.229936, 31.762425], [35.230071, 31.762451], [35.230206, 31.762432], [35.230313, 31.762421], [35.230467, 31.762412], [35.230615, 31.762405], [35.230795, 31.762386], [35.230933, 31.762365], [35.230987, 31.762329], [35.231338, 31.762133], [35.231644, 31.76197], [35.231967, 31.761819], [35.232003, 31.761692], [35.232099, 31.761589], [35.232202, 31.761459], [35.232319, 31.761353], [35.232454, 31.761261], [35.232479, 31.76124], [35.232509, 31.7611], [35.232566, 31.760948], [35.232569, 31.760894], [35.232578, 31.760678], [35.232579, 31.760472], [35.232502, 31.760445], [35.232502, 31.760444], [35.232022, 31.760335], [35.231907, 31.760174], [35.231828, 31.759899], [35.231863, 31.75942], [35.231879, 31.759336], [35.231907, 31.759261], [35.231908, 31.759256], [35.2319, 31.75923], [35.231834, 31.758722], [35.232176, 31.758632], [35.232425, 31.758779], [35.23243, 31.758781], [35.232489, 31.758781], [35.232488, 31.758768], [35.232461, 31.75853], [35.23249, 31.758195], [35.232499, 31.757644], [35.232487, 31.756776], [35.232477, 31.756365], [35.232493, 31.755872], [35.232525, 31.755508], [35.232529, 31.755465], [35.23255, 31.755226], [35.232574, 31.755046], [35.232573, 31.755041], [35.232552, 31.754837], [35.232544, 31.754696], [35.232542, 31.754674], [35.232536, 31.754571], [35.232536, 31.754492], [35.232579, 31.754436], [35.232669, 31.754373], [35.23274, 31.75431], [35.232768, 31.75428], [35.23281, 31.754227], [35.232745, 31.754142], [35.232466, 31.754165], [35.23238, 31.754155], [35.232305, 31.754116], [35.232171, 31.754054], [35.232126, 31.754053], [35.232104, 31.75405], [35.232024, 31.754039], [35.232035, 31.754013], [35.232054, 31.753946], [35.232071, 31.753885], [35.232044, 31.753607], [35.232015, 31.753471], [35.23197, 31.75334], [35.231922, 31.753279], [35.231705, 31.752988], [35.231535, 31.752742], [35.231488, 31.752647], [35.231456, 31.752582], [35.23126, 31.752219], [35.23124, 31.752116], [35.231215, 31.751988], [35.231205, 31.751884], [35.231179, 31.751736], [35.231013, 31.751725], [35.230912, 31.751727], [35.230763, 31.751707], [35.230699, 31.751627], [35.230628, 31.75155], [35.230607, 31.75149], [35.230294, 31.751498], [35.230085, 31.751491], [35.23002, 31.751506], [35.229871, 31.751522], [35.22973, 31.751535], [35.229661, 31.751533], [35.229602, 31.751521], [35.229561, 31.751479], [35.229529, 31.751405], [35.229487, 31.751315], [35.229429, 31.751236], [35.229363, 31.751203], [35.229291, 31.751186], [35.229288, 31.751185], [35.229218, 31.751174], [35.228804, 31.751197], [35.228692, 31.751202], [35.228574, 31.751208], [35.228226, 31.751224], [35.228177, 31.751225], [35.228139, 31.751227], [35.22807, 31.751229], [35.228051, 31.751225], [35.227789, 31.751246], [35.227619, 31.751254], [35.22764, 31.751649], [35.227719, 31.752463], [35.227805, 31.753322], [35.227842, 31.753757], [35.227877, 31.754052], [35.228057, 31.754544], [35.228183, 31.754868], [35.228025, 31.754955], [35.22796, 31.754981], [35.227384, 31.755191], [35.227034, 31.755339], [35.22703, 31.755341], [35.226878, 31.755406], [35.226517, 31.755488], [35.226488, 31.755494], [35.226191, 31.755557], [35.22582, 31.755601], [35.22574, 31.755605], [35.225488, 31.755615], [35.225111, 31.755637], [35.22508, 31.755639], [35.224788, 31.755656], [35.224703, 31.755667], [35.22469, 31.755548], [35.224616, 31.755241], [35.224517, 31.754715], [35.224473, 31.75448], [35.224453, 31.75423], [35.224437, 31.754015], [35.224433, 31.753974], [35.224428, 31.753902], [35.223767, 31.754041], [35.223086, 31.754251], [35.222925, 31.753916], [35.222757, 31.753726], [35.222577, 31.75345], [35.222549, 31.753407], [35.222464, 31.753263], [35.222311, 31.753001], [35.222153, 31.753072], [35.22182, 31.753242], [35.221737, 31.753285], [35.221362, 31.753465], [35.221338, 31.753475], [35.221314, 31.753486], [35.221204, 31.753532], [35.220799, 31.753722], [35.220669, 31.753782], [35.220414, 31.753884], [35.220318, 31.753925], [35.22026, 31.753948]]]}}, {"type": "Feature", "properties": {"subq": "141", "name_he": "מורשה (מוסררה), כפר דוד", "stat_area_ids": ["1411", "1412"], "n_stat_areas": 2, "pop_approx": 3729, "hh_total": 990, "has_data": true, "started_2022": 0, "completed_2022": 0, "started_2023": 3, "completed_2023": 0, "started_2024": 0, "completed_2024": 0, "started_2025": 550, "completed_2025": 3, "started_total": 553, "completed_total": 3, "started_per_1000": 148.3, "has_dwellings": true, "dwellings_2023": 1265, "rented_pct_2023": 30.2, "dwellings_2024": 1262, "rented_pct_2024": 30.7, "dwellings_2025": 1267, "rented_pct_2025": 34.4, "started_pct_of_stock": 43.6}, "geometry": {"type": "Polygon", "coordinates": [[[35.225857, 31.779174], [35.225874, 31.779139], [35.225854, 31.779062], [35.225808, 31.77898], [35.225722, 31.778804], [35.225652, 31.778632], [35.225645, 31.778516], [35.225644, 31.778508], [35.225635, 31.778421], [35.225662, 31.778332], [35.225666, 31.778319], [35.225692, 31.77815], [35.225588, 31.778095], [35.225647, 31.778005], [35.225776, 31.777823], [35.225902, 31.777695], [35.22598, 31.777631], [35.226264, 31.777395], [35.226686, 31.777054], [35.226892, 31.776888], [35.227127, 31.776613], [35.227131, 31.776602], [35.227384, 31.776358], [35.227571, 31.776476], [35.227561, 31.776461], [35.227546, 31.776395], [35.227501, 31.776282], [35.227416, 31.775953], [35.22739, 31.775809], [35.227377, 31.775737], [35.227349, 31.775559], [35.227344, 31.775467], [35.227344, 31.775449], [35.227376, 31.775352], [35.227433, 31.775248], [35.227481, 31.775165], [35.22749, 31.775094], [35.227482, 31.775029], [35.227472, 31.774974], [35.227472, 31.774973], [35.227176, 31.774984], [35.22718, 31.774904], [35.227184, 31.774823], [35.227212, 31.774731], [35.226728, 31.774785], [35.226295, 31.774831], [35.226245, 31.774835], [35.226231, 31.774804], [35.226191, 31.774681], [35.226041, 31.774686], [35.226022, 31.774751], [35.225974, 31.774895], [35.225897, 31.775024], [35.225897, 31.775082], [35.225891, 31.775093], [35.225843, 31.775172], [35.225816, 31.775239], [35.225772, 31.775353], [35.225698, 31.775403], [35.225634, 31.775415], [35.225531, 31.775414], [35.225407, 31.775377], [35.225301, 31.775326], [35.225183, 31.775218], [35.225093, 31.775136], [35.225032, 31.775061], [35.224989, 31.775], [35.224957, 31.774998], [35.224946, 31.774988], [35.224922, 31.774981], [35.224899, 31.77498], [35.22485, 31.774984], [35.224838, 31.774984], [35.224832, 31.774986], [35.224829, 31.774986], [35.224795, 31.774997], [35.224777, 31.775016], [35.224761, 31.77504], [35.224749, 31.775076], [35.224745, 31.775112], [35.224748, 31.77516], [35.224755, 31.775229], [35.224778, 31.775318], [35.224787, 31.775424], [35.224783, 31.775473], [35.22477, 31.775506], [35.224759, 31.775524], [35.224741, 31.775555], [35.224697, 31.775591], [35.224616, 31.775667], [35.224463, 31.775757], [35.22445, 31.775764], [35.224155, 31.776007], [35.223893, 31.776226], [35.223876, 31.776241], [35.223521, 31.776556], [35.222399, 31.776874], [35.222493, 31.777103], [35.222502, 31.777123], [35.222572, 31.777269], [35.222758, 31.777649], [35.222783, 31.777735], [35.22281, 31.777796], [35.222901, 31.778006], [35.222956, 31.778112], [35.222989, 31.778175], [35.223041, 31.778214], [35.223081, 31.77825], [35.223258, 31.77832], [35.223543, 31.77844], [35.223719, 31.778495], [35.223727, 31.778498], [35.223846, 31.778536], [35.224206, 31.778666], [35.224444, 31.778722], [35.224643, 31.778783], [35.224865, 31.778876], [35.224988, 31.778938], [35.22505, 31.778969], [35.225117, 31.77899], [35.225139, 31.779183], [35.225123, 31.779316], [35.225114, 31.779389], [35.22511, 31.779448], [35.225096, 31.779661], [35.225077, 31.779969], [35.225071, 31.779992], [35.224992, 31.780298], [35.224865, 31.780567], [35.224857, 31.780583], [35.224848, 31.780601], [35.224771, 31.78079], [35.22463, 31.781141], [35.224618, 31.78117], [35.224581, 31.78135], [35.224569, 31.781414], [35.224566, 31.78146], [35.224539, 31.781791], [35.224538, 31.781794], [35.224534, 31.781849], [35.224522, 31.782037], [35.22451, 31.782229], [35.224495, 31.782471], [35.224486, 31.782709], [35.224481, 31.782852], [35.224479, 31.782952], [35.224489, 31.783037], [35.22452, 31.783202], [35.224603, 31.783463], [35.224619, 31.783513], [35.224725, 31.783884], [35.22476, 31.78401], [35.224769, 31.784082], [35.224771, 31.784095], [35.224778, 31.78416], [35.224826, 31.784307], [35.224848, 31.784386], [35.224899, 31.784572], [35.224944, 31.78467], [35.225002, 31.784796], [35.225012, 31.784818], [35.225031, 31.784859], [35.225121, 31.784987], [35.225227, 31.785155], [35.225345, 31.785318], [35.225359, 31.785337], [35.225469, 31.785511], [35.225485, 31.785539], [35.225571, 31.785688], [35.225793, 31.785934], [35.225909, 31.786068], [35.22592, 31.786081], [35.225951, 31.78612], [35.225991, 31.786162], [35.226052, 31.786227], [35.226113, 31.786291], [35.22635, 31.786565], [35.22648, 31.786691], [35.226546, 31.786777], [35.226643, 31.786901], [35.226646, 31.786911], [35.226938, 31.787276], [35.22704, 31.786788], [35.227073, 31.786618], [35.227143, 31.786247], [35.227187, 31.786035], [35.227277, 31.785585], [35.227337, 31.785318], [35.227346, 31.785258], [35.227377, 31.785067], [35.227387, 31.784931], [35.22739, 31.784898], [35.227387, 31.784776], [35.227386, 31.784764], [35.227382, 31.784663], [35.227359, 31.784526], [35.227357, 31.784512], [35.227327, 31.784334], [35.227251, 31.783955], [35.227204, 31.783729], [35.227188, 31.783634], [35.22717, 31.783499], [35.227152, 31.783331], [35.227148, 31.783177], [35.227176, 31.783047], [35.227188, 31.782992], [35.227221, 31.782904], [35.227344, 31.782693], [35.227686, 31.78221], [35.227772, 31.782079], [35.227918, 31.781857], [35.227997, 31.781683], [35.228, 31.781671], [35.228031, 31.781576], [35.228059, 31.78149], [35.228065, 31.781472], [35.228077, 31.781394], [35.228071, 31.78127], [35.228041, 31.781096], [35.228001, 31.780956], [35.227935, 31.780809], [35.227805, 31.780611], [35.22767, 31.780472], [35.227564, 31.780392], [35.227476, 31.780336], [35.227398, 31.780286], [35.227, 31.780032], [35.226821, 31.779918], [35.226692, 31.779821], [35.2266, 31.779752], [35.226581, 31.779737], [35.226194, 31.779532], [35.225775, 31.779314], [35.225826, 31.779239], [35.225857, 31.779174]]]}}, {"type": "Feature", "properties": {"subq": "142", "name_he": "מרכז העיר", "stat_area_ids": ["1421", "1422", "1423", "1424", "1425", "1426"], "n_stat_areas": 6, "pop_approx": 8830, "hh_total": 3918, "has_data": true, "started_2022": 0, "completed_2022": 402, "started_2023": 39, "completed_2023": 0, "started_2024": 33, "completed_2024": 0, "started_2025": 308, "completed_2025": 0, "started_total": 380, "completed_total": 402, "started_per_1000": 43.0, "has_dwellings": true, "dwellings_2023": 4655, "rented_pct_2023": 47.8, "dwellings_2024": 4947, "rented_pct_2024": 47.1, "dwellings_2025": 4932, "rented_pct_2025": 49.7, "started_pct_of_stock": 7.7}, "geometry": {"type": "Polygon", "coordinates": [[[35.224486, 31.782709], [35.224495, 31.782471], [35.22451, 31.782229], [35.224522, 31.782037], [35.224534, 31.781849], [35.224538, 31.781794], [35.224539, 31.781791], [35.224566, 31.78146], [35.224569, 31.781414], [35.224581, 31.78135], [35.224618, 31.78117], [35.22463, 31.781141], [35.224771, 31.78079], [35.224848, 31.780601], [35.224857, 31.780583], [35.224865, 31.780567], [35.224992, 31.780298], [35.225071, 31.779992], [35.225077, 31.779969], [35.225096, 31.779661], [35.22511, 31.779448], [35.225114, 31.779389], [35.225123, 31.779316], [35.225139, 31.779183], [35.225117, 31.77899], [35.22505, 31.778969], [35.224988, 31.778938], [35.224865, 31.778876], [35.224643, 31.778783], [35.224444, 31.778722], [35.224206, 31.778666], [35.223846, 31.778536], [35.223727, 31.778498], [35.223719, 31.778495], [35.223543, 31.77844], [35.223258, 31.77832], [35.223081, 31.77825], [35.223041, 31.778214], [35.222989, 31.778175], [35.222956, 31.778112], [35.222901, 31.778006], [35.22281, 31.777796], [35.222783, 31.777735], [35.22271, 31.777751], [35.222514, 31.777759], [35.222386, 31.777762], [35.222306, 31.777762], [35.222236, 31.777762], [35.222176, 31.77776], [35.222105, 31.777757], [35.222093, 31.777757], [35.222067, 31.777757], [35.221944, 31.77774], [35.221855, 31.77772], [35.221663, 31.77764], [35.221387, 31.777494], [35.221041, 31.777312], [35.221025, 31.777304], [35.22102, 31.777301], [35.220661, 31.777084], [35.220638, 31.77707], [35.220601, 31.77705], [35.220333, 31.776921], [35.22025, 31.776874], [35.220079, 31.77678], [35.219904, 31.776666], [35.219798, 31.776598], [35.219726, 31.776556], [35.219534, 31.776446], [35.21932, 31.776325], [35.218857, 31.776035], [35.218831, 31.776019], [35.218763, 31.775978], [35.218696, 31.775938], [35.218586, 31.775872], [35.218567, 31.775862], [35.218404, 31.775769], [35.218297, 31.775691], [35.218119, 31.775541], [35.217911, 31.775363], [35.217833, 31.775294], [35.217825, 31.775288], [35.217803, 31.775272], [35.21772, 31.775225], [35.217457, 31.775147], [35.217376, 31.775123], [35.217288, 31.775098], [35.217049, 31.775026], [35.21695, 31.774998], [35.216937, 31.774994], [35.21679, 31.774952], [35.216564, 31.774882], [35.216337, 31.77483], [35.216156, 31.7748], [35.216127, 31.774948], [35.216047, 31.775311], [35.216024, 31.7754], [35.215975, 31.775595], [35.215923, 31.775949], [35.21592, 31.77596], [35.215907, 31.776018], [35.215888, 31.776035], [35.215873, 31.776048], [35.21583, 31.776074], [35.215697, 31.776101], [35.215636, 31.77611], [35.215555, 31.776125], [35.215413, 31.776142], [35.215259, 31.77616], [35.215159, 31.776172], [35.215168, 31.776393], [35.215176, 31.776441], [35.215205, 31.776608], [35.215227, 31.776715], [35.215246, 31.776807], [35.215282, 31.77692], [35.215321, 31.776995], [35.214973, 31.776936], [35.214794, 31.776895], [35.214661, 31.776854], [35.214503, 31.77677], [35.214362, 31.776713], [35.214248, 31.776677], [35.214204, 31.776675], [35.214192, 31.776675], [35.21417, 31.776674], [35.214078, 31.77669], [35.213945, 31.776724], [35.213835, 31.776763], [35.213717, 31.776794], [35.213592, 31.776808], [35.213423, 31.776816], [35.213249, 31.776818], [35.213201, 31.776809], [35.213151, 31.776799], [35.213106, 31.776771], [35.213036, 31.776793], [35.212944, 31.776815], [35.212794, 31.776835], [35.212643, 31.77684], [35.212594, 31.777052], [35.212579, 31.777199], [35.212539, 31.77743], [35.21251, 31.777662], [35.21249, 31.777825], [35.212474, 31.777956], [35.212446, 31.778191], [35.212409, 31.7785], [35.212366, 31.778855], [35.212336, 31.779115], [35.212335, 31.779127], [35.212329, 31.779183], [35.21229, 31.779413], [35.212269, 31.779514], [35.212324, 31.779526], [35.212332, 31.779528], [35.212374, 31.779542], [35.212415, 31.779569], [35.212464, 31.779619], [35.212522, 31.779704], [35.212591, 31.779802], [35.212636, 31.779865], [35.212708, 31.77996], [35.212833, 31.780183], [35.212933, 31.780384], [35.212973, 31.780355], [35.213313, 31.780884], [35.213476, 31.780819], [35.213617, 31.78078], [35.213666, 31.780765], [35.213681, 31.780762], [35.213841, 31.780741], [35.213907, 31.780739], [35.213974, 31.780737], [35.214018, 31.780737], [35.214128, 31.780736], [35.214177, 31.780857], [35.214322, 31.781061], [35.2145, 31.781328], [35.214587, 31.781449], [35.214636, 31.781516], [35.214707, 31.781622], [35.214726, 31.781651], [35.214822, 31.781792], [35.214957, 31.782015], [35.214961, 31.782022], [35.214985, 31.782082], [35.21505, 31.782227], [35.215122, 31.782404], [35.215205, 31.782559], [35.215282, 31.782693], [35.215371, 31.782815], [35.21538, 31.782826], [35.215442, 31.782919], [35.215509, 31.783051], [35.215556, 31.783136], [35.215562, 31.783195], [35.215642, 31.783177], [35.215691, 31.783166], [35.21598, 31.783111], [35.216125, 31.783088], [35.21613, 31.783087], [35.216196, 31.783076], [35.216389, 31.783044], [35.216658, 31.782992], [35.216757, 31.782976], [35.216819, 31.782953], [35.216877, 31.782905], [35.216884, 31.782896], [35.216971, 31.782974], [35.217136, 31.783153], [35.217215, 31.783287], [35.217351, 31.783467], [35.217295, 31.7835], [35.21716, 31.783575], [35.216898, 31.783691], [35.216756, 31.783754], [35.216707, 31.783774], [35.216689, 31.783783], [35.216679, 31.783788], [35.216396, 31.783913], [35.216366, 31.783927], [35.216124, 31.784036], [35.215883, 31.784152], [35.215874, 31.784158], [35.215817, 31.784191], [35.215659, 31.784282], [35.21553, 31.784352], [35.215333, 31.784463], [35.215052, 31.784636], [35.21484, 31.78477], [35.2148, 31.784804], [35.214713, 31.784875], [35.214796, 31.784908], [35.214868, 31.784947], [35.214964, 31.784994], [35.215066, 31.78503], [35.215188, 31.785051], [35.215304, 31.785052], [35.215327, 31.785052], [35.21546, 31.78505], [35.215736, 31.785048], [35.215865, 31.785039], [35.215952, 31.785032], [35.216196, 31.785005], [35.216495, 31.784953], [35.216506, 31.784952], [35.216783, 31.784919], [35.217081, 31.784874], [35.217096, 31.784871], [35.217215, 31.784847], [35.217375, 31.784815], [35.217554, 31.784782], [35.217643, 31.784744], [35.217649, 31.784756], [35.217669, 31.784827], [35.217677, 31.7849], [35.21768, 31.785005], [35.217674, 31.785046], [35.21765, 31.785186], [35.21761, 31.785374], [35.217575, 31.785652], [35.217557, 31.785784], [35.21756, 31.785918], [35.217566, 31.786086], [35.217569, 31.78614], [35.217732, 31.786093], [35.217956, 31.786062], [35.218063, 31.786047], [35.21809, 31.786043], [35.218146, 31.786053], [35.218398, 31.786161], [35.218644, 31.786267], [35.218652, 31.78627], [35.218771, 31.786314], [35.218818, 31.786322], [35.218852, 31.786339], [35.21893, 31.786336], [35.218965, 31.786213], [35.218977, 31.786144], [35.219085, 31.786153], [35.21921, 31.78617], [35.219267, 31.786183], [35.21931, 31.786107], [35.219378, 31.786037], [35.219385, 31.78603], [35.219497, 31.785918], [35.219557, 31.785847], [35.219562, 31.785841], [35.219616, 31.785777], [35.219644, 31.785721], [35.219781, 31.785749], [35.2199, 31.785764], [35.220068, 31.785766], [35.220169, 31.785762], [35.220222, 31.785754], [35.220318, 31.785708], [35.220324, 31.785704], [35.220422, 31.785649], [35.220479, 31.785608], [35.220491, 31.785601], [35.220581, 31.785557], [35.220672, 31.785525], [35.220689, 31.785516], [35.220753, 31.78548], [35.220843, 31.785417], [35.220954, 31.785351], [35.221015, 31.785319], [35.221126, 31.785297], [35.221279, 31.785292], [35.221515, 31.785308], [35.221541, 31.78531], [35.22174, 31.785328], [35.221806, 31.785295], [35.221914, 31.785254], [35.221984, 31.78526], [35.221993, 31.785263], [35.222198, 31.785319], [35.222284, 31.785342], [35.222396, 31.785373], [35.222566, 31.785399], [35.222838, 31.785421], [35.222899, 31.785425], [35.222985, 31.785432], [35.223122, 31.785449], [35.223171, 31.785376], [35.223212, 31.785271], [35.223246, 31.785197], [35.223548, 31.78528], [35.223657, 31.785093], [35.223731, 31.78512], [35.224203, 31.785259], [35.224258, 31.785276], [35.224267, 31.785286], [35.224306, 31.785306], [35.224612, 31.785426], [35.224679, 31.785336], [35.224826, 31.785125], [35.224873, 31.785061], [35.224944, 31.784965], [35.225012, 31.784818], [35.225002, 31.784796], [35.224944, 31.78467], [35.224899, 31.784572], [35.224848, 31.784386], [35.224826, 31.784307], [35.224778, 31.78416], [35.224771, 31.784095], [35.224769, 31.784082], [35.22476, 31.78401], [35.224725, 31.783884], [35.224619, 31.783513], [35.224603, 31.783463], [35.22452, 31.783202], [35.224489, 31.783037], [35.224479, 31.782952], [35.224481, 31.782852], [35.224486, 31.782709]]]}}, {"type": "Feature", "properties": {"subq": "143", "name_he": "נחלאות, זכרונות", "stat_area_ids": ["1431", "1432", "1434", "1435", "1436", "1437", "1438"], "n_stat_areas": 7, "pop_approx": 9078, "hh_total": 3870, "has_data": true, "started_2022": 28, "completed_2022": 23, "started_2023": 281, "completed_2023": 101, "started_2024": 77, "completed_2024": 64, "started_2025": 30, "completed_2025": 161, "started_total": 416, "completed_total": 349, "started_per_1000": 45.8, "has_dwellings": true, "dwellings_2023": 5503, "rented_pct_2023": 48.3, "dwellings_2024": 5621, "rented_pct_2024": 47.9, "dwellings_2025": 5634, "rented_pct_2025": 49.8, "started_pct_of_stock": 7.4}, "geometry": {"type": "Polygon", "coordinates": [[[35.212366, 31.778855], [35.212409, 31.7785], [35.212446, 31.778191], [35.212474, 31.777956], [35.21249, 31.777825], [35.21251, 31.777662], [35.212539, 31.77743], [35.212579, 31.777199], [35.212594, 31.777052], [35.212643, 31.77684], [35.212538, 31.776837], [35.212371, 31.776841], [35.212369, 31.776841], [35.212152, 31.776841], [35.212095, 31.776842], [35.211874, 31.776841], [35.211866, 31.776841], [35.211586, 31.776826], [35.211529, 31.776823], [35.211482, 31.77682], [35.211471, 31.776708], [35.211469, 31.77666], [35.211468, 31.776598], [35.211469, 31.776529], [35.211471, 31.776425], [35.211468, 31.776281], [35.211467, 31.776269], [35.211466, 31.776169], [35.211466, 31.776109], [35.211463, 31.775981], [35.211462, 31.775951], [35.211458, 31.775842], [35.211456, 31.775789], [35.211454, 31.775735], [35.211453, 31.775709], [35.21087, 31.775771], [35.210859, 31.775773], [35.210865, 31.775813], [35.210512, 31.775832], [35.21052, 31.775979], [35.210547, 31.77624], [35.210574, 31.776508], [35.210591, 31.776597], [35.210607, 31.776677], [35.210613, 31.776822], [35.210624, 31.776993], [35.210632, 31.777159], [35.210628, 31.777352], [35.210605, 31.777619], [35.210603, 31.777691], [35.210599, 31.777852], [35.210603, 31.778011], [35.210629, 31.778115], [35.210638, 31.778147], [35.209992, 31.778144], [35.209785, 31.778155], [35.209764, 31.778205], [35.209759, 31.778456], [35.209756, 31.778592], [35.209731, 31.77888], [35.2097, 31.77924], [35.209665, 31.779658], [35.208937, 31.779631], [35.20891, 31.779807], [35.208884, 31.779985], [35.208835, 31.780246], [35.20875, 31.780701], [35.20874, 31.780734], [35.208724, 31.780787], [35.208667, 31.780967], [35.208589, 31.781144], [35.208574, 31.781227], [35.208573, 31.781373], [35.208587, 31.781488], [35.208588, 31.781513], [35.208593, 31.781608], [35.208595, 31.78164], [35.208595, 31.781652], [35.208596, 31.78167], [35.20858, 31.781838], [35.208539, 31.782043], [35.208526, 31.782107], [35.208487, 31.782403], [35.208478, 31.782504], [35.20845, 31.782816], [35.208439, 31.782948], [35.208434, 31.782966], [35.20842, 31.783014], [35.208419, 31.783017], [35.208419, 31.783018], [35.208393, 31.783113], [35.208386, 31.78314], [35.208298, 31.783542], [35.208271, 31.783668], [35.208147, 31.784057], [35.208135, 31.784096], [35.208065, 31.78425], [35.208019, 31.784354], [35.207998, 31.7844], [35.207952, 31.784504], [35.207893, 31.784619], [35.207674, 31.785052], [35.207428, 31.785562], [35.207414, 31.78559], [35.207302, 31.785824], [35.207084, 31.786303], [35.207053, 31.786369], [35.207133, 31.786367], [35.20724, 31.786378], [35.207332, 31.786366], [35.207624, 31.786328], [35.207849, 31.786199], [35.208004, 31.786121], [35.208057, 31.786095], [35.208353, 31.785957], [35.208478, 31.785885], [35.208513, 31.785864], [35.20858, 31.785825], [35.208781, 31.785711], [35.20879, 31.785706], [35.209002, 31.785602], [35.20909, 31.785559], [35.209142, 31.785533], [35.209144, 31.785532], [35.209214, 31.785497], [35.209376, 31.78542], [35.20969, 31.785282], [35.209882, 31.785197], [35.210057, 31.785119], [35.210178, 31.785066], [35.21038, 31.784976], [35.210389, 31.784971], [35.210634, 31.784844], [35.210642, 31.784839], [35.211013, 31.784661], [35.211061, 31.784638], [35.211166, 31.784582], [35.211321, 31.784503], [35.211543, 31.784399], [35.211606, 31.78437], [35.211743, 31.784291], [35.211779, 31.784271], [35.211882, 31.784213], [35.212087, 31.784104], [35.212229, 31.784034], [35.212236, 31.784032], [35.212357, 31.783998], [35.212429, 31.783979], [35.212634, 31.783937], [35.21265, 31.783935], [35.212746, 31.783916], [35.213051, 31.783839], [35.213371, 31.783816], [35.213463, 31.783808], [35.213666, 31.783794], [35.213831, 31.783767], [35.214099, 31.783707], [35.214221, 31.783668], [35.214349, 31.783628], [35.214589, 31.783542], [35.214799, 31.783464], [35.214855, 31.783444], [35.215077, 31.783342], [35.215092, 31.783334], [35.215163, 31.783307], [35.215291, 31.783261], [35.215562, 31.783195], [35.215556, 31.783136], [35.215509, 31.783051], [35.215442, 31.782919], [35.21538, 31.782826], [35.215371, 31.782815], [35.215282, 31.782693], [35.215205, 31.782559], [35.215122, 31.782404], [35.21505, 31.782227], [35.214985, 31.782082], [35.214961, 31.782022], [35.214957, 31.782015], [35.214822, 31.781792], [35.214726, 31.781651], [35.214707, 31.781622], [35.214636, 31.781516], [35.214587, 31.781449], [35.2145, 31.781328], [35.214322, 31.781061], [35.214177, 31.780857], [35.214128, 31.780736], [35.214018, 31.780737], [35.213974, 31.780737], [35.213907, 31.780739], [35.213841, 31.780741], [35.213681, 31.780762], [35.213666, 31.780765], [35.213617, 31.78078], [35.213476, 31.780819], [35.213313, 31.780884], [35.212973, 31.780355], [35.212933, 31.780384], [35.212833, 31.780183], [35.212708, 31.77996], [35.212636, 31.779865], [35.212591, 31.779802], [35.212522, 31.779704], [35.212464, 31.779619], [35.212415, 31.779569], [35.212374, 31.779542], [35.212332, 31.779528], [35.212324, 31.779526], [35.212269, 31.779514], [35.21229, 31.779413], [35.212329, 31.779183], [35.212335, 31.779127], [35.212336, 31.779115], [35.212366, 31.778855]]]}}, {"type": "Feature", "properties": {"subq": "144", "name_he": "רחביה", "stat_area_ids": ["1441", "1442", "1443", "1444"], "n_stat_areas": 4, "pop_approx": 9000, "hh_total": 3900, "has_data": true, "started_2022": 19, "completed_2022": 32, "started_2023": 40, "completed_2023": 42, "started_2024": 20, "completed_2024": 18, "started_2025": 60, "completed_2025": 17, "started_total": 139, "completed_total": 109, "started_per_1000": 15.4, "has_dwellings": true, "dwellings_2023": 4749, "rented_pct_2023": 43.0, "dwellings_2024": 4798, "rented_pct_2024": 43.2, "dwellings_2025": 4816, "rented_pct_2025": 44.2, "started_pct_of_stock": 2.9}, "geometry": {"type": "Polygon", "coordinates": [[[35.213314, 31.768395], [35.213029, 31.768219], [35.21297, 31.768183], [35.212833, 31.76809], [35.212569, 31.767909], [35.212545, 31.767893], [35.212194, 31.767688], [35.212084, 31.767623], [35.211713, 31.767506], [35.211592, 31.767473], [35.211579, 31.76747], [35.211273, 31.767392], [35.21121, 31.76738], [35.211211, 31.767429], [35.211191, 31.767547], [35.211142, 31.767746], [35.211134, 31.767779], [35.211099, 31.767893], [35.211069, 31.767972], [35.211063, 31.767999], [35.211028, 31.768152], [35.211032, 31.768257], [35.21106, 31.768373], [35.211106, 31.768486], [35.211166, 31.768589], [35.21129, 31.768743], [35.21142, 31.768911], [35.211505, 31.768976], [35.21138, 31.769063], [35.21126, 31.769136], [35.211247, 31.769144], [35.211232, 31.769153], [35.211075, 31.769236], [35.210966, 31.769298], [35.210949, 31.76928], [35.210812, 31.769154], [35.210725, 31.769074], [35.210667, 31.769006], [35.210555, 31.768877], [35.210519, 31.768839], [35.210392, 31.768703], [35.210345, 31.768668], [35.210202, 31.768558], [35.210177, 31.768543], [35.210034, 31.768454], [35.209902, 31.768385], [35.209782, 31.768343], [35.209677, 31.768306], [35.209675, 31.768305], [35.209499, 31.768243], [35.209342, 31.76821], [35.209221, 31.768201], [35.209152, 31.768205], [35.209111, 31.76821], [35.209001, 31.768232], [35.208851, 31.768266], [35.208663, 31.768302], [35.208508, 31.768319], [35.208384, 31.768336], [35.208259, 31.768345], [35.208154, 31.768353], [35.208107, 31.768357], [35.207923, 31.768363], [35.207724, 31.768366], [35.207511, 31.768364], [35.207292, 31.768361], [35.207221, 31.768372], [35.207187, 31.76838], [35.207133, 31.768413], [35.207282, 31.768488], [35.207494, 31.768553], [35.207736, 31.768623], [35.207959, 31.768673], [35.208141, 31.768746], [35.20815, 31.76875], [35.208213, 31.768784], [35.208251, 31.768804], [35.208401, 31.768888], [35.208503, 31.768946], [35.208681, 31.769088], [35.208708, 31.76911], [35.208733, 31.769136], [35.208836, 31.769242], [35.208839, 31.769246], [35.208944, 31.76941], [35.208984, 31.769513], [35.208994, 31.769565], [35.208997, 31.769601], [35.208998, 31.769655], [35.208992, 31.769766], [35.208983, 31.769929], [35.208981, 31.769965], [35.208976, 31.770071], [35.208968, 31.770301], [35.208954, 31.770462], [35.208953, 31.770471], [35.208938, 31.770601], [35.208911, 31.77084], [35.20891, 31.770855], [35.208905, 31.770975], [35.208881, 31.771178], [35.208873, 31.771247], [35.208869, 31.771401], [35.208868, 31.771434], [35.20886, 31.771609], [35.20886, 31.771618], [35.208858, 31.771666], [35.20886, 31.77184], [35.208869, 31.772006], [35.208871, 31.772112], [35.20888, 31.772251], [35.208884, 31.772314], [35.208892, 31.77242], [35.208896, 31.772488], [35.208911, 31.772731], [35.20893, 31.772996], [35.208947, 31.773285], [35.208964, 31.773569], [35.208965, 31.773744], [35.208985, 31.77396], [35.208997, 31.774087], [35.20901, 31.77425], [35.209028, 31.774417], [35.209035, 31.774473], [35.209035, 31.774568], [35.209036, 31.774616], [35.209037, 31.774714], [35.209069, 31.775092], [35.209071, 31.775121], [35.209083, 31.775259], [35.209083, 31.775265], [35.209096, 31.775499], [35.209124, 31.776032], [35.209124, 31.77604], [35.209126, 31.776096], [35.20913, 31.776218], [35.209131, 31.776233], [35.209137, 31.776353], [35.209137, 31.776366], [35.209138, 31.77638], [35.20917, 31.776893], [35.20917, 31.777094], [35.20917, 31.777101], [35.209171, 31.777572], [35.209166, 31.777764], [35.209165, 31.777809], [35.209158, 31.778048], [35.209154, 31.778182], [35.209124, 31.778402], [35.209104, 31.778551], [35.209065, 31.778794], [35.209007, 31.779159], [35.209006, 31.779166], [35.208937, 31.779631], [35.209665, 31.779658], [35.2097, 31.77924], [35.209731, 31.77888], [35.209756, 31.778592], [35.209759, 31.778456], [35.209764, 31.778205], [35.209785, 31.778155], [35.209992, 31.778144], [35.210638, 31.778147], [35.210629, 31.778115], [35.210603, 31.778011], [35.210599, 31.777852], [35.210603, 31.777691], [35.210605, 31.777619], [35.210628, 31.777352], [35.210632, 31.777159], [35.210624, 31.776993], [35.210613, 31.776822], [35.210607, 31.776677], [35.210591, 31.776597], [35.210574, 31.776508], [35.210547, 31.77624], [35.21052, 31.775979], [35.210512, 31.775832], [35.210865, 31.775813], [35.210859, 31.775773], [35.21087, 31.775771], [35.211453, 31.775709], [35.211454, 31.775735], [35.211456, 31.775789], [35.211458, 31.775842], [35.211462, 31.775951], [35.211463, 31.775981], [35.211466, 31.776109], [35.211466, 31.776169], [35.211467, 31.776269], [35.211468, 31.776281], [35.211471, 31.776425], [35.211469, 31.776529], [35.211468, 31.776598], [35.211469, 31.77666], [35.211471, 31.776708], [35.211482, 31.77682], [35.211529, 31.776823], [35.211586, 31.776826], [35.211866, 31.776841], [35.211874, 31.776841], [35.212095, 31.776842], [35.212152, 31.776841], [35.212369, 31.776841], [35.212371, 31.776841], [35.212538, 31.776837], [35.212643, 31.77684], [35.212794, 31.776835], [35.212944, 31.776815], [35.213036, 31.776793], [35.213106, 31.776771], [35.213151, 31.776799], [35.213201, 31.776809], [35.213249, 31.776818], [35.213423, 31.776816], [35.213592, 31.776808], [35.213717, 31.776794], [35.213835, 31.776763], [35.213945, 31.776724], [35.214078, 31.77669], [35.21417, 31.776674], [35.214192, 31.776675], [35.214204, 31.776675], [35.214248, 31.776677], [35.214362, 31.776713], [35.214503, 31.77677], [35.214661, 31.776854], [35.214794, 31.776895], [35.214973, 31.776936], [35.215321, 31.776995], [35.215282, 31.77692], [35.215246, 31.776807], [35.215227, 31.776715], [35.215205, 31.776608], [35.215176, 31.776441], [35.215168, 31.776393], [35.215159, 31.776172], [35.215259, 31.77616], [35.215413, 31.776142], [35.215555, 31.776125], [35.215636, 31.77611], [35.215697, 31.776101], [35.21583, 31.776074], [35.215873, 31.776048], [35.215888, 31.776035], [35.215907, 31.776018], [35.21592, 31.77596], [35.215923, 31.775949], [35.215975, 31.775595], [35.216024, 31.7754], [35.216047, 31.775311], [35.216127, 31.774948], [35.216156, 31.7748], [35.216337, 31.77483], [35.216564, 31.774882], [35.21679, 31.774952], [35.216937, 31.774994], [35.21695, 31.774998], [35.217049, 31.775026], [35.217288, 31.775098], [35.217376, 31.775123], [35.217457, 31.775147], [35.21772, 31.775225], [35.21784, 31.775059], [35.217684, 31.774832], [35.217648, 31.774791], [35.217543, 31.774674], [35.217448, 31.774568], [35.217147, 31.774166], [35.217142, 31.774133], [35.217128, 31.774039], [35.217111, 31.773803], [35.217106, 31.773688], [35.2171, 31.773526], [35.217078, 31.773329], [35.217066, 31.773221], [35.217062, 31.772904], [35.217062, 31.772896], [35.217035, 31.77231], [35.217011, 31.772028], [35.216983, 31.77169], [35.216967, 31.77143], [35.216967, 31.771424], [35.216961, 31.771288], [35.216958, 31.771167], [35.216951, 31.771144], [35.216947, 31.771058], [35.216863, 31.771059], [35.216593, 31.77106], [35.216581, 31.771061], [35.216571, 31.771063], [35.216508, 31.771068], [35.216413, 31.771076], [35.216298, 31.771073], [35.216207, 31.771067], [35.216156, 31.771058], [35.216128, 31.771052], [35.215925, 31.771008], [35.215781, 31.770959], [35.215715, 31.770936], [35.215544, 31.770878], [35.215313, 31.7708], [35.215272, 31.770786], [35.21491, 31.770681], [35.214594, 31.770566], [35.214366, 31.770462], [35.214116, 31.770359], [35.214033, 31.770298], [35.213939, 31.770229], [35.21383, 31.770117], [35.213727, 31.770012], [35.21364, 31.769923], [35.21339, 31.769687], [35.213305, 31.769594], [35.213159, 31.769466], [35.213122, 31.76943], [35.21306, 31.769356], [35.213052, 31.769345], [35.213044, 31.769296], [35.213044, 31.769279], [35.213044, 31.769259], [35.213071, 31.769195], [35.213173, 31.769087], [35.213225, 31.769032], [35.213232, 31.769024], [35.213494, 31.768801], [35.213593, 31.768701], [35.213635, 31.768646], [35.21353, 31.768558], [35.213314, 31.768395]]]}}, {"type": "Feature", "properties": {"subq": "151", "name_he": "גבעת שאול", "stat_area_ids": ["1516"], "n_stat_areas": 1, "pop_approx": 740, "hh_total": 300, "has_data": true, "started_2022": 55, "completed_2022": 98, "started_2023": 5, "completed_2023": 24, "started_2024": 331, "completed_2024": 15, "started_2025": 50, "completed_2025": 364, "started_total": 441, "completed_total": 501, "started_per_1000": 595.9, "has_dwellings": true, "dwellings_2023": 3245, "rented_pct_2023": 33.7, "dwellings_2024": 3278, "rented_pct_2024": 36.4, "dwellings_2025": 3296, "rented_pct_2025": 36.9, "started_pct_of_stock": 13.4}, "geometry": {"type": "Polygon", "coordinates": [[[35.171498, 31.796224], [35.17167, 31.796144], [35.172045, 31.796291], [35.172279, 31.796317], [35.172482, 31.796223], [35.172497, 31.795984], [35.172341, 31.795704], [35.172101, 31.795469], [35.172014, 31.795384], [35.171872, 31.795127], [35.171862, 31.795123], [35.172732, 31.793731], [35.173327, 31.792825], [35.173199, 31.79274], [35.173035, 31.792616], [35.172998, 31.792597], [35.172639, 31.792414], [35.172435, 31.792293], [35.172144, 31.792141], [35.171851, 31.792033], [35.171578, 31.791882], [35.171369, 31.791714], [35.171171, 31.791534], [35.17102, 31.79139], [35.170824, 31.79122], [35.170682, 31.791089], [35.170529, 31.790919], [35.17037, 31.790718], [35.170216, 31.790527], [35.170045, 31.790289], [35.169899, 31.79011], [35.169867, 31.790073], [35.169759, 31.789891], [35.169625, 31.789743], [35.169483, 31.789554], [35.169434, 31.789458], [35.169387, 31.789371], [35.169296, 31.789165], [35.169223, 31.788928], [35.16916, 31.788765], [35.169023, 31.78859], [35.168845, 31.788426], [35.168639, 31.78827], [35.168437, 31.788118], [35.168261, 31.787953], [35.168129, 31.787823], [35.168132, 31.787868], [35.168137, 31.787954], [35.168141, 31.78804], [35.168146, 31.788125], [35.168151, 31.788211], [35.168156, 31.788297], [35.16816, 31.788382], [35.168165, 31.788468], [35.16817, 31.788553], [35.168175, 31.788639], [35.16818, 31.788725], [35.168184, 31.78881], [35.168189, 31.788896], [35.168194, 31.788982], [35.168199, 31.789067], [35.168203, 31.789153], [35.168208, 31.789239], [35.168213, 31.789325], [35.168219, 31.78941], [35.168224, 31.789496], [35.168229, 31.789582], [35.168234, 31.789668], [35.168239, 31.789754], [35.168244, 31.789839], [35.168249, 31.789925], [35.168254, 31.790011], [35.168268, 31.790076], [35.168271, 31.790088], [35.168217, 31.790108], [35.168133, 31.790135], [35.168049, 31.790161], [35.167965, 31.790188], [35.167881, 31.790214], [35.167797, 31.790241], [35.167712, 31.790268], [35.16771, 31.790268], [35.167631, 31.790293], [35.16755, 31.790319], [35.167452, 31.790348], [35.167353, 31.790377], [35.167254, 31.790406], [35.167155, 31.790435], [35.167059, 31.790449], [35.166962, 31.790464], [35.166951, 31.790466], [35.166866, 31.790479], [35.166769, 31.790493], [35.16675, 31.790496], [35.166751, 31.790557], [35.166752, 31.790618], [35.166753, 31.790678], [35.166752, 31.790762], [35.166751, 31.790846], [35.16675, 31.790929], [35.166749, 31.791013], [35.166748, 31.791097], [35.166747, 31.791132], [35.166694, 31.791167], [35.16659, 31.791158], [35.166486, 31.791149], [35.166382, 31.79114], [35.166278, 31.791131], [35.166174, 31.791121], [35.166073, 31.791115], [35.165972, 31.791109], [35.165871, 31.791103], [35.16577, 31.791096], [35.165709, 31.791092], [35.165632, 31.791088], [35.165555, 31.791083], [35.165463, 31.791077], [35.165371, 31.791071], [35.165279, 31.791065], [35.165187, 31.79106], [35.165095, 31.791054], [35.165003, 31.791048], [35.164911, 31.791042], [35.164806, 31.791039], [35.164702, 31.791036], [35.164597, 31.791032], [35.164508, 31.791036], [35.164418, 31.791041], [35.164329, 31.791045], [35.164239, 31.791049], [35.164136, 31.791066], [35.164032, 31.791082], [35.163928, 31.791099], [35.163883, 31.791042], [35.163848, 31.791], [35.163814, 31.790958], [35.163761, 31.790901], [35.163707, 31.790845], [35.163654, 31.790788], [35.163597, 31.790731], [35.163541, 31.790674], [35.163485, 31.790616], [35.163428, 31.790559], [35.163372, 31.790502], [35.163318, 31.79043], [35.163265, 31.790358], [35.163211, 31.790287], [35.163158, 31.790215], [35.163099, 31.790153], [35.16304, 31.790091], [35.162981, 31.790029], [35.162922, 31.789967], [35.162864, 31.789917], [35.162807, 31.789866], [35.16275, 31.789816], [35.162693, 31.789765], [35.162634, 31.789718], [35.162574, 31.789671], [35.162515, 31.789624], [35.162456, 31.789576], [35.162373, 31.789534], [35.162289, 31.789491], [35.162206, 31.789448], [35.162122, 31.789406], [35.162039, 31.789363], [35.161955, 31.789321], [35.161867, 31.789289], [35.161778, 31.789258], [35.161689, 31.789227], [35.161601, 31.789195], [35.161512, 31.789164], [35.161423, 31.789133], [35.161335, 31.789101], [35.161241, 31.789068], [35.161147, 31.789036], [35.161054, 31.789003], [35.16096, 31.78897], [35.160867, 31.788937], [35.160773, 31.788904], [35.160684, 31.788875], [35.160594, 31.788846], [35.160505, 31.788817], [35.160415, 31.788789], [35.160319, 31.788773], [35.160223, 31.788758], [35.160126, 31.788742], [35.16003, 31.788727], [35.159934, 31.788711], [35.159837, 31.788712], [35.15974, 31.788714], [35.159643, 31.788715], [35.159561, 31.788707], [35.159479, 31.788699], [35.159398, 31.788691], [35.159316, 31.788683], [35.159224, 31.788664], [35.159133, 31.788646], [35.159041, 31.788627], [35.158954, 31.788609], [35.158867, 31.78859], [35.158779, 31.788572], [35.158692, 31.788553], [35.158604, 31.788535], [35.158525, 31.788518], [35.158445, 31.788502], [35.158365, 31.788486], [35.158286, 31.78847], [35.158207, 31.788459], [35.158129, 31.788449], [35.15805, 31.788439], [35.157951, 31.788412], [35.157852, 31.788386], [35.157752, 31.78836], [35.157653, 31.788333], [35.157554, 31.788307], [35.157469, 31.788276], [35.157384, 31.788244], [35.157299, 31.788213], [35.157213, 31.788181], [35.157128, 31.78815], [35.157043, 31.788118], [35.156953, 31.788084], [35.156862, 31.788049], [35.156771, 31.788015], [35.156681, 31.78798], [35.15659, 31.787946], [35.156499, 31.787911], [35.156417, 31.787874], [35.156335, 31.787836], [35.156252, 31.787799], [35.15617, 31.787761], [35.156087, 31.787724], [35.156005, 31.787686], [35.155935, 31.787649], [35.155865, 31.787611], [35.155795, 31.787573], [35.155725, 31.787536], [35.155639, 31.787485], [35.155553, 31.787433], [35.155467, 31.787382], [35.155381, 31.78733], [35.155295, 31.787279], [35.155209, 31.787228], [35.155138, 31.787183], [35.155066, 31.787138], [35.154994, 31.787093], [35.154923, 31.787048], [35.154851, 31.787003], [35.154779, 31.786959], [35.154695, 31.786918], [35.15461, 31.786878], [35.154526, 31.786838], [35.154441, 31.786798], [35.154356, 31.786758], [35.154279, 31.786733], [35.154202, 31.786709], [35.154124, 31.786684], [35.154038, 31.786662], [35.153952, 31.78664], [35.153865, 31.786618], [35.153779, 31.786596], [35.153692, 31.786558], [35.153606, 31.78652], [35.153519, 31.786482], [35.153433, 31.786444], [35.153346, 31.786406], [35.15326, 31.786369], [35.153173, 31.786331], [35.153087, 31.786293], [35.153, 31.786255], [35.152921, 31.786212], [35.152842, 31.786169], [35.152763, 31.786126], [35.152684, 31.786083], [35.152605, 31.78604], [35.152526, 31.785997], [35.152447, 31.785954], [35.152368, 31.785911], [35.152285, 31.78587], [35.152203, 31.785828], [35.152121, 31.785787], [35.152038, 31.785746], [35.151956, 31.785704], [35.151874, 31.785663], [35.151792, 31.785621], [35.151709, 31.78558], [35.151627, 31.785538], [35.151545, 31.785497], [35.151464, 31.78546], [35.151384, 31.785423], [35.151303, 31.785386], [35.151223, 31.785349], [35.151142, 31.785312], [35.151086, 31.785251], [35.151031, 31.78519], [35.150975, 31.78513], [35.150979, 31.785055], [35.150983, 31.784981], [35.150979, 31.784919], [35.150975, 31.784857], [35.150972, 31.784796], [35.150976, 31.784707], [35.150979, 31.784618], [35.150983, 31.784529], [35.150987, 31.78444], [35.15099, 31.784351], [35.150992, 31.784288], [35.150994, 31.784225], [35.151001, 31.78415], [35.151007, 31.784076], [35.151014, 31.784002], [35.15102, 31.783927], [35.151027, 31.783853], [35.151037, 31.783771], [35.151047, 31.783688], [35.151058, 31.783606], [35.151068, 31.783523], [35.151068, 31.783471], [35.151068, 31.783418], [35.151046, 31.78337], [35.151024, 31.783323], [35.151, 31.783269], [35.150915, 31.78323], [35.150831, 31.783191], [35.150747, 31.783151], [35.150662, 31.783131], [35.150577, 31.783111], [35.150491, 31.78309], [35.150406, 31.78307], [35.150321, 31.783049], [35.15032, 31.783049], [35.150236, 31.783032], [35.150153, 31.783014], [35.150069, 31.782996], [35.149986, 31.782979], [35.149908, 31.782979], [35.14983, 31.782979], [35.149752, 31.782979], [35.149665, 31.782965], [35.149577, 31.782951], [35.14949, 31.782938], [35.149402, 31.782924], [35.149315, 31.78291], [35.14922, 31.782885], [35.149125, 31.782861], [35.149037, 31.78282], [35.148948, 31.78278], [35.148904, 31.78271], [35.148883, 31.782647], [35.146672, 31.784064], [35.145779, 31.785013], [35.145804, 31.785022], [35.145872, 31.785049], [35.14594, 31.785077], [35.146008, 31.785104], [35.146092, 31.785143], [35.146176, 31.785182], [35.14626, 31.785222], [35.146344, 31.785261], [35.146429, 31.785306], [35.146514, 31.785351], [35.146599, 31.785397], [35.146628, 31.785464], [35.146637, 31.78555], [35.146645, 31.785636], [35.146654, 31.785721], [35.146667, 31.785804], [35.14668, 31.785888], [35.146693, 31.785971], [35.146706, 31.786054], [35.146732, 31.786128], [35.146759, 31.786201], [35.146786, 31.786275], [35.146812, 31.786349], [35.146839, 31.786422], [35.146893, 31.786497], [35.146946, 31.786572], [35.147, 31.786647], [35.147057, 31.786697], [35.147114, 31.786748], [35.14717, 31.786798], [35.14726, 31.786812], [35.147349, 31.786827], [35.147438, 31.786841], [35.147534, 31.786846], [35.147631, 31.786851], [35.147727, 31.786857], [35.147824, 31.786862], [35.147928, 31.786858], [35.148032, 31.786854], [35.148137, 31.78685], [35.148241, 31.786845], [35.148322, 31.786844], [35.148403, 31.786842], [35.148483, 31.78684], [35.148564, 31.786839], [35.148646, 31.786834], [35.148727, 31.78683], [35.148809, 31.786826], [35.148891, 31.786822], [35.148967, 31.786819], [35.149043, 31.786817], [35.149119, 31.786814], [35.149224, 31.786819], [35.149329, 31.786823], [35.149435, 31.786828], [35.14954, 31.786832], [35.149623, 31.78684], [35.149706, 31.786848], [35.149789, 31.786856], [35.149873, 31.786864], [35.149947, 31.786862], [35.150021, 31.78686], [35.150095, 31.786858], [35.150192, 31.786832], [35.150289, 31.786806], [35.150357, 31.78675], [35.150425, 31.786693], [35.150513, 31.786647], [35.150601, 31.786601], [35.150704, 31.786589], [35.150807, 31.786576], [35.15091, 31.786563], [35.150997, 31.786565], [35.151084, 31.786566], [35.151171, 31.786568], [35.151258, 31.786569], [35.151345, 31.786571], [35.151435, 31.786582], [35.151525, 31.786594], [35.151615, 31.786606], [35.151707, 31.78662], [35.151716, 31.786621], [35.1518, 31.786634], [35.151782, 31.786722], [35.151765, 31.78681], [35.151748, 31.786897], [35.151731, 31.786985], [35.151731, 31.786989], [35.151731, 31.787014], [35.151731, 31.787015], [35.151743, 31.787014], [35.151777, 31.787009], [35.151848, 31.787002], [35.151918, 31.786994], [35.152047, 31.786981], [35.152192, 31.78722], [35.152535, 31.788139], [35.15292, 31.788823], [35.153523, 31.789374], [35.154341, 31.789864], [35.154375, 31.789884], [35.154843, 31.790151], [35.155532, 31.790406], [35.156339, 31.790712], [35.156968, 31.790902], [35.15772, 31.79113], [35.157772, 31.791138], [35.158362, 31.791231], [35.15906, 31.791275], [35.159255, 31.791277], [35.160313, 31.791228], [35.160637, 31.791214], [35.16247, 31.791368], [35.162894, 31.791501], [35.162897, 31.791502], [35.163615, 31.791474], [35.163906, 31.791703], [35.163929, 31.791768], [35.163898, 31.791792], [35.163934, 31.791807], [35.163945, 31.791812], [35.164246, 31.791935], [35.164237, 31.791974], [35.16427, 31.791965], [35.164489, 31.791936], [35.164745, 31.791948], [35.164995, 31.791985], [35.165212, 31.79205], [35.165391, 31.79213], [35.165418, 31.792142], [35.165657, 31.792281], [35.165803, 31.792393], [35.165813, 31.7924], [35.165912, 31.792476], [35.166026, 31.792575], [35.166174, 31.792713], [35.166265, 31.792821], [35.166377, 31.792848], [35.166643, 31.793186], [35.16673, 31.793299], [35.166786, 31.793371], [35.1669, 31.793519], [35.167184, 31.793888], [35.167185, 31.793889], [35.167432, 31.794201], [35.167698, 31.794529], [35.167948, 31.794839], [35.167963, 31.794857], [35.168123, 31.795058], [35.168306, 31.79525], [35.168511, 31.795439], [35.168707, 31.795583], [35.168924, 31.795736], [35.16915, 31.795886], [35.169306, 31.795988], [35.169385, 31.79604], [35.169388, 31.796041], [35.169394, 31.796045], [35.169408, 31.796054], [35.169425, 31.796066], [35.16943, 31.796069], [35.169678, 31.796231], [35.170019, 31.796452], [35.170328, 31.796673], [35.170486, 31.796787], [35.17061, 31.796905], [35.170767, 31.797018], [35.170802, 31.797044], [35.170816, 31.797056], [35.171029, 31.797235], [35.171037, 31.797242], [35.171258, 31.796635], [35.171312, 31.796489], [35.171498, 31.796224]]]}}, {"type": "Feature", "properties": {"subq": "152", "name_he": "הר נוף", "stat_area_ids": ["1524", "1525"], "n_stat_areas": 2, "pop_approx": 7290, "hh_total": 2020, "has_data": true, "started_2022": 0, "completed_2022": 6, "started_2023": 1, "completed_2023": 0, "started_2024": 1, "completed_2024": 45, "started_2025": 0, "completed_2025": 1, "started_total": 2, "completed_total": 52, "started_per_1000": 0.3, "has_dwellings": true, "dwellings_2023": 3537, "rented_pct_2023": 24.8, "dwellings_2024": 3542, "rented_pct_2024": 24.4, "dwellings_2025": 3550, "rented_pct_2025": 24.8, "started_pct_of_stock": 0.1}, "geometry": {"type": "Polygon", "coordinates": [[[35.179101, 31.780181], [35.179008, 31.780159], [35.178915, 31.780142], [35.178823, 31.780126], [35.178731, 31.78011], [35.178638, 31.780093], [35.178546, 31.780077], [35.178453, 31.780061], [35.178361, 31.780044], [35.178269, 31.780028], [35.178167, 31.780008], [35.178065, 31.779987], [35.177963, 31.779967], [35.177861, 31.779946], [35.177759, 31.779926], [35.177657, 31.779906], [35.177555, 31.779885], [35.177453, 31.779865], [35.177357, 31.779852], [35.17726, 31.77984], [35.177164, 31.779827], [35.177067, 31.779815], [35.176971, 31.779803], [35.176874, 31.77979], [35.176778, 31.779778], [35.176685, 31.779759], [35.176593, 31.779741], [35.176501, 31.779723], [35.176408, 31.779705], [35.176316, 31.779686], [35.176221, 31.779666], [35.176125, 31.779645], [35.17603, 31.779624], [35.175971, 31.779611], [35.175912, 31.779599], [35.17589, 31.779596], [35.175796, 31.779591], [35.175703, 31.779586], [35.17561, 31.779581], [35.175517, 31.779576], [35.175423, 31.779571], [35.17533, 31.779566], [35.175237, 31.779561], [35.175137, 31.779562], [35.175036, 31.779563], [35.174936, 31.779563], [35.174836, 31.779564], [35.174735, 31.779565], [35.174635, 31.779566], [35.174535, 31.779567], [35.174435, 31.779568], [35.174334, 31.779569], [35.174234, 31.779569], [35.174137, 31.779567], [35.174041, 31.779565], [35.173944, 31.779563], [35.173847, 31.77956], [35.17375, 31.779558], [35.173653, 31.779556], [35.173557, 31.779554], [35.17346, 31.779551], [35.173363, 31.779549], [35.173259, 31.779558], [35.173155, 31.779567], [35.17305, 31.779576], [35.172946, 31.779585], [35.172842, 31.779594], [35.172738, 31.779603], [35.172634, 31.779612], [35.172629, 31.779614], [35.172552, 31.779638], [35.172476, 31.779661], [35.172399, 31.779685], [35.172323, 31.779709], [35.17226, 31.779752], [35.172198, 31.779795], [35.172135, 31.779838], [35.172091, 31.779886], [35.172046, 31.779935], [35.172002, 31.779983], [35.171958, 31.780044], [35.171914, 31.780105], [35.17187, 31.780166], [35.171826, 31.780227], [35.171794, 31.780312], [35.171763, 31.780398], [35.171731, 31.780484], [35.171699, 31.78057], [35.171668, 31.780656], [35.171636, 31.780742], [35.171599, 31.780814], [35.171562, 31.780887], [35.171526, 31.780959], [35.171489, 31.781032], [35.171452, 31.781105], [35.171415, 31.781177], [35.17139, 31.781259], [35.171366, 31.78134], [35.17135, 31.781417], [35.171335, 31.781494], [35.171319, 31.78157], [35.171303, 31.781647], [35.171287, 31.781724], [35.171279, 31.781804], [35.171271, 31.781885], [35.171263, 31.781966], [35.171261, 31.781984], [35.170862, 31.783186], [35.171125, 31.78462], [35.171123, 31.784659], [35.171094, 31.784745], [35.171065, 31.784832], [35.171035, 31.784918], [35.171006, 31.785004], [35.170977, 31.785091], [35.170947, 31.785177], [35.170936, 31.78521], [35.171142, 31.785297], [35.172235, 31.785767], [35.172325, 31.785799], [35.172327, 31.785798], [35.17335, 31.785603], [35.173762, 31.785539], [35.174008, 31.785526], [35.174045, 31.78566], [35.17415, 31.785656], [35.174255, 31.785611], [35.174556, 31.785439], [35.17462, 31.785358], [35.174668, 31.785349], [35.174823, 31.78532], [35.174949, 31.785295], [35.175088, 31.785267], [35.175084, 31.785273], [35.175154, 31.785262], [35.175626, 31.785316], [35.1758, 31.785347], [35.175799, 31.785343], [35.175771, 31.78524], [35.175758, 31.785194], [35.175721, 31.785066], [35.175589, 31.784891], [35.175404, 31.784708], [35.175323, 31.784629], [35.175184, 31.784457], [35.175142, 31.784406], [35.175056, 31.784127], [35.175019, 31.783816], [35.175026, 31.783781], [35.17507, 31.783549], [35.175219, 31.783284], [35.175386, 31.783059], [35.175568, 31.782904], [35.175619, 31.782861], [35.175776, 31.782793], [35.175814, 31.782781], [35.176015, 31.78272], [35.176241, 31.782712], [35.176489, 31.782737], [35.1767, 31.782755], [35.176755, 31.782761], [35.176786, 31.782762], [35.176998, 31.78277], [35.177263, 31.782778], [35.177513, 31.782748], [35.177634, 31.782733], [35.177762, 31.782717], [35.177916, 31.78272], [35.178083, 31.782756], [35.178228, 31.782812], [35.178254, 31.782823], [35.178404, 31.78294], [35.178491, 31.783076], [35.178529, 31.78322], [35.178534, 31.783377], [35.178517, 31.783507], [35.178434, 31.783676], [35.178428, 31.783688], [35.178292, 31.783909], [35.178188, 31.784007], [35.178022, 31.784162], [35.177843, 31.784336], [35.177731, 31.784539], [35.177704, 31.784662], [35.177701, 31.784673], [35.177703, 31.78476], [35.177704, 31.784779], [35.177717, 31.784883], [35.177749, 31.784968], [35.177781, 31.785053], [35.177849, 31.785153], [35.177856, 31.785164], [35.177963, 31.785276], [35.178112, 31.78537], [35.178307, 31.785437], [35.178561, 31.785543], [35.178784, 31.785648], [35.179032, 31.785787], [35.179226, 31.785985], [35.179383, 31.786181], [35.179424, 31.786254], [35.180115, 31.785798], [35.179854, 31.785469], [35.179868, 31.785462], [35.180931, 31.784929], [35.18198, 31.78446], [35.183529, 31.783977], [35.184578, 31.78382], [35.185222, 31.78382], [35.186193, 31.783692], [35.186908, 31.783437], [35.187249, 31.783347], [35.187212, 31.783332], [35.18706, 31.783264], [35.186915, 31.783184], [35.186814, 31.783107], [35.186699, 31.783063], [35.186468, 31.782974], [35.186106, 31.782841], [35.185726, 31.782706], [35.185495, 31.782625], [35.185301, 31.78254], [35.18504, 31.78239], [35.184768, 31.782243], [35.184629, 31.782178], [35.18444, 31.782036], [35.184133, 31.781839], [35.183918, 31.781737], [35.183783, 31.781702], [35.18364, 31.781674], [35.183412, 31.781622], [35.183173, 31.781569], [35.183046, 31.781534], [35.1829, 31.781517], [35.182783, 31.781499], [35.182483, 31.781425], [35.182302, 31.781388], [35.182003, 31.781329], [35.181908, 31.781295], [35.181866, 31.781253], [35.18182, 31.781208], [35.181718, 31.781119], [35.18161, 31.78102], [35.18149, 31.780912], [35.181312, 31.780771], [35.181152, 31.780669], [35.180833, 31.780528], [35.180669, 31.780453], [35.180531, 31.780386], [35.180536, 31.780346], [35.18006, 31.780082], [35.180067, 31.780136], [35.180078, 31.780212], [35.180089, 31.780289], [35.1801, 31.780365], [35.1801, 31.780371], [35.180104, 31.780395], [35.180068, 31.780431], [35.180033, 31.780466], [35.179976, 31.78045], [35.17993, 31.780419], [35.179884, 31.780388], [35.179805, 31.780363], [35.179726, 31.780339], [35.179647, 31.780314], [35.179568, 31.780289], [35.179475, 31.780268], [35.179381, 31.780246], [35.179288, 31.780224], [35.179195, 31.780202], [35.179153, 31.780193], [35.179101, 31.780181]]]}}, {"type": "Feature", "properties": {"subq": "161", "name_he": "חומת שמואל (הר חומה)", "stat_area_ids": ["1611", "1612", "1613", "1614", "1615", "1616", "1617", "1618"], "n_stat_areas": 8, "pop_approx": 25510, "hh_total": 6598, "has_data": true, "started_2022": 125, "completed_2022": 19, "started_2023": 0, "completed_2023": 0, "started_2024": 796, "completed_2024": 0, "started_2025": 17, "completed_2025": 134, "started_total": 938, "completed_total": 153, "started_per_1000": 36.8, "has_dwellings": true, "dwellings_2023": 5988, "rented_pct_2023": 23.0, "dwellings_2024": 5962, "rented_pct_2024": 24.0, "dwellings_2025": 6043, "rented_pct_2025": 23.9, "started_pct_of_stock": 15.5}, "geometry": {"type": "Polygon", "coordinates": [[[35.23116, 31.713151], [35.231158, 31.713157], [35.231134, 31.713225], [35.231079, 31.713295], [35.231027, 31.713321], [35.230974, 31.713347], [35.230907, 31.713375], [35.23084, 31.713404], [35.230783, 31.71346], [35.230726, 31.713517], [35.230682, 31.713565], [35.230638, 31.713613], [35.230557, 31.713658], [35.230496, 31.713701], [35.230481, 31.713743], [35.230476, 31.71379], [35.230472, 31.713837], [35.230476, 31.713897], [35.230481, 31.713957], [35.230454, 31.714003], [35.230428, 31.714048], [35.230383, 31.714112], [35.230337, 31.714177], [35.230292, 31.714241], [35.230241, 31.714305], [35.230189, 31.714368], [35.230138, 31.714432], [35.230097, 31.714473], [35.230056, 31.714514], [35.229992, 31.714553], [35.229928, 31.714592], [35.22984, 31.714635], [35.229796, 31.714656], [35.229787, 31.714713], [35.229772, 31.714794], [35.229757, 31.714875], [35.229728, 31.714947], [35.229668, 31.715018], [35.229608, 31.715089], [35.22957, 31.715161], [35.22955, 31.715236], [35.229529, 31.715312], [35.229504, 31.715367], [35.229486, 31.715445], [35.229485, 31.715516], [35.229485, 31.715587], [35.22948, 31.715655], [35.229475, 31.715722], [35.229482, 31.715805], [35.22949, 31.715888], [35.229472, 31.715942], [35.229453, 31.715995], [35.229413, 31.716052], [35.229373, 31.716109], [35.229364, 31.716155], [35.229351, 31.716219], [35.229299, 31.716269], [35.229246, 31.716319], [35.229211, 31.716369], [35.229176, 31.716419], [35.229157, 31.716473], [35.229134, 31.716546], [35.2291, 31.716603], [35.229067, 31.716661], [35.229029, 31.716724], [35.22899, 31.716787], [35.228952, 31.71685], [35.228914, 31.71692], [35.228875, 31.716991], [35.228849, 31.717042], [35.228822, 31.717093], [35.228761, 31.71716], [35.228699, 31.717227], [35.228637, 31.717294], [35.228576, 31.717361], [35.228514, 31.717428], [35.228523, 31.717492], [35.228529, 31.717542], [35.228531, 31.717556], [35.228436, 31.717591], [35.22834, 31.717625], [35.228245, 31.717659], [35.228149, 31.717694], [35.228054, 31.717728], [35.227959, 31.717763], [35.227863, 31.717797], [35.227768, 31.717831], [35.227672, 31.717866], [35.227577, 31.7179], [35.227481, 31.717934], [35.227386, 31.717969], [35.22729, 31.718003], [35.227195, 31.718038], [35.227109, 31.718069], [35.227099, 31.718072], [35.227004, 31.718106], [35.226909, 31.718141], [35.226813, 31.718175], [35.226718, 31.718209], [35.226622, 31.718244], [35.226527, 31.718278], [35.226431, 31.718313], [35.226336, 31.718347], [35.22624, 31.718381], [35.226145, 31.718416], [35.22605, 31.71845], [35.225954, 31.718484], [35.225859, 31.718519], [35.225763, 31.718553], [35.225668, 31.718588], [35.225572, 31.718622], [35.225477, 31.718656], [35.225381, 31.718691], [35.225286, 31.718725], [35.22519, 31.718759], [35.225095, 31.718794], [35.225, 31.718828], [35.224904, 31.718863], [35.224809, 31.718897], [35.224713, 31.718931], [35.224618, 31.718966], [35.224522, 31.719], [35.224438, 31.718947], [35.224353, 31.718895], [35.224269, 31.718842], [35.224185, 31.718789], [35.2241, 31.718736], [35.224016, 31.718684], [35.223931, 31.718631], [35.223847, 31.718578], [35.223763, 31.718526], [35.223678, 31.718473], [35.223594, 31.71842], [35.223509, 31.718368], [35.223425, 31.718315], [35.223341, 31.718262], [35.223256, 31.718209], [35.223172, 31.718157], [35.223087, 31.718104], [35.223003, 31.718051], [35.222918, 31.717999], [35.222834, 31.717946], [35.22275, 31.717893], [35.222665, 31.71784], [35.222581, 31.717788], [35.222496, 31.717735], [35.222412, 31.717682], [35.222328, 31.71763], [35.222243, 31.717577], [35.222159, 31.717524], [35.222074, 31.717471], [35.22199, 31.717419], [35.221905, 31.717366], [35.221821, 31.717313], [35.221737, 31.717261], [35.221652, 31.717208], [35.221568, 31.717155], [35.221483, 31.717102], [35.221399, 31.71705], [35.221315, 31.716997], [35.22123, 31.716944], [35.221146, 31.716892], [35.221061, 31.716839], [35.220977, 31.716786], [35.220893, 31.716733], [35.220808, 31.716681], [35.220724, 31.716628], [35.220639, 31.716575], [35.220555, 31.716523], [35.22047, 31.71647], [35.220386, 31.716417], [35.220302, 31.716364], [35.220217, 31.716312], [35.220133, 31.716259], [35.220048, 31.716206], [35.219964, 31.716154], [35.21988, 31.716101], [35.219795, 31.716048], [35.219711, 31.715995], [35.219626, 31.715943], [35.219542, 31.71589], [35.219458, 31.715837], [35.219373, 31.715785], [35.219289, 31.715732], [35.219204, 31.715679], [35.21912, 31.715626], [35.219035, 31.715574], [35.21895, 31.715626], [35.218864, 31.715677], [35.218779, 31.715729], [35.218693, 31.715781], [35.218607, 31.715833], [35.218522, 31.715885], [35.218436, 31.715937], [35.21835, 31.715988], [35.218265, 31.71604], [35.218179, 31.716092], [35.218094, 31.716144], [35.218008, 31.716196], [35.217922, 31.716247], [35.217837, 31.716299], [35.217751, 31.716351], [35.217665, 31.716403], [35.21758, 31.716455], [35.217494, 31.716507], [35.217408, 31.716558], [35.217323, 31.71661], [35.217237, 31.716662], [35.217152, 31.716714], [35.217066, 31.716766], [35.21698, 31.716817], [35.216895, 31.716869], [35.216809, 31.716921], [35.216723, 31.716973], [35.216638, 31.717025], [35.216552, 31.717077], [35.216466, 31.717128], [35.216381, 31.71718], [35.216295, 31.717232], [35.21621, 31.717284], [35.216124, 31.717336], [35.216038, 31.717387], [35.215953, 31.717439], [35.215867, 31.717491], [35.215781, 31.717543], [35.215696, 31.717595], [35.21561, 31.717647], [35.21557, 31.717671], [35.215574, 31.717676], [35.215626, 31.717737], [35.216062, 31.718339], [35.215527, 31.71851], [35.215383, 31.719073], [35.21609, 31.719411], [35.21585, 31.719964], [35.21588, 31.720322], [35.21579, 31.720547], [35.215539, 31.721182], [35.215587, 31.721466], [35.215457, 31.721531], [35.215354, 31.721582], [35.21259, 31.72296], [35.207227, 31.72567], [35.207223, 31.725672], [35.206456, 31.726059], [35.206363, 31.726064], [35.20622, 31.726113], [35.206057, 31.72618], [35.205957, 31.726232], [35.205912, 31.726266], [35.205832, 31.726331], [35.205736, 31.726384], [35.205578, 31.726425], [35.205492, 31.726445], [35.20538, 31.726508], [35.205274, 31.726579], [35.205186, 31.72664], [35.205042, 31.726701], [35.20489, 31.726725], [35.204567, 31.726678], [35.204589, 31.726735], [35.204595, 31.726752], [35.204641, 31.726866], [35.204705, 31.72704], [35.204782, 31.727246], [35.204829, 31.727425], [35.204854, 31.727475], [35.204924, 31.727616], [35.204999, 31.727849], [35.205043, 31.72799], [35.205091, 31.728115], [35.205151, 31.728289], [35.205199, 31.72845], [35.205227, 31.728567], [35.205256, 31.728706], [35.205273, 31.728827], [35.205288, 31.728926], [35.205297, 31.729008], [35.205313, 31.729091], [35.205327, 31.729201], [35.205332, 31.729304], [35.205334, 31.729396], [35.205355, 31.729512], [35.205358, 31.729584], [35.205359, 31.729611], [35.205375, 31.729734], [35.205392, 31.729883], [35.205428, 31.730034], [35.205444, 31.730172], [35.205478, 31.730291], [35.2055, 31.730419], [35.205537, 31.730524], [35.205563, 31.730622], [35.205595, 31.730701], [35.205634, 31.730821], [35.205674, 31.730902], [35.205718, 31.730979], [35.205766, 31.731071], [35.205818, 31.731161], [35.205841, 31.731201], [35.205849, 31.731213], [35.205875, 31.731258], [35.205945, 31.731331], [35.206333, 31.731734], [35.20679, 31.732181], [35.207399, 31.732627], [35.20833, 31.733281], [35.208379, 31.733315], [35.208857, 31.733761], [35.209401, 31.734282], [35.20975, 31.734877], [35.209933, 31.735213], [35.209736, 31.735291], [35.208657, 31.735521], [35.208512, 31.735555], [35.20822, 31.735553], [35.207976, 31.735577], [35.207704, 31.735523], [35.207445, 31.735415], [35.20727, 31.735354], [35.206628, 31.735939], [35.206491, 31.736215], [35.206217, 31.736767], [35.206217, 31.736768], [35.205859, 31.737394], [35.205744, 31.737427], [35.204729, 31.737433], [35.204511, 31.737428], [35.204502, 31.7375], [35.204493, 31.739134], [35.205423, 31.739055], [35.205775, 31.739842], [35.206093, 31.740322], [35.206621, 31.740837], [35.207461, 31.741925], [35.207583, 31.741863], [35.208461, 31.741423], [35.208872, 31.741218], [35.2093, 31.741044], [35.20948, 31.740971], [35.209915, 31.740853], [35.209907, 31.740859], [35.210446, 31.740726], [35.210806, 31.740614], [35.212346, 31.740173], [35.212838, 31.740041], [35.212842, 31.740055], [35.212894, 31.740113], [35.212932, 31.740163], [35.212978, 31.740085], [35.213047, 31.740017], [35.213117, 31.739959], [35.213318, 31.740297], [35.213389, 31.740148], [35.213389, 31.740146], [35.213341, 31.740053], [35.213388, 31.739991], [35.213391, 31.739989], [35.213393, 31.739986], [35.213395, 31.739983], [35.213397, 31.73998], [35.2134, 31.739978], [35.213402, 31.739975], [35.213405, 31.739973], [35.213408, 31.73997], [35.21341, 31.739968], [35.213413, 31.739965], [35.213416, 31.739963], [35.213419, 31.73996], [35.213422, 31.739958], [35.213425, 31.739956], [35.213428, 31.739954], [35.213431, 31.739952], [35.213434, 31.73995], [35.213437, 31.739948], [35.21344, 31.739946], [35.213443, 31.739944], [35.213447, 31.739942], [35.21345, 31.73994], [35.213453, 31.739938], [35.213457, 31.739937], [35.21346, 31.739935], [35.213464, 31.739934], [35.213467, 31.739932], [35.213471, 31.739931], [35.213475, 31.73993], [35.213478, 31.739928], [35.213482, 31.739927], [35.213486, 31.739926], [35.213489, 31.739925], [35.213493, 31.739924], [35.213497, 31.739923], [35.213513, 31.73989], [35.213603, 31.739704], [35.214114, 31.739071], [35.214315, 31.738926], [35.214363, 31.738881], [35.214491, 31.73878], [35.214589, 31.738731], [35.214573, 31.7387], [35.214646, 31.738648], [35.21561, 31.737642], [35.215988, 31.737329], [35.216233, 31.737112], [35.2191, 31.734578], [35.219141, 31.734542], [35.218833, 31.734084], [35.218838, 31.734083], [35.218802, 31.733837], [35.218756, 31.733588], [35.218669, 31.733152], [35.218747, 31.733121], [35.21891, 31.733045], [35.219092, 31.732967], [35.219389, 31.732849], [35.219609, 31.732759], [35.219779, 31.732685], [35.219867, 31.732638], [35.21995, 31.732627], [35.220036, 31.732624], [35.220129, 31.732616], [35.22025, 31.732572], [35.220418, 31.732525], [35.22047, 31.732503], [35.220521, 31.732481], [35.220623, 31.732457], [35.220748, 31.732433], [35.22085, 31.732423], [35.22098, 31.732419], [35.221097, 31.732406], [35.221196, 31.732371], [35.22134, 31.732302], [35.22148, 31.73222], [35.221536, 31.73215], [35.221553, 31.732085], [35.2215, 31.732086], [35.221411, 31.732062], [35.221348, 31.732032], [35.221288, 31.731979], [35.221239, 31.73192], [35.221193, 31.731833], [35.221199, 31.731825], [35.220829, 31.73103], [35.221828, 31.730399], [35.222494, 31.730014], [35.222888, 31.729902], [35.223848, 31.729632], [35.224457, 31.729518], [35.224498, 31.729514], [35.225086, 31.729408], [35.22516, 31.729391], [35.225168, 31.72939], [35.225654, 31.729248], [35.226283, 31.729063], [35.226583, 31.728864], [35.226858, 31.72868], [35.226867, 31.728662], [35.227322, 31.728364], [35.228167, 31.727757], [35.228314, 31.727678], [35.228316, 31.727682], [35.228709, 31.72746], [35.229733, 31.72668], [35.230794, 31.725873], [35.23143, 31.725278], [35.232767, 31.724027], [35.233309, 31.723398], [35.233456, 31.723228], [35.233409, 31.722269], [35.233401, 31.722077], [35.2334, 31.722065], [35.233398, 31.722015], [35.233396, 31.721985], [35.233357, 31.721167], [35.233386, 31.720596], [35.233167, 31.720161], [35.23309, 31.719865], [35.233086, 31.719611], [35.233097, 31.719146], [35.233206, 31.718189], [35.233278, 31.717578], [35.233252, 31.717249], [35.23325, 31.717228], [35.233237, 31.717059], [35.233236, 31.717049], [35.233214, 31.716781], [35.233144, 31.716199], [35.232672, 31.715266], [35.232478, 31.71493], [35.232394, 31.714788], [35.232373, 31.714751], [35.232153, 31.714086], [35.231799, 31.713721], [35.23162, 31.713493], [35.231333, 31.713115], [35.231305, 31.713081], [35.231216, 31.713015], [35.231215, 31.713017], [35.231181, 31.71309], [35.23116, 31.713151]]]}}, {"type": "Feature", "properties": {"subq": "171", "name_he": "בית וגן", "stat_area_ids": ["1711", "1712", "1713", "1714", "1715", "1716"], "n_stat_areas": 6, "pop_approx": 24339, "hh_total": 5980, "has_data": true, "started_2022": 33, "completed_2022": 104, "started_2023": 56, "completed_2023": 50, "started_2024": 9, "completed_2024": 12, "started_2025": 77, "completed_2025": 1, "started_total": 175, "completed_total": 167, "started_per_1000": 7.2, "has_dwellings": true, "dwellings_2023": 5204, "rented_pct_2023": 33.8, "dwellings_2024": 5213, "rented_pct_2024": 33.9, "dwellings_2025": 5226, "rented_pct_2025": 34.9, "started_pct_of_stock": 3.3}, "geometry": {"type": "Polygon", "coordinates": [[[35.190442, 31.760985], [35.190452, 31.760847], [35.190455, 31.76081], [35.190455, 31.760801], [35.190478, 31.760505], [35.190437, 31.760267], [35.1904, 31.760162], [35.190378, 31.760102], [35.189983, 31.760215], [35.189907, 31.760352], [35.18988, 31.760367], [35.189627, 31.760501], [35.189611, 31.760483], [35.189385, 31.760418], [35.189038, 31.760433], [35.188781, 31.760607], [35.187963, 31.761189], [35.187781, 31.760691], [35.187697, 31.760664], [35.1876, 31.760636], [35.187581, 31.760614], [35.187541, 31.760589], [35.187083, 31.760692], [35.185423, 31.761102], [35.185419, 31.761088], [35.185405, 31.761037], [35.185274, 31.760557], [35.185094, 31.760089], [35.184957, 31.759632], [35.184923, 31.759549], [35.184823, 31.759311], [35.184717, 31.759354], [35.184535, 31.759423], [35.184423, 31.759474], [35.18436, 31.759499], [35.18431, 31.759519], [35.184282, 31.759539], [35.184253, 31.759573], [35.184189, 31.759796], [35.184167, 31.759898], [35.184149, 31.759984], [35.184134, 31.760075], [35.184137, 31.760137], [35.184179, 31.760234], [35.184368, 31.760554], [35.184382, 31.760577], [35.184489, 31.76077], [35.184624, 31.760973], [35.184691, 31.761081], [35.184698, 31.761125], [35.18469, 31.761172], [35.18468, 31.761193], [35.184624, 31.761249], [35.184515, 31.761293], [35.18438, 31.761347], [35.184215, 31.761419], [35.184117, 31.76148], [35.183977, 31.761647], [35.183923, 31.761715], [35.183919, 31.761721], [35.183896, 31.761763], [35.183824, 31.761889], [35.183786, 31.763038], [35.183388, 31.763366], [35.183182, 31.76344], [35.182871, 31.763473], [35.18269, 31.763474], [35.182452, 31.76338], [35.182184, 31.763289], [35.182023, 31.763529], [35.181929, 31.763676], [35.181875, 31.763831], [35.181932, 31.764283], [35.182091, 31.764813], [35.182115, 31.76483], [35.182167, 31.765013], [35.182202, 31.76538], [35.182144, 31.765662], [35.182012, 31.765951], [35.181823, 31.766169], [35.181659, 31.766305], [35.181545, 31.766418], [35.181098, 31.765738], [35.181295, 31.76542], [35.181306, 31.765336], [35.181367, 31.765259], [35.181358, 31.765157], [35.181309, 31.765007], [35.181264, 31.764878], [35.181212, 31.764786], [35.181136, 31.764666], [35.181131, 31.764657], [35.180603, 31.763916], [35.180083, 31.763505], [35.179542, 31.763152], [35.179253, 31.763032], [35.179254, 31.763105], [35.179148, 31.763572], [35.178891, 31.764216], [35.178665, 31.765096], [35.178454, 31.765134], [35.178515, 31.765348], [35.178534, 31.765357], [35.178581, 31.765384], [35.178689, 31.765447], [35.178744, 31.765505], [35.178795, 31.76559], [35.178838, 31.76568], [35.178866, 31.765806], [35.178902, 31.765922], [35.178951, 31.76604], [35.178976, 31.766076], [35.178965, 31.766116], [35.179082, 31.766473], [35.179159, 31.766713], [35.179232, 31.76694], [35.179071, 31.76765], [35.179065, 31.767654], [35.179024, 31.767673], [35.178767, 31.767722], [35.178566, 31.76774], [35.178315, 31.767755], [35.178135, 31.76777], [35.178122, 31.767823], [35.178101, 31.767943], [35.178104, 31.767975], [35.178107, 31.768042], [35.17811, 31.768116], [35.178112, 31.768145], [35.178141, 31.76837], [35.178153, 31.768452], [35.178164, 31.768525], [35.1782, 31.76864], [35.178314, 31.768604], [35.178429, 31.768582], [35.178703, 31.768582], [35.17889, 31.768612], [35.178905, 31.768616], [35.179145, 31.768673], [35.179419, 31.768728], [35.179686, 31.768814], [35.1799, 31.768903], [35.179994, 31.768962], [35.180203, 31.769092], [35.180499, 31.769299], [35.180753, 31.769465], [35.180949, 31.769642], [35.180978, 31.76967], [35.181133, 31.769838], [35.181307, 31.770081], [35.181383, 31.770196], [35.181448, 31.770294], [35.181561, 31.770529], [35.181638, 31.77071], [35.181686, 31.770824], [35.181766, 31.771052], [35.1819, 31.771514], [35.18195, 31.771629], [35.181772, 31.771614], [35.181736, 31.771614], [35.181717, 31.771611], [35.181647, 31.771602], [35.181535, 31.771596], [35.181478, 31.771586], [35.18145, 31.771575], [35.181362, 31.771533], [35.181304, 31.771485], [35.181227, 31.771387], [35.181183, 31.771309], [35.181137, 31.771165], [35.181041, 31.770902], [35.180945, 31.770573], [35.180834, 31.77032], [35.180745, 31.770161], [35.180642, 31.770028], [35.180502, 31.76991], [35.180356, 31.769841], [35.180182, 31.76978], [35.179985, 31.769733], [35.179769, 31.769679], [35.179554, 31.76963], [35.179387, 31.769607], [35.179157, 31.769593], [35.178959, 31.769606], [35.178943, 31.769608], [35.178823, 31.769622], [35.178623, 31.769673], [35.178607, 31.769676], [35.178477, 31.769728], [35.178325, 31.769794], [35.178193, 31.769863], [35.178186, 31.769866], [35.178047, 31.769931], [35.177899, 31.769986], [35.177646, 31.770067], [35.177432, 31.770119], [35.177153, 31.770171], [35.176756, 31.770221], [35.176493, 31.770255], [35.176302, 31.770272], [35.176105, 31.770277], [35.175918, 31.770276], [35.175626, 31.77025], [35.175282, 31.770214], [35.174997, 31.770176], [35.174774, 31.770148], [35.174671, 31.770136], [35.174358, 31.770076], [35.173962, 31.769997], [35.173566, 31.769881], [35.173233, 31.769782], [35.172924, 31.769699], [35.172668, 31.769671], [35.172552, 31.769664], [35.172522, 31.769663], [35.172226, 31.7697], [35.171975, 31.769757], [35.171809, 31.769806], [35.17164, 31.769857], [35.171412, 31.769911], [35.171248, 31.76994], [35.171144, 31.769957], [35.171036, 31.769962], [35.170932, 31.769967], [35.170782, 31.769973], [35.170605, 31.769965], [35.170461, 31.769941], [35.170299, 31.769914], [35.170118, 31.769872], [35.169902, 31.769827], [35.169754, 31.769792], [35.169619, 31.769762], [35.169541, 31.769754], [35.169473, 31.769746], [35.169378, 31.769734], [35.169214, 31.769724], [35.169137, 31.76972], [35.168987, 31.769708], [35.168857, 31.769708], [35.168795, 31.769706], [35.168613, 31.769701], [35.167969, 31.76958], [35.167882, 31.77063], [35.167881, 31.770638], [35.167877, 31.770674], [35.166551, 31.770761], [35.16498, 31.771157], [35.164857, 31.771188], [35.164367, 31.770909], [35.162869, 31.772722], [35.162805, 31.7728], [35.162891, 31.772949], [35.163091, 31.773297], [35.163015, 31.773554], [35.163019, 31.773564], [35.162703, 31.774255], [35.162447, 31.774874], [35.162457, 31.775092], [35.16259, 31.775362], [35.162824, 31.775711], [35.16327, 31.776264], [35.163386, 31.77637], [35.163895, 31.77708], [35.163967, 31.777616], [35.163697, 31.777835], [35.163738, 31.777858], [35.163951, 31.777977], [35.164132, 31.778021], [35.164399, 31.778167], [35.164901, 31.778349], [35.165531, 31.778569], [35.165554, 31.778655], [35.165561, 31.778657], [35.165651, 31.778686], [35.16574, 31.778714], [35.16583, 31.778743], [35.165919, 31.778777], [35.166008, 31.778812], [35.166097, 31.778846], [35.166186, 31.77888], [35.166275, 31.778915], [35.166364, 31.778949], [35.166453, 31.778984], [35.166542, 31.779018], [35.166631, 31.779052], [35.16672, 31.779087], [35.166802, 31.779126], [35.166884, 31.779165], [35.166967, 31.779203], [35.167049, 31.779242], [35.16714, 31.779246], [35.167231, 31.77925], [35.167305, 31.77922], [35.167379, 31.779191], [35.167448, 31.779131], [35.167518, 31.779072], [35.167587, 31.779013], [35.167657, 31.778954], [35.167723, 31.778902], [35.167797, 31.778845], [35.16787, 31.778788], [35.167943, 31.778732], [35.168003, 31.778681], [35.168064, 31.77863], [35.168124, 31.778579], [35.168184, 31.778528], [35.168245, 31.778477], [35.168293, 31.778408], [35.168342, 31.778338], [35.16839, 31.778269], [35.168438, 31.7782], [35.168487, 31.778131], [35.168535, 31.778062], [35.168584, 31.777992], [35.168632, 31.777923], [35.168727, 31.777934], [35.168829, 31.777947], [35.168932, 31.777959], [35.169035, 31.777971], [35.169137, 31.777983], [35.16924, 31.777996], [35.169343, 31.778008], [35.169445, 31.77802], [35.169548, 31.778032], [35.169651, 31.778044], [35.169753, 31.778057], [35.169856, 31.778069], [35.169959, 31.778081], [35.170061, 31.778093], [35.170164, 31.778105], [35.170267, 31.778118], [35.170369, 31.77813], [35.170472, 31.778142], [35.170575, 31.778154], [35.170677, 31.778167], [35.17078, 31.778179], [35.170883, 31.778191], [35.170985, 31.778203], [35.171088, 31.778215], [35.171191, 31.778228], [35.171293, 31.77824], [35.171396, 31.778252], [35.171499, 31.778264], [35.171593, 31.778278], [35.171687, 31.778292], [35.171782, 31.778306], [35.171876, 31.77832], [35.17197, 31.778333], [35.172065, 31.778347], [35.172159, 31.778361], [35.172254, 31.778375], [35.172354, 31.778384], [35.172455, 31.778394], [35.172555, 31.778404], [35.172656, 31.778413], [35.172756, 31.778423], [35.172856, 31.778432], [35.17296, 31.778442], [35.173063, 31.778452], [35.173167, 31.778462], [35.17327, 31.778472], [35.173373, 31.778481], [35.173465, 31.778496], [35.173557, 31.77851], [35.173649, 31.778525], [35.173741, 31.778539], [35.173833, 31.778554], [35.173925, 31.778568], [35.174022, 31.778582], [35.174075, 31.778589], [35.174119, 31.778595], [35.174216, 31.778608], [35.174313, 31.778621], [35.17441, 31.778635], [35.174507, 31.778648], [35.174601, 31.77867], [35.174695, 31.778691], [35.17479, 31.778713], [35.174884, 31.778734], [35.174978, 31.778756], [35.175073, 31.778778], [35.175167, 31.778799], [35.175261, 31.778821], [35.175357, 31.778839], [35.175452, 31.778857], [35.175548, 31.778875], [35.175643, 31.778893], [35.175739, 31.778911], [35.175834, 31.77893], [35.17593, 31.778948], [35.176014, 31.778971], [35.176098, 31.778995], [35.176182, 31.779018], [35.176266, 31.779042], [35.17635, 31.779065], [35.176434, 31.779089], [35.17652, 31.779123], [35.176606, 31.779157], [35.176692, 31.779192], [35.176778, 31.779226], [35.176865, 31.779243], [35.176951, 31.77926], [35.177038, 31.779277], [35.177104, 31.779296], [35.17717, 31.779315], [35.177235, 31.779338], [35.177301, 31.779357], [35.177368, 31.779376], [35.177417, 31.77939], [35.177519, 31.779407], [35.177592, 31.779418], [35.177665, 31.779429], [35.177741, 31.779444], [35.177816, 31.779462], [35.17789, 31.779484], [35.177968, 31.779513], [35.178024, 31.779524], [35.178055, 31.779545], [35.178096, 31.779576], [35.178135, 31.779591], [35.178203, 31.779611], [35.178273, 31.779623], [35.178345, 31.77964], [35.178417, 31.779657], [35.178487, 31.779674], [35.178558, 31.77969], [35.178644, 31.779704], [35.178735, 31.779723], [35.178827, 31.779742], [35.17892, 31.779749], [35.179003, 31.779768], [35.179086, 31.779787], [35.179168, 31.779807], [35.179245, 31.779816], [35.179322, 31.779825], [35.179393, 31.779837], [35.179464, 31.77985], [35.179502, 31.779851], [35.179562, 31.779852], [35.179641, 31.779853], [35.179651, 31.779853], [35.179761, 31.779403], [35.179869, 31.77896], [35.179947, 31.778856], [35.181009, 31.777534], [35.181457, 31.776982], [35.181649, 31.776543], [35.181697, 31.776469], [35.181856, 31.776339], [35.182228, 31.776276], [35.182564, 31.776276], [35.18284, 31.776233], [35.183061, 31.776139], [35.183179, 31.776127], [35.183424, 31.776078], [35.183633, 31.776033], [35.183761, 31.776024], [35.184062, 31.776004], [35.184235, 31.775944], [35.184358, 31.775884], [35.184364, 31.775881], [35.184438, 31.775844], [35.184604, 31.775745], [35.184764, 31.775608], [35.184771, 31.775602], [35.184839, 31.775532], [35.184894, 31.775475], [35.185021, 31.775341], [35.185129, 31.775226], [35.185149, 31.775204], [35.185327, 31.775001], [35.185508, 31.774815], [35.185605, 31.774696], [35.185661, 31.774649], [35.185719, 31.774601], [35.186108, 31.774253], [35.186357, 31.77404], [35.186367, 31.774031], [35.186374, 31.774024], [35.186431, 31.773975], [35.18666, 31.773763], [35.186819, 31.773619], [35.186858, 31.773582], [35.186887, 31.773554], [35.186896, 31.773546], [35.187029, 31.773424], [35.187087, 31.773373], [35.187206, 31.773268], [35.18732, 31.773166], [35.187355, 31.773131], [35.187474, 31.773013], [35.187585, 31.772903], [35.18777, 31.772732], [35.187887, 31.772624], [35.188205, 31.772331], [35.188247, 31.772291], [35.188607, 31.771947], [35.188637, 31.771911], [35.188682, 31.771855], [35.18876, 31.771759], [35.188997, 31.771459], [35.189077, 31.771359], [35.189099, 31.771323], [35.189302, 31.770989], [35.189348, 31.770914], [35.189478, 31.77066], [35.189551, 31.770519], [35.189765, 31.770081], [35.190004, 31.769599], [35.190189, 31.769218], [35.19031, 31.769039], [35.190382, 31.768916], [35.190388, 31.768908], [35.190595, 31.768628], [35.190854, 31.768336], [35.191118, 31.768081], [35.191326, 31.767904], [35.191368, 31.767868], [35.191707, 31.767612], [35.191716, 31.767605], [35.192073, 31.767478], [35.192818, 31.767295], [35.193556, 31.767091], [35.193519, 31.767052], [35.193344, 31.766869], [35.193075, 31.766589], [35.192833, 31.766102], [35.192752, 31.765829], [35.192694, 31.765356], [35.192751, 31.76454], [35.192921, 31.763701], [35.193341, 31.762829], [35.193361, 31.762773], [35.193411, 31.76265], [35.193608, 31.762134], [35.19365, 31.762015], [35.193663, 31.761979], [35.193902, 31.761454], [35.19392, 31.761331], [35.193923, 31.76131], [35.193953, 31.761059], [35.19391, 31.760792], [35.193883, 31.760618], [35.193729, 31.760159], [35.193581, 31.760168], [35.193562, 31.76017], [35.193552, 31.76017], [35.193328, 31.760182], [35.193323, 31.760182], [35.193112, 31.760189], [35.193108, 31.76019], [35.193086, 31.76019], [35.19303, 31.760192], [35.192935, 31.760199], [35.192879, 31.760204], [35.192831, 31.760207], [35.192813, 31.760209], [35.192777, 31.760211], [35.192437, 31.760262], [35.192284, 31.76025], [35.19214, 31.76027], [35.192104, 31.760275], [35.191674, 31.760335], [35.191724, 31.760434], [35.191785, 31.760554], [35.191873, 31.760824], [35.19191, 31.761061], [35.191915, 31.76113], [35.191922, 31.761253], [35.191752, 31.761267], [35.191743, 31.761269], [35.191742, 31.761269], [35.191658, 31.761277], [35.191127, 31.761326], [35.191071, 31.761494], [35.191006, 31.761659], [35.190663, 31.761552], [35.190374, 31.761483], [35.190397, 31.761345], [35.190442, 31.760985]]]}}, {"type": "Feature", "properties": {"subq": "172", "name_he": "רמת שרת, רמת דניה", "stat_area_ids": ["1721", "1722", "1723", "1724"], "n_stat_areas": 4, "pop_approx": 11060, "hh_total": 3900, "has_data": true, "started_2022": 153, "completed_2022": 1, "started_2023": 154, "completed_2023": 7, "started_2024": 2, "completed_2024": 0, "started_2025": 1, "completed_2025": 3, "started_total": 310, "completed_total": 11, "started_per_1000": 28.0, "has_dwellings": true, "dwellings_2023": 3404, "rented_pct_2023": 27.2, "dwellings_2024": 3388, "rented_pct_2024": 27.1, "dwellings_2025": 3394, "rented_pct_2025": 28.0, "started_pct_of_stock": 9.1}, "geometry": {"type": "Polygon", "coordinates": [[[35.187987, 31.754293], [35.187882, 31.754298], [35.187873, 31.754299], [35.187529, 31.754343], [35.187361, 31.754362], [35.187357, 31.754363], [35.187195, 31.754382], [35.187187, 31.754383], [35.186785, 31.754443], [35.186564, 31.754478], [35.186484, 31.7545], [35.186478, 31.754502], [35.186064, 31.754618], [35.18553, 31.754779], [35.185377, 31.754847], [35.18517, 31.754937], [35.185153, 31.754945], [35.185139, 31.754951], [35.184842, 31.755093], [35.184567, 31.755227], [35.184553, 31.755236], [35.184495, 31.755277], [35.184358, 31.755373], [35.184053, 31.75559], [35.183745, 31.755841], [35.183664, 31.755911], [35.183366, 31.75617], [35.183355, 31.756182], [35.183345, 31.756192], [35.183211, 31.756337], [35.183075, 31.756439], [35.182896, 31.75659], [35.182534, 31.756861], [35.182456, 31.756932], [35.182374, 31.757006], [35.182265, 31.757104], [35.182152, 31.7572], [35.182066, 31.757273], [35.181981, 31.757346], [35.181643, 31.757633], [35.181477, 31.757785], [35.181468, 31.757793], [35.181368, 31.757884], [35.180952, 31.758233], [35.180894, 31.758287], [35.180868, 31.758311], [35.18084, 31.758338], [35.180776, 31.7584], [35.180614, 31.75855], [35.18041, 31.75874], [35.180096, 31.759015], [35.179748, 31.759318], [35.179624, 31.75943], [35.179413, 31.759622], [35.179241, 31.759772], [35.179043, 31.759946], [35.178781, 31.760182], [35.178726, 31.760234], [35.1787, 31.760251], [35.178646, 31.760298], [35.17884, 31.760476], [35.178801, 31.76051], [35.17858, 31.760701], [35.178686, 31.760779], [35.178762, 31.760838], [35.178823, 31.760945], [35.178856, 31.761085], [35.178866, 31.761145], [35.178873, 31.761212], [35.178874, 31.761239], [35.178876, 31.761262], [35.178883, 31.761281], [35.178913, 31.761315], [35.178933, 31.761339], [35.178933, 31.761363], [35.178915, 31.761398], [35.178895, 31.761438], [35.178867, 31.761492], [35.179142, 31.76158], [35.179086, 31.761789], [35.179121, 31.761891], [35.179191, 31.76207], [35.17924, 31.762112], [35.179253, 31.763032], [35.179542, 31.763152], [35.180083, 31.763505], [35.180603, 31.763916], [35.181131, 31.764657], [35.181136, 31.764666], [35.181212, 31.764786], [35.181264, 31.764878], [35.181309, 31.765007], [35.181358, 31.765157], [35.181367, 31.765259], [35.181306, 31.765336], [35.181295, 31.76542], [35.181098, 31.765738], [35.181545, 31.766418], [35.181659, 31.766305], [35.181823, 31.766169], [35.182012, 31.765951], [35.182144, 31.765662], [35.182202, 31.76538], [35.182167, 31.765013], [35.182115, 31.76483], [35.182091, 31.764813], [35.181932, 31.764283], [35.181875, 31.763831], [35.181929, 31.763676], [35.182023, 31.763529], [35.182184, 31.763289], [35.182452, 31.76338], [35.18269, 31.763474], [35.182871, 31.763473], [35.183182, 31.76344], [35.183388, 31.763366], [35.183786, 31.763038], [35.183824, 31.761889], [35.183896, 31.761763], [35.183919, 31.761721], [35.183923, 31.761715], [35.183977, 31.761647], [35.184117, 31.76148], [35.184215, 31.761419], [35.18438, 31.761347], [35.184515, 31.761293], [35.184624, 31.761249], [35.18468, 31.761193], [35.18469, 31.761172], [35.184698, 31.761125], [35.184691, 31.761081], [35.184624, 31.760973], [35.184489, 31.76077], [35.184382, 31.760577], [35.184368, 31.760554], [35.184179, 31.760234], [35.184137, 31.760137], [35.184134, 31.760075], [35.184149, 31.759984], [35.184167, 31.759898], [35.184189, 31.759796], [35.184253, 31.759573], [35.184282, 31.759539], [35.18431, 31.759519], [35.18436, 31.759499], [35.184423, 31.759474], [35.184535, 31.759423], [35.184717, 31.759354], [35.184823, 31.759311], [35.184923, 31.759549], [35.184957, 31.759632], [35.185094, 31.760089], [35.185274, 31.760557], [35.185405, 31.761037], [35.185419, 31.761088], [35.185423, 31.761102], [35.187083, 31.760692], [35.187541, 31.760589], [35.187581, 31.760614], [35.1876, 31.760636], [35.187697, 31.760664], [35.187781, 31.760691], [35.187963, 31.761189], [35.188781, 31.760607], [35.189038, 31.760433], [35.189385, 31.760418], [35.189611, 31.760483], [35.189627, 31.760501], [35.18988, 31.760367], [35.189907, 31.760352], [35.189983, 31.760215], [35.190378, 31.760102], [35.1904, 31.760162], [35.190437, 31.760267], [35.190478, 31.760505], [35.190455, 31.760801], [35.190455, 31.76081], [35.190452, 31.760847], [35.190442, 31.760985], [35.190397, 31.761345], [35.190374, 31.761483], [35.190663, 31.761552], [35.191006, 31.761659], [35.191071, 31.761494], [35.191127, 31.761326], [35.191658, 31.761277], [35.191742, 31.761269], [35.191743, 31.761269], [35.191752, 31.761267], [35.191922, 31.761253], [35.191915, 31.76113], [35.19191, 31.761061], [35.191873, 31.760824], [35.191785, 31.760554], [35.191724, 31.760434], [35.191674, 31.760335], [35.192104, 31.760275], [35.19214, 31.76027], [35.192284, 31.76025], [35.192437, 31.760262], [35.192777, 31.760211], [35.192813, 31.760209], [35.192831, 31.760207], [35.192879, 31.760204], [35.192935, 31.760199], [35.19303, 31.760192], [35.193086, 31.76019], [35.193108, 31.76019], [35.193112, 31.760189], [35.193323, 31.760182], [35.193328, 31.760182], [35.193552, 31.76017], [35.193562, 31.76017], [35.193581, 31.760168], [35.193729, 31.760159], [35.193883, 31.760618], [35.19391, 31.760792], [35.193953, 31.761059], [35.193923, 31.76131], [35.193992, 31.760845], [35.19399, 31.76033], [35.193946, 31.759993], [35.193849, 31.759612], [35.193653, 31.75904], [35.193437, 31.758438], [35.193232, 31.757852], [35.193013, 31.757208], [35.192958, 31.757065], [35.192828, 31.756725], [35.193147, 31.75671], [35.193577, 31.756672], [35.193643, 31.756671], [35.193896, 31.756666], [35.193354, 31.756573], [35.192742, 31.756385], [35.192255, 31.756187], [35.191749, 31.755932], [35.191237, 31.755614], [35.191245, 31.75565], [35.191165, 31.755579], [35.190905, 31.755348], [35.190898, 31.755343], [35.190883, 31.755335], [35.190661, 31.755196], [35.190537, 31.755119], [35.190325, 31.754986], [35.190213, 31.754924], [35.189933, 31.754771], [35.189918, 31.754762], [35.189779, 31.754701], [35.189515, 31.754583], [35.189245, 31.754484], [35.189192, 31.754467], [35.188937, 31.754385], [35.188778, 31.754349], [35.188586, 31.754315], [35.188397, 31.754299], [35.188277, 31.75429], [35.187987, 31.754293]]]}}, {"type": "Feature", "properties": {"subq": "181", "name_he": "תלפיות, ארנונה, מקור חיים", "stat_area_ids": ["1811", "1812", "1813", "1814", "1815", "1816", "1817", "1818"], "n_stat_areas": 8, "pop_approx": 19500, "hh_total": 7010, "has_data": true, "started_2022": 1150, "completed_2022": 19, "started_2023": 739, "completed_2023": 49, "started_2024": 689, "completed_2024": 448, "started_2025": 2108, "completed_2025": 632, "started_total": 4686, "completed_total": 1148, "started_per_1000": 240.3, "has_dwellings": true, "dwellings_2023": 7106, "rented_pct_2023": 32.2, "dwellings_2024": 7208, "rented_pct_2024": 33.2, "dwellings_2025": 7457, "rented_pct_2025": 32.6, "started_pct_of_stock": 62.8}, "geometry": {"type": "Polygon", "coordinates": [[[35.226429, 31.745645], [35.22657, 31.745506], [35.226636, 31.745378], [35.226699, 31.745308], [35.226899, 31.745161], [35.226916, 31.745175], [35.227104, 31.745036], [35.227164, 31.745006], [35.227198, 31.744979], [35.227231, 31.744934], [35.227264, 31.744902], [35.227327, 31.744857], [35.227297, 31.74481], [35.226883, 31.744142], [35.226371, 31.743345], [35.22564, 31.74233], [35.225347, 31.741753], [35.225142, 31.741291], [35.225179, 31.741301], [35.225166, 31.741227], [35.225155, 31.741167], [35.225152, 31.741153], [35.225139, 31.741079], [35.225125, 31.741004], [35.225107, 31.74093], [35.225088, 31.740855], [35.225069, 31.74078], [35.225067, 31.740771], [35.22488, 31.740669], [35.224854, 31.740667], [35.224707, 31.740655], [35.22458, 31.74068], [35.224247, 31.740633], [35.22393, 31.740543], [35.223698, 31.740547], [35.223478, 31.74065], [35.223408, 31.740736], [35.223126, 31.740758], [35.222975, 31.74078], [35.222747, 31.74082], [35.222453, 31.740892], [35.222276, 31.740944], [35.222013, 31.741039], [35.221666, 31.741198], [35.22156, 31.741254], [35.221337, 31.741385], [35.221182, 31.741491], [35.22087, 31.741726], [35.220794, 31.741784], [35.220718, 31.741846], [35.220678, 31.741875], [35.220587, 31.741951], [35.220454, 31.742062], [35.220388, 31.742124], [35.220366, 31.742145], [35.220008, 31.742481], [35.21997, 31.742501], [35.21994, 31.742515], [35.219903, 31.742524], [35.219865, 31.742526], [35.219808, 31.742517], [35.219761, 31.742501], [35.219649, 31.742562], [35.219652, 31.742568], [35.219673, 31.742619], [35.219684, 31.742673], [35.219685, 31.742706], [35.219684, 31.742758], [35.219665, 31.742814], [35.219643, 31.742861], [35.219616, 31.742895], [35.219541, 31.742982], [35.219485, 31.743048], [35.219412, 31.743136], [35.219359, 31.743198], [35.219283, 31.743271], [35.219218, 31.743329], [35.219131, 31.743406], [35.219054, 31.743464], [35.218952, 31.743534], [35.218882, 31.743581], [35.218794, 31.743631], [35.218659, 31.743703], [35.218582, 31.743743], [35.218465, 31.743793], [35.218254, 31.74387], [35.218133, 31.743906], [35.218028, 31.743926], [35.217779, 31.743976], [35.21767, 31.743989], [35.217668, 31.743989], [35.21704, 31.744108], [35.216789, 31.744177], [35.216779, 31.744146], [35.216686, 31.744024], [35.216532, 31.743931], [35.2163, 31.743897], [35.216078, 31.743829], [35.2159, 31.743694], [35.215752, 31.743551], [35.215746, 31.74348], [35.215758, 31.743451], [35.215773, 31.743401], [35.215773, 31.74338], [35.215763, 31.74324], [35.21576, 31.743222], [35.215734, 31.743183], [35.21573, 31.743167], [35.215723, 31.743144], [35.215731, 31.743129], [35.215761, 31.743074], [35.215771, 31.743004], [35.215766, 31.742944], [35.215766, 31.742913], [35.215836, 31.742852], [35.215863, 31.742826], [35.215878, 31.742798], [35.215881, 31.742712], [35.215873, 31.742633], [35.215723, 31.742546], [35.215681, 31.742527], [35.215519, 31.742516], [35.215435, 31.742528], [35.215338, 31.742516], [35.215243, 31.742495], [35.21516, 31.742487], [35.215047, 31.742491], [35.214883, 31.742498], [35.214855, 31.742499], [35.214765, 31.742512], [35.214751, 31.742522], [35.214735, 31.742514], [35.214752, 31.742463], [35.214755, 31.742453], [35.214823, 31.742234], [35.214779, 31.742202], [35.214688, 31.742111], [35.214613, 31.742009], [35.214546, 31.741899], [35.214515, 31.741846], [35.214396, 31.741737], [35.21437, 31.741706], [35.214363, 31.741698], [35.214249, 31.741569], [35.214154, 31.741386], [35.214063, 31.741466], [35.213949, 31.741497], [35.213779, 31.74118], [35.213727, 31.74108], [35.213806, 31.741041], [35.21382, 31.740996], [35.213715, 31.740782], [35.213614, 31.740583], [35.213389, 31.740148], [35.213318, 31.740297], [35.213117, 31.739959], [35.213047, 31.740017], [35.212978, 31.740085], [35.212932, 31.740163], [35.212868, 31.740275], [35.212857, 31.740292], [35.212847, 31.740312], [35.212626, 31.740622], [35.212493, 31.740808], [35.211579, 31.74222], [35.210915, 31.743198], [35.210906, 31.743332], [35.210906, 31.743561], [35.210851, 31.743655], [35.210832, 31.743687], [35.209724, 31.744342], [35.209428, 31.744516], [35.209419, 31.744642], [35.20944, 31.744837], [35.209451, 31.744845], [35.209512, 31.74491], [35.209541, 31.744957], [35.20957, 31.745004], [35.20961, 31.745125], [35.209673, 31.745366], [35.209754, 31.745621], [35.209821, 31.746038], [35.209861, 31.746214], [35.209907, 31.746437], [35.209933, 31.746547], [35.209959, 31.746659], [35.209997, 31.746767], [35.209729, 31.746856], [35.209189, 31.747026], [35.208572, 31.747211], [35.207937, 31.74742], [35.207517, 31.747553], [35.207177, 31.747668], [35.206811, 31.747783], [35.206642, 31.747841], [35.206639, 31.747843], [35.20659, 31.747859], [35.206212, 31.748068], [35.20589, 31.748389], [35.20589, 31.74839], [35.205952, 31.748573], [35.205959, 31.748574], [35.205733, 31.74959], [35.205723, 31.749635], [35.205665, 31.74971], [35.2057, 31.749737], [35.205695, 31.749758], [35.205694, 31.749762], [35.205684, 31.749809], [35.205222, 31.750674], [35.205319, 31.75065], [35.205394, 31.750658], [35.205542, 31.750711], [35.205663, 31.750772], [35.205751, 31.750816], [35.205966, 31.750906], [35.206151, 31.751001], [35.206197, 31.75103], [35.206317, 31.751107], [35.206505, 31.751236], [35.206602, 31.751303], [35.20689, 31.751508], [35.207095, 31.751667], [35.20725, 31.751812], [35.207356, 31.751932], [35.207394, 31.751975], [35.207529, 31.75214], [35.207618, 31.752278], [35.207645, 31.752352], [35.207648, 31.752381], [35.207649, 31.752417], [35.207766, 31.752376], [35.207939, 31.752314], [35.208063, 31.752461], [35.20823, 31.752596], [35.208273, 31.752626], [35.208286, 31.752636], [35.208372, 31.752696], [35.208377, 31.7527], [35.208477, 31.752771], [35.208593, 31.752844], [35.20881, 31.752944], [35.209025, 31.753051], [35.209244, 31.753151], [35.209415, 31.753239], [35.209458, 31.753262], [35.209666, 31.753381], [35.209787, 31.753467], [35.209831, 31.753498], [35.209954, 31.753614], [35.209961, 31.75362], [35.209971, 31.753631], [35.210162, 31.753848], [35.210176, 31.753869], [35.210324, 31.754095], [35.210339, 31.754119], [35.210347, 31.754133], [35.210558, 31.754487], [35.210819, 31.754916], [35.210992, 31.7552], [35.210997, 31.755208], [35.211158, 31.755445], [35.211214, 31.755527], [35.21141, 31.755767], [35.21156, 31.75593], [35.21187, 31.756265], [35.2122, 31.756613], [35.212692, 31.757131], [35.212767, 31.75721], [35.213034, 31.757491], [35.21326, 31.757728], [35.213596, 31.758032], [35.213904, 31.758265], [35.213988, 31.758328], [35.214034, 31.758276], [35.214065, 31.758243], [35.214102, 31.758195], [35.214209, 31.758128], [35.214396, 31.75808], [35.214556, 31.758043], [35.214613, 31.758004], [35.214638, 31.758016], [35.214671, 31.758021], [35.214702, 31.758025], [35.214739, 31.758025], [35.214782, 31.758024], [35.21484, 31.758014], [35.214966, 31.758001], [35.21505, 31.758004], [35.215041, 31.757961], [35.215032, 31.757914], [35.21497, 31.757693], [35.214941, 31.757573], [35.214918, 31.757481], [35.214918, 31.757474], [35.214859, 31.757225], [35.214826, 31.757077], [35.2148, 31.756959], [35.214756, 31.756782], [35.214731, 31.756678], [35.214719, 31.756623], [35.214694, 31.756509], [35.214681, 31.756447], [35.214678, 31.756434], [35.214651, 31.756293], [35.214645, 31.75626], [35.214643, 31.75625], [35.214639, 31.75622], [35.214604, 31.755986], [35.214583, 31.755837], [35.214583, 31.755835], [35.214558, 31.755657], [35.214534, 31.755525], [35.214514, 31.755416], [35.214491, 31.755264], [35.214486, 31.755236], [35.214481, 31.755187], [35.214478, 31.75517], [35.21455, 31.755163], [35.214634, 31.755154], [35.214807, 31.755131], [35.214826, 31.755129], [35.215233, 31.755085], [35.215802, 31.755064], [35.215945, 31.755061], [35.21597, 31.755061], [35.216045, 31.75506], [35.216177, 31.755057], [35.216309, 31.755047], [35.216465, 31.755035], [35.216512, 31.755031], [35.216549, 31.755029], [35.216884, 31.754986], [35.216927, 31.754981], [35.217263, 31.754927], [35.217452, 31.754876], [35.217511, 31.754863], [35.217524, 31.75486], [35.217658, 31.754831], [35.217765, 31.754797], [35.217897, 31.754754], [35.218149, 31.754669], [35.218355, 31.754598], [35.218428, 31.754572], [35.218462, 31.754558], [35.218559, 31.754519], [35.218678, 31.75447], [35.218969, 31.754362], [35.219068, 31.754326], [35.21922, 31.754278], [35.219335, 31.754243], [35.219368, 31.754232], [35.219497, 31.754192], [35.219614, 31.754158], [35.219672, 31.754141], [35.219692, 31.754134], [35.219723, 31.754125], [35.219748, 31.754117], [35.219791, 31.754104], [35.219807, 31.754099], [35.220016, 31.754037], [35.220136, 31.753993], [35.22026, 31.753948], [35.220318, 31.753925], [35.220414, 31.753884], [35.220669, 31.753782], [35.220799, 31.753722], [35.221204, 31.753532], [35.221314, 31.753486], [35.221338, 31.753475], [35.221362, 31.753465], [35.221737, 31.753285], [35.22182, 31.753242], [35.222153, 31.753072], [35.222311, 31.753001], [35.222464, 31.753263], [35.222549, 31.753407], [35.222577, 31.75345], [35.222757, 31.753726], [35.222925, 31.753916], [35.223086, 31.754251], [35.223767, 31.754041], [35.224428, 31.753902], [35.224433, 31.753974], [35.224437, 31.754015], [35.224453, 31.75423], [35.224473, 31.75448], [35.224517, 31.754715], [35.224616, 31.755241], [35.22469, 31.755548], [35.224703, 31.755667], [35.224788, 31.755656], [35.22508, 31.755639], [35.225111, 31.755637], [35.225488, 31.755615], [35.22574, 31.755605], [35.22582, 31.755601], [35.226191, 31.755557], [35.226488, 31.755494], [35.226517, 31.755488], [35.226878, 31.755406], [35.22703, 31.755341], [35.227034, 31.755339], [35.227384, 31.755191], [35.22796, 31.754981], [35.228025, 31.754955], [35.228183, 31.754868], [35.228057, 31.754544], [35.227877, 31.754052], [35.227842, 31.753757], [35.227805, 31.753322], [35.227719, 31.752463], [35.22764, 31.751649], [35.227619, 31.751254], [35.227595, 31.751011], [35.227616, 31.750798], [35.227637, 31.750559], [35.22846, 31.749488], [35.228475, 31.749467], [35.228636, 31.749223], [35.228862, 31.748903], [35.22911, 31.748549], [35.229304, 31.748264], [35.227367, 31.746671], [35.227141, 31.746485], [35.226242, 31.745735], [35.226429, 31.745645]]]}}, {"type": "Feature", "properties": {"subq": "182", "name_he": "תלפיות מזרח", "stat_area_ids": ["1821", "1822", "1823", "1824", "1825"], "n_stat_areas": 5, "pop_approx": 13570, "hh_total": 4840, "has_data": true, "started_2022": 0, "completed_2022": 0, "started_2023": 0, "completed_2023": 0, "started_2024": 0, "completed_2024": 5, "started_2025": 0, "completed_2025": 0, "started_total": 0, "completed_total": 5, "started_per_1000": 0.0, "has_dwellings": true, "dwellings_2023": 5027, "rented_pct_2023": 37.3, "dwellings_2024": 5034, "rented_pct_2024": 38.6, "dwellings_2025": 5035, "rented_pct_2025": 39.7, "started_pct_of_stock": 0.0}, "geometry": {"type": "Polygon", "coordinates": [[[35.239343, 31.744638], [35.239392, 31.744438], [35.239405, 31.744377], [35.239429, 31.74426], [35.239457, 31.744082], [35.239449, 31.743913], [35.239434, 31.743793], [35.239445, 31.743782], [35.239478, 31.743748], [35.23953, 31.743694], [35.239594, 31.743604], [35.23974, 31.743373], [35.239921, 31.74308], [35.240032, 31.742887], [35.240071, 31.742808], [35.240219, 31.742576], [35.240297, 31.742441], [35.240397, 31.742271], [35.240507, 31.742107], [35.240611, 31.741931], [35.240728, 31.741747], [35.240563, 31.741699], [35.240404, 31.741689], [35.240209, 31.741712], [35.239944, 31.74175], [35.239703, 31.741789], [35.239429, 31.741847], [35.239278, 31.741897], [35.23922, 31.741915], [35.239193, 31.741922], [35.239098, 31.741943], [35.239095, 31.741944], [35.238912, 31.741989], [35.238745, 31.74201], [35.238581, 31.742033], [35.238429, 31.742061], [35.2383, 31.742106], [35.238128, 31.74217], [35.23797, 31.742231], [35.237842, 31.742301], [35.237674, 31.742399], [35.237499, 31.742525], [35.237342, 31.742635], [35.23717, 31.742763], [35.23699, 31.742885], [35.236796, 31.743015], [35.236692, 31.743078], [35.236671, 31.743177], [35.236417, 31.743684], [35.236371, 31.743776], [35.236326, 31.743868], [35.23605, 31.744395], [35.235974, 31.744542], [35.23574, 31.745072], [35.235535, 31.744521], [35.235268, 31.744019], [35.235108, 31.743821], [35.234823, 31.743472], [35.234343, 31.743016], [35.234129, 31.742757], [35.234079, 31.742668], [35.233737, 31.742058], [35.233008, 31.741936], [35.231317, 31.741876], [35.230178, 31.741846], [35.229972, 31.741839], [35.229863, 31.741835], [35.229253, 31.741815], [35.228684, 31.741831], [35.22815, 31.741816], [35.227474, 31.7418], [35.227064, 31.74177], [35.226531, 31.741633], [35.225943, 31.741436], [35.225232, 31.741193], [35.225155, 31.741167], [35.225166, 31.741227], [35.225179, 31.741301], [35.225142, 31.741291], [35.225347, 31.741753], [35.22564, 31.74233], [35.226371, 31.743345], [35.226883, 31.744142], [35.227297, 31.74481], [35.227327, 31.744857], [35.227264, 31.744902], [35.227231, 31.744934], [35.227198, 31.744979], [35.227164, 31.745006], [35.227104, 31.745036], [35.226916, 31.745175], [35.226899, 31.745161], [35.226699, 31.745308], [35.226636, 31.745378], [35.22657, 31.745506], [35.226429, 31.745645], [35.226242, 31.745735], [35.227141, 31.746485], [35.227367, 31.746671], [35.229304, 31.748264], [35.22911, 31.748549], [35.228862, 31.748903], [35.228636, 31.749223], [35.228475, 31.749467], [35.22846, 31.749488], [35.227637, 31.750559], [35.227616, 31.750798], [35.227595, 31.751011], [35.227619, 31.751254], [35.227789, 31.751246], [35.228051, 31.751225], [35.22807, 31.751229], [35.228139, 31.751227], [35.228177, 31.751225], [35.228226, 31.751224], [35.228574, 31.751208], [35.228692, 31.751202], [35.228804, 31.751197], [35.229218, 31.751174], [35.229288, 31.751185], [35.229291, 31.751186], [35.229363, 31.751203], [35.229429, 31.751236], [35.229487, 31.751315], [35.229529, 31.751405], [35.229561, 31.751479], [35.229602, 31.751521], [35.229661, 31.751533], [35.22973, 31.751535], [35.229871, 31.751522], [35.23002, 31.751506], [35.230085, 31.751491], [35.230294, 31.751498], [35.230607, 31.75149], [35.230628, 31.75155], [35.230699, 31.751627], [35.230763, 31.751707], [35.230912, 31.751727], [35.231013, 31.751725], [35.231179, 31.751736], [35.231205, 31.751884], [35.231215, 31.751988], [35.23124, 31.752116], [35.23126, 31.752219], [35.231456, 31.752582], [35.231488, 31.752647], [35.231535, 31.752742], [35.231705, 31.752988], [35.231922, 31.753279], [35.23197, 31.75334], [35.232015, 31.753471], [35.232044, 31.753607], [35.232071, 31.753885], [35.232054, 31.753946], [35.232035, 31.754013], [35.232024, 31.754039], [35.232104, 31.75405], [35.232126, 31.754053], [35.232171, 31.754054], [35.232305, 31.754116], [35.23238, 31.754155], [35.232466, 31.754165], [35.232745, 31.754142], [35.232835, 31.754107], [35.232863, 31.754097], [35.233046, 31.75405], [35.233207, 31.753993], [35.23327, 31.753965], [35.233335, 31.753937], [35.233469, 31.753893], [35.233608, 31.753846], [35.233739, 31.753807], [35.233901, 31.753776], [35.234065, 31.753758], [35.234238, 31.753746], [35.234402, 31.75374], [35.23442, 31.753739], [35.234596, 31.75375], [35.234795, 31.753761], [35.235054, 31.753769], [35.235161, 31.753769], [35.235338, 31.753778], [35.235548, 31.753783], [35.235715, 31.753788], [35.235882, 31.753782], [35.236036, 31.753751], [35.2362, 31.75371], [35.236391, 31.753648], [35.236439, 31.753627], [35.236615, 31.753549], [35.236895, 31.753426], [35.237152, 31.753323], [35.237399, 31.75322], [35.237566, 31.753147], [35.23773, 31.753089], [35.23787, 31.75305], [35.238009, 31.753027], [35.238118, 31.753004], [35.238211, 31.752998], [35.238352, 31.752993], [35.238488, 31.752992], [35.238642, 31.752993], [35.238739, 31.75299], [35.238778, 31.752989], [35.238926, 31.752986], [35.239069, 31.752984], [35.239243, 31.75298], [35.239391, 31.752973], [35.239541, 31.752963], [35.239688, 31.752946], [35.239753, 31.752934], [35.239883, 31.752898], [35.240026, 31.752858], [35.240185, 31.752804], [35.240297, 31.752748], [35.240369, 31.752711], [35.2405, 31.752643], [35.240698, 31.752543], [35.240773, 31.752249], [35.240875, 31.751851], [35.24092, 31.751741], [35.24098, 31.751593], [35.240999, 31.751587], [35.241012, 31.751583], [35.24113, 31.751553], [35.24127, 31.751491], [35.241384, 31.751437], [35.241471, 31.751371], [35.241533, 31.751297], [35.2416, 31.751181], [35.241625, 31.751053], [35.241604, 31.750912], [35.241568, 31.750834], [35.241557, 31.75083], [35.241572, 31.750803], [35.241668, 31.750638], [35.241756, 31.750509], [35.24166, 31.750462], [35.241522, 31.750436], [35.241285, 31.750454], [35.241038, 31.750486], [35.240783, 31.750501], [35.240609, 31.750484], [35.240418, 31.750429], [35.240161, 31.750314], [35.240144, 31.750306], [35.240094, 31.750284], [35.239811, 31.750159], [35.239678, 31.75011], [35.239664, 31.750105], [35.239654, 31.750101], [35.239379, 31.749998], [35.239193, 31.749936], [35.23902, 31.749877], [35.238802, 31.749814], [35.238691, 31.749781], [35.238654, 31.749767], [35.238471, 31.749703], [35.238348, 31.74965], [35.238326, 31.749624], [35.238273, 31.749561], [35.238216, 31.749417], [35.238209, 31.749304], [35.238217, 31.74924], [35.23822, 31.749182], [35.238262, 31.749021], [35.238372, 31.748818], [35.238538, 31.748614], [35.238722, 31.748411], [35.238954, 31.748148], [35.239145, 31.747926], [35.239375, 31.747641], [35.239531, 31.747434], [35.239736, 31.747159], [35.239915, 31.746961], [35.240066, 31.746807], [35.240191, 31.746617], [35.240236, 31.746497], [35.240254, 31.746429], [35.240209, 31.74629], [35.240117, 31.746148], [35.239943, 31.746015], [35.239794, 31.745912], [35.239683, 31.745858], [35.23963, 31.745819], [35.239501, 31.745719], [35.239403, 31.745615], [35.239351, 31.745522], [35.239298, 31.745377], [35.239262, 31.745202], [35.239264, 31.745018], [35.239268, 31.744868], [35.239343, 31.744638]]]}}, {"type": "Feature", "properties": {"subq": "191", "name_he": "גילה (מזרח)", "stat_area_ids": ["1911", "1912", "1913", "1914"], "n_stat_areas": 4, "pop_approx": 19020, "hh_total": 6269, "has_data": true, "started_2022": 38, "completed_2022": 29, "started_2023": 15, "completed_2023": 0, "started_2024": 5, "completed_2024": 0, "started_2025": 6, "completed_2025": 2, "started_total": 64, "completed_total": 31, "started_per_1000": 3.4, "has_dwellings": true, "dwellings_2023": 6048, "rented_pct_2023": 31.2, "dwellings_2024": 6077, "rented_pct_2024": 31.9, "dwellings_2025": 6116, "rented_pct_2025": 33.1, "started_pct_of_stock": 1.0}, "geometry": {"type": "Polygon", "coordinates": [[[35.202468, 31.731638], [35.20224, 31.731297], [35.202076, 31.731063], [35.201796, 31.73067], [35.201645, 31.730439], [35.201475, 31.730213], [35.201281, 31.729924], [35.201089, 31.729655], [35.200872, 31.729363], [35.20055, 31.72895], [35.200385, 31.728744], [35.200144, 31.728513], [35.199894, 31.728314], [35.199669, 31.728133], [35.199419, 31.727966], [35.199034, 31.727728], [35.198481, 31.727492], [35.19805, 31.727311], [35.197687, 31.727157], [35.197337, 31.727051], [35.19701, 31.726955], [35.196643, 31.726846], [35.196261, 31.726731], [35.195995, 31.726673], [35.195705, 31.726609], [35.195227, 31.726516], [35.194726, 31.726391], [35.194364, 31.72631], [35.194275, 31.726288], [35.19407, 31.726238], [35.193964, 31.726212], [35.193585, 31.726141], [35.193149, 31.726028], [35.192847, 31.72595], [35.192129, 31.72578], [35.191702, 31.725687], [35.191256, 31.725576], [35.19117, 31.725555], [35.191217, 31.72562], [35.191182, 31.725699], [35.190807, 31.726143], [35.190532, 31.726891], [35.190376, 31.727317], [35.190246, 31.727669], [35.190224, 31.727668], [35.19002, 31.72766], [35.189809, 31.727653], [35.189799, 31.727653], [35.189714, 31.727648], [35.189603, 31.727643], [35.189486, 31.727631], [35.189371, 31.727625], [35.189232, 31.727621], [35.189107, 31.727622], [35.188997, 31.727625], [35.188909, 31.727627], [35.188845, 31.727631], [35.188805, 31.727634], [35.188683, 31.727652], [35.188549, 31.727674], [35.188437, 31.727696], [35.188328, 31.727728], [35.188212, 31.727755], [35.188086, 31.727819], [35.188088, 31.727842], [35.188101, 31.727875], [35.188108, 31.727909], [35.188139, 31.727972], [35.18821, 31.728157], [35.188281, 31.728325], [35.188326, 31.728441], [35.188359, 31.728527], [35.188368, 31.728543], [35.188373, 31.728557], [35.1884, 31.728609], [35.188429, 31.728673], [35.188461, 31.728746], [35.18851, 31.728875], [35.188542, 31.72896], [35.188614, 31.729154], [35.188698, 31.729343], [35.188751, 31.729452], [35.188784, 31.729518], [35.188819, 31.729589], [35.188861, 31.729691], [35.188898, 31.729781], [35.188915, 31.729835], [35.188958, 31.729972], [35.189009, 31.730113], [35.189082, 31.730294], [35.189152, 31.730439], [35.18918, 31.730487], [35.189214, 31.730545], [35.18916, 31.730648], [35.189053, 31.730747], [35.18895, 31.730854], [35.188881, 31.730914], [35.188819, 31.730969], [35.188684, 31.731093], [35.18863, 31.731138], [35.188576, 31.731185], [35.188444, 31.731306], [35.18832, 31.731416], [35.188306, 31.731428], [35.1883, 31.731434], [35.188298, 31.731435], [35.18821, 31.731516], [35.18807, 31.731621], [35.187918, 31.731725], [35.187763, 31.731821], [35.187633, 31.731892], [35.187508, 31.731953], [35.187367, 31.732025], [35.18724, 31.732084], [35.187211, 31.732098], [35.187073, 31.732159], [35.186955, 31.732201], [35.186938, 31.732208], [35.186859, 31.732241], [35.186775, 31.73228], [35.186766, 31.732285], [35.186738, 31.732297], [35.186631, 31.732336], [35.186502, 31.732372], [35.186328, 31.732421], [35.186245, 31.732442], [35.186184, 31.732458], [35.186062, 31.732485], [35.185929, 31.732494], [35.185802, 31.732512], [35.18576, 31.732517], [35.185155, 31.734794], [35.185045, 31.735146], [35.184646, 31.736416], [35.184653, 31.736418], [35.184477, 31.736917], [35.184257, 31.73769], [35.184282, 31.737875], [35.184312, 31.737997], [35.184329, 31.738128], [35.18433, 31.738297], [35.184305, 31.738424], [35.184281, 31.738517], [35.184271, 31.738562], [35.184278, 31.738604], [35.184311, 31.738665], [35.184348, 31.738707], [35.184379, 31.738734], [35.18564, 31.738536], [35.186996, 31.738323], [35.187001, 31.738322], [35.186846, 31.738551], [35.186816, 31.738595], [35.186749, 31.73894], [35.186984, 31.739371], [35.187505, 31.739687], [35.188733, 31.739874], [35.189164, 31.739927], [35.189505, 31.739833], [35.189617, 31.739759], [35.189854, 31.739574], [35.189889, 31.738936], [35.189889, 31.738933], [35.190368, 31.738721], [35.190582, 31.738623], [35.191106, 31.738531], [35.191538, 31.738321], [35.191246, 31.73885], [35.191478, 31.738882], [35.191747, 31.738996], [35.192033, 31.738887], [35.192738, 31.737826], [35.192888, 31.737805], [35.193049, 31.737618], [35.193408, 31.737746], [35.193691, 31.737457], [35.194129, 31.737587], [35.194161, 31.737576], [35.194221, 31.737557], [35.194262, 31.737543], [35.194352, 31.737479], [35.194457, 31.73739], [35.19461, 31.737319], [35.194667, 31.737304], [35.194725, 31.73729], [35.194732, 31.737287], [35.194822, 31.73726], [35.194829, 31.737296], [35.194862, 31.737543], [35.194895, 31.737765], [35.194938, 31.738002], [35.194941, 31.738017], [35.194963, 31.738195], [35.194995, 31.738377], [35.195014, 31.738477], [35.195026, 31.738528], [35.195031, 31.738557], [35.195047, 31.738642], [35.195073, 31.738778], [35.195092, 31.738935], [35.195121, 31.739128], [35.195142, 31.739272], [35.195188, 31.739471], [35.195195, 31.739497], [35.195198, 31.739509], [35.195225, 31.739614], [35.195247, 31.739698], [35.195266, 31.739768], [35.195332, 31.739925], [35.195399, 31.740089], [35.195412, 31.740122], [35.195447, 31.740212], [35.195456, 31.740228], [35.195525, 31.740364], [35.195537, 31.740383], [35.195591, 31.740478], [35.195596, 31.740487], [35.1956, 31.740497], [35.195641, 31.740545], [35.195993, 31.74038], [35.196379, 31.740241], [35.196498, 31.740218], [35.196587, 31.740185], [35.196668, 31.74011], [35.198085, 31.739834], [35.19786, 31.738913], [35.1978, 31.738556], [35.198558, 31.738528], [35.198655, 31.738523], [35.198828, 31.738454], [35.199353, 31.738021], [35.199481, 31.737913], [35.199823, 31.737626], [35.19983, 31.73762], [35.199925, 31.737521], [35.199937, 31.737498], [35.199985, 31.737408], [35.200034, 31.737091], [35.200032, 31.736946], [35.200027, 31.736449], [35.199973, 31.735961], [35.199969, 31.735929], [35.199954, 31.735812], [35.201476, 31.735771], [35.202159, 31.735742], [35.202467, 31.735586], [35.202592, 31.735432], [35.2026, 31.735422], [35.202766, 31.735159], [35.202733, 31.734469], [35.202718, 31.734456], [35.202671, 31.734415], [35.202673, 31.734404], [35.202679, 31.734349], [35.202657, 31.734323], [35.202733, 31.734113], [35.2028, 31.733857], [35.202752, 31.733707], [35.202769, 31.733683], [35.202845, 31.733062], [35.202833, 31.732903], [35.202908, 31.732839], [35.202966, 31.732775], [35.202971, 31.732769], [35.2027, 31.732086], [35.202628, 31.731827], [35.202468, 31.731638]]]}}, {"type": "Feature", "properties": {"subq": "192", "name_he": "גילה (מערב)", "stat_area_ids": ["1921", "1922", "1923", "1924"], "n_stat_areas": 4, "pop_approx": 12130, "hh_total": 4050, "has_data": true, "started_2022": 342, "completed_2022": 0, "started_2023": 104, "completed_2023": 23, "started_2024": 0, "completed_2024": 0, "started_2025": 160, "completed_2025": 222, "started_total": 606, "completed_total": 245, "started_per_1000": 50.0, "has_dwellings": true, "dwellings_2023": 3792, "rented_pct_2023": 27.6, "dwellings_2024": 3797, "rented_pct_2024": 29.5, "dwellings_2025": 3847, "rented_pct_2025": 29.7, "started_pct_of_stock": 15.8}, "geometry": {"type": "Polygon", "coordinates": [[[35.189152, 31.730439], [35.189082, 31.730294], [35.189009, 31.730113], [35.188958, 31.729972], [35.188915, 31.729835], [35.188898, 31.729781], [35.188861, 31.729691], [35.188819, 31.729589], [35.188784, 31.729518], [35.188751, 31.729452], [35.188698, 31.729343], [35.188614, 31.729154], [35.188542, 31.72896], [35.18851, 31.728875], [35.188461, 31.728746], [35.188429, 31.728673], [35.1884, 31.728609], [35.188373, 31.728557], [35.188368, 31.728543], [35.188359, 31.728527], [35.188326, 31.728441], [35.188281, 31.728325], [35.18821, 31.728157], [35.188139, 31.727972], [35.188108, 31.727909], [35.188101, 31.727875], [35.188088, 31.727842], [35.188086, 31.727819], [35.188212, 31.727755], [35.188328, 31.727728], [35.188437, 31.727696], [35.188549, 31.727674], [35.188683, 31.727652], [35.188805, 31.727634], [35.188845, 31.727631], [35.188909, 31.727627], [35.188997, 31.727625], [35.189107, 31.727622], [35.189232, 31.727621], [35.189371, 31.727625], [35.189486, 31.727631], [35.189603, 31.727643], [35.189714, 31.727648], [35.189799, 31.727653], [35.189809, 31.727653], [35.19002, 31.72766], [35.190224, 31.727668], [35.190246, 31.727669], [35.190376, 31.727317], [35.190532, 31.726891], [35.190807, 31.726143], [35.191182, 31.725699], [35.191217, 31.72562], [35.19117, 31.725555], [35.191162, 31.725553], [35.19101, 31.725514], [35.190907, 31.725488], [35.190555, 31.725412], [35.188353, 31.724748], [35.188349, 31.724764], [35.18824, 31.725247], [35.188023, 31.725549], [35.187887, 31.725642], [35.187371, 31.725677], [35.186783, 31.725683], [35.186244, 31.725688], [35.184981, 31.725734], [35.184126, 31.725815], [35.184314, 31.729256], [35.18402, 31.729214], [35.183831, 31.729191], [35.183758, 31.72921], [35.183714, 31.729207], [35.183677, 31.7292], [35.183624, 31.729193], [35.183563, 31.729168], [35.183442, 31.729127], [35.183264, 31.729101], [35.183142, 31.729101], [35.183, 31.729107], [35.182833, 31.729134], [35.182792, 31.729143], [35.182691, 31.729166], [35.182646, 31.729179], [35.182516, 31.729218], [35.182336, 31.729279], [35.182191, 31.729339], [35.182021, 31.729454], [35.181898, 31.729569], [35.181783, 31.729702], [35.181664, 31.729805], [35.181548, 31.729912], [35.181444, 31.730033], [35.181335, 31.730189], [35.181312, 31.730248], [35.18126, 31.730385], [35.181151, 31.730713], [35.181082, 31.730962], [35.181021, 31.731187], [35.180927, 31.731436], [35.180805, 31.73177], [35.180794, 31.7318], [35.180711, 31.732031], [35.180635, 31.732289], [35.180534, 31.73263], [35.180465, 31.732895], [35.180462, 31.732907], [35.179815, 31.732887], [35.179609, 31.732881], [35.178882, 31.732454], [35.177716, 31.733329], [35.177587, 31.73342], [35.177459, 31.733543], [35.177272, 31.733685], [35.177098, 31.733822], [35.176935, 31.733929], [35.176735, 31.734044], [35.176552, 31.734135], [35.176318, 31.734258], [35.176142, 31.734361], [35.176023, 31.734445], [35.175801, 31.734575], [35.175655, 31.734659], [35.175543, 31.734756], [35.175471, 31.734879], [35.175346, 31.73504], [35.175265, 31.735143], [35.175087, 31.735519], [35.175073, 31.735601], [35.17507, 31.73562], [35.174983, 31.736135], [35.174904, 31.736656], [35.174894, 31.736731], [35.17489, 31.736841], [35.174876, 31.736912], [35.174854, 31.737069], [35.17486, 31.737223], [35.174849, 31.737361], [35.174834, 31.737542], [35.174807, 31.737679], [35.174782, 31.737768], [35.174768, 31.737858], [35.174786, 31.738022], [35.174773, 31.7382], [35.174962, 31.738894], [35.175214, 31.739289], [35.175188, 31.739404], [35.175187, 31.739722], [35.17527, 31.740165], [35.175612, 31.740625], [35.175922, 31.740828], [35.176232, 31.740952], [35.176729, 31.741032], [35.17704, 31.740996], [35.177682, 31.740731], [35.178158, 31.740209], [35.178375, 31.739705], [35.178395, 31.739623], [35.178456, 31.739625], [35.179549, 31.739727], [35.17958, 31.73973], [35.179609, 31.739727], [35.179861, 31.739699], [35.180239, 31.739573], [35.180558, 31.739427], [35.181328, 31.739418], [35.181429, 31.739435], [35.18151, 31.739447], [35.18159, 31.739457], [35.181678, 31.739567], [35.181693, 31.739568], [35.181951, 31.739576], [35.181966, 31.739576], [35.182124, 31.739581], [35.182311, 31.739559], [35.182558, 31.739501], [35.182571, 31.739498], [35.182642, 31.739647], [35.182976, 31.739512], [35.183146, 31.73934], [35.183206, 31.739311], [35.183754, 31.739042], [35.184379, 31.738734], [35.184348, 31.738707], [35.184311, 31.738665], [35.184278, 31.738604], [35.184271, 31.738562], [35.184281, 31.738517], [35.184305, 31.738424], [35.18433, 31.738297], [35.184329, 31.738128], [35.184312, 31.737997], [35.184282, 31.737875], [35.184257, 31.73769], [35.184477, 31.736917], [35.184653, 31.736418], [35.184646, 31.736416], [35.185045, 31.735146], [35.185155, 31.734794], [35.18576, 31.732517], [35.185802, 31.732512], [35.185929, 31.732494], [35.186062, 31.732485], [35.186184, 31.732458], [35.186245, 31.732442], [35.186328, 31.732421], [35.186502, 31.732372], [35.186631, 31.732336], [35.186738, 31.732297], [35.186766, 31.732285], [35.186775, 31.73228], [35.186859, 31.732241], [35.186938, 31.732208], [35.186955, 31.732201], [35.187073, 31.732159], [35.187211, 31.732098], [35.18724, 31.732084], [35.187367, 31.732025], [35.187508, 31.731953], [35.187633, 31.731892], [35.187763, 31.731821], [35.187918, 31.731725], [35.18807, 31.731621], [35.18821, 31.731516], [35.188298, 31.731435], [35.1883, 31.731434], [35.188306, 31.731428], [35.18832, 31.731416], [35.188444, 31.731306], [35.188576, 31.731185], [35.18863, 31.731138], [35.188684, 31.731093], [35.188819, 31.730969], [35.188881, 31.730914], [35.18895, 31.730854], [35.189053, 31.730747], [35.18916, 31.730648], [35.189214, 31.730545], [35.18918, 31.730487], [35.189152, 31.730439]]]}}, {"type": "Feature", "properties": {"subq": "241", "name_he": "שייח ג'ראח, ואדי ג'וז, באב א זהרה", "stat_area_ids": ["2414"], "n_stat_areas": 1, "pop_approx": null, "hh_total": null, "has_data": true, "started_2022": 15, "completed_2022": 15, "started_2023": 0, "completed_2023": 33, "started_2024": 4, "completed_2024": 2, "started_2025": 18, "completed_2025": 0, "started_total": 37, "completed_total": 50, "started_per_1000": null, "has_dwellings": false}, "geometry": {"type": "Polygon", "coordinates": [[[35.23706, 31.784527], [35.237077, 31.784429], [35.237079, 31.784337], [35.237087, 31.784307], [35.23713, 31.784128], [35.237166, 31.783994], [35.237201, 31.783912], [35.236991, 31.783889], [35.23695, 31.783879], [35.236696, 31.783829], [35.23669, 31.783826], [35.23638, 31.783768], [35.235981, 31.783691], [35.235553, 31.783617], [35.235544, 31.783616], [35.235471, 31.783601], [35.235261, 31.783561], [35.23524, 31.783559], [35.235079, 31.783547], [35.234994, 31.78354], [35.234953, 31.783533], [35.234668, 31.783492], [35.234645, 31.783489], [35.234409, 31.78346], [35.234046, 31.783406], [35.234007, 31.7834], [35.23398, 31.783394], [35.233972, 31.783393], [35.233909, 31.783377], [35.23389, 31.783375], [35.233727, 31.783344], [35.233725, 31.783344], [35.233691, 31.783338], [35.233664, 31.783333], [35.233564, 31.783295], [35.23349, 31.783266], [35.233465, 31.783262], [35.233431, 31.783255], [35.233371, 31.783243], [35.233361, 31.783239], [35.233178, 31.783167], [35.23295, 31.78306], [35.232743, 31.782961], [35.232587, 31.782913], [35.232407, 31.782882], [35.232233, 31.782862], [35.232073, 31.78286], [35.231928, 31.782859], [35.231841, 31.782769], [35.231818, 31.782769], [35.231731, 31.782763], [35.231629, 31.78276], [35.231491, 31.782742], [35.231391, 31.782717], [35.231294, 31.782695], [35.231259, 31.782661], [35.23124, 31.782614], [35.231193, 31.782573], [35.231146, 31.782545], [35.231113, 31.782541], [35.231084, 31.782552], [35.231038, 31.782546], [35.230999, 31.782517], [35.230971, 31.782488], [35.230926, 31.782467], [35.230841, 31.782442], [35.230817, 31.782412], [35.230809, 31.782391], [35.23077, 31.782356], [35.230758, 31.782337], [35.230729, 31.782326], [35.230677, 31.782317], [35.230636, 31.782312], [35.230609, 31.7823], [35.230577, 31.782283], [35.23057, 31.782264], [35.230567, 31.782255], [35.230564, 31.782179], [35.230563, 31.782167], [35.230567, 31.782085], [35.230594, 31.78202], [35.230561, 31.782022], [35.230555, 31.782012], [35.230534, 31.781977], [35.230523, 31.781961], [35.230547, 31.781933], [35.230554, 31.781917], [35.230382, 31.78185], [35.229978, 31.781581], [35.229976, 31.781562], [35.229948, 31.781517], [35.229845, 31.781452], [35.22976, 31.781422], [35.229562, 31.781287], [35.229466, 31.781213], [35.229417, 31.781135], [35.229379, 31.781049], [35.229363, 31.781014], [35.229278, 31.78094], [35.229206, 31.780913], [35.229123, 31.780893], [35.229027, 31.780855], [35.228945, 31.780794], [35.228909, 31.78074], [35.228889, 31.780692], [35.228861, 31.780668], [35.228763, 31.780631], [35.228516, 31.780601], [35.22845, 31.780573], [35.228361, 31.780516], [35.228326, 31.7805], [35.22829, 31.780487], [35.228256, 31.780486], [35.22836, 31.78038], [35.22827, 31.780235], [35.228141, 31.78012], [35.228021, 31.780014], [35.227924, 31.779932], [35.227739, 31.779784], [35.227584, 31.779957], [35.22774, 31.780184], [35.227682, 31.780279], [35.227607, 31.780257], [35.227473, 31.780202], [35.227364, 31.780147], [35.227165, 31.780025], [35.226949, 31.779881], [35.22676, 31.779744], [35.226603, 31.779643], [35.226514, 31.779583], [35.226393, 31.779509], [35.226213, 31.77941], [35.22619, 31.779401], [35.226083, 31.779361], [35.226002, 31.779334], [35.225866, 31.779264], [35.225826, 31.779239], [35.225775, 31.779314], [35.226194, 31.779532], [35.226581, 31.779737], [35.2266, 31.779752], [35.226692, 31.779821], [35.226821, 31.779918], [35.227, 31.780032], [35.227398, 31.780286], [35.227476, 31.780336], [35.227564, 31.780392], [35.22767, 31.780472], [35.227805, 31.780611], [35.227935, 31.780809], [35.228001, 31.780956], [35.228041, 31.781096], [35.228071, 31.78127], [35.228077, 31.781394], [35.228065, 31.781472], [35.228059, 31.78149], [35.228031, 31.781576], [35.228, 31.781671], [35.227997, 31.781683], [35.227918, 31.781857], [35.227772, 31.782079], [35.227686, 31.78221], [35.227344, 31.782693], [35.227221, 31.782904], [35.227188, 31.782992], [35.227176, 31.783047], [35.227148, 31.783177], [35.227152, 31.783331], [35.22717, 31.783499], [35.227188, 31.783634], [35.227204, 31.783729], [35.227251, 31.783955], [35.227327, 31.784334], [35.227357, 31.784512], [35.227359, 31.784526], [35.227382, 31.784663], [35.227386, 31.784764], [35.227387, 31.784776], [35.22739, 31.784898], [35.227387, 31.784931], [35.227377, 31.785067], [35.227346, 31.785258], [35.227337, 31.785318], [35.227277, 31.785585], [35.227187, 31.786035], [35.227143, 31.786247], [35.227073, 31.786618], [35.22704, 31.786788], [35.226938, 31.787276], [35.226911, 31.787411], [35.226851, 31.787676], [35.226842, 31.787716], [35.226835, 31.787748], [35.226736, 31.788178], [35.226668, 31.78858], [35.226595, 31.789023], [35.226562, 31.78938], [35.226551, 31.789727], [35.22656, 31.789825], [35.226564, 31.789871], [35.228943, 31.790099], [35.22897, 31.789956], [35.228981, 31.789859], [35.228981, 31.789858], [35.228992, 31.789816], [35.229001, 31.789754], [35.229012, 31.789683], [35.228998, 31.789611], [35.228983, 31.789538], [35.228949, 31.789367], [35.228977, 31.789486], [35.228974, 31.789463], [35.228962, 31.789409], [35.228946, 31.789342], [35.228935, 31.789301], [35.228924, 31.789246], [35.228908, 31.789193], [35.228902, 31.789171], [35.228793, 31.788812], [35.228793, 31.78878], [35.228774, 31.788716], [35.228757, 31.788663], [35.228788, 31.788601], [35.228803, 31.788571], [35.228838, 31.788516], [35.228899, 31.788431], [35.228943, 31.78838], [35.229055, 31.788248], [35.229072, 31.78823], [35.22908, 31.788223], [35.229281, 31.788059], [35.229299, 31.788046], [35.229447, 31.787936], [35.229435, 31.787932], [35.229429, 31.787931], [35.229483, 31.787888], [35.22971, 31.787669], [35.229816, 31.787545], [35.229897, 31.78745], [35.230007, 31.787322], [35.230263, 31.78705], [35.230284, 31.787027], [35.230434, 31.786859], [35.230536, 31.786736], [35.230653, 31.786554], [35.230813, 31.786291], [35.231003, 31.785907], [35.231008, 31.785909], [35.231221, 31.785965], [35.232036, 31.786144], [35.23241, 31.786088], [35.232411, 31.786088], [35.233178, 31.785974], [35.233254, 31.785962], [35.23419, 31.785834], [35.234219, 31.785826], [35.234417, 31.785735], [35.235157, 31.785503], [35.235986, 31.785016], [35.236258, 31.784956], [35.236558, 31.784864], [35.23706, 31.784527]]]}}, {"type": "Feature", "properties": {"subq": "251", "name_he": "העיר העתיקה", "stat_area_ids": ["2511", "2512", "2513", "2514"], "n_stat_areas": 4, "pop_approx": 34840, "hh_total": 7640, "has_data": true, "started_2022": 5, "completed_2022": 0, "started_2023": 18, "completed_2023": 1, "started_2024": 0, "completed_2024": 18, "started_2025": 0, "completed_2025": 4, "started_total": 23, "completed_total": 23, "started_per_1000": 0.7, "has_dwellings": false}, "geometry": {"type": "Polygon", "coordinates": [[[35.230469, 31.772727], [35.23036, 31.772762], [35.230222, 31.772786], [35.230112, 31.772813], [35.230011, 31.772814], [35.22995, 31.772812], [35.229784, 31.772786], [35.229727, 31.772778], [35.229704, 31.772775], [35.229659, 31.772823], [35.229573, 31.772866], [35.229456, 31.772886], [35.229258, 31.772891], [35.229171, 31.772892], [35.228922, 31.77289], [35.228662, 31.772891], [35.228439, 31.772897], [35.228192, 31.7729], [35.227833, 31.772898], [35.227722, 31.772889], [35.227656, 31.772875], [35.22759, 31.772858], [35.227503, 31.772847], [35.227479, 31.772844], [35.227478, 31.772885], [35.22748, 31.772941], [35.22748, 31.772997], [35.227479, 31.773069], [35.227482, 31.773154], [35.227481, 31.773221], [35.227464, 31.773292], [35.227448, 31.773369], [35.227426, 31.77347], [35.227392, 31.773574], [35.227374, 31.773656], [35.227367, 31.773755], [35.227359, 31.773828], [35.227355, 31.773917], [35.227361, 31.774025], [35.227366, 31.774118], [35.227389, 31.774177], [35.227399, 31.774316], [35.227417, 31.774431], [35.22744, 31.774512], [35.227453, 31.774613], [35.22747, 31.77474], [35.227478, 31.774856], [35.227475, 31.774932], [35.227472, 31.774973], [35.227472, 31.774974], [35.227482, 31.775029], [35.22749, 31.775094], [35.227481, 31.775165], [35.227433, 31.775248], [35.227376, 31.775352], [35.227344, 31.775449], [35.227344, 31.775467], [35.227349, 31.775559], [35.227377, 31.775737], [35.22739, 31.775809], [35.227416, 31.775953], [35.227501, 31.776282], [35.227546, 31.776395], [35.227561, 31.776461], [35.227571, 31.776476], [35.227384, 31.776358], [35.227131, 31.776602], [35.227127, 31.776613], [35.226892, 31.776888], [35.226686, 31.777054], [35.226264, 31.777395], [35.22598, 31.777631], [35.225902, 31.777695], [35.225776, 31.777823], [35.225647, 31.778005], [35.225588, 31.778095], [35.225692, 31.77815], [35.225666, 31.778319], [35.225662, 31.778332], [35.225635, 31.778421], [35.225644, 31.778508], [35.225645, 31.778516], [35.225652, 31.778632], [35.225722, 31.778804], [35.225808, 31.77898], [35.225854, 31.779062], [35.225874, 31.779139], [35.225857, 31.779174], [35.225826, 31.779239], [35.225866, 31.779264], [35.226002, 31.779334], [35.226083, 31.779361], [35.22619, 31.779401], [35.226213, 31.77941], [35.226393, 31.779509], [35.226514, 31.779583], [35.226603, 31.779643], [35.22676, 31.779744], [35.226949, 31.779881], [35.227165, 31.780025], [35.227364, 31.780147], [35.227473, 31.780202], [35.227607, 31.780257], [35.227682, 31.780279], [35.22774, 31.780184], [35.227584, 31.779957], [35.227739, 31.779784], [35.227924, 31.779932], [35.228021, 31.780014], [35.228141, 31.78012], [35.22827, 31.780235], [35.22836, 31.78038], [35.228256, 31.780486], [35.22829, 31.780487], [35.228326, 31.7805], [35.228361, 31.780516], [35.22845, 31.780573], [35.228516, 31.780601], [35.228763, 31.780631], [35.228861, 31.780668], [35.228889, 31.780692], [35.228909, 31.78074], [35.228945, 31.780794], [35.229027, 31.780855], [35.229123, 31.780893], [35.229206, 31.780913], [35.229278, 31.78094], [35.229363, 31.781014], [35.229379, 31.781049], [35.229417, 31.781135], [35.229466, 31.781213], [35.229562, 31.781287], [35.22976, 31.781422], [35.229845, 31.781452], [35.229948, 31.781517], [35.229976, 31.781562], [35.229978, 31.781581], [35.230382, 31.78185], [35.230554, 31.781917], [35.230547, 31.781933], [35.230523, 31.781961], [35.230534, 31.781977], [35.230555, 31.782012], [35.230561, 31.782022], [35.230594, 31.78202], [35.230567, 31.782085], [35.230563, 31.782167], [35.230564, 31.782179], [35.230567, 31.782255], [35.23057, 31.782264], [35.230577, 31.782283], [35.230609, 31.7823], [35.230636, 31.782312], [35.230677, 31.782317], [35.230729, 31.782326], [35.230758, 31.782337], [35.23077, 31.782356], [35.230809, 31.782391], [35.230817, 31.782412], [35.230841, 31.782442], [35.230926, 31.782467], [35.230971, 31.782488], [35.230999, 31.782517], [35.231038, 31.782546], [35.231084, 31.782552], [35.231113, 31.782541], [35.231146, 31.782545], [35.231193, 31.782573], [35.23124, 31.782614], [35.231259, 31.782661], [35.231294, 31.782695], [35.231391, 31.782717], [35.231491, 31.782742], [35.231629, 31.78276], [35.231731, 31.782763], [35.231818, 31.782769], [35.231841, 31.782769], [35.231928, 31.782859], [35.232073, 31.78286], [35.232233, 31.782862], [35.232407, 31.782882], [35.232587, 31.782913], [35.232743, 31.782961], [35.23295, 31.78306], [35.233178, 31.783167], [35.233361, 31.783239], [35.233371, 31.783243], [35.233431, 31.783255], [35.233465, 31.783262], [35.23349, 31.783266], [35.233564, 31.783295], [35.233664, 31.783333], [35.233691, 31.783338], [35.233725, 31.783344], [35.233727, 31.783344], [35.23389, 31.783375], [35.233909, 31.783377], [35.233972, 31.783393], [35.23398, 31.783394], [35.234007, 31.7834], [35.234046, 31.783406], [35.234409, 31.78346], [35.234645, 31.783489], [35.234668, 31.783492], [35.234953, 31.783533], [35.234994, 31.78354], [35.235079, 31.783547], [35.23524, 31.783559], [35.235261, 31.783561], [35.235471, 31.783601], [35.235544, 31.783616], [35.235553, 31.783617], [35.235981, 31.783691], [35.23638, 31.783768], [35.23669, 31.783826], [35.236696, 31.783829], [35.23695, 31.783879], [35.236969, 31.78375], [35.236973, 31.783686], [35.236981, 31.783561], [35.23699, 31.783423], [35.237008, 31.783311], [35.237024, 31.783295], [35.237048, 31.783216], [35.237057, 31.783184], [35.237068, 31.783163], [35.237089, 31.783141], [35.237122, 31.783108], [35.237146, 31.783091], [35.237216, 31.782998], [35.237275, 31.7829], [35.237331, 31.782802], [35.237366, 31.782706], [35.237387, 31.782602], [35.237403, 31.782478], [35.237424, 31.782355], [35.237425, 31.78233], [35.237435, 31.782215], [35.237447, 31.782096], [35.237464, 31.781936], [35.237458, 31.781799], [35.237455, 31.781707], [35.237444, 31.781608], [35.23745, 31.781536], [35.237466, 31.781468], [35.237467, 31.781461], [35.237472, 31.781394], [35.237491, 31.781307], [35.237493, 31.781257], [35.237482, 31.781222], [35.237453, 31.781153], [35.23739, 31.781072], [35.237349, 31.781018], [35.237326, 31.780977], [35.237328, 31.7809], [35.237378, 31.780268], [35.23739, 31.779601], [35.23736, 31.779495], [35.237359, 31.779489], [35.237357, 31.779437], [35.237359, 31.779317], [35.237373, 31.779177], [35.237386, 31.77907], [35.237409, 31.778863], [35.237417, 31.778773], [35.237432, 31.77872], [35.237449, 31.778682], [35.237467, 31.778649], [35.237468, 31.778591], [35.237456, 31.778498], [35.237447, 31.778356], [35.237455, 31.778309], [35.237465, 31.778249], [35.237496, 31.778156], [35.237524, 31.778043], [35.237551, 31.777856], [35.237631, 31.777578], [35.237629, 31.777463], [35.237572, 31.777243], [35.23759, 31.777174], [35.237637, 31.777027], [35.237648, 31.776733], [35.237662, 31.776594], [35.237683, 31.776422], [35.237677, 31.776277], [35.237687, 31.776166], [35.237699, 31.776084], [35.237696, 31.77598], [35.237652, 31.77591], [35.237553, 31.775919], [35.237352, 31.77593], [35.236774, 31.775898], [35.236589, 31.77588], [35.23622, 31.775844], [35.235968, 31.775779], [35.235906, 31.775651], [35.235782, 31.775625], [35.235797, 31.775464], [35.235806, 31.775466], [35.235813, 31.775428], [35.235833, 31.77532], [35.235831, 31.775257], [35.235852, 31.775198], [35.235858, 31.775089], [35.235876, 31.774894], [35.235483, 31.774859], [35.235343, 31.774851], [35.235199, 31.774841], [35.234724, 31.774787], [35.234467, 31.774715], [35.234229, 31.77464], [35.234171, 31.774597], [35.234106, 31.774557], [35.233878, 31.774404], [35.233525, 31.774171], [35.233256, 31.77403], [35.233107, 31.773951], [35.233049, 31.773915], [35.232826, 31.773774], [35.232727, 31.77368], [35.232717, 31.77367], [35.232565, 31.773455], [35.23247, 31.773331], [35.232323, 31.773235], [35.23212, 31.773156], [35.23174, 31.773038], [35.23163, 31.772988], [35.231622, 31.772985], [35.230534, 31.772789], [35.230513, 31.772697], [35.230469, 31.772727]]]}}, {"type": "Feature", "properties": {"subq": "261", "name_he": "סילאון, אבו תור", "stat_area_ids": ["2611", "2612", "2613"], "n_stat_areas": 3, "pop_approx": 21378, "hh_total": 4430, "has_data": true, "started_2022": 1, "completed_2022": 0, "started_2023": 52, "completed_2023": 1, "started_2024": 6, "completed_2024": 43, "started_2025": 45, "completed_2025": 78, "started_total": 104, "completed_total": 122, "started_per_1000": 4.9, "has_dwellings": false}, "geometry": {"type": "Polygon", "coordinates": [[[35.237886, 31.764212], [35.237884, 31.764212], [35.237864, 31.76419], [35.237848, 31.764142], [35.237848, 31.764141], [35.23785, 31.764019], [35.23789, 31.763912], [35.237922, 31.763827], [35.238143, 31.763458], [35.238138, 31.763355], [35.238133, 31.763342], [35.238105, 31.763266], [35.238113, 31.763264], [35.238104, 31.763243], [35.23807, 31.763137], [35.238026, 31.763032], [35.237987, 31.762933], [35.237975, 31.762903], [35.237963, 31.762873], [35.237913, 31.762736], [35.237884, 31.76265], [35.237879, 31.762523], [35.237896, 31.762412], [35.237911, 31.76232], [35.237911, 31.762311], [35.23791, 31.762239], [35.237894, 31.76217], [35.237871, 31.762059], [35.237832, 31.761995], [35.237768, 31.761894], [35.237685, 31.761772], [35.237611, 31.761682], [35.237546, 31.761592], [35.237453, 31.761478], [35.237384, 31.761386], [35.237329, 31.761315], [35.237293, 31.761245], [35.237241, 31.761187], [35.237189, 31.761136], [35.237128, 31.761093], [35.237048, 31.761034], [35.237039, 31.761027], [35.236942, 31.760951], [35.236865, 31.760893], [35.236789, 31.760834], [35.236689, 31.760771], [35.23666, 31.760758], [35.23664, 31.760749], [35.236551, 31.760706], [35.236458, 31.760652], [35.236359, 31.760585], [35.236284, 31.760528], [35.23626, 31.760511], [35.236157, 31.760436], [35.236159, 31.760421], [35.235734, 31.760124], [35.23567, 31.759893], [35.235667, 31.759882], [35.235648, 31.759812], [35.235474, 31.759515], [35.235164, 31.75935], [35.235129, 31.759343], [35.234849, 31.759223], [35.233693, 31.759113], [35.233567, 31.759047], [35.232653, 31.758898], [35.232543, 31.758781], [35.232489, 31.758781], [35.23243, 31.758781], [35.232425, 31.758779], [35.232176, 31.758632], [35.231834, 31.758722], [35.2319, 31.75923], [35.231908, 31.759256], [35.231907, 31.759261], [35.231879, 31.759336], [35.231863, 31.75942], [35.231828, 31.759899], [35.231907, 31.760174], [35.232022, 31.760335], [35.232502, 31.760444], [35.232502, 31.760445], [35.232579, 31.760472], [35.232578, 31.760678], [35.232569, 31.760894], [35.232566, 31.760948], [35.232509, 31.7611], [35.232479, 31.76124], [35.232454, 31.761261], [35.232319, 31.761353], [35.232202, 31.761459], [35.232099, 31.761589], [35.232003, 31.761692], [35.231967, 31.761819], [35.231644, 31.76197], [35.231338, 31.762133], [35.230987, 31.762329], [35.230933, 31.762365], [35.230795, 31.762386], [35.230615, 31.762405], [35.230467, 31.762412], [35.230313, 31.762421], [35.230206, 31.762432], [35.230071, 31.762451], [35.229936, 31.762425], [35.22982, 31.762414], [35.22966, 31.762408], [35.229641, 31.762411], [35.229527, 31.76243], [35.229414, 31.762468], [35.229289, 31.762498], [35.229135, 31.762536], [35.229039, 31.76256], [35.229038, 31.762567], [35.229018, 31.762658], [35.229018, 31.762746], [35.228958, 31.762844], [35.228783, 31.762954], [35.228764, 31.762949], [35.22875, 31.762966], [35.228663, 31.763003], [35.228536, 31.76308], [35.228445, 31.763119], [35.228314, 31.763222], [35.228243, 31.763297], [35.228186, 31.763402], [35.228174, 31.763398], [35.228234, 31.763713], [35.228348, 31.764257], [35.228461, 31.764617], [35.228599, 31.764879], [35.228659, 31.765013], [35.228733, 31.765347], [35.228777, 31.765607], [35.228792, 31.76576], [35.228796, 31.765898], [35.228797, 31.765935], [35.228746, 31.766097], [35.22869, 31.766213], [35.228639, 31.766317], [35.228572, 31.766441], [35.228554, 31.766531], [35.228606, 31.766524], [35.228743, 31.766452], [35.228869, 31.766763], [35.229124, 31.767053], [35.229252, 31.767155], [35.229222, 31.767279], [35.229165, 31.767361], [35.229056, 31.767438], [35.228946, 31.767541], [35.228947, 31.767543], [35.228922, 31.767586], [35.228827, 31.767641], [35.228763, 31.7677], [35.228716, 31.767774], [35.228687, 31.767831], [35.228674, 31.767856], [35.228671, 31.767861], [35.228621, 31.767951], [35.228578, 31.768015], [35.228537, 31.768117], [35.228606, 31.768101], [35.228668, 31.768083], [35.228654, 31.768109], [35.228659, 31.768179], [35.228822, 31.768397], [35.229014, 31.768706], [35.229015, 31.768708], [35.229006, 31.768713], [35.22909, 31.768846], [35.229144, 31.768966], [35.229177, 31.769022], [35.229292, 31.769163], [35.229391, 31.769293], [35.229549, 31.769507], [35.229618, 31.769557], [35.229706, 31.769638], [35.22979, 31.769751], [35.229847, 31.769846], [35.229877, 31.769989], [35.229909, 31.770134], [35.22994, 31.770225], [35.229938, 31.7703], [35.229924, 31.770351], [35.229957, 31.770427], [35.229975, 31.77053], [35.229974, 31.770538], [35.229967, 31.770621], [35.22995, 31.770674], [35.229937, 31.770712], [35.229929, 31.770736], [35.229967, 31.770786], [35.230024, 31.77082], [35.230088, 31.77085], [35.230132, 31.770897], [35.230099, 31.770945], [35.230246, 31.771071], [35.230322, 31.771136], [35.23042, 31.771339], [35.230482, 31.771468], [35.230608, 31.771815], [35.230629, 31.771888], [35.230585, 31.77192], [35.230564, 31.772021], [35.230558, 31.772163], [35.230549, 31.772322], [35.230536, 31.772406], [35.230527, 31.772538], [35.230524, 31.772643], [35.230513, 31.772697], [35.230534, 31.772789], [35.231622, 31.772985], [35.23163, 31.772988], [35.23174, 31.773038], [35.23212, 31.773156], [35.232323, 31.773235], [35.23247, 31.773331], [35.232565, 31.773455], [35.232717, 31.77367], [35.232727, 31.77368], [35.232826, 31.773774], [35.233049, 31.773915], [35.233107, 31.773951], [35.233256, 31.77403], [35.233525, 31.774171], [35.233878, 31.774404], [35.234106, 31.774557], [35.234171, 31.774597], [35.234229, 31.77464], [35.234467, 31.774715], [35.234724, 31.774787], [35.235199, 31.774841], [35.235343, 31.774851], [35.235483, 31.774859], [35.235876, 31.774894], [35.235858, 31.775089], [35.235852, 31.775198], [35.235831, 31.775257], [35.235833, 31.77532], [35.235813, 31.775428], [35.235806, 31.775466], [35.235797, 31.775464], [35.235782, 31.775625], [35.235906, 31.775651], [35.235968, 31.775779], [35.23622, 31.775844], [35.236589, 31.77588], [35.236774, 31.775898], [35.237352, 31.77593], [35.237553, 31.775919], [35.237652, 31.77591], [35.237696, 31.77598], [35.237699, 31.776084], [35.237687, 31.776166], [35.237677, 31.776277], [35.237683, 31.776422], [35.237662, 31.776594], [35.237648, 31.776733], [35.237637, 31.777027], [35.23759, 31.777174], [35.237572, 31.777243], [35.237629, 31.777463], [35.237631, 31.777578], [35.237551, 31.777856], [35.237524, 31.778043], [35.237496, 31.778156], [35.237465, 31.778249], [35.237455, 31.778309], [35.237447, 31.778356], [35.237456, 31.778498], [35.237468, 31.778591], [35.237467, 31.778649], [35.237449, 31.778682], [35.237432, 31.77872], [35.237417, 31.778773], [35.237409, 31.778863], [35.237386, 31.77907], [35.237373, 31.779177], [35.237359, 31.779317], [35.237357, 31.779437], [35.237359, 31.779489], [35.23736, 31.779495], [35.23739, 31.779601], [35.237378, 31.780268], [35.237328, 31.7809], [35.237326, 31.780977], [35.237349, 31.781018], [35.23739, 31.781072], [35.237453, 31.781153], [35.237482, 31.781222], [35.237493, 31.781257], [35.237491, 31.781307], [35.237472, 31.781394], [35.237467, 31.781461], [35.237466, 31.781468], [35.23745, 31.781536], [35.237444, 31.781608], [35.237455, 31.781707], [35.237458, 31.781799], [35.237464, 31.781936], [35.237447, 31.782096], [35.237435, 31.782215], [35.237425, 31.78233], [35.237424, 31.782355], [35.237403, 31.782478], [35.237387, 31.782602], [35.237366, 31.782706], [35.237331, 31.782802], [35.237275, 31.7829], [35.237216, 31.782998], [35.237146, 31.783091], [35.237122, 31.783108], [35.237089, 31.783141], [35.237068, 31.783163], [35.237057, 31.783184], [35.237048, 31.783216], [35.237024, 31.783295], [35.237008, 31.783311], [35.23699, 31.783423], [35.236981, 31.783561], [35.236973, 31.783686], [35.236969, 31.78375], [35.23695, 31.783879], [35.236991, 31.783889], [35.237201, 31.783912], [35.237323, 31.783768], [35.237451, 31.783596], [35.237579, 31.783434], [35.237606, 31.7834], [35.237757, 31.783216], [35.237881, 31.783063], [35.237956, 31.782953], [35.238123, 31.782752], [35.238395, 31.782517], [35.238485, 31.782438], [35.238618, 31.782322], [35.238744, 31.78221], [35.23889, 31.782081], [35.238984, 31.781945], [35.239042, 31.78179], [35.239021, 31.781638], [35.238996, 31.781554], [35.238976, 31.781487], [35.2388, 31.781194], [35.238588, 31.780853], [35.238493, 31.780666], [35.23848, 31.780621], [35.238472, 31.780544], [35.238471, 31.780529], [35.23848, 31.780477], [35.238546, 31.780313], [35.238641, 31.780235], [35.238828, 31.780176], [35.239011, 31.780122], [35.239074, 31.780099], [35.239106, 31.780087], [35.23915, 31.780065], [35.239216, 31.780012], [35.239277, 31.779942], [35.239316, 31.779859], [35.239316, 31.779857], [35.239317, 31.779848], [35.239332, 31.779693], [35.239338, 31.779363], [35.239388, 31.779128], [35.239399, 31.779105], [35.239497, 31.778897], [35.239658, 31.778643], [35.239781, 31.77846], [35.239806, 31.778389], [35.239887, 31.77816], [35.240041, 31.777498], [35.240075, 31.777352], [35.240076, 31.777349], [35.240111, 31.777193], [35.240202, 31.776785], [35.240304, 31.776338], [35.240339, 31.7761], [35.240395, 31.77568], [35.240443, 31.775048], [35.240454, 31.774675], [35.240452, 31.774621], [35.240446, 31.774474], [35.240435, 31.774204], [35.240445, 31.774078], [35.240322, 31.773968], [35.240283, 31.773906], [35.240227, 31.773815], [35.240123, 31.77369], [35.240057, 31.773599], [35.23998, 31.773476], [35.239904, 31.773374], [35.239853, 31.773246], [35.239814, 31.773122], [35.239792, 31.77303], [35.239761, 31.772943], [35.239734, 31.772767], [35.239708, 31.772608], [35.239688, 31.772499], [35.239685, 31.772416], [35.239673, 31.772308], [35.239653, 31.772189], [35.239637, 31.772102], [35.239629, 31.772071], [35.239613, 31.772007], [35.239553, 31.771851], [35.239483, 31.77187], [35.239439, 31.771856], [35.23939, 31.771805], [35.239257, 31.771761], [35.239233, 31.771748], [35.239045, 31.771542], [35.239038, 31.771297], [35.239036, 31.77128], [35.239024, 31.771206], [35.239022, 31.771129], [35.239042, 31.771057], [35.239058, 31.770959], [35.239064, 31.770889], [35.239039, 31.770834], [35.239007, 31.770763], [35.238982, 31.770682], [35.238943, 31.770593], [35.238901, 31.770501], [35.238879, 31.77042], [35.238874, 31.770408], [35.238844, 31.770335], [35.238817, 31.770246], [35.238799, 31.770142], [35.238797, 31.770105], [35.238794, 31.77009], [35.238798, 31.770071], [35.2388, 31.770063], [35.238867, 31.769993], [35.238893, 31.769962], [35.238923, 31.769927], [35.238973, 31.769864], [35.239004, 31.769808], [35.239063, 31.769743], [35.239074, 31.769704], [35.239096, 31.769759], [35.239136, 31.769821], [35.239185, 31.769843], [35.239239, 31.769851], [35.239309, 31.769851], [35.239451, 31.769852], [35.239565, 31.76985], [35.23963, 31.769848], [35.239748, 31.76986], [35.239831, 31.769868], [35.239907, 31.769872], [35.239816, 31.769802], [35.239726, 31.769723], [35.239686, 31.769665], [35.239677, 31.769565], [35.23967, 31.76943], [35.23966, 31.769279], [35.239667, 31.76917], [35.239721, 31.768989], [35.23983, 31.768786], [35.23999, 31.768591], [35.23991, 31.76839], [35.239905, 31.768378], [35.239908, 31.768262], [35.240157, 31.768111], [35.240451, 31.768049], [35.240675, 31.767999], [35.240734, 31.767982], [35.240808, 31.767822], [35.241147, 31.767636], [35.241264, 31.767366], [35.241341, 31.767154], [35.241353, 31.767116], [35.241385, 31.767045], [35.241382, 31.766993], [35.24138, 31.766966], [35.241368, 31.766931], [35.241344, 31.766899], [35.241311, 31.76685], [35.241281, 31.766787], [35.241237, 31.766735], [35.241215, 31.76671], [35.241129, 31.766662], [35.241196, 31.766659], [35.241277, 31.766667], [35.241322, 31.766668], [35.241391, 31.766682], [35.241495, 31.766415], [35.241378, 31.766368], [35.241355, 31.766359], [35.241413, 31.766057], [35.241572, 31.766079], [35.241558, 31.765872], [35.241671, 31.765573], [35.241683, 31.765542], [35.241498, 31.765526], [35.241502, 31.765509], [35.241501, 31.7655], [35.241482, 31.765276], [35.241529, 31.764978], [35.24153, 31.764968], [35.241506, 31.764593], [35.241505, 31.764575], [35.241491, 31.764473], [35.241473, 31.764349], [35.241473, 31.763894], [35.241473, 31.763892], [35.241473, 31.763863], [35.241366, 31.76306], [35.241328, 31.763064], [35.241186, 31.763069], [35.241042, 31.763071], [35.24091, 31.76308], [35.240787, 31.763096], [35.240713, 31.763105], [35.240616, 31.763109], [35.240451, 31.763124], [35.240441, 31.763124], [35.24036, 31.763137], [35.24012, 31.763146], [35.239935, 31.763169], [35.239835, 31.763192], [35.239632, 31.763282], [35.239474, 31.763352], [35.239466, 31.763356], [35.239198, 31.763427], [35.238979, 31.763506], [35.238886, 31.763584], [35.238726, 31.76372], [35.238643, 31.763792], [35.238601, 31.76383], [35.238507, 31.763914], [35.238403, 31.76399], [35.238355, 31.764027], [35.238174, 31.764079], [35.238047, 31.764137], [35.238022, 31.76416], [35.23789, 31.764211], [35.23789, 31.764212], [35.237886, 31.764212]]]}}, {"type": "Feature", "properties": {"subq": "271", "name_he": "סוואחרה אל-ע'רביה", "stat_area_ids": ["2712"], "n_stat_areas": 1, "pop_approx": null, "hh_total": null, "has_data": true, "started_2022": 41, "completed_2022": 22, "started_2023": 74, "completed_2023": 34, "started_2024": 37, "completed_2024": 48, "started_2025": 18, "completed_2025": 52, "started_total": 170, "completed_total": 156, "started_per_1000": null, "has_dwellings": false}, "geometry": {"type": "Polygon", "coordinates": [[[35.23789, 31.764212], [35.23789, 31.764211], [35.238022, 31.76416], [35.238047, 31.764137], [35.238174, 31.764079], [35.238355, 31.764027], [35.238403, 31.76399], [35.238507, 31.763914], [35.238601, 31.76383], [35.238643, 31.763792], [35.238726, 31.76372], [35.238886, 31.763584], [35.238979, 31.763506], [35.239198, 31.763427], [35.239466, 31.763356], [35.239474, 31.763352], [35.239632, 31.763282], [35.239835, 31.763192], [35.239935, 31.763169], [35.24012, 31.763146], [35.24036, 31.763137], [35.240441, 31.763124], [35.240451, 31.763124], [35.240616, 31.763109], [35.240713, 31.763105], [35.240787, 31.763096], [35.24091, 31.76308], [35.241042, 31.763071], [35.241186, 31.763069], [35.241328, 31.763064], [35.241366, 31.76306], [35.24153, 31.763043], [35.241646, 31.763022], [35.241719, 31.763011], [35.24192, 31.762967], [35.242101, 31.762925], [35.242277, 31.762898], [35.242428, 31.762883], [35.242611, 31.762869], [35.242763, 31.762861], [35.242919, 31.762854], [35.243047, 31.762854], [35.24317, 31.762853], [35.243315, 31.762848], [35.243468, 31.762848], [35.243602, 31.762842], [35.243724, 31.762842], [35.243785, 31.76284], [35.243846, 31.762838], [35.243974, 31.762834], [35.244085, 31.762825], [35.244133, 31.762816], [35.244394, 31.762764], [35.244617, 31.76272], [35.244778, 31.762669], [35.244839, 31.762646], [35.244953, 31.762604], [35.245166, 31.762516], [35.245415, 31.762389], [35.245564, 31.762314], [35.245728, 31.762212], [35.245886, 31.762092], [35.246021, 31.761989], [35.246106, 31.761896], [35.24619, 31.76183], [35.246321, 31.761734], [35.246446, 31.761618], [35.246503, 31.76156], [35.246572, 31.761469], [35.2466, 31.761401], [35.246497, 31.761171], [35.246479, 31.761074], [35.24647, 31.760985], [35.246472, 31.760866], [35.246522, 31.760732], [35.246574, 31.760665], [35.246646, 31.760592], [35.247043, 31.760262], [35.247145, 31.760175], [35.247226, 31.760095], [35.247314, 31.760013], [35.247411, 31.759892], [35.247465, 31.759784], [35.247472, 31.759714], [35.247465, 31.759653], [35.247456, 31.75961], [35.247451, 31.759596], [35.247431, 31.759545], [35.247413, 31.759498], [35.247354, 31.759397], [35.2473, 31.759317], [35.247109, 31.759095], [35.247021, 31.759007], [35.246987, 31.758969], [35.246849, 31.758816], [35.246783, 31.758757], [35.246774, 31.758752], [35.246687, 31.758699], [35.246492, 31.758606], [35.246481, 31.758601], [35.246077, 31.75843], [35.2459, 31.758366], [35.245866, 31.758353], [35.245716, 31.758312], [35.245581, 31.758279], [35.245473, 31.758262], [35.245333, 31.75825], [35.244482, 31.758215], [35.244344, 31.758199], [35.244273, 31.758195], [35.244247, 31.758194], [35.243789, 31.758174], [35.243574, 31.758169], [35.243448, 31.758145], [35.243433, 31.758143], [35.243397, 31.758125], [35.243369, 31.758106], [35.243344, 31.758076], [35.243331, 31.758045], [35.24333, 31.758023], [35.243329, 31.75801], [35.243335, 31.757974], [35.243356, 31.757934], [35.243378, 31.757907], [35.24344, 31.757847], [35.243534, 31.75777], [35.24367, 31.757688], [35.24382, 31.757614], [35.244035, 31.75755], [35.24432, 31.75742], [35.244542, 31.757275], [35.244608, 31.757204], [35.244632, 31.757066], [35.244585, 31.756895], [35.24458, 31.756875], [35.244478, 31.756679], [35.244312, 31.756431], [35.24407, 31.756154], [35.243811, 31.755883], [35.243569, 31.755626], [35.243561, 31.755618], [35.243491, 31.75555], [35.243449, 31.755536], [35.243408, 31.755538], [35.243392, 31.755544], [35.241647, 31.754205], [35.241622, 31.754123], [35.241605, 31.754034], [35.241607, 31.753903], [35.241641, 31.75378], [35.241684, 31.75369], [35.241746, 31.753587], [35.241785, 31.753524], [35.241861, 31.753436], [35.242034, 31.753289], [35.242049, 31.753278], [35.242122, 31.753222], [35.242224, 31.753137], [35.242419, 31.752997], [35.242481, 31.752961], [35.242605, 31.752891], [35.242854, 31.752787], [35.243057, 31.752729], [35.243161, 31.752694], [35.243325, 31.75264], [35.243608, 31.752538], [35.243736, 31.752459], [35.24379, 31.752398], [35.243822, 31.752329], [35.243796, 31.752186], [35.243743, 31.752109], [35.24368, 31.752059], [35.243579, 31.752002], [35.243497, 31.751971], [35.242672, 31.751719], [35.242586, 31.751684], [35.24233, 31.751671], [35.242025, 31.751822], [35.241862, 31.751892], [35.241516, 31.75209], [35.241096, 31.752328], [35.24082, 31.752466], [35.240698, 31.752543], [35.2405, 31.752643], [35.240369, 31.752711], [35.240297, 31.752748], [35.240185, 31.752804], [35.240026, 31.752858], [35.239883, 31.752898], [35.239753, 31.752934], [35.239688, 31.752946], [35.239541, 31.752963], [35.239391, 31.752973], [35.239243, 31.75298], [35.239069, 31.752984], [35.238926, 31.752986], [35.238778, 31.752989], [35.238739, 31.75299], [35.238642, 31.752993], [35.238488, 31.752992], [35.238352, 31.752993], [35.238211, 31.752998], [35.238118, 31.753004], [35.238009, 31.753027], [35.23787, 31.75305], [35.23773, 31.753089], [35.237566, 31.753147], [35.237399, 31.75322], [35.237152, 31.753323], [35.236895, 31.753426], [35.236615, 31.753549], [35.236439, 31.753627], [35.236391, 31.753648], [35.2362, 31.75371], [35.236036, 31.753751], [35.235882, 31.753782], [35.235715, 31.753788], [35.235548, 31.753783], [35.235338, 31.753778], [35.235161, 31.753769], [35.235054, 31.753769], [35.234795, 31.753761], [35.234596, 31.75375], [35.23442, 31.753739], [35.234402, 31.75374], [35.234238, 31.753746], [35.234065, 31.753758], [35.233901, 31.753776], [35.233739, 31.753807], [35.233608, 31.753846], [35.233469, 31.753893], [35.233335, 31.753937], [35.23327, 31.753965], [35.233207, 31.753993], [35.233046, 31.75405], [35.232863, 31.754097], [35.232835, 31.754107], [35.232745, 31.754142], [35.23281, 31.754227], [35.232768, 31.75428], [35.23274, 31.75431], [35.232669, 31.754373], [35.232579, 31.754436], [35.232536, 31.754492], [35.232536, 31.754571], [35.232542, 31.754674], [35.232544, 31.754696], [35.232552, 31.754837], [35.232573, 31.755041], [35.232574, 31.755046], [35.23255, 31.755226], [35.232529, 31.755465], [35.232525, 31.755508], [35.232493, 31.755872], [35.232477, 31.756365], [35.232487, 31.756776], [35.232499, 31.757644], [35.23249, 31.758195], [35.232461, 31.75853], [35.232488, 31.758768], [35.232489, 31.758781], [35.232543, 31.758781], [35.232653, 31.758898], [35.233567, 31.759047], [35.233693, 31.759113], [35.234849, 31.759223], [35.235129, 31.759343], [35.235164, 31.75935], [35.235474, 31.759515], [35.235648, 31.759812], [35.235667, 31.759882], [35.23567, 31.759893], [35.235734, 31.760124], [35.236159, 31.760421], [35.236157, 31.760436], [35.23626, 31.760511], [35.236284, 31.760528], [35.236359, 31.760585], [35.236458, 31.760652], [35.236551, 31.760706], [35.23664, 31.760749], [35.23666, 31.760758], [35.236689, 31.760771], [35.236789, 31.760834], [35.236865, 31.760893], [35.236942, 31.760951], [35.237039, 31.761027], [35.237048, 31.761034], [35.237128, 31.761093], [35.237189, 31.761136], [35.237241, 31.761187], [35.237293, 31.761245], [35.237329, 31.761315], [35.237384, 31.761386], [35.237453, 31.761478], [35.237546, 31.761592], [35.237611, 31.761682], [35.237685, 31.761772], [35.237768, 31.761894], [35.237832, 31.761995], [35.237871, 31.762059], [35.237894, 31.76217], [35.23791, 31.762239], [35.237911, 31.762311], [35.237911, 31.76232], [35.237896, 31.762412], [35.237879, 31.762523], [35.237884, 31.76265], [35.237913, 31.762736], [35.237963, 31.762873], [35.237975, 31.762903], [35.237987, 31.762933], [35.238026, 31.763032], [35.23807, 31.763137], [35.238104, 31.763243], [35.238113, 31.763264], [35.238105, 31.763266], [35.238133, 31.763342], [35.238138, 31.763355], [35.238143, 31.763458], [35.237922, 31.763827], [35.23789, 31.763912], [35.23785, 31.764019], [35.237848, 31.764141], [35.237848, 31.764142], [35.237864, 31.76419], [35.237884, 31.764212], [35.237886, 31.764212], [35.23789, 31.764212]]]}}, {"type": "Feature", "properties": {"subq": "281", "name_he": "צור באהר, אום טובא", "stat_area_ids": ["2811", "2812"], "n_stat_areas": 2, "pop_approx": 33360, "hh_total": 6700, "has_data": true, "started_2022": 102, "completed_2022": 65, "started_2023": 117, "completed_2023": 121, "started_2024": 69, "completed_2024": 67, "started_2025": 145, "completed_2025": 99, "started_total": 433, "completed_total": 352, "started_per_1000": 13.0, "has_dwellings": false}, "geometry": {"type": "Polygon", "coordinates": [[[35.244726, 31.72081], [35.244654, 31.720744], [35.244583, 31.720678], [35.244512, 31.720612], [35.24444, 31.720546], [35.244369, 31.72048], [35.244298, 31.720414], [35.244226, 31.720348], [35.244155, 31.720282], [35.244084, 31.720216], [35.244012, 31.72015], [35.243941, 31.720084], [35.24387, 31.720018], [35.243798, 31.719952], [35.243786, 31.719863], [35.243775, 31.719775], [35.243763, 31.719686], [35.243751, 31.719597], [35.243739, 31.719508], [35.243727, 31.71942], [35.243716, 31.719331], [35.243704, 31.719242], [35.243692, 31.719153], [35.24368, 31.719065], [35.243669, 31.718976], [35.243657, 31.718887], [35.243645, 31.718799], [35.243633, 31.71871], [35.243621, 31.718621], [35.24361, 31.718532], [35.243598, 31.718444], [35.243586, 31.718355], [35.243574, 31.718266], [35.243562, 31.718177], [35.243551, 31.718089], [35.243539, 31.718], [35.243527, 31.717911], [35.243515, 31.717822], [35.243503, 31.717734], [35.243492, 31.717645], [35.24348, 31.717556], [35.243468, 31.717467], [35.243456, 31.717379], [35.243444, 31.71729], [35.243433, 31.717201], [35.243421, 31.717113], [35.243409, 31.717024], [35.243397, 31.716935], [35.243385, 31.716846], [35.243374, 31.716758], [35.243362, 31.716669], [35.24335, 31.71658], [35.243338, 31.716491], [35.243326, 31.716403], [35.243315, 31.716314], [35.243303, 31.716225], [35.243291, 31.716136], [35.243279, 31.716048], [35.243267, 31.715959], [35.243256, 31.71587], [35.243244, 31.715781], [35.243232, 31.715693], [35.24322, 31.715604], [35.243208, 31.715515], [35.243197, 31.715427], [35.243185, 31.715338], [35.243173, 31.715249], [35.243161, 31.71516], [35.24315, 31.715072], [35.243138, 31.714983], [35.243126, 31.714894], [35.243114, 31.714805], [35.243102, 31.714717], [35.243091, 31.714628], [35.243079, 31.714539], [35.243067, 31.71445], [35.243055, 31.714362], [35.243043, 31.714273], [35.243032, 31.714184], [35.24302, 31.714095], [35.243008, 31.714007], [35.242996, 31.713918], [35.242984, 31.713829], [35.242973, 31.713741], [35.242961, 31.713652], [35.242949, 31.713563], [35.242937, 31.713474], [35.242925, 31.713386], [35.242914, 31.713297], [35.242902, 31.713208], [35.24289, 31.713119], [35.242878, 31.713031], [35.242866, 31.712942], [35.242855, 31.712853], [35.242843, 31.712764], [35.242831, 31.712676], [35.242819, 31.712587], [35.242807, 31.712498], [35.242796, 31.712409], [35.242784, 31.712321], [35.242772, 31.712232], [35.242692, 31.712175], [35.242611, 31.712118], [35.242531, 31.712061], [35.242451, 31.712005], [35.242371, 31.711948], [35.24229, 31.711891], [35.24221, 31.711834], [35.24213, 31.711777], [35.242049, 31.71172], [35.241969, 31.711664], [35.241889, 31.711607], [35.241809, 31.71155], [35.241728, 31.711493], [35.241648, 31.711436], [35.241568, 31.711379], [35.241487, 31.711323], [35.241407, 31.711266], [35.241327, 31.711209], [35.241247, 31.711152], [35.241166, 31.711095], [35.241086, 31.711038], [35.241006, 31.710982], [35.240925, 31.710925], [35.240845, 31.710868], [35.240765, 31.710811], [35.240684, 31.710754], [35.240604, 31.710697], [35.240524, 31.710641], [35.240444, 31.710584], [35.240363, 31.710527], [35.240283, 31.71047], [35.240203, 31.710413], [35.240122, 31.710356], [35.240042, 31.7103], [35.239962, 31.710243], [35.239882, 31.710186], [35.239801, 31.710129], [35.239721, 31.710072], [35.239641, 31.710015], [35.23956, 31.709959], [35.23948, 31.709902], [35.2394, 31.709845], [35.23932, 31.709788], [35.239239, 31.709731], [35.239159, 31.709674], [35.239079, 31.709618], [35.238984, 31.709658], [35.23889, 31.709698], [35.238796, 31.709738], [35.238702, 31.709778], [35.238607, 31.709818], [35.238513, 31.709858], [35.238419, 31.709898], [35.238325, 31.709938], [35.23823, 31.709978], [35.238136, 31.710018], [35.238042, 31.710058], [35.237948, 31.710098], [35.237853, 31.710138], [35.237759, 31.710178], [35.237665, 31.710218], [35.237571, 31.710258], [35.237476, 31.710298], [35.237382, 31.710338], [35.237288, 31.710378], [35.237194, 31.710418], [35.237099, 31.710458], [35.237005, 31.710498], [35.236911, 31.710538], [35.236817, 31.710578], [35.236722, 31.710618], [35.236628, 31.710658], [35.236534, 31.710698], [35.23644, 31.710738], [35.236345, 31.710778], [35.236251, 31.710818], [35.236157, 31.710858], [35.236063, 31.710898], [35.235968, 31.710938], [35.235874, 31.710978], [35.23578, 31.711018], [35.235685, 31.711058], [35.235591, 31.711098], [35.235497, 31.711138], [35.235403, 31.711178], [35.235308, 31.711218], [35.235214, 31.711258], [35.23512, 31.711298], [35.235026, 31.711338], [35.234931, 31.711378], [35.234837, 31.711418], [35.234743, 31.711458], [35.234649, 31.711498], [35.234554, 31.711538], [35.23446, 31.711579], [35.234366, 31.711619], [35.234272, 31.711659], [35.234177, 31.711699], [35.234083, 31.711739], [35.233989, 31.711779], [35.233895, 31.711819], [35.2338, 31.711859], [35.233706, 31.711899], [35.233612, 31.711939], [35.233518, 31.711979], [35.233423, 31.712019], [35.233329, 31.712059], [35.233235, 31.712099], [35.233141, 31.712139], [35.233046, 31.712179], [35.232952, 31.712219], [35.232858, 31.712259], [35.232764, 31.712299], [35.232669, 31.712339], [35.232575, 31.712379], [35.232481, 31.712419], [35.232386, 31.712459], [35.232292, 31.712499], [35.232198, 31.712539], [35.232104, 31.712579], [35.232009, 31.712619], [35.231915, 31.712659], [35.231821, 31.712699], [35.231727, 31.712739], [35.231632, 31.712779], [35.231538, 31.712819], [35.231444, 31.712859], [35.23135, 31.712899], [35.231255, 31.712939], [35.231249, 31.712943], [35.231216, 31.713015], [35.231305, 31.713081], [35.231333, 31.713115], [35.23162, 31.713493], [35.231799, 31.713721], [35.232153, 31.714086], [35.232373, 31.714751], [35.232394, 31.714788], [35.232478, 31.71493], [35.232672, 31.715266], [35.233144, 31.716199], [35.233214, 31.716781], [35.233236, 31.717049], [35.233237, 31.717059], [35.23325, 31.717228], [35.233252, 31.717249], [35.233278, 31.717578], [35.233206, 31.718189], [35.233097, 31.719146], [35.233086, 31.719611], [35.23309, 31.719865], [35.233167, 31.720161], [35.233386, 31.720596], [35.233357, 31.721167], [35.233396, 31.721985], [35.233398, 31.722015], [35.2334, 31.722065], [35.233401, 31.722077], [35.233409, 31.722269], [35.233456, 31.723228], [35.233309, 31.723398], [35.232767, 31.724027], [35.23143, 31.725278], [35.230794, 31.725873], [35.229733, 31.72668], [35.228709, 31.72746], [35.228316, 31.727682], [35.228314, 31.727678], [35.228167, 31.727757], [35.227322, 31.728364], [35.226867, 31.728662], [35.226858, 31.72868], [35.226583, 31.728864], [35.226283, 31.729063], [35.225654, 31.729248], [35.225168, 31.72939], [35.22516, 31.729391], [35.225086, 31.729408], [35.224498, 31.729514], [35.224457, 31.729518], [35.223848, 31.729632], [35.222888, 31.729902], [35.222494, 31.730014], [35.221828, 31.730399], [35.220829, 31.73103], [35.221199, 31.731825], [35.221193, 31.731833], [35.221239, 31.73192], [35.221288, 31.731979], [35.221348, 31.732032], [35.221411, 31.732062], [35.2215, 31.732086], [35.221553, 31.732085], [35.221536, 31.73215], [35.22148, 31.73222], [35.22134, 31.732302], [35.221196, 31.732371], [35.221097, 31.732406], [35.22098, 31.732419], [35.22085, 31.732423], [35.220748, 31.732433], [35.220623, 31.732457], [35.220521, 31.732481], [35.22047, 31.732503], [35.220418, 31.732525], [35.22025, 31.732572], [35.220129, 31.732616], [35.220036, 31.732624], [35.21995, 31.732627], [35.219867, 31.732638], [35.219779, 31.732685], [35.219609, 31.732759], [35.219389, 31.732849], [35.219092, 31.732967], [35.21891, 31.733045], [35.218747, 31.733121], [35.218669, 31.733152], [35.218756, 31.733588], [35.218802, 31.733837], [35.218838, 31.734083], [35.218833, 31.734084], [35.219141, 31.734542], [35.219742, 31.734011], [35.220332, 31.734093], [35.220451, 31.734091], [35.220549, 31.734111], [35.220638, 31.734163], [35.220687, 31.734174], [35.220784, 31.734225], [35.220841, 31.734266], [35.220894, 31.734323], [35.221768, 31.734304], [35.22181, 31.734303], [35.223077, 31.735509], [35.223495, 31.735723], [35.224029, 31.736334], [35.224199, 31.736528], [35.224252, 31.736593], [35.224261, 31.736609], [35.224413, 31.736796], [35.224604, 31.737062], [35.224696, 31.73734], [35.224738, 31.737467], [35.22491, 31.73799], [35.224999, 31.738629], [35.225014, 31.738737], [35.225025, 31.738917], [35.225036, 31.739095], [35.225054, 31.739382], [35.225074, 31.739752], [35.225086, 31.739955], [35.225093, 31.740141], [35.225097, 31.74026], [35.225103, 31.740459], [35.225112, 31.740795], [35.225111, 31.740794], [35.225067, 31.740771], [35.225069, 31.74078], [35.225088, 31.740855], [35.225107, 31.74093], [35.225125, 31.741004], [35.225139, 31.741079], [35.225152, 31.741153], [35.225155, 31.741167], [35.225232, 31.741193], [35.225943, 31.741436], [35.226531, 31.741633], [35.227064, 31.74177], [35.227474, 31.7418], [35.22815, 31.741816], [35.228684, 31.741831], [35.229253, 31.741815], [35.229863, 31.741835], [35.229972, 31.741839], [35.230178, 31.741846], [35.231317, 31.741876], [35.233008, 31.741936], [35.233737, 31.742058], [35.234079, 31.742668], [35.234129, 31.742757], [35.234343, 31.743016], [35.234823, 31.743472], [35.235108, 31.743821], [35.235268, 31.744019], [35.235535, 31.744521], [35.23574, 31.745072], [35.235974, 31.744542], [35.23605, 31.744395], [35.236326, 31.743868], [35.236371, 31.743776], [35.236417, 31.743684], [35.236671, 31.743177], [35.236692, 31.743078], [35.236796, 31.743015], [35.23699, 31.742885], [35.23717, 31.742763], [35.237342, 31.742635], [35.237499, 31.742525], [35.237674, 31.742399], [35.237842, 31.742301], [35.23797, 31.742231], [35.238128, 31.74217], [35.2383, 31.742106], [35.238429, 31.742061], [35.238581, 31.742033], [35.238745, 31.74201], [35.238912, 31.741989], [35.239095, 31.741944], [35.239096, 31.741943], [35.238324, 31.741047], [35.239303, 31.740423], [35.240165, 31.73949], [35.240569, 31.738804], [35.241596, 31.737282], [35.244141, 31.734804], [35.245255, 31.733959], [35.246846, 31.732806], [35.247893, 31.732469], [35.248056, 31.732181], [35.249097, 31.731667], [35.24939, 31.731354], [35.2498, 31.73105], [35.250301, 31.730805], [35.250503, 31.730731], [35.250527, 31.730722], [35.250814, 31.730616], [35.250992, 31.73055], [35.250984, 31.730515], [35.250963, 31.730427], [35.250942, 31.730339], [35.250921, 31.730251], [35.2509, 31.730163], [35.250879, 31.730075], [35.250858, 31.729987], [35.250837, 31.729899], [35.250816, 31.729811], [35.250795, 31.729723], [35.250774, 31.729634], [35.250753, 31.729546], [35.250732, 31.729458], [35.250712, 31.72937], [35.250691, 31.729282], [35.25067, 31.729194], [35.250649, 31.729106], [35.250628, 31.729018], [35.250607, 31.72893], [35.250586, 31.728842], [35.250565, 31.728754], [35.250544, 31.728666], [35.250523, 31.728578], [35.250502, 31.72849], [35.250481, 31.728402], [35.25046, 31.728314], [35.25044, 31.728226], [35.250419, 31.728138], [35.250398, 31.72805], [35.250377, 31.727962], [35.250356, 31.727874], [35.250335, 31.727786], [35.250314, 31.727698], [35.250293, 31.72761], [35.250272, 31.727522], [35.250251, 31.727434], [35.25023, 31.727346], [35.250209, 31.727258], [35.250188, 31.72717], [35.250168, 31.727082], [35.250147, 31.726994], [35.250126, 31.726906], [35.250105, 31.726818], [35.250084, 31.72673], [35.250063, 31.726642], [35.250042, 31.726554], [35.250021, 31.726466], [35.25, 31.726378], [35.249979, 31.72629], [35.249958, 31.726202], [35.249937, 31.726114], [35.249916, 31.726026], [35.249896, 31.725938], [35.249875, 31.72585], [35.249854, 31.725762], [35.249833, 31.725674], [35.249812, 31.725586], [35.249791, 31.725498], [35.24972, 31.725432], [35.249648, 31.725366], [35.249577, 31.7253], [35.249506, 31.725234], [35.249434, 31.725168], [35.249363, 31.725102], [35.249291, 31.725036], [35.24922, 31.72497], [35.249149, 31.724904], [35.249077, 31.724838], [35.249006, 31.724772], [35.248935, 31.724706], [35.248863, 31.72464], [35.248792, 31.724574], [35.248721, 31.724508], [35.248649, 31.724442], [35.248578, 31.724376], [35.248507, 31.72431], [35.248435, 31.724244], [35.248364, 31.724178], [35.248293, 31.724112], [35.248221, 31.724046], [35.24815, 31.72398], [35.248079, 31.723914], [35.248007, 31.723848], [35.247936, 31.723782], [35.247865, 31.723716], [35.247793, 31.72365], [35.247722, 31.723584], [35.247651, 31.723518], [35.247579, 31.723451], [35.247508, 31.723385], [35.247437, 31.723319], [35.247365, 31.723253], [35.247294, 31.723187], [35.247223, 31.723121], [35.247151, 31.723055], [35.24708, 31.722989], [35.247009, 31.722923], [35.246937, 31.722857], [35.246866, 31.722791], [35.246794, 31.722725], [35.246723, 31.722659], [35.246652, 31.722593], [35.24658, 31.722527], [35.246509, 31.722461], [35.246438, 31.722395], [35.246366, 31.722329], [35.246295, 31.722263], [35.246224, 31.722197], [35.246152, 31.722131], [35.246081, 31.722065], [35.24601, 31.721999], [35.245938, 31.721933], [35.245867, 31.721867], [35.245796, 31.721801], [35.245724, 31.721735], [35.245653, 31.721669], [35.245582, 31.721603], [35.24551, 31.721537], [35.245439, 31.721471], [35.245368, 31.721405], [35.245296, 31.721339], [35.245225, 31.721273], [35.245154, 31.721207], [35.245082, 31.721141], [35.245011, 31.721075], [35.24494, 31.721009], [35.244868, 31.720943], [35.244797, 31.720876], [35.244732, 31.720816], [35.244726, 31.72081]]]}}, {"type": "Feature", "properties": {"subq": "291", "name_he": "בית צפאפה", "stat_area_ids": ["2911", "2912", "2913", "2914"], "n_stat_areas": 4, "pop_approx": 19450, "hh_total": 4350, "has_data": true, "started_2022": 115, "completed_2022": 66, "started_2023": 132, "completed_2023": 81, "started_2024": 35, "completed_2024": 87, "started_2025": 105, "completed_2025": 61, "started_total": 387, "completed_total": 295, "started_per_1000": 19.9, "has_dwellings": false}, "geometry": {"type": "Polygon", "coordinates": [[[35.191231, 31.7472], [35.191648, 31.747381], [35.19178, 31.747413], [35.191959, 31.747481], [35.192164, 31.747575], [35.192357, 31.747668], [35.192462, 31.747736], [35.192474, 31.747758], [35.192678, 31.747885], [35.19341, 31.748416], [35.194074, 31.74896], [35.19435, 31.749286], [35.194728, 31.749969], [35.194923, 31.750385], [35.19502, 31.75058], [35.195116, 31.750615], [35.195245, 31.750661], [35.195403, 31.750694], [35.195571, 31.750729], [35.195682, 31.750739], [35.195782, 31.750748], [35.195909, 31.750758], [35.196086, 31.750756], [35.196252, 31.750738], [35.196392, 31.750724], [35.196523, 31.750698], [35.196675, 31.750666], [35.196706, 31.750656], [35.196808, 31.750625], [35.196967, 31.750571], [35.197156, 31.750507], [35.197353, 31.750437], [35.197481, 31.75039], [35.197589, 31.750345], [35.19761, 31.750336], [35.197784, 31.750272], [35.197951, 31.75021], [35.198136, 31.750143], [35.198262, 31.750118], [35.198269, 31.750205], [35.198296, 31.750343], [35.198306, 31.750437], [35.198312, 31.750462], [35.198328, 31.750537], [35.198348, 31.750646], [35.198385, 31.75077], [35.198401, 31.750817], [35.198449, 31.750901], [35.198532, 31.751143], [35.198608, 31.751306], [35.198609, 31.751305], [35.198746, 31.751189], [35.198889, 31.751034], [35.198966, 31.750919], [35.199048, 31.750796], [35.199355, 31.750398], [35.199628, 31.750011], [35.199715, 31.749888], [35.199955, 31.749541], [35.200003, 31.749471], [35.200141, 31.749269], [35.200414, 31.749305], [35.200527, 31.7493], [35.200892, 31.749151], [35.201081, 31.74906], [35.201263, 31.748972], [35.20154, 31.74894], [35.201548, 31.748946], [35.201825, 31.748921], [35.201912, 31.748846], [35.202153, 31.748861], [35.202221, 31.748854], [35.202289, 31.748847], [35.202294, 31.748846], [35.202361, 31.748839], [35.202695, 31.74889], [35.202711, 31.748892], [35.202729, 31.748953], [35.202806, 31.749213], [35.202794, 31.749427], [35.202766, 31.749591], [35.20285, 31.749677], [35.202954, 31.749825], [35.202957, 31.749857], [35.202958, 31.749864], [35.202977, 31.750097], [35.202983, 31.75034], [35.202986, 31.750508], [35.202989, 31.750594], [35.202992, 31.750702], [35.202992, 31.750712], [35.202996, 31.750824], [35.202993, 31.750899], [35.203016, 31.750967], [35.203017, 31.75097], [35.203173, 31.751447], [35.203365, 31.751767], [35.203534, 31.751737], [35.203755, 31.751706], [35.204032, 31.751652], [35.204132, 31.751619], [35.204289, 31.751564], [35.204382, 31.751551], [35.204471, 31.751538], [35.204531, 31.751547], [35.204595, 31.751566], [35.204635, 31.751578], [35.204754, 31.751688], [35.204842, 31.75179], [35.204913, 31.751718], [35.205005, 31.751574], [35.205067, 31.751471], [35.205115, 31.75139], [35.205167, 31.751266], [35.205231, 31.751048], [35.205254, 31.750907], [35.205258, 31.750879], [35.205263, 31.75077], [35.205222, 31.750674], [35.205684, 31.749809], [35.205694, 31.749762], [35.205695, 31.749758], [35.2057, 31.749737], [35.205665, 31.74971], [35.205723, 31.749635], [35.205733, 31.74959], [35.205959, 31.748574], [35.205952, 31.748573], [35.20589, 31.74839], [35.20589, 31.748389], [35.206212, 31.748068], [35.20659, 31.747859], [35.206639, 31.747843], [35.206642, 31.747841], [35.206811, 31.747783], [35.207177, 31.747668], [35.207517, 31.747553], [35.207937, 31.74742], [35.208572, 31.747211], [35.209189, 31.747026], [35.209729, 31.746856], [35.209997, 31.746767], [35.209959, 31.746659], [35.209933, 31.746547], [35.209907, 31.746437], [35.209861, 31.746214], [35.209821, 31.746038], [35.209754, 31.745621], [35.209673, 31.745366], [35.20961, 31.745125], [35.20957, 31.745004], [35.209541, 31.744957], [35.209512, 31.74491], [35.209451, 31.744845], [35.20944, 31.744837], [35.209419, 31.744642], [35.209428, 31.744516], [35.209724, 31.744342], [35.210832, 31.743687], [35.210851, 31.743655], [35.210906, 31.743561], [35.210906, 31.743332], [35.210915, 31.743198], [35.211579, 31.74222], [35.212493, 31.740808], [35.212626, 31.740622], [35.212847, 31.740312], [35.212857, 31.740292], [35.212868, 31.740275], [35.212932, 31.740163], [35.212894, 31.740113], [35.212842, 31.740055], [35.212838, 31.740041], [35.212346, 31.740173], [35.210806, 31.740614], [35.210446, 31.740726], [35.209907, 31.740859], [35.209915, 31.740853], [35.20948, 31.740971], [35.2093, 31.741044], [35.208872, 31.741218], [35.208461, 31.741423], [35.207583, 31.741863], [35.207461, 31.741925], [35.206621, 31.740837], [35.206093, 31.740322], [35.205775, 31.739842], [35.205423, 31.739055], [35.204493, 31.739134], [35.204502, 31.7375], [35.204511, 31.737428], [35.204729, 31.737433], [35.205744, 31.737427], [35.205859, 31.737394], [35.206217, 31.736768], [35.206217, 31.736767], [35.206491, 31.736215], [35.206628, 31.735939], [35.20727, 31.735354], [35.207445, 31.735415], [35.207704, 31.735523], [35.207976, 31.735577], [35.20822, 31.735553], [35.208512, 31.735555], [35.208657, 31.735521], [35.209736, 31.735291], [35.209933, 31.735213], [35.20975, 31.734877], [35.209401, 31.734282], [35.208857, 31.733761], [35.208379, 31.733315], [35.20833, 31.733281], [35.207399, 31.732627], [35.20679, 31.732181], [35.206333, 31.731734], [35.205945, 31.731331], [35.205875, 31.731258], [35.205849, 31.731213], [35.205841, 31.731201], [35.205818, 31.731161], [35.205766, 31.731071], [35.205718, 31.730979], [35.205674, 31.730902], [35.205634, 31.730821], [35.205595, 31.730701], [35.205563, 31.730622], [35.205537, 31.730524], [35.2055, 31.730419], [35.205478, 31.730291], [35.205444, 31.730172], [35.205428, 31.730034], [35.205392, 31.729883], [35.205375, 31.729734], [35.205359, 31.729611], [35.205358, 31.729584], [35.205355, 31.729512], [35.205334, 31.729396], [35.205332, 31.729304], [35.205327, 31.729201], [35.205313, 31.729091], [35.205297, 31.729008], [35.205288, 31.728926], [35.205273, 31.728827], [35.205256, 31.728706], [35.205227, 31.728567], [35.205199, 31.72845], [35.205151, 31.728289], [35.205091, 31.728115], [35.205043, 31.72799], [35.204999, 31.727849], [35.204924, 31.727616], [35.204854, 31.727475], [35.204829, 31.727425], [35.204782, 31.727246], [35.204705, 31.72704], [35.204641, 31.726866], [35.204595, 31.726752], [35.204589, 31.726735], [35.204567, 31.726678], [35.20489, 31.726725], [35.205042, 31.726701], [35.205186, 31.72664], [35.205274, 31.726579], [35.20538, 31.726508], [35.205492, 31.726445], [35.205578, 31.726425], [35.205736, 31.726384], [35.205832, 31.726331], [35.205912, 31.726266], [35.205957, 31.726232], [35.206057, 31.72618], [35.20622, 31.726113], [35.206363, 31.726064], [35.206456, 31.726059], [35.207223, 31.725672], [35.207227, 31.72567], [35.21259, 31.72296], [35.215354, 31.721582], [35.215457, 31.721531], [35.215587, 31.721466], [35.215539, 31.721182], [35.21579, 31.720547], [35.21588, 31.720322], [35.21585, 31.719964], [35.21609, 31.719411], [35.215383, 31.719073], [35.215527, 31.71851], [35.216062, 31.718339], [35.215626, 31.717737], [35.215574, 31.717676], [35.21557, 31.717671], [35.215524, 31.717698], [35.215439, 31.71775], [35.215379, 31.717786], [35.215353, 31.717802], [35.215268, 31.717854], [35.215182, 31.717906], [35.215096, 31.717958], [35.215011, 31.718009], [35.214925, 31.718061], [35.214839, 31.718113], [35.214754, 31.718165], [35.214668, 31.718217], [35.214582, 31.718268], [35.214497, 31.71832], [35.214411, 31.718372], [35.214325, 31.718424], [35.21424, 31.718476], [35.214154, 31.718528], [35.214069, 31.718579], [35.213983, 31.718631], [35.213897, 31.718683], [35.213812, 31.718735], [35.213726, 31.718787], [35.21364, 31.718838], [35.213555, 31.71889], [35.213469, 31.718942], [35.213383, 31.718994], [35.213298, 31.719046], [35.213212, 31.719098], [35.213127, 31.719149], [35.213041, 31.719201], [35.212955, 31.719253], [35.21287, 31.719305], [35.212784, 31.719357], [35.212698, 31.719408], [35.212613, 31.71946], [35.212527, 31.719512], [35.212441, 31.719564], [35.212356, 31.719616], [35.21227, 31.719668], [35.212184, 31.719719], [35.212099, 31.719771], [35.212013, 31.719823], [35.211928, 31.719875], [35.211842, 31.719927], [35.211756, 31.719978], [35.211671, 31.72003], [35.211585, 31.720082], [35.211499, 31.720134], [35.211414, 31.720186], [35.211328, 31.720237], [35.211242, 31.720289], [35.211157, 31.720341], [35.211071, 31.720393], [35.210985, 31.720445], [35.2109, 31.720497], [35.210814, 31.720548], [35.210808, 31.720552], [35.210785, 31.720566], [35.210729, 31.7206], [35.210643, 31.720652], [35.210557, 31.720704], [35.210472, 31.720756], [35.210386, 31.720807], [35.2103, 31.720859], [35.210215, 31.720911], [35.210129, 31.720963], [35.210043, 31.721015], [35.209958, 31.721067], [35.209872, 31.721118], [35.209786, 31.72117], [35.209701, 31.721222], [35.209615, 31.721274], [35.20953, 31.721326], [35.209444, 31.721377], [35.209426, 31.721388], [35.2094, 31.721345], [35.20936, 31.721372], [35.20932, 31.721334], [35.209319, 31.721333], [35.209317, 31.721332], [35.209316, 31.721331], [35.209314, 31.721331], [35.209312, 31.721331], [35.20931, 31.721331], [35.209308, 31.721332], [35.209306, 31.721333], [35.209297, 31.72134], [35.209275, 31.72132], [35.209274, 31.721319], [35.209272, 31.721318], [35.20927, 31.721317], [35.209269, 31.721317], [35.209267, 31.721317], [35.209265, 31.721317], [35.209262, 31.721318], [35.20926, 31.721319], [35.209178, 31.721383], [35.209177, 31.721384], [35.209176, 31.721385], [35.209175, 31.721386], [35.209175, 31.721388], [35.209175, 31.72139], [35.209175, 31.721392], [35.209176, 31.721393], [35.209177, 31.721395], [35.209238, 31.721453], [35.209266, 31.721485], [35.209187, 31.721533], [35.209101, 31.721585], [35.209016, 31.721637], [35.20893, 31.721688], [35.208844, 31.72174], [35.208759, 31.721792], [35.208673, 31.721844], [35.208587, 31.721896], [35.208502, 31.721947], [35.208419, 31.721997], [35.208385, 31.721972], [35.208372, 31.721943], [35.208313, 31.721813], [35.208312, 31.721812], [35.20831, 31.72181], [35.208309, 31.721809], [35.208306, 31.721808], [35.208304, 31.721808], [35.208302, 31.721808], [35.2083, 31.721808], [35.207992, 31.721911], [35.20799, 31.721912], [35.207988, 31.721914], [35.207987, 31.721916], [35.207986, 31.721918], [35.207986, 31.72192], [35.207987, 31.721922], [35.208063, 31.72209], [35.208064, 31.722091], [35.208066, 31.722093], [35.208069, 31.722094], [35.208071, 31.722095], [35.208072, 31.722095], [35.208074, 31.722095], [35.208076, 31.722094], [35.208146, 31.722071], [35.208159, 31.722099], [35.20819, 31.722136], [35.208159, 31.722155], [35.208074, 31.722206], [35.207988, 31.722258], [35.207959, 31.722276], [35.207925, 31.72223], [35.207908, 31.72224], [35.207871, 31.72226], [35.207845, 31.72221], [35.207844, 31.722209], [35.207843, 31.722208], [35.207841, 31.722207], [35.207839, 31.722206], [35.207838, 31.722205], [35.207836, 31.722205], [35.207834, 31.722205], [35.207833, 31.722206], [35.207647, 31.722277], [35.207646, 31.722277], [35.207644, 31.722278], [35.207643, 31.722279], [35.207642, 31.722281], [35.207641, 31.722283], [35.207641, 31.722286], [35.207642, 31.722288], [35.207682, 31.722366], [35.207625, 31.722398], [35.207678, 31.722446], [35.207645, 31.722466], [35.20756, 31.722517], [35.207474, 31.722569], [35.207388, 31.722621], [35.207303, 31.722673], [35.207217, 31.722725], [35.207131, 31.722776], [35.207046, 31.722828], [35.207029, 31.722839], [35.206932, 31.722787], [35.20679, 31.722983], [35.206789, 31.722984], [35.206703, 31.723036], [35.206618, 31.723087], [35.206532, 31.723139], [35.206446, 31.723191], [35.206361, 31.723243], [35.206275, 31.723295], [35.206189, 31.723346], [35.206104, 31.723398], [35.206018, 31.72345], [35.205932, 31.723502], [35.205847, 31.723554], [35.205761, 31.723605], [35.205657, 31.723592], [35.205553, 31.723579], [35.205449, 31.723565], [35.205346, 31.723552], [35.205242, 31.723539], [35.205138, 31.723525], [35.205034, 31.723512], [35.20493, 31.723499], [35.204826, 31.723485], [35.204722, 31.723472], [35.204618, 31.723458], [35.204515, 31.723445], [35.204411, 31.723432], [35.204307, 31.723418], [35.204203, 31.723405], [35.204099, 31.723392], [35.203995, 31.723378], [35.203891, 31.723365], [35.203787, 31.723352], [35.203684, 31.723338], [35.20358, 31.723325], [35.203476, 31.723312], [35.203372, 31.723298], [35.203268, 31.723285], [35.203164, 31.723271], [35.20306, 31.723258], [35.202956, 31.723245], [35.202853, 31.723231], [35.202749, 31.723218], [35.202645, 31.723205], [35.202541, 31.723191], [35.202437, 31.723178], [35.202333, 31.723165], [35.202229, 31.723151], [35.202125, 31.723138], [35.202021, 31.723124], [35.201918, 31.723111], [35.201814, 31.723098], [35.20171, 31.723084], [35.201606, 31.723071], [35.201502, 31.723058], [35.201398, 31.723044], [35.201294, 31.723031], [35.20119, 31.723018], [35.201087, 31.723004], [35.200983, 31.722991], [35.200879, 31.722977], [35.200775, 31.722964], [35.200671, 31.722951], [35.200567, 31.722937], [35.200463, 31.722924], [35.200359, 31.722911], [35.200256, 31.722897], [35.200152, 31.722884], [35.200048, 31.722871], [35.199944, 31.722857], [35.19984, 31.722844], [35.199736, 31.72283], [35.199632, 31.722817], [35.199528, 31.722804], [35.199425, 31.72279], [35.199321, 31.722777], [35.199217, 31.722764], [35.199113, 31.72275], [35.199009, 31.722737], [35.198905, 31.722724], [35.198801, 31.72271], [35.198697, 31.722697], [35.198594, 31.722683], [35.19849, 31.72267], [35.198386, 31.722657], [35.198282, 31.722643], [35.198178, 31.72263], [35.198074, 31.722617], [35.19797, 31.722603], [35.197866, 31.72259], [35.197763, 31.722576], [35.197659, 31.722563], [35.197555, 31.72255], [35.197451, 31.722536], [35.197347, 31.722523], [35.197243, 31.72251], [35.197139, 31.722496], [35.197035, 31.722483], [35.196932, 31.72247], [35.196828, 31.722456], [35.196724, 31.722443], [35.19662, 31.722429], [35.196516, 31.722416], [35.196412, 31.722403], [35.196308, 31.722389], [35.196204, 31.722376], [35.196101, 31.722363], [35.195997, 31.722349], [35.195893, 31.722336], [35.195789, 31.722323], [35.195685, 31.722309], [35.195581, 31.722296], [35.195477, 31.722282], [35.195373, 31.722269], [35.195269, 31.722256], [35.195166, 31.722242], [35.195062, 31.722229], [35.194958, 31.722216], [35.194854, 31.722202], [35.19475, 31.722189], [35.194646, 31.722175], [35.194542, 31.722162], [35.194438, 31.722149], [35.194335, 31.722135], [35.194231, 31.722122], [35.194127, 31.722109], [35.194023, 31.722095], [35.193919, 31.722082], [35.193815, 31.722068], [35.193711, 31.722055], [35.193607, 31.722042], [35.193504, 31.722028], [35.1934, 31.722015], [35.193296, 31.722002], [35.193192, 31.721988], [35.193088, 31.721975], [35.192984, 31.721962], [35.19288, 31.721948], [35.192776, 31.721935], [35.192673, 31.721921], [35.192569, 31.721908], [35.192465, 31.721895], [35.192361, 31.721881], [35.192257, 31.721868], [35.192153, 31.721855], [35.192049, 31.721841], [35.191945, 31.721828], [35.191842, 31.721814], [35.191738, 31.721801], [35.191634, 31.721788], [35.19153, 31.721774], [35.191426, 31.721761], [35.191322, 31.721748], [35.191218, 31.721734], [35.191114, 31.721721], [35.191011, 31.721707], [35.190907, 31.721694], [35.190803, 31.721681], [35.190699, 31.721667], [35.190595, 31.721654], [35.190491, 31.721641], [35.190387, 31.721627], [35.190283, 31.721614], [35.19018, 31.7216], [35.190076, 31.721587], [35.189972, 31.721574], [35.189868, 31.72156], [35.18984, 31.721557], [35.189819, 31.721503], [35.18973, 31.721527], [35.189732, 31.721543], [35.18966, 31.721534], [35.189556, 31.72152], [35.189452, 31.721507], [35.189349, 31.721494], [35.189245, 31.72148], [35.189141, 31.721467], [35.189037, 31.721453], [35.188933, 31.72144], [35.188829, 31.721427], [35.188725, 31.721416], [35.188621, 31.721406], [35.188517, 31.721396], [35.188413, 31.721386], [35.188308, 31.721376], [35.188204, 31.721366], [35.1881, 31.721355], [35.187996, 31.721345], [35.187892, 31.721335], [35.187788, 31.721325], [35.187683, 31.721315], [35.187579, 31.721305], [35.187475, 31.721294], [35.187371, 31.721284], [35.187267, 31.721274], [35.187162, 31.721264], [35.187058, 31.721254], [35.186954, 31.721244], [35.18685, 31.721233], [35.186746, 31.721223], [35.186642, 31.721213], [35.186537, 31.721203], [35.186433, 31.721193], [35.186329, 31.721183], [35.186225, 31.721172], [35.186121, 31.721162], [35.186017, 31.721152], [35.185912, 31.721142], [35.185808, 31.721132], [35.185704, 31.721121], [35.1856, 31.721111], [35.185496, 31.721101], [35.185392, 31.721091], [35.185287, 31.721081], [35.185183, 31.721071], [35.185079, 31.72106], [35.184975, 31.72105], [35.184871, 31.72104], [35.184767, 31.72103], [35.184662, 31.72102], [35.184558, 31.72101], [35.184454, 31.720999], [35.18435, 31.720989], [35.184246, 31.720979], [35.184141, 31.720969], [35.184037, 31.720959], [35.183933, 31.720948], [35.183829, 31.720938], [35.183725, 31.720928], [35.183621, 31.720918], [35.183516, 31.720908], [35.183412, 31.720898], [35.183308, 31.720887], [35.183204, 31.720877], [35.1831, 31.720867], [35.182996, 31.720857], [35.182891, 31.720847], [35.182787, 31.720837], [35.182683, 31.720826], [35.182579, 31.720816], [35.182475, 31.720806], [35.182371, 31.720796], [35.182266, 31.720786], [35.182162, 31.720775], [35.182058, 31.720765], [35.181954, 31.720755], [35.18185, 31.720745], [35.181746, 31.720735], [35.181641, 31.720725], [35.181537, 31.720714], [35.181433, 31.720704], [35.181329, 31.720694], [35.181225, 31.720684], [35.181121, 31.720674], [35.181016, 31.720664], [35.180912, 31.720653], [35.180808, 31.720643], [35.180704, 31.720633], [35.1806, 31.720623], [35.180495, 31.720613], [35.180391, 31.720602], [35.180343, 31.720598], [35.180287, 31.720592], [35.180183, 31.720582], [35.180079, 31.720572], [35.179975, 31.720562], [35.17987, 31.720552], [35.179766, 31.720541], [35.17976, 31.720547], [35.179689, 31.720603], [35.179613, 31.720664], [35.179536, 31.720726], [35.179459, 31.720787], [35.179382, 31.720849], [35.179305, 31.72091], [35.179228, 31.720972], [35.179152, 31.721033], [35.179075, 31.721095], [35.178998, 31.721156], [35.178921, 31.721218], [35.178844, 31.721279], [35.178767, 31.721341], [35.178691, 31.721402], [35.178614, 31.721463], [35.178537, 31.721525], [35.17846, 31.721586], [35.178383, 31.721648], [35.178306, 31.721709], [35.178229, 31.721771], [35.178153, 31.721832], [35.178101, 31.721873], [35.178076, 31.721894], [35.177999, 31.721955], [35.177922, 31.722017], [35.177845, 31.722078], [35.177768, 31.72214], [35.177692, 31.722201], [35.177615, 31.722263], [35.177538, 31.722324], [35.177461, 31.722386], [35.177384, 31.722447], [35.177307, 31.722508], [35.177231, 31.72257], [35.177154, 31.722631], [35.177077, 31.722693], [35.177, 31.722754], [35.176923, 31.722816], [35.176846, 31.722877], [35.176769, 31.722939], [35.176693, 31.723], [35.176616, 31.723062], [35.176539, 31.723123], [35.176462, 31.723185], [35.176385, 31.723246], [35.176308, 31.723308], [35.176232, 31.723369], [35.176155, 31.72343], [35.176078, 31.723492], [35.176001, 31.723553], [35.175924, 31.723615], [35.175847, 31.723676], [35.175771, 31.723738], [35.175749, 31.723755], [35.175585, 31.723761], [35.175583, 31.723761], [35.175581, 31.723762], [35.17558, 31.723763], [35.175578, 31.723764], [35.175577, 31.723765], [35.175577, 31.723767], [35.175576, 31.723768], [35.175576, 31.72377], [35.17558, 31.723861], [35.175581, 31.723863], [35.175581, 31.723864], [35.175583, 31.723866], [35.175585, 31.723868], [35.175587, 31.723869], [35.175589, 31.723869], [35.175591, 31.723869], [35.175607, 31.723869], [35.17554, 31.723922], [35.175463, 31.723984], [35.175386, 31.724045], [35.175309, 31.724107], [35.175233, 31.724168], [35.175156, 31.72423], [35.175079, 31.724291], [35.175002, 31.724352], [35.174925, 31.724414], [35.174848, 31.724475], [35.174772, 31.724537], [35.174695, 31.724598], [35.174618, 31.72466], [35.174541, 31.724721], [35.174464, 31.724783], [35.174387, 31.724844], [35.17431, 31.724906], [35.174234, 31.724967], [35.174157, 31.725029], [35.17408, 31.72509], [35.174003, 31.725152], [35.173926, 31.725213], [35.173849, 31.725275], [35.173773, 31.725336], [35.173696, 31.725397], [35.173619, 31.725459], [35.173542, 31.72552], [35.173465, 31.725582], [35.173388, 31.725643], [35.173311, 31.725705], [35.173235, 31.725766], [35.173158, 31.725828], [35.173081, 31.725889], [35.173004, 31.725951], [35.172927, 31.726012], [35.17285, 31.726074], [35.172774, 31.726135], [35.172697, 31.726197], [35.17262, 31.726258], [35.172574, 31.726294], [35.172553, 31.726312], [35.172543, 31.726319], [35.172466, 31.726381], [35.172389, 31.726442], [35.172312, 31.726504], [35.172236, 31.726565], [35.172159, 31.726627], [35.172082, 31.726688], [35.172005, 31.72675], [35.171928, 31.726811], [35.171851, 31.726873], [35.171774, 31.726934], [35.171698, 31.726996], [35.171621, 31.727057], [35.171544, 31.727118], [35.171467, 31.72718], [35.17139, 31.727241], [35.171313, 31.727303], [35.171237, 31.727364], [35.17116, 31.727426], [35.171083, 31.727487], [35.171006, 31.727549], [35.170929, 31.72761], [35.170852, 31.727672], [35.170775, 31.727733], [35.170699, 31.727795], [35.170622, 31.727856], [35.170545, 31.727918], [35.170468, 31.727979], [35.170391, 31.72804], [35.170314, 31.728102], [35.170237, 31.728163], [35.170161, 31.728225], [35.170084, 31.728286], [35.170007, 31.728348], [35.16993, 31.728409], [35.169853, 31.728471], [35.169776, 31.728532], [35.169699, 31.728594], [35.169623, 31.728655], [35.169546, 31.728717], [35.169469, 31.728778], [35.169392, 31.72884], [35.169315, 31.728901], [35.169238, 31.728962], [35.169162, 31.729024], [35.169085, 31.729085], [35.169008, 31.729147], [35.168931, 31.729208], [35.168854, 31.72927], [35.168777, 31.729331], [35.1687, 31.729393], [35.168624, 31.729454], [35.168547, 31.729516], [35.16847, 31.729577], [35.168393, 31.729639], [35.168316, 31.7297], [35.168239, 31.729761], [35.168162, 31.729823], [35.168086, 31.729884], [35.168009, 31.729946], [35.167932, 31.730007], [35.167855, 31.730069], [35.167778, 31.73013], [35.167701, 31.730192], [35.167624, 31.730253], [35.167548, 31.730315], [35.167471, 31.730376], [35.167394, 31.730438], [35.167317, 31.730499], [35.16724, 31.73056], [35.167163, 31.730622], [35.167086, 31.730683], [35.16701, 31.730745], [35.166933, 31.730806], [35.166856, 31.730868], [35.166779, 31.730929], [35.166702, 31.730991], [35.166625, 31.731052], [35.166548, 31.731114], [35.166472, 31.731175], [35.166395, 31.731237], [35.166318, 31.731298], [35.166241, 31.73136], [35.166164, 31.731421], [35.166087, 31.731482], [35.16601, 31.731544], [35.165934, 31.731605], [35.165857, 31.731667], [35.16578, 31.731728], [35.165703, 31.73179], [35.165626, 31.731851], [35.165549, 31.731913], [35.165472, 31.731974], [35.165396, 31.732036], [35.165319, 31.732097], [35.165242, 31.732159], [35.165165, 31.73222], [35.165088, 31.732281], [35.165011, 31.732343], [35.164907, 31.732355], [35.164802, 31.732367], [35.164698, 31.732379], [35.164593, 31.732391], [35.164489, 31.732403], [35.164384, 31.732415], [35.16428, 31.732427], [35.164175, 31.732439], [35.164071, 31.732451], [35.163966, 31.732463], [35.163862, 31.732475], [35.163757, 31.732487], [35.163653, 31.732499], [35.163548, 31.732511], [35.163443, 31.732523], [35.163339, 31.732535], [35.163234, 31.732547], [35.16313, 31.732559], [35.163025, 31.732571], [35.162921, 31.732583], [35.162816, 31.732595], [35.162712, 31.732607], [35.162607, 31.732619], [35.162503, 31.732631], [35.162398, 31.732643], [35.162294, 31.732655], [35.162189, 31.732667], [35.162085, 31.732679], [35.16198, 31.732691], [35.161876, 31.732703], [35.161771, 31.732715], [35.161667, 31.732727], [35.161562, 31.732739], [35.161458, 31.732751], [35.161353, 31.732763], [35.161249, 31.732775], [35.161144, 31.732787], [35.161039, 31.732799], [35.160935, 31.732811], [35.16083, 31.732823], [35.160726, 31.732835], [35.160621, 31.732847], [35.160517, 31.732858], [35.160412, 31.73287], [35.160308, 31.732882], [35.160203, 31.732894], [35.160099, 31.732906], [35.159994, 31.732918], [35.15989, 31.73293], [35.159785, 31.732942], [35.159681, 31.732954], [35.159617, 31.732962], [35.159576, 31.732966], [35.159476, 31.732978], [35.159472, 31.732978], [35.159367, 31.73299], [35.159263, 31.733002], [35.159158, 31.733014], [35.159054, 31.733026], [35.158949, 31.733038], [35.158845, 31.73305], [35.15874, 31.733062], [35.158635, 31.733074], [35.158531, 31.733086], [35.158426, 31.733098], [35.15837, 31.733105], [35.158322, 31.73311], [35.158217, 31.733122], [35.158204, 31.733124], [35.158113, 31.733134], [35.158008, 31.733146], [35.157904, 31.733158], [35.157799, 31.73317], [35.157695, 31.733182], [35.15759, 31.733194], [35.157486, 31.733206], [35.157381, 31.733218], [35.157277, 31.73323], [35.157172, 31.733242], [35.157068, 31.733254], [35.156963, 31.733266], [35.156859, 31.733278], [35.156857, 31.733278], [35.156754, 31.73329], [35.15665, 31.733302], [35.156545, 31.733314], [35.15644, 31.733326], [35.156336, 31.733338], [35.156231, 31.73335], [35.156127, 31.733362], [35.156022, 31.733374], [35.155918, 31.733386], [35.155813, 31.733398], [35.155709, 31.73341], [35.155604, 31.733422], [35.1555, 31.733434], [35.155395, 31.733446], [35.155291, 31.733458], [35.155186, 31.73347], [35.155082, 31.733482], [35.154977, 31.733494], [35.154873, 31.733506], [35.154768, 31.733518], [35.154664, 31.73353], [35.154559, 31.733542], [35.154455, 31.733554], [35.154421, 31.733558], [35.15435, 31.733566], [35.154245, 31.733578], [35.154141, 31.73359], [35.154036, 31.733602], [35.153967, 31.733669], [35.153898, 31.733736], [35.153828, 31.733804], [35.153759, 31.733871], [35.153689, 31.733938], [35.15362, 31.734005], [35.15355, 31.734073], [35.153481, 31.73414], [35.153411, 31.734207], [35.153342, 31.734275], [35.153273, 31.734342], [35.153203, 31.734409], [35.153134, 31.734477], [35.153064, 31.734544], [35.152995, 31.734611], [35.152925, 31.734679], [35.152856, 31.734746], [35.152786, 31.734813], [35.152717, 31.734881], [35.152647, 31.734948], [35.152578, 31.735015], [35.152509, 31.735082], [35.152439, 31.73515], [35.15237, 31.735217], [35.1523, 31.735284], [35.152231, 31.735352], [35.152161, 31.735419], [35.152092, 31.735486], [35.152022, 31.735554], [35.151953, 31.735621], [35.151884, 31.735688], [35.151814, 31.735756], [35.151745, 31.735823], [35.151675, 31.73589], [35.151606, 31.735957], [35.151536, 31.736025], [35.151467, 31.736092], [35.151397, 31.736159], [35.151328, 31.736227], [35.151258, 31.736294], [35.151189, 31.736361], [35.15112, 31.736429], [35.15105, 31.736496], [35.150981, 31.736563], [35.150911, 31.736631], [35.150908, 31.736628], [35.150876, 31.73666], [35.150872, 31.736664], [35.150776, 31.736637], [35.150681, 31.73661], [35.150603, 31.736588], [35.151025, 31.737153], [35.151219, 31.737416], [35.15133, 31.73763], [35.151335, 31.737639], [35.151795, 31.738732], [35.151942, 31.739081], [35.151935, 31.739077], [35.152193, 31.739656], [35.152282, 31.739863], [35.152999, 31.740892], [35.153395, 31.741471], [35.153401, 31.741484], [35.153677, 31.741877], [35.153882, 31.742189], [35.154208, 31.742529], [35.154301, 31.742613], [35.154306, 31.742618], [35.154316, 31.742639], [35.154905, 31.7433], [35.155462, 31.743951], [35.155613, 31.744109], [35.15582, 31.744324], [35.15687, 31.74509], [35.157542, 31.745582], [35.158079, 31.745605], [35.158733, 31.745473], [35.159251, 31.745277], [35.159298, 31.74525], [35.159654, 31.745206], [35.159838, 31.745204], [35.159969, 31.745205], [35.160068, 31.74521], [35.160428, 31.745202], [35.160588, 31.745204], [35.160753, 31.745207], [35.160933, 31.745223], [35.161169, 31.745227], [35.161381, 31.74522], [35.161576, 31.7452], [35.161683, 31.745188], [35.161853, 31.745157], [35.16198, 31.745106], [35.162239, 31.744958], [35.16254, 31.744786], [35.162818, 31.74459], [35.163051, 31.744376], [35.163221, 31.744141], [35.163869, 31.744039], [35.164087, 31.744005], [35.164344, 31.743964], [35.164472, 31.743834], [35.164626, 31.743742], [35.164807, 31.743653], [35.164973, 31.743594], [35.165203, 31.743528], [35.165542, 31.743499], [35.165871, 31.743478], [35.166383, 31.743454], [35.167153, 31.743402], [35.167785, 31.743369], [35.168431, 31.743331], [35.168856, 31.743299], [35.168883, 31.743297], [35.169004, 31.743288], [35.169507, 31.743267], [35.169671, 31.743257], [35.169876, 31.743264], [35.17005, 31.743277], [35.170113, 31.743286], [35.170218, 31.743313], [35.170375, 31.743331], [35.170502, 31.743351], [35.170649, 31.74337], [35.170785, 31.743381], [35.170904, 31.743399], [35.171064, 31.743413], [35.171237, 31.743429], [35.171428, 31.743441], [35.171583, 31.743433], [35.171804, 31.743422], [35.171986, 31.743411], [35.172246, 31.743392], [35.172533, 31.743376], [35.172855, 31.743362], [35.173081, 31.74335], [35.173282, 31.743336], [35.173466, 31.743326], [35.173635, 31.743322], [35.173796, 31.74333], [35.173911, 31.743331], [35.174063, 31.743347], [35.17422, 31.743368], [35.174358, 31.743399], [35.174527, 31.743439], [35.174676, 31.743484], [35.174853, 31.743549], [35.174998, 31.743612], [35.175153, 31.743699], [35.175337, 31.743803], [35.175493, 31.743912], [35.175663, 31.744044], [35.17584, 31.74419], [35.175986, 31.744305], [35.176129, 31.74443], [35.176232, 31.744511], [35.176361, 31.744594], [35.176529, 31.74469], [35.176685, 31.744754], [35.176835, 31.74481], [35.176932, 31.744833], [35.177066, 31.744859], [35.177209, 31.744872], [35.177349, 31.74487], [35.177596, 31.74487], [35.177798, 31.744855], [35.177953, 31.744837], [35.178011, 31.744833], [35.178151, 31.744823], [35.178167, 31.744822], [35.178351, 31.744802], [35.178598, 31.744775], [35.178831, 31.744768], [35.178991, 31.744758], [35.179179, 31.744758], [35.1793, 31.744764], [35.1794, 31.744769], [35.179656, 31.744805], [35.179875, 31.744842], [35.180003, 31.744869], [35.180101, 31.744889], [35.180356, 31.744939], [35.180536, 31.744986], [35.180721, 31.745046], [35.180875, 31.745113], [35.181018, 31.745196], [35.181176, 31.74531], [35.181326, 31.745457], [35.181428, 31.745586], [35.18144, 31.745601], [35.18154, 31.745744], [35.18162, 31.745919], [35.181712, 31.746129], [35.181781, 31.746312], [35.181841, 31.746475], [35.181928, 31.746681], [35.181976, 31.746807], [35.182029, 31.746921], [35.182088, 31.747026], [35.182152, 31.747119], [35.182233, 31.747214], [35.182316, 31.747306], [35.182437, 31.747436], [35.182538, 31.747531], [35.182661, 31.74762], [35.182787, 31.747723], [35.182931, 31.747819], [35.18311, 31.74792], [35.183263, 31.748004], [35.18342, 31.748074], [35.183564, 31.74813], [35.183735, 31.748194], [35.183896, 31.748227], [35.184072, 31.748257], [35.184228, 31.748282], [35.184453, 31.748299], [35.184633, 31.748309], [35.184833, 31.748303], [35.185027, 31.748286], [35.185139, 31.748271], [35.185257, 31.748251], [35.185266, 31.74825], [35.185515, 31.748221], [35.185531, 31.748219], [35.187495, 31.747672], [35.190335, 31.747185], [35.191231, 31.7472]], [[35.191538, 31.738321], [35.191106, 31.738531], [35.190582, 31.738623], [35.190368, 31.738721], [35.189889, 31.738933], [35.189889, 31.738936], [35.189854, 31.739574], [35.189617, 31.739759], [35.189505, 31.739833], [35.189164, 31.739927], [35.188733, 31.739874], [35.187505, 31.739687], [35.186984, 31.739371], [35.186749, 31.73894], [35.186816, 31.738595], [35.186846, 31.738551], [35.187001, 31.738322], [35.186996, 31.738323], [35.18564, 31.738536], [35.184379, 31.738734], [35.183754, 31.739042], [35.183206, 31.739311], [35.183146, 31.73934], [35.182976, 31.739512], [35.182642, 31.739647], [35.182571, 31.739498], [35.182558, 31.739501], [35.182311, 31.739559], [35.182124, 31.739581], [35.181966, 31.739576], [35.181951, 31.739576], [35.181693, 31.739568], [35.181678, 31.739567], [35.18159, 31.739457], [35.18151, 31.739447], [35.181429, 31.739435], [35.181328, 31.739418], [35.180558, 31.739427], [35.180239, 31.739573], [35.179861, 31.739699], [35.179609, 31.739727], [35.17958, 31.73973], [35.179549, 31.739727], [35.178456, 31.739625], [35.178395, 31.739623], [35.178375, 31.739705], [35.178158, 31.740209], [35.177682, 31.740731], [35.17704, 31.740996], [35.176729, 31.741032], [35.176232, 31.740952], [35.175922, 31.740828], [35.175612, 31.740625], [35.17527, 31.740165], [35.175187, 31.739722], [35.175188, 31.739404], [35.175214, 31.739289], [35.174962, 31.738894], [35.174773, 31.7382], [35.174786, 31.738022], [35.174768, 31.737858], [35.174782, 31.737768], [35.174807, 31.737679], [35.174834, 31.737542], [35.174849, 31.737361], [35.17486, 31.737223], [35.174854, 31.737069], [35.174876, 31.736912], [35.17489, 31.736841], [35.174894, 31.736731], [35.174904, 31.736656], [35.174983, 31.736135], [35.17507, 31.73562], [35.175073, 31.735601], [35.175087, 31.735519], [35.175265, 31.735143], [35.175346, 31.73504], [35.175471, 31.734879], [35.175543, 31.734756], [35.175655, 31.734659], [35.175801, 31.734575], [35.176023, 31.734445], [35.176142, 31.734361], [35.176318, 31.734258], [35.176552, 31.734135], [35.176735, 31.734044], [35.176935, 31.733929], [35.177098, 31.733822], [35.177272, 31.733685], [35.177459, 31.733543], [35.177587, 31.73342], [35.177716, 31.733329], [35.178882, 31.732454], [35.179609, 31.732881], [35.179815, 31.732887], [35.180462, 31.732907], [35.180465, 31.732895], [35.180534, 31.73263], [35.180635, 31.732289], [35.180711, 31.732031], [35.180794, 31.7318], [35.180805, 31.73177], [35.180927, 31.731436], [35.181021, 31.731187], [35.181082, 31.730962], [35.181151, 31.730713], [35.18126, 31.730385], [35.181312, 31.730248], [35.181335, 31.730189], [35.181444, 31.730033], [35.181548, 31.729912], [35.181664, 31.729805], [35.181783, 31.729702], [35.181898, 31.729569], [35.182021, 31.729454], [35.182191, 31.729339], [35.182336, 31.729279], [35.182516, 31.729218], [35.182646, 31.729179], [35.182691, 31.729166], [35.182792, 31.729143], [35.182833, 31.729134], [35.183, 31.729107], [35.183142, 31.729101], [35.183264, 31.729101], [35.183442, 31.729127], [35.183563, 31.729168], [35.183624, 31.729193], [35.183677, 31.7292], [35.183714, 31.729207], [35.183758, 31.72921], [35.183831, 31.729191], [35.18402, 31.729214], [35.184314, 31.729256], [35.184126, 31.725815], [35.184981, 31.725734], [35.186244, 31.725688], [35.186783, 31.725683], [35.187371, 31.725677], [35.187887, 31.725642], [35.188023, 31.725549], [35.18824, 31.725247], [35.188349, 31.724764], [35.188353, 31.724748], [35.190555, 31.725412], [35.190907, 31.725488], [35.19101, 31.725514], [35.191162, 31.725553], [35.19117, 31.725555], [35.191256, 31.725576], [35.191702, 31.725687], [35.192129, 31.72578], [35.192847, 31.72595], [35.193149, 31.726028], [35.193585, 31.726141], [35.193964, 31.726212], [35.19407, 31.726238], [35.194275, 31.726288], [35.194364, 31.72631], [35.194726, 31.726391], [35.195227, 31.726516], [35.195705, 31.726609], [35.195995, 31.726673], [35.196261, 31.726731], [35.196643, 31.726846], [35.19701, 31.726955], [35.197337, 31.727051], [35.197687, 31.727157], [35.19805, 31.727311], [35.198481, 31.727492], [35.199034, 31.727728], [35.199419, 31.727966], [35.199669, 31.728133], [35.199894, 31.728314], [35.200144, 31.728513], [35.200385, 31.728744], [35.20055, 31.72895], [35.200872, 31.729363], [35.201089, 31.729655], [35.201281, 31.729924], [35.201475, 31.730213], [35.201645, 31.730439], [35.201796, 31.73067], [35.202076, 31.731063], [35.20224, 31.731297], [35.202468, 31.731638], [35.202628, 31.731827], [35.2027, 31.732086], [35.202971, 31.732769], [35.202966, 31.732775], [35.202908, 31.732839], [35.202833, 31.732903], [35.202845, 31.733062], [35.202769, 31.733683], [35.202752, 31.733707], [35.2028, 31.733857], [35.202733, 31.734113], [35.202657, 31.734323], [35.202679, 31.734349], [35.202673, 31.734404], [35.202671, 31.734415], [35.202718, 31.734456], [35.202733, 31.734469], [35.202766, 31.735159], [35.2026, 31.735422], [35.202592, 31.735432], [35.202467, 31.735586], [35.202159, 31.735742], [35.201476, 31.735771], [35.199954, 31.735812], [35.199969, 31.735929], [35.199973, 31.735961], [35.200027, 31.736449], [35.200032, 31.736946], [35.200034, 31.737091], [35.199985, 31.737408], [35.199937, 31.737498], [35.199925, 31.737521], [35.19983, 31.73762], [35.199823, 31.737626], [35.199481, 31.737913], [35.199353, 31.738021], [35.198828, 31.738454], [35.198655, 31.738523], [35.198558, 31.738528], [35.1978, 31.738556], [35.19786, 31.738913], [35.198085, 31.739834], [35.196668, 31.74011], [35.196587, 31.740185], [35.196498, 31.740218], [35.196379, 31.740241], [35.195993, 31.74038], [35.195641, 31.740545], [35.1956, 31.740497], [35.195596, 31.740487], [35.195591, 31.740478], [35.195537, 31.740383], [35.195525, 31.740364], [35.195456, 31.740228], [35.195447, 31.740212], [35.195412, 31.740122], [35.195399, 31.740089], [35.195332, 31.739925], [35.195266, 31.739768], [35.195247, 31.739698], [35.195225, 31.739614], [35.195198, 31.739509], [35.195195, 31.739497], [35.195188, 31.739471], [35.195142, 31.739272], [35.195121, 31.739128], [35.195092, 31.738935], [35.195073, 31.738778], [35.195047, 31.738642], [35.195031, 31.738557], [35.195026, 31.738528], [35.195014, 31.738477], [35.194995, 31.738377], [35.194963, 31.738195], [35.194941, 31.738017], [35.194938, 31.738002], [35.194895, 31.737765], [35.194862, 31.737543], [35.194829, 31.737296], [35.194822, 31.73726], [35.194732, 31.737287], [35.194725, 31.73729], [35.194667, 31.737304], [35.19461, 31.737319], [35.194457, 31.73739], [35.194352, 31.737479], [35.194262, 31.737543], [35.194221, 31.737557], [35.194161, 31.737576], [35.194129, 31.737587], [35.193691, 31.737457], [35.193408, 31.737746], [35.193049, 31.737618], [35.192888, 31.737805], [35.192738, 31.737826], [35.192033, 31.738887], [35.191747, 31.738996], [35.191478, 31.738882], [35.191246, 31.73885], [35.191538, 31.738321]]]}}]}