{"type": "FeatureCollection", "features": [{"type": "Feature", "geometry": {"type": "Polygon", "coordinates": [[[35.21169690733943, 31.748127411445317], [35.2117044802609, 31.74812339031785], [35.21170480951836, 31.748098114659477], [35.21172686976787, 31.748105008020854], [35.211724564965685, 31.74811419916935], [35.21173082085734, 31.748122241424287], [35.211735101204255, 31.748116496956477], [35.211736747491535, 31.748095816872354], [35.21174234486828, 31.748103284680507], [35.2117495885323, 31.748096391319134], [35.21175584442395, 31.748105582467634], [35.211754198136674, 31.748127411445317], [35.21174794224502, 31.748134304806694], [35.21174234486828, 31.74812913478566], [35.21170678506309, 31.748134879253474], [35.21169690733943, 31.748127411445317]]]}, "properties": {"pl_number": "101-0071951", "easement_id": "101-0071951_E133", "source": "raster_v3_saturation", "size_meters": [5.6, 4.3], "aspect": 2.66, "plan_name_he": "המשך רחוב פייר קניג- תלפיות ירושלים ירושלים זיהוי וסיווג תכנית עדכון אחרון לא נערך סה\"כ שטח בדונם 93.304 סוג תכנית מתאר מקומית סוג איחוד וחלוקה ללא איחוד וחלוקה סמכות מחוזית היתרים או הרשאות תכנית שמכ", "minahak": "א.ת. תלפיות", "mavat_url": "https://mavat.iplan.gov.il/SV4/1/1000229693/310", "taba": 71951, "status_mavat": "אישור", "layer_type": "existing", "easement_type": null}}, {"type": "Feature", "geometry": {"type": "Polygon", "coordinates": [[[35.211728516055146, 31.74835833905135], [35.21172785754024, 31.74834282898826], [35.21173444268935, 31.748345126775384], [35.21174135709591, 31.748330191159074], [35.21174728373011, 31.74833765896723], [35.211752881106854, 31.748334786733324], [35.211752881106854, 31.748326744478387], [35.211747612987566, 31.7483232977977], [35.211750247047206, 31.748307787734607], [35.211770661009446, 31.748266427566364], [35.21177296581163, 31.748241726354774], [35.21177922170329, 31.748242300801554], [35.21178745313967, 31.748223918504557], [35.21179930640807, 31.748244024141897], [35.21179601383351, 31.748253215290397], [35.21178745313967, 31.748244024141897], [35.21177955096074, 31.748246896375804], [35.211777246158555, 31.74825551307752], [35.21178185576293, 31.748264129779237], [35.211775929128734, 31.748277916501987], [35.211777246158555, 31.748285958756924], [35.211755515166494, 31.74833765896723], [35.21174432041301, 31.748339956754354], [35.211735430461715, 31.748359487944914], [35.211728516055146, 31.74835833905135]]]}, "properties": {"pl_number": "101-0071951", "easement_id": "101-0071951_E151", "source": "raster_v3_saturation", "size_meters": [6.7, 15.0], "aspect": 4.42, "plan_name_he": "המשך רחוב פייר קניג- תלפיות ירושלים ירושלים זיהוי וסיווג תכנית עדכון אחרון לא נערך סה\"כ שטח בדונם 93.304 סוג תכנית מתאר מקומית סוג איחוד וחלוקה ללא איחוד וחלוקה סמכות מחוזית היתרים או הרשאות תכנית שמכ", "minahak": "א.ת. תלפיות", "mavat_url": "https://mavat.iplan.gov.il/SV4/1/1000229693/310", "taba": 71951, "status_mavat": "אישור", "layer_type": "existing", "easement_type": null}}, {"type": "Feature", "geometry": {"type": "Polygon", "coordinates": [[[35.213324426941675, 31.748780557435516], [35.21332541471404, 31.748765047372427], [35.21332936580351, 31.748763324032083], [35.21333232912061, 31.748775961861266], [35.21333891426972, 31.748770791840236], [35.21332508545659, 31.748742069501176], [35.21333726798244, 31.748744367288303], [35.21334747496356, 31.748725410544523], [35.21333792649735, 31.748753558436803], [35.213350438280656, 31.748751260649676], [35.21334945050829, 31.748759302904613], [35.21335373085521, 31.748765047372427], [35.213365254866154, 31.748759877351393], [35.21336887669816, 31.748753558436803], [35.21336723041089, 31.748744367288303], [35.21337809590692, 31.74875298399002], [35.21338797363058, 31.748739771714053], [35.213397522096784, 31.748739771714053], [35.21339982689897, 31.748730006118773], [35.21340805833536, 31.748732303905896], [35.21341991160376, 31.748716793842807], [35.21342386269322, 31.748688071503746], [35.21342122863358, 31.748676008121343], [35.21342616749541, 31.748676008121343], [35.21343077709979, 31.748686922610187], [35.213424850465586, 31.74869381597156], [35.2134255089805, 31.7487139216089], [35.213419253088844, 31.748720240523493], [35.21342452120813, 31.748731729459116], [35.213399168384065, 31.748739197267273], [35.21339488803714, 31.74874781396899], [35.21335208456794, 31.748769068499893], [35.213342206844274, 31.74875757956427], [35.213339572784626, 31.74876677071277], [35.21334253610173, 31.748773664074143], [35.213324426941675, 31.748780557435516]]]}, "properties": {"pl_number": "101-0071951", "easement_id": "101-0071951_E177", "source": "raster_v3_saturation", "size_meters": [10.0, 11.6], "aspect": 3.79, "plan_name_he": "המשך רחוב פייר קניג- תלפיות ירושלים ירושלים זיהוי וסיווג תכנית עדכון אחרון לא נערך סה\"כ שטח בדונם 93.304 סוג תכנית מתאר מקומית סוג איחוד וחלוקה ללא איחוד וחלוקה סמכות מחוזית היתרים או הרשאות תכנית שמכ", "minahak": "א.ת. תלפיות", "mavat_url": "https://mavat.iplan.gov.il/SV4/1/1000229693/310", "taba": 71951, "status_mavat": "אישור", "layer_type": "existing", "easement_type": null}}, {"type": "Feature", "geometry": {"type": "Polygon", "coordinates": [[[35.215166136814226, 31.75437729315827], [35.21519335958279, 31.75429695765572], [35.21509773573879, 31.75430381506584], [35.21510005122519, 31.754305149223114], [35.215161894007906, 31.754320769981195], [35.2151562017705, 31.75432910846416], [35.215152921498095, 31.754359182592705], [35.21515369332689, 31.754365686609415], [35.215098121653185, 31.75437402509238], [35.21509397307338, 31.754373913912605], [35.21509339420178, 31.754374692171016], [35.215089052664766, 31.754375359249654], [35.21508509704216, 31.754375192479994], [35.21508413225616, 31.754376081918174], [35.215060494999115, 31.754379528491132], [35.21505895134151, 31.754379028182154], [35.215057793598305, 31.754379973210224], [35.21497250651574, 31.754392480934666], [35.21497173468694, 31.754391869445914], [35.21497096285814, 31.754392814473984], [35.214955815717914, 31.75439492688967], [35.21495533332491, 31.75439320360319], [35.214958324161515, 31.754383030653976], [35.21497163820834, 31.754352289446793], [35.214984952255165, 31.75433105411018], [35.21498630295557, 31.75432721840802], [35.21498871492057, 31.75432521717211], [35.21499566137979, 31.75431448832403], [35.214998652216394, 31.754311986779143], [35.21499845925919, 31.754310652621868], [35.214689052388394, 31.754332277087684], [35.21466473978115, 31.754248558718746], [35.214640523652506, 31.7542516161625], [35.214624894119275, 31.754254784786024], [35.21462171032547, 31.754263456808307], [35.21466888836096, 31.75441788551276], [35.21467718552057, 31.754425334557535], [35.2146914643534, 31.754427057844016], [35.21471558400345, 31.754423388911512], [35.21472397764166, 31.754447737281758], [35.21515590859456, 31.75441987931236], [35.215166136814226, 31.75437729315827]]]}, "properties": {"pl_number": "101-0175232", "easement_id": "101-0175232_E298", "source": "raster_v3_saturation", "size_meters": [58.8, 22.1], "aspect": 1.68, "plan_name_he": "מגדל פרדס, פייר קניג 31, תלפיות, ירושלים ירושלים זיהוי וסיווג תכנית עדכון אחרון לא נערך סה\"כ שטח בדונם 5.085 סוג תכנית מתאר מקומית סוג איחוד וחלוקה ללא איחוד וחלוקה סמכות מחוזית היתרים או הרשאות תכנית", "minahak": "א.ת. תלפיות", "mavat_url": "https://mavat.iplan.gov.il/SV4/1/1000287999/310", "taba": 175232, "status_mavat": "אישור", "layer_type": "existing", "easement_type": null, "was_clipped": true, "size_meters_clipped": [54.0, 22.1]}}, {"type": "Feature", "geometry": {"type": "Polygon", "coordinates": [[[35.21428946185286, 31.747995626542874], [35.214180253041995, 31.747984339061954], [35.213895112517115, 31.747984360221295], [35.21386065636876, 31.74798501736768], [35.21382703195339, 31.747987608159193], [35.21359132327249, 31.748005779549395], [35.213210742353354, 31.748027804268503], [35.213059267338366, 31.748157266496403], [35.21308539958345, 31.74834585767588], [35.2132419067062, 31.748332519426636], [35.21343277067154, 31.748315542310635], [35.213940281955246, 31.748280095219506], [35.21407237057852, 31.748280085248613], [35.21407868617735, 31.748280402220427], [35.214425103514344, 31.747984320892403], [35.21434427999627, 31.74798432689005], [35.21428946185286, 31.747995626542874]]]}, "properties": {"size_meters": [160.4, 50.1], "source": "hatching_(0.98, 0.2, 0.07)_0.43", "vertex_count": 5, "pl_number": "101-0216614", "easement_id": "101-0216614_E1", "plan_name_he": "איחוד וחלוקה לחלקות 9,16,17,18 ברחוב התעשיה ,שכונת תלפיות ,ירושלים ירושלים זיהוי וסיווג תכנית עדכון אחרון לא נערך סה\"כ שטח בדונם 4.785 סוג תכנית מתאר מקומית סוג איחוד וחלוקה איחוד ו/או חלוקה בהסכמת כל", "minahak": "א.ת. תלפיות", "mavat_url": "https://mavat.iplan.gov.il/SV4/1/1000309889/310", "taba": 216614, "status_mavat": "אישור", "layer_type": "existing", "easement_type": "לרכב", "was_clipped": true, "size_meters_clipped": [128.9, 40.1]}}, {"type": "Feature", "geometry": {"type": "Polygon", "coordinates": [[[35.21355580232094, 31.748306730787263], [35.21360815543351, 31.748303056174922], [35.213655134459536, 31.748253955497546], [35.213602781399175, 31.748257859434844], [35.21355580232094, 31.748306730787263]]]}, "properties": {"size_meters": [9.4, 5.9], "source": "hatching_(0.98, 0.2, 0.07)_0.43", "vertex_count": 5, "pl_number": "101-0216614", "easement_id": "101-0216614_E2", "plan_name_he": "איחוד וחלוקה לחלקות 9,16,17,18 ברחוב התעשיה ,שכונת תלפיות ,ירושלים ירושלים זיהוי וסיווג תכנית עדכון אחרון לא נערך סה\"כ שטח בדונם 4.785 סוג תכנית מתאר מקומית סוג איחוד וחלוקה איחוד ו/או חלוקה בהסכמת כל", "minahak": "א.ת. תלפיות", "mavat_url": "https://mavat.iplan.gov.il/SV4/1/1000309889/310", "taba": 216614, "status_mavat": "אישור", "layer_type": "existing", "easement_type": "לרכב"}}, {"type": "Feature", "geometry": {"type": "Polygon", "coordinates": [[[35.19686745100004, 31.756919815338794], [35.1968760443581, 31.75692245449612], [35.19688128082399, 31.75692406098626], [35.196918070974974, 31.756935306224673], [35.19722487959692, 31.757028824905998], [35.197231861687236, 31.757030890333247], [35.19732840283293, 31.757055217479078], [35.19733175954243, 31.757055791280433], [35.197337264715884, 31.75705659462729], [35.197344649730795, 31.75705751283985], [35.19735015493049, 31.757057972094728], [35.19735767428729, 31.75705854612525], [35.19736317949581, 31.75705889052033], [35.19737056456308, 31.757059120451242], [35.197376203990785, 31.757059235426414], [35.1973835890754, 31.757059235832624], [35.19738922863421, 31.75705912147779], [35.19739661374467, 31.757058777694514], [35.19740963834303, 31.757057745842427], [35.19742252878223, 31.757056140463487], [35.19742803407669, 31.757055337624955], [35.19743528493966, 31.757054076028], [35.19744079025099, 31.757053043859454], [35.19744804125312, 31.757051438073102], [35.19745341226562, 31.757050176372697], [35.19746052896874, 31.75704834115161], [35.19746576568234, 31.757046850016692], [35.19747274809491, 31.757044670598905], [35.197477984938985, 31.757042950036784], [35.19748483305238, 31.757040541184335], [35.1974899357112, 31.757038591090467], [35.19749678384947, 31.757035838048694], [35.1975017520953, 31.75703365861762], [35.19750631761326, 31.75703159373208], [35.197510480560915, 31.75702597246743], [35.19752135780292, 31.757011173523516], [35.197611061784954, 31.756888422291794], [35.19766920800998, 31.756808806129417], [35.197712582683515, 31.7567493806634], [35.19797484598678, 31.756358181097166], [35.19796558154465, 31.756353706468726], [35.1978859602047, 31.756315728269115], [35.19776082196366, 31.756256064742182], [35.19772013880918, 31.756236674066187], [35.19771530501879, 31.75623437925396], [35.19770389231903, 31.75622898659242], [35.197697313182225, 31.756225888645687], [35.19725299628859, 31.756331411734088], [35.19724990773436, 31.75633439449775], [35.19724628195537, 31.756339901022624], [35.19723083873662, 31.756363533638858], [35.19709748972386, 31.756567622215293], [35.196871614046195, 31.756913390955543], [35.19686745100004, 31.756919815338794]]]}, "properties": {"size_meters": [104.9, 92.4], "source": "hatching_(0.659, 0.0, 0.0)_2.02", "vertex_count": 54, "pl_number": "101-0252379", "easement_id": "101-0252379_E1", "plan_name_he": "תוספת יח\"ד, שטחי מסחר, מבנה לצרכי ציבור ושטח ציבורי פתוח בצומת פת ירושלים זיהוי וסיווג תכנית עדכון אחרון לא נערך סה\"כ שטח בדונם 8.047 סוג תכנית מתאר מקומית סוג איחוד וחלוקה איחוד ו/או חלוקה בהסכמת כל ", "minahak": "גוננים", "mavat_url": "https://mavat.iplan.gov.il/SV4/1/1000328287/310", "taba": 252379, "status_mavat": "אישור", "layer_type": "existing", "easement_type": "לרכב והולכי רגל"}}, {"type": "Feature", "geometry": {"type": "Polygon", "coordinates": [[[35.21342810437345, 31.7488578137141], [35.21348971968039, 31.748848930079458], [35.21350914329489, 31.74884743024504], [35.21351300229115, 31.7488486993357], [35.21351145869265, 31.748851122145147], [35.21351390272361, 31.748862659332996], [35.21352239251539, 31.748863351564268], [35.213577318895474, 31.748859313548518], [35.213582078324194, 31.74885539090465], [35.21358632322008, 31.74885862131725], [35.21360163057191, 31.748857467598462], [35.213605360934956, 31.74885400644211], [35.213609348564425, 31.74885689073907], [35.2136327598084, 31.74885539090465], [35.21363687607108, 31.74885019917012], [35.21363829103637, 31.748853775698354], [35.21364099233375, 31.748853544954596], [35.21364099233375, 31.74885100677327], [35.213641249600165, 31.74885400644211], [35.21364407953076, 31.7488545833015], [35.21368266949335, 31.748851929748298], [35.21368459899148, 31.748850083798242], [35.21368665712282, 31.748851352888906], [35.2137058234709, 31.74885019917012], [35.2137086534015, 31.748847660988794], [35.213710968799255, 31.748849737682608], [35.21372872018205, 31.748848353220065], [35.21373206464547, 31.748845468923104], [35.21373515184248, 31.74884800710443], [35.2137682105771, 31.748847776360673], [35.2137727127394, 31.748843276857414], [35.21377682900208, 31.748848468591945], [35.21380165521134, 31.748850891401393], [35.2138055142076, 31.748846161154376], [35.213808472771404, 31.748848468591945], [35.21381040226953, 31.74885273735145], [35.213830854949705, 31.748856198507802], [35.21383419941313, 31.74885562164841], [35.2138352284788, 31.748857236854708], [35.21385671022464, 31.748862659332996], [35.213859540155234, 31.748861390242332], [35.213860440587695, 31.74886381305178], [35.2138873249283, 31.74887338891769], [35.21391819689837, 31.748889194865043], [35.21392797302223, 31.74889542494648], [35.21394636757106, 31.74891273072825], [35.213954728729625, 31.7489178070909], [35.213953956930375, 31.74892011452847], [35.21397916903927, 31.748951841795048], [35.21398135580382, 31.748951611051293], [35.213980326738145, 31.748953687745104], [35.213984314367615, 31.748955879810797], [35.21398379983478, 31.748957956504608], [35.21398753019783, 31.748964186586043], [35.21399023149521, 31.74896464807356], [35.21398945969596, 31.748967301626763], [35.21399331869222, 31.748973416336323], [35.21399614862281, 31.748973647080078], [35.21399499092393, 31.748976069889526], [35.21401029827576, 31.749000759471517], [35.21402702059288, 31.749038716819534], [35.214025734260794, 31.74904125500086], [35.214007982878, 31.74904667747915], [35.214007982878, 31.749049446404232], [35.214005024314204, 31.749047715826055], [35.213989202429545, 31.749052215329314], [35.21398817336387, 31.74905475351064], [35.21398572933291, 31.74905325367622], [35.21397029334787, 31.749057522435724], [35.213969007015784, 31.749059022270146], [35.21395743002701, 31.749061214335836], [35.21380718643932, 31.749105401765288], [35.21379741031546, 31.7491090936654], [35.21379676714942, 31.749110593499818], [35.213794966284496, 31.749109670524792], [35.213790850021816, 31.749110824243576], [35.213789949589355, 31.749113247053025], [35.21378802009123, 31.749112208706116], [35.2137831320293, 31.749112900937387], [35.21372936334809, 31.749129168372253], [35.21359378394618, 31.749165741257727], [35.213578090694725, 31.74917127910789], [35.21357217356713, 31.749171855967283], [35.21356998680258, 31.74917439414861], [35.21356677097236, 31.74917150985165], [35.21356677097236, 31.749164818282697], [35.213563683775355, 31.74915558853242], [35.213563683775355, 31.749147973988443], [35.21355673758209, 31.749114746887443], [35.21355056318808, 31.749112670193632], [35.21354593239256, 31.749113247053025], [35.21354284519556, 31.74911105498733], [35.21354001526497, 31.749112554821753], [35.21353950073213, 31.749110247384184], [35.213478914490864, 31.749097325733796], [35.213471839664386, 31.749097325733796], [35.21346913836701, 31.749095249039982], [35.21345704684539, 31.749033525085004], [35.21342810437345, 31.7488578137141]]]}, "properties": {"pl_number": "101-0275636", "easement_id": "101-0275636_E562", "source": "raster_v3_saturation", "size_meters": [56.5, 36.8], "aspect": 1.52, "plan_name_he": "ש.כהן, תוספת בינוי חדש, תלפיות, ירושלים ירושלים זיהוי וסיווג תכנית עדכון אחרון לא נערך סה\"כ שטח בדונם 17.321 סוג תכנית מתאר מקומית סוג איחוד וחלוקה ללא איחוד וחלוקה סמכות מחוזית היתרים או הרשאות תכנית", "minahak": "א.ת. תלפיות", "mavat_url": "https://mavat.iplan.gov.il/SV4/1/1000339349/310", "taba": 275636, "status_mavat": "אישור", "layer_type": "existing", "easement_type": null}}, {"type": "Feature", "geometry": {"type": "Polygon", "coordinates": [[[35.21449266690949, 31.753579262274915], [35.21447577991004, 31.75352375259372], [35.21447732512568, 31.753520038917863], [35.21448494083131, 31.75351593432876], [35.2145410100844, 31.75350876758588], [35.214542555300035, 31.753507138780684], [35.214768487900564, 31.753478471809174], [35.21477544137093, 31.75347782028709], [35.21477665546893, 31.75347860211359], [35.21478802384111, 31.753552615021853], [35.21458504873004, 31.753571834923203], [35.21457798488713, 31.753571900075414], [35.21449498473295, 31.75357971834037], [35.21449266690949, 31.753579262274915]]]}, "properties": {"pl_number": "101-0283978", "easement_id": "101-0283978_E548", "source": "raster_v3_saturation", "size_meters": [29.5, 11.3], "aspect": 2.43, "plan_name_he": "הקמת מבנה למסחר משרדים ומלונאות, שופרסל, תלפיות ירושלים זיהוי וסיווג תכנית עדכון אחרון לא נערך סה\"כ שטח בדונם 5.546 סוג תכנית מתאר מקומית סוג איחוד וחלוקה ללא איחוד וחלוקה סמכות מחוזית היתרים או הרשאו", "minahak": "א.ת. תלפיות", "mavat_url": "https://mavat.iplan.gov.il/SV4/1/1000343367/310", "taba": 283978, "status_mavat": "אישור", "layer_type": "existing", "easement_type": null}}, {"type": "Feature", "geometry": {"type": "Polygon", "coordinates": [[[35.20581516336279, 31.75358720892845], [35.20582767744212, 31.753566523791033], [35.20582046933243, 31.753550727867914], [35.20581506325016, 31.753551856148135], [35.205820969895605, 31.753549223494282], [35.20582987992009, 31.753528287627926], [35.20583228262332, 31.753507727854977], [35.205827176878955, 31.753504092285368], [35.20582467406309, 31.753509608322016], [35.205825575076794, 31.753511238060113], [35.20582477417572, 31.753513745349498], [35.20582367293674, 31.75351023514436], [35.20582667631578, 31.753503590827492], [35.205825575076794, 31.753500080622356], [35.205832482848585, 31.753506098116876], [35.20583658746661, 31.753495191408057], [35.205840391746726, 31.753490302193757], [35.205846398504804, 31.75348679198862], [35.20585380683977, 31.75348528761499], [35.205853906952406, 31.75348328178348], [35.205851203911266, 31.753480774494097], [35.20585460774085, 31.753472249710192], [35.20585210492498, 31.753480774494097], [35.20585470785348, 31.753482404232198], [35.20585701044408, 31.753478392569182], [35.20585460774085, 31.753485663708396], [35.20586251663899, 31.75349005146482], [35.20586732204545, 31.7534958182304], [35.20586902396024, 31.75349932843554], [35.20586952452341, 31.753512491704807], [35.20586812294653, 31.7535007074447], [35.20586321742743, 31.753503089369616], [35.20586101494946, 31.753507101032632], [35.2058611150621, 31.7535039669209], [35.205850903573364, 31.75349619432381], [35.20584800030696, 31.75349782406191], [35.20584990244702, 31.75349468995018], [35.20586171573791, 31.753503465463023], [35.205867822608624, 31.75349945380001], [35.20586441877904, 31.753492684118672], [35.20585691033144, 31.753487293446497], [35.205852605488154, 31.753486415895214], [35.205843895688936, 31.753488547091187], [35.20583718814242, 31.753495442136995], [35.20583298341176, 31.7535072263971], [35.205830080145354, 31.753530168094965], [35.20582427361255, 31.753543080635293], [35.20582837823057, 31.753547092298305], [35.205831081271704, 31.753547092298305], [35.2058284783432, 31.753547969849592], [35.20582387316201, 31.75354458500892], [35.20582127023351, 31.75355010104557], [35.20582387316201, 31.75355774827819], [35.205827577329494, 31.753564517959525], [35.20582927924428, 31.75356539551081], [35.20581516336279, 31.75358720892845]]]}, "properties": {"pl_number": "101-0433359", "easement_id": "101-0433359_E61", "source": "raster_v3_saturation", "size_meters": [5.1, 12.8], "aspect": 2.41, "plan_name_he": "קירוי בריכות והרחבת יח\"ד בקומה 18,אליעזר הגדול 6,ירושלים ירושלים זיהוי וסיווג תכנית עדכון אחרון לא נערך סה\"כ שטח בדונם 9.442 סוג תכנית מתאר מקומית סוג איחוד וחלוקה ללא איחוד וחלוקה סמכות מקומית היתרים", "minahak": "גוננים", "mavat_url": "https://mavat.iplan.gov.il/SV4/1/1000417285/310", "taba": 433359, "status_mavat": "אישור", "layer_type": "existing", "easement_type": "לא ברור"}}, {"type": "Feature", "geometry": {"type": "Polygon", "coordinates": [[[35.20601648987108, 31.753629456754574], [35.206014988181565, 31.753629331390105], [35.20601548874473, 31.753627701652004], [35.206011584351984, 31.753621182699604], [35.20601178457725, 31.75361855004575], [35.20600998254983, 31.753617672494467], [35.20601028288773, 31.753615165205083], [35.206008380747676, 31.75361416228933], [35.206008380747676, 31.753611780364416], [35.206005978044445, 31.753610025261846], [35.20600477669283, 31.75360664042118], [35.20600347522858, 31.75360664042118], [35.206002874552766, 31.753604007767326], [35.20600137286325, 31.753604258496264], [35.20600027162427, 31.753601249749003], [35.20599826937158, 31.753600999020062], [35.205994865541996, 31.75359673662811], [35.20599306351457, 31.75359686199258], [35.205992062388226, 31.753594480067665], [35.20598745720703, 31.753592975694033], [35.20598385315218, 31.753588838666552], [35.20597914785836, 31.753586958199513], [35.20597554380351, 31.753582194349683], [35.20597384188872, 31.753582319714152], [35.20597344143818, 31.753579937789237], [35.20597113884758, 31.75357943633136], [35.20597073839704, 31.753577054406446], [35.205969236707524, 31.753577054406446], [35.205966433553755, 31.75357053545405], [35.20596423107579, 31.753569532538293], [35.20596423107579, 31.75356702524891], [35.20596232893573, 31.753566398426564], [35.20596232893573, 31.75356401650165], [35.20596042679568, 31.753563264314835], [35.20596032668304, 31.75356075702545], [35.20595832443035, 31.753560004838633], [35.20595872488089, 31.753558249736066], [35.20595662251556, 31.753556745362435], [35.20595642229029, 31.75355423807305], [35.2059544200376, 31.753553235157298], [35.205952918348075, 31.753547969849592], [35.20594911406796, 31.753543832822107], [35.205949013955326, 31.753541325532723], [35.205947011702634, 31.75354032261697], [35.20594530978784, 31.753535182673733], [35.20594340764779, 31.753534305122447], [35.20594340764779, 31.75353192319753], [35.20594130528246, 31.75353079491731], [35.205941505507724, 31.753528663721333], [35.205939703480304, 31.753528036898988], [35.205939703480304, 31.753525529609604], [35.20593790145288, 31.75352490278726], [35.20593790145288, 31.753522395497875], [35.20593599931282, 31.753521517946588], [35.205935899200185, 31.753519261386142], [35.205933796834856, 31.753517757012514], [35.205934097172765, 31.753516127274413], [35.205930292892646, 31.75351161415352], [35.205930292892646, 31.753509608322016], [35.20592819052732, 31.75350860540626], [35.20592839075259, 31.753506599574752], [35.205926188274624, 31.753505596659], [35.205926188274624, 31.75350384155643], [35.20592388568403, 31.75350258791174], [35.20592378557139, 31.7535007074447], [35.205922283881876, 31.7535007074447], [35.20592118264289, 31.75349782406191], [35.205916777686966, 31.753495692865933], [35.20591587667325, 31.753492684118672], [35.20592278444504, 31.753498576248724], [35.20592869109049, 31.753506098116876], [35.205968836256986, 31.753574045659185], [35.205978947633085, 31.753584952368005], [35.20599236272613, 31.75359397860979], [35.20600337511594, 31.75360363167392], [35.206010483113005, 31.753614789111676], [35.20601648987108, 31.753629456754574]]]}, "properties": {"pl_number": "101-0433359", "easement_id": "101-0433359_E75", "source": "raster_v3_saturation", "size_meters": [9.5, 15.2], "aspect": 14.89, "plan_name_he": "קירוי בריכות והרחבת יח\"ד בקומה 18,אליעזר הגדול 6,ירושלים ירושלים זיהוי וסיווג תכנית עדכון אחרון לא נערך סה\"כ שטח בדונם 9.442 סוג תכנית מתאר מקומית סוג איחוד וחלוקה ללא איחוד וחלוקה סמכות מקומית היתרים", "minahak": "גוננים", "mavat_url": "https://mavat.iplan.gov.il/SV4/1/1000417285/310", "taba": 433359, "status_mavat": "אישור", "layer_type": "existing", "easement_type": "לא ברור"}}, {"type": "Feature", "geometry": {"type": "Polygon", "coordinates": [[[35.20582747721686, 31.753674211870077], [35.205825174626256, 31.753663681254665], [35.20582477417572, 31.75364362293959], [35.20581736584076, 31.753642243930432], [35.20581516336279, 31.753649515069647], [35.20581516336279, 31.753646631686852], [35.20582497440099, 31.753612156457823], [35.20583438498865, 31.753592599600626], [35.20584890132067, 31.753572541285553], [35.205845797829, 31.753566398426564], [35.20584469659001, 31.753566022333157], [35.20582677642842, 31.753589340124428], [35.20583388442547, 31.75357818268667], [35.20584679895534, 31.753562386763548], [35.20585751100725, 31.753553611250705], [35.205862917089526, 31.753550602503445], [35.205845998054265, 31.753564392595056], [35.20584930177121, 31.753571413005332], [35.20586011393575, 31.753562512128017], [35.20587463026778, 31.753555366353275], [35.20587332880353, 31.75355712145584], [35.20587332880353, 31.75357003399617], [35.205866120693834, 31.75358106606946], [35.20587282824035, 31.753569657902762], [35.20587352902879, 31.753564517959525], [35.205872427789814, 31.75355724682031], [35.205860214048386, 31.753563264314835], [35.205847699969055, 31.75357492321047], [35.205834485101285, 31.753593602516382], [35.20582467406309, 31.753614538382738], [35.20581896764291, 31.753633969875462], [35.205825074513626, 31.75363798153848], [35.205818567192374, 31.753635474249094], [35.20581766617866, 31.753641491743615], [35.205825575076794, 31.753641993201494], [35.20583148172224, 31.753635474249094], [35.20584159309834, 31.75361127890654], [35.20585140413654, 31.753595859076825], [35.20583959084565, 31.753616794943184], [35.205834084650746, 31.753632089408427], [35.20582537485153, 31.753643246846185], [35.205825575076794, 31.75366104860081], [35.20582747721686, 31.753674211870077]]]}, "properties": {"pl_number": "101-0433359", "easement_id": "101-0433359_E82", "source": "raster_v3_saturation", "size_meters": [5.6, 13.7], "aspect": 3.17, "plan_name_he": "קירוי בריכות והרחבת יח\"ד בקומה 18,אליעזר הגדול 6,ירושלים ירושלים זיהוי וסיווג תכנית עדכון אחרון לא נערך סה\"כ שטח בדונם 9.442 סוג תכנית מתאר מקומית סוג איחוד וחלוקה ללא איחוד וחלוקה סמכות מקומית היתרים", "minahak": "גוננים", "mavat_url": "https://mavat.iplan.gov.il/SV4/1/1000417285/310", "taba": 433359, "status_mavat": "אישור", "layer_type": "existing", "easement_type": "לא ברור"}}, {"type": "Feature", "geometry": {"type": "Polygon", "coordinates": [[[35.20593864425654, 31.74945598595793], [35.20610447287533, 31.74936774992881], [35.206099773222775, 31.749367864668415], [35.206088628396486, 31.74936843853993], [35.20608312310239, 31.749368897561926], [35.20607197826196, 31.7493702746042], [35.20606660726481, 31.749371192572315], [35.20605573101803, 31.749373487506844], [35.206050360028755, 31.74937486437423], [35.20603975231623, 31.749377962476107], [35.20603464988184, 31.749379683635933], [35.20602444502057, 31.749383584879215], [35.20601934259162, 31.749385650237702], [35.20600967484168, 31.749390354620832], [35.20600497525824, 31.749392878946544], [35.205995710356966, 31.74939827177071], [35.20599127929957, 31.749401140291813], [35.20598255150722, 31.749407221555487], [35.20597852329119, 31.74941031954539], [35.20597046689659, 31.749417089222746], [35.20596670723501, 31.749420531408227], [35.2059595907571, 31.749427874771136], [35.205956099664135, 31.749431661176594], [35.20594965458015, 31.749439463479277], [35.20594670057491, 31.74944347935219], [35.20594119543444, 31.749451740615843], [35.20593864425654, 31.74945598595793]]]}, "properties": {"size_meters": [15.7, 9.8], "source": "hatching_(1.0, 0.0, 0.0)_2.02", "vertex_count": 27, "pl_number": "101-0433474", "easement_id": "101-0433474_E1", "plan_name_he": "בנין מסחר ומשרדים חדש בשכונת תלפיות דרום, ירושלים ירושלים זיהוי וסיווג תכנית עדכון אחרון לא נערך סה\"כ שטח בדונם 0.58 סוג תכנית מתאר מקומית סוג איחוד וחלוקה ללא איחוד וחלוקה סמכות מחוזית היתרים או הרשא", "minahak": "א.ת. תלפיות", "mavat_url": "https://mavat.iplan.gov.il/SV4/1/1000417371/310", "taba": 433474, "status_mavat": "אישור", "layer_type": "existing", "easement_type": "להולכי רגל"}}, {"type": "Feature", "geometry": {"type": "Polygon", "coordinates": [[[35.20618342738346, 31.74939884296094], [35.20619524508079, 31.74947445548775], [35.20620544969153, 31.749457588774835], [35.20622814151123, 31.749420068951043], [35.20621753363923, 31.749415020620592], [35.206212699705176, 31.74941272589829], [35.20618342738346, 31.74939884296094]]]}, "properties": {"size_meters": [4.2, 8.4], "source": "hatching_(1.0, 0.0, 0.0)_2.02", "vertex_count": 7, "pl_number": "101-0433474", "easement_id": "101-0433474_E2", "plan_name_he": "בנין מסחר ומשרדים חדש בשכונת תלפיות דרום, ירושלים ירושלים זיהוי וסיווג תכנית עדכון אחרון לא נערך סה\"כ שטח בדונם 0.58 סוג תכנית מתאר מקומית סוג איחוד וחלוקה ללא איחוד וחלוקה סמכות מחוזית היתרים או הרשא", "minahak": "א.ת. תלפיות", "mavat_url": "https://mavat.iplan.gov.il/SV4/1/1000417371/310", "taba": 433474, "status_mavat": "אישור", "layer_type": "existing", "easement_type": "להולכי רגל"}}, {"type": "Feature", "geometry": {"type": "Polygon", "coordinates": [[[35.21713103870252, 31.74645354431145], [35.21711701314341, 31.7464480835712], [35.217110266671945, 31.746447493220902], [35.217112219597894, 31.746446312520305], [35.217111154365554, 31.746442918006096], [35.21710334266175, 31.746438785554012], [35.21709322295455, 31.74642919236168], [35.217085588789466, 31.74642860201138], [35.217089139563925, 31.74642815924866], [35.21708984971882, 31.746425945435043], [35.21708079524395, 31.746418713643898], [35.217073693695035, 31.74641841846875], [35.217074758927374, 31.74641605706756], [35.21705718259381, 31.746399379671658], [35.21708381340224, 31.746418270881176], [35.21708452355713, 31.746416204655134], [35.21706943276569, 31.74639539480715], [35.21707156323036, 31.746391409942643], [35.21707156323036, 31.746393328581107], [35.21710085711963, 31.74641900881905], [35.21710689343621, 31.746427421310788], [35.21711328483023, 31.746428454423807], [35.21711292975279, 31.746433472401336], [35.21711665806597, 31.74643524345223], [35.21711754575958, 31.74643804761614], [35.21712074145659, 31.74643760485342], [35.21711932114681, 31.74643996625461], [35.21713103870252, 31.74645354431145]]]}, "properties": {"pl_number": "101-0454553", "easement_id": "101-0454553_E193", "source": "raster_v3_saturation", "size_meters": [7.0, 6.9], "aspect": 4.75, "plan_name_he": "תוספת זכויות וקומות ואיחוד וחלוקה-פינוי בינוי,דרך חברון,ירושלים * לתכנית זו יש עותק חדש יותר, שטרם נקלט במערכת ירושלים זיהוי וסיווג תכנית עדכון אחרון לא נערך סה\"כ שטח בדונם 16.965 סוג תכנית מתאר מקומי", "minahak": "בקעה רבתי", "mavat_url": "https://mavat.iplan.gov.il/SV4/1/1000428695/310", "taba": 454553, "status_mavat": "אישור", "layer_type": "existing", "easement_type": "לרכב והולכי רגל"}}, {"type": "Feature", "geometry": {"type": "Polygon", "coordinates": [[[35.21710281004558, 31.746472583108545], [35.217085588789466, 31.746472878283694], [35.217067124762295, 31.746466827193146], [35.21706481675889, 31.746470959645226], [35.21706375152656, 31.746465498904975], [35.21703747579558, 31.74645206843571], [35.21700924713864, 31.746431406175297], [35.21699060557275, 31.746414876366966], [35.21698261633022, 31.746404987999483], [35.2169902504953, 31.74640823492612], [35.21702469300753, 31.74643686691555], [35.21702895393688, 31.746438490378864], [35.21702966409177, 31.746435391039803], [35.21700871452248, 31.746415909479985], [35.217002855744624, 31.746407496988247], [35.217008536983755, 31.746409120451567], [35.21705611736147, 31.74644572217001], [35.217064106604006, 31.746448969096647], [35.21706676968485, 31.74645251119843], [35.21707458138865, 31.746453691899024], [35.2170726284627, 31.74645620088779], [35.21708931710265, 31.74646726995587], [35.217094288186885, 31.746463875441655], [35.21709766142262, 31.74646461337953], [35.21709766142262, 31.74646667960557], [35.217092335260936, 31.746466827193146], [35.2170912700286, 31.746469041006762], [35.217095886035395, 31.74647081205765], [35.21710227742941, 31.74647036929493], [35.21710281004558, 31.746472583108545]]]}, "properties": {"pl_number": "101-0454553", "easement_id": "101-0454553_E256", "source": "raster_v3_saturation", "size_meters": [11.3, 7.5], "aspect": 5.62, "plan_name_he": "תוספת זכויות וקומות ואיחוד וחלוקה-פינוי בינוי,דרך חברון,ירושלים * לתכנית זו יש עותק חדש יותר, שטרם נקלט במערכת ירושלים זיהוי וסיווג תכנית עדכון אחרון לא נערך סה\"כ שטח בדונם 16.965 סוג תכנית מתאר מקומי", "minahak": "בקעה רבתי", "mavat_url": "https://mavat.iplan.gov.il/SV4/1/1000428695/310", "taba": 454553, "status_mavat": "אישור", "layer_type": "existing", "easement_type": "לרכב והולכי רגל"}}, {"type": "Feature", "geometry": {"type": "Polygon", "coordinates": [[[35.21471764709838, 31.751235930936883], [35.21471434687956, 31.75123901958587], [35.2147095672523, 31.751228981476658], [35.21471275367047, 31.751241336072614], [35.2147095672523, 31.751242880397108], [35.21471195706593, 31.75124094999149], [35.21470877064775, 31.75123116926969], [35.2147097948536, 31.75122653629621], [35.21469841478868, 31.751199381923847], [35.21469226955363, 31.751190502058005], [35.214687262325064, 31.751192689851038], [35.21468805892961, 31.75119577850003], [35.214693862762715, 31.751194877644075], [35.21468327930235, 31.75119989669868], [35.21468737612572, 31.751195907193736], [35.21468589671728, 31.751193719400703], [35.214682255096506, 31.75119577850003], [35.21468066188742, 31.751201955798006], [35.21468157229261, 31.751206460077782], [35.21467941008028, 31.751202213185422], [35.214674175250416, 31.75119989669868], [35.21466427459394, 31.75120465836587], [35.214658356960186, 31.75121559733104], [35.214663136587454, 31.75122164593531], [35.21466541260043, 31.75122100246677], [35.214662908986156, 31.75121135043868], [35.214665526401085, 31.751209420033064], [35.214667574812765, 31.751217527736657], [35.21466564020173, 31.75121122174497], [35.21466381939135, 31.751212379988342], [35.214666436806276, 31.7512198442234], [35.21467224063938, 31.751218171205196], [35.214662908986156, 31.75122409111576], [35.21466120197642, 31.751218814673738], [35.214657787956945, 31.7512166268807], [35.214634231222576, 31.751252146344072], [35.214633889820625, 31.75124995855104], [35.21462785838622, 31.75124648382093], [35.21463559683036, 31.751248800307668], [35.21464993571215, 31.751227308458457], [35.214646976895274, 31.751223190259804], [35.21464993571215, 31.751218685980028], [35.21465346353228, 31.75122164593531], [35.21465528434266, 31.75121907206115], [35.21465403253552, 31.75121315215059], [35.21464777349982, 31.751212894763174], [35.2146173887265, 31.751227308458457], [35.214575396286975, 31.751244167334185], [35.21460145663563, 31.751232842287894], [35.21460043242978, 31.75122653629621], [35.214598725420046, 31.75122705107104], [35.214597815014855, 31.75123001102632], [35.21459622180576, 31.751229882332613], [35.214597815014855, 31.751225378052837], [35.21458950756747, 31.75122653629621], [35.214590873175254, 31.75122267548497], [35.21459349059018, 31.751223705034636], [35.214591214577204, 31.751223705034636], [35.214590873175254, 31.751225635440253], [35.21459997722719, 31.751224219809465], [35.21459974962589, 31.751218943367444], [35.21459155597915, 31.75121907206115], [35.214581655322675, 31.751216369493285], [35.21457164086555, 31.751218428592612], [35.21457937930969, 31.751215726024746], [35.2145717546662, 31.751206717465198], [35.214560716003234, 31.751207232240027], [35.214559236594795, 31.751212508682052], [35.21456242301297, 31.751213538231713], [35.214559919398695, 31.751213924312836], [35.21456219541167, 31.751220358998232], [35.214561967810376, 31.751226278908792], [35.21456082980389, 31.75121727034924], [35.21455798478766, 31.7512149538625], [35.21455343276169, 31.75122100246677], [35.214546377121444, 31.751222932872388], [35.21454717372599, 31.75123425791868], [35.2145451253143, 31.751222546791265], [35.214546377121444, 31.751219329448567], [35.2145451253143, 31.751205044446994], [35.21454683232404, 31.751204915753288], [35.21454774272924, 31.75118844295868], [35.21454717372599, 31.751209420033064], [35.21455889519285, 31.751209420033064], [35.214559577996745, 31.751206331384072], [35.21457095806166, 31.751206073996656], [35.21457437208113, 31.75120452967216], [35.21457289267269, 31.75120710354632], [35.2145784689045, 31.751214310393962], [35.214594514796026, 31.751218428592612], [35.214598953021344, 31.751217527736657], [35.214595652802515, 31.751198738455308], [35.214589393766815, 31.75118792818385], [35.21459644940706, 31.751199124536434], [35.214600204828486, 31.751217527736657], [35.21463138620634, 31.75120890525823], [35.21462603757583, 31.75118792818385], [35.21463206901024, 31.751207232240027], [35.21463161380764, 31.751209806114186], [35.214626492778436, 31.751212122600926], [35.21462865499077, 31.751220101610816], [35.2146299067979, 31.75122048769194], [35.2146507323167, 31.751210835663848], [35.214653918734875, 31.75120594530295], [35.21465460153877, 31.75120272796025], [35.214653235930975, 31.751198481067892], [35.214646976895274, 31.75118792818385], [35.21465369113358, 31.75119809498677], [35.21465528434266, 31.751202985347668], [35.21465812935889, 31.75120414359104], [35.21466495739784, 31.751203242735084], [35.21467781687119, 31.75119680804969], [35.21467793067184, 31.75119384809441], [35.214675085655614, 31.75118792818385], [35.21467906867833, 31.751195907193736], [35.21469124534779, 31.75119024467059], [35.214691131547134, 31.75118779949014], [35.21469704918089, 31.75118792818385], [35.21469909759258, 31.75119153160767], [35.21470148740621, 31.75118792818385], [35.21470069080166, 31.75119449156295], [35.21471764709838, 31.751235930936883]]]}, "properties": {"pl_number": "101-0487694", "easement_id": "101-0487694_E664", "source": "raster_v3_saturation", "size_meters": [16.3, 7.1], "aspect": 3.03, "plan_name_he": "מתחם תלפיות - רחוב התנופה פינת פייר קניג ירושלים זיהוי וסיווג תכנית עדכון אחרון לא נערך סה\"כ שטח בדונם 9.994 סוג תכנית מפורטת סוג איחוד וחלוקה ללא איחוד וחלוקה סמכות מחוזית היתרים או הרשאות תכנית שמכו", "minahak": "א.ת. תלפיות", "mavat_url": "https://mavat.iplan.gov.il/SV4/1/1000604449/310", "taba": 487694, "status_mavat": "אישור", "layer_type": "existing", "easement_type": "לרכב והולכי רגל"}}, {"type": "Feature", "geometry": {"type": "Polygon", "coordinates": [[[35.21471764709838, 31.751301436034186], [35.214714460680206, 31.751302079502725], [35.21471332267372, 31.75129757522295], [35.214715143484106, 31.751301436034186], [35.21471696429449, 31.75130014909711], [35.21471184326528, 31.751288824050814], [35.214698983791926, 31.751291397924973], [35.21470069080166, 31.751289596213063], [35.21469431796531, 31.751275568598906], [35.21470148740621, 31.75128985360048], [35.21471025005619, 31.75128805188857], [35.21471036385684, 31.751285735401826], [35.21469067634454, 31.751240177829242], [35.214684986312086, 31.751221131160477], [35.214688855534156, 31.751233357062723], [35.21469443176596, 31.7512329709816], [35.21469511456986, 31.751237089180254], [35.214693066158176, 31.751237732648793], [35.21469135914844, 31.75123374314385], [35.2146896521387, 31.751235802243176], [35.214697731984785, 31.751255492380476], [35.214701032203614, 31.751255234993064], [35.21470296681465, 31.75125961057913], [35.21470091840296, 31.751256264542725], [35.21469886999128, 31.751257036704974], [35.21470069080166, 31.75126385747149], [35.21471764709838, 31.751301436034186]]]}, "properties": {"pl_number": "101-0487694", "easement_id": "101-0487694_E696", "source": "raster_v3_saturation", "size_meters": [3.1, 9.0], "aspect": 5.33, "plan_name_he": "מתחם תלפיות - רחוב התנופה פינת פייר קניג ירושלים זיהוי וסיווג תכנית עדכון אחרון לא נערך סה\"כ שטח בדונם 9.994 סוג תכנית מפורטת סוג איחוד וחלוקה ללא איחוד וחלוקה סמכות מחוזית היתרים או הרשאות תכנית שמכו", "minahak": "א.ת. תלפיות", "mavat_url": "https://mavat.iplan.gov.il/SV4/1/1000604449/310", "taba": 487694, "status_mavat": "אישור", "layer_type": "existing", "easement_type": "לרכב והולכי רגל"}}, {"type": "Feature", "geometry": {"type": "Polygon", "coordinates": [[[35.214783082471634, 31.75134274671441], [35.21477750623983, 31.75133064950587], [35.21477249901127, 31.751326660000927], [35.21476066374375, 31.751331936442952], [35.21476692277946, 31.751349181399803], [35.21475929813597, 31.751332193830365], [35.21475793252818, 31.751332837298907], [35.21475872913272, 31.751337084191267], [35.21475668072104, 31.751333352073736], [35.21475133209053, 31.751335925947895], [35.21475474611, 31.751349181399803], [35.21475076308728, 31.751349181399803], [35.214744048848985, 31.751320611396658], [35.21473653800614, 31.7513000204034], [35.21472379233344, 31.751304009908342], [35.214722312925, 31.75130606900767], [35.21472709255226, 31.751317780135086], [35.21473380679056, 31.751315978423175], [35.21473517239835, 31.75132035400924], [35.21473346538861, 31.75131687927913], [35.21472629594772, 31.751318809684747], [35.21472265432695, 31.75130902896295], [35.21472151632045, 31.75130967243149], [35.2147220853237, 31.751313147161603], [35.214718898905524, 31.75130799941329], [35.21471377787631, 31.751306326395085], [35.2147357414016, 31.751298476078905], [35.214730278970436, 31.751279300716433], [35.21471571248735, 31.751242880397108], [35.21471878510488, 31.751239534360703], [35.21473380679056, 31.751276855535984], [35.21473426199316, 31.751283290221377], [35.214736310404845, 31.751284191077332], [35.214747918071055, 31.751325244370143], [35.214746097260665, 31.75132704608205], [35.214748487074296, 31.75133489639823], [35.21475133209053, 31.75133502509194], [35.214759184335314, 31.751331164280703], [35.21475759112623, 31.751327689550592], [35.21475053548598, 31.75133077819958], [35.21475724972428, 31.75132704608205], [35.21475724972428, 31.751323700045646], [35.21476009474051, 31.751330906893287], [35.21477295421386, 31.75132601653239], [35.214772726612566, 31.751309415044073], [35.214773864619055, 31.75132601653239], [35.214778075243075, 31.751330392118458], [35.214783082471634, 31.75134274671441]]]}, "properties": {"pl_number": "101-0487694", "easement_id": "101-0487694_E720", "source": "raster_v3_saturation", "size_meters": [6.5, 12.2], "aspect": 2.6, "plan_name_he": "מתחם תלפיות - רחוב התנופה פינת פייר קניג ירושלים זיהוי וסיווג תכנית עדכון אחרון לא נערך סה\"כ שטח בדונם 9.994 סוג תכנית מפורטת סוג איחוד וחלוקה ללא איחוד וחלוקה סמכות מחוזית היתרים או הרשאות תכנית שמכו", "minahak": "א.ת. תלפיות", "mavat_url": "https://mavat.iplan.gov.il/SV4/1/1000604449/310", "taba": 487694, "status_mavat": "אישור", "layer_type": "existing", "easement_type": "לרכב והולכי רגל"}}, {"type": "Feature", "geometry": {"type": "Polygon", "coordinates": [[[35.21460657766484, 31.75137800879037], [35.2146046430538, 31.75137723662812], [35.2146041878512, 31.75137401928542], [35.21460202563887, 31.75137298973576], [35.21460213943952, 31.751370930636433], [35.214598725420046, 31.7513687428434], [35.21459849781875, 31.75136694113149], [35.21458063111683, 31.75135600216632], [35.21457676189476, 31.75135136919284], [35.21457494108438, 31.75135136919284], [35.21457448588178, 31.751349052706097], [35.2145722098688, 31.751348409237558], [35.2145722098688, 31.751346092750815], [35.21456959245387, 31.751344419732614], [35.21457016145711, 31.751343132795537], [35.214567657842835, 31.751341331083626], [35.214567657842835, 31.7513392719843], [35.21456560943115, 31.75133849982205], [35.214566178434396, 31.751336955497557], [35.214563447218815, 31.751335153785647], [35.21456333341817, 31.751332708605197], [35.21456151260778, 31.751332322524075], [35.214561967810376, 31.751330392118458], [35.21455889519285, 31.751328075631715], [35.2145596917974, 31.751326917388344], [35.214557188183115, 31.751325244370143], [35.21455741578441, 31.751323313964523], [35.21455286375845, 31.751318809684747], [35.21455309135975, 31.751317136666547], [35.214547970330536, 31.751311216755983], [35.21454740132729, 31.751308128106995], [35.21454535291561, 31.75130722725104], [35.2145451253143, 31.751303881214636], [35.214572778872046, 31.75134647883194], [35.21458108631943, 31.751354586535534], [35.21459906682199, 31.751366683744074], [35.21460657766484, 31.75137800879037]]]}, "properties": {"pl_number": "101-0487694", "easement_id": "101-0487694_E730", "source": "raster_v3_saturation", "size_meters": [5.8, 8.2], "aspect": 11.16, "plan_name_he": "מתחם תלפיות - רחוב התנופה פינת פייר קניג ירושלים זיהוי וסיווג תכנית עדכון אחרון לא נערך סה\"כ שטח בדונם 9.994 סוג תכנית מפורטת סוג איחוד וחלוקה ללא איחוד וחלוקה סמכות מחוזית היתרים או הרשאות תכנית שמכו", "minahak": "א.ת. תלפיות", "mavat_url": "https://mavat.iplan.gov.il/SV4/1/1000604449/310", "taba": 487694, "status_mavat": "אישור", "layer_type": "existing", "easement_type": "לרכב והולכי רגל"}}, {"type": "Feature", "geometry": {"type": "Polygon", "coordinates": [[[35.20830667671522, 31.75781596648954], [35.20832869769657, 31.757823537698318], [35.2083446745696, 31.75778556310777], [35.20830667671522, 31.75781596648954]]]}, "properties": {"size_meters": [3.6, 4.2], "source": "hatching_(0.87, 1.0, 0.5)_1.44", "vertex_count": 4, "pl_number": "101-0515635", "easement_id": "101-0515635_E1", "plan_name_he": "פינוי בינוי אנטיגנוס 14 ירושלים זיהוי וסיווג תכנית עדכון אחרון לא נערך סה\"כ שטח בדונם 3.848 סוג תכנית מתאר מקומית סוג איחוד וחלוקה איחוד ו/או חלוקה ללא הסכמת כל הבעלים בכל תחום התכנית/בחלק מתחום התכני", "minahak": "גוננים", "mavat_url": "https://mavat.iplan.gov.il/SV4/1/1000779705/310", "taba": 515635, "status_mavat": "אישור", "layer_type": "approved", "easement_type": "להולכי רגל"}}, {"type": "Feature", "geometry": {"type": "Polygon", "coordinates": [[[35.211486130699186, 31.754200310030217], [35.21148608426024, 31.754200326265995], [35.2115208954077, 31.75427386158788], [35.21159991515484, 31.75424208979421], [35.21167383305904, 31.75421568063948], [35.211640963510824, 31.75412100101029], [35.21152028751692, 31.754165250391885], [35.21147704340177, 31.754182745918424], [35.211486130699186, 31.754200310030217]]]}, "properties": {"pl_number": "101-0518159", "easement_id": "101-0518159_E20", "source": "raster_v3_saturation", "size_meters": [19.1, 17.3], "aspect": 1.65, "plan_name_he": "תוספת שתי קומות מגורים - מקור חיים 33, ירושלים ירושלים זיהוי וסיווג תכנית עדכון אחרון לא נערך סה\"כ שטח בדונם 1.547 סוג תכנית מתאר מקומית סוג איחוד וחלוקה ללא איחוד וחלוקה סמכות מחוזית היתרים או הרשאות", "minahak": "בקעה רבתי", "mavat_url": "https://mavat.iplan.gov.il/SV4/1/1000784403/310", "taba": 518159, "status_mavat": "אישור", "layer_type": "approved", "easement_type": "לרכב והולכי רגל", "was_clipped": true, "size_meters_clipped": [18.6, 17.0]}}, {"type": "Feature", "geometry": {"type": "Polygon", "coordinates": [[[35.214804379426944, 31.743983946585313], [35.214839967685585, 31.74411643959304], [35.21484493529433, 31.744123436710886], [35.21486238917738, 31.744147869629323], [35.21495355217129, 31.744275425250585], [35.215101373640685, 31.74448212930698], [35.21517897692836, 31.744590643230023], [35.21520327822453, 31.744624596806002], [35.21521012563439, 31.74463411751072], [35.21521442134284, 31.74463434664939], [35.215366510513924, 31.744594068597472], [35.2154455722954, 31.74454668444504], [35.215516435953205, 31.744421524240984], [35.21510722199803, 31.74397680909538], [35.214804379426944, 31.743983946585313]]]}, "properties": {"size_meters": [67.5, 72.9], "source": "hatching_(0.66, 0.0, 0.0)_2.02", "vertex_count": 15, "pl_number": "101-0547992", "easement_id": "101-0547992_E1", "plan_name_he": "שער דרום - דרך חברון פינת דרך משה ברעם, א.ת תלפיות ירושלים זיהוי וסיווג תכנית עדכון אחרון לא נערך סה\"כ שטח בדונם 7.965 סוג תכנית מתאר מקומית סוג איחוד וחלוקה איחוד ו/או חלוקה בהסכמת כל הבעלים בכל תחום", "minahak": "א.ת. תלפיות", "mavat_url": "https://mavat.iplan.gov.il/SV4/1/1000886477/310", "taba": 547992, "status_mavat": "אישור", "layer_type": "approved", "easement_type": "לרכב והולכי רגל"}}, {"type": "Feature", "geometry": {"type": "Polygon", "coordinates": [[[35.20035197838502, 31.762056965479328], [35.20035516899406, 31.762088530098307], [35.20035852588745, 31.76212175524271], [35.200362682768734, 31.762121752674133], [35.20071249938771, 31.76210883414768], [35.20071249948844, 31.76210628536781], [35.20071018188879, 31.762045120707057], [35.20035078034176, 31.762045109798912], [35.20035197838502, 31.762056965479328]]]}, "properties": {"size_meters": [36.3, 8.5], "source": "hatching_(0.875, 1.0, 0.498)_1.15", "vertex_count": 6, "pl_number": "101-0550541", "easement_id": "101-0550541_E1", "plan_name_he": "התחדשות עירונית - התקופה 2-שמעוני 48-הרצוג ירושלים זיהוי וסיווג תכנית עדכון אחרון 23/08/2023 סה\"כ שטח בדונם 2.853 סוג תכנית מתאר מקומית סוג איחוד וחלוקה איחוד ו/או חלוקה ללא הסכמת כל הבעלים בכל תחום ה", "minahak": "גוננים", "mavat_url": "https://mavat.iplan.gov.il/SV4/1/1000887983/310", "taba": 550541, "status_mavat": "אישור", "layer_type": "approved", "easement_type": "לרכב והולכי רגל", "was_clipped": true, "size_meters_clipped": [34.1, 8.5]}}, {"type": "Feature", "geometry": {"type": "Polygon", "coordinates": [[[35.19776666265831, 31.74737162074128], [35.19776868924458, 31.74736779527706], [35.197768570033624, 31.747359783455767], [35.19776213264195, 31.74736079395575], [35.19775503959, 31.74736360891999], [35.197758496707756, 31.747361515741453], [35.19775861591871, 31.747354730955852], [35.197756529726966, 31.74734679131313], [35.19775700657079, 31.74734217188464], [35.197759629211845, 31.747342749313198], [35.19775885434063, 31.747361082670032], [35.19776874885006, 31.747359061670064], [35.19776737792405, 31.74733574799189], [35.19775706617627, 31.747334665313335], [35.19775658933244, 31.74733957345611], [35.19775641051601, 31.747335026206187], [35.19775503959, 31.747334160063346], [35.197756529726966, 31.747333799170494], [35.19775664893792, 31.747329612813424], [35.19775503959, 31.747327014384894], [35.197756827754354, 31.7473284579563], [35.197757304598184, 31.747334232241915], [35.197767199107616, 31.747334881849046], [35.19776755674049, 31.74732809706345], [35.19776445725561, 31.747322611492113], [35.19775503959, 31.747317992063618], [35.197762073036465, 31.747320734849286], [35.19776821240075, 31.747324488134936], [35.19777214636234, 31.74731893038503], [35.197772325178775, 31.747316115420794], [35.19776713950214, 31.747310124599466], [35.19776672226379, 31.74731099074231], [35.19777125228016, 31.747316548492215], [35.19776868924458, 31.74732145663499], [35.19775515880096, 31.747315104920812], [35.19776833161171, 31.747320879206427], [35.19777077543633, 31.747316909385066], [35.19776773555692, 31.747312867385133], [35.19776421883369, 31.747316837206498], [35.19775503959, 31.74731142381373], [35.19775647012148, 31.74731135163516], [35.197761238559764, 31.747304711206702], [35.19775831789132, 31.747301607528183], [35.19775503959, 31.747305288635264], [35.19775825828584, 31.74730103009962], [35.19777250399521, 31.747315465813664], [35.19777250399521, 31.747319002563604], [35.19776898727198, 31.74732499338493], [35.19778245811012, 31.7473393569204], [35.19778728615388, 31.747343182384622], [35.19778233889917, 31.74733971781325], [35.19777274241712, 31.74732896320629], [35.197769404510325, 31.747329612813424], [35.19776815279528, 31.747330839849116], [35.19776767595145, 31.747341450098936], [35.19776910648293, 31.747355597098696], [35.19776880845554, 31.747369022312753], [35.19776666265831, 31.74737162074128]]]}, "properties": {"pl_number": "101-0600700", "easement_id": "101-0600700_E555", "source": "raster_v3_saturation", "size_meters": [3.0, 7.8], "aspect": 1.81, "plan_name_he": "הגדלת מס' קומות ומס' יח''ד בית צפאפא ירושלים ירושלים זיהוי וסיווג תכנית עדכון אחרון לא נערך סה\"כ שטח בדונם 0.8 סוג תכנית מתאר מקומית סוג איחוד וחלוקה ללא איחוד וחלוקה סמכות מחוזית היתרים או הרשאות תכנ", "minahak": "בית צפאפא", "mavat_url": "https://mavat.iplan.gov.il/SV4/1/1000914463/310", "taba": 600700, "status_mavat": "אישור", "layer_type": "approved", "easement_type": null}}, {"type": "Feature", "geometry": {"type": "Polygon", "coordinates": [[[35.19749468067261, 31.7460249317099], [35.197572331980226, 31.746009260174596], [35.19770659487361, 31.745894612104387], [35.197703910328954, 31.745892317692338], [35.19745777977466, 31.74589173692871], [35.19748533262971, 31.745991193158403], [35.197219576799995, 31.746044957346964], [35.197219410101816, 31.746044311616103], [35.19704635288869, 31.746079374834494], [35.19722886455646, 31.74607938507369], [35.19749468067261, 31.7460249317099]]]}, "properties": {"size_meters": [68.3, 20.9], "source": "hatching_(0.87, 1.0, 0.5)_0.43", "vertex_count": 6, "pl_number": "101-0635599", "easement_id": "101-0635599_E1", "plan_name_he": "הקמת בניין חדש בית צפפה ירושלים זיהוי וסיווג תכנית עדכון אחרון 02/12/2024 סה\"כ שטח בדונם 1.102 סוג תכנית מתאר מקומית סוג איחוד וחלוקה ללא איחוד וחלוקה סמכות מחוזית היתרים או הרשאות תכנית שמכוחה ניתן ל", "minahak": "בית צפאפא", "mavat_url": "https://mavat.iplan.gov.il/SV4/1/1000933339/310", "taba": 635599, "status_mavat": "תבע מאושרת", "layer_type": "approved", "easement_type": null, "was_clipped": true, "size_meters_clipped": [62.3, 20.8]}}, {"type": "Feature", "geometry": {"type": "Polygon", "coordinates": [[[35.19725565487897, 31.74054820216144], [35.19725240303375, 31.740543408954657], [35.197251002238886, 31.740542642041575], [35.19724699996784, 31.740534244343298], [35.19724584931491, 31.740527802273387], [35.197248050563985, 31.7405360849347], [35.19725070206855, 31.740540916487134], [35.197251702636315, 31.740541031524096], [35.19725195277826, 31.740540571376247], [35.1972484007627, 31.740533247356286], [35.19724694993945, 31.74052530980586], [35.19724614948524, 31.740525003040627], [35.19724659974074, 31.74052358425142], [35.197245999400074, 31.740519979759924], [35.19724825067754, 31.74052346921446], [35.19725160257954, 31.740524236127545], [35.1972543041125, 31.740524197781887], [35.19725465431121, 31.740524888003666], [35.19726315913718, 31.740525003040627], [35.19726360939267, 31.740524159436234], [35.1972798185904, 31.740524082744926], [35.19728016878912, 31.74052358425142], [35.197262959023625, 31.740523277486187], [35.197262158569416, 31.74052366094273], [35.197253853857, 31.740522894029645], [35.197250902182105, 31.740522280499178], [35.197248150620766, 31.740520018105578], [35.197250952210496, 31.740522012079598], [35.19725400394216, 31.740522702301373], [35.19728001870396, 31.740523085757918], [35.197280719101386, 31.74052400605362], [35.19728282029369, 31.74052366094273], [35.19729042460867, 31.740518177514176], [35.19729402665261, 31.740514841442256], [35.19729402665261, 31.740502570832902], [35.197293676453896, 31.74050180391982], [35.19729207554548, 31.74050145880893], [35.19729182540353, 31.740500155056687], [35.197292425744195, 31.74050019340234], [35.197292875999686, 31.740501228735006], [35.197293626425505, 31.740501037006734], [35.197293626425505, 31.740500155056687], [35.19729487713521, 31.740500155056687], [35.19729572761781, 31.740505945250476], [35.197295677589416, 31.740513384307395], [35.19729507724876, 31.74051514820749], [35.1972932261984, 31.740516912107584], [35.19729257582936, 31.740518944427258], [35.19729292602807, 31.740519366229456], [35.19729662812879, 31.74051978803165], [35.197292825971296, 31.740519596303383], [35.197291525233204, 31.74051833089679], [35.19728367077628, 31.740524312818852], [35.19728161961237, 31.740525079731935], [35.19728141949882, 31.74052565491675], [35.19728252012336, 31.740526230101562], [35.19728101927171, 31.740526345138527], [35.197279518420075, 31.740528070692967], [35.19728257015174, 31.740529412790863], [35.19728257015174, 31.74052991128437], [35.19727886805103, 31.74052818572993], [35.19727906816458, 31.740527227088574], [35.197280819158166, 31.740525769953713], [35.19728056901622, 31.74052530980586], [35.197275165950316, 31.740525233114553], [35.19727556617742, 31.740524581238432], [35.19727501586515, 31.7405242744732], [35.197266661124345, 31.740524351164506], [35.19726631092563, 31.740525233114553], [35.19725780609966, 31.740525156423246], [35.197257405872556, 31.74052600002764], [35.19725905680936, 31.740526421829834], [35.197250902182105, 31.740526575212453], [35.197249701500795, 31.740527265434228], [35.19724955141563, 31.740528224075582], [35.197250451926614, 31.740530218049603], [35.197258556525476, 31.740529029334322], [35.197251002238886, 31.740530409777875], [35.19724980155757, 31.74053017970395], [35.1972492512453, 31.74052872256909], [35.19724995164273, 31.740526575212453], [35.19725670547512, 31.740526191755908], [35.19725705567384, 31.74052546318848], [35.19725190274987, 31.740525003040627], [35.19724835073431, 31.740526230101562], [35.19724760030849, 31.740528032347314], [35.19724940133047, 31.740535509749886], [35.1972526031473, 31.74054087814148], [35.19725405397055, 31.740541223252368], [35.197256555389956, 31.740540302956667], [35.19725685556028, 31.74053781048914], [35.19725625521963, 31.740537503723907], [35.19725275323246, 31.740538117254374], [35.19725210286342, 31.74053596989774], [35.19725280326085, 31.740537580415214], [35.197253703771835, 31.740537772143487], [35.1972568055319, 31.740537081921712], [35.197256905588674, 31.74053416765199], [35.19726981291279, 31.740534205997644], [35.197257205759, 31.740534666145493], [35.19725750592933, 31.7405370052304], [35.19726551047142, 31.740535586441194], [35.197262508768134, 31.740536430045587], [35.19726270888169, 31.740537503723907], [35.197261708313924, 31.74053907589573], [35.197257205759, 31.74054041799363], [35.197257205759, 31.74054724352008], [35.197258106269985, 31.74054820216144], [35.197256655446736, 31.740548125470127], [35.1972568055319, 31.740547166828772], [35.19725425408411, 31.74054348564597], [35.19725355368667, 31.740543025498116], [35.197252903317626, 31.74054333226335], [35.197256055106074, 31.740548125470127], [35.19725565487897, 31.74054820216144]]]}, "properties": {"pl_number": "101-0666594", "easement_id": "101-0666594_E51", "source": "raster_v3_saturation", "size_meters": [4.8, 5.3], "aspect": 1.72, "plan_name_he": "בנין מגורים חדש בן 5 קומות, בית צפאפא, ירושלים ירושלים זיהוי וסיווג תכנית עדכון אחרון לא נערך סה\"כ שטח בדונם 1.762 סוג תכנית מתאר מקומית סוג איחוד וחלוקה ללא איחוד וחלוקה סמכות מחוזית היתרים או הרשאות", "minahak": "בית צפאפא", "mavat_url": "https://mavat.iplan.gov.il/SV4/1/1000952773/310", "taba": 666594, "status_mavat": "אישור", "layer_type": "approved", "easement_type": null}}, {"type": "Feature", "geometry": {"type": "Polygon", "coordinates": [[[35.21328092029899, 31.751476130592557], [35.21327949353657, 31.751475853911685], [35.21327867824375, 31.7514721187199], [35.21327480560289, 31.751467968506798], [35.213274194133284, 31.75146506335763], [35.213272257812854, 31.75146464833632], [35.213271646343244, 31.751462019868026], [35.21326726414438, 31.75145994476148], [35.21326665267477, 31.751457454633616], [35.21326461444274, 31.75145731629318], [35.21326400297313, 31.75145537952707], [35.213259213127856, 31.751453027739647], [35.21325258887376, 31.751446525739127], [35.21324810476329, 31.751444865653887], [35.21324698373567, 31.75144182216428], [35.21324504741524, 31.75144154548341], [35.21324443594563, 31.75143905535555], [35.21324035948157, 31.751436011865945], [35.213240053746766, 31.751433521738086], [35.21323791360313, 31.751431999993283], [35.21323791360313, 31.751429924886732], [35.2132358753711, 31.751428679822805], [35.2132357734595, 31.751426328035382], [35.21322996449821, 31.751418165949623], [35.21322986258661, 31.751415952502636], [35.21322792626618, 31.751414845779145], [35.213227824354576, 31.75141207897041], [35.213225888034145, 31.75141097224692], [35.213225888034145, 31.75140765207644], [35.213242601536805, 31.75143615020638], [35.213249939172115, 31.751443897270832], [35.21327174825485, 31.751461328165842], [35.21328092029899, 31.751476130592557]]]}, "properties": {"pl_number": "101-0673897", "easement_id": "101-0673897_E174", "source": "raster_v3_saturation", "size_meters": [5.2, 7.6], "aspect": 11.51, "plan_name_he": "פייר קניג 36 שינוי ייעוד והגדלת זכויות בניה ירושלים זיהוי וסיווג תכנית עדכון אחרון לא נערך סה\"כ שטח בדונם 9.763 סוג תכנית מפורטת סוג איחוד וחלוקה ללא איחוד וחלוקה סמכות מחוזית היתרים או הרשאות תכנית ש", "minahak": "א.ת. תלפיות", "mavat_url": "https://mavat.iplan.gov.il/SV4/1/1000956975/310", "taba": 673897, "status_mavat": "אישור", "layer_type": "approved", "easement_type": "לרכב והולכי רגל"}}, {"type": "Feature", "geometry": {"type": "Polygon", "coordinates": [[[35.21325839783505, 31.751529806681962], [35.21324963343731, 31.751521506255763], [35.21324168433239, 31.751533265192876], [35.21324443594563, 31.751537830427285], [35.21324035948157, 31.751535478639862], [35.2132357734595, 31.751541012257324], [35.21323974801196, 31.751533818554623], [35.21323220655344, 31.75152371970275], [35.21322762053138, 31.751513205829568], [35.213225888034145, 31.751512237446512], [35.213225888034145, 31.751506980509923], [35.21322772244297, 31.751508363914287], [35.21323179890704, 31.751503245318133], [35.213238728895945, 31.751516941021357], [35.21324504741524, 31.751525656468864], [35.2132489200561, 31.751519846170524], [35.21323791360313, 31.751502138594642], [35.21322996449821, 31.751480695826967], [35.21322833391258, 31.75148014246522], [35.213227518619775, 31.7514834626357], [35.213225888034145, 31.751475853911685], [35.21322741670817, 31.751476407273433], [35.213228130089384, 31.751474608847758], [35.213225888034145, 31.751466585102435], [35.213229454940205, 31.75147571557125], [35.213236792575515, 31.751469075230293], [35.21322996449821, 31.751477237316053], [35.21323312375786, 31.751486921146615], [35.21324841049809, 31.75147128867728], [35.21324178624399, 31.75147972744391], [35.213243213006415, 31.75148429267832], [35.213235569636296, 31.751494668211063], [35.21324331491802, 31.75151099238258], [35.21325839783505, 31.751529806681962]]]}, "properties": {"pl_number": "101-0673897", "easement_id": "101-0673897_E182", "source": "raster_v3_saturation", "size_meters": [3.1, 8.3], "aspect": 1.93, "plan_name_he": "פייר קניג 36 שינוי ייעוד והגדלת זכויות בניה ירושלים זיהוי וסיווג תכנית עדכון אחרון לא נערך סה\"כ שטח בדונם 9.763 סוג תכנית מפורטת סוג איחוד וחלוקה ללא איחוד וחלוקה סמכות מחוזית היתרים או הרשאות תכנית ש", "minahak": "א.ת. תלפיות", "mavat_url": "https://mavat.iplan.gov.il/SV4/1/1000956975/310", "taba": 673897, "status_mavat": "אישור", "layer_type": "approved", "easement_type": "לרכב והולכי רגל"}}, {"type": "Feature", "geometry": {"type": "Polygon", "coordinates": [[[35.2125862706795, 31.751100899545012], [35.21259007640218, 31.751123301127937], [35.21263031743519, 31.751311890534385], [35.21264253168525, 31.751369131642488], [35.212670072775715, 31.751543871317864], [35.21270577305183, 31.75172533821255], [35.212709880548275, 31.751746242707586], [35.21275390077905, 31.75192863272879], [35.212922701019515, 31.751882713135732], [35.21294338907463, 31.751868049049452], [35.21302012851061, 31.751846329600905], [35.21302970820115, 31.751840934323877], [35.213036638190054, 31.75183429398292], [35.21304417964857, 31.751822673386247], [35.21304835802424, 31.751811744491754], [35.21305090581428, 31.751798878831153], [35.21305100772587, 31.75178379972356], [35.21301462528412, 31.75143504348289], [35.213005249416774, 31.751366841647645], [35.21299159326217, 31.751298363131525], [35.212759744368626, 31.751258936107096], [35.21274680159523, 31.751118935585254], [35.212623386645745, 31.751097492817582], [35.212582434064906, 31.751078317605366], [35.2125862706795, 31.751100899545012]]]}, "properties": {"pl_number": "101-0673897", "easement_id": "101-0673897_E192", "source": "raster_v3_saturation", "size_meters": [46.8, 98.3], "aspect": 1.61, "plan_name_he": "פייר קניג 36 שינוי ייעוד והגדלת זכויות בניה ירושלים זיהוי וסיווג תכנית עדכון אחרון לא נערך סה\"כ שטח בדונם 9.763 סוג תכנית מפורטת סוג איחוד וחלוקה ללא איחוד וחלוקה סמכות מחוזית היתרים או הרשאות תכנית ש", "minahak": "א.ת. תלפיות", "mavat_url": "https://mavat.iplan.gov.il/SV4/1/1000956975/310", "taba": 673897, "status_mavat": "אישור", "layer_type": "approved", "easement_type": "לרכב והולכי רגל", "was_clipped": true, "size_meters_clipped": [44.2, 94.4]}}, {"type": "Feature", "geometry": {"type": "Polygon", "coordinates": [[[35.22457134896467, 31.763357331919785], [35.22475459046397, 31.763200140042766], [35.22476130029421, 31.763183504470042], [35.224774719822, 31.763149661011028], [35.224774655690034, 31.76285713159024], [35.22457127812677, 31.763030960710285], [35.22457134896467, 31.763357331919785]]]}, "properties": {"size_meters": [19.3, 55.5], "source": "hatching_(0.87, 1.0, 0.5)_0.43", "vertex_count": 7, "pl_number": "101-0682849", "easement_id": "101-0682849_E1", "plan_name_he": "מתחם התחנה ירושלים - בינוי ופיתוח מתחמים א3 ו-א4 ירושלים זיהוי וסיווג תכנית עדכון אחרון לא נערך סה\"כ שטח בדונם 30.14 סוג תכנית מתאר מקומית סוג איחוד וחלוקה ללא איחוד וחלוקה סמכות מחוזית היתרים או הרשא", "minahak": "בקעה רבתי", "mavat_url": "https://mavat.iplan.gov.il/SV4/1/1000961805/310", "taba": 682849, "status_mavat": "אישור", "layer_type": "approved", "easement_type": "לרכב והולכי רגל"}}, {"type": "Feature", "geometry": {"type": "Polygon", "coordinates": [[[35.19683955744593, 31.74596817243969], [35.19687861114758, 31.746080480738232], [35.19688612664043, 31.746101818200632], [35.19688827393418, 31.74610789822524], [35.19689082434789, 31.74610893075215], [35.19689807323637, 31.746107554643512], [35.19699955769584, 31.746087026518104], [35.197017679841196, 31.7460833566781], [35.197081040485315, 31.746070512311213], [35.19714440111197, 31.746057667815535], [35.19718816288368, 31.746048722575487], [35.197173938087715, 31.74599308496376], [35.197153271978884, 31.745912324420193], [35.197151661611834, 31.745906129678573], [35.19714924557088, 31.745903146968004], [35.197141996750005, 31.745904637842763], [35.19713649296585, 31.745905784755596], [35.19712387452163, 31.745908422452302], [35.197053399409235, 31.745923216628057], [35.1968889572415, 31.74595773625218], [35.19683955744593, 31.74596817243969]]]}, "properties": {"size_meters": [33.0, 22.8], "source": "hatching_(0.659, 0.0, 0.0)_2.02", "vertex_count": 21, "pl_number": "101-0693432", "easement_id": "101-0693432_E1", "plan_name_he": "הקמת מבנה חדש בן 5 קומות בשכונת בית צפפה ירושלים ירושלים זיהוי וסיווג תכנית עדכון אחרון לא נערך סה\"כ שטח בדונם 0.844 סוג תכנית מפורטת סוג איחוד וחלוקה ללא איחוד וחלוקה סמכות מחוזית היתרים או הרשאות תכ", "minahak": "בית צפאפא", "mavat_url": "https://mavat.iplan.gov.il/SV4/1/1000968065/310", "taba": 693432, "status_mavat": "תבע מאושרת", "layer_type": "approved", "easement_type": null}}, {"type": "Feature", "geometry": {"type": "Polygon", "coordinates": [[[35.1881710749241, 31.74947212117635], [35.18818202065266, 31.74946621891996], [35.18818777179817, 31.749451041689245], [35.188195563672735, 31.74944787976618], [35.18820595283883, 31.74943586445853], [35.18820688044294, 31.7494295406124], [35.18821151846352, 31.74942342756114], [35.18820910669282, 31.74940867192017], [35.188217826171496, 31.749395391843294], [35.188210219817755, 31.74940909350991], [35.18821244606763, 31.74942321676627], [35.18821485783833, 31.74942532471498], [35.18822005242137, 31.749424903125238], [35.18823619273297, 31.749408039535556], [35.188240088670256, 31.749400029330456], [35.188234523045566, 31.749395391843294], [35.18824120179519, 31.74939834297149], [35.18824639637824, 31.749395602638163], [35.18821689856738, 31.749432280945722], [35.18821597096327, 31.749438183202113], [35.1882226497129, 31.74944387466363], [35.18821467231751, 31.74943944797134], [35.18820892117199, 31.749444507048242], [35.18820428315142, 31.749459262689218], [35.18820855013035, 31.74946600812509], [35.18821096190105, 31.749479709791707], [35.188207622526235, 31.74947443991993], [35.188207622526235, 31.749467062099445], [35.188204654193065, 31.74946411097125], [35.18819074013134, 31.7494681160738], [35.18818257721513, 31.749467272894314], [35.18817812471538, 31.749471488791738], [35.1881710749241, 31.74947212117635]]]}, "properties": {"pl_number": "101-0696104", "easement_id": "101-0696104_E12", "source": "raster_v3_saturation", "size_meters": [7.1, 9.4], "aspect": 2.65, "plan_name_he": "הקמת 2 מגדלים לתעשיות עתירות ידע על מסד מסחרי, מתחם גט\"י ירושלים זיהוי וסיווג תכנית עדכון אחרון 20/10/2025 סה\"כ שטח בדונם 58.988 סוג תכנית מתאר מקומית סוג איחוד וחלוקה ללא איחוד וחלוקה סמכות מחוזית הי", "minahak": "מינהל מוסדי מלחה", "mavat_url": "https://mavat.iplan.gov.il/SV4/1/1000969723/310", "taba": 696104, "status_mavat": "אישור", "layer_type": "approved", "easement_type": null}}, {"type": "Feature", "geometry": {"type": "Polygon", "coordinates": [[[35.1880041061834, 31.749773347047054], [35.187999282642004, 31.749765547636827], [35.18799056316332, 31.749738776688204], [35.1879807305597, 31.749728026149782], [35.187972382122666, 31.749726339790815], [35.18796922826868, 31.74972950171388], [35.18796755858127, 31.749736879534368], [35.18797330972678, 31.74973940907282], [35.187976463580775, 31.749736457944625], [35.1879807305597, 31.749738355098465], [35.18798685274686, 31.749746997688177], [35.18798388441369, 31.74974952722663], [35.18798035951806, 31.749744468149725], [35.18797460837254, 31.749745311329207], [35.18797312420596, 31.749755429483017], [35.187972382122666, 31.74974151702153], [35.18796848618538, 31.749740673842044], [35.18796625993551, 31.749745100534337], [35.18796663097715, 31.749734560790785], [35.1879718255602, 31.749722756278008], [35.18796830066456, 31.74971537845752], [35.18796607441468, 31.749700412021678], [35.18797126899773, 31.749691980226835], [35.18797813326818, 31.749693455790933], [35.1879807305597, 31.749703152355], [35.187976092539124, 31.74969282340632], [35.187969413789496, 31.749695352944773], [35.1879670020188, 31.749702519970388], [35.18797015587279, 31.74971706481649], [35.18797479389337, 31.749724653431848], [35.18798128712217, 31.749724864226717], [35.18799111972579, 31.74973751191898], [35.1880041061834, 31.749773347047054]]]}, "properties": {"pl_number": "101-0696104", "easement_id": "101-0696104_E44", "source": "raster_v3_saturation", "size_meters": [3.6, 9.0], "aspect": 2.86, "plan_name_he": "הקמת 2 מגדלים לתעשיות עתירות ידע על מסד מסחרי, מתחם גט\"י ירושלים זיהוי וסיווג תכנית עדכון אחרון 20/10/2025 סה\"כ שטח בדונם 58.988 סוג תכנית מתאר מקומית סוג איחוד וחלוקה ללא איחוד וחלוקה סמכות מחוזית הי", "minahak": "מינהל מוסדי מלחה", "mavat_url": "https://mavat.iplan.gov.il/SV4/1/1000969723/310", "taba": 696104, "status_mavat": "אישור", "layer_type": "approved", "easement_type": null}}, {"type": "Feature", "geometry": {"type": "Polygon", "coordinates": [[[35.18794640920745, 31.74985998373905], [35.18795178931131, 31.749824359405846], [35.187959210144236, 31.74980327991874], [35.187954201082015, 31.74980306912387], [35.18795345899872, 31.74980728502129], [35.18794585264498, 31.74981508443152], [35.187945667124154, 31.749834688354525], [35.18794381191592, 31.749822040662263], [35.187945110561685, 31.74981255489307], [35.187951232748844, 31.74980327991874], [35.1879621784774, 31.74979927481619], [35.18796292056069, 31.749795480508514], [35.18796050878999, 31.749793372559804], [35.18794937754061, 31.74979653448287], [35.1879645902481, 31.74979063222648], [35.18796755858127, 31.749779670893187], [35.18796718753962, 31.749773557841927], [35.187959210144236, 31.749765547636827], [35.18795512868613, 31.749753110739437], [35.187954201082015, 31.749737933508722], [35.187958282540116, 31.749720859124167], [35.18795661285271, 31.749698514867838], [35.18796514681057, 31.74968291604738], [35.1879710834769, 31.749678910944834], [35.18797887535147, 31.749678278560218], [35.18798481201781, 31.749681440483286], [35.1879903776425, 31.749689029098644], [35.18801152701632, 31.749746576098435], [35.18798740930933, 31.74968607797045], [35.187978504309825, 31.749679543329446], [35.18796848618538, 31.749681440483286], [35.18796199295658, 31.74968881830377], [35.187957354936, 31.74970083361142], [35.187959210144236, 31.74972149150878], [35.18795512868613, 31.749744046559982], [35.187959395665054, 31.749763439688117], [35.18796366264399, 31.749768920354764], [35.18796830066456, 31.74976849876502], [35.18796867170621, 31.74978009248293], [35.18796514681057, 31.74979463732903], [35.18795345899872, 31.749822673046875], [35.187953644519546, 31.74983173722633], [35.18796087983164, 31.749828575303265], [35.18796143639411, 31.749822462252006], [35.18797943191394, 31.74978093566241], [35.18797219660184, 31.749799485611064], [35.187976092539124, 31.749803701508483], [35.187970526914434, 31.74980939297], [35.18796199295658, 31.74982941848275], [35.187964775768926, 31.749834055969913], [35.18795308795708, 31.749834055969913], [35.18795141826967, 31.749845438892947], [35.1879621784774, 31.749847336046788], [35.187973495247604, 31.749844174123723], [35.18799130524661, 31.749816559995615], [35.18799408805896, 31.74981550602126], [35.187978318789, 31.749840590610916], [35.187965332331395, 31.749853659892917], [35.18796625993551, 31.749859140559565], [35.18796069431082, 31.74985998373905], [35.18796050878999, 31.74984986558524], [35.18795234587378, 31.74984775763653], [35.18794900649897, 31.749853238303178], [35.18794993410308, 31.749859772944177], [35.18794640920745, 31.74985998373905]]]}, "properties": {"pl_number": "101-0696104", "easement_id": "101-0696104_E57", "source": "raster_v3_saturation", "size_meters": [6.4, 20.2], "aspect": 2.73, "plan_name_he": "הקמת 2 מגדלים לתעשיות עתירות ידע על מסד מסחרי, מתחם גט\"י ירושלים זיהוי וסיווג תכנית עדכון אחרון 20/10/2025 סה\"כ שטח בדונם 58.988 סוג תכנית מתאר מקומית סוג איחוד וחלוקה ללא איחוד וחלוקה סמכות מחוזית הי", "minahak": "מינהל מוסדי מלחה", "mavat_url": "https://mavat.iplan.gov.il/SV4/1/1000969723/310", "taba": 696104, "status_mavat": "אישור", "layer_type": "approved", "easement_type": null}}, {"type": "Feature", "geometry": {"type": "Polygon", "coordinates": [[[35.20042023938742, 31.754617657912227], [35.200838932725375, 31.75464085331738], [35.20083356155455, 31.754636377231776], [35.20082953320416, 31.754633048861173], [35.20078669827592, 31.75459769922206], [35.20072640724096, 31.7545480031081], [35.20069820875787, 31.75452481921362], [35.20069283762442, 31.754520457897073], [35.20068773494186, 31.7545187362202], [35.20064355639162, 31.754506340024427], [35.200544456836695, 31.75447867805668], [35.200514377860436, 31.754470299124904], [35.200489535852505, 31.754463412300677], [35.20048241893717, 31.75446146102809], [35.2004797331989, 31.75446352675117], [35.200477315861086, 31.754469609391112], [35.20047556999283, 31.754474085249225], [35.20042829725908, 31.75459642613664], [35.20042252245499, 31.75461157529365], [35.20042023938742, 31.754617657912227]]]}, "properties": {"size_meters": [39.7, 19.9], "source": "hatching_(0.659, 0.0, 0.0)_2.02", "vertex_count": 20, "pl_number": "101-0740555", "easement_id": "101-0740555_E1", "plan_name_he": "תוספת קומה ויח\"ד ברח' קנאי הגליל 9. ירושלים. ירושלים זיהוי וסיווג תכנית עדכון אחרון לא נערך סה\"כ שטח בדונם 1.185 סוג תכנית מתאר מקומית סוג איחוד וחלוקה ללא איחוד וחלוקה סמכות מחוזית היתרים או הרשאות ת", "minahak": "גוננים", "mavat_url": "https://mavat.iplan.gov.il/SV4/1/1000997885/310", "taba": 740555, "status_mavat": "אישור", "layer_type": "approved", "easement_type": "לא ברור"}}, {"type": "Feature", "geometry": {"type": "Polygon", "coordinates": [[[35.2158455789646, 31.74642158819827], [35.215895514488295, 31.746421583698417], [35.21612181681133, 31.74627588031353], [35.21634730086049, 31.74603565493245], [35.216339514367476, 31.74602877294736], [35.21630515027146, 31.74602877616584], [35.216066229937134, 31.746168286614378], [35.2158455789646, 31.74642158819827]]]}, "properties": {"size_meters": [47.5, 43.6], "source": "hatching_(0.87, 1.0, 0.5)_0.43", "vertex_count": 8, "pl_number": "101-0771600", "easement_id": "101-0771600_E1", "plan_name_he": "מתחם דרך חברון 148, 150, 160 ודרך בית לחם 127, 131, 133, 135, 137 ירושלים זיהוי וסיווג תכנית עדכון אחרון 14/10/2024 סה\"כ שטח בדונם 19.96 סוג תכנית מתאר מקומית סוג איחוד וחלוקה איחוד ו/או חלוקה ללא הסכ", "minahak": "בקעה רבתי", "mavat_url": "https://mavat.iplan.gov.il/SV4/1/1001017747/310", "taba": 771600, "status_mavat": "תבע מאושרת", "layer_type": "approved", "easement_type": "לרכב והולכי רגל"}}, {"type": "Feature", "geometry": {"type": "Polygon", "coordinates": [[[35.221568210317045, 31.75971126866742], [35.2215778836126, 31.759708398158672], [35.2216007233097, 31.75970150903903], [35.2216051568923, 31.759700131213307], [35.22160878436763, 31.759698983046334], [35.22165781548357, 31.759646183329686], [35.22165351623644, 31.759647446364102], [35.22163336359792, 31.759653646552714], [35.22159829800073, 31.759664439436087], [35.221594670526635, 31.759665587602772], [35.221568210317045, 31.75971126866742]]]}, "properties": {"size_meters": [8.5, 7.2], "source": "hatching_(1.0, 0.0, 0.0)_2.02", "vertex_count": 11, "pl_number": "101-0824136", "easement_id": "101-0824136_E1", "plan_name_he": "הרחבת דירות מגורים בבית ברחוב גדעון 2 ירושלים זיהוי וסיווג תכנית עדכון אחרון לא נערך סה\"כ שטח בדונם 1.021 סוג תכנית מתאר מקומית סוג איחוד וחלוקה ללא איחוד וחלוקה סמכות מחוזית היתרים או הרשאות תכנית שמ", "minahak": "בקעה רבתי", "mavat_url": "https://mavat.iplan.gov.il/SV4/1/1005049186/310", "taba": 824136, "status_mavat": "אישור", "layer_type": "approved", "easement_type": "לא ברור"}}, {"type": "Feature", "geometry": {"type": "Polygon", "coordinates": [[[35.22173601267099, 31.7596489271345], [35.221742196113354, 31.75966476421627], [35.221743674715384, 31.759668207044932], [35.221814496920445, 31.759749452799422], [35.22182363040967, 31.759733843175983], [35.22181906013046, 31.75972271133506], [35.22180884438911, 31.759698841096114], [35.22180709707712, 31.759695398304935], [35.22173601267099, 31.7596489271345]]]}, "properties": {"size_meters": [8.3, 11.1], "source": "hatching_(1.0, 0.0, 0.0)_2.02", "vertex_count": 9, "pl_number": "101-0824136", "easement_id": "101-0824136_E2", "plan_name_he": "הרחבת דירות מגורים בבית ברחוב גדעון 2 ירושלים זיהוי וסיווג תכנית עדכון אחרון לא נערך סה\"כ שטח בדונם 1.021 סוג תכנית מתאר מקומית סוג איחוד וחלוקה ללא איחוד וחלוקה סמכות מחוזית היתרים או הרשאות תכנית שמ", "minahak": "בקעה רבתי", "mavat_url": "https://mavat.iplan.gov.il/SV4/1/1005049186/310", "taba": 824136, "status_mavat": "אישור", "layer_type": "approved", "easement_type": "לא ברור"}}, {"type": "Feature", "geometry": {"type": "Polygon", "coordinates": [[[35.22159859855824, 31.759836475977536], [35.22160074926624, 31.75984175499478], [35.22160599161991, 31.759854493504708], [35.221609484754495, 31.759853460082216], [35.22161741149289, 31.759851048906473], [35.22162789088863, 31.75984783398441], [35.22167007715042, 31.75983485954907], [35.22167988330861, 31.75982384055158], [35.22159859855824, 31.759836475977536]]]}, "properties": {"size_meters": [7.7, 3.4], "source": "hatching_(1.0, 0.0, 0.0)_2.02", "vertex_count": 9, "pl_number": "101-0824136", "easement_id": "101-0824136_E3", "plan_name_he": "הרחבת דירות מגורים בבית ברחוב גדעון 2 ירושלים זיהוי וסיווג תכנית עדכון אחרון לא נערך סה\"כ שטח בדונם 1.021 סוג תכנית מתאר מקומית סוג איחוד וחלוקה ללא איחוד וחלוקה סמכות מחוזית היתרים או הרשאות תכנית שמ", "minahak": "בקעה רבתי", "mavat_url": "https://mavat.iplan.gov.il/SV4/1/1005049186/310", "taba": 824136, "status_mavat": "אישור", "layer_type": "approved", "easement_type": "לא ברור"}}, {"type": "Feature", "geometry": {"type": "Polygon", "coordinates": [[[35.221894670700635, 31.776976203652765], [35.221897626736926, 31.77697616261147], [35.221894618840345, 31.77697127869716], [35.221894670700635, 31.77696926767362], [35.22189555232549, 31.776971073490675], [35.22190644298552, 31.776969596003994], [35.22190701344867, 31.77696906246714], [35.22190613182381, 31.776965081461356], [35.22190265718466, 31.77696565603951], [35.22190224230237, 31.776967215608785], [35.2218977304575, 31.776967667063047], [35.22189710813407, 31.776965984369884], [35.22189830092064, 31.776967584980454], [35.22190229416265, 31.776966764154523], [35.22190198300094, 31.7769657791634], [35.221899389986646, 31.7769657791634], [35.221897886038356, 31.776965081461356], [35.22189804161921, 31.77696315252041], [35.2218980934795, 31.776964876254873], [35.221899649288076, 31.776965573956915], [35.221906079963524, 31.77696467104839], [35.22190467973581, 31.776959746092782], [35.22189923440579, 31.77696142878595], [35.22189534488435, 31.776961387744652], [35.221894618840345, 31.77696536875043], [35.221894670700635, 31.77695978713408], [35.22189575976664, 31.776953302609197], [35.221894618840345, 31.776952933237528], [35.22189586348721, 31.776952728031045], [35.22189607092835, 31.776949732016384], [35.221894670700635, 31.776949855140273], [35.221898871383786, 31.776943329574095], [35.221898404641216, 31.776942713954647], [35.221894618840345, 31.776941646880932], [35.22189907882493, 31.77694279603724], [35.22190514647838, 31.77693540860383], [35.2219076357721, 31.776933233415104], [35.22191266621983, 31.776926092229473], [35.22190976204382, 31.776925107238352], [35.22191194017582, 31.77692239851277], [35.2219069097281, 31.77691636544215], [35.22190426485352, 31.77691525732714], [35.22190130881722, 31.776915708781406], [35.221894618840345, 31.776914970038064], [35.22190348694923, 31.776915298368436], [35.22190120509665, 31.776913738799163], [35.22190701344867, 31.776915996070482], [35.221907065308955, 31.77690651553094], [35.221907532051524, 31.77691242547767], [35.22191297738154, 31.776912712766745], [35.221907791352955, 31.776912835890634], [35.22190748019124, 31.776915790864], [35.2219134959844, 31.776924040164637], [35.2219142220284, 31.776924245371124], [35.22191992665985, 31.77691903312644], [35.22192111944642, 31.776918827919957], [35.22192355687986, 31.776916611689934], [35.221923193857855, 31.77691603711178], [35.221923971762145, 31.77691624231826], [35.22192537198986, 31.77691501107936], [35.221925008967865, 31.776914436501208], [35.221926253614726, 31.776913246303604], [35.221925942453005, 31.77691250756026], [35.22192682407787, 31.776912794849338], [35.221927965004156, 31.77691189194081], [35.22192614989415, 31.776910455495425], [35.221925216409005, 31.7769107427845], [35.221925994313295, 31.77691004508246], [35.221927498261586, 31.776911071114878], [35.22192884662901, 31.776910332371536], [35.221929728253876, 31.776910701743205], [35.2219329435916, 31.77690889592615], [35.22193273615046, 31.776908239265403], [35.221933877076744, 31.776908485513182], [35.22194103379619, 31.776904504507403], [35.22193631451018, 31.776897978941225], [35.221940618913905, 31.77690364264017], [35.22194155239905, 31.776904094094434], [35.221945130758776, 31.77690187786441], [35.22194554564106, 31.776900113088654], [35.22194300448705, 31.776901098079772], [35.22194331564877, 31.776902165153487], [35.221942382163625, 31.776901098079772], [35.22194580494249, 31.77689966163439], [35.22194580494249, 31.776897978941225], [35.221946375405636, 31.776901385368852], [35.22194855353764, 31.776900195171248], [35.2219468940085, 31.776897978941225], [35.22194777563335, 31.776898471436784], [35.22194839795679, 31.776897978941225], [35.22195010934622, 31.77689974371698], [35.221953791426515, 31.77689801998252], [35.221955295374805, 31.776897978941225], [35.22195415444852, 31.77689904601494], [35.221956747462805, 31.776902575566456], [35.22195871815367, 31.77690364264017], [35.221956540021665, 31.776902739731643], [35.22195337654423, 31.776899087056236], [35.221950057485934, 31.776900728708103], [35.22195067980936, 31.77690253452516], [35.22194985004479, 31.776901672657928], [35.22194896841993, 31.776901795781818], [35.22194481959706, 31.77690466867259], [35.2219432119282, 31.776906310324456], [35.22194373053106, 31.77690762364595], [35.22194196728134, 31.776905694705007], [35.22193776659818, 31.776908075100216], [35.22193849264219, 31.776909224256524], [35.22194300448705, 31.77690877280226], [35.22194767191278, 31.77691053757802], [35.22194642726592, 31.77691041445413], [35.22194507889849, 31.776911686734326], [35.22194596052335, 31.776910332371536], [35.22194471587649, 31.776909593628194], [35.221943108207626, 31.776909429463007], [35.221942589604765, 31.77691016820635], [35.22194233030334, 31.77690938842171], [35.221939841009615, 31.776909593628194], [35.22193652195132, 31.776912097147296], [35.22193595148818, 31.776914805872877], [35.2219329435916, 31.776914805872877], [35.221930246856736, 31.776916447524748], [35.22193252870931, 31.776914436501208], [35.22193574404704, 31.776914108170832], [35.221936418230754, 31.776911194238767], [35.221937351715894, 31.77690992195857], [35.221936158929324, 31.77690881384356], [35.22192957267302, 31.776912466518965], [35.22192355687986, 31.77691767876365], [35.22192801686444, 31.77692440953631], [35.22193050615817, 31.776924450577607], [35.22193455126046, 31.776923588710375], [35.22193506986332, 31.776919320415516], [35.221935121723604, 31.77692342454519], [35.22193854450247, 31.776925845981694], [35.22194269332534, 31.776924368495013], [35.22194404169277, 31.77692305517352], [35.22194274518563, 31.776924614742793], [35.22193947798762, 31.7769257638991], [35.22193978914933, 31.776926584725036], [35.22194331564877, 31.77692514827965], [35.22194554564106, 31.776923383503892], [35.221946116104206, 31.77692063373701], [35.221945856802776, 31.77692350662778], [35.221943367509056, 31.77692539452743], [35.22194004845076, 31.776926830972815], [35.2219424858842, 31.77692892407895], [35.22193942612733, 31.776927323468374], [35.22193647009104, 31.7769308119786], [35.221939374267045, 31.776926954096705], [35.22193906310533, 31.77692642055985], [35.2219347587016, 31.776923793916858], [35.22193133592274, 31.776924614742793], [35.221927705702726, 31.776924614742793], [35.22192516454872, 31.776920182282748], [35.221923245718145, 31.776918294383098], [35.221922675255, 31.776918335424394], [35.22191738550584, 31.77692190601721], [35.22191339226383, 31.776925928064287], [35.221919459917274, 31.776930483648222], [35.22192117130671, 31.776931222391564], [35.22192309013729, 31.776931058226378], [35.22192687593815, 31.77693315133251], [35.22192786128358, 31.776935244438643], [35.221919978520134, 31.77693101718508], [35.22191769666755, 31.7769332744564], [35.22191764480727, 31.77693417736493], [35.22191707434413, 31.776933561745476], [35.22191940805699, 31.7769307709373], [35.221913029241826, 31.77692629743596], [35.22190514647838, 31.776937501709963], [35.22190390183152, 31.77693754275126], [35.221902086721514, 31.776939471692206], [35.22190276090523, 31.776940620848514], [35.22190172369951, 31.776940333559434], [35.22190021975122, 31.776942549789457], [35.22190058277322, 31.776944683936886], [35.22190467973581, 31.77694616142357], [35.221907583911815, 31.776946325588757], [35.22190867297782, 31.776948377653593], [35.22190789507353, 31.77694878806656], [35.2219069097281, 31.776948090364513], [35.22190525019895, 31.77694841869489], [35.22190421299323, 31.776949239520825], [35.22190167183923, 31.776948747025262], [35.221896641391496, 31.776949732016384], [35.22189570790635, 31.776961100455573], [35.221899389986646, 31.77696114149687], [35.22190436857409, 31.776959458803706], [35.221904783456374, 31.776957078408497], [35.2219079987941, 31.776955559880516], [35.22190789507353, 31.776954123435132], [35.22190862111753, 31.776955559880516], [35.22191162901411, 31.776955600921813], [35.221914533190116, 31.776956832160714], [35.221915570395836, 31.776957858193132], [35.221915311094406, 31.776958843184254], [35.22191640016041, 31.776962085446694], [35.22191857829242, 31.776962085446694], [35.221920497122994, 31.776963809181158], [35.221919459917274, 31.776963809181158], [35.221918007829274, 31.776962290653177], [35.22191665946184, 31.77696253690096], [35.22191634830013, 31.776963193561706], [35.22191022878639, 31.77696413751153], [35.2219160889987, 31.77696266002485], [35.22191536295469, 31.776959130473333], [35.22191365156526, 31.776958720060364], [35.22191499993269, 31.776958555895177], [35.22191510365326, 31.776957570904056], [35.22191142157297, 31.776955847169596], [35.22190841367639, 31.776955847169596], [35.22190592438267, 31.776956462789045], [35.221905094618094, 31.77695716049109], [35.22190488717695, 31.77695900734944], [35.221906546706094, 31.776959089432037], [35.22190514647838, 31.77695986921667], [35.221907532051524, 31.776969554962697], [35.221909087860105, 31.77697017058215], [35.22191271808011, 31.776969308714918], [35.2219168150427, 31.776969103508435], [35.2219193561967, 31.77696840580639], [35.221920185961274, 31.77696762602175], [35.22192366060043, 31.77696692831971], [35.22192039340242, 31.776967831228237], [35.22191961549813, 31.776969103508435], [35.221918941314414, 31.77696877517806], [35.221908569257245, 31.776970457871226], [35.221907791352955, 31.776973864298853], [35.22190768763239, 31.776969842251773], [35.22189570790635, 31.77697127869716], [35.22189648581064, 31.776973618051073], [35.22189933812636, 31.776977763222042], [35.22189798975893, 31.776976737189624], [35.221894670700635, 31.776976203652765]]]}, "properties": {"pl_number": "101-0844969", "easement_id": "101-0844969_E239", "source": "raster_v3_saturation", "size_meters": [6.0, 8.9], "aspect": 2.17, "plan_name_he": "בית גשר לחינוך, תרבות ומורשת ישראל. ירושלים זיהוי וסיווג תכנית עדכון אחרון לא נערך סה\"כ שטח בדונם 1.149 סוג תכנית מתאר מקומית סוג איחוד וחלוקה ללא איחוד וחלוקה סמכות מחוזית היתרים או הרשאות תכנית שמכו", "minahak": "גינות העיר", "mavat_url": "https://mavat.iplan.gov.il/SV4/1/1005061610/310", "taba": 844969, "status_mavat": "אישור", "layer_type": "approved", "easement_type": null}}, {"type": "Feature", "geometry": {"type": "Polygon", "coordinates": [[[35.215493241487614, 31.754561818387728], [35.2155080084925, 31.75456055524394], [35.215527474092724, 31.75455883288411], [35.215521294630356, 31.754524419555526], [35.21551995127305, 31.75451742218852], [35.215493241487614, 31.754561818387728]]]}, "properties": {"size_meters": [3.2, 4.9], "source": "hatching_(1.0, 0.0, 0.0)_2.02", "vertex_count": 6, "pl_number": "101-0867317", "easement_id": "101-0867317_E1", "plan_name_he": "תוספת מגורים למגדל פרדס, פייר קניג 31, תלפיות, י-ם ירושלים זיהוי וסיווג תכנית עדכון אחרון 27/12/2022 סה\"כ שטח בדונם 4.139 סוג תכנית מתאר מקומית סוג איחוד וחלוקה ללא איחוד וחלוקה סמכות מחוזית היתרים או", "minahak": "א.ת. תלפיות", "mavat_url": "https://mavat.iplan.gov.il/SV4/1/1005073816/310", "taba": 867317, "status_mavat": "אישור", "layer_type": "approved", "easement_type": "לא ברור"}}, {"type": "Feature", "geometry": {"type": "Polygon", "coordinates": [[[35.21451441466078, 31.754272250258936], [35.214515086315075, 31.754276150425387], [35.21453939847599, 31.75440003830537], [35.2145477264099, 31.754442366602703], [35.21454920386522, 31.75444936396935], [35.214542756419796, 31.75441644187169], [35.21451844425011, 31.754292554089897], [35.21451548922096, 31.75427764165101], [35.21451441466078, 31.754272250258936]]]}, "properties": {"size_meters": [3.3, 19.6], "source": "hatching_(1.0, 0.0, 0.0)_2.02", "vertex_count": 9, "pl_number": "101-0867317", "easement_id": "101-0867317_E2", "plan_name_he": "תוספת מגורים למגדל פרדס, פייר קניג 31, תלפיות, י-ם ירושלים זיהוי וסיווג תכנית עדכון אחרון 27/12/2022 סה\"כ שטח בדונם 4.139 סוג תכנית מתאר מקומית סוג איחוד וחלוקה ללא איחוד וחלוקה סמכות מחוזית היתרים או", "minahak": "א.ת. תלפיות", "mavat_url": "https://mavat.iplan.gov.il/SV4/1/1005073816/310", "taba": 867317, "status_mavat": "אישור", "layer_type": "approved", "easement_type": "לא ברור"}}, {"type": "Feature", "geometry": {"type": "Polygon", "coordinates": [[[35.21450675839844, 31.75423370737527], [35.214511862597604, 31.754259632097764], [35.214513608736745, 31.75426823535364], [35.21453897724233, 31.754230607547473], [35.21453253346873, 31.754231181613893], [35.21451320215991, 31.75423301856064], [35.21450675839844, 31.75423370737527]]]}, "properties": {"size_meters": [3.1, 4.2], "source": "hatching_(1.0, 0.0, 0.0)_2.02", "vertex_count": 7, "pl_number": "101-0867317", "easement_id": "101-0867317_E3", "plan_name_he": "תוספת מגורים למגדל פרדס, פייר קניג 31, תלפיות, י-ם ירושלים זיהוי וסיווג תכנית עדכון אחרון 27/12/2022 סה\"כ שטח בדונם 4.139 סוג תכנית מתאר מקומית סוג איחוד וחלוקה ללא איחוד וחלוקה סמכות מחוזית היתרים או", "minahak": "א.ת. תלפיות", "mavat_url": "https://mavat.iplan.gov.il/SV4/1/1005073816/310", "taba": 867317, "status_mavat": "אישור", "layer_type": "approved", "easement_type": "לא ברור"}}, {"type": "Feature", "geometry": {"type": "Polygon", "coordinates": [[[35.20377360433954, 31.764501259130693], [35.20379092442756, 31.764506879941994], [35.203820462611986, 31.76451640075675], [35.20388141862358, 31.764536016095477], [35.204064286983446, 31.764594861741877], [35.20412524315484, 31.76461447686647], [35.204137461275806, 31.764618376939037], [35.204142160544656, 31.764619868140144], [35.20414954514497, 31.764602317889583], [35.204160152145185, 31.76457685280385], [35.2041776066252, 31.76453486977518], [35.20418445410837, 31.76451835193003], [35.204192107302156, 31.76449988401307], [35.20418915341723, 31.764499080991655], [35.20377360433954, 31.764501259130693]]]}, "properties": {"size_meters": [39.6, 13.4], "source": "hatching_(0.659, 0.0, 0.0)_2.02", "vertex_count": 15, "pl_number": "101-0899880", "easement_id": "101-0899880_E1", "plan_name_he": "התחדשות עירונית טשרניחובסקי 52-54-55 ירושלים זיהוי וסיווג תכנית עדכון אחרון 10/09/2024 סה\"כ שטח בדונם 2.777 סוג תכנית מתאר מקומית סוג איחוד וחלוקה איחוד ו/או חלוקה ללא הסכמת כל הבעלים בכל תחום התכנית/", "minahak": "גוננים", "mavat_url": "https://mavat.iplan.gov.il/SV4/1/1005094114/310", "taba": 899880, "status_mavat": "אישור", "layer_type": "approved", "easement_type": "להולכי רגל"}}, {"type": "Feature", "geometry": {"type": "Polygon", "coordinates": [[[35.20360335723163, 31.764445051392315], [35.20361369557245, 31.76444849272021], [35.2036866010799, 31.76447269644762], [35.203705666588974, 31.76447900545528], [35.20375427026985, 31.764495064876368], [35.20375950656917, 31.764496785486006], [35.203766488359584, 31.764498964984604], [35.20365719717262, 31.76446283146636], [35.20363289537533, 31.764454801739586], [35.203608593525345, 31.764446772105398], [35.20360335723163, 31.764445051392315]]]}, "properties": {"size_meters": [15.5, 6.0], "source": "hatching_(0.659, 0.0, 0.0)_2.02", "vertex_count": 11, "pl_number": "101-0899880", "easement_id": "101-0899880_E2", "plan_name_he": "התחדשות עירונית טשרניחובסקי 52-54-55 ירושלים זיהוי וסיווג תכנית עדכון אחרון 10/09/2024 סה\"כ שטח בדונם 2.777 סוג תכנית מתאר מקומית סוג איחוד וחלוקה איחוד ו/או חלוקה ללא הסכמת כל הבעלים בכל תחום התכנית/", "minahak": "גוננים", "mavat_url": "https://mavat.iplan.gov.il/SV4/1/1005094114/310", "taba": 899880, "status_mavat": "אישור", "layer_type": "approved", "easement_type": "להולכי רגל"}}, {"type": "Feature", "geometry": {"type": "Polygon", "coordinates": [[[35.20345982895965, 31.76438838483989], [35.203466407928744, 31.764391482016148], [35.2034778203282, 31.76439675859381], [35.20348278811893, 31.76439893809359], [35.20350104798948, 31.764406853062706], [35.20351272894646, 31.764411785600146], [35.20351783098665, 31.764413850354998], [35.20352964625119, 31.76441855350009], [35.20353635941878, 31.764421191792966], [35.20354830893301, 31.76442578019274], [35.203553410975765, 31.764427730201668], [35.20356025844942, 31.76443025384692], [35.20356536049371, 31.76443208920815], [35.20357730995684, 31.764436333469007], [35.203584291736455, 31.76443874236931], [35.203589393782686, 31.764440462985103], [35.20359637550698, 31.764442757237525], [35.20345982895965, 31.76438838483989]]]}, "properties": {"size_meters": [12.9, 6.0], "source": "hatching_(0.659, 0.0, 0.0)_2.02", "vertex_count": 18, "pl_number": "101-0899880", "easement_id": "101-0899880_E3", "plan_name_he": "התחדשות עירונית טשרניחובסקי 52-54-55 ירושלים זיהוי וסיווג תכנית עדכון אחרון 10/09/2024 סה\"כ שטח בדונם 2.777 סוג תכנית מתאר מקומית סוג איחוד וחלוקה איחוד ו/או חלוקה ללא הסכמת כל הבעלים בכל תחום התכנית/", "minahak": "גוננים", "mavat_url": "https://mavat.iplan.gov.il/SV4/1/1005094114/310", "taba": 899880, "status_mavat": "אישור", "layer_type": "approved", "easement_type": "להולכי רגל"}}, {"type": "Feature", "geometry": {"type": "Polygon", "coordinates": [[[35.20353072205918, 31.7642272306535], [35.20346882657662, 31.764196937727203], [35.20344868669809, 31.76422045271148], [35.20342129649791, 31.764252570653774], [35.20335362640465, 31.764331947825426], [35.20336033957805, 31.764335618536183], [35.20336664993044, 31.76433894510716], [35.20384570517437, 31.764381389889323], [35.20376622356872, 31.76434248995152], [35.203606630750016, 31.764270238639718], [35.20353072205918, 31.7642272306535]]]}, "properties": {"size_meters": [46.6, 20.5], "source": "hatching_(0.659, 0.0, 0.0)_2.02", "vertex_count": 8, "pl_number": "101-0899880", "easement_id": "101-0899880_E4", "plan_name_he": "התחדשות עירונית טשרניחובסקי 52-54-55 ירושלים זיהוי וסיווג תכנית עדכון אחרון 10/09/2024 סה\"כ שטח בדונם 2.777 סוג תכנית מתאר מקומית סוג איחוד וחלוקה איחוד ו/או חלוקה ללא הסכמת כל הבעלים בכל תחום התכנית/", "minahak": "גוננים", "mavat_url": "https://mavat.iplan.gov.il/SV4/1/1005094114/310", "taba": 899880, "status_mavat": "אישור", "layer_type": "approved", "easement_type": "להולכי רגל", "was_clipped": true, "size_meters_clipped": [46.4, 20.5]}}, {"type": "Feature", "geometry": {"type": "Polygon", "coordinates": [[[35.217083582047785, 31.74739335500443], [35.2170889544039, 31.74740391041969], [35.217103996837245, 31.74743305255181], [35.21715234776202, 31.747526215467285], [35.217215741255195, 31.74764829104182], [35.217247438121085, 31.74770932876775], [35.21727618015834, 31.74776440039448], [35.21731995215372, 31.74775682320436], [35.21756432293197, 31.74771388595404], [35.217589834130365, 31.747709293753005], [35.217606215025015, 31.747706308859943], [35.217602454304505, 31.747699195470208], [35.21756887756684, 31.747638846441635], [35.21753530090517, 31.747578726842747], [35.21736580905926, 31.74729511028448], [35.21730565799958, 31.74731599895631], [35.21715044647514, 31.747369941643225], [35.21708841556397, 31.747391518815196], [35.217083582047785, 31.74739335500443]]]}, "properties": {"size_meters": [49.5, 52.0], "source": "hatching_(0.659, 0.0, 0.0)_2.02", "vertex_count": 19, "pl_number": "101-0928176", "easement_id": "101-0928176_E1", "plan_name_he": "פינוי בינוי רחוב הקצין סילבר, דרך בית לחם 119-121 ירושלים זיהוי וסיווג תכנית עדכון אחרון 15/01/2024 סה\"כ שטח בדונם 8.691 סוג תכנית מתאר מקומית סוג איחוד וחלוקה איחוד ו/או חלוקה ללא הסכמת כל הבעלים בכל", "minahak": "בקעה רבתי", "mavat_url": "https://mavat.iplan.gov.il/SV4/1/1005111370/310", "taba": 928176, "status_mavat": "אישור", "layer_type": "approved", "easement_type": "לרכב"}}, {"type": "Feature", "geometry": {"type": "Polygon", "coordinates": [[[35.19698053540564, 31.754193747462725], [35.19698832147344, 31.754173087389958], [35.19699676244413, 31.75415985414073], [35.19700964220113, 31.754147296057283], [35.19701939297762, 31.75414155714818], [35.19700964220113, 31.75414797122306], [35.197009714968125, 31.754149119004882], [35.19701226181273, 31.75415181966799], [35.19701946574461, 31.754147296057283], [35.197010515405, 31.754153912681897], [35.19700141953141, 31.75416309493646], [35.19699159598793, 31.7541792989151], [35.196988612541396, 31.754186995804957], [35.19698875807537, 31.754189493918332], [35.196994797735435, 31.754189763984645], [35.1969995275897, 31.754185983056292], [35.196994652201454, 31.75419043915042], [35.19699450666748, 31.754193679946148], [35.1969937062306, 31.754190574183575], [35.19698934021128, 31.754189966534376], [35.19698795763849, 31.75419043915042], [35.19698672059969, 31.754193679946148], [35.19698817593946, 31.754186793255226], [35.19699123215299, 31.754179028848792], [35.196996616910155, 31.754169103911874], [35.1970053489488, 31.754158098709713], [35.19701124307488, 31.754152832416654], [35.197009132832214, 31.754149254038037], [35.19700091016249, 31.754155938179228], [35.196993997298556, 31.754164377751437], [35.19698832147344, 31.754174100138624], [35.19698140860951, 31.75419219458144], [35.19698177244445, 31.754193679946148], [35.19698053540564, 31.754193747462725]]]}, "properties": {"pl_number": "101-0950493", "easement_id": "101-0950493_E39", "source": "raster_v3_saturation", "size_meters": [3.7, 5.8], "aspect": 4.19, "plan_name_he": "תכנית להתחדשות עירונית יצחק שדה8 השומר 15 ירושלים זיהוי וסיווג תכנית עדכון אחרון לא נערך סה\"כ שטח בדונם 2.836 סוג תכנית מפורטת סוג איחוד וחלוקה איחוד ו/או חלוקה ללא הסכמת כל הבעלים בכל תחום התכנית/בחל", "minahak": "גוננים", "mavat_url": "https://mavat.iplan.gov.il/SV4/1/1005124814/310", "taba": 950493, "status_mavat": "תבע מאושרת", "layer_type": "approved", "easement_type": "להולכי רגל"}}, {"type": "Feature", "geometry": {"type": "Polygon", "coordinates": [[[35.22130837271437, 31.776141256828186], [35.22137365460234, 31.776170054711073], [35.22136465479371, 31.77616592431432], [35.22135364011339, 31.776160875987888], [35.22132167086616, 31.77614699340579], [35.22130837271437, 31.776141256828186]]]}, "properties": {"size_meters": [6.2, 3.2], "source": "hatching_(1.0, 0.0, 0.0)_2.02", "vertex_count": 6, "pl_number": "101-0968321", "easement_id": "101-0968321_E1", "plan_name_he": "הס 4 מבנה מגורים ירושלים זיהוי וסיווג תכנית עדכון אחרון 20/05/2024 סה\"כ שטח בדונם 0.621 סוג תכנית מתאר מקומית סוג איחוד וחלוקה ללא איחוד וחלוקה סמכות מחוזית היתרים או הרשאות תכנית שמכוחה ניתן להוציא ה", "minahak": "גינות העיר", "mavat_url": "https://mavat.iplan.gov.il/SV4/1/1005134860/310", "taba": 968321, "status_mavat": "אישור", "layer_type": "approved", "easement_type": null}}, {"type": "Feature", "geometry": {"type": "Polygon", "coordinates": [[[35.22119836075114, 31.77609261004366], [35.22120413673552, 31.776095248952938], [35.221209912706016, 31.776097887813343], [35.22121730057859, 31.77610121508425], [35.22124267203339, 31.776024661977395], [35.221240389324066, 31.776028105276744], [35.221230855675984, 31.77604268199841], [35.22122360474986, 31.776053815371686], [35.2212163538078, 31.77606494876885], [35.22120238905102, 31.776086412092532], [35.22119836075114, 31.77609261004366]]]}, "properties": {"size_meters": [4.2, 8.5], "source": "hatching_(1.0, 0.0, 0.0)_2.02", "vertex_count": 11, "pl_number": "101-0968321", "easement_id": "101-0968321_E2", "plan_name_he": "הס 4 מבנה מגורים ירושלים זיהוי וסיווג תכנית עדכון אחרון 20/05/2024 סה\"כ שטח בדונם 0.621 סוג תכנית מתאר מקומית סוג איחוד וחלוקה ללא איחוד וחלוקה סמכות מחוזית היתרים או הרשאות תכנית שמכוחה ניתן להוציא ה", "minahak": "גינות העיר", "mavat_url": "https://mavat.iplan.gov.il/SV4/1/1005134860/310", "taba": 968321, "status_mavat": "אישור", "layer_type": "approved", "easement_type": null}}, {"type": "Feature", "geometry": {"type": "Polygon", "coordinates": [[[35.22126402199185, 31.77599195045706], [35.22126899022195, 31.775984375155954], [35.22127852385809, 31.775969798455616], [35.221292622881734, 31.775948220355023], [35.221334785597335, 31.775883600763034], [35.22133787394221, 31.775878780107114], [35.22133559122576, 31.775882223408257], [35.221326057621795, 31.775896800161696], [35.22130927309498, 31.77592251026842], [35.221268050282994, 31.775985752503757], [35.22126402199185, 31.77599195045706]]]}, "properties": {"size_meters": [7.0, 12.5], "source": "hatching_(1.0, 0.0, 0.0)_2.02", "vertex_count": 11, "pl_number": "101-0968321", "easement_id": "101-0968321_E3", "plan_name_he": "הס 4 מבנה מגורים ירושלים זיהוי וסיווג תכנית עדכון אחרון 20/05/2024 סה\"כ שטח בדונם 0.621 סוג תכנית מתאר מקומית סוג איחוד וחלוקה ללא איחוד וחלוקה סמכות מחוזית היתרים או הרשאות תכנית שמכוחה ניתן להוציא ה", "minahak": "גינות העיר", "mavat_url": "https://mavat.iplan.gov.il/SV4/1/1005134860/310", "taba": 968321, "status_mavat": "אישור", "layer_type": "approved", "easement_type": null}}, {"type": "Feature", "geometry": {"type": "Polygon", "coordinates": [[[35.221366883907784, 31.775869021051516], [35.22137413747276, 31.775872577832104], [35.221391196811574, 31.775880724047816], [35.221452180511406, 31.77590975201475], [35.2214611803202, 31.77591399720449], [35.22146521005664, 31.77591583296193], [35.2213799134627, 31.77587521670918], [35.221366883907784, 31.775869021051516]]]}, "properties": {"size_meters": [9.3, 5.2], "source": "hatching_(1.0, 0.0, 0.0)_2.02", "vertex_count": 8, "pl_number": "101-0968321", "easement_id": "101-0968321_E4", "plan_name_he": "הס 4 מבנה מגורים ירושלים זיהוי וסיווג תכנית עדכון אחרון 20/05/2024 סה\"כ שטח בדונם 0.621 סוג תכנית מתאר מקומית סוג איחוד וחלוקה ללא איחוד וחלוקה סמכות מחוזית היתרים או הרשאות תכנית שמכוחה ניתן להוציא ה", "minahak": "גינות העיר", "mavat_url": "https://mavat.iplan.gov.il/SV4/1/1005134860/310", "taba": 968321, "status_mavat": "אישור", "layer_type": "approved", "easement_type": null}}, {"type": "Feature", "geometry": {"type": "Polygon", "coordinates": [[[35.22143744436627, 31.77611874523748], [35.22144012970227, 31.77611369508383], [35.221447380136865, 31.776099922075296], [35.22149504474959, 31.776008331370942], [35.22152767142384, 31.775945549245233], [35.221499463063424, 31.775932125299878], [35.22148643349257, 31.775925929605844], [35.22143744436627, 31.77611874523748]]]}, "properties": {"size_meters": [8.5, 21.4], "source": "hatching_(1.0, 0.0, 0.0)_2.02", "vertex_count": 8, "pl_number": "101-0968321", "easement_id": "101-0968321_E5", "plan_name_he": "הס 4 מבנה מגורים ירושלים זיהוי וסיווג תכנית עדכון אחרון 20/05/2024 סה\"כ שטח בדונם 0.621 סוג תכנית מתאר מקומית סוג איחוד וחלוקה ללא איחוד וחלוקה סמכות מחוזית היתרים או הרשאות תכנית שמכוחה ניתן להוציא ה", "minahak": "גינות העיר", "mavat_url": "https://mavat.iplan.gov.il/SV4/1/1005134860/310", "taba": 968321, "status_mavat": "אישור", "layer_type": "approved", "easement_type": null}}, {"type": "Feature", "geometry": {"type": "Polygon", "coordinates": [[[35.19935266676778, 31.754226767815805], [35.199359917763864, 31.75420543020433], [35.1993671686428, 31.75418409278685], [35.19937844782268, 31.75415036552283], [35.19938543021439, 31.754129027899076], [35.199388115835994, 31.754119850597945], [35.19939241324646, 31.75409782452393], [35.199394830458786, 31.75408520549011], [35.19940315666673, 31.754041382843624], [35.19940906555751, 31.754009949912124], [35.199411214287004, 31.753997330672824], [35.199413900380655, 31.7539792050882], [35.19935266676778, 31.754226767815805]]]}, "properties": {"size_meters": [5.8, 27.5], "source": "hatching_(0.659, 0.0, 0.0)_2.02", "vertex_count": 13, "pl_number": "101-1033869", "easement_id": "101-1033869_E1", "plan_name_he": "התחדשות עירונית ברחוב בר יוחאי 1-3- מתחם 01 ירושלים זיהוי וסיווג תכנית עדכון אחרון 26/06/2024 סה\"כ שטח בדונם 4.303 סוג תכנית מתאר מקומית סוג איחוד וחלוקה איחוד ו/או חלוקה ללא הסכמת כל הבעלים בכל תחום ", "minahak": "גוננים", "mavat_url": "https://mavat.iplan.gov.il/SV4/1/1005191924/310", "taba": 1033869, "status_mavat": "אישור", "layer_type": "approved", "easement_type": "לא ברור"}}, {"type": "Feature", "geometry": {"type": "Polygon", "coordinates": [[[35.223554327314, 31.748759238157835], [35.22355741839061, 31.748764974602633], [35.22356144932547, 31.748768186688977], [35.22357219803075, 31.748774380964825], [35.22357837852614, 31.748777936940606], [35.2236000102946, 31.74879032541962], [35.22374081832991, 31.748870850582712], [35.223818853471585, 31.74878409634195], [35.223826643502115, 31.74877514555122], [35.223831075723716, 31.74876998164647], [35.22383147805567, 31.748766654170595], [35.22382529755134, 31.74876309820711], [35.22375999928925, 31.748726391797135], [35.22371176464971, 31.74869932082115], [35.22365103467048, 31.74866525264939], [35.22363544911428, 31.74865653489379], [35.223629268648494, 31.74865309366669], [35.22362550722164, 31.748653897407856], [35.223618792057714, 31.748663421705512], [35.223608316436376, 31.748678454060947], [35.2235750093221, 31.74872630506529], [35.223554998179914, 31.748755107469236], [35.223554327314, 31.748759238157835]]]}, "properties": {"size_meters": [26.3, 24.1], "source": "hatching_(0.66, 0.0, 0.0)_2.02", "vertex_count": 23, "pl_number": "101-1037217", "easement_id": "101-1037217_E1", "plan_name_he": "בניין מגורים חדש ברחוב קלוזנר 14 ירושלים זיהוי וסיווג תכנית עדכון אחרון 15/03/2023 סה\"כ שטח בדונם 0.636 סוג תכנית מתאר מקומית סוג איחוד וחלוקה ללא איחוד וחלוקה סמכות מחוזית היתרים או הרשאות תכנית שמכו", "minahak": "בקעה רבתי", "mavat_url": "https://mavat.iplan.gov.il/SV4/1/1005194148/310", "taba": 1037217, "status_mavat": "אישור", "layer_type": "approved", "easement_type": "להולכי רגל"}}, {"type": "Feature", "geometry": {"type": "Polygon", "coordinates": [[[35.221013905741536, 31.749089681608538], [35.22101766514053, 31.74909518718276], [35.22103767035896, 31.749123861869574], [35.22104720302613, 31.749137511039383], [35.22107392136991, 31.74917570575823], [35.22107781498688, 31.749181211313015], [35.221082244331804, 31.74918017830916], [35.22108895525399, 31.749177195002325], [35.22111687257959, 31.74916468799696], [35.22126679382051, 31.749097333824277], [35.221416580576715, 31.74902997949255], [35.22142315720973, 31.749026996185965], [35.2214321497665, 31.74902286548339], [35.22143188060959, 31.749018850668282], [35.221427986033085, 31.749008183200615], [35.22142342003215, 31.74899579521378], [35.221400187066486, 31.748933511189353], [35.22138837561232, 31.748937183378487], [35.2213813961492, 31.7489393638057], [35.221259121006746, 31.748977578270168], [35.221246907007945, 31.748981480089032], [35.22124194086878, 31.748983660144926], [35.221235364233, 31.748986643442173], [35.22107000852286, 31.74906294698028], [35.22102907221658, 31.749081879321594], [35.221017663705304, 31.749087157480776], [35.221013905741536, 31.749089681608538]]]}, "properties": {"size_meters": [39.6, 27.5], "source": "hatching_(0.659, 0.0, 0.0)_2.02", "vertex_count": 27, "pl_number": "101-1038231", "easement_id": "101-1038231_E1", "plan_name_he": "הקמת בניין חדש ברח' בית הערבה 15, ירושלים ירושלים זיהוי וסיווג תכנית עדכון אחרון 07/05/2025 סה\"כ שטח בדונם 0.826 סוג תכנית מתאר מקומית סוג איחוד וחלוקה ללא איחוד וחלוקה סמכות מחוזית היתרים או הרשאות ת", "minahak": "בקעה רבתי", "mavat_url": "https://mavat.iplan.gov.il/SV4/1/1005194802/310", "taba": 1038231, "status_mavat": "אישור", "layer_type": "approved", "easement_type": "לרכב והולכי רגל"}}, {"type": "Feature", "geometry": {"type": "Polygon", "coordinates": [[[35.21046720030962, 31.765085979792502], [35.2104649246611, 31.765084545104912], [35.210456784841405, 31.765087975879577], [35.21045573454209, 31.765087788746413], [35.21046457456133, 31.765083734194537], [35.21045914801486, 31.765078369710515], [35.210450220470676, 31.765084170838588], [35.210458535340265, 31.76507818257735], [35.210457047416234, 31.765076248867995], [35.210450045420785, 31.765071757672068], [35.210438929753025, 31.76506645556577], [35.210424838237195, 31.765062089125287], [35.21042816418503, 31.765062588147053], [35.21043000220883, 31.765059406883275], [35.21042921448435, 31.765063024791104], [35.210436654104505, 31.765065145633624], [35.210444443824436, 31.76506870116373], [35.21044969532102, 31.765065020878183], [35.21044566917364, 31.765069324940942], [35.21045529691737, 31.76507443991408], [35.21045888544003, 31.765077309289257], [35.210463874361785, 31.765075188446733], [35.21047113893206, 31.765073691381428], [35.21046378683685, 31.765075625090784], [35.21045976068947, 31.765077808311023], [35.21046720030962, 31.765085979792502]]]}, "properties": {"pl_number": "101-1071448", "easement_id": "101-1071448_E83", "source": "raster_v3_saturation", "size_meters": [4.4, 3.2], "aspect": 2.15, "plan_name_he": "רחל אמנו 46-48 ירושלים זיהוי וסיווג תכנית עדכון אחרון 18/12/2024 סה\"כ שטח בדונם 2.061 סוג תכנית מתאר מקומית סוג איחוד וחלוקה איחוד ו/או חלוקה ללא הסכמת כל הבעלים בכל תחום התכנית/בחלק מתחום התכנית סמכו", "minahak": "גינות העיר", "mavat_url": "https://mavat.iplan.gov.il/SV4/1/1005214136/310", "taba": 1071448, "status_mavat": "אישור", "layer_type": "approved", "easement_type": null}}, {"type": "Feature", "geometry": {"type": "Polygon", "coordinates": [[[35.21053494461553, 31.765095211695236], [35.2105340693661, 31.765088911545398], [35.21052059052487, 31.765086229303385], [35.210512188130345, 31.765092467075505], [35.210515514078175, 31.765095211695236], [35.21050886218251, 31.765091094765637], [35.21050754930836, 31.765095211695236], [35.210507461783415, 31.765089847211215], [35.21050151008729, 31.76508541839301], [35.21049450809185, 31.76507805782191], [35.21049109461907, 31.765070510117646], [35.21048365499891, 31.765071508161185], [35.210490306894584, 31.765069886340434], [35.21049065699435, 31.7650692001855], [35.210481992024995, 31.765040693566917], [35.210479716376476, 31.765038385591232], [35.21047035120757, 31.765033332995817], [35.210466675159964, 31.76503601523783], [35.21046912585837, 31.765032833974047], [35.2104624739627, 31.765028841799893], [35.2104700011078, 31.765032334952277], [35.21048076667579, 31.765022479272332], [35.21047210170643, 31.765017052410588], [35.21048129182545, 31.765021668361953], [35.21048706847169, 31.765017052410588], [35.21048207954994, 31.765022167383723], [35.210487506096406, 31.76502516151434], [35.21048129182545, 31.765022666405493], [35.210470438732514, 31.76503252208544], [35.210481729450166, 31.76503963314566], [35.21049617106576, 31.765037886569463], [35.210504660985244, 31.76503601523783], [35.21050483603513, 31.765034830061126], [35.21049643364059, 31.765029465577104], [35.210502122761895, 31.765032272574558], [35.2105057988095, 31.76503551621606], [35.210508949707446, 31.765034455794797], [35.21051446377886, 31.76502678333509], [35.21050956238205, 31.765034331039356], [35.21051026258159, 31.765035266705173], [35.210520765574756, 31.76503819845807], [35.2105346820407, 31.765036389504157], [35.21053214381735, 31.765037449925416], [35.210522778648446, 31.765038510346677], [35.210517789726694, 31.76503819845807], [35.210509649906996, 31.765035204327454], [35.210502647911554, 31.765036888525923], [35.21050492356007, 31.765051297779518], [35.210501422562345, 31.765037387547693], [35.21048286727443, 31.765039945034264], [35.21048234212477, 31.76504081832236], [35.21049302016782, 31.765074128025475], [35.21049512076645, 31.76507805782191], [35.210505623759616, 31.76508791350186], [35.210507461783415, 31.76508691545832], [35.210507461783415, 31.765075375579897], [35.210509387332166, 31.76507481418041], [35.21050658653399, 31.76506071681542], [35.210507461783415, 31.765062276258448], [35.210512450705174, 31.765061964369842], [35.210507461783415, 31.765063024791104], [35.21051052515642, 31.765075188446733], [35.210525316871795, 31.765075126069014], [35.21053153114275, 31.765070260606763], [35.21053608243979, 31.76506807738652], [35.210549998905734, 31.765065644655394], [35.210535644815074, 31.765068638786012], [35.21052671727089, 31.765074564669522], [35.21052741747043, 31.765075188446733], [35.21053503214047, 31.765075250824456], [35.21053494461553, 31.765095211695236]]]}, "properties": {"pl_number": "101-1071448", "easement_id": "101-1071448_E91", "source": "raster_v3_saturation", "size_meters": [8.3, 8.7], "aspect": 1.92, "plan_name_he": "רחל אמנו 46-48 ירושלים זיהוי וסיווג תכנית עדכון אחרון 18/12/2024 סה\"כ שטח בדונם 2.061 סוג תכנית מתאר מקומית סוג איחוד וחלוקה איחוד ו/או חלוקה ללא הסכמת כל הבעלים בכל תחום התכנית/בחלק מתחום התכנית סמכו", "minahak": "גינות העיר", "mavat_url": "https://mavat.iplan.gov.il/SV4/1/1005214136/310", "taba": 1071448, "status_mavat": "אישור", "layer_type": "approved", "easement_type": null}}, {"type": "Feature", "geometry": {"type": "Polygon", "coordinates": [[[35.224660423827885, 31.759154066997766], [35.2246610959214, 31.759157737719253], [35.22466445380949, 31.75916347273275], [35.22467627343784, 31.759183316255086], [35.22472355211548, 31.759262690235527], [35.22475901120512, 31.759322220587148], [35.224906757783835, 31.759570206604234], [35.22497176644362, 31.75967928821381], [35.22497767633852, 31.75968915263372], [35.225054756746495, 31.759742137563737], [35.225060395825736, 31.759742021996246], [35.22506778038975, 31.759741791298097], [35.22514001488545, 31.75973925593095], [35.22518053477789, 31.759011509460148], [35.225185482779764, 31.75892260600471], [35.22518575019629, 31.758917788022863], [35.22518588369371, 31.75891469072731], [35.225177694369435, 31.758918362892505], [35.22468338082757, 31.75914350966229], [35.22467183517629, 31.759148788341246], [35.224660423827885, 31.759154066997766]]]}, "properties": {"size_meters": [49.8, 91.7], "source": "hatching_(0.659, 0.0, 0.0)_2.02", "vertex_count": 21, "pl_number": "101-1218999", "easement_id": "101-1218999_E1", "plan_name_he": "דיור מוגן ברח' חנוך אלבק ירושלים זיהוי וסיווג תכנית עדכון אחרון 10/06/2024 סה\"כ שטח בדונם 3.324 סוג תכנית מתאר מקומית סוג איחוד וחלוקה ללא איחוד וחלוקה סמכות מחוזית היתרים או הרשאות תכנית שמכוחה ניתן ", "minahak": "בקעה רבתי", "mavat_url": "https://mavat.iplan.gov.il/SV4/1/1005306826/310", "taba": 1218999, "status_mavat": "אישור", "layer_type": "approved", "easement_type": "לרכב"}}, {"type": "Feature", "geometry": {"type": "Polygon", "coordinates": [[[35.19772703825434, 31.756559264452555], [35.19772744676741, 31.756551170843306], [35.1977299999741, 31.756545008663533], [35.19773633192669, 31.756543813016712], [35.197739906416054, 31.75653489165197], [35.197754817143114, 31.75653443178781], [35.1977605363261, 31.75652293518376], [35.197760229941295, 31.756519164297632], [35.19775685970847, 31.756518980351967], [35.197748076677456, 31.756521647564107], [35.197737046824564, 31.756527441852548], [35.19773531064401, 31.756526890015554], [35.19774102982699, 31.7565224753196], [35.19773939577472, 31.756518152596477], [35.197733165950396, 31.756517692732313], [35.19773449361787, 31.75650711585659], [35.19773377872, 31.75651714089532], [35.19773949790298, 31.756517416813818], [35.197741744724865, 31.756505368372775], [35.19774552347077, 31.756497642654853], [35.197741744724865, 31.756508035584915], [35.19774092769873, 31.756521555591274], [35.19774256175101, 31.756522291373933], [35.197753591603906, 31.75651796865081], [35.197755532040986, 31.756514657628845], [35.19775634906713, 31.75651714089532], [35.19776533635467, 31.756516681031158], [35.19776523422641, 31.756518796406304], [35.19776094483917, 31.756519348243298], [35.197761046967436, 31.75652321110226], [35.197757472478074, 31.756530476956016], [35.19775798311941, 31.756531488657174], [35.19776533635467, 31.756533052195323], [35.197757063965, 31.756532040494168], [35.19775165116682, 31.75654289328839], [35.19775216180816, 31.75654408893521], [35.19775798311941, 31.75654565247336], [35.19776247676318, 31.756537282945615], [35.19775880014555, 31.75654602036469], [35.19776533635467, 31.756549147440992], [35.19775114052548, 31.756544548799372], [35.19774828093399, 31.756551998598795], [35.197748076677456, 31.756559264452555], [35.19774777029266, 31.756551630707467], [35.19775430650178, 31.756535535461797], [35.19774092769873, 31.75653516757047], [35.19773929364645, 31.75653663913579], [35.19773663831149, 31.756544364853706], [35.19773020423064, 31.756545744446193], [35.19772785528048, 31.756552090571628], [35.19772703825434, 31.756559264452555]]]}, "properties": {"pl_number": "101-1219609", "easement_id": "101-1219609_E152", "source": "raster_v3_saturation", "size_meters": [3.6, 6.8], "aspect": 1.88, "plan_name_he": "שינוי הוראות בינוי בתכנית 252379 ושינוי מיקום שטח זיקת הנאה ירושלים זיהוי וסיווג תכנית עדכון אחרון 15/12/2024 סה\"כ שטח בדונם 4.22 סוג תכנית מפורטת סוג איחוד וחלוקה ללא איחוד וחלוקה סמכות מקומית היתרים", "minahak": "גוננים", "mavat_url": "https://mavat.iplan.gov.il/SV4/1/1005307294/310", "taba": 1219609, "status_mavat": "אישור", "layer_type": "approved", "easement_type": "לרכב והולכי רגל"}}, {"type": "Feature", "geometry": {"type": "Polygon", "coordinates": [[[35.19758058631867, 31.756646638643325], [35.19758089270347, 31.756636981495923], [35.197576705444504, 31.7566198745491], [35.19757139477459, 31.756607458216727], [35.197540347781256, 31.756565058740996], [35.19754044990952, 31.756563311257178], [35.197567513900424, 31.756598904743313], [35.19757190541593, 31.756605894678575], [35.19757731821411, 31.756618678902278], [35.197578543753316, 31.75661913876644], [35.19757793098371, 31.756613988287825], [35.19757139477459, 31.756598996716146], [35.1975531138147, 31.75656726608897], [35.197547803144786, 31.756555401593594], [35.19757139477459, 31.75659761712366], [35.19757793098371, 31.75661224080401], [35.19758181185788, 31.75663072734332], [35.19758058631867, 31.756646638643325]]]}, "properties": {"pl_number": "101-1219609", "easement_id": "101-1219609_E159", "source": "raster_v3_saturation", "size_meters": [3.9, 10.1], "aspect": 7.64, "plan_name_he": "שינוי הוראות בינוי בתכנית 252379 ושינוי מיקום שטח זיקת הנאה ירושלים זיהוי וסיווג תכנית עדכון אחרון 15/12/2024 סה\"כ שטח בדונם 4.22 סוג תכנית מפורטת סוג איחוד וחלוקה ללא איחוד וחלוקה סמכות מקומית היתרים", "minahak": "גוננים", "mavat_url": "https://mavat.iplan.gov.il/SV4/1/1005307294/310", "taba": 1219609, "status_mavat": "אישור", "layer_type": "approved", "easement_type": "לרכב והולכי רגל"}}, {"type": "Feature", "geometry": {"type": "Polygon", "coordinates": [[[35.21132734444844, 31.74722372355097], [35.21131848413796, 31.747218218033773], [35.21131365185234, 31.747221888962816], [35.210960888511465, 31.747486653818285], [35.21095713004168, 31.747489636404048], [35.210953371571634, 31.747492618989682], [35.210949881562236, 31.747495831050973], [35.21094665999727, 31.74749904290385], [35.21094370687678, 31.747502254937334], [35.210941022314614, 31.747505466956913], [35.21093833775223, 31.747508678781955], [35.210935921634416, 31.747511890787635], [35.210933774074974, 31.747515102779477], [35.21093189496012, 31.747518314757492], [35.21093001584513, 31.747521526540996], [35.210928136616225, 31.747524738518933], [35.21092679450433, 31.747527950469312], [35.21092518383376, 31.74753116223895], [35.210923841607865, 31.747534374189293], [35.210922767940495, 31.747537586125834], [35.21092169427304, 31.747540798062367], [35.21092088905033, 31.747544009790644], [35.21092008382756, 31.7475472217134], [35.21091927860474, 31.747550433636157], [35.21091874182672, 31.747553645350653], [35.211344527957145, 31.747234734612856], [35.21132734444844, 31.74722372355097]]]}, "properties": {"size_meters": [40.3, 37.2], "source": "outline_(1.0, 0.0, 0.0)_1.15", "vertex_count": 27, "pl_number": "101-1219724", "easement_id": "101-1219724_E1", "plan_name_he": "עירוב שימושים שער האומן, תלפיות ירושלים זיהוי וסיווג תכנית עדכון אחרון 22/12/2025 סה\"כ שטח בדונם 16.718 סוג תכנית מתאר מקומית סוג איחוד וחלוקה ללא איחוד וחלוקה סמכות מחוזית היתרים או הרשאות תכנית שמכו", "minahak": "א.ת. תלפיות", "mavat_url": "https://mavat.iplan.gov.il/SV4/1/1005307320/310", "taba": 1219724, "status_mavat": "אישור", "layer_type": "approved", "easement_type": "לרכב והולכי רגל"}}, {"type": "Feature", "geometry": {"type": "Polygon", "coordinates": [[[35.211588424441956, 31.748019522734214], [35.211588739416094, 31.748019436422204], [35.21159346902316, 31.748017947059683], [35.21159830161289, 31.748016340942925], [35.21160286562466, 31.748014505351662], [35.21160742961847, 31.74801244027067], [35.21161199370803, 31.748010145894444], [35.21161628921962, 31.74800762204377], [35.21162058471312, 31.74800486889785], [35.211624611646435, 31.748002115572575], [35.21162837022932, 31.747999132967376], [35.211631391422586, 31.747996551113342], [35.21163207771166, 31.74799592618145], [35.2116331139948, 31.747994949422008], [35.211635050491914, 31.747993039790412], [35.21163551801701, 31.74799256751366], [35.211669458715825, 31.747953515756244], [35.211956424174154, 31.747623101104605], [35.21229632249811, 31.747232251515427], [35.21238289777478, 31.747132638448893], [35.21238296654299, 31.747132559245237], [35.21237118386529, 31.74712340757092], [35.212370109961675, 31.74712455469713], [35.21194380489783, 31.747615072247214], [35.211622999464254, 31.747984221313953], [35.211619509363565, 31.74798766268841], [35.211579508266624, 31.748021389219193], [35.211583266915355, 31.74802070073284], [35.21158789100504, 31.74801966067002], [35.211588424441956, 31.748019522734214]]]}, "properties": {"size_meters": [76.1, 99.6], "source": "outline_(1.0, 0.0, 0.0)_1.15", "vertex_count": 22, "pl_number": "101-1219724", "easement_id": "101-1219724_E2", "plan_name_he": "עירוב שימושים שער האומן, תלפיות ירושלים זיהוי וסיווג תכנית עדכון אחרון 22/12/2025 סה\"כ שטח בדונם 16.718 סוג תכנית מתאר מקומית סוג איחוד וחלוקה ללא איחוד וחלוקה סמכות מחוזית היתרים או הרשאות תכנית שמכו", "minahak": "א.ת. תלפיות", "mavat_url": "https://mavat.iplan.gov.il/SV4/1/1005307320/310", "taba": 1219724, "status_mavat": "אישור", "layer_type": "approved", "easement_type": "לרכב והולכי רגל", "was_clipped": true, "size_meters_clipped": [75.8, 99.7]}}, {"type": "Feature", "geometry": {"type": "Polygon", "coordinates": [[[35.211748300325006, 31.746973406925573], [35.21175205913475, 31.746973865687565], [35.211755817830735, 31.746974324254953], [35.21175957652675, 31.74697478282223], [35.21176333531841, 31.746975012094303], [35.21176709397811, 31.74697501187669], [35.2117708527516, 31.746975011658936], [35.211774611393075, 31.746974781951522], [35.211778370034544, 31.746974552438473], [35.21178212867598, 31.74697432273083], [35.211785887526766, 31.746973863727963], [35.2117896461499, 31.746973404530507], [35.21179340475476, 31.746972716232342], [35.21179716334128, 31.74697179824999], [35.21180092194601, 31.746971109757098], [35.21180468053241, 31.746970191969005], [35.211808439328, 31.7469690446912], [35.21181219789593, 31.746967897413313], [35.21181595646375, 31.74696674994081], [35.21181971499484, 31.746965143878022], [35.21182347354413, 31.746963767110195], [35.211827232284215, 31.746961931557582], [35.21183099079657, 31.746960096004877], [35.211834749290404, 31.746958031156932], [35.21183850776571, 31.746955736819306], [35.21184226622244, 31.746953212991993], [35.21184602488815, 31.74695045967494], [35.211849783307684, 31.74694747706272], [35.21185354170857, 31.746944265155292], [35.21185703155229, 31.746941053068987], [35.21185998473722, 31.74693784101406], [35.21186293769436, 31.746934628959096], [35.21186562209446, 31.746931417114293], [35.21186803816512, 31.74692820509069], [35.21187018590636, 31.746924993082818], [35.211872064863066, 31.74692178128517], [35.211873944047205, 31.746918569293], [35.21187555467442, 31.746915357316567], [35.21187716530154, 31.746912145340115], [35.21187850737175, 31.746908933573913], [35.21187958111268, 31.746905721629002], [35.21188065462596, 31.746902509684084], [35.211881459809995, 31.746899297949426], [35.21188226499397, 31.74689608602027], [35.211882801621144, 31.746892874106916], [35.21188333847588, 31.746889662193524], [35.211883875102984, 31.746886450474637], [35.21188414340094, 31.746883238577052], [35.211884143142164, 31.746880026695262], [35.21188414288341, 31.74687681500797], [35.21188387406796, 31.746873603141974], [35.211883605252524, 31.746870391275973], [35.21188333666471, 31.74686717960444], [35.21188279929266, 31.746863967754233], [35.211882262148244, 31.746860755904034], [35.21188145644721, 31.746857544069595], [35.21188038241723, 31.746854332445412], [35.21187957671631, 31.74685112061098], [35.21187877101547, 31.746847908776523], [35.21187823364371, 31.746844697120775], [35.21187796505614, 31.746841485254734], [35.211877696241, 31.74683827338871], [35.211877695982466, 31.74683506170139], [35.21187796428048, 31.74683184980379], [35.211878232350884, 31.746828637906198], [35.21187876920542, 31.746825426187286], [35.2118793058323, 31.746822214079423], [35.211880111015695, 31.74681900234472], [35.21188118452793, 31.74681579039975], [35.21188252682421, 31.746812578438988], [35.211883868892805, 31.746809366672665], [35.2118854795178, 31.746806154696067], [35.21188735869914, 31.746802942703646], [35.21188950620926, 31.746799730889876], [35.21189192227567, 31.746796518865754], [35.21189460667076, 31.746793306825783], [35.21189782817857, 31.74679009494859], [35.211895948577514, 31.746785277333835], [35.21131848413796, 31.747218218033773], [35.21132734444844, 31.74722372355097], [35.21160090906665, 31.747018610410535], [35.21160466753236, 31.74701608659023], [35.211608426111674, 31.74701356276983], [35.21161218459479, 31.74701126843889], [35.21161594307773, 31.747008974107846], [35.21161970167429, 31.7470066797767], [35.211623460156844, 31.747004385250946], [35.211627218753016, 31.747002090919565], [35.21163097723522, 31.746999796588057], [35.211634735735096, 31.746997731551552], [35.21163849434861, 31.746995666709427], [35.211642252830266, 31.746993372377602], [35.211646011329634, 31.74699130734077], [35.21164976996054, 31.746989471793388], [35.21165352845958, 31.74698740675633], [35.21165728697638, 31.746985571208743], [35.21166104562477, 31.746983965150605], [35.21166480415924, 31.74698235909239], [35.211668562825295, 31.746980982329138], [35.21167232137746, 31.746979605565773], [35.211676079947516, 31.746978458291895], [35.21167983863124, 31.746977311017915], [35.21168359720107, 31.746976163743803], [35.21168735590261, 31.746975245764673], [35.2116911145083, 31.746974557469525], [35.211694873113935, 31.74697386897977], [35.21169863183329, 31.7469731804899], [35.21170239045686, 31.7469727214895], [35.21170614908036, 31.746972262294513], [35.21170990781762, 31.746971803293903], [35.21171366645914, 31.746971573782748], [35.21171742521442, 31.74697134407701], [35.21172118387396, 31.746971343860757], [35.2117249425335, 31.746971343644365], [35.211728701306846, 31.746971343427884], [35.211732459984496, 31.746971572700865], [35.211736218662175, 31.746971801779267], [35.21173997747179, 31.746972260347118], [35.21174373616765, 31.74697271910935], [35.21174749486354, 31.746973177676992], [35.211748300325006, 31.746973406925573]]]}, "properties": {"size_meters": [54.9, 48.6], "source": "outline_(1.0, 0.0, 0.0)_1.15", "vertex_count": 121, "pl_number": "101-1219724", "easement_id": "101-1219724_E3", "plan_name_he": "עירוב שימושים שער האומן, תלפיות ירושלים זיהוי וסיווג תכנית עדכון אחרון 22/12/2025 סה\"כ שטח בדונם 16.718 סוג תכנית מתאר מקומית סוג איחוד וחלוקה ללא איחוד וחלוקה סמכות מחוזית היתרים או הרשאות תכנית שמכו", "minahak": "א.ת. תלפיות", "mavat_url": "https://mavat.iplan.gov.il/SV4/1/1005307320/310", "taba": 1219724, "status_mavat": "אישור", "layer_type": "approved", "easement_type": "לרכב והולכי רגל"}}, {"type": "Feature", "geometry": {"type": "Polygon", "coordinates": [[[35.2203113097984, 31.773338173048945], [35.22028950042144, 31.77331107390321], [35.22026401549071, 31.77332551627579], [35.22026025347561, 31.773323450945615], [35.22025649149987, 31.773321615164736], [35.22025272962036, 31.77332000883593], [35.22024896778017, 31.773318632153707], [35.22024520588314, 31.773317255374103], [35.22024144402539, 31.773316108192482], [35.220237682263786, 31.77331519051151], [35.22023392050226, 31.773314272830444], [35.220230158723, 31.7733135846987], [35.2202263969829, 31.77331312611626], [35.22022263529977, 31.773312667485087], [35.22021887359884, 31.773312438451885], [35.22021511195486, 31.773312209369916], [35.220211350293035, 31.773312209837286], [35.22020758872723, 31.773312439853978], [35.220203827104434, 31.773312669821916], [35.22020006553859, 31.773312899838384], [35.22019630395479, 31.773313359355527], [35.220192542466954, 31.773314048422012], [35.22018878096112, 31.773314967037795], [35.220185019512144, 31.773315885653478], [35.22018125804517, 31.773317033769857], [35.22017749663504, 31.773318181934748], [35.22017373520685, 31.773319559600324], [35.22016997387446, 31.77332116681523], [35.22016621252397, 31.773323003579478], [35.22016245117333, 31.773324840294947], [35.220158689957344, 31.77332713610918], [35.220154928780126, 31.77332966147273], [35.22024495749868, 31.77343638387798], [35.220247375140424, 31.77343317012807], [35.22024979283891, 31.773429956329487], [35.220252479130096, 31.773426742497378], [35.22025516547804, 31.77342352866521], [35.220257583119086, 31.773420314915118], [35.22026026946667, 31.773417101082845], [35.220262955814064, 31.773413887250516], [35.220265642161266, 31.77341067346676], [35.22026859715803, 31.77340745960082], [35.22027128350485, 31.773404245768305], [35.220274238501204, 31.773401031902218], [35.2202771935543, 31.77339781808471], [35.220280148550245, 31.773394604218502], [35.22028310360294, 31.773391390352213], [35.220286058598475, 31.773388176485852], [35.220289282357356, 31.773384962585883], [35.22029223735249, 31.77338174876801], [35.22029546105398, 31.77337853486787], [35.22029868475527, 31.773375320967666], [35.22030190851328, 31.773372107067363], [35.22032257266666, 31.773352155660955], [35.2203113097984, 31.773338173048945]]]}, "properties": {"size_meters": [15.9, 13.9], "source": "outline_(1.0, 0.0, 0.0)_1.15", "vertex_count": 55, "pl_number": "101-1226307", "easement_id": "101-1226307_E1", "plan_name_he": "קרן היסוד 27 ירושלים זיהוי וסיווג תכנית עדכון אחרון 12/05/2025 סה\"כ שטח בדונם 0.748 סוג תכנית מתאר מקומית סוג איחוד וחלוקה ללא איחוד וחלוקה סמכות מחוזית היתרים או הרשאות תכנית שמכוחה ניתן להוציא היתרי", "minahak": "גינות העיר", "mavat_url": "https://mavat.iplan.gov.il/SV4/1/1005311336/310", "taba": 1226307, "status_mavat": "אישור", "layer_type": "approved", "easement_type": null, "was_clipped": true, "size_meters_clipped": [15.8, 13.9]}}, {"type": "Feature", "geometry": {"type": "Polygon", "coordinates": [[[35.19544556606334, 31.75424599327927], [35.195522915465574, 31.754272436873748], [35.195528008982784, 31.75426902564952], [35.19554573212831, 31.754241036603297], [35.1955580847483, 31.754221421373867], [35.195592457032646, 31.75416681981796], [35.19559863328195, 31.754156954874198], [35.1956036011278, 31.754148925180786], [35.195596620618545, 31.75414582739699], [35.19556681910872, 31.75413274791409], [35.195550307564716, 31.7541255197959], [35.19549231547363, 31.754100163975792], [35.195439290401566, 31.754076987967654], [35.195248131844764, 31.753993462471108], [35.195150404790425, 31.753950781792177], [35.19506918940632, 31.753915329220934], [35.19506247742298, 31.753912460832034], [35.19505979206675, 31.75391636090267], [35.19505388428991, 31.753926225937604], [35.19502421090781, 31.753975780210986], [35.19496150730955, 31.75408050962947], [35.1949174669758, 31.754154152921068], [35.194899743425424, 31.754183862560538], [35.194896386666684, 31.754189598008796], [35.19489813156369, 31.754192580690212], [35.19490470937865, 31.75419556373134], [35.194909676246255, 31.75419774368764], [35.19496270131204, 31.754220919915753], [35.195171445638216, 31.75431213289379], [35.19532716515693, 31.754380169572144], [35.19534542192374, 31.754388086153842], [35.19534971778822, 31.754388430614117], [35.19536269720388, 31.754379738055455], [35.19544556606334, 31.75424599327927]]]}, "properties": {"size_meters": [67.0, 52.8], "source": "hatching_(0.659, 0.0, 0.0)_2.02", "vertex_count": 31, "pl_number": "101-1242700", "easement_id": "101-1242700_E1", "plan_name_he": "פינוי בינוי ברחוב השומר 21 והמרגולין 1, ירושלים ירושלים זיהוי וסיווג תכנית עדכון אחרון 30/03/2025 סה\"כ שטח בדונם 2.704 סוג תכנית מתאר מקומית סוג איחוד וחלוקה איחוד ו/או חלוקה ללא הסכמת כל הבעלים בכל ת", "minahak": "גוננים", "mavat_url": "https://mavat.iplan.gov.il/SV4/1/1005321982/310", "taba": 1242700, "status_mavat": "אישור", "layer_type": "approved", "easement_type": "לרכב והולכי רגל", "was_clipped": true, "size_meters_clipped": [66.8, 52.8]}}, {"type": "Feature", "geometry": {"type": "Polygon", "coordinates": [[[35.22088895118142, 31.748261618708803], [35.22089888894303, 31.748287428136727], [35.220917287181294, 31.74833503215985], [35.220954083807655, 31.748430125543216], [35.220955561014556, 31.748433910870762], [35.22097354732123, 31.748429090543794], [35.220983211559016, 31.748426106731337], [35.22089579660784, 31.748259552984376], [35.22088895118142, 31.748261618708803]]]}, "properties": {"size_meters": [8.9, 19.3], "source": "hatching_(1.0, 0.0, 0.0)_1.15", "vertex_count": 9, "pl_number": "101-1244417", "easement_id": "101-1244417_E1", "plan_name_he": "הריסה ובניה ברחוב עין צורים 18, ירושלים ירושלים זיהוי וסיווג תכנית עדכון אחרון 05/08/2025 סה\"כ שטח בדונם 2.109 סוג תכנית מתאר מקומית סוג איחוד וחלוקה ללא איחוד וחלוקה סמכות מחוזית היתרים או הרשאות תכנ", "minahak": "בקעה רבתי", "mavat_url": "https://mavat.iplan.gov.il/SV4/1/1005322894/310", "taba": 1244417, "status_mavat": "אישור", "layer_type": "approved", "easement_type": "לרכב"}}, {"type": "Feature", "geometry": {"type": "Polygon", "coordinates": [[[35.22130879506846, 31.748071367415], [35.22137309831506, 31.748105084868424], [35.221370547352244, 31.74810175849827], [35.221339666743155, 31.748062071395584], [35.22131671435028, 31.74806895736945], [35.22130879506846, 31.748071367415]]]}, "properties": {"size_meters": [6.1, 4.8], "source": "hatching_(1.0, 0.0, 0.0)_1.15", "vertex_count": 6, "pl_number": "101-1244417", "easement_id": "101-1244417_E3", "plan_name_he": "הריסה ובניה ברחוב עין צורים 18, ירושלים ירושלים זיהוי וסיווג תכנית עדכון אחרון 05/08/2025 סה\"כ שטח בדונם 2.109 סוג תכנית מתאר מקומית סוג איחוד וחלוקה ללא איחוד וחלוקה סמכות מחוזית היתרים או הרשאות תכנ", "minahak": "בקעה רבתי", "mavat_url": "https://mavat.iplan.gov.il/SV4/1/1005322894/310", "taba": 1244417, "status_mavat": "אישור", "layer_type": "approved", "easement_type": "לרכב"}}, {"type": "Feature", "geometry": {"type": "Polygon", "coordinates": [[[35.22137564939187, 31.74810841123853], [35.22141069731641, 31.748181594281725], [35.22140922011599, 31.748177923613095], [35.22140572857638, 31.748169664631], [35.22139243384616, 31.748138234737418], [35.22138571936977, 31.748122634452773], [35.2213838394715, 31.748118963837534], [35.221380348606765, 31.748114375720586], [35.22137564939187, 31.74810841123853]]]}, "properties": {"size_meters": [3.3, 8.1], "source": "hatching_(1.0, 0.0, 0.0)_1.15", "vertex_count": 9, "pl_number": "101-1244417", "easement_id": "101-1244417_E4", "plan_name_he": "הריסה ובניה ברחוב עין צורים 18, ירושלים ירושלים זיהוי וסיווג תכנית עדכון אחרון 05/08/2025 סה\"כ שטח בדונם 2.109 סוג תכנית מתאר מקומית סוג איחוד וחלוקה ללא איחוד וחלוקה סמכות מחוזית היתרים או הרשאות תכנ", "minahak": "בקעה רבתי", "mavat_url": "https://mavat.iplan.gov.il/SV4/1/1005322894/310", "taba": 1244417, "status_mavat": "אישור", "layer_type": "approved", "easement_type": "לרכב"}}, {"type": "Feature", "geometry": {"type": "Polygon", "coordinates": [[[35.215229217323675, 31.753521240856834], [35.215226464554505, 31.75352071268083], [35.215225661663496, 31.75351939224083], [35.215228758528816, 31.753520844724832], [35.21523288768257, 31.75351965632883], [35.21523311708, 31.753517543624824], [35.215225088169916, 31.75351378037081], [35.21521075083049, 31.753504999444782], [35.21520146023454, 31.75350183038877], [35.21519916626023, 31.75350189641077], [35.21519928095894, 31.753499915750766], [35.21517335904925, 31.7534808353927], [35.21519951035638, 31.753499519618764], [35.21520535999086, 31.753497340892757], [35.21520730986902, 31.753497869068756], [35.21520948914462, 31.753500179838763], [35.21520501589472, 31.753497935090756], [35.21520180433068, 31.753499651662764], [35.21520123083711, 31.753501170168768], [35.21521166842021, 31.75350513148878], [35.215226235157076, 31.75351404445881], [35.215233919971006, 31.753517543624824], [35.2152346081633, 31.753518996108827], [35.215229217323675, 31.753521240856834]]]}, "properties": {"pl_number": "101-1250026", "easement_id": "101-1250026_E129", "source": "raster_v3_saturation", "size_meters": [5.8, 4.5], "aspect": 8.44, "plan_name_he": "שופרסל תלפיות - מתחם שימושים מעורבים, תלפיות, ירושלים. ירושלים זיהוי וסיווג תכנית עדכון אחרון 10/10/2024 סה\"כ שטח בדונם 5.613 סוג תכנית מתאר מקומית סוג איחוד וחלוקה איחוד ו/או חלוקה בהסכמת כל הבעלים ב", "minahak": "א.ת. תלפיות", "mavat_url": "https://mavat.iplan.gov.il/SV4/1/1005326412/310", "taba": 1250026, "status_mavat": "תבע מאושרת", "layer_type": "approved", "easement_type": null}}, {"type": "Feature", "geometry": {"type": "Polygon", "coordinates": [[[35.22172771036522, 31.759628384859013], [35.221736577737786, 31.75965099286102], [35.22174289231281, 31.759666715174244], [35.2217627687498, 31.759674746201934], [35.22175752934452, 31.759663499674986], [35.22172771036522, 31.759628384859013]]]}, "properties": {"size_meters": [3.3, 5.1], "source": "hatching_(1.0, 0.0, 0.0)_2.02", "vertex_count": 6, "pl_number": "101-1278407", "easement_id": "101-1278407_E1", "plan_name_he": "בנית מבנה מסחרי ברחוב גדעון 2, ירושלים ירושלים זיהוי וסיווג תכנית עדכון אחרון 27/02/2025 סה\"כ שטח בדונם 1.021 סוג תכנית מתאר מקומית סוג איחוד וחלוקה ללא איחוד וחלוקה סמכות מחוזית היתרים או הרשאות תכני", "minahak": "בקעה רבתי", "mavat_url": "https://mavat.iplan.gov.il/SV4/1/1005343756/310", "taba": 1278407, "status_mavat": "אישור", "layer_type": "approved", "easement_type": "להולכי רגל"}}, {"type": "Feature", "geometry": {"type": "Polygon", "coordinates": [[[35.221595307087796, 31.759665357966856], [35.2215958448795, 31.759668800924317], [35.22159920366458, 31.75967706373313], [35.221605652517546, 31.759692786034936], [35.22160726469744, 31.759696573147718], [35.22170125601114, 31.759632749638072], [35.22168285930639, 31.759638375745375], [35.221595307087796, 31.759665357966856]]]}, "properties": {"size_meters": [10.0, 7.1], "source": "hatching_(1.0, 0.0, 0.0)_2.02", "vertex_count": 8, "pl_number": "101-1278407", "easement_id": "101-1278407_E2", "plan_name_he": "בנית מבנה מסחרי ברחוב גדעון 2, ירושלים ירושלים זיהוי וסיווג תכנית עדכון אחרון 27/02/2025 סה\"כ שטח בדונם 1.021 סוג תכנית מתאר מקומית סוג איחוד וחלוקה ללא איחוד וחלוקה סמכות מחוזית היתרים או הרשאות תכני", "minahak": "בקעה רבתי", "mavat_url": "https://mavat.iplan.gov.il/SV4/1/1005343756/310", "taba": 1278407, "status_mavat": "אישור", "layer_type": "approved", "easement_type": "להולכי רגל"}}]}