{"type": "FeatureCollection", "features": [{"type": "Feature", "properties": {"address": "אבן עזרא 11", "institutions_count": 1, "total_students": 22, "primary_type": "גן", "institutions": [{"name": "רחביה רח אבן עזרא 11 - גן הרמוניה", "semel_chinuch": 406652, "students": 22, "type": "גן", "pikuach": "ממלכתי דתי", "shuna": "רחביה", "maamad": "רשמי", "herkev_minim": "מעורב כיתות נפרדות"}], "_orig_lon": 35.213831, "_orig_lat": 31.775668, "_position_source": "moch_lot_yiud_karka_taba", "_lot_taba": "9988"}, "geometry": {"type": "Point", "coordinates": [35.21401834825351, 31.77569880674037]}}, {"type": "Feature", "properties": {"address": "אברהם ארסט 10", "institutions_count": 3, "total_students": 50, "primary_type": "גן", "institutions": [{"name": "פת, רח אברהם ארנסט 10, גן יהלום", "semel_chinuch": 405902, "students": 13, "type": "גן", "pikuach": "ממלכתי דתי", "shuna": "גונן קטמון א'  - ט", "maamad": "רשמי", "herkev_minim": "מעורב כיתות מעורבות"}, {"name": "פת, רח אברהם ארנסט 10, גן שוהם", "semel_chinuch": 407031, "students": 18, "type": "גן", "pikuach": "ממלכתי דתי", "shuna": "גונן קטמון א'  - ט", "maamad": "רשמי", "herkev_minim": "מעורב כיתות נפרדות"}, {"name": "פת, רח אברהם ארסט 10, גן ספיר", "semel_chinuch": 405928, "students": 19, "type": "גן", "pikuach": "ממלכתי דתי", "shuna": "גונן קטמון א'  - ט", "maamad": "רשמי", "herkev_minim": "מעורב כיתות מעורבות"}], "_orig_lon": 35.200492, "_orig_lat": 31.750652, "_position_source": "moch_lot_yiud_karka_taba", "_lot_taba": "1599"}, "geometry": {"type": "Point", "coordinates": [35.20208822180626, 31.75068748087018]}}, {"type": "Feature", "properties": {"address": "אהוד בן גרא 2", "institutions_count": 2, "total_students": 47, "primary_type": "גן", "institutions": [{"name": "בקעה, רח אהוד 2, גן פטל", "semel_chinuch": 224154, "students": 29, "type": "גן", "pikuach": "ממלכתי דתי", "shuna": "גאולים בקעה גבעת חננ", "maamad": "רשמי", "herkev_minim": "מעורב כיתות נפרדות"}, {"name": "בקעה, רח אהוד 2, גן רימון", "semel_chinuch": 405845, "students": 18, "type": "גן", "pikuach": "ממלכתי", "shuna": "גאולים בקעה גבעת חננ", "maamad": "רשמי", "herkev_minim": "מעורב כיתות נפרדות"}], "_orig_lon": 35.219667, "_orig_lat": 31.760756, "_position_source": "moch_lot_yiud_karka_taba", "_lot_taba": "3770"}, "geometry": {"type": "Point", "coordinates": [35.220723033968376, 31.761072333501364]}}, {"type": "Feature", "properties": {"address": "אל בוטמה 14", "institutions_count": 3, "total_students": 100, "primary_type": "גן", "institutions": [{"name": "אלאואאיל חובה", "semel_chinuch": 736090, "students": 34, "type": "גן", "pikuach": "ערבי", "shuna": "בית צפאפה", "maamad": "מוכר", "herkev_minim": "מעורב כיתות מעורבות"}, {"name": "אלאואאיל קדם חובה", "semel_chinuch": 736017, "students": 35, "type": "גן", "pikuach": "ערבי", "shuna": "בית צפאפה", "maamad": "מוכר", "herkev_minim": "מעורב כיתות מעורבות"}, {"name": "אלאואאיל קדם חובה", "semel_chinuch": 736041, "students": 31, "type": "גן", "pikuach": "ערבי", "shuna": "בית צפאפה", "maamad": "מוכר", "herkev_minim": "מעורב כיתות מעורבות"}]}, "geometry": {"type": "Point", "coordinates": [35.198189, 31.743616]}}, {"type": "Feature", "properties": {"address": "אל בראעם 25", "institutions_count": 4, "total_students": 142, "primary_type": "גן", "institutions": [{"name": "בית צפאפא חובה", "semel_chinuch": 309955, "students": 35, "type": "גן", "pikuach": "ערבי", "shuna": "בית צפאפה", "maamad": "רשמי", "herkev_minim": "מעורב כיתות נפרדות"}, {"name": "בית צפאפא חובה", "semel_chinuch": 709691, "students": 36, "type": "יסודי", "pikuach": "ערבי", "shuna": "בית צפאפה", "maamad": "רשמי", "herkev_minim": "מעורב כיתות נפרדות"}, {"name": "בית צפאפא קדם חובה 3", "semel_chinuch": 709675, "students": 36, "type": "יסודי", "pikuach": "ערבי", "shuna": "בית צפאפה", "maamad": "רשמי", "herkev_minim": "מעורב כיתות נפרדות"}, {"name": "בית צפאפא קדם חובה 4", "semel_chinuch": 309880, "students": 35, "type": "גן", "pikuach": "ערבי", "shuna": "בית צפאפה", "maamad": "רשמי", "herkev_minim": "מעורב כיתות נפרדות"}], "_reverted_from": [35.205441780102895, 31.74002939276942], "_revert_reason": "reposition moved 624m — likely wrong landuse_xplan match"}, "geometry": {"type": "Point", "coordinates": [35.200837, 31.744051]}}, {"type": "Feature", "properties": {"address": "אל וועד 15", "institutions_count": 1, "total_students": 675, "primary_type": "יסודי", "institutions": [{"name": "בית צפאפא יסודי ב", "semel_chinuch": 359828, "students": 675, "type": "יסודי", "pikuach": "ערבי", "shuna": "בית צפאפה", "maamad": "רשמי", "herkev_minim": "מעורב כיתות מעורבות", "kitot_regilot": 23, "kitot_mekadmot": 3}], "_reverted_from": [35.20156862678064, 31.745736163812623], "_revert_reason": "reposition moved 710m — likely wrong landuse_xplan match"}, "geometry": {"type": "Point", "coordinates": [35.204275, 31.73978]}}, {"type": "Feature", "properties": {"address": "אל זיתון 2", "institutions_count": 2, "total_students": 71, "primary_type": "יסודי", "institutions": [{"name": "בית צפאפא קדם חובה 3 סנדבאד", "semel_chinuch": 309898, "students": 36, "type": "יסודי", "pikuach": "ערבי", "shuna": "בית צפאפה", "maamad": "רשמי", "herkev_minim": "מעורב כיתות מעורבות"}, {"name": "בית צפאפא קדם חובה 4", "semel_chinuch": 138073, "students": 35, "type": "גן", "pikuach": "ערבי", "shuna": "בית צפאפה", "maamad": "רשמי", "herkev_minim": "מעורב כיתות מעורבות"}], "_reverted_from": [35.20476628726588, 31.7436418603674], "_revert_reason": "reposition moved 374m — likely wrong landuse_xplan match"}, "geometry": {"type": "Point", "coordinates": [35.200837, 31.744051]}}, {"type": "Feature", "properties": {"address": "אל טואל 20", "institutions_count": 1, "total_students": 390, "primary_type": "יסודי", "institutions": [{"name": "אלחיואר יסודי", "semel_chinuch": 634840, "students": 390, "type": "יסודי", "pikuach": "ערבי", "shuna": "בית צפאפה", "maamad": "רשמי", "herkev_minim": "מעורב כיתות נפרדות", "kitot_regilot": 16}]}, "geometry": {"type": "Point", "coordinates": [35.193377, 31.741956]}}, {"type": "Feature", "properties": {"address": "אל טואל 38", "institutions_count": 1, "total_students": 241, "primary_type": "יסודי/תיכון", "institutions": [{"name": "אל סלאם", "semel_chinuch": 195404, "students": 241, "type": "יסודי/תיכון", "pikuach": "ערבי", "shuna": "בית צפאפה", "maamad": "רשמי", "herkev_minim": "מעורב כיתות מעורבות", "kitot_mekadmot": 19}], "_reverted_from": [35.20476628726588, 31.7436418603674], "_revert_reason": "reposition moved 1102m — likely wrong landuse_xplan match"}, "geometry": {"type": "Point", "coordinates": [35.193134, 31.743065]}}, {"type": "Feature", "properties": {"address": "אל מדרסה אל גדידה 24", "institutions_count": 1, "total_students": 1184, "primary_type": "תיכון", "institutions": [{"name": "מקיף בית צפאפא", "semel_chinuch": 148056, "students": 1184, "type": "תיכון", "pikuach": "ערבי", "shuna": "בית צפאפה", "maamad": "רשמי", "herkev_minim": "מעורב כיתות נפרדות", "kitot_regilot": 40, "kitot_mekadmot": 8}], "_orig_lon": 35.204616, "_orig_lat": 31.743454, "_position_source": "moch_lot_yiud_karka_taba", "_lot_taba": "1760"}, "geometry": {"type": "Point", "coordinates": [35.20476628726588, 31.7436418603674]}}, {"type": "Feature", "properties": {"address": "אל משיה 0", "institutions_count": 1, "total_students": 30, "primary_type": "גן", "institutions": [{"name": "העולם הקטן חובה", "semel_chinuch": 558106, "students": 30, "type": "גן", "pikuach": "ערבי", "shuna": "בית צפאפה", "maamad": "מוכר", "herkev_minim": "מעורב כיתות נפרדות"}]}, "geometry": {"type": "Point", "coordinates": [35.200837, 31.744051]}}, {"type": "Feature", "properties": {"address": "אל שיפא 1", "institutions_count": 1, "total_students": 35, "primary_type": "גן", "institutions": [{"name": "העולם הקטן קדם חובה 3-4", "semel_chinuch": 558114, "students": 35, "type": "גן", "pikuach": "ערבי", "shuna": "בית צפאפה", "maamad": "מוכר", "herkev_minim": "מעורב כיתות נפרדות"}]}, "geometry": {"type": "Point", "coordinates": [35.200837, 31.744051]}}, {"type": "Feature", "properties": {"address": "אל שיפא 11", "institutions_count": 2, "total_students": 62, "primary_type": "גן", "institutions": [{"name": "העולם הקטן קדם חובה 4-5", "semel_chinuch": 558122, "students": 32, "type": "גן", "pikuach": "ערבי", "shuna": "בית צפאפה", "maamad": "מוכר", "herkev_minim": "מעורב כיתות נפרדות"}, {"name": "העולם הקטן קדם חובה 3-4", "semel_chinuch": 558098, "students": 30, "type": "גן", "pikuach": "ערבי", "shuna": "בית צפאפה", "maamad": "מוכר", "herkev_minim": "מעורב כיתות נפרדות"}]}, "geometry": {"type": "Point", "coordinates": [35.200837, 31.744051]}}, {"type": "Feature", "properties": {"address": "אל תוחיד סמטה 1 91", "institutions_count": 2, "total_students": 63, "primary_type": "גן", "institutions": [{"name": "בית צפאפא חובה קדם חובה", "semel_chinuch": 149674, "students": 32, "type": "גן", "pikuach": "ערבי", "shuna": "בית צפאפה", "maamad": "רשמי", "herkev_minim": "מעורב כיתות נפרדות"}, {"name": "בית צפאפא קדם חובה", "semel_chinuch": 136945, "students": 31, "type": "גן", "pikuach": "ערבי", "shuna": "בית צפאפה", "maamad": "רשמי", "herkev_minim": "מעורב כיתות נפרדות"}], "_reverted_from": [35.20454080635826, 31.748700713592342], "_revert_reason": "reposition moved 386m — likely wrong landuse_xplan match"}, "geometry": {"type": "Point", "coordinates": [35.201653, 31.746253]}}, {"type": "Feature", "properties": {"address": "אליעזר הגדול 4", "institutions_count": 2, "total_students": 526, "primary_type": "יסודי", "institutions": [{"name": "ממ\"ד פלא", "semel_chinuch": 616920, "students": 322, "type": "יסודי", "pikuach": "ממלכתי דתי", "shuna": "גונן קטמון א'  - ט", "maamad": "רשמי", "herkev_minim": "מעורב כיתות מעורבות", "kitot_regilot": 13}, {"name": "שחרית -תיכון ניסויי דתי ברוח הייטק היי (דרור)", "semel_chinuch": 170043, "students": 204, "type": "תיכון", "pikuach": "ממלכתי דתי", "shuna": "גונן קטמון א'  - ט", "maamad": "מוכר", "herkev_minim": "מעורב כיתות נפרדות", "kitot_regilot": 11, "kitot_mekadmot": 3}], "_orig_lon": 35.205022, "_orig_lat": 31.754085, "_position_source": "moch_lot_landuse_xplan_any", "_lot_taba": "62", "_orig_coords_pre_fix": [35.20851904535361, 31.77962685043328]}, "geometry": {"type": "Point", "coordinates": [35.205204, 31.754444]}}, {"type": "Feature", "properties": {"address": "אליעזר הגדול 4", "institutions": [{"name": "גוננים – התחלה חכמה", "semel_chinuch": null, "students": null, "classes": 3, "type": "מעון"}], "_split_from": "אליעזר הגדול 4", "institutions_count": 1, "total_students": 0, "primary_type": "מעון"}, "geometry": {"type": "Point", "coordinates": [35.205204, 31.754444]}}, {"type": "Feature", "properties": {"address": "אלכסנדריון 23", "institutions_count": 4, "total_students": 830, "primary_type": "גן", "institutions": [{"name": "גוננים, אלכסנדריון 23 קשת - חט\"צ", "semel_chinuch": 336925, "students": 32, "type": "גן", "pikuach": "ממלכתי", "shuna": "גונן קטמון א'  - ט", "maamad": "רשמי", "herkev_minim": "מעורב כיתות נפרדות"}, {"name": "גוננים, אלכסנדריון 23, קשת - חט\"צ", "semel_chinuch": 902973, "students": 34, "type": "גן", "pikuach": "ממלכתי", "shuna": "גונן קטמון א'  - ט", "maamad": "רשמי", "herkev_minim": "מעורב כיתות נפרדות"}, {"name": "מ\"מ קשת- בי\"ס משלב", "semel_chinuch": 114389, "students": 368, "type": "יסודי", "pikuach": "ממלכתי", "shuna": "גונן קטמון א'  - ט", "maamad": "רשמי", "herkev_minim": "מעורב כיתות מעורבות", "kitot_regilot": 12, "kitot_mekadmot": 3}, {"name": "קשת", "semel_chinuch": 160242, "students": 396, "type": "יסודי/תיכון", "pikuach": "ממלכתי", "shuna": "גונן קטמון א'  - ט", "maamad": "רשמי", "herkev_minim": "מעורב כיתות מעורבות", "kitot_regilot": 12, "kitot_mekadmot": 8}], "_orig_lon": 35.203169, "_orig_lat": 31.752861, "_position_source": "moch_lot_yiud_karka_any", "_lot_taba": "1365"}, "geometry": {"type": "Point", "coordinates": [35.204559217682174, 31.75301852869038]}}, {"type": "Feature", "properties": {"address": "אלעזר בן יאיר 38", "institutions_count": 1, "total_students": 26, "primary_type": "גן", "institutions": [{"name": "חב\"ד-קטמון-אלעזר בן יאיר 38 חובה", "semel_chinuch": 450114, "students": 26, "type": "גן", "pikuach": "חרדי", "shuna": "גונן קטמון א'  - ט", "maamad": "מוכר", "herkev_minim": "בנות"}], "_reverted_from": [35.20851904535361, 31.77962685043328], "_revert_reason": "reposition moved 3175m — likely wrong landuse_xplan match"}, "geometry": {"type": "Point", "coordinates": [35.20233, 31.751561]}}, {"type": "Feature", "properties": {"address": "אלעזר המודעי 17", "institutions_count": 1, "total_students": 249, "primary_type": "יסודי", "institutions": [{"name": "ממ\"ד יונתן זקס חוקר ויוצר", "semel_chinuch": 647578, "students": 249, "type": "יסודי", "pikuach": "ממלכתי דתי", "shuna": "גונן קטמון א'  - ט", "maamad": "רשמי", "herkev_minim": "מעורב כיתות מעורבות", "kitot_regilot": 13, "kitot_mekadmot": 1}], "_orig_coords_pre_fix": [35.206157, 31.754366]}, "geometry": {"type": "Point", "coordinates": [35.213512, 31.762146]}}, {"type": "Feature", "properties": {"address": "אלעזר המודעי 17", "institutions": [{"name": "רוזמרין - נעמת", "semel_chinuch": null, "students": null, "classes": 3, "type": "מעון"}], "_split_from": "אלעזר המודעי 17", "institutions_count": 1, "total_students": 0, "primary_type": "מעון"}, "geometry": {"type": "Point", "coordinates": [35.213512, 31.762146]}}, {"type": "Feature", "properties": {"address": "אמציה 6", "institutions_count": 3, "total_students": 94, "primary_type": "גן", "institutions": [{"name": "גונן הוותיקה, רח אמציה 6, גן גפן", "semel_chinuch": 403089, "students": 31, "type": "גן", "pikuach": "ממלכתי", "shuna": "מושבה הגרמנית, גונן ", "maamad": "רשמי", "herkev_minim": "מעורב כיתות נפרדות"}, {"name": "גונן הוותיקה, רח אמציה 6, גן רימון", "semel_chinuch": 406389, "students": 31, "type": "גן", "pikuach": "ממלכתי דתי", "shuna": "מושבה הגרמנית, גונן ", "maamad": "רשמי", "herkev_minim": "מעורב כיתות נפרדות"}, {"name": "גונן הוותיקה, רח אמציה 6, גן תמר", "semel_chinuch": 405035, "students": 32, "type": "גן", "pikuach": "ממלכתי דתי", "shuna": "מושבה הגרמנית, גונן ", "maamad": "רשמי", "herkev_minim": "מעורב כיתות נפרדות"}], "_orig_lon": 35.215095, "_orig_lat": 31.762187, "_position_source": "moch_lot_yiud_karka_any", "_lot_taba": "62"}, "geometry": {"type": "Point", "coordinates": [35.21359071961014, 31.76073515099413]}}, {"type": "Feature", "properties": {"address": "אנטיגנוס 18", "institutions_count": 1, "total_students": 32, "primary_type": "גן", "institutions": [{"name": "גוננים, רח אנטיגנוס 18, גן רימון", "semel_chinuch": 629451, "students": 32, "type": "גן", "pikuach": "ממלכתי דתי", "shuna": "גונן קטמון א'  - ט", "maamad": "רשמי", "herkev_minim": "מעורב כיתות מעורבות"}]}, "geometry": {"type": "Point", "coordinates": [35.206727, 31.756456]}}, {"type": "Feature", "properties": {"address": "אנטיגנוס 2", "institutions_count": 2, "total_students": 29, "primary_type": "גן", "institutions": [{"name": "גוננים, רח אנטיגנוס 2, גן נצח", "semel_chinuch": 419036, "students": 12, "type": "גן", "pikuach": "ממלכתי דתי", "shuna": "גונן קטמון א'  - ט", "maamad": "רשמי", "herkev_minim": "מעורב כיתות נפרדות"}, {"name": "גוננים, רח אנטיגנוס 2, גן שיבולים", "semel_chinuch": 402214, "students": 17, "type": "גן", "pikuach": "ממלכתי", "shuna": "גונן קטמון א'  - ט", "maamad": "רשמי", "herkev_minim": "מעורב כיתות נפרדות"}], "_orig_lon": 35.209186, "_orig_lat": 31.757185, "_position_source": "moch_lot_yiud_karka_taba", "_lot_taba": "1337"}, "geometry": {"type": "Point", "coordinates": [35.209881249875274, 31.75848737526872]}}, {"type": "Feature", "properties": {"address": "אנטיגנוס 22", "institutions_count": 1, "total_students": 34, "primary_type": "גן", "institutions": [{"name": "גוננים, רח אנטיגנוס 22, גן חמניה", "semel_chinuch": 464727, "students": 34, "type": "גן", "pikuach": "ממלכתי דתי", "shuna": "גונן קטמון א'  - ט", "maamad": "רשמי", "herkev_minim": "מעורב כיתות נפרדות"}], "_orig_lon": 35.206727, "_orig_lat": 31.756456, "_position_source": "moch_lot_yiud_karka_taba", "_lot_taba": "2734"}, "geometry": {"type": "Point", "coordinates": [35.2061341501628, 31.75670662908043]}}, {"type": "Feature", "properties": {"address": "אריה בעהם 7", "institutions_count": 6, "total_students": 602, "primary_type": "גן", "institutions": [{"name": "מ\"מ דו לשוני (יהודי-ערבי)", "semel_chinuch": 162594, "students": 276, "type": "יסודי", "pikuach": "ממלכתי", "shuna": "גונן קטמון א'  - ט", "maamad": "רשמי", "herkev_minim": "מעורב כיתות מעורבות", "kitot_regilot": 12}, {"name": "מרכז שבילים", "semel_chinuch": 10005, "students": null, "type": "אחר", "pikuach": "ממלכתי", "shuna": "גונן קטמון א'  - ט", "maamad": "מוכר", "herkev_minim": "מעורב כיתות מעורבות"}, {"name": "פת דו לשוני רח אריה בעהם 7 - גן דו-לשוני", "semel_chinuch": 163212, "students": 24, "type": "גן", "pikuach": "ממלכתי", "shuna": "גונן קטמון א'  - ט", "maamad": "רשמי", "herkev_minim": "מעורב כיתות נפרדות"}, {"name": "פת דו לשוני רח אריה בעהם 7 - גן יד ביד", "semel_chinuch": 224162, "students": 25, "type": "גן", "pikuach": "ממלכתי", "shuna": "גונן קטמון א'  - ט", "maamad": "רשמי", "herkev_minim": "מעורב כיתות נפרדות"}, {"name": "פת דו לשוני רח אריה בעהם 7 - גן ענפי זית", "semel_chinuch": 569962, "students": 33, "type": "גן", "pikuach": "ממלכתי", "shuna": "גונן קטמון א'  - ט", "maamad": "רשמי", "herkev_minim": "מעורב כיתות מעורבות"}, {"name": "תיכון יד ביד", "semel_chinuch": 346494, "students": 244, "type": "תיכון", "pikuach": "ממלכתי", "shuna": "גונן קטמון א'  - ט", "maamad": "מוכר", "herkev_minim": "מעורב כיתות מעורבות", "kitot_regilot": 11}], "_orig_lon": 35.199977, "_orig_lat": 31.751644, "_position_source": "moch_lot_yiud_karka_any", "_lot_taba": "101-209593 101-209593"}, "geometry": {"type": "Point", "coordinates": [35.19964404011842, 31.750768289397655]}}, {"type": "Feature", "properties": {"address": "ארלוזורוב 22", "institutions_count": 4, "total_students": 80, "primary_type": "גן", "institutions": [{"name": "ליקויי שמיעה 1", "semel_chinuch": 901959, "students": 5, "type": "גן חינוך מיוחד", "pikuach": "ממלכתי", "shuna": "רחביה", "maamad": "רשמי", "herkev_minim": "מעורב כיתות נפרדות"}, {"name": "רחביה רח ארלוזורוב 22 - גן אורן", "semel_chinuch": 403840, "students": 24, "type": "גן", "pikuach": "ממלכתי", "shuna": "רחביה", "maamad": "רשמי", "herkev_minim": "מעורב כיתות מעורבות"}, {"name": "רחביה רח ארלוזורוב 22 - גן אלון", "semel_chinuch": 403881, "students": 22, "type": "גן", "pikuach": "ממלכתי", "shuna": "רחביה", "maamad": "רשמי", "herkev_minim": "מעורב כיתות נפרדות"}, {"name": "רחביה רח ארלוזורוב 22 דתי - גן לבבות", "semel_chinuch": 569905, "students": 29, "type": "גן", "pikuach": "ממלכתי דתי", "shuna": "רחביה", "maamad": "רשמי", "herkev_minim": "מעורב כיתות מעורבות"}], "_orig_lon": 35.216039, "_orig_lat": 31.771704, "_position_source": "moch_lot_yiud_karka_taba", "_lot_taba": "9988"}, "geometry": {"type": "Point", "coordinates": [35.21574374667429, 31.771992130791745]}}, {"type": "Feature", "properties": {"address": "ארלוזורוב 8", "institutions_count": 1, "total_students": 24, "primary_type": "גן", "institutions": [{"name": "ש.חסד-\"לקח טוב\" אורלוזרוב 8 גיל 4", "semel_chinuch": 656900, "students": 24, "type": "גן", "pikuach": "חרדי", "shuna": "רחביה", "maamad": "מוכר", "herkev_minim": "מעורב כיתות נפרדות"}]}, "geometry": {"type": "Point", "coordinates": [35.215651, 31.773719]}}, {"type": "Feature", "properties": {"address": "בוסתנאי 10", "institutions_count": 1, "total_students": 311, "primary_type": "יסודי", "institutions": [{"name": "ממ\"ד חורב בנות", "semel_chinuch": 447466, "students": 311, "type": "יסודי", "pikuach": "ממלכתי דתי", "shuna": "מושבה הגרמנית, גונן ", "maamad": "רשמי", "herkev_minim": "בנות", "kitot_regilot": 12}]}, "geometry": {"type": "Point", "coordinates": [35.211545, 31.76492]}}, {"type": "Feature", "properties": {"address": "בית הערבה 20", "institutions_count": 3, "total_students": 77, "primary_type": "גן", "institutions": [{"name": "ארנונה, בית הערבה 20, גן אנפה", "semel_chinuch": 405209, "students": 21, "type": "גן", "pikuach": "ממלכתי", "shuna": "תלפיות ארנונה, מקור ", "maamad": "רשמי", "herkev_minim": "מעורב כיתות מעורבות"}, {"name": "ארנונה, בית הערבה 20, גן קנרית", "semel_chinuch": 405217, "students": 27, "type": "גן", "pikuach": "ממלכתי", "shuna": "תלפיות ארנונה, מקור ", "maamad": "רשמי", "herkev_minim": "מעורב כיתות מעורבות"}, {"name": "שובך, בית הערבה 20, שובך", "semel_chinuch": 316067, "students": 29, "type": "גן", "pikuach": "ממלכתי דתי", "shuna": "תלפיות ארנונה, מקור ", "maamad": "רשמי", "herkev_minim": "מעורב כיתות מעורבות"}], "_orig_lon": 35.220961, "_orig_lat": 31.749522, "_position_source": "moch_lot_yiud_karka_any", "_lot_taba": "1454א 1454א"}, "geometry": {"type": "Point", "coordinates": [35.22054585266551, 31.749701480693485]}}, {"type": "Feature", "properties": {"address": "בית הערבה 7", "institutions_count": 1, "total_students": 0, "primary_type": "תיכון", "institutions": [{"name": "אורט בית הערבה", "semel_chinuch": 170720, "students": null, "type": "תיכון", "pikuach": "ממלכתי", "shuna": "תלפיות ארנונה, מקור ", "maamad": "מוכר", "herkev_minim": "מעורב כיתות מעורבות"}], "_orig_lon": 35.221436, "_orig_lat": 31.749517, "_position_source": "moch_lot_yiud_karka_taba", "_lot_taba": "1721א"}, "geometry": {"type": "Point", "coordinates": [35.22179133770356, 31.749875610098368]}}, {"type": "Feature", "properties": {"address": "ביתר 8", "institutions_count": 1, "total_students": 410, "primary_type": "יסודי/תיכון", "institutions": [{"name": "המסורתי", "semel_chinuch": 140962, "students": 410, "type": "יסודי/תיכון", "pikuach": "ממלכתי", "shuna": "גאולים בקעה גבעת חננ", "maamad": "רשמי", "herkev_minim": "מעורב כיתות מעורבות", "kitot_regilot": 15, "kitot_mekadmot": 6}], "_orig_lon": 35.223214, "_orig_lat": 31.754293, "_position_source": "moch_lot_yiud_karka_any", "_lot_taba": "במ/2954ג"}, "geometry": {"type": "Point", "coordinates": [35.22343744492629, 31.754588162607764]}}, {"type": "Feature", "properties": {"address": "בר יוחאי 17", "institutions_count": 1, "total_students": 11, "primary_type": "גן", "institutions": [{"name": "גן נתיבי אחיעזר אור לילד 2", "semel_chinuch": 710152, "students": 11, "type": "גן", "pikuach": "חרדי", "shuna": "גונן קטמון א'  - ט", "maamad": "מוכר", "herkev_minim": "מעורב כיתות מעורבות"}], "_orig_lon": 35.194247, "_orig_lat": 31.752697, "_position_source": "moch_lot_yiud_karka_any", "_lot_taba": "2005-05-06 00:00:00"}, "geometry": {"type": "Point", "coordinates": [35.19366525009498, 31.753044265040312]}}, {"type": "Feature", "properties": {"address": "בר יוחאי 5", "institutions_count": 4, "total_students": 158, "primary_type": "גן חינוך מיוחד", "institutions": [{"name": "ליקויי ראייה 3", "semel_chinuch": 773655, "students": 6, "type": "גן חינוך מיוחד", "pikuach": "ממלכתי", "shuna": "גונן קטמון א'  - ט", "maamad": "רשמי", "herkev_minim": "מעורב כיתות מעורבות"}, {"name": "קדמה", "semel_chinuch": 144592, "students": 126, "type": "יסודי", "pikuach": "ממלכתי", "shuna": "גונן קטמון א'  - ט", "maamad": "רשמי", "herkev_minim": "מעורב כיתות מעורבות", "kitot_regilot": 6}, {"name": "קטמון, רח בר יוחאי 5, גן תפארת", "semel_chinuch": 196444, "students": 16, "type": "גן", "pikuach": "ממלכתי דתי", "shuna": "גונן קטמון א'  - ט", "maamad": "רשמי", "herkev_minim": "מעורב כיתות נפרדות"}, {"name": "גן שפה", "semel_chinuch": 902171, "students": 10, "type": "גן חינוך מיוחד", "pikuach": "ממלכתי", "shuna": "קטמונים ח-ט", "classes": 1, "sug_chinuch": "חינוך מיוחד", "_added_from_yotam": true}], "_orig_lon": 35.197991, "_orig_lat": 31.753604, "_position_source": "moch_lot_yiud_karka_any", "_lot_taba": "2004-05-06 00:00:00"}, "geometry": {"type": "Point", "coordinates": [35.19842826636122, 31.752475911304728]}}, {"type": "Feature", "properties": {"address": "ברזילי 4", "institutions_count": 1, "total_students": 35, "primary_type": "גן", "institutions": [{"name": "ארנונה, ברזילי 4, גן החורשה", "semel_chinuch": 406348, "students": 35, "type": "גן", "pikuach": "ממלכתי דתי", "shuna": "תלפיות ארנונה, מקור ", "maamad": "רשמי", "herkev_minim": "מעורב כיתות מעורבות"}], "_orig_lon": 35.221815, "_orig_lat": 31.751759, "_position_source": "moch_lot_yiud_karka_taba", "_lot_taba": "1721"}, "geometry": {"type": "Point", "coordinates": [35.22252612088859, 31.75238213248542]}}, {"type": "Feature", "properties": {"address": "ברניקי 20", "institutions_count": 4, "total_students": 71, "primary_type": "גן", "institutions": [{"name": "גוננים, רח ברניקי 20, גן אשחר", "semel_chinuch": 527770, "students": 31, "type": "גן", "pikuach": "ממלכתי דתי", "shuna": "גונן קטמון א'  - ט", "maamad": "רשמי", "herkev_minim": "מעורב כיתות מעורבות"}, {"name": "גוננים, רח ברניקי 21, גן רוזמרין", "semel_chinuch": 534586, "students": 24, "type": "גן", "pikuach": "ממלכתי דתי", "shuna": "גונן קטמון א'  - ט", "maamad": "רשמי", "herkev_minim": "מעורב כיתות מעורבות"}, {"name": "תקשורת 14", "semel_chinuch": 464891, "students": 8, "type": "גן חינוך מיוחד", "pikuach": "ממלכתי", "shuna": "גונן קטמון א'  - ט", "maamad": "רשמי", "herkev_minim": "מעורב כיתות נפרדות"}, {"name": "גן תקשורת רמות", "semel_chinuch": 130559, "students": 8, "type": "גן חינוך מיוחד", "pikuach": "ממלכתי", "shuna": "גוננים א-ו", "classes": 1, "sug_chinuch": "חינוך מיוחד", "_added_from_yotam": true}], "_orig_lon": 35.199909, "_orig_lat": 31.757289, "_position_source": "moch_lot_yiud_karka_taba", "_lot_taba": "1104"}, "geometry": {"type": "Point", "coordinates": [35.201538646962575, 31.758079842856308]}}, {"type": "Feature", "properties": {"address": "גדעון 10", "institutions_count": 2, "total_students": 59, "primary_type": "גן", "institutions": [{"name": "בקעה, רח גדעון 10, גן חבצלת, מכללת אפרתה", "semel_chinuch": 525451, "students": 30, "type": "גן", "pikuach": "ממלכתי דתי", "shuna": "גאולים בקעה גבעת חננ", "maamad": "רשמי", "herkev_minim": "מעורב כיתות מעורבות"}, {"name": "בקעה, רח גדעון 10, גן רקפת, מכללת אפרתה", "semel_chinuch": 525444, "students": 29, "type": "גן", "pikuach": "ממלכתי דתי", "shuna": "גאולים בקעה גבעת חננ", "maamad": "רשמי", "herkev_minim": "מעורב כיתות מעורבות"}], "_orig_lon": 35.218976, "_orig_lat": 31.759671, "_position_source": "moch_lot_yiud_karka_any", "_lot_taba": "3770 3770"}, "geometry": {"type": "Point", "coordinates": [35.220164586038095, 31.760269987460717]}}, {"type": "Feature", "properties": {"address": "גנרל פייר קניג 14", "institutions_count": 1, "total_students": 84, "primary_type": "יסודי", "institutions": [{"name": "בית רחל שטראוס", "semel_chinuch": 120212, "students": 84, "type": "יסודי", "pikuach": "ממלכתי", "shuna": "תלפיות ארנונה, מקור ", "maamad": "רשמי", "herkev_minim": "מעורב כיתות מעורבות", "kitot_mekadmot": 14}], "_orig_lon": 35.214336, "_orig_lat": 31.756015, "_position_source": "moch_lot_yiud_karka_any", "_lot_taba": "1718"}, "geometry": {"type": "Point", "coordinates": [35.21380389359196, 31.755773852587218]}}, {"type": "Feature", "properties": {"address": "גנרל פייר קניג 16", "institutions_count": 1, "total_students": 431, "primary_type": "יסודי", "institutions": [{"name": "ממ\"ד תורני מקור חיים", "semel_chinuch": 113399, "students": 431, "type": "יסודי", "pikuach": "ממלכתי דתי", "shuna": "תלפיות ארנונה, מקור ", "maamad": "רשמי", "herkev_minim": "מעורב כיתות נפרדות", "kitot_regilot": 16, "kitot_mekadmot": 2}], "_orig_lon": 35.214414, "_orig_lat": 31.755606, "_position_source": "moch_lot_yiud_karka_any", "_lot_taba": "1718"}, "geometry": {"type": "Point", "coordinates": [35.21380389359196, 31.755773852587218]}}, {"type": "Feature", "properties": {"address": "גנרל פייר קניג 33", "institutions_count": 1, "total_students": 0, "primary_type": "גן", "institutions": [{"name": "גן עזר לחנוך דעת ותבונה", "semel_chinuch": 658120, "students": null, "type": "גן", "pikuach": "חרדי", "shuna": "תלפיות ארנונה, מקור ", "maamad": "מוכר", "herkev_minim": "בנים"}]}, "geometry": {"type": "Point", "coordinates": [35.214596, 31.754037]}}, {"type": "Feature", "properties": {"address": "גנרל פייר קניג 9", "institutions_count": 2, "total_students": 37, "primary_type": "גן", "institutions": [{"name": "בקעה, רח פייר קניג 9 , גן לילך מקור חיים", "semel_chinuch": 406421, "students": 19, "type": "גן", "pikuach": "ממלכתי דתי", "shuna": "גאולים בקעה גבעת חננ", "maamad": "רשמי", "herkev_minim": "מעורב כיתות מעורבות"}, {"name": "בקעה, רח פייר קניג 9, גן סחלב מקור חיים", "semel_chinuch": 406728, "students": 18, "type": "גן", "pikuach": "ממלכתי דתי", "shuna": "גאולים בקעה גבעת חננ", "maamad": "רשמי", "herkev_minim": "מעורב כיתות מעורבות"}], "_orig_lon": 35.215034, "_orig_lat": 31.756993, "_position_source": "moch_lot_yiud_karka_taba", "_lot_taba": "3770"}, "geometry": {"type": "Point", "coordinates": [35.215765632599414, 31.7564628837983]}}, {"type": "Feature", "properties": {"address": "דב יוסף 2", "institutions_count": 1, "total_students": 557, "primary_type": "תיכון", "institutions": [{"name": "אורט פלך בנים", "semel_chinuch": 170514, "students": 557, "type": "תיכון", "pikuach": "ממלכתי דתי", "shuna": "גונן קטמון א'  - ט", "maamad": "רשמי", "herkev_minim": "בנים", "kitot_regilot": 18, "kitot_mekadmot": 5}], "_orig_lon": 35.198651, "_orig_lat": 31.753196, "_position_source": "moch_lot_landuse_xplan_any", "_lot_taba": "2004-05-06 00:00:00"}, "geometry": {"type": "Point", "coordinates": [35.19817656182694, 31.753340196230553]}}, {"type": "Feature", "properties": {"address": "דוד אלרואי 5", "institutions_count": 2, "total_students": 40, "primary_type": "גן", "institutions": [{"name": "מושבה הגרמנית, רח אלרואי 5, גן חרצית", "semel_chinuch": 406496, "students": 32, "type": "גן", "pikuach": "ממלכתי דתי", "shuna": "מושבה הגרמנית, גונן ", "maamad": "רשמי", "herkev_minim": "מעורב כיתות נפרדות"}, {"name": "תקשורת 8", "semel_chinuch": 137984, "students": 8, "type": "גן חינוך מיוחד", "pikuach": "ממלכתי", "shuna": "מושבה הגרמנית, גונן ", "maamad": "רשמי", "herkev_minim": "מעורב כיתות מעורבות"}], "_orig_lon": 35.214426, "_orig_lat": 31.765076, "_position_source": "moch_lot_yiud_karka_taba", "_lot_taba": "1344"}, "geometry": {"type": "Point", "coordinates": [35.21439523443757, 31.765261047568707]}}, {"type": "Feature", "properties": {"address": "דוד שמעוני 17", "institutions_count": 1, "total_students": 29, "primary_type": "גן", "institutions": [{"name": "גבעת הוורדים, רח שמעוני 17, גן שחר", "semel_chinuch": 406405, "students": 29, "type": "גן", "pikuach": "ממלכתי דתי", "shuna": "רסקו גבעת מרדכי", "maamad": "רשמי", "herkev_minim": "מעורב כיתות נפרדות"}], "_orig_lon": 35.203973, "_orig_lat": 31.764763, "_position_source": "moch_lot_yiud_karka_taba", "_lot_taba": "1073א"}, "geometry": {"type": "Point", "coordinates": [35.20393250710858, 31.764680137989203]}}, {"type": "Feature", "properties": {"address": "דוד שמעוני 4", "institutions_count": 2, "total_students": 40, "primary_type": "גן", "institutions": [{"name": "גבעת הוורדים, רח שמעוני 4", "semel_chinuch": 773861, "students": 14, "type": "גן", "pikuach": "ממלכתי דתי", "shuna": "רסקו גבעת מרדכי", "maamad": "רשמי", "herkev_minim": "מעורב כיתות מעורבות"}, {"name": "גבעת הוורדים, רח שמעוני 4, גן תיאטרון", "semel_chinuch": 406017, "students": 26, "type": "גן", "pikuach": "ממלכתי דתי", "shuna": "רסקו גבעת מרדכי", "maamad": "רשמי", "herkev_minim": "מעורב כיתות מעורבות"}], "_orig_lon": 35.204926, "_orig_lat": 31.766219, "_position_source": "moch_lot_yiud_karka_taba", "_lot_taba": "1603"}, "geometry": {"type": "Point", "coordinates": [35.20486931824871, 31.766226120891144]}}, {"type": "Feature", "properties": {"address": "דונש בן לברט 15", "institutions_count": 2, "total_students": 863, "primary_type": "יסודי", "institutions": [{"name": "מ\"מ רחביה ע\"ש פולה בן-גוריון", "semel_chinuch": 110205, "students": 479, "type": "יסודי", "pikuach": "ממלכתי", "shuna": "רחביה", "maamad": "רשמי", "herkev_minim": "מעורב כיתות מעורבות", "kitot_regilot": 17, "kitot_mekadmot": 3}, {"name": "ממ\"ד אוולינה דה רוטשילד", "semel_chinuch": 110619, "students": 384, "type": "יסודי", "pikuach": "ממלכתי דתי", "shuna": "רחביה", "maamad": "רשמי", "herkev_minim": "בנות", "kitot_regilot": 14, "kitot_mekadmot": 2}], "_orig_lon": 35.209266, "_orig_lat": 31.770473, "_position_source": "moch_lot_yiud_karka_taba", "_lot_taba": "9988"}, "geometry": {"type": "Point", "coordinates": [35.20962300940452, 31.770831556038484]}}, {"type": "Feature", "properties": {"address": "דרך בית לחם 109", "institutions_count": 2, "total_students": 32, "primary_type": "גן", "institutions": [{"name": "תלפיות - דרך בית לחם 109", "semel_chinuch": 562025, "students": 13, "type": "גן", "pikuach": "חרדי", "shuna": "תלפיות ארנונה, מקור ", "maamad": "מוכר", "herkev_minim": "מעורב כיתות מעורבות"}, {"name": "תלפיות-בנות הרב מימון", "semel_chinuch": 562017, "students": 19, "type": "גן", "pikuach": "חרדי", "shuna": "תלפיות ארנונה, מקור ", "maamad": "מוכר", "herkev_minim": "בנים"}], "_orig_lon": 35.217762, "_orig_lat": 31.749909, "_position_source": "moch_lot_yiud_karka_any", "_lot_taba": "920"}, "geometry": {"type": "Point", "coordinates": [35.218080262714, 31.749918175119337]}}, {"type": "Feature", "properties": {"address": "דרך בית לחם 117", "institutions_count": 2, "total_students": 335, "primary_type": "יסודי", "institutions": [{"name": "מ\"מ זלמן ארן", "semel_chinuch": 111112, "students": 304, "type": "יסודי", "pikuach": "ממלכתי", "shuna": "תלפיות ארנונה, מקור ", "maamad": "רשמי", "herkev_minim": "מעורב כיתות מעורבות", "kitot_regilot": 13, "kitot_mekadmot": 4}, {"name": "תלפיות, דרך בית לחם 117, זלמן ארן - חט\"צ , גן אורן", "semel_chinuch": 578609, "students": 31, "type": "גן", "pikuach": "ממלכתי", "shuna": "תלפיות ארנונה, מקור ", "maamad": "רשמי", "herkev_minim": "מעורב כיתות מעורבות"}], "_orig_lon": 35.216825, "_orig_lat": 31.748319, "_position_source": "moch_lot_yiud_karka_any", "_lot_taba": "920 920"}, "geometry": {"type": "Point", "coordinates": [35.21734348804242, 31.748239042081174]}}, {"type": "Feature", "properties": {"address": "דרך בית לחם 120", "institutions_count": 1, "total_students": 113, "primary_type": "יסודי", "institutions": [{"name": "ניצנים", "semel_chinuch": 120154, "students": 113, "type": "יסודי", "pikuach": "ממלכתי דתי", "shuna": "תלפיות ארנונה, מקור ", "maamad": "רשמי", "herkev_minim": "מעורב כיתות מעורבות"}], "_orig_lon": 35.218794, "_orig_lat": 31.753329, "_position_source": "moch_lot_yiud_karka_any", "_lot_taba": "1503"}, "geometry": {"type": "Point", "coordinates": [35.218418097918885, 31.753057833401407]}}, {"type": "Feature", "properties": {"address": "דרך בית לחם 124", "institutions_count": 9, "total_students": 76, "primary_type": "גן חינוך מיוחד", "institutions": [{"name": "גן תצפית-1", "semel_chinuch": 405498, "students": 8, "type": "גן חינוך מיוחד", "pikuach": "ממלכתי", "shuna": "תלפיות ארנונה, מקור ", "maamad": "רשמי", "herkev_minim": "מעורב כיתות נפרדות"}, {"name": "גן תצפית-2", "semel_chinuch": 405514, "students": 9, "type": "גן חינוך מיוחד", "pikuach": "ממלכתי", "shuna": "תלפיות ארנונה, מקור ", "maamad": "רשמי", "herkev_minim": "מעורב כיתות נפרדות"}, {"name": "גן תצפית-3", "semel_chinuch": 405522, "students": 9, "type": "גן חינוך מיוחד", "pikuach": "ממלכתי", "shuna": "תלפיות ארנונה, מקור ", "maamad": "רשמי", "herkev_minim": "מעורב כיתות נפרדות"}, {"name": "גן תצפית-4", "semel_chinuch": 421776, "students": 9, "type": "גן חינוך מיוחד", "pikuach": "ממלכתי", "shuna": "תלפיות ארנונה, מקור ", "maamad": "רשמי", "herkev_minim": "מעורב כיתות נפרדות"}, {"name": "גן תצפית-5", "semel_chinuch": 405571, "students": 8, "type": "גן חינוך מיוחד", "pikuach": "ממלכתי", "shuna": "תלפיות ארנונה, מקור ", "maamad": "רשמי", "herkev_minim": "מעורב כיתות נפרדות"}, {"name": "גן תצפית-6", "semel_chinuch": 804518, "students": 9, "type": "גן חינוך מיוחד", "pikuach": "ממלכתי", "shuna": "תלפיות ארנונה, מקור ", "maamad": "רשמי", "herkev_minim": "מעורב כיתות נפרדות"}, {"name": "גן תצפית-8", "semel_chinuch": 163857, "students": 8, "type": "גן חינוך מיוחד", "pikuach": "ממלכתי", "shuna": "תלפיות ארנונה, מקור ", "maamad": "רשמי", "herkev_minim": "מעורב כיתות נפרדות"}, {"name": "גן תצפית-9", "semel_chinuch": 464925, "students": 8, "type": "גן חינוך מיוחד", "pikuach": "ממלכתי", "shuna": "תלפיות ארנונה, מקור ", "maamad": "רשמי", "herkev_minim": "מעורב כיתות נפרדות"}, {"name": "גן תצפית-7", "semel_chinuch": 151134, "students": 8, "type": "גן חינוך מיוחד", "pikuach": "ממלכתי", "shuna": "תלפיות ארנונה, מקור ", "maamad": "רשמי", "herkev_minim": "מעורב כיתות נפרדות"}], "_orig_lon": 35.217511, "_orig_lat": 31.750796, "_position_source": "moch_lot_yiud_karka_any", "_lot_taba": "1503"}, "geometry": {"type": "Point", "coordinates": [35.218418097918885, 31.753057833401407]}}, {"type": "Feature", "properties": {"address": "דרך בית לחם 97", "institutions_count": 2, "total_students": 46, "primary_type": "גן", "institutions": [{"name": "תלפיות, רח דרך בית לחם 97, גן גפן", "semel_chinuch": 418954, "students": 23, "type": "גן", "pikuach": "ממלכתי דתי", "shuna": "תלפיות ארנונה, מקור ", "maamad": "רשמי", "herkev_minim": "מעורב כיתות מעורבות"}, {"name": "תלפיות, רח דרך בית לחם 97, גן חיננית", "semel_chinuch": 372094, "students": 23, "type": "גן", "pikuach": "ממלכתי דתי", "shuna": "תלפיות ארנונה, מקור ", "maamad": "רשמי", "herkev_minim": "מעורב כיתות מעורבות"}], "_orig_lon": 35.218745, "_orig_lat": 31.751494, "_position_source": "moch_lot_yiud_karka_any", "_lot_taba": "1516"}, "geometry": {"type": "Point", "coordinates": [35.21902601180143, 31.7514638913267]}}, {"type": "Feature", "properties": {"address": "דרך חברון 114", "institutions_count": 1, "total_students": 11, "primary_type": "גן", "institutions": [{"name": "תלפיות-בנים הרב מימון", "semel_chinuch": 786400, "students": 11, "type": "גן", "pikuach": "חרדי", "shuna": "תלפיות ארנונה, מקור ", "maamad": "מוכר", "herkev_minim": "בנים"}]}, "geometry": {"type": "Point", "coordinates": [35.219334, 31.751828]}}, {"type": "Feature", "properties": {"address": "דרך חברון 132", "institutions_count": 1, "total_students": 256, "primary_type": "יסודי", "institutions": [{"name": "ממ\"ד אהבת ישראל- בנות", "semel_chinuch": 246041, "students": 256, "type": "יסודי", "pikuach": "ממלכתי דתי", "shuna": "תלפיות ארנונה, מקור ", "maamad": "רשמי", "herkev_minim": "בנות", "kitot_regilot": 9, "kitot_mekadmot": 2}], "_orig_lon": 35.216542, "_orig_lat": 31.748648, "_position_source": "moch_lot_yiud_karka_any", "_lot_taba": "920"}, "geometry": {"type": "Point", "coordinates": [35.21786149679079, 31.748887794211726]}}, {"type": "Feature", "properties": {"address": "דרך חברון 98", "institutions_count": 2, "total_students": 53, "primary_type": "גן", "institutions": [{"name": "שלהבות חב\"ד - קטמון", "semel_chinuch": 674549, "students": 33, "type": "גן", "pikuach": "חרדי", "shuna": "גאולים בקעה גבעת חננ", "maamad": "מוכר", "herkev_minim": "מעורב כיתות מעורבות"}, {"name": "תלפיות-בנים הרב מימון", "semel_chinuch": 768101, "students": 20, "type": "גן"}]}, "geometry": {"type": "Point", "coordinates": [35.220349, 31.754186]}}, {"type": "Feature", "properties": {"address": "דרך משה ברעם 1", "institutions_count": 2, "total_students": 148, "primary_type": "יסודי", "institutions": [{"name": "בית יעקב \"נפש\" בנים", "semel_chinuch": 113498, "students": 136, "type": "יסודי", "pikuach": "חרדי", "shuna": "תלפיות ארנונה, מקור ", "maamad": "מוכר", "herkev_minim": "בנים"}, {"name": "בית צפפה משה ברעם 26 (מתחם איתרי) אתרוג", "semel_chinuch": 656447, "students": 12, "type": "גן", "pikuach": "חרדי", "shuna": "תלפיות ארנונה, מקור ", "maamad": "מוכר", "herkev_minim": "מעורב כיתות מעורבות"}], "_reverted_from": [35.20851904535361, 31.77962685043328], "_revert_reason": "reposition moved 3212m — likely wrong landuse_xplan match"}, "geometry": {"type": "Point", "coordinates": [35.204064, 31.750988]}}, {"type": "Feature", "properties": {"address": "דרך משה ברעם 26", "institutions_count": 4, "total_students": 217, "primary_type": "גן", "institutions": [{"name": "בית צפפה חזון מאיר ובית ישראל בר עם 26", "semel_chinuch": 656918, "students": 19, "type": "גן", "pikuach": "חרדי", "shuna": "תלפיות ארנונה, מקור ", "maamad": "מוכר", "herkev_minim": "בנים"}, {"name": "בית צפפה חזון מאיר ובית ישראל בר עם 26", "semel_chinuch": 719161, "students": 20, "type": "גן", "pikuach": "חרדי", "shuna": "תלפיות ארנונה, מקור ", "maamad": "מוכר", "herkev_minim": "בנים"}, {"name": "בית צפפה חזון מאיר ובית ישראל ברעם 26", "semel_chinuch": 766311, "students": 27, "type": "גן", "pikuach": "חרדי", "shuna": "תלפיות ארנונה, מקור ", "maamad": "מוכר", "herkev_minim": "בנים"}, {"name": "חזון מאיר ובית ישראל", "semel_chinuch": 731745, "students": 151, "type": "יסודי", "pikuach": "חרדי", "shuna": "תלפיות ארנונה, מקור ", "maamad": "מוכר", "herkev_minim": "בנים"}], "_reverted_from": [35.20851904535361, 31.77962685043328], "_revert_reason": "reposition moved 3207m — likely wrong landuse_xplan match"}, "geometry": {"type": "Point", "coordinates": [35.204204, 31.75102]}}, {"type": "Feature", "properties": {"address": "הורקניה 19", "institutions_count": 2, "total_students": 101, "primary_type": "יסודי", "institutions": [{"name": "אילנות", "semel_chinuch": 120287, "students": 71, "type": "יסודי", "pikuach": "ממלכתי", "shuna": "גונן קטמון א'  - ט", "maamad": "רשמי", "herkev_minim": "מעורב כיתות מעורבות"}, {"name": "גוננים, רח הורקניה 19", "semel_chinuch": 654186, "students": 30, "type": "גן", "pikuach": "ממלכתי דתי", "shuna": "גונן קטמון א'  - ט", "maamad": "רשמי", "herkev_minim": "מעורב כיתות מעורבות"}]}, "geometry": {"type": "Point", "coordinates": [35.201321, 31.757292]}}, {"type": "Feature", "properties": {"address": "הורקניה 21", "institutions_count": 1, "total_students": 617, "primary_type": "יסודי", "institutions": [{"name": "ממ\"ד גוננים", "semel_chinuch": 436725, "students": 617, "type": "יסודי", "pikuach": "ממלכתי דתי", "shuna": "גונן קטמון א'  - ט", "maamad": "רשמי", "herkev_minim": "מעורב כיתות מעורבות", "kitot_regilot": 21, "kitot_mekadmot": 1}], "_orig_lon": 35.202114, "_orig_lat": 31.757869, "_position_source": "moch_lot_yiud_karka_taba", "_lot_taba": "1365", "_orig_coords_pre_fix": [35.204044451839216, 31.75447684308311]}, "geometry": {"type": "Point", "coordinates": [35.201299, 31.757835]}}, {"type": "Feature", "properties": {"address": "אנטיגונוס 18", "institutions": [{"name": "גונן רח אנטיגונוס 18", "semel_chinuch": 534578, "students": 33, "type": "גן", "pikuach": "ממלכתי דתי", "shuna": "גונן קטמון א'  - ט", "maamad": "רשמי", "herkev_minim": "מעורב כיתות מעורבות"}], "_split_from": "הורקניה 21", "institutions_count": 1, "total_students": 33, "primary_type": "גן"}, "geometry": {"type": "Point", "coordinates": [35.20749493, 31.75700534]}}, {"type": "Feature", "properties": {"address": "החיש 6", "institutions_count": 1, "total_students": 20, "primary_type": "גן", "institutions": [{"name": "חב\"ד-קטמון-שלהבות רחוב החי\"ש", "semel_chinuch": 772202, "students": 20, "type": "גן", "pikuach": "חרדי", "shuna": "מושבה הגרמנית, גונן ", "maamad": "מוכר", "herkev_minim": "מעורב כיתות מעורבות"}]}, "geometry": {"type": "Point", "coordinates": [35.208666, 31.761997]}}, {"type": "Feature", "properties": {"address": "הלה 12", "institutions_count": 1, "total_students": 26, "primary_type": "גן", "institutions": [{"name": "קטמון - הל\"ה 12- 4-5", "semel_chinuch": 454512, "students": 26, "type": "גן", "pikuach": "חרדי", "shuna": "מושבה הגרמנית, גונן ", "maamad": "מוכר", "herkev_minim": "מעורב כיתות נפרדות"}], "_reverted_from": [35.20851904535361, 31.77962685043328], "_revert_reason": "reposition moved 1536m — likely wrong landuse_xplan match"}, "geometry": {"type": "Point", "coordinates": [35.210394, 31.765903]}}, {"type": "Feature", "properties": {"address": "הלה 21", "institutions_count": 2, "total_students": 57, "primary_type": "גן", "institutions": [{"name": "קטמון - הל\"ה 21", "semel_chinuch": 554162, "students": 22, "type": "גן", "pikuach": "חרדי", "shuna": "מושבה הגרמנית, גונן ", "maamad": "מוכר", "herkev_minim": "מעורב כיתות מעורבות"}, {"name": "קטמון - הל\"ה 21", "semel_chinuch": 554170, "students": 35, "type": "גן", "pikuach": "חרדי", "shuna": "מושבה הגרמנית, גונן ", "maamad": "מוכר", "herkev_minim": "מעורב כיתות מעורבות"}], "_reverted_from": [35.21380964241157, 31.766256262180068], "_revert_reason": "reposition moved 414m — likely wrong landuse_xplan match"}, "geometry": {"type": "Point", "coordinates": [35.209669, 31.765037]}}, {"type": "Feature", "properties": {"address": "המליץ 8", "institutions_count": 2, "total_students": 48, "primary_type": "גן", "institutions": [{"name": "אנטרופוסופי גן השמש המליץ 8 -גן 1צעיר", "semel_chinuch": 550335, "students": 23, "type": "גן", "pikuach": "ממלכתי", "shuna": "מושבה הגרמנית, גונן ", "maamad": "מוכר", "herkev_minim": "מעורב כיתות נפרדות"}, {"name": "אנטרופוסופי גן השמש המליץ 8 -גן 2 סביונים", "semel_chinuch": 550343, "students": 25, "type": "גן", "pikuach": "ממלכתי", "shuna": "מושבה הגרמנית, גונן ", "maamad": "מוכר", "herkev_minim": "מעורב כיתות נפרדות"}], "_orig_lon": 35.219518, "_orig_lat": 31.764607, "_position_source": "moch_lot_yiud_karka_taba", "_lot_taba": "2878"}, "geometry": {"type": "Point", "coordinates": [35.219471229618584, 31.76473761799556]}}, {"type": "Feature", "properties": {"address": "הנוטרים 16", "institutions_count": 1, "total_students": 23, "primary_type": "גן", "institutions": [{"name": "קטמון, רח הנוטרים 16, גן זמרה", "semel_chinuch": 406835, "students": 23, "type": "גן", "pikuach": "ממלכתי דתי", "shuna": "גונן קטמון א'  - ט", "maamad": "רשמי", "herkev_minim": "מעורב כיתות מעורבות"}], "_reverted_from": [35.20851904535361, 31.77962685043328], "_revert_reason": "reposition moved 2974m — likely wrong landuse_xplan match"}, "geometry": {"type": "Point", "coordinates": [35.195447, 31.755302]}}, {"type": "Feature", "properties": {"address": "הפורצים 21", "institutions_count": 2, "total_students": 64, "primary_type": "גן", "institutions": [{"name": "גונן הוותיקה, רח הפורצים 21 ע\"ש רננה", "semel_chinuch": 803791, "students": 31, "type": "גן", "pikuach": "ממלכתי דתי", "shuna": "מושבה הגרמנית, גונן ", "maamad": "רשמי", "herkev_minim": "מעורב כיתות נפרדות"}, {"name": "גונן הוותיקה, רח הפורצים 21, גן דובדבן ע\"ש רננה", "semel_chinuch": 406090, "students": 33, "type": "גן", "pikuach": "ממלכתי דתי", "shuna": "מושבה הגרמנית, גונן ", "maamad": "רשמי", "herkev_minim": "מעורב כיתות נפרדות"}], "_reverted_from": [35.213765824424975, 31.766675480443336], "_revert_reason": "reposition moved 445m — likely wrong landuse_xplan match"}, "geometry": {"type": "Point", "coordinates": [35.209259, 31.765514]}}, {"type": "Feature", "properties": {"address": "הפלמח 57", "institutions_count": 1, "total_students": 134, "primary_type": "יסודי", "institutions": [{"name": "האר\"י", "semel_chinuch": 110981, "students": 134, "type": "יסודי", "pikuach": "חרדי", "shuna": "מושבה הגרמנית, גונן ", "maamad": "מוכר", "herkev_minim": "בנות"}], "_reverted_from": [35.21476966929105, 31.76322147505169], "_revert_reason": "reposition moved 717m — likely wrong landuse_xplan match"}, "geometry": {"type": "Point", "coordinates": [35.207265, 31.764139]}}, {"type": "Feature", "properties": {"address": "הפלמח 79", "institutions_count": 6, "total_students": 308, "primary_type": "גן חינוך מיוחד", "institutions": [{"name": "גונן הוותיקה, רח הפלמ\"ח 79, גן דובדבן, לוריא", "semel_chinuch": 639690, "students": 25, "type": "גן", "pikuach": "ממלכתי", "shuna": "רסקו גבעת מרדכי", "maamad": "רשמי", "herkev_minim": "מעורב כיתות מעורבות"}, {"name": "גונן הוותיקה, רח הפלמ\"ח 79, גן סול, לוריא", "semel_chinuch": 419044, "students": 9, "type": "גן חינוך מיוחד", "pikuach": "ממלכתי", "shuna": "רסקו גבעת מרדכי", "maamad": "רשמי", "herkev_minim": "מעורב כיתות מעורבות"}, {"name": "לוריא, הפלמ\"ח 79", "semel_chinuch": 452359, "students": 12, "type": "גן", "pikuach": "ממלכתי דתי", "shuna": "רסקו גבעת מרדכי", "maamad": "רשמי", "herkev_minim": "מעורב כיתות נפרדות"}, {"name": "מ\"מ לוריא לאומנויות", "semel_chinuch": 110270, "students": 248, "type": "יסודי", "pikuach": "ממלכתי", "shuna": "רסקו גבעת מרדכי", "maamad": "רשמי", "herkev_minim": "מעורב כיתות מעורבות", "kitot_regilot": 11, "kitot_mekadmot": 4}, {"name": "תקשורת 2", "semel_chinuch": 576199, "students": 7, "type": "גן חינוך מיוחד", "pikuach": "ממלכתי", "shuna": "גאולים בקעה גבעת חננ", "maamad": "רשמי", "herkev_minim": "מעורב כיתות מעורבות"}, {"name": "תקשורת 3", "semel_chinuch": 576181, "students": 7, "type": "גן חינוך מיוחד", "pikuach": "ממלכתי", "shuna": "קרית משה בית הכרם", "maamad": "רשמי", "herkev_minim": "מעורב כיתות מעורבות"}], "_orig_lon": 35.205769, "_orig_lat": 31.764504, "_position_source": "moch_lot_yiud_karka_any", "_lot_taba": "1097"}, "geometry": {"type": "Point", "coordinates": [35.204461183832045, 31.76274466141662]}}, {"type": "Feature", "properties": {"address": "הצפירה 19", "institutions_count": 1, "total_students": 0, "primary_type": "גן", "institutions": [{"name": "גן צביה", "semel_chinuch": 342071, "students": null, "type": "גן", "pikuach": "חרדי", "shuna": "מושבה הגרמנית, גונן ", "maamad": "מוכר", "herkev_minim": "מעורב כיתות מעורבות"}]}, "geometry": {"type": "Point", "coordinates": [35.217044, 31.765147]}}, {"type": "Feature", "properties": {"address": "הצפירה 29", "institutions_count": 3, "total_students": 460, "primary_type": "גן", "institutions": [{"name": "מושבה הגרמנית, רח הצפירה 29, גן דולב", "semel_chinuch": 405118, "students": 32, "type": "גן", "pikuach": "ממלכתי דתי", "shuna": "מושבה הגרמנית, גונן ", "maamad": "רשמי", "herkev_minim": "מעורב כיתות מעורבות"}, {"name": "מושבה הגרמנית, רח הצפירה 29, גן יקינטון", "semel_chinuch": 407197, "students": 21, "type": "גן", "pikuach": "ממלכתי דתי", "shuna": "מושבה הגרמנית, גונן ", "maamad": "רשמי", "herkev_minim": "מעורב כיתות נפרדות"}, {"name": "ממ\"ד יהודה-הלוי", "semel_chinuch": 110452, "students": 407, "type": "יסודי", "pikuach": "ממלכתי דתי", "shuna": "מושבה הגרמנית, גונן ", "maamad": "רשמי", "herkev_minim": "מעורב כיתות נפרדות", "kitot_regilot": 13, "kitot_mekadmot": 3}], "_orig_lon": 35.215243, "_orig_lat": 31.764945, "_position_source": "moch_lot_yiud_karka_taba", "_lot_taba": "2878"}, "geometry": {"type": "Point", "coordinates": [35.21506756859184, 31.7650955818186]}}, {"type": "Feature", "properties": {"address": "הקרן הקיימת לישראל 15", "institutions_count": 5, "total_students": 283, "primary_type": "גן", "institutions": [{"name": "גן עזר לחינוך 6", "semel_chinuch": 746123, "students": 35, "type": "גן", "pikuach": "חרדי", "shuna": "רחביה", "maamad": "מוכר", "herkev_minim": "בנים"}, {"name": "גן עזר לחינוך 7", "semel_chinuch": 746131, "students": 34, "type": "גן", "pikuach": "חרדי", "shuna": "רחביה", "maamad": "מוכר", "herkev_minim": "בנים"}, {"name": "ש.חסד-קק\"ל 15 גיל 3 בנים", "semel_chinuch": 454504, "students": 18, "type": "גן", "pikuach": "חרדי", "shuna": "רחביה", "maamad": "מוכר", "herkev_minim": "בנים"}, {"name": "ש.חסד-קק\"ל 15 גיל 4-5 בנים", "semel_chinuch": 473132, "students": 18, "type": "גן", "pikuach": "חרדי", "shuna": "נחלאות זכרון משה", "maamad": "מוכר", "herkev_minim": "בנים"}, {"name": "תלמוד תורה שערי חסד", "semel_chinuch": 643452, "students": 178, "type": "תלמוד תורה", "pikuach": "חרדי", "shuna": "רחביה", "maamad": "מוכר", "herkev_minim": "בנים"}], "_reverted_from": [35.20851904535361, 31.77962685043328], "_revert_reason": "reposition moved 677m — likely wrong landuse_xplan match"}, "geometry": {"type": "Point", "coordinates": [35.214816, 31.776734]}}, {"type": "Feature", "properties": {"address": "הרכבת 32", "institutions_count": 2, "total_students": 34, "primary_type": "גן", "institutions": [{"name": "בקעה, רח הרכבת 32, גן חרוב", "semel_chinuch": 534529, "students": 25, "type": "גן", "pikuach": "ממלכתי", "shuna": "מושבה הגרמנית, גונן ", "maamad": "רשמי", "herkev_minim": "מעורב כיתות מעורבות"}, {"name": "גן שפה 9", "semel_chinuch": 534362, "students": 9, "type": "גן חינוך מיוחד", "pikuach": "ממלכתי", "shuna": "מושבה הגרמנית, גונן ", "maamad": "רשמי", "herkev_minim": "מעורב כיתות מעורבות"}], "_orig_lon": 35.217658, "_orig_lat": 31.761077, "_position_source": "moch_lot_yiud_karka_taba", "_lot_taba": "1540ב"}, "geometry": {"type": "Point", "coordinates": [35.21746689132809, 31.761197816003104]}}, {"type": "Feature", "properties": {"address": "הרכבת 57", "institutions_count": 2, "total_students": 39, "primary_type": "גן", "institutions": [{"name": "כל הנשמה - הרכבת גן אפרוחים", "semel_chinuch": 563916, "students": 16, "type": "גן", "pikuach": "ממלכתי", "shuna": "גאולים בקעה גבעת חננ", "maamad": "מוכר", "herkev_minim": "מעורב כיתות נפרדות"}, {"name": "כל הנשמה - הרכבת 57 גן פשוש", "semel_chinuch": 563924, "students": 23, "type": "גן", "pikuach": "ממלכתי", "shuna": "גאולים בקעה גבעת חננ", "maamad": "מוכר", "herkev_minim": "מעורב כיתות נפרדות"}], "_orig_lon": 35.216296, "_orig_lat": 31.759603, "_position_source": "moch_lot_yiud_karka_taba", "_lot_taba": "3770"}, "geometry": {"type": "Point", "coordinates": [35.2160975378255, 31.759200846080812]}}, {"type": "Feature", "properties": {"address": "הרן 4", "institutions_count": 2, "total_students": 57, "primary_type": "גן", "institutions": [{"name": "ש.חסד-הרן 4- גיל 4", "semel_chinuch": 548263, "students": 32, "type": "גן", "pikuach": "חרדי", "shuna": "רחביה", "maamad": "מוכר", "herkev_minim": "בנות"}, {"name": "ש.חסד-הרן 4-חובה", "semel_chinuch": 553529, "students": 25, "type": "גן", "pikuach": "חרדי", "shuna": "רחביה", "maamad": "מוכר", "herkev_minim": "בנות"}], "_orig_lon": 35.212128, "_orig_lat": 31.776512, "_position_source": "moch_lot_yiud_karka_taba", "_lot_taba": "9988"}, "geometry": {"type": "Point", "coordinates": [35.21226602915803, 31.776179891121977]}}, {"type": "Feature", "properties": {"address": "הרן 8", "institutions_count": 1, "total_students": 0, "primary_type": "גן", "institutions": [{"name": "גן נעמה 4", "semel_chinuch": 672352, "students": null, "type": "גן", "pikuach": "חרדי", "shuna": "רחביה", "maamad": "מוכר", "herkev_minim": "מעורב כיתות מעורבות"}]}, "geometry": {"type": "Point", "coordinates": [35.212038, 31.776359]}}, {"type": "Feature", "properties": {"address": "השומר 21", "institutions_count": 2, "total_students": 26, "primary_type": "גן חינוך מיוחד", "institutions": [{"name": "גן שפה 2", "semel_chinuch": 576207, "students": 9, "type": "גן חינוך מיוחד", "pikuach": "ממלכתי", "shuna": "גונן קטמון א'  - ט", "maamad": "רשמי", "herkev_minim": "מעורב כיתות מעורבות"}, {"name": "קטמון, רח השומר 21, גן שיר", "semel_chinuch": 405977, "students": 17, "type": "גן", "pikuach": "ממלכתי דתי", "shuna": "גונן קטמון א'  - ט", "maamad": "רשמי", "herkev_minim": "מעורב כיתות נפרדות"}], "_orig_lon": 35.195281, "_orig_lat": 31.75402, "_position_source": "moch_lot_landuse_xplan_any", "_lot_taba": "2001-05-06 00:00:00"}, "geometry": {"type": "Point", "coordinates": [35.194357294809095, 31.754384052137482]}}, {"type": "Feature", "properties": {"address": "השומר 5", "institutions_count": 1, "total_students": 20, "primary_type": "גן", "institutions": [{"name": "קטמון, רח השומר 5, גן גבורה", "semel_chinuch": 405191, "students": 20, "type": "גן", "pikuach": "ממלכתי דתי", "shuna": "גונן קטמון א'  - ט", "maamad": "רשמי", "herkev_minim": "מעורב כיתות נפרדות"}], "_orig_lon": 35.197448, "_orig_lat": 31.75503, "_position_source": "moch_lot_yiud_karka_any", "_lot_taba": "2049"}, "geometry": {"type": "Point", "coordinates": [35.1974614636615, 31.754810952805652]}}, {"type": "Feature", "properties": {"address": "השופט חיים כהן 16", "institutions_count": 1, "total_students": 205, "primary_type": "יסודי", "institutions": [{"name": "בית חינוך יסודי ארנונה", "semel_chinuch": 647552, "students": 205, "type": "יסודי", "pikuach": "ממלכתי דתי", "shuna": "תלפיות ארנונה, מקור ", "maamad": "רשמי", "herkev_minim": "מעורב כיתות מעורבות", "kitot_regilot": 10, "kitot_mekadmot": 1}]}, "geometry": {"type": "Point", "coordinates": [35.219064, 31.744562]}}, {"type": "Feature", "properties": {"address": "השופט חיים כהן 20", "institutions_count": 1, "total_students": 152, "primary_type": "יסודי", "institutions": [{"name": "תדהר", "semel_chinuch": 120444, "students": 152, "type": "יסודי", "pikuach": "ממלכתי דתי", "shuna": "תלפיות ארנונה, מקור ", "maamad": "רשמי", "herkev_minim": "מעורב כיתות מעורבות", "kitot_mekadmot": 20}], "_reverted_from": [35.20654503445352, 31.75506465410047], "_revert_reason": "reposition moved 694m — likely wrong landuse_xplan match", "_position_source": "moch_lot_yiud_karka_any", "_position_note": "restored after over-eager revert; correct MOCH lot for ממ\"ד תדהר"}, "geometry": {"type": "Point", "coordinates": [35.20654503445352, 31.75506465410047]}}, {"type": "Feature", "properties": {"address": "רובוביץ 10", "institutions": [{"name": "תלפ\"ז רח רובוביץ 10 גן ניצן", "semel_chinuch": 405969, "students": 4, "type": "גן חינוך מיוחד", "pikuach": "ממלכתי", "shuna": "תלפיות ארנונה, מקור ", "maamad": "רשמי", "herkev_minim": "מעורב כיתות מעורבות"}], "_split_from": "השופט חיים כהן 20", "institutions_count": 1, "total_students": 4, "primary_type": "גן חינוך מיוחד"}, "geometry": {"type": "Point", "coordinates": [35.21782658, 31.74588492]}}, {"type": "Feature", "properties": {"address": "השופט חיים כהן 20", "institutions": [{"name": "לב ארנונה רבדים – התחלה חכמה", "semel_chinuch": null, "students": null, "classes": 3, "type": "מעון"}], "_split_from": "השופט חיים כהן 20", "institutions_count": 1, "total_students": 0, "primary_type": "מעון"}, "geometry": {"type": "Point", "coordinates": [35.21961929, 31.74430212]}}, {"type": "Feature", "properties": {"address": "וולטר אבלס 1", "institutions_count": 2, "total_students": 36, "primary_type": "גן", "institutions": [{"name": "ארנונה, רח וולטר אבלס 1, גן ברקן", "semel_chinuch": 452235, "students": 20, "type": "גן", "pikuach": "ממלכתי דתי", "shuna": "גאולים בקעה גבעת חננ", "maamad": "רשמי", "herkev_minim": "מעורב כיתות מעורבות"}, {"name": "ארנונה, רח וולטר אבלס 1, גן שושן צחור", "semel_chinuch": 578633, "students": 16, "type": "גן", "pikuach": "ממלכתי דתי", "shuna": "גאולים בקעה גבעת חננ", "maamad": "רשמי", "herkev_minim": "מעורב כיתות מעורבות"}], "_orig_lon": 35.220883, "_orig_lat": 31.753179, "_position_source": "moch_lot_yiud_karka_any", "_lot_taba": "א2954"}, "geometry": {"type": "Point", "coordinates": [35.22178990149672, 31.753622543685925]}}, {"type": "Feature", "properties": {"address": "זאב זבוטינסקי 33", "institutions_count": 2, "total_students": 72, "primary_type": "יסודי", "institutions": [{"name": "ממ\"ד שובך", "semel_chinuch": 177071, "students": 48, "type": "יסודי", "pikuach": "ממלכתי דתי", "shuna": "קוממיות טלביה מתחם", "maamad": "רשמי", "herkev_minim": "מעורב כיתות מעורבות", "kitot_regilot": 3}, {"name": "שובך, רחביה, רח זאב זבוטינסקי 33", "semel_chinuch": 765883, "students": 24, "type": "גן", "pikuach": "ממלכתי דתי", "shuna": "קוממיות טלביה מתחם", "maamad": "רשמי", "herkev_minim": "מעורב כיתות מעורבות"}]}, "geometry": {"type": "Point", "coordinates": [35.218073, 31.770857]}}, {"type": "Feature", "properties": {"address": "חוסה דה סן מרטין 17", "institutions_count": 2, "total_students": 30, "primary_type": "גן", "institutions": [{"name": "קטמון-סן מרטין 17 בנות רב גילאי", "semel_chinuch": 456285, "students": 14, "type": "גן", "pikuach": "חרדי", "shuna": "גונן קטמון א'  - ט", "maamad": "מוכר", "herkev_minim": "בנות"}, {"name": "קטמון-סן מרטין 17 בנים רב גילאי", "semel_chinuch": 470633, "students": 16, "type": "גן", "pikuach": "חרדי", "shuna": "גונן קטמון א'  - ט", "maamad": "מוכר", "herkev_minim": "מעורב כיתות נפרדות"}]}, "geometry": {"type": "Point", "coordinates": [35.193162, 31.753776]}}, {"type": "Feature", "properties": {"address": "חיל נשים 4", "institutions_count": 2, "total_students": 47, "primary_type": "גן", "institutions": [{"name": "קטמון-דרכי נועם חיל נשים 4 גיל 3-4", "semel_chinuch": 728824, "students": 24, "type": "גן", "pikuach": "חרדי", "shuna": "מושבה הגרמנית, גונן ", "maamad": "מוכר", "herkev_minim": "מעורב כיתות מעורבות"}, {"name": "קטמון-דרכי נועם חיל נשים 4 גיל 4-5", "semel_chinuch": 130476, "students": 23, "type": "גן", "pikuach": "חרדי", "shuna": "מושבה הגרמנית, גונן ", "maamad": "מוכר", "herkev_minim": "מעורב כיתות מעורבות"}], "_orig_lon": 35.208631, "_orig_lat": 31.762356, "_position_source": "moch_lot_yiud_karka_taba", "_lot_taba": "2878"}, "geometry": {"type": "Point", "coordinates": [35.20924077637928, 31.762782878306894]}}, {"type": "Feature", "properties": {"address": "טוביה 3", "institutions_count": 2, "total_students": 131, "primary_type": "גן", "institutions": [{"name": "גוננים, רח טוביה 3, גן לוונדר (גן מכיל)", "semel_chinuch": 639955, "students": 21, "type": "גן", "pikuach": "ממלכתי דתי", "shuna": "גונן קטמון א'  - ט", "maamad": "רשמי", "herkev_minim": "מעורב כיתות מעורבות"}, {"name": "עמל ע\"ש ליידי דיוויס", "semel_chinuch": 170175, "students": 110, "type": "על יסודי", "pikuach": "ממלכתי", "classes": 4, "herkev_minim": "מעורב - כיתות מעורבות", "maamad": "מוכר שאינו רשמי", "_added_from_pratei": true}]}, "geometry": {"type": "Point", "coordinates": [35.202168, 31.754361]}}, {"type": "Feature", "properties": {"address": "יהודה 16", "institutions_count": 1, "total_students": 30, "primary_type": "גן", "institutions": [{"name": "בקעה, רח יהודה 16 גן סביון", "semel_chinuch": 765867, "students": 30, "type": "גן", "pikuach": "ממלכתי דתי", "shuna": "גאולים בקעה גבעת חננ", "maamad": "רשמי", "herkev_minim": "מעורב כיתות מעורבות"}]}, "geometry": {"type": "Point", "coordinates": [35.219612, 31.757284]}}, {"type": "Feature", "properties": {"address": "יהודה 31", "institutions_count": 2, "total_students": 1070, "primary_type": "יסודי", "institutions": [{"name": "ממ\"ד אפרתה", "semel_chinuch": 112227, "students": 536, "type": "יסודי", "pikuach": "ממלכתי דתי", "shuna": "גאולים בקעה גבעת חננ", "maamad": "רשמי", "herkev_minim": "מעורב כיתות מעורבות", "kitot_regilot": 18, "kitot_mekadmot": 8}, {"name": "פלך - תורני ניסויי לבנות", "semel_chinuch": 140236, "students": 534, "type": "יסודי/תיכון", "pikuach": "ממלכתי דתי", "shuna": "גאולים בקעה גבעת חננ", "maamad": "מוכר", "herkev_minim": "בנות", "kitot_regilot": 18, "kitot_mekadmot": 3}], "_orig_lon": 35.217341, "_orig_lat": 31.757512, "_position_source": "moch_lot_yiud_karka_taba", "_lot_taba": "3770"}, "geometry": {"type": "Point", "coordinates": [35.21762915827161, 31.757251021491243]}}, {"type": "Feature", "properties": {"address": "יהודה הנשיא 10", "institutions_count": 1, "total_students": 24, "primary_type": "גן", "institutions": [{"name": "\"בגננו הקטן\" ע\"ש פרח יהודה הנשיא 10", "semel_chinuch": 429597, "students": 24, "type": "גן", "pikuach": "ממלכתי דתי", "shuna": "גונן קטמון א'  - ט", "maamad": "מוכר", "herkev_minim": "מעורב כיתות נפרדות"}], "_orig_lon": 35.200404, "_orig_lat": 31.756063, "_position_source": "moch_lot_yiud_karka_any", "_lot_taba": "4565א"}, "geometry": {"type": "Point", "coordinates": [35.20046665642834, 31.756205416365795]}}, {"type": "Feature", "properties": {"address": "יהודה הנשיא 26", "institutions_count": 1, "total_students": 215, "primary_type": "תיכון", "institutions": [{"name": "דנמרק-תיכון עירוני מקיף", "semel_chinuch": 140269, "students": 215, "type": "תיכון", "pikuach": "ממלכתי", "shuna": "גונן קטמון א'  - ט", "maamad": "מוכר", "herkev_minim": "מעורב כיתות מעורבות", "kitot_regilot": 7, "kitot_mekadmot": 7}], "_orig_lon": 35.203413, "_orig_lat": 31.754871, "_position_source": "moch_lot_yiud_karka_taba", "_lot_taba": "1365"}, "geometry": {"type": "Point", "coordinates": [35.204044451839216, 31.75447684308311]}}, {"type": "Feature", "properties": {"address": "יהושע בן נון 36", "institutions_count": 2, "total_students": 68, "primary_type": "גן", "institutions": [{"name": "גונן הוותיקה, רח יהושע בן נון 36, גן זית", "semel_chinuch": 406884, "students": 35, "type": "גן", "pikuach": "ממלכתי דתי", "shuna": "גונן קטמון א'  - ט", "maamad": "רשמי", "herkev_minim": "מעורב כיתות נפרדות"}, {"name": "גונן הוותיקה, רח יהושע בן נון 36, גן תאנה", "semel_chinuch": 407221, "students": 33, "type": "גן", "pikuach": "ממלכתי דתי", "shuna": "גונן קטמון א'  - ט", "maamad": "רשמי", "herkev_minim": "מעורב כיתות נפרדות"}], "_orig_lon": 35.213351, "_orig_lat": 31.760185, "_position_source": "moch_lot_yiud_karka_any", "_lot_taba": "822"}, "geometry": {"type": "Point", "coordinates": [35.21303491607717, 31.760253355145814]}}, {"type": "Feature", "properties": {"address": "יוסי בן יועזר 41", "institutions_count": 2, "total_students": 45, "primary_type": "גן", "institutions": [{"name": "גוננים, רח יוסי בן יועזר 41, גן אלומה", "semel_chinuch": 404376, "students": 20, "type": "גן", "pikuach": "ממלכתי", "shuna": "גונן קטמון א'  - ט", "maamad": "רשמי", "herkev_minim": "מעורב כיתות נפרדות"}, {"name": "גוננים, רח יוסי בן יועזר 41, גן הלל", "semel_chinuch": 406967, "students": 25, "type": "גן", "pikuach": "ממלכתי דתי", "shuna": "גונן קטמון א'  - ט", "maamad": "רשמי", "herkev_minim": "מעורב כיתות נפרדות"}], "_reverted_from": [35.20851904535361, 31.77962685043328], "_revert_reason": "reposition moved 2750m — likely wrong landuse_xplan match"}, "geometry": {"type": "Point", "coordinates": [35.207112, 31.754922]}}, {"type": "Feature", "properties": {"address": "יותם 1", "institutions_count": 1, "total_students": 109, "primary_type": "ישיבה", "institutions": [{"name": "אהל שמעון", "semel_chinuch": 140798, "students": 109, "type": "ישיבה", "pikuach": "חרדי", "shuna": "מושבה הגרמנית, גונן ", "maamad": "פטור", "herkev_minim": "בנים", "_type_corrected_from": "מעון"}], "_orig_lon": 35.214651, "_orig_lat": 31.763245, "_position_source": "moch_lot_yiud_karka_taba", "_lot_taba": "2878"}, "geometry": {"type": "Point", "coordinates": [35.21476966929105, 31.76322147505169]}}, {"type": "Feature", "properties": {"address": "יל דיסקין 17", "institutions_count": 13, "total_students": 149, "primary_type": "גן חינוך מיוחד", "institutions": [{"name": "וראייטי 1", "semel_chinuch": 464917, "students": 9, "type": "גן חינוך מיוחד", "pikuach": "ממלכתי", "shuna": "רחביה", "maamad": "רשמי", "herkev_minim": "מעורב כיתות נפרדות"}, {"name": "וראייטי 10", "semel_chinuch": 665281, "students": 8, "type": "גן חינוך מיוחד", "pikuach": "ממלכתי", "shuna": "רחביה", "maamad": "רשמי", "herkev_minim": "מעורב כיתות מעורבות"}, {"name": "וראייטי 11", "semel_chinuch": 665299, "students": 8, "type": "גן חינוך מיוחד", "pikuach": "ממלכתי", "shuna": "רחביה", "maamad": "רשמי", "herkev_minim": "מעורב כיתות מעורבות"}, {"name": "וראייטי 2", "semel_chinuch": 371864, "students": 9, "type": "גן חינוך מיוחד", "pikuach": "ממלכתי", "shuna": "רחביה", "maamad": "רשמי", "herkev_minim": "מעורב כיתות נפרדות"}, {"name": "וראייטי 3", "semel_chinuch": 336016, "students": 8, "type": "גן חינוך מיוחד", "pikuach": "ממלכתי", "shuna": "רחביה", "maamad": "רשמי", "herkev_minim": "מעורב כיתות נפרדות"}, {"name": "וראייטי 4", "semel_chinuch": 470658, "students": 10, "type": "גן חינוך מיוחד", "pikuach": "ממלכתי", "shuna": "רחביה", "maamad": "רשמי", "herkev_minim": "מעורב כיתות מעורבות"}, {"name": "וראייטי 5", "semel_chinuch": 518340, "students": 9, "type": "גן חינוך מיוחד", "pikuach": "ממלכתי", "shuna": "רחביה", "maamad": "רשמי", "herkev_minim": "מעורב כיתות מעורבות"}, {"name": "וראייטי 7", "semel_chinuch": 197749, "students": 9, "type": "גן חינוך מיוחד", "pikuach": "ממלכתי", "shuna": "רחביה", "maamad": "רשמי", "herkev_minim": "מעורב כיתות נפרדות"}, {"name": "וראייטי 8", "semel_chinuch": 226878, "students": 8, "type": "גן חינוך מיוחד", "pikuach": "ממלכתי", "shuna": "רחביה", "maamad": "רשמי", "herkev_minim": "מעורב כיתות נפרדות"}, {"name": "וראייטי 9", "semel_chinuch": 665273, "students": 8, "type": "גן חינוך מיוחד", "pikuach": "ממלכתי", "shuna": "רחביה", "maamad": "רשמי", "herkev_minim": "מעורב כיתות מעורבות"}, {"name": "קרית וולפסון וראייטי, דיסקין 17 - גן ארז", "semel_chinuch": 297820, "students": 15, "type": "גן", "pikuach": "ממלכתי", "shuna": "רחביה", "maamad": "רשמי", "herkev_minim": "מעורב כיתות נפרדות"}, {"name": "קרית וולפסון וראייטי, דיסקין 17 - גן גפן", "semel_chinuch": 526574, "students": 26, "type": "גן", "pikuach": "ממלכתי", "shuna": "רחביה", "maamad": "רשמי", "herkev_minim": "מעורב כיתות מעורבות"}, {"name": "קרית וולפסון וראייטי, דיסקין 17 - גן נרקיס", "semel_chinuch": 464875, "students": 22, "type": "גן", "pikuach": "ממלכתי", "shuna": "רחביה", "maamad": "רשמי", "herkev_minim": "מעורב כיתות נפרדות"}], "_orig_lon": 35.2104, "_orig_lat": 31.777474, "_position_source": "moch_lot_yiud_karka_any", "_lot_taba": "1015א"}, "geometry": {"type": "Point", "coordinates": [35.20977592557568, 31.77793922300931]}}, {"type": "Feature", "properties": {"address": "יל דיסקין 7", "institutions_count": 1, "total_students": 19, "primary_type": "גן", "institutions": [{"name": "קרית וולפסון רח דיסקין 7 - גן ניצנים", "semel_chinuch": 184846, "students": 19, "type": "גן", "pikuach": "ממלכתי", "shuna": "רחביה", "maamad": "רשמי", "herkev_minim": "מעורב כיתות נפרדות"}], "_orig_lon": 35.210361, "_orig_lat": 31.776001, "_position_source": "moch_lot_yiud_karka_any", "_lot_taba": "1015א"}, "geometry": {"type": "Point", "coordinates": [35.210081474938676, 31.776105384862195]}}, {"type": "Feature", "properties": {"address": "יצחק אלחנן 3", "institutions_count": 1, "total_students": 679, "primary_type": "תיכון", "institutions": [{"name": "תיכון לאומנויות", "semel_chinuch": 140806, "students": 679, "type": "תיכון", "pikuach": "ממלכתי", "shuna": "קוממיות טלביה מתחם", "maamad": "מוכר", "herkev_minim": "מעורב כיתות מעורבות", "kitot_regilot": 22, "kitot_mekadmot": 11}], "_reverted_from": [35.20851904535361, 31.77962685043328], "_revert_reason": "reposition moved 1608m — likely wrong landuse_xplan match"}, "geometry": {"type": "Point", "coordinates": [35.220953, 31.769754]}}, {"type": "Feature", "properties": {"address": "יצחק קצנלסון 3", "institutions_count": 3, "total_students": 34, "primary_type": "גן חינוך מיוחד", "institutions": [{"name": "גבעת הוורדים, רח כצנלסון 3, גן בוסתן", "semel_chinuch": 404160, "students": 19, "type": "גן", "pikuach": "ממלכתי", "shuna": "רסקו גבעת מרדכי", "maamad": "רשמי", "herkev_minim": "מעורב כיתות נפרדות"}, {"name": "לקויי ראייה 2", "semel_chinuch": 534370, "students": 7, "type": "גן חינוך מיוחד", "pikuach": "ממלכתי", "shuna": "גונן קטמון א'  - ט", "maamad": "רשמי", "herkev_minim": "מעורב כיתות מעורבות"}, {"name": "תקשורת 1", "semel_chinuch": 405472, "students": 8, "type": "גן חינוך מיוחד", "pikuach": "ממלכתי", "shuna": "רסקו גבעת מרדכי", "maamad": "רשמי", "herkev_minim": "מעורב כיתות נפרדות"}], "_orig_lon": 35.202557, "_orig_lat": 31.762703, "_position_source": "moch_lot_yiud_karka_any", "_lot_taba": "1097"}, "geometry": {"type": "Point", "coordinates": [35.202619840235116, 31.76265270143573]}}, {"type": "Feature", "properties": {"address": "יצחק קצנלסון 5", "institutions_count": 1, "total_students": 25, "primary_type": "גן", "institutions": [{"name": "גבעת הוורדים, רח כצנלסון 5 , גן ברוש (גן מכיל)", "semel_chinuch": 335000, "students": 25, "type": "גן", "pikuach": "ממלכתי דתי", "shuna": "רסקו גבעת מרדכי", "maamad": "רשמי", "herkev_minim": "מעורב כיתות נפרדות"}], "_orig_lon": 35.202756, "_orig_lat": 31.76201, "_position_source": "moch_lot_yiud_karka_any", "_lot_taba": "1097"}, "geometry": {"type": "Point", "coordinates": [35.204461183832045, 31.76274466141662]}}, {"type": "Feature", "properties": {"address": "ישראל אלדד שייב 7", "institutions_count": 1, "total_students": 30, "primary_type": "גן", "institutions": [{"name": "ארנונה, רח ישראל אלדד 7, גן ידידות", "semel_chinuch": 419127, "students": 30, "type": "גן", "pikuach": "ממלכתי", "shuna": "תלפיות ארנונה, מקור ", "maamad": "רשמי", "herkev_minim": "מעורב כיתות נפרדות"}], "_reverted_from": [35.20851904535361, 31.77962685043328], "_revert_reason": "reposition moved 3305m — likely wrong landuse_xplan match"}, "geometry": {"type": "Point", "coordinates": [35.224112, 31.753022]}}, {"type": "Feature", "properties": {"address": "כובשי קטמון 15", "institutions_count": 1, "total_students": 348, "primary_type": "יסודי", "institutions": [{"name": "ממ\"ד חורב בנים", "semel_chinuch": 430884, "students": 348, "type": "יסודי", "pikuach": "ממלכתי דתי", "shuna": "מושבה הגרמנית, גונן ", "maamad": "רשמי", "herkev_minim": "בנים", "kitot_regilot": 12, "kitot_mekadmot": 2}], "_orig_lon": 35.211545, "_orig_lat": 31.76492, "_position_source": "moch_lot_yiud_karka_any", "_lot_taba": "1514"}, "geometry": {"type": "Point", "coordinates": [35.2120506146132, 31.76518995113875]}}, {"type": "Feature", "properties": {"address": "כט בנובמבר 10", "institutions_count": 1, "total_students": 20, "primary_type": "גן", "institutions": [{"name": "גונן הוותיקה, רח כ\"ט בנובמבר 15, סאלד צעירים", "semel_chinuch": 452342, "students": 20, "type": "גן", "pikuach": "ממלכתי", "shuna": "מושבה הגרמנית, גונן ", "maamad": "רשמי", "herkev_minim": "מעורב כיתות נפרדות"}], "_orig_lon": 35.215156, "_orig_lat": 31.766426, "_position_source": "moch_lot_yiud_karka_taba", "_lot_taba": "2878"}, "geometry": {"type": "Point", "coordinates": [35.21546715807769, 31.766676104040457]}}, {"type": "Feature", "properties": {"address": "כט בנובמבר 13", "institutions_count": 2, "total_students": 650, "primary_type": "תיכון", "institutions": [{"name": "אדם תיכון", "semel_chinuch": 641522, "students": 312, "type": "תיכון", "pikuach": "ממלכתי", "shuna": "מושבה הגרמנית, גונן ", "maamad": "רשמי", "herkev_minim": "מעורב כיתות מעורבות", "kitot_regilot": 12, "kitot_mekadmot": 3}, {"name": "מ\"מ אדם", "semel_chinuch": 114215, "students": 338, "type": "יסודי", "pikuach": "ממלכתי", "shuna": "מושבה הגרמנית, גונן ", "maamad": "רשמי", "herkev_minim": "מעורב כיתות מעורבות", "kitot_regilot": 12}], "_reverted_from": [35.22033026480533, 31.765012076237422], "_revert_reason": "reposition moved 435m — likely wrong landuse_xplan match"}, "geometry": {"type": "Point", "coordinates": [35.215988, 31.766303]}}, {"type": "Feature", "properties": {"address": "כט בנובמבר 15", "institutions_count": 1, "total_students": 83, "primary_type": "יסודי", "institutions": [{"name": "בית הצייר", "semel_chinuch": 146878, "students": 83, "type": "יסודי", "pikuach": "ממלכתי", "shuna": "מושבה הגרמנית, גונן ", "maamad": "רשמי", "herkev_minim": "מעורב כיתות מעורבות", "kitot_mekadmot": 15}], "_orig_lon": 35.215586, "_orig_lat": 31.76626, "_position_source": "moch_lot_yiud_karka_taba", "_lot_taba": "2878"}, "geometry": {"type": "Point", "coordinates": [35.216132600045164, 31.76623110179197]}}, {"type": "Feature", "properties": {"address": "כט בנובמבר 6", "institutions_count": 2, "total_students": 339, "primary_type": "גן", "institutions": [{"name": "גונן הוותיקה, רח כ\"ט בנובמבר 15, סאלד בוגרים", "semel_chinuch": 464776, "students": 28, "type": "גן", "pikuach": "ממלכתי", "shuna": "מושבה הגרמנית, גונן ", "maamad": "רשמי", "herkev_minim": "מעורב כיתות נפרדות"}, {"name": "מ\"מ סאלד", "semel_chinuch": 110130, "students": 311, "type": "יסודי", "pikuach": "ממלכתי", "shuna": "מושבה הגרמנית, גונן ", "maamad": "רשמי", "herkev_minim": "מעורב כיתות מעורבות", "kitot_regilot": 12, "kitot_mekadmot": 3}], "_orig_lon": 35.215691, "_orig_lat": 31.766492, "_position_source": "moch_lot_yiud_karka_taba", "_lot_taba": "2878"}, "geometry": {"type": "Point", "coordinates": [35.21546715807769, 31.766676104040457]}}, {"type": "Feature", "properties": {"address": "כפר עציון 32", "institutions_count": 2, "total_students": 57, "primary_type": "גן", "institutions": [{"name": "ארנונה, רח כפר עציון 32, גן אוכמנית", "semel_chinuch": 406124, "students": 34, "type": "גן", "pikuach": "ממלכתי דתי", "shuna": "תלפיות ארנונה, מקור ", "maamad": "רשמי", "herkev_minim": "מעורב כיתות מעורבות"}, {"name": "ארנונה, רח כפר עציון 32, גן אירוס", "semel_chinuch": 406116, "students": 23, "type": "גן", "pikuach": "ממלכתי דתי", "shuna": "תלפיות ארנונה, מקור ", "maamad": "רשמי", "herkev_minim": "מעורב כיתות מעורבות"}], "_orig_lon": 35.221563, "_orig_lat": 31.744688, "_position_source": "moch_lot_yiud_karka_any", "_lot_taba": "7984"}, "geometry": {"type": "Point", "coordinates": [35.22211402465687, 31.745348206904733]}}, {"type": "Feature", "properties": {"address": "ליפשיץ נחום 5", "institutions_count": 3, "total_students": 99, "primary_type": "גן", "institutions": [{"name": "בקעה, רח נחום ליפשיץ 5, גן חצב מכללת אפרתה", "semel_chinuch": 578666, "students": 35, "type": "גן", "pikuach": "ממלכתי דתי", "shuna": "גאולים בקעה גבעת חננ", "maamad": "רשמי", "herkev_minim": "מעורב כיתות מעורבות"}, {"name": "בקעה, רח נחום ליפשיץ 5, גן כלנית מכללת אפרתה", "semel_chinuch": 578625, "students": 30, "type": "גן", "pikuach": "ממלכתי דתי", "shuna": "גאולים בקעה גבעת חננ", "maamad": "רשמי", "herkev_minim": "מעורב כיתות מעורבות"}, {"name": "בקעה, רח נחום ליפשיץ 5, גן צבעוני מכללת אפרתה", "semel_chinuch": 578617, "students": 34, "type": "גן", "pikuach": "ממלכתי דתי", "shuna": "גאולים בקעה גבעת חננ", "maamad": "רשמי", "herkev_minim": "מעורב כיתות מעורבות"}], "_orig_lon": 35.216605, "_orig_lat": 31.754883, "_position_source": "moch_lot_yiud_karka_taba", "_lot_taba": "12827"}, "geometry": {"type": "Point", "coordinates": [35.21653624161192, 31.75591363954859]}}, {"type": "Feature", "properties": {"address": "ליפשיץ נחום 6", "institutions_count": 2, "total_students": 79, "primary_type": "יסודי", "institutions": [{"name": "מוכר הדמוקרטי", "semel_chinuch": 347757, "students": 44, "type": "יסודי", "pikuach": "ממלכתי", "shuna": "גאולים בקעה גבעת חננ", "maamad": "מוכר", "herkev_minim": "מעורב כיתות מעורבות", "kitot_regilot": 4}, {"name": "סאדברי ירושלים", "semel_chinuch": 347757, "students": 35, "type": "גן", "pikuach": "ממלכתי", "shuna": "גאולים בקעה גבעת חננ", "maamad": "מוכר", "herkev_minim": "מעורב כיתות מעורבות", "kitot_regilot": 4}], "_orig_lon": 35.2142, "_orig_lat": 31.757657, "_position_source": "moch_lot_yiud_karka_any", "_lot_taba": "3995"}, "geometry": {"type": "Point", "coordinates": [35.2127809569167, 31.75599300515951]}}, {"type": "Feature", "properties": {"address": "מבוא בנין 14", "institutions_count": 1, "total_students": 27, "primary_type": "גן", "institutions": [{"name": "שובך, גונן הוותיקה, רח מבוא בנין 14", "semel_chinuch": 665729, "students": 27, "type": "גן", "pikuach": "ממלכתי דתי", "shuna": "רסקו גבעת מרדכי", "maamad": "רשמי", "herkev_minim": "מעורב כיתות מעורבות"}]}, "geometry": {"type": "Point", "coordinates": [35.203612, 31.763576]}}, {"type": "Feature", "properties": {"address": "מבוא סם שפיגל 6", "institutions_count": 2, "total_students": 188, "primary_type": "יסודי", "institutions": [{"name": "אורות בתלפיות בנות - \"נפש\"", "semel_chinuch": 113498, "students": 150, "type": "יסודי", "pikuach": "חרדי", "shuna": "תלפיות ארנונה, מקור ", "maamad": "מוכר", "herkev_minim": "בנים"}, {"name": "עזר לחינוך דעת ותבונה", "semel_chinuch": 657833, "students": 38, "type": "יסודי", "pikuach": "חרדי", "shuna": "תלפיות ארנונה, מקור ", "maamad": "פטור", "herkev_minim": "בנים"}], "_reverted_from": [35.20851904535361, 31.77962685043328], "_revert_reason": "reposition moved 3008m — likely wrong landuse_xplan match"}, "geometry": {"type": "Point", "coordinates": [35.210151, 31.752612]}}, {"type": "Feature", "properties": {"address": "מקור חיים 31", "institutions_count": 2, "total_students": 37, "primary_type": "גן", "institutions": [{"name": "חב\"ד-קטמון-מקור חיים 31 בנים גיל 3 4", "semel_chinuch": 373415, "students": 14, "type": "גן", "pikuach": "חרדי", "shuna": "תלפיות ארנונה, מקור ", "maamad": "מוכר", "herkev_minim": "מעורב כיתות מעורבות"}, {"name": "חב\"ד-קטמון-מקור חיים 31 בנים גיל 4 5", "semel_chinuch": 361253, "students": 23, "type": "גן"}], "_orig_lon": 35.211699, "_orig_lat": 31.754519, "_position_source": "moch_lot_yiud_karka_taba", "_lot_taba": "3045"}, "geometry": {"type": "Point", "coordinates": [35.211835943099196, 31.75445626439095]}}, {"type": "Feature", "properties": {"address": "מרגולין 12", "institutions_count": 1, "total_students": 24, "primary_type": "גן", "institutions": [{"name": "קטמון, רח מרגולין 12, גן פלג", "semel_chinuch": 464867, "students": 24, "type": "גן", "pikuach": "ממלכתי", "shuna": "גונן קטמון א'  - ט", "maamad": "רשמי", "herkev_minim": "מעורב כיתות נפרדות"}], "_orig_lon": 35.194734, "_orig_lat": 31.754299, "_position_source": "moch_lot_landuse_xplan_any", "_lot_taba": "2001-05-06 00:00:00"}, "geometry": {"type": "Point", "coordinates": [35.194357294809095, 31.754384052137482]}}, {"type": "Feature", "properties": {"address": "מרגולין 3", "institutions_count": 4, "total_students": 342, "primary_type": "יסודי", "institutions": [{"name": "מ\"מ בית חינוך יער \" גבעת גונן\"", "semel_chinuch": 111203, "students": 186, "type": "יסודי", "pikuach": "ממלכתי", "shuna": "גונן קטמון א'  - ט", "maamad": "רשמי", "herkev_minim": "מעורב כיתות מעורבות", "kitot_regilot": 9, "kitot_mekadmot": 1}, {"name": "גני טבע למידה חוץ גנית , רח מרגולין 3 גבעת גונן ח", "semel_chinuch": 764506, "students": 22, "type": "גן", "pikuach": "ממלכתי", "shuna": "גונן קטמון א'  - ט", "maamad": "רשמי", "herkev_minim": "מעורב כיתות מעורבות"}, {"name": "גני טבע למידה חוץ גנית גן עופרים מרגולין 3", "semel_chinuch": 652818, "students": 27, "type": "גן", "pikuach": "ממלכתי", "shuna": "גונן קטמון א'  - ט", "maamad": "רשמי", "herkev_minim": "מעורב כיתות מעורבות"}, {"name": "מדרשיית עורי", "semel_chinuch": 770727, "students": 107, "type": "מדרשייה", "pikuach": "ממלכתי דתי", "classes": 4, "herkev_minim": "בנות", "maamad": "מוכר שאינו רשמי", "_added_from_pratei": true}], "_orig_lon": 35.194339, "_orig_lat": 31.754449, "_position_source": "moch_lot_landuse_xplan_any", "_lot_taba": "2001-05-06 00:00:00"}, "geometry": {"type": "Point", "coordinates": [35.194357294809095, 31.754384052137482]}}, {"type": "Feature", "properties": {"address": "נחשון 11", "institutions_count": 1, "total_students": 55, "primary_type": "יסודי", "institutions": [{"name": "בן יהודה", "semel_chinuch": 120071, "students": 55, "type": "יסודי", "pikuach": "ממלכתי", "shuna": "גאולים בקעה גבעת חננ", "maamad": "רשמי", "herkev_minim": "מעורב כיתות מעורבות"}], "_orig_lon": 35.225807, "_orig_lat": 31.763866, "_position_source": "moch_lot_yiud_karka_any", "_lot_taba": "62"}, "geometry": {"type": "Point", "coordinates": [35.22660100363545, 31.76440327365454]}}, {"type": "Feature", "properties": {"address": "עמק רפאים 0", "institutions_count": 4, "total_students": 136, "primary_type": "גן", "institutions": [{"name": "סנט צארלס חובה", "semel_chinuch": 550319, "students": 33, "type": "גן", "pikuach": "ערבי", "shuna": "מושבה הגרמנית, גונן ", "maamad": "מוכר", "herkev_minim": "מעורב כיתות נפרדות"}, {"name": "סנט צארלס חובה", "semel_chinuch": 550327, "students": 33, "type": "גן", "pikuach": "ערבי", "shuna": "מושבה הגרמנית, גונן ", "maamad": "מוכר", "herkev_minim": "מעורב כיתות נפרדות"}, {"name": "סנט צארלס קדם חובה גן 3", "semel_chinuch": 550293, "students": 35, "type": "גן", "pikuach": "ערבי", "shuna": "מושבה הגרמנית, גונן ", "maamad": "מוכר", "herkev_minim": "מעורב כיתות נפרדות"}, {"name": "סנט צארלס קדם חובה גן 4", "semel_chinuch": 550301, "students": 35, "type": "גן", "pikuach": "ערבי", "shuna": "מושבה הגרמנית, גונן ", "maamad": "מוכר", "herkev_minim": "מעורב כיתות נפרדות"}]}, "geometry": {"type": "Point", "coordinates": [35.222875, 31.763685]}}, {"type": "Feature", "properties": {"address": "עמק רפאים 22", "institutions_count": 1, "total_students": 194, "primary_type": "יסודי", "institutions": [{"name": "בית חינוך", "semel_chinuch": 140046, "students": 194, "type": "יסודי", "pikuach": "ממלכתי", "shuna": "מושבה הגרמנית, גונן ", "maamad": "רשמי", "herkev_minim": "מעורב כיתות מעורבות", "kitot_regilot": 3, "kitot_mekadmot": 2}], "_reverted_from": [35.21370141445291, 31.76365394858886], "_revert_reason": "reposition moved 675m — likely wrong landuse_xplan match"}, "geometry": {"type": "Point", "coordinates": [35.22074, 31.764698]}}, {"type": "Feature", "properties": {"address": "עמק רפאים 64", "institutions_count": 2, "total_students": 58, "primary_type": "גן", "institutions": [{"name": "גן חני", "semel_chinuch": 474478, "students": 23, "type": "גן", "pikuach": "חרדי", "shuna": "מושבה הגרמנית, גונן ", "maamad": "מוכר", "herkev_minim": "מעורב כיתות מעורבות"}, {"name": "גן חני 2", "semel_chinuch": 359422, "students": 35, "type": "גן", "pikuach": "חרדי", "shuna": "מושבה הגרמנית, גונן ", "maamad": "מוכר", "herkev_minim": "מעורב כיתות מעורבות"}], "_orig_lon": 35.216108, "_orig_lat": 31.760785, "_position_source": "moch_lot_yiud_karka_taba", "_lot_taba": "2878"}, "geometry": {"type": "Point", "coordinates": [35.21696812658921, 31.762131387579]}}, {"type": "Feature", "properties": {"address": "פרופ צבי נוימן 5", "institutions_count": 2, "total_students": 54, "primary_type": "גן", "institutions": [{"name": "ארנונה, רח צבי נוימן 5, גן לוטם", "semel_chinuch": 569913, "students": 22, "type": "גן", "pikuach": "ממלכתי דתי", "shuna": "תלפיות ארנונה, מקור ", "maamad": "רשמי", "herkev_minim": "מעורב כיתות נפרדות"}, {"name": "ארנונה, רח צבי נוימן 5, ציפור גן עדן", "semel_chinuch": 652792, "students": 32, "type": "גן", "pikuach": "ממלכתי דתי", "shuna": "תלפיות ארנונה, מקור ", "maamad": "רשמי", "herkev_minim": "מעורב כיתות נפרדות"}], "_orig_lon": 35.21747, "_orig_lat": 31.746077, "_position_source": "moch_lot_yiud_karka_taba", "_lot_taba": "5303"}, "geometry": {"type": "Point", "coordinates": [35.2185255242758, 31.746554071106797]}}, {"type": "Feature", "properties": {"address": "פרופ צבי נוימן 7", "institutions_count": 1, "total_students": 24, "primary_type": "גן", "institutions": [{"name": "ארנונה, רח צבי נוימן 7, גן יקינטון", "semel_chinuch": 639658, "students": 24, "type": "גן", "pikuach": "ממלכתי דתי", "shuna": "תלפיות ארנונה, מקור ", "maamad": "רשמי", "herkev_minim": "מעורב כיתות נפרדות"}]}, "geometry": {"type": "Point", "coordinates": [35.21747, 31.746077]}}, {"type": "Feature", "properties": {"address": "פת יעקב 3", "institutions_count": 1, "total_students": 308, "primary_type": "יסודי/תיכון", "institutions": [{"name": "יראת ה", "semel_chinuch": 722801, "students": 308, "type": "יסודי/תיכון", "pikuach": "חרדי", "shuna": "גונן קטמון א'  - ט", "maamad": "מוכר", "herkev_minim": "בנות"}], "_reverted_from": [35.19856086703189, 31.756895646368314], "_revert_reason": "reposition moved 510m — likely wrong landuse_xplan match"}, "geometry": {"type": "Point", "coordinates": [35.199503, 31.752378]}}, {"type": "Feature", "properties": {"address": "קבוץ גלויות 2", "institutions_count": 1, "total_students": 6, "primary_type": "גן חינוך מיוחד", "institutions": [{"name": "בקעה, רח קיבוץ גלויות 8, גן אצטרובל, תל\"י", "semel_chinuch": 503342, "students": 6, "type": "גן חינוך מיוחד", "pikuach": "ממלכתי", "shuna": "גאולים בקעה גבעת חננ", "maamad": "רשמי", "herkev_minim": "מעורב כיתות נפרדות"}], "_orig_lon": 35.219336, "_orig_lat": 31.75642, "_position_source": "moch_lot_yiud_karka_taba", "_lot_taba": "3770"}, "geometry": {"type": "Point", "coordinates": [35.21859919161553, 31.755947990575365]}}, {"type": "Feature", "properties": {"address": "קבוץ גלויות 4", "institutions_count": 2, "total_students": 310, "primary_type": "גן", "institutions": [{"name": "בקעה, רח קיבוץ גליות 4, גן ארז, ביה\"ס גאולים תל\"י", "semel_chinuch": 452409, "students": 23, "type": "גן", "pikuach": "ממלכתי", "shuna": "גאולים בקעה גבעת חננ", "maamad": "רשמי", "herkev_minim": "מעורב כיתות מעורבות"}, {"name": "מ\"מ תל\"י גאולים ע\"ש יצחק נבון", "semel_chinuch": 110171, "students": 287, "type": "יסודי", "pikuach": "ממלכתי", "shuna": "גאולים בקעה גבעת חננ", "maamad": "רשמי", "herkev_minim": "מעורב כיתות מעורבות", "kitot_regilot": 11, "kitot_mekadmot": 5}], "_orig_lon": 35.219141, "_orig_lat": 31.756037, "_position_source": "moch_lot_yiud_karka_taba", "_lot_taba": "3770"}, "geometry": {"type": "Point", "coordinates": [35.21859919161553, 31.755947990575365]}}, {"type": "Feature", "properties": {"address": "קבוץ גלויות 6", "institutions_count": 2, "total_students": 29, "primary_type": "גן", "institutions": [{"name": "בקעה, רח קיבוץ גליות 6, גן זית", "semel_chinuch": 452417, "students": 21, "type": "גן", "pikuach": "ממלכתי", "shuna": "גאולים בקעה גבעת חננ", "maamad": "רשמי", "herkev_minim": "מעורב כיתות נפרדות"}, {"name": "תקשורת 10", "semel_chinuch": 267187, "students": 8, "type": "גן חינוך מיוחד", "pikuach": "ממלכתי", "shuna": "גאולים בקעה גבעת חננ", "maamad": "רשמי", "herkev_minim": "מעורב כיתות נפרדות"}], "_reverted_from": [35.21859919161553, 31.755947990575365], "_revert_reason": "reposition moved 578m — likely wrong landuse_xplan match"}, "geometry": {"type": "Point", "coordinates": [35.218207, 31.75076]}}, {"type": "Feature", "properties": {"address": "קבוץ גלויות 8", "institutions_count": 1, "total_students": 24, "primary_type": "גן", "institutions": [{"name": "בקעה, רח קיבוץ גלויות 8 גן אירוס", "semel_chinuch": 407262, "students": 24, "type": "גן", "pikuach": "ממלכתי דתי", "shuna": "גאולים בקעה גבעת חננ", "maamad": "רשמי", "herkev_minim": "מעורב כיתות נפרדות"}], "_orig_lon": 35.218496, "_orig_lat": 31.755718, "_position_source": "moch_lot_yiud_karka_taba", "_lot_taba": "3770"}, "geometry": {"type": "Point", "coordinates": [35.21859919161553, 31.755947990575365]}}, {"type": "Feature", "properties": {"address": "קליין 7", "institutions_count": 1, "total_students": 517, "primary_type": "יסודי/תיכון", "institutions": [{"name": "הרטמן", "semel_chinuch": 144220, "students": 517, "type": "יסודי/תיכון", "pikuach": "ממלכתי דתי", "shuna": "מושבה הגרמנית, גונן ", "maamad": "רשמי", "herkev_minim": "בנים", "kitot_regilot": 17, "kitot_mekadmot": 6}]}, "geometry": {"type": "Point", "coordinates": [35.216703, 31.766108]}}, {"type": "Feature", "properties": {"address": "קנאי הגליל 31", "institutions_count": 6, "total_students": 86, "primary_type": "גן", "institutions": [{"name": "קטמון-יראת ה- קנאי הגליל 31 /בנות 5 קטנות", "semel_chinuch": 521930, "students": 17, "type": "גן", "pikuach": "חרדי", "shuna": "גונן קטמון א'  - ט", "maamad": "מוכר", "herkev_minim": "בנות"}, {"name": "קטמון-יראת ה- קנאי הגליל 31 /בנות 5גדולות", "semel_chinuch": 521914, "students": 19, "type": "גן", "pikuach": "חרדי", "shuna": "גונן קטמון א'  - ט", "maamad": "מוכר", "herkev_minim": "בנות"}, {"name": "קטמון-יראת ה- קנאי הגליל 31 /בנות גיל 3", "semel_chinuch": 521997, "students": 12, "type": "גן", "pikuach": "חרדי", "shuna": "גונן קטמון א'  - ט", "maamad": "מוכר", "herkev_minim": "בנות"}, {"name": "קטמון-יראת ה- קנאי הגליל 31 /בנות גיל 4", "semel_chinuch": 521963, "students": 13, "type": "גן", "pikuach": "חרדי", "shuna": "גונן קטמון א'  - ט", "maamad": "מוכר", "herkev_minim": "בנות"}, {"name": "קטמון-יראת ה- קנאי הגליל 31 /בנות מעורב.", "semel_chinuch": 522409, "students": 12, "type": "גן", "pikuach": "חרדי", "shuna": "גונן קטמון א'  - ט", "maamad": "מוכר", "herkev_minim": "מעורב כיתות נפרדות"}, {"name": "קטמון-יראת ה- קנאי הגליל 31 /בנים", "semel_chinuch": 522003, "students": 13, "type": "גן", "pikuach": "חרדי", "shuna": "גונן קטמון א'  - ט", "maamad": "מוכר", "herkev_minim": "מעורב כיתות מעורבות"}], "_reverted_from": [35.20851904535361, 31.77962685043328], "_revert_reason": "reposition moved 3122m — likely wrong landuse_xplan match"}, "geometry": {"type": "Point", "coordinates": [35.202853, 31.751963]}}, {"type": "Feature", "properties": {"address": "רבי חייא (הגדול) 3", "institutions_count": 1, "total_students": 0, "primary_type": "אחר", "institutions": [{"name": "חושן", "semel_chinuch": 775288, "students": null, "type": "אחר", "pikuach": "ממלכתי", "shuna": "גונן קטמון א'  - ט", "maamad": "מוכר", "herkev_minim": "מעורב כיתות מעורבות"}]}, "geometry": {"type": "Point", "coordinates": [35.212878, 31.762164]}}, {"type": "Feature", "properties": {"address": "רבי חנינא 1", "institutions_count": 1, "total_students": 21, "primary_type": "גן", "institutions": [{"name": "חב\"ד-קטמון-חנינא 1 גיל 3 4", "semel_chinuch": 314997, "students": 21, "type": "גן", "pikuach": "חרדי", "shuna": "גונן קטמון א'  - ט", "maamad": "מוכר", "herkev_minim": "בנים"}], "_orig_lon": 35.211077, "_orig_lat": 31.757638, "_position_source": "moch_lot_yiud_karka_any", "_lot_taba": "2006-05-14 00:00:00"}, "geometry": {"type": "Point", "coordinates": [35.213331928239576, 31.758516893690395]}}, {"type": "Feature", "properties": {"address": "רבי חנינא 3", "institutions_count": 1, "total_students": 25, "primary_type": "גן", "institutions": [{"name": "גן השמש קדם חובה רבי חנינא 3 שיבולים", "semel_chinuch": 216325, "students": 25, "type": "גן", "pikuach": "ממלכתי", "shuna": "גונן קטמון א'  - ט", "maamad": "מוכר", "herkev_minim": "מעורב כיתות נפרדות"}], "_orig_lon": 35.211722, "_orig_lat": 31.757657, "_position_source": "moch_lot_yiud_karka_any", "_lot_taba": "2006-05-14 00:00:00"}, "geometry": {"type": "Point", "coordinates": [35.213331928239576, 31.758516893690395]}}, {"type": "Feature", "properties": {"address": "רבי צדוק 12", "institutions_count": 1, "total_students": 316, "primary_type": "יסודי/תיכון", "institutions": [{"name": "גבעת גונן", "semel_chinuch": 140871, "students": 316, "type": "יסודי/תיכון", "pikuach": "ממלכתי", "shuna": "גונן קטמון א'  - ט", "maamad": "רשמי", "herkev_minim": "מעורב כיתות מעורבות", "kitot_regilot": 12, "kitot_mekadmot": 6}], "_orig_lon": 35.193782, "_orig_lat": 31.755181, "_position_source": "moch_lot_yiud_karka_any", "_lot_taba": "2004-05-06 00:00:00"}, "geometry": {"type": "Point", "coordinates": [35.19425933956673, 31.7551875067965]}}, {"type": "Feature", "properties": {"address": "רבי צדוק 6", "institutions_count": 1, "total_students": 150, "primary_type": "יסודי", "institutions": [{"name": "ענבר", "semel_chinuch": 661637, "students": 150, "type": "יסודי", "pikuach": "ממלכתי", "shuna": "גונן קטמון א'  - ט", "maamad": "מוכר", "herkev_minim": "בנות", "kitot_regilot": 8, "kitot_mekadmot": 3}]}, "geometry": {"type": "Point", "coordinates": [35.193675, 31.754158]}}, {"type": "Feature", "properties": {"address": "רבן יוחנן בן זכאי 33", "institutions_count": 1, "total_students": 414, "primary_type": "מדרשייה", "institutions": [{"name": "מדרשייה עלמא אמונה", "semel_chinuch": 141390, "students": 414, "type": "מדרשייה", "pikuach": "ממלכתי דתי", "shuna": "גונן קטמון א'  - ט", "maamad": "רשמי", "herkev_minim": "בנות", "kitot_regilot": 16, "kitot_mekadmot": 2}], "_orig_lon": 35.206358, "_orig_lat": 31.757405, "_position_source": "moch_lot_yiud_karka_any", "_lot_taba": "62"}, "geometry": {"type": "Point", "coordinates": [35.207212200617214, 31.75752645295582]}}, {"type": "Feature", "properties": {"address": "רבן יוחנן בן זכאי 58", "institutions_count": 1, "total_students": 20, "primary_type": "גן", "institutions": [{"name": "גוננים, רח בן זכאי 58, גן אלוורה", "semel_chinuch": 569921, "students": 20, "type": "גן", "pikuach": "ממלכתי דתי", "shuna": "גונן קטמון א'  - ט", "maamad": "רשמי", "herkev_minim": "מעורב כיתות נפרדות"}], "_reverted_from": [35.20851904535361, 31.77962685043328], "_revert_reason": "reposition moved 2493m — likely wrong landuse_xplan match"}, "geometry": {"type": "Point", "coordinates": [35.205564, 31.757348]}}, {"type": "Feature", "properties": {"address": "רבן יוחנן בן זכאי 62", "institutions_count": 2, "total_students": 59, "primary_type": "גן", "institutions": [{"name": "גוננים, רח בן זכאי 62, גן מרווה (גן מכיל)", "semel_chinuch": 405720, "students": 26, "type": "גן", "pikuach": "ממלכתי דתי", "shuna": "גונן קטמון א'  - ט", "maamad": "רשמי", "herkev_minim": "מעורב כיתות נפרדות"}, {"name": "גוננים, רח בן זכאי 62, גן קינמון", "semel_chinuch": 372144, "students": 33, "type": "גן", "pikuach": "ממלכתי דתי", "shuna": "גונן קטמון א'  - ט", "maamad": "רשמי", "herkev_minim": "מעורב כיתות מעורבות"}], "_reverted_from": [35.20851904535361, 31.77962685043328], "_revert_reason": "reposition moved 2559m — likely wrong landuse_xplan match"}, "geometry": {"type": "Point", "coordinates": [35.205399, 31.75677]}}, {"type": "Feature", "properties": {"address": "רבן יוחנן בן זכאי 66", "institutions_count": 1, "total_students": 31, "primary_type": "גן", "institutions": [{"name": "גוננים, רח בן זכאי 66,", "semel_chinuch": 406926, "students": 31, "type": "גן", "pikuach": "ממלכתי דתי", "shuna": "גונן קטמון א'  - ט", "maamad": "רשמי", "herkev_minim": "מעורב כיתות מעורבות"}], "_reverted_from": [35.20851904535361, 31.77962685043328], "_revert_reason": "reposition moved 2573m — likely wrong landuse_xplan match"}, "geometry": {"type": "Point", "coordinates": [35.20479, 31.756703]}}, {"type": "Feature", "properties": {"address": "רבן יוחנן בן זכאי 70", "institutions_count": 2, "total_students": 45, "primary_type": "גן", "institutions": [{"name": "גוננים, רח בן זכאי 70, גן אחווה (גן מכיל)", "semel_chinuch": 406579, "students": 25, "type": "גן", "pikuach": "ממלכתי דתי", "shuna": "גונן קטמון א'  - ט", "maamad": "רשמי", "herkev_minim": "מעורב כיתות נפרדות"}, {"name": "גוננים, רח בן זכאי 70, גן מעיין", "semel_chinuch": 404210, "students": 20, "type": "גן", "pikuach": "ממלכתי", "shuna": "גונן קטמון א'  - ט", "maamad": "רשמי", "herkev_minim": "מעורב כיתות נפרדות"}], "_reverted_from": [35.20851904535361, 31.77962685043328], "_revert_reason": "reposition moved 2642m — likely wrong landuse_xplan match"}, "geometry": {"type": "Point", "coordinates": [35.204657, 31.756092]}}, {"type": "Feature", "properties": {"address": "רחל אמנו 18", "institutions_count": 1, "total_students": 367, "primary_type": "מדרשייה", "institutions": [{"name": "מדרשיית הרטמן לבנות", "semel_chinuch": 442855, "students": 367, "type": "מדרשייה", "pikuach": "ממלכתי דתי", "shuna": "מושבה הגרמנית, גונן ", "maamad": "רשמי", "herkev_minim": "בנות", "kitot_regilot": 13, "kitot_mekadmot": 2}]}, "geometry": {"type": "Point", "coordinates": [35.214802, 31.763976]}}, {"type": "Feature", "properties": {"address": "רחל אמנו 27", "institutions_count": 1, "total_students": 49, "primary_type": "יסודי", "institutions": [{"name": "ליפתא", "semel_chinuch": 140046, "students": 49, "type": "יסודי", "pikuach": "ממלכתי", "shuna": "מושבה הגרמנית, גונן ", "maamad": "רשמי", "herkev_minim": "מעורב כיתות מעורבות", "kitot_regilot": 3, "kitot_mekadmot": 2}], "_orig_lon": 35.213735, "_orig_lat": 31.763733, "_position_source": "moch_lot_yiud_karka_taba", "_lot_taba": "2878"}, "geometry": {"type": "Point", "coordinates": [35.21370141445291, 31.76365394858886]}}, {"type": "Feature", "properties": {"address": "רמבן 29", "institutions_count": 1, "total_students": 21, "primary_type": "גן", "institutions": [{"name": "ש.חסד-\"לקח טוב\" רמב\"ן 29 גיל 3", "semel_chinuch": 670794, "students": 21, "type": "גן", "pikuach": "חרדי", "shuna": "רחביה", "maamad": "מוכר", "herkev_minim": "מעורב כיתות נפרדות"}]}, "geometry": {"type": "Point", "coordinates": [35.214278, 31.774426]}}, {"type": "Feature", "properties": {"address": "בן דוסא 1", "institutions_count": 7, "total_students": 93, "primary_type": "גן", "institutions": [{"name": "גוננים, רח בן דוסא 1, גן חובה צוותא", "semel_chinuch": 621391, "students": 27, "type": "גן", "pikuach": "ממלכתי דתי", "shuna": "גונן קטמון א'  - ט", "maamad": "רשמי", "herkev_minim": "מעורב כיתות מעורבות"}, {"name": "גוננים, רח בן דוסא 1, גן חושן", "semel_chinuch": 357129, "students": 17, "type": "גן", "pikuach": "ממלכתי דתי", "shuna": "גונן קטמון א'  - ט", "maamad": "רשמי", "herkev_minim": "מעורב כיתות נפרדות"}, {"name": "גוננים, רח בן דוסא 1, גן נווה", "semel_chinuch": 525055, "students": 13, "type": "גן", "pikuach": "ממלכתי דתי", "shuna": "גונן קטמון א'  - ט", "maamad": "רשמי", "herkev_minim": "מעורב כיתות מעורבות"}, {"name": "גוננים, רח בן דוסא 1, גן שילה", "semel_chinuch": 354860, "students": 13, "type": "גן", "pikuach": "ממלכתי דתי", "shuna": "גונן קטמון א'  - ט", "maamad": "רשמי", "herkev_minim": "מעורב כיתות נפרדות"}, {"name": "גן אדי שור", "semel_chinuch": 454025, "students": 8, "type": "גן חינוך מיוחד", "pikuach": "ממלכתי", "shuna": "גוננים א-ו", "classes": 1, "sug_chinuch": "חינוך מיוחד", "_added_from_yotam": true}, {"name": "גן אדי שור-8", "semel_chinuch": 405712, "students": 8, "type": "גן חינוך מיוחד", "pikuach": "ממלכתי", "shuna": "גוננים א-ו", "classes": 1, "sug_chinuch": "חינוך מיוחד", "_added_from_yotam": true}, {"name": "גן אדי שור-3", "semel_chinuch": 405621, "students": 7, "type": "גן חינוך מיוחד", "pikuach": "ממלכתי", "shuna": "גוננים א-ו", "classes": 1, "sug_chinuch": "חינוך מיוחד", "_added_from_yotam": true}], "_orig_lon": 35.205269, "_orig_lat": 31.751558, "_position_source": "moch_lot_yiud_karka_taba", "_lot_taba": "4355", "_addr_renamed_from": "רשבג 65"}, "geometry": {"type": "Point", "coordinates": [35.20500418188235, 31.751264084030414]}}, {"type": "Feature", "properties": {"address": "רשבג 67", "institutions_count": 1, "total_students": 29, "primary_type": "גן", "institutions": [{"name": "גוננים, רח בן דוסא 1, גן בני ציון", "semel_chinuch": 621409, "students": 29, "type": "גן", "pikuach": "ממלכתי דתי", "shuna": "גונן קטמון א'  - ט", "maamad": "רשמי", "herkev_minim": "מעורב כיתות מעורבות"}], "_orig_lon": 35.205318, "_orig_lat": 31.751212, "_position_source": "moch_lot_yiud_karka_taba", "_lot_taba": "4355"}, "geometry": {"type": "Point", "coordinates": [35.20500418188235, 31.751264084030414]}}, {"type": "Feature", "properties": {"address": "ש טשרניחובסקי 66", "institutions_count": 2, "total_students": 71, "primary_type": "גן", "institutions": [{"name": "גבעת הוורדים, רח טשרניחובסקי 66, גן גבעת הוורדים", "semel_chinuch": 419192, "students": 36, "type": "גן", "pikuach": "ממלכתי דתי", "shuna": "רסקו גבעת מרדכי", "maamad": "רשמי", "herkev_minim": "מעורב כיתות נפרדות"}, {"name": "גבעת הוורדים, רח טשרניחובסקי 66, גן האחדות", "semel_chinuch": 407379, "students": 35, "type": "גן", "pikuach": "ממלכתי דתי", "shuna": "רסקו גבעת מרדכי", "maamad": "רשמי", "herkev_minim": "מעורב כיתות נפרדות"}], "_reverted_from": [35.20851904535361, 31.77962685043328], "_revert_reason": "reposition moved 1963m — likely wrong landuse_xplan match"}, "geometry": {"type": "Point", "coordinates": [35.201585, 31.762989]}}, {"type": "Feature", "properties": {"address": "שד שי עגנון 1", "institutions_count": 2, "total_students": 142, "primary_type": "יסודי", "institutions": [{"name": "מים חיים מירושלים", "semel_chinuch": 747725, "students": 60, "type": "יסודי", "pikuach": "חרדי", "shuna": "רסקו גבעת מרדכי", "maamad": "מוכר", "herkev_minim": "בנות"}, {"name": "מים חיים מירושלים (בנות)", "semel_chinuch": 747725, "students": 82, "type": "יסודי", "pikuach": "חרדי", "shuna": "רסקו גבעת מרדכי", "maamad": "מוכר", "herkev_minim": "בנות"}]}, "geometry": {"type": "Point", "coordinates": [35.203835, 31.76315]}}, {"type": "Feature", "properties": {"address": "שד שי עגנון 20", "institutions_count": 3, "total_students": 719, "primary_type": "יסודי", "institutions": [{"name": "בית הספר האמריקאי יר", "semel_chinuch": 645986, "students": 91, "type": "יסודי", "pikuach": "ערבי", "shuna": "רסקו גבעת מרדכי", "maamad": "מוכר", "herkev_minim": "מעורב כיתות מעורבות", "kitot_regilot": 8}, {"name": "חוות הנוער הציוני", "semel_chinuch": 140095, "students": 571, "type": "יסודי/תיכון", "pikuach": "ממלכתי", "shuna": "רסקו גבעת מרדכי", "maamad": "רשמי", "herkev_minim": "מעורב כיתות מעורבות", "kitot_regilot": 18}, {"name": "מ\"מ מגשימים", "semel_chinuch": 358127, "students": 57, "type": "יסודי", "pikuach": "ממלכתי", "shuna": "רסקו גבעת מרדכי", "maamad": "רשמי", "herkev_minim": "מעורב כיתות מעורבות"}], "_orig_lon": 35.20476, "_orig_lat": 31.760763, "_position_source": "moch_lot_yiud_karka_taba", "_lot_taba": "1682"}, "geometry": {"type": "Point", "coordinates": [35.203767959434224, 31.76007200985284]}}, {"type": "Feature", "properties": {"address": "שד שי עגנון 24", "institutions_count": 1, "total_students": 0, "primary_type": "גן", "institutions": [{"name": "גן ילדים האמריקאי יר", "semel_chinuch": 647404, "students": null, "type": "גן", "pikuach": "ממלכתי", "shuna": "רסקו גבעת מרדכי", "maamad": "מוכר", "herkev_minim": "מעורב כיתות מעורבות"}]}, "geometry": {"type": "Point", "coordinates": [35.205025, 31.758638]}}, {"type": "Feature", "properties": {"address": "שכ בית צפפה 2", "institutions_count": 1, "total_students": 0, "primary_type": "גן", "institutions": [{"name": "גן ילדי זהבה 1", "semel_chinuch": 438325, "students": null, "type": "גן"}]}, "geometry": {"type": "Point", "coordinates": [35.200837, 31.744051]}}, {"type": "Feature", "properties": {"address": "שמואל לופו 6", "institutions_count": 2, "total_students": 38, "primary_type": "גן", "institutions": [{"name": "ארנונה, רח לופו שמואל 1, גן נרקיס", "semel_chinuch": 639666, "students": 31, "type": "גן", "pikuach": "ממלכתי דתי", "shuna": "גאולים בקעה גבעת חננ", "maamad": "רשמי", "herkev_minim": "מעורב כיתות מעורבות"}, {"name": "תקשורת 15", "semel_chinuch": 635961, "students": 7, "type": "גן חינוך מיוחד", "pikuach": "ממלכתי", "shuna": "גאולים בקעה גבעת חננ", "maamad": "רשמי", "herkev_minim": "מעורב כיתות מעורבות"}]}, "geometry": {"type": "Point", "coordinates": [35.225854, 31.756796]}}, {"type": "Feature", "properties": {"address": "שמעון בטש 14", "institutions_count": 2, "total_students": 49, "primary_type": "גן", "institutions": [{"name": "בקעה, רח בטיש 14, מקור חיים, גן שקד", "semel_chinuch": 403816, "students": 18, "type": "גן", "pikuach": "ממלכתי", "shuna": "תלפיות ארנונה, מקור ", "maamad": "רשמי", "herkev_minim": "מעורב כיתות מעורבות"}, {"name": "שובך, בקעה, רח בטיש 14, מקור חיים.", "semel_chinuch": 406488, "students": 31, "type": "גן", "pikuach": "ממלכתי דתי", "shuna": "תלפיות ארנונה, מקור ", "maamad": "רשמי", "herkev_minim": "מעורב כיתות מעורבות"}], "_reverted_from": [35.21273299170808, 31.754976293883434], "_revert_reason": "reposition moved 396m — likely wrong landuse_xplan match"}, "geometry": {"type": "Point", "coordinates": [35.210291, 31.757865]}}, {"type": "Feature", "properties": {"address": "שרפאת סמטה 3 1", "institutions_count": 1, "total_students": 30, "primary_type": "גן", "institutions": [{"name": "אדם קידס חובה 5", "semel_chinuch": 756700, "students": 30, "type": "גן", "pikuach": "ערבי", "shuna": "בית צפאפה", "maamad": "מוכר", "herkev_minim": "מעורב כיתות מעורבות"}]}, "geometry": {"type": "Point", "coordinates": [35.191847, 31.743498]}}, {"type": "Feature", "properties": {"address": "שרפת 0", "institutions_count": 3, "total_students": 100, "primary_type": "גן", "institutions": [{"name": "עמותת מוסא אלעלמי גו 1", "semel_chinuch": 563239, "students": 30, "type": "גן", "pikuach": "ערבי", "shuna": "בית צפאפה", "maamad": "מוכר", "herkev_minim": "מעורב כיתות נפרדות"}, {"name": "עמותת מוסא אלעלמי גן 2", "semel_chinuch": 563247, "students": 35, "type": "גן", "pikuach": "ערבי", "shuna": "בית צפאפה", "maamad": "מוכר", "herkev_minim": "מעורב כיתות נפרדות"}, {"name": "עמותת מוסא אלעלמי גן 4", "semel_chinuch": 563262, "students": 35, "type": "גן", "pikuach": "ערבי", "shuna": "בית צפאפה", "maamad": "מוכר", "herkev_minim": "מעורב כיתות נפרדות"}]}, "geometry": {"type": "Point", "coordinates": [35.200837, 31.744051]}}, {"type": "Feature", "properties": {"address": "שרפת 1", "institutions_count": 1, "total_students": 31, "primary_type": "גן", "institutions": [{"name": "עמותת מוסא אלעלמי גן 3", "semel_chinuch": 563254, "students": 31, "type": "גן", "pikuach": "ערבי", "shuna": "בית צפאפה", "maamad": "מוכר", "herkev_minim": "מעורב כיתות נפרדות"}]}, "geometry": {"type": "Point", "coordinates": [35.200837, 31.744051]}}, {"type": "Feature", "properties": {"address": "שרפת 18", "institutions_count": 1, "total_students": 30, "primary_type": "גן", "institutions": [{"name": "אדם קידס קדם חובה 3", "semel_chinuch": 633487, "students": 30, "type": "גן", "pikuach": "ערבי", "shuna": "בית צפאפה", "maamad": "מוכר", "herkev_minim": "מעורב כיתות מעורבות"}]}, "geometry": {"type": "Point", "coordinates": [35.194094, 31.744382]}}, {"type": "Feature", "properties": {"address": "שרפת 21", "institutions_count": 2, "total_students": 60, "primary_type": "גן", "institutions": [{"name": "אדם קידס קדם חובה 3-4", "semel_chinuch": 633479, "students": 30, "type": "גן", "pikuach": "ערבי", "shuna": "בית צפאפה", "maamad": "מוכר", "herkev_minim": "מעורב כיתות מעורבות"}, {"name": "אדם קידס קדם חובה 4", "semel_chinuch": 756684, "students": 30, "type": "גן", "pikuach": "ערבי", "shuna": "בית צפאפה", "maamad": "מוכר", "herkev_minim": "מעורב כיתות מעורבות"}]}, "geometry": {"type": "Point", "coordinates": [35.192971, 31.74394]}}, {"type": "Feature", "properties": {"address": "בר יוחאי 5", "institutions_count": 1, "total_students": 0, "primary_type": "מעון", "institutions": [{"name": "קנגרו – התחלה חכמה", "semel_chinuch": null, "students": null, "classes": 3, "type": "מעון", "_name_corrected_from": "קנגנרו – התחלה חכמה"}], "_addr_renamed_from": "בר יוחאי 7"}, "geometry": {"type": "Point", "coordinates": [35.198002, 31.753625]}}, {"type": "Feature", "properties": {"address": "קנאי הגליל 27", "institutions_count": 1, "total_students": 0, "primary_type": "מעון", "institutions": [{"name": "ויצו קנאי הגליל", "semel_chinuch": null, "students": null, "classes": 3, "type": "מעון"}]}, "geometry": {"type": "Point", "coordinates": [35.201775, 31.752644]}}, {"type": "Feature", "properties": {"address": "ניתאי הארבלי 14", "institutions_count": 1, "total_students": 0, "primary_type": "מעון", "institutions": [{"name": "מיתר - נעמת", "semel_chinuch": null, "students": null, "classes": 3, "type": "מעון"}]}, "geometry": {"type": "Point", "coordinates": [35.199827, 31.754759]}}, {"type": "Feature", "properties": {"address": "ברל לוקר 17", "institutions_count": 1, "total_students": 0, "primary_type": "מעון", "institutions": [{"name": "ורד - נעמת", "semel_chinuch": null, "students": null, "classes": 3, "type": "מעון"}]}, "geometry": {"type": "Point", "coordinates": [35.200781, 31.750432]}}, {"type": "Feature", "properties": {"address": "מבוא בנין 14", "institutions_count": 1, "total_students": 0, "primary_type": "מעון", "institutions": [{"name": "רסקו – התחלה חכמה", "semel_chinuch": null, "students": null, "classes": 4, "type": "מעון"}], "_addr_renamed_from": "מבוא בנין 8"}, "geometry": {"type": "Point", "coordinates": [35.203612, 31.763576]}}, {"type": "Feature", "properties": {"address": "כובשי קטמון 13", "institutions_count": 1, "total_students": 0, "primary_type": "מעון", "institutions": [{"name": "מנגינות – התחלה חכמה", "semel_chinuch": null, "students": null, "classes": 3, "type": "מעון"}]}, "geometry": {"type": "Point", "coordinates": [35.211381, 31.765531]}}, {"type": "Feature", "properties": {"address": "יורדי הסירה 8", "institutions_count": 1, "total_students": 0, "primary_type": "מעון", "institutions": [{"name": "ויצו יורדי הסירה", "semel_chinuch": null, "students": null, "classes": 3, "type": "מעון"}]}, "geometry": {"type": "Point", "coordinates": [35.210948, 31.762653]}}, {"type": "Feature", "properties": {"address": "אפרתה 34", "institutions_count": 1, "total_students": 0, "primary_type": "מעון", "institutions": [{"name": "ויצו אפרתה", "semel_chinuch": null, "students": null, "classes": 3, "type": "מעון"}]}, "geometry": {"type": "Point", "coordinates": [35.221034, 31.750775]}}, {"type": "Feature", "properties": {"address": "אפרתה 36", "institutions_count": 1, "total_students": 0, "primary_type": "מעון", "institutions": [{"name": "חרצית – נעמת", "semel_chinuch": null, "students": null, "classes": 3, "type": "מעון"}]}, "geometry": {"type": "Point", "coordinates": [35.221078, 31.750449]}}, {"type": "Feature", "properties": {"address": "הרכבים 10", "institutions_count": 1, "total_students": 0, "primary_type": "מעון", "institutions": [{"name": "ויצו מקור חיים", "semel_chinuch": null, "students": null, "classes": 3, "type": "מעון"}]}, "geometry": {"type": "Point", "coordinates": [35.212792, 31.753658]}}, {"type": "Feature", "properties": {"address": "גדעון 40", "institutions_count": 1, "total_students": 0, "primary_type": "מעון", "institutions": [{"name": "גדעון", "semel_chinuch": null, "students": null, "classes": 2, "type": "מעון"}]}, "geometry": {"type": "Point", "coordinates": [35.218432, 31.760738]}}, {"type": "Feature", "properties": {"address": "רבי צדוק 9", "institutions_count": 1, "total_students": 0, "primary_type": "מעון", "institutions": [{"name": "חב\"ד קטמון", "semel_chinuch": null, "students": null, "classes": 2, "type": "מעון"}], "_added_from_xlsx": "מעונות.xlsx"}, "geometry": {"type": "Point", "coordinates": [35.19353, 31.754106]}}, {"type": "Feature", "geometry": {"type": "Point", "coordinates": [35.205154, 31.758478]}, "properties": {"address": "מעלה זאב 3", "institutions_count": 1, "total_students": 6, "primary_type": "גן חינוך מיוחד", "institutions": [{"name": "גן ליקויי ראיה", "semel_chinuch": 629485, "students": 6, "type": "גן חינוך מיוחד", "pikuach": "ממלכתי", "shuna": "רסקו", "classes": 1, "sug_chinuch": "חינוך מיוחד", "_added_from_yotam": true}], "_added_from_yotam": true, "_position_source": "yotam_address"}}, {"type": "Feature", "geometry": {"type": "Point", "coordinates": [35.207112, 31.754922]}, "properties": {"address": "יוסי בן יועזר 24", "institutions_count": 1, "total_students": 55, "primary_type": "על יסודי", "institutions": [{"name": "הבן יקיר לי", "semel_chinuch": 132241, "students": 55, "type": "על יסודי", "pikuach": "חרדי", "shuna": "גוננים א-ו", "classes": 10, "sug_chinuch": "חינוך מיוחד", "_added_from_yotam": true, "_note": "על-יסודי חינוך מיוחד; פיזית במבנה תדהר לשעבר; מאחד 2 מסלולים (12+43)"}], "_added_from_yotam": true, "_position_source": "yotam_address"}}, {"type": "Feature", "geometry": {"type": "Point", "coordinates": [35.2201, 31.7602]}, "properties": {"address": "גדעון 14", "institutions_count": 1, "total_students": 54, "primary_type": "על יסודי", "institutions": [{"name": "גורן", "semel_chinuch": 641670, "students": 54, "type": "על יסודי", "pikuach": "ממלכתי דתי", "classes": 9, "herkev_minim": "בנים", "maamad": "רשמי", "_added_from_pratei": true, "sug_chinuch": "חינוך מיוחד"}], "_added_from_pratei": true, "_position_source": "mosadot_shchuna"}}, {"type": "Feature", "geometry": {"type": "Point", "coordinates": [35.2133, 31.7547]}, "properties": {"address": "יעקב בן דב 1", "institutions_count": 1, "total_students": 57, "primary_type": "תיכון", "institutions": [{"name": "תיכון תורני \"מסע\"- התיכון הצומח החדש", "semel_chinuch": 682351, "students": 57, "type": "תיכון", "pikuach": "ממלכתי דתי", "classes": 2, "herkev_minim": "בנים", "maamad": "רשמי", "_added_from_pratei": true}], "_added_from_pratei": true, "_position_source": "mosadot_shchuna"}}, {"type": "Feature", "geometry": {"type": "Point", "coordinates": [35.205442, 31.740029]}, "properties": {"address": "אל בראעם 35", "institutions_count": 1, "total_students": 585, "primary_type": "יסודי", "institutions": [{"name": "בית צפאפא יסודי א", "semel_chinuch": 118091, "students": 585, "type": "יסודי", "pikuach": "ערבי", "classes": 20, "herkev_minim": "מעורב - כיתות נפרדות", "maamad": "רשמי", "_added_from_pratei": true}], "_added_from_pratei": true, "_position_source": "mosadot_shchuna"}}]}