{"type": "FeatureCollection", "generated_at": "2026-09-15T20:51:10", "features": [{"type": "Feature", "properties": {"plan_name": "101-0223057", "pl_name": "אזורי ארנונה החדשה | מבנה למגורים ושצ\"פ | ירושלים", "dunam": 16.728, "source": "xplan_blueline"}, "geometry": {"type": "MultiPolygon", "coordinates": [[[[35.22913126137658, 31.746807354099357], [35.22856027615138, 31.746150029136263], [35.227497815696715, 31.747251693537994], [35.2284861247293, 31.74769311885923], [35.22869757429176, 31.747793982555155], [35.228728140528986, 31.747738046072193], [35.22880376007463, 31.74754142930606], [35.22886060414556, 31.74738521877261], [35.22889200851619, 31.74730673594994], [35.22892852594548, 31.747215478394743], [35.22897511517046, 31.74715363888686], [35.22905280593876, 31.747050506857764], [35.22917529493299, 31.746898973041834], [35.22918995826494, 31.746874981097665], [35.2291821460799, 31.746865964163415], [35.22913126137658, 31.746807354099357]]], [[[35.22720329177867, 31.747557080827644], [35.227428716596506, 31.747323343245807], [35.22741281979138, 31.747312163236682], [35.227414428239726, 31.747291039922015], [35.22741218983626, 31.747269958787502], [35.22740615642288, 31.747249427562554], [35.22739647482271, 31.747229943136965], [35.22738337839279, 31.74721197532926], [35.22736718385545, 31.747195957868957], [35.2273594654239, 31.747189898859563], [35.22704816816121, 31.74694556350985], [35.22683149874799, 31.747188127957152], [35.22696488183393, 31.74727512706222], [35.22685989354306, 31.747392665105423], [35.226901112708724, 31.747419550857988], [35.22691931458671, 31.747466252410565], [35.22703436111769, 31.747541290799795], [35.227086970275515, 31.747482394538086], [35.22720329177867, 31.747557080827644]]]]}}, {"type": "Feature", "properties": {"plan_name": "101-0425132", "pl_name": "הקמת מבנה מגורים להשכרה ברחוב שדרות הרצל 80, בית הכרם", "dunam": 1.155, "source": "xplan_blueline"}, "geometry": {"type": "MultiPolygon", "coordinates": [[[[35.1894044134008, 31.78322325412724], [35.18956436855211, 31.7829913970505], [35.189821197053334, 31.783125322914398], [35.18986230393072, 31.783065831393802], [35.19000179990234, 31.78286703470087], [35.19001925597207, 31.7828687898484], [35.19002869384899, 31.7828468653682], [35.190030525236544, 31.78284260708414], [35.18999815178828, 31.782835376082968], [35.189948223395504, 31.78282410284014], [35.18989320168917, 31.782800724496273], [35.18980359955788, 31.782759554274367], [35.189752061925155, 31.782736715568635], [35.18972539907006, 31.782724029019217], [35.18972268806493, 31.78272247393428], [35.189704161295225, 31.782748527774235], [35.18950056045238, 31.783034838477207], [35.189373400060425, 31.78321394168004], [35.1894044134008, 31.78322325412724]]]]}}, {"type": "Feature", "properties": {"plan_name": "101-0686790", "pl_name": "יפה נוף שטח המתפנה על ידי חברת החשמל", "dunam": 4.161, "source": "xplan_blueline"}, "geometry": {"type": "MultiPolygon", "coordinates": [[[[35.186272119009416, 31.78062246580274], [35.18614098718381, 31.780483756610476], [35.18613433730734, 31.780487404505564], [35.18594980392225, 31.780581457959006], [35.18576851179715, 31.780673257015508], [35.18589929396736, 31.780816820242983], [35.185908470873336, 31.78082628729431], [35.18591729525401, 31.780835265496204], [35.18592612177263, 31.780844119243785], [35.185935091872224, 31.78085299465571], [35.18594417177631, 31.780861852046055], [35.18595317359545, 31.780870509215838], [35.18596228732811, 31.780879160990096], [35.18597165231236, 31.780887921020913], [35.18598090543154, 31.780896459182035], [35.185990291577745, 31.780905000969057], [35.185999601747184, 31.780913358768906], [35.18600912727884, 31.78092179235374], [35.18601864861196, 31.780930110501664], [35.18602831141864, 31.78093843047292], [35.1860378919128, 31.78094657186713], [35.18604780599728, 31.780954877443634], [35.18605767154868, 31.780963029699432], [35.18606751812294, 31.780971055694042], [35.18607763284248, 31.78097918453628], [35.18608762513645, 31.780987104133075], [35.186097539338654, 31.780994855975493], [35.1861076456829, 31.78100265113305], [35.18611793994837, 31.781010478783006], [35.18612832501935, 31.781018264960483], [35.186138617218546, 31.781025879774035], [35.18614908889533, 31.781033514452965], [35.186159355804485, 31.781040900193705], [35.18616982330262, 31.781048325643276], [35.186180537838446, 31.781055816059812], [35.18619091037415, 31.78106297094188], [35.18620161650821, 31.781070252128398], [35.18621220654515, 31.7810773529293], [35.18622305628725, 31.781084527717276], [35.18623405172861, 31.781091691703008], [35.1862450176335, 31.781098736640608], [35.18625623902307, 31.78110584293876], [35.18626728308848, 31.781112730965308], [35.18627809071098, 31.781119379067626], [35.186289136928714, 31.781126074098637], [35.186300459744366, 31.78113284131519], [35.18631173824446, 31.781139480463082], [35.186323077992775, 31.781146056489817], [35.18633442831753, 31.781152544136642], [35.18634597923677, 31.78115904443662], [35.18635765896587, 31.781165519502267], [35.186372495119635, 31.781173620130026], [35.18658808693532, 31.781282188757576], [35.18669742417956, 31.781326809023742], [35.1868781584189, 31.781003830744215], [35.186664068603754, 31.780904237930482], [35.18659302344001, 31.780864366668936], [35.1865213443744, 31.78082712865345], [35.18649706498875, 31.780810892113788], [35.186448717899765, 31.78077580371228], [35.18640227149499, 31.78073927261538], [35.18636448132616, 31.780708063586445], [35.18631296899088, 31.78066305443711], [35.186272119009416, 31.78062246580274]]]]}}, {"type": "Feature", "properties": {"plan_name": "101-0811653", "pl_name": "טור סיני 27,29,31", "dunam": 2.59, "source": "xplan_blueline"}, "geometry": {"type": "MultiPolygon", "coordinates": [[[[35.17042777754979, 31.763196036676973], [35.170727744544465, 31.762578301380568], [35.17069104229712, 31.76256256894517], [35.17060398204747, 31.762522651955283], [35.17045293139624, 31.762687306427395], [35.17040359258899, 31.762664312509308], [35.17038459868627, 31.762682310036396], [35.17037527062369, 31.76267398173028], [35.17022956298865, 31.762808701576457], [35.17011265377129, 31.762923243948684], [35.17001634788301, 31.76302308090505], [35.17017676222925, 31.763106364198606], [35.170200827304726, 31.763110970057554], [35.17030459993164, 31.76314988894123], [35.170267578788, 31.763226135282004], [35.170274123981585, 31.76335657962432], [35.17040893549968, 31.763358626755338], [35.17040331648262, 31.763246657825377], [35.17042777754979, 31.763196036676973]]], [[[35.17040896567591, 31.761715693851226], [35.17042341025466, 31.76173741950106], [35.17043345152715, 31.761760887239127], [35.17043881317423, 31.7617854494693], [35.17043934871775, 31.76181043157433], [35.170435042571846, 31.76183514544364], [35.17042601320207, 31.76185891111843], [35.170404129928926, 31.76195053256585], [35.17043312408413, 31.762041987206935], [35.17049636076437, 31.762016301507618], [35.17049907449731, 31.761975960072505], [35.170508296470516, 31.761936328314672], [35.17052384801149, 31.761898167340956], [35.17056945928015, 31.761866073831822], [35.17051234506392, 31.761818823714577], [35.17045877860919, 31.761768632703138], [35.17040896567591, 31.761715693851226]]]]}}, {"type": "Feature", "properties": {"plan_name": "101-0858126", "pl_name": "מתחם בית העם - תוספת קומות ושטחים לדירות להשכרה, ירושלים", "dunam": 2.476, "source": "xplan_blueline"}, "geometry": {"type": "MultiPolygon", "coordinates": [[[[35.213050314500855, 31.780485431455833], [35.21299036266111, 31.78037582759907], [35.21295603266971, 31.7803876314036], [35.21283164523404, 31.780430395989143], [35.21271244227013, 31.780458730661582], [35.212661443944896, 31.780470851120157], [35.21268125538399, 31.780531669971477], [35.2126697096349, 31.780626589462443], [35.212658279910876, 31.7807205547959], [35.21265174953262, 31.78077422736918], [35.21264520859851, 31.780828004555868], [35.21263971209656, 31.780873178113694], [35.21262845111041, 31.780965750987882], [35.21261984530504, 31.781045928789617], [35.213093277010984, 31.7808631464798], [35.2132058888765, 31.78081966820028], [35.21302681837452, 31.78049415565694], [35.213050314500855, 31.780485431455833]]]]}}, {"type": "Feature", "properties": {"plan_name": "101-0878421", "pl_name": "תוספת קומה, שטחי בניה ומבנה ציבור , בתי ויטנברג, ירושלים", "dunam": 4.784, "source": "xplan_blueline"}, "geometry": {"type": "MultiPolygon", "coordinates": [[[[35.220767118134724, 31.78705911511871], [35.22077968108836, 31.787050906759127], [35.220793481397294, 31.787054212929707], [35.22082321284398, 31.787037846112597], [35.220834713968436, 31.787043511788504], [35.22084400301323, 31.7870306647815], [35.22084637067464, 31.787033409675818], [35.22089033832037, 31.787001675454455], [35.22041230736061, 31.78676254515623], [35.219942846607886, 31.78652803483835], [35.219881086724826, 31.786563665046515], [35.219852001423114, 31.78657999188542], [35.2198037018737, 31.786607233308807], [35.21964588580303, 31.786713119307688], [35.21963911475296, 31.78670654570649], [35.21950294977737, 31.78681620944326], [35.21959456476306, 31.786897674350644], [35.219644326980436, 31.786941925284314], [35.21968043906672, 31.786958154067907], [35.2200009092403, 31.787109624252988], [35.22002621294026, 31.78711986604702], [35.220001503967524, 31.787155327618027], [35.220047482715756, 31.787176354677715], [35.2200430517576, 31.787197368090197], [35.22018716164137, 31.78713025340275], [35.2202570555159, 31.787116987662877], [35.22046445106518, 31.787107238000747], [35.22061121081883, 31.78708948199486], [35.220689747633635, 31.787076148179445], [35.22072879108461, 31.787069164736653], [35.220767118134724, 31.78705911511871]]]]}}, {"type": "Feature", "properties": {"plan_name": "101-0885392", "pl_name": "מקסיקו 6/6א' - פינוי בינוי", "dunam": 2.327, "source": "xplan_blueline"}, "geometry": {"type": "MultiPolygon", "coordinates": [[[[35.16904632923827, 31.757688784393256], [35.168958259705676, 31.757524714527992], [35.16872166989002, 31.757657490141394], [35.16871328720894, 31.757662772600327], [35.168705891040304, 31.757669039246636], [35.168699638704204, 31.757676157553508], [35.16869466325164, 31.75768397604863], [35.168691070296, 31.757692329724215], [35.1686889348465, 31.75770104003636], [35.16868885040212, 31.75771755548023], [35.16869185970256, 31.757733869777717], [35.16869788585958, 31.75774956174586], [35.16872522829868, 31.757783301970026], [35.16874979209742, 31.757818567330958], [35.1687665726639, 31.75784829589562], [35.16878100969086, 31.757878909413826], [35.16878952696908, 31.757913610236894], [35.16879533779288, 31.75794871613303], [35.16879566000289, 31.757981085203422], [35.168790880014, 31.75801319672479], [35.16878400572137, 31.75804854528017], [35.16877322844859, 31.75808317487659], [35.16898300912337, 31.758167813660663], [35.16923168606899, 31.75816725121779], [35.16929447050937, 31.757991241227444], [35.16921521926657, 31.757946397737367], [35.16913987048805, 31.75790380988691], [35.169120044303064, 31.757858351469476], [35.16904632923827, 31.757688784393256]]]]}}, {"type": "Feature", "properties": {"plan_name": "101-0890426", "pl_name": "מתחם מנחת הדסה, הר הצופים", "dunam": 13.496, "source": "xplan_blueline"}, "geometry": {"type": "MultiPolygon", "coordinates": [[[[35.23951134699003, 31.799731368720373], [35.23957858584683, 31.799822186876064], [35.23959483185288, 31.79984671417966], [35.23960909149236, 31.799868244321367], [35.23962947160705, 31.799906519897664], [35.23963735134854, 31.79992329370522], [35.23964357820569, 31.799936547194726], [35.239655603176026, 31.79996299657393], [35.23966803639168, 31.799991105220517], [35.239679133918415, 31.80001674500385], [35.23969123780966, 31.800045187419286], [35.2396972475343, 31.800059449220925], [35.23970065932962, 31.80006757924516], [35.239713653365214, 31.8000986385449], [35.23997552542666, 31.80072544392512], [35.2399771657461, 31.800729166253028], [35.2399934355261, 31.800754418573092], [35.240006765112305, 31.80076779631338], [35.24003805972126, 31.80077160593379], [35.24011321266572, 31.80077262738782], [35.240345476944626, 31.80065195019726], [35.240350225820244, 31.800649492249423], [35.24039631882873, 31.800625634626325], [35.24041252285236, 31.800617248360542], [35.240607122782194, 31.800516133188594], [35.24066767053392, 31.80048288863199], [35.24067828090287, 31.800477063342207], [35.24084931575168, 31.800388814722346], [35.24095862597069, 31.800348795873056], [35.24100497214372, 31.80033573475892], [35.24083929549869, 31.799944972658704], [35.240645574990914, 31.79948752738977], [35.240630922323554, 31.79946052512185], [35.240611019315985, 31.799436095486463], [35.240586467106255, 31.799414975111883], [35.24055800617982, 31.799397801384504], [35.24052649524272, 31.799385093516634], [35.24049288481477, 31.799377232713965], [35.24045818871718, 31.79937445767461], [35.24042345344511, 31.799376851972383], [35.24038972754508, 31.799384343163645], [35.240123942933174, 31.799464993676413], [35.239649614351656, 31.799608924024614], [35.23956349261641, 31.799635056062225], [35.23950735347685, 31.799648119355247], [35.239501327395445, 31.79966026336423], [35.23949760781162, 31.799673065078466], [35.23949628858801, 31.799686207025307], [35.239497183262074, 31.799698071358893], [35.23950003562954, 31.799709707889313], [35.23950478963565, 31.799720882153984], [35.23951134699003, 31.799731368720373]]]]}}, {"type": "Feature", "properties": {"plan_name": "101-0909812", "pl_name": "התחדשות עירונית רח' אבשלום חביב - מתחם ג'", "dunam": 6.881, "source": "xplan_blueline"}, "geometry": {"type": "MultiPolygon", "coordinates": [[[[35.238633491557934, 31.750969785034677], [35.23866726496876, 31.750969505397833], [35.23866575331241, 31.750877066703328], [35.23866572511714, 31.7508005559931], [35.238620639673414, 31.750800568116286], [35.23792194933083, 31.75080075395051], [35.23785570059892, 31.750800771372134], [35.23772995993568, 31.750800804343875], [35.23773137505944, 31.75083853536078], [35.237676617475834, 31.75089094687], [35.2375695975287, 31.750890343498828], [35.23757502709164, 31.751021831069455], [35.237564106755585, 31.751031057983294], [35.237494628044544, 31.75108976090815], [35.23744629012547, 31.751091126228395], [35.23744712795753, 31.751072818560065], [35.23741546461548, 31.751071023083277], [35.23728955203365, 31.751069432344362], [35.23723788059882, 31.75106939337215], [35.23720047427113, 31.75106936513498], [35.237183497726896, 31.75111410101221], [35.237167892550595, 31.751156942659787], [35.23720750236459, 31.75115619114488], [35.237533805727026, 31.751149993957725], [35.237537663120726, 31.751270899686205], [35.23753861307704, 31.75130071803691], [35.23754511963223, 31.75150459640357], [35.2377145602697, 31.751628465664982], [35.23775539190744, 31.75159084804847], [35.23784145036124, 31.75151105910887], [35.237847922200686, 31.751505058337468], [35.23791122901313, 31.751452644510138], [35.23800312472623, 31.751363968948233], [35.23811466655106, 31.751317674826595], [35.238172286562694, 31.751300434322385], [35.23824309793066, 31.75127922216978], [35.23824129953839, 31.75126776921819], [35.23830430456566, 31.7512571106904], [35.23837036994953, 31.751245459285773], [35.2385013459843, 31.751239291735047], [35.2384998646185, 31.75122901110047], [35.23859517249413, 31.751237102147783], [35.23862080156246, 31.751240444715073], [35.23867106122504, 31.751247002040934], [35.2386684530214, 31.751043005435744], [35.23863478482737, 31.751042473384242], [35.238633491557934, 31.750969785034677]]]]}}, {"type": "Feature", "properties": {"plan_name": "101-0981829", "pl_name": "מתחם למגורים ומבנים ומוסדות ציבור ברחוב יעקב אלעזר רמות אלון", "dunam": 5.689, "source": "xplan_blueline"}, "geometry": {"type": "MultiPolygon", "coordinates": [[[[35.20946052980489, 31.812067251081192], [35.20917962845321, 31.811950506645257], [35.20881428163561, 31.81180405987115], [35.20844906129289, 31.811673605206686], [35.20795133228172, 31.811501212474653], [35.207893656918024, 31.811916316719845], [35.20802409009061, 31.81193872639199], [35.20815290665799, 31.81196715122644], [35.20827972643848, 31.81200150556523], [35.208404173472424, 31.81204168932226], [35.208525883414595, 31.812087584375693], [35.208644495085004, 31.81213905366624], [35.2087596589177, 31.812195946607797], [35.20887103590429, 31.812258094578155], [35.20906882015677, 31.81206235831486], [35.209211629096416, 31.81216022385659], [35.209389025567326, 31.81228504917741], [35.209429335072954, 31.81231570280322], [35.209661739683334, 31.812153236590447], [35.20946052980489, 31.812067251081192]]]]}}, {"type": "Feature", "properties": {"plan_name": "101-0993907", "pl_name": "פינוי בינוי ברחובות אלקחי דרזנר ורזיאל, ארמון הנציב ירושלים", "dunam": 22.582, "source": "xplan_blueline"}, "geometry": {"type": "MultiPolygon", "coordinates": [[[[35.232484369410294, 31.74881213370273], [35.23251026588157, 31.748760345839983], [35.232667314985875, 31.748814764487857], [35.23274289423561, 31.74864889113652], [35.23278613821169, 31.748559598825075], [35.23283317727587, 31.748456417233392], [35.23286998958663, 31.748388049137137], [35.23291648691838, 31.748239685184114], [35.23293374026193, 31.748060214103596], [35.23293756590275, 31.747801834557656], [35.232937694110475, 31.74753182202424], [35.23293799929419, 31.747494575741037], [35.23294052451921, 31.747215064421223], [35.23293845111689, 31.746903506138832], [35.232935523175364, 31.746723604852157], [35.2329228415915, 31.74654401417652], [35.23290685281279, 31.746482403669727], [35.232886277796176, 31.746435820736814], [35.23275061117184, 31.746267025524073], [35.23270489719931, 31.74621283477417], [35.232657326335826, 31.746181137350202], [35.23260627513197, 31.74615367664797], [35.232552257631845, 31.746130730318157], [35.2325524655332, 31.74681742973903], [35.23192979418421, 31.74681756587761], [35.231929942653444, 31.74731902979945], [35.23189691810178, 31.747320478083918], [35.23180163164001, 31.747369468830605], [35.23177893448176, 31.747505248342854], [35.231847611066954, 31.7476077264832], [35.23182830062328, 31.74761819205059], [35.2318119875203, 31.747621678490265], [35.231779688459106, 31.747628580949023], [35.23177430228837, 31.7476948442943], [35.23178111004974, 31.7479260020287], [35.23183743202096, 31.748162543933606], [35.23187353026453, 31.748447160326297], [35.23187284731125, 31.74847177904567], [35.23190451757242, 31.748471772208813], [35.231938630015144, 31.748471764835923], [35.23203785416647, 31.748422827251048], [35.23207743352891, 31.74842281865431], [35.23220442309736, 31.74861476318092], [35.23226027637349, 31.748698058024598], [35.2322896120679, 31.748683622079085], [35.23232466642108, 31.7487342079138], [35.23237055708165, 31.748712789839814], [35.23243709509929, 31.748830049355263], [35.232484369410294, 31.74881213370273]]]]}}, {"type": "Feature", "properties": {"plan_name": "101-0994301", "pl_name": "התחדשות עירונית התומר 8-10 , ירושלים", "dunam": 4.701, "source": "xplan_blueline"}, "geometry": {"type": "MultiPolygon", "coordinates": [[[[35.18547407086638, 31.77920022260438], [35.18569164895045, 31.77906351218511], [35.18570915740839, 31.77905278104222], [35.185678396177956, 31.779016556792573], [35.18574913549625, 31.77897210820551], [35.185427580994805, 31.778595708087103], [35.18583310160413, 31.778343016019182], [35.18571432144692, 31.778193980253185], [35.18563819368479, 31.778241225544605], [35.18553651754068, 31.77828639277816], [35.18546334898743, 31.77831731507919], [35.185433995792174, 31.778336069009633], [35.185422063838566, 31.778346708958367], [35.18537708173403, 31.77838521086693], [35.18531774686366, 31.778398098326488], [35.18509074910834, 31.778470391798372], [35.18490729868753, 31.778529194577974], [35.1848827763989, 31.778537691579587], [35.18477597746367, 31.77857128319176], [35.18476923930998, 31.77857340869547], [35.184972266438876, 31.77881268197949], [35.18502611858359, 31.778838109464477], [35.18510089994157, 31.77879126114977], [35.18515670126381, 31.778856254441905], [35.1852866585105, 31.779010369753177], [35.18530776396425, 31.779035399001955], [35.185455835993935, 31.77921099509141], [35.18547407086638, 31.77920022260438]]]]}}, {"type": "Feature", "properties": {"plan_name": "101-1065879", "pl_name": "התחדשות עירונית ברחוב האודם 18-28, גילה, ירושלים", "dunam": 3.018, "source": "xplan_blueline"}, "geometry": {"type": "MultiPolygon", "coordinates": [[[[35.18117725590518, 31.73654589788855], [35.18116808736828, 31.736513840970783], [35.181064139284956, 31.73651746906647], [35.18106471072083, 31.736527948632677], [35.180955338285585, 31.736532780514757], [35.18093950436552, 31.73655279860612], [35.18094255694139, 31.736583281594516], [35.18091775794224, 31.73658490035632], [35.18092343682578, 31.736662352017287], [35.1808822815884, 31.736662723212135], [35.180860642628055, 31.736686978903496], [35.18095910341037, 31.736767809734516], [35.18092773915728, 31.73679205643461], [35.18089142311984, 31.736818203307706], [35.18092117341102, 31.73685450632161], [35.18094902186882, 31.73689189480245], [35.18099853440157, 31.736964881346566], [35.18104469720516, 31.73703945450791], [35.18107724507287, 31.737109724255394], [35.18110325407092, 31.73718195702222], [35.18112256389627, 31.737255708172608], [35.18114169608317, 31.737381723115064], [35.181152247369965, 31.73738731648884], [35.18119033216345, 31.737386674094274], [35.181207544123076, 31.73738453082933], [35.18124785377591, 31.73738245849298], [35.1813537787303, 31.737377010678497], [35.18135475259192, 31.737390419513222], [35.18142322420285, 31.73745247892701], [35.181493189025815, 31.737450507446923], [35.18148866270609, 31.73737007632583], [35.18153744625646, 31.73736756712203], [35.181483585848504, 31.73727982940353], [35.181483522809316, 31.737278703887345], [35.18141864887601, 31.73716027070484], [35.18132720468028, 31.736969095124802], [35.18124054378288, 31.736750524036104], [35.18117725590518, 31.73654589788855]]]]}}, {"type": "Feature", "properties": {"plan_name": "101-1079912", "pl_name": "אוהל שלמה 4", "dunam": 0.336, "source": "xplan_blueline"}, "geometry": {"type": "MultiPolygon", "coordinates": [[[[35.21122741842121, 31.78644754587168], [35.2109794030252, 31.78641860990268], [35.21097898684993, 31.78650527674034], [35.210979201383985, 31.78655271350837], [35.21120092713191, 31.786582733095702], [35.21122741842121, 31.78644754587168]]]]}}, {"type": "Feature", "properties": {"plan_name": "101-1084698", "pl_name": "בניין חדש- כנפי נשרים 14", "dunam": 0.359, "source": "xplan_blueline"}, "geometry": {"type": "MultiPolygon", "coordinates": [[[[35.19092734694846, 31.787957202275766], [35.19116452437853, 31.787917313491903], [35.19114320967283, 31.78782397086824], [35.19093975514899, 31.78778246492827], [35.19090855596362, 31.787776276814473], [35.190901552087524, 31.787786913272747], [35.190896682997995, 31.78779838596212], [35.190894078609034, 31.787810385565564], [35.190893809710055, 31.787822586526566], [35.19092734694846, 31.787957202275766]]]]}}, {"type": "Feature", "properties": {"plan_name": "101-1093566", "pl_name": "מתחם עליאש - מבנה מגורים ומסחר, ירושלים", "dunam": 1.051, "source": "xplan_blueline"}, "geometry": {"type": "MultiPolygon", "coordinates": [[[[35.215191747871565, 31.781432672974866], [35.21514433742792, 31.781358751310265], [35.21514974688498, 31.78135620585871], [35.215159483359365, 31.78134872336511], [35.215167643424394, 31.781339971212653], [35.21517400222977, 31.781330190212156], [35.21517838771697, 31.781319648225153], [35.21518067745094, 31.78130863204755], [35.21518081023314, 31.78129744470308], [35.21517878293257, 31.781286391916016], [35.215177504995076, 31.78128243294391], [35.2150997771542, 31.781079344992328], [35.214772399704415, 31.78111934170387], [35.2147837187715, 31.781130685935462], [35.214829671236906, 31.78118032850234], [35.21484305071201, 31.781206336488587], [35.214843781413016, 31.781226077720564], [35.21484134531655, 31.781250265287053], [35.21484305597854, 31.781253114962993], [35.214859824681625, 31.781280926350036], [35.21487291944439, 31.7813097841726], [35.21489245409902, 31.78133602612448], [35.21489023714107, 31.781337379068408], [35.21496837571443, 31.781440994085255], [35.214993185002776, 31.781429899380633], [35.21504831001591, 31.781403952427706], [35.21509651435598, 31.78147797506689], [35.215191747871565, 31.781432672974866]]]]}}, {"type": "Feature", "properties": {"plan_name": "101-1097559", "pl_name": "התחדשות עירונית חזון ציון 7-9 - ירושלים", "dunam": 2.47, "source": "xplan_blueline"}, "geometry": {"type": "MultiPolygon", "coordinates": [[[[35.19476976690778, 31.782133865428953], [35.194780942236314, 31.782267320631465], [35.19459447597235, 31.782278157383807], [35.194563732871366, 31.782367211766868], [35.194502719974885, 31.78252082475286], [35.194659927079414, 31.782507669978955], [35.19478810047058, 31.782491717121825], [35.194937525476284, 31.782466738290072], [35.19498303880853, 31.782459130123232], [35.19501837002134, 31.782453225670455], [35.195051417332685, 31.78243924956824], [35.19505862018632, 31.782425488009917], [35.19506776980759, 31.78241259777145], [35.195080696024895, 31.782398944851092], [35.19509580013642, 31.782387034444053], [35.195112764327746, 31.782377117238042], [35.19514274986627, 31.782362870336954], [35.195302809567906, 31.782325635834706], [35.19547522135421, 31.78229246027773], [35.19547629180668, 31.782139327833114], [35.19476976690778, 31.782133865428953]]]]}}, {"type": "Feature", "properties": {"plan_name": "101-1108174", "pl_name": "תוספת יח\"ד, זכויות בניה ושינוי בינוי ברחוב תלמה 1 ירושלים", "dunam": 2.453, "source": "xplan_blueline"}, "geometry": {"type": "MultiPolygon", "coordinates": [[[[35.19095885935454, 31.76933300002878], [35.19080288577894, 31.769216699947098], [35.19077533765137, 31.76919072394797], [35.190504487548026, 31.769027641631407], [35.19037370903542, 31.76893663142159], [35.19031686523357, 31.76903722387243], [35.19026498774633, 31.769139757611473], [35.19021816845412, 31.769244052286446], [35.19015269561541, 31.769399522608705], [35.190137277799494, 31.76943604549964], [35.190185095681464, 31.769450750867335], [35.190256037652446, 31.769427761774374], [35.190354744045806, 31.76939584746302], [35.19037331682793, 31.769437875358896], [35.19037683217103, 31.769444295059024], [35.190381481346336, 31.769450164759867], [35.190387149311775, 31.769455340153858], [35.190393696743364, 31.769459692262142], [35.19040096108968, 31.769463114649348], [35.1904087639616, 31.769465521620724], [35.190416912187004, 31.76946685453531], [35.19042520414475, 31.769467080904622], [35.190433435042806, 31.769466194393264], [35.19044140114063, 31.7694642166232], [35.19061981153467, 31.769406518113275], [35.19063627998758, 31.769402461600837], [35.190651096017504, 31.769400830864004], [35.19066603317856, 31.769401002921313], [35.190680792728344, 31.76940297503504], [35.190695078041145, 31.769406706590484], [35.19077963008203, 31.76943440220585], [35.19079694076512, 31.76943867968746], [35.19081485036937, 31.769440378863305], [35.19083283741812, 31.769439451880025], [35.19085037831258, 31.769435924835406], [35.19086696105507, 31.76942989958353], [35.190882103195044, 31.76942155283467], [35.19089536238679, 31.769411128039966], [35.19090635328063, 31.769398928178237], [35.19092755226307, 31.769371198767356], [35.19094548221116, 31.769348925154162], [35.19095885935454, 31.76933300002878]]]]}}, {"type": "Feature", "properties": {"plan_name": "101-1131259", "pl_name": "איחוד חלקות ובנית בנין חדש ברח' האמרכלים 8-12, זכרון משה, ירושלים.", "dunam": 0.325, "source": "xplan_blueline"}, "geometry": {"type": "MultiPolygon", "coordinates": [[[[35.21540465253971, 31.788022655089012], [35.215396947275785, 31.787989390496833], [35.215340568557885, 31.787999324616592], [35.21528045841868, 31.788008744982143], [35.21522095871059, 31.788019588370407], [35.2152581292799, 31.78818763581068], [35.21531899544643, 31.788177573281107], [35.215380723143475, 31.788167294206502], [35.215436025084195, 31.788158088849183], [35.21540465253971, 31.788022655089012]]]]}}, {"type": "Feature", "properties": {"plan_name": "101-1176114", "pl_name": "שחראי-ויסמן, בית וגן ירושלים", "dunam": 2.506, "source": "xplan_blueline"}, "geometry": {"type": "MultiPolygon", "coordinates": [[[[35.186720338123365, 31.769694419279826], [35.18678189527529, 31.769622370601247], [35.186841869052124, 31.769549419831797], [35.186900576196386, 31.769475296464442], [35.18695928339912, 31.769400361411062], [35.18701799050721, 31.769325426329715], [35.18702031346721, 31.769322360382404], [35.186931013802486, 31.769286725408687], [35.18691348474938, 31.769316483803134], [35.186823868987204, 31.76927796281545], [35.186807501367724, 31.769306278407697], [35.186622358982014, 31.76922671023743], [35.18658255030194, 31.769286496828343], [35.186438954936094, 31.76944015061525], [35.18635871337614, 31.76950994188223], [35.18626876276604, 31.769564851319984], [35.18622549543049, 31.76960314820623], [35.18618049710937, 31.769639962201573], [35.186318667715305, 31.76970130714335], [35.186333240134104, 31.769677320204337], [35.186441433428016, 31.7697253134963], [35.186433619255396, 31.769738118555782], [35.186505818557265, 31.769770144108193], [35.18647318907804, 31.769823799139637], [35.186561431683046, 31.769868633074463], [35.186592684848534, 31.769835630016246], [35.18665719759444, 31.769765565865264], [35.186720338123365, 31.769694419279826]]]]}}, {"type": "Feature", "properties": {"plan_name": "101-1190297", "pl_name": "הגדלת זכויות בניה ותוספת יח\"ד ברחוב נג'ארה 8", "dunam": 1.2, "source": "xplan_blueline"}, "geometry": {"type": "MultiPolygon", "coordinates": [[[[35.19140562694864, 31.790872882740636], [35.19114304982059, 31.790931450014263], [35.19121876923575, 31.79119671403994], [35.19124830306492, 31.791190427662603], [35.191260042703085, 31.791187777465503], [35.1916256542742, 31.791105256643736], [35.19155043743641, 31.79084754671252], [35.191440473672955, 31.790867704318313], [35.19140562694864, 31.790872882740636]]]]}}, {"type": "Feature", "properties": {"plan_name": "101-1217082", "pl_name": "תוספת יח\"ד ושטחי בניה ושינוי בינוי מאושר, מסילת ישרים, ירושלים", "dunam": 0.337, "source": "xplan_blueline"}, "geometry": {"type": "MultiPolygon", "coordinates": [[[[35.21530479746409, 31.782798145485902], [35.21524872404137, 31.782701472988162], [35.21517493281011, 31.78271559306683], [35.21514747706868, 31.78272375704696], [35.215067354480496, 31.782748858407583], [35.215090480705356, 31.78278853924787], [35.21511554786489, 31.782831542300222], [35.215139184745134, 31.782867893493243], [35.215152612964275, 31.782892591963634], [35.215167451939074, 31.782919182374226], [35.215164669039225, 31.782920472241706], [35.21518065506458, 31.78295101802555], [35.21527026375221, 31.78287853128442], [35.21523411982279, 31.782840680519808], [35.21530745239897, 31.78280405231297], [35.21530479746409, 31.782798145485902]]]]}}, {"type": "Feature", "properties": {"plan_name": "101-1222272", "pl_name": "פינוי בינוי ברחוב מעלות דפנה 123, 124, ירושלים", "dunam": 4.288, "source": "xplan_blueline"}, "geometry": {"type": "MultiPolygon", "coordinates": [[[[35.224547561176216, 31.79898486080506], [35.224734180381255, 31.798600079899494], [35.22462091016955, 31.798565277984352], [35.22465325053673, 31.79849960098241], [35.22464604486216, 31.79848121364881], [35.22469904180122, 31.79837649276901], [35.22471809015804, 31.798371123790446], [35.224792119278455, 31.798207491435853], [35.22476606699366, 31.7982090052869], [35.224768483699464, 31.798202445830494], [35.22476955716925, 31.798195630467074], [35.22476925471232, 31.79818875850816], [35.22476758587675, 31.798182031062144], [35.22476446731203, 31.798175766491248], [35.22476017463795, 31.7981700305854], [35.22475482615702, 31.79816498295091], [35.22453221870029, 31.79808310982146], [35.224383375912545, 31.79802776403066], [35.2243778401451, 31.79802571231635], [35.224372018362324, 31.79802435145479], [35.224366030949184, 31.79802370938408], [35.22435999723159, 31.798023799613023], [35.224354038643824, 31.798024619417042], [35.22434824072501, 31.798026200347078], [35.224342777696876, 31.79802849097104], [35.22433776675985, 31.798031441669508], [35.224333316663476, 31.79803498749314], [35.22432952348336, 31.798039051770704], [35.224326469565554, 31.798043547912865], [35.22424357239377, 31.79820989772162], [35.22420752312275, 31.798195573130872], [35.22418189763262, 31.798247519393488], [35.22415627211383, 31.79829946565052], [35.22415446023028, 31.798305099715275], [35.22415370328723, 31.798310905867286], [35.22415401709415, 31.798316742515496], [35.224155397396636, 31.798322465366446], [35.22415780720614, 31.798327932837257], [35.22416188857049, 31.798333256656047], [35.22416691171932, 31.798337958059985], [35.224172746743825, 31.798341916222842], [35.224179244732, 31.798345030161748], [35.22427465778656, 31.798377845807476], [35.22426580240933, 31.798397151939476], [35.22425277370302, 31.798425549251306], [35.22426477874631, 31.798429634507748], [35.224242191067795, 31.798475902332854], [35.22423551050187, 31.798473325921265], [35.22422129279458, 31.79850187492377], [35.224222524452856, 31.798503776708586], [35.224223406616986, 31.798505815627248], [35.22422391815767, 31.798507944787488], [35.22422404639311, 31.79851011639386], [35.22422379025619, 31.798512278139928], [35.22422315396066, 31.798514383129422], [35.224222676891884, 31.7985154419618], [35.224182439056364, 31.79859780408908], [35.22418178244007, 31.798598708734886], [35.22418095790292, 31.79859950698991], [35.22417998867129, 31.798600176304564], [35.22417890219618, 31.798600697735964], [35.22417772804151, 31.79860105685014], [35.22417650105155, 31.798601241917744], [35.22417525501658, 31.798601250228028], [35.22417402372704, 31.798601079972023], [35.22417284414259, 31.79860073565322], [35.22417174900045, 31.798600228088553], [35.224170665424516, 31.798599488749687], [35.22411161415578, 31.798710299555715], [35.22411405283025, 31.79873727496079], [35.22412408371028, 31.798733575869274], [35.224146471968645, 31.798742049674292], [35.22415027522777, 31.79875043617866], [35.224127309652076, 31.798797990060955], [35.224170577549174, 31.79882139325767], [35.22421144359959, 31.79884197947134], [35.224547561176216, 31.79898486080506]]]]}}, {"type": "Feature", "properties": {"plan_name": "101-1250570", "pl_name": "פינוי-בינוי ברחוב קולומביה 7, קרית מנחם, ירושלים", "dunam": 3.534, "source": "xplan_blueline"}, "geometry": {"type": "MultiPolygon", "coordinates": [[[[35.16471042123175, 31.758530986428937], [35.16482310080159, 31.758809265514525], [35.16493752872969, 31.75878945501816], [35.165078425385275, 31.758757787930584], [35.16523347715181, 31.758714155766846], [35.16581671361705, 31.7585115612834], [35.16582487400683, 31.758508391066734], [35.165832386732255, 31.758504212392268], [35.1658390818172, 31.75849911990222], [35.16584481038721, 31.758493228987746], [35.16584944256036, 31.75848667127886], [35.16585287377992, 31.75847959554834], [35.16585502587282, 31.758472160497078], [35.165864197992995, 31.75844215171256], [35.165828019225806, 31.7583815368669], [35.165648504911346, 31.758239894745284], [35.16539285388928, 31.75832389927574], [35.16507191596663, 31.758420830035], [35.16471042123175, 31.758530986428937]]]]}}, {"type": "Feature", "properties": {"plan_name": "101-1258383", "pl_name": "התחדשות עירונית הנורית 23-29 ירושלים מתחם 04", "dunam": 5.18, "source": "xplan_blueline"}, "geometry": {"type": "MultiPolygon", "coordinates": [[[[35.17056503652067, 31.75407389621303], [35.170409878221164, 31.75394593552076], [35.17034588907782, 31.753989232229554], [35.170212351092815, 31.753872957757977], [35.1697095874586, 31.75430245702217], [35.16956575466591, 31.754316470341962], [35.16937799828948, 31.754334764219802], [35.169333938906746, 31.754369022195316], [35.16930518183248, 31.754391383630306], [35.16904576786483, 31.754593094219825], [35.169084677580244, 31.754623542251306], [35.16913348465758, 31.754644974565597], [35.169134060860884, 31.754645185756573], [35.16922080474426, 31.754649248181945], [35.169307678936754, 31.75464923965874], [35.16942167772573, 31.754643012188016], [35.16954319078823, 31.754627151365], [35.1696676591851, 31.754605425635567], [35.169807905195675, 31.75457070848927], [35.16999711316481, 31.75450974630979], [35.17008354485114, 31.75447575744582], [35.170186312955266, 31.754430160759973], [35.170266789767595, 31.75438992219501], [35.17035453761596, 31.75434092500446], [35.17041796388219, 31.754296257340275], [35.17049398483982, 31.75422563971598], [35.17054439980402, 31.754162080297405], [35.17056377805771, 31.754132948652313], [35.170580971858904, 31.75410283341428], [35.170557410346575, 31.754083962380125], [35.17056503652067, 31.75407389621303]]]]}}, {"type": "Feature", "properties": {"plan_name": "101-1267004", "pl_name": "מתחם הנורית 3", "dunam": 5.283, "source": "xplan_blueline"}, "geometry": {"type": "MultiPolygon", "coordinates": [[[[35.171085220213676, 31.752978712380234], [35.17074779247906, 31.75321179026449], [35.170831249844014, 31.75330851886123], [35.17096724058744, 31.753466133890704], [35.170992553948444, 31.753455949683147], [35.17101313611354, 31.753471151155], [35.171068427179456, 31.75342925329992], [35.17121966460653, 31.753328984189615], [35.17176766103056, 31.75296503113573], [35.171802113007274, 31.752940511579734], [35.171846431395764, 31.75290654951536], [35.1718892641633, 31.752871223467533], [35.171913366526105, 31.752846323368612], [35.17193241857538, 31.75281840981799], [35.17194591555338, 31.752788224907583], [35.17195349939097, 31.75275656758228], [35.171954968211494, 31.752724278310957], [35.171950283726666, 31.752692213836482], [35.17193957018868, 31.75266122372749], [35.171923111229546, 31.752632131438837], [35.171901343537264, 31.752605707255018], [35.17187484525071, 31.752582652955976], [35.17184431907996, 31.752563580168857], [35.171816723491126, 31.75255164622382], [35.17178751617267, 31.752542952188378], [35.171757216344425, 31.752537652409824], [35.17172636013412, 31.752535839914756], [35.17166611847242, 31.752536718190207], [35.17160601727208, 31.752540339884742], [35.171554861402406, 31.752545592587172], [35.17150403834361, 31.752552833020577], [35.171085220213676, 31.752978712380234]]]]}}, {"type": "Feature", "properties": {"plan_name": "101-1281351", "pl_name": "מתחם חח\"י- רחוב רחל המשוררת ירושלים", "dunam": 4.161, "source": "xplan_blueline"}, "geometry": {"type": "MultiPolygon", "coordinates": [[[[35.18614249881847, 31.780484826410095], [35.186141462271095, 31.780483774715332], [35.18613433730734, 31.780487404505564], [35.185998922761044, 31.780556422744638], [35.18594980392225, 31.780581457959006], [35.18576851180076, 31.78067323897872], [35.18589897519706, 31.78081647028251], [35.1859827041266, 31.780898093577207], [35.18607238336384, 31.780974966774743], [35.18616764345421, 31.78104677506747], [35.186268093819834, 31.781113222583752], [35.18637332064729, 31.781174036897124], [35.18658808693532, 31.781282188757576], [35.18669741784462, 31.781326810826542], [35.18686694666748, 31.78102382301052], [35.18687509569959, 31.78100916922004], [35.186819902410505, 31.780987301905352], [35.1867657018948, 31.780963692347793], [35.186712571219246, 31.780938373025574], [35.18666058322693, 31.78091137822012], [35.18658943265536, 31.780870606904926], [35.1865213443744, 31.78082712865345], [35.18649706498875, 31.780810892113788], [35.186448717899765, 31.78077580371228], [35.18640227149499, 31.78073927261538], [35.18636448132616, 31.780708063586445], [35.18631296899088, 31.78066305443711], [35.186272119009416, 31.78062246580274], [35.18614249881847, 31.780484826410095]]]]}}, {"type": "Feature", "properties": {"plan_name": "101-1284074", "pl_name": "פינוי בינוי רחוב איסלנד 19-21, קולומביה 16", "dunam": 7.063, "source": "xplan_blueline"}, "geometry": {"type": "MultiPolygon", "coordinates": [[[[35.16564642823704, 31.759181386527285], [35.16552060225331, 31.759105835034678], [35.165482078291, 31.75898924194262], [35.165471049158235, 31.75894148234256], [35.165449614741775, 31.758898899752474], [35.16549088960151, 31.75888854115524], [35.165493561600755, 31.758809089537863], [35.1654954318172, 31.758799348392603], [35.16549567918078, 31.7587984538391], [35.16549948120934, 31.758788168569716], [35.16550296718473, 31.758781495989815], [35.1655104900097, 31.758770917854374], [35.16551986372216, 31.75876148021355], [35.16538784839677, 31.75880797681896], [35.16528876344734, 31.758842874862985], [35.165169013164196, 31.758878829744955], [35.16504702236087, 31.75890878746348], [35.16492320275116, 31.75893264803512], [35.16479797237596, 31.758950329516715], [35.16467175137894, 31.75896177251341], [35.16458744367834, 31.758965910923145], [35.16452727990958, 31.758964809905084], [35.164458671884844, 31.758964066950412], [35.16435301710396, 31.758959263046624], [35.164243035985166, 31.758951553755576], [35.164198117363085, 31.75896671762615], [35.16419259283335, 31.75897398744945], [35.164188277672025, 31.758981833030347], [35.1641852542729, 31.75899010739439], [35.16418357758961, 31.758998656343714], [35.16418330237512, 31.759007790129946], [35.164184565070144, 31.759016863075995], [35.1641873383132, 31.759025686687878], [35.16419156518534, 31.759034079676933], [35.1642142212094, 31.759028087757358], [35.16427699266668, 31.759140558421944], [35.16430771519748, 31.75913400627427], [35.164316283202794, 31.75916005241086], [35.164371318504756, 31.759217221343473], [35.16445254633449, 31.75929202409583], [35.164511691780966, 31.759344739147075], [35.16452823832621, 31.75935892130629], [35.164608666999584, 31.759427205181698], [35.16466896341834, 31.759469370751262], [35.16478859952848, 31.759550130205984], [35.16486168861428, 31.75959323216475], [35.16488669564415, 31.759613948052493], [35.16491816868441, 31.75960509448587], [35.16498866894738, 31.75958526492157], [35.16507152445373, 31.75956195801446], [35.16509848689758, 31.759561372917528], [35.165070968583656, 31.759443663012792], [35.16578778835116, 31.75929026572516], [35.16581781413219, 31.759283839260533], [35.165813035631665, 31.759281720285134], [35.165774325720584, 31.759261126684635], [35.16564642823704, 31.759181386527285]]]]}}, {"type": "Feature", "properties": {"plan_name": "101-1298223", "pl_name": "רח' יוסף קארו 26, בית ישראל", "dunam": 0.164, "source": "xplan_blueline"}, "geometry": {"type": "MultiPolygon", "coordinates": [[[[35.22254662988591, 31.791538696485034], [35.222649584596745, 31.791687894653975], [35.22270899346092, 31.791637242436583], [35.22271830361812, 31.79163405399655], [35.22263009114337, 31.791495890477954], [35.22254662988591, 31.791538696485034]]]]}}, {"type": "Feature", "properties": {"plan_name": "101-1303056", "pl_name": "תוספת 2 קומות עליונות לשם תוספת 14 יח\"ד חדשות- רש\"י 40", "dunam": 1.979, "source": "xplan_blueline"}, "geometry": {"type": "MultiPolygon", "coordinates": [[[[35.21261587511729, 31.787806572340784], [35.21249510620145, 31.787785249780054], [35.21242134360113, 31.788059682478725], [35.212417159583694, 31.78807524669217], [35.21241116465566, 31.78810144190587], [35.212400432881196, 31.788148329227198], [35.21239041457799, 31.78819209433344], [35.21238040893161, 31.788235814345796], [35.21259165269577, 31.78826818596285], [35.21263631769703, 31.78827502984182], [35.212642944151995, 31.788274643424685], [35.21278040641671, 31.78826984566333], [35.212785916456376, 31.78825353102029], [35.21286101958806, 31.788031222560484], [35.212918769039, 31.787860049525516], [35.21261587511729, 31.787806572340784]]]]}}, {"type": "Feature", "properties": {"plan_name": "101-1349034", "pl_name": "אליעזר קשאני 19,21,23,25", "dunam": 6.924, "source": "xplan_blueline"}, "geometry": {"type": "MultiPolygon", "coordinates": [[[[35.23415711327107, 31.74712855328715], [35.234362879508716, 31.747027317979327], [35.2346746612254, 31.74709849003038], [35.23468778037207, 31.746874107759535], [35.234695242337544, 31.746778329993965], [35.23470006608654, 31.74673509076588], [35.234709974548814, 31.746646296306896], [35.234714709910406, 31.746603908440562], [35.23470837464653, 31.746594620939646], [35.23471577767219, 31.74654479221244], [35.234732961526376, 31.74642918956004], [35.234738386889205, 31.74639269057845], [35.23476811331136, 31.746207880908376], [35.23477273893786, 31.746204487964032], [35.23477677655753, 31.746200585617043], [35.23478014809668, 31.7461962460337], [35.234782792371135, 31.746191552198514], [35.234839072144595, 31.74607918503242], [35.23491152358625, 31.74591990176106], [35.23502165427372, 31.745769808215595], [35.23506449750648, 31.745730499081166], [35.23541276616947, 31.745265179619672], [35.23535487386008, 31.745260004484226], [35.23531846192237, 31.745253682372624], [35.235023514845146, 31.745651124881586], [35.235015447043374, 31.745662080638645], [35.23495157957195, 31.745729169844594], [35.23493535010465, 31.745748159391447], [35.23486085439873, 31.745845625259708], [35.23484339331305, 31.74587115617537], [35.23482898266561, 31.74589804273554], [35.23473312539364, 31.746103280570615], [35.23456002694004, 31.746060042113264], [35.23448009695188, 31.745940295921866], [35.23446504737416, 31.745940083032792], [35.2343502932439, 31.745992381044346], [35.234372687810215, 31.746024201906877], [35.23424107867025, 31.746074487258586], [35.23416858383825, 31.746102187277813], [35.23417232419081, 31.746181711147088], [35.23417529540271, 31.746199287422737], [35.23418769818756, 31.746239128059678], [35.234203658406265, 31.74628155615941], [35.234197255048024, 31.74637571754891], [35.23421155206301, 31.74641166357008], [35.234210926772626, 31.746423238002205], [35.23415816668167, 31.74642325034202], [35.23415664800971, 31.746472742176536], [35.234152674363294, 31.746528275145558], [35.23420345885768, 31.746528263270363], [35.2341913891544, 31.746658566539075], [35.23416979656043, 31.746791512634125], [35.23415944779321, 31.746838429055305], [35.23415112283572, 31.746877526002216], [35.23412479802709, 31.746964893920747], [35.23411472488986, 31.74701579642962], [35.23408492024487, 31.74711251728731], [35.234079397271756, 31.74712849566856], [35.23415711327107, 31.74712855328715]]]]}}, {"type": "Feature", "properties": {"plan_name": "101-1353655", "pl_name": "התחדשות עירונית - ניקרגואה 1, 3, 5", "dunam": 6.15, "source": "xplan_blueline"}, "geometry": {"type": "MultiPolygon", "coordinates": [[[[35.16403286357841, 31.75826725850813], [35.16394114698913, 31.758008851173265], [35.16388573651182, 31.75800107771661], [35.16396543860241, 31.75821709462173], [35.16388004036844, 31.75823528474853], [35.16374661336461, 31.75826094481274], [35.16374040188462, 31.75822432797281], [35.16365827633576, 31.758240985860336], [35.16356591164865, 31.75825926373398], [35.1635456705045, 31.758203342931772], [35.16339883536895, 31.758236213084206], [35.163380604677485, 31.758169200223296], [35.16330027139866, 31.7581905480448], [35.16318616474216, 31.758205571993305], [35.16317014485337, 31.758151907105443], [35.163077780559696, 31.75816928278179], [35.1630332450751, 31.75815402717584], [35.163027031677764, 31.75812237044108], [35.16294353196852, 31.758143446456803], [35.163047015327976, 31.7585194587494], [35.16297460239657, 31.758530888652057], [35.1629950398836, 31.75861936616536], [35.1631041662561, 31.758649252594797], [35.16310806251592, 31.758669815894507], [35.163476940589184, 31.758721069397975], [35.16383917289108, 31.758764203125004], [35.16413280129277, 31.758798115362097], [35.16419676096983, 31.758808055832294], [35.1641848390735, 31.758795606628016], [35.16416790059886, 31.758667810024313], [35.16403286357841, 31.75826725850813]]]]}}, {"type": "Feature", "properties": {"plan_name": "101-1377407", "pl_name": "התחדשות עירונית ברחובות שטרן ובוליביה, ירושלים", "dunam": 15.04, "source": "xplan_blueline"}, "geometry": {"type": "MultiPolygon", "coordinates": [[[[35.179614931505256, 31.755465621395988], [35.179640379774895, 31.755454649091444], [35.179653875123684, 31.755470275261338], [35.17987611045573, 31.755393652414227], [35.1796311403506, 31.754938225993687], [35.179622088765, 31.754921978411076], [35.17952336983883, 31.754736429964513], [35.17938206222688, 31.75477510046049], [35.1793055502508, 31.75480334742474], [35.17926751083544, 31.75481274797334], [35.17927296379143, 31.754826837660595], [35.17925248606592, 31.75483306897565], [35.17920002459108, 31.754850824952484], [35.179160336392684, 31.754860647206296], [35.17906529484984, 31.754654917657607], [35.17903183322237, 31.75466744664183], [35.17897949670115, 31.754614317584533], [35.17886989932245, 31.75437620876499], [35.17904812323777, 31.754318697630833], [35.178975740487296, 31.754169202502926], [35.17908664485066, 31.75413449994843], [35.17907692488335, 31.754116026440293], [35.17918820192447, 31.754076679372073], [35.179178045467935, 31.754056418329423], [35.17920275804365, 31.754048259718953], [35.17899265094572, 31.7536126596002], [35.17898342292765, 31.753594056315826], [35.17897661323753, 31.75357827809], [35.17895844652633, 31.753540653119906], [35.17885266663879, 31.753326819055964], [35.17878532246581, 31.753350524058053], [35.17867596895804, 31.753386756196086], [35.17863215221992, 31.753443022449638], [35.17855299196768, 31.753448327311276], [35.178373348108785, 31.753470476146685], [35.17839463213318, 31.753561855378358], [35.17840771460708, 31.753618024923323], [35.17841119154229, 31.753632162946847], [35.17841159426795, 31.7536338007786], [35.178437896598886, 31.753632175601687], [35.1784546379205, 31.753830065339706], [35.178440112501626, 31.75383096242413], [35.178444245493935, 31.753899709067632], [35.17864435774855, 31.753899749644486], [35.17864430285862, 31.754098155418184], [35.17845617595556, 31.75409811728021], [35.17846103597913, 31.75417895780229], [35.17849159572981, 31.754178964015235], [35.17849159449749, 31.754183392071223], [35.17849158988543, 31.754199964363885], [35.17850455994239, 31.754216862152397], [35.17851403281751, 31.754235377138578], [35.1785197416231, 31.75425498710107], [35.178521522914885, 31.754275137372854], [35.17851942555161, 31.754294712382485], [35.178513611011056, 31.754313731101256], [35.17850423458621, 31.75433168131262], [35.17849154866491, 31.754348079678397], [35.17849154051344, 31.754377369779952], [35.178452366025454, 31.754377361814203], [35.17843321561316, 31.754385388840337], [35.178412862689875, 31.75439084355824], [35.17839177802774, 31.754393600706972], [35.17837044715859, 31.754393596354348], [35.17834936404006, 31.75439083060115], [35.17832901416817, 31.754385367577715], [35.178309868245016, 31.7543773327371], [35.1782593391084, 31.754377322388198], [35.17825934796608, 31.754345777675766], [35.17825896394101, 31.75434519861293], [35.178253750525094, 31.754395818071437], [35.17824429729665, 31.754487820495907], [35.17829925974562, 31.754584599662337], [35.178310652860226, 31.754605614968263], [35.1783858893653, 31.754670202397893], [35.17844382691, 31.75469690879856], [35.17848213238958, 31.754725234503717], [35.178483757426385, 31.75472659661901], [35.17862142133897, 31.75484232213822], [35.17875342614897, 31.754965811248354], [35.17887043636155, 31.755112023695077], [35.17895230468576, 31.755244070067068], [35.178970270573, 31.755276215382093], [35.17922177314385, 31.75517226280276], [35.179277302730554, 31.755175233608465], [35.17944313695509, 31.755494789605315], [35.17948397777399, 31.755517253514416], [35.17958679145801, 31.755477772783987], [35.179614931505256, 31.755465621395988]]], [[[35.180235846884756, 31.756061584546842], [35.17998451117597, 31.755596898410957], [35.1797410360119, 31.755693814245337], [35.17973018055969, 31.755697352786093], [35.179751560295934, 31.755745133020877], [35.17977895936138, 31.7557333476027], [35.17979662244229, 31.755762500421266], [35.179970607391276, 31.756083632797242], [35.17999573868789, 31.75613076798646], [35.17997298461026, 31.756163026203147], [35.180235846884756, 31.756061584546842]]]]}}, {"type": "Feature", "properties": {"plan_name": "101-1416676", "pl_name": "מבנה ציבור ברחוב חנה 2, ירושלים.", "dunam": 1.201, "source": "xplan_blueline"}, "geometry": {"type": "MultiPolygon", "coordinates": [[[[35.214454853291556, 31.79510327527223], [35.2142806602679, 31.795049268797026], [35.21412754792881, 31.79525734020441], [35.21398786259507, 31.79544996912737], [35.213977712354065, 31.795463966428517], [35.21424772903519, 31.795554661738958], [35.214263142178396, 31.79552255508849], [35.214272178924666, 31.795503770891784], [35.214332395656264, 31.795378616247774], [35.21444778253299, 31.795139529746663], [35.214454853291556, 31.79510327527223]]]]}}, {"type": "Feature", "properties": {"plan_name": "101-1472695", "pl_name": "תוספת קומה ויח\"ד במזור 6,מחנה יהודה, ירושלים", "dunam": 0.531, "source": "xplan_blueline"}, "geometry": {"type": "MultiPolygon", "coordinates": [[[[35.20988247858571, 31.78594618806153], [35.20993579744385, 31.78594573482696], [35.20993041062054, 31.785909841830033], [35.20993875152126, 31.785908669074303], [35.209908337311184, 31.785797383341432], [35.209887322426574, 31.78572803275448], [35.20943523238261, 31.78592672685375], [35.209432593280596, 31.785934933702404], [35.209456454852784, 31.785935924777636], [35.20987857006845, 31.785912639782556], [35.20988247858571, 31.78594618806153]]]]}}, {"type": "Feature", "properties": {"plan_name": "101-1493907", "pl_name": "תכנית הוראתית-שינוי הוראות ברח' ירמיהו 17, ירושלים", "dunam": 1.768, "source": "xplan_blueline"}, "geometry": {"type": "MultiPolygon", "coordinates": [[[[35.20673585086748, 31.791674761156965], [35.2067084992287, 31.79167461736555], [35.20667137225875, 31.791847747711138], [35.206733180999265, 31.79185988984867], [35.20679443229727, 31.791873940258405], [35.20680532069106, 31.79187732194839], [35.20726414196516, 31.792026115845033], [35.20733096138851, 31.792047532993948], [35.20745933365952, 31.792093622952983], [35.207514204480375, 31.79204504495213], [35.20752013576768, 31.792024444996674], [35.20746927686812, 31.79193176062482], [35.207454196034064, 31.79191216763239], [35.20743091098735, 31.7918932963062], [35.207404977881424, 31.7918773632306], [35.207379013199045, 31.791864258317972], [35.20714556853538, 31.79176746920298], [35.20705150073399, 31.791730647313464], [35.20695753889925, 31.79170477187602], [35.20690829420993, 31.791692769383413], [35.206856971646964, 31.791684320158563], [35.2068073470742, 31.79168040352436], [35.20673585086748, 31.791674761156965]]]]}}, {"type": "Feature", "properties": {"plan_name": "101-1497809", "pl_name": "תוספת קומות ויח\"ד חדשות ברח' יאנוש קורצ'אק 23, קרית יובל, ירושלים", "dunam": 0.492, "source": "xplan_blueline"}, "geometry": {"type": "MultiPolygon", "coordinates": [[[[35.171244206495224, 31.759709312056316], [35.17121506674917, 31.75991345120779], [35.17131907402985, 31.75994261139656], [35.17135403254103, 31.759949816273803], [35.17138981371998, 31.759952892714466], [35.17142575154611, 31.759951784631248], [35.171461179971814, 31.759946511692508], [35.171417148332765, 31.75978993845201], [35.17139144289852, 31.759698528142494], [35.171289428335335, 31.75970596895176], [35.171244206495224, 31.759709312056316]]]]}}, {"type": "Feature", "properties": {"plan_name": "101-1504166", "pl_name": "הריסת מבנה והקמת בניין חדש - רח' הרב עוזיאל 38, שכונת בית וגן", "dunam": 0.684, "source": "xplan_blueline"}, "geometry": {"type": "MultiPolygon", "coordinates": [[[[35.185396035350294, 31.76880711354198], [35.18568165637707, 31.768961461022194], [35.18574047113786, 31.768879852906757], [35.185807841399644, 31.768772994423582], [35.18548779835461, 31.768663373505234], [35.185396035350294, 31.76880711354198]]]]}}, {"type": "Feature", "properties": {"plan_name": "101-1505015", "pl_name": "תוספת בניה ,ותוספת קומות ויח\"ד חדשות ,רחוב קארו 30,בית ישראל", "dunam": 0.166, "source": "xplan_blueline"}, "geometry": {"type": "MultiPolygon", "coordinates": [[[[35.22254524751279, 31.791802143742313], [35.222584433612255, 31.791737775689946], [35.22245521912092, 31.791588555948117], [35.222386172637385, 31.79163140309079], [35.22254524751279, 31.791802143742313]]]]}}, {"type": "Feature", "properties": {"plan_name": "101-1538511", "pl_name": "תוספות בנייה להשכרה- רחוב אברהם ניסן 14, ירושלים", "dunam": 0.521, "source": "xplan_blueline"}, "geometry": {"type": "MultiPolygon", "coordinates": [[[[35.17555852621666, 31.75833927904873], [35.17551083932638, 31.75830927833655], [35.175392519211506, 31.758160420177752], [35.175372744449035, 31.758197317324555], [35.175271217495194, 31.758373022051313], [35.17551853746529, 31.758481667531072], [35.17559450156675, 31.75835458245376], [35.17555852621666, 31.75833927904873]]]]}}, {"type": "Feature", "properties": {"plan_name": "101-0581850", "pl_name": "פינוי בינוי ברחוב פנמה 2 ו-6, ירושלים", "dunam": 6.062, "source": "xplan_blueline"}, "geometry": {"type": "MultiPolygon", "coordinates": [[[[35.16147620877701, 31.757109221324548], [35.162163302602295, 31.756885400337424], [35.16212366289303, 31.75679656458087], [35.162146702460596, 31.756781807230062], [35.16214247528931, 31.75678400181891], [35.16213788003961, 31.75678556409295], [35.1621330433906, 31.756786449001897], [35.16212810151098, 31.756786633142994], [35.16212319372819, 31.756786110249518], [35.162118456193724, 31.756784894796112], [35.16210530343139, 31.75675541636663], [35.16212562514107, 31.756733621930668], [35.16211786094902, 31.7567290307731], [35.16205600517717, 31.75668954644759], [35.16199726677371, 31.756646728109637], [35.16194662805239, 31.75661817059638], [35.16189236976477, 31.75659496971133], [35.16183526225745, 31.75657745668387], [35.16177612024237, 31.756565880691635], [35.16171578591114, 31.75656040614946], [35.1616551173258, 31.756561111803812], [35.16158764754426, 31.756570223938958], [35.16152192250905, 31.756586118492393], [35.161458872193556, 31.756608571220948], [35.16139005976564, 31.75663826738895], [35.161321247293, 31.756667965323324], [35.16134177508769, 31.756702981844057], [35.161341543539685, 31.756710681710068], [35.16127642295465, 31.756740680279123], [35.16121546247254, 31.756776497118047], [35.16115937156846, 31.756817715821455], [35.16112690405938, 31.756841876026133], [35.161095970550456, 31.75686746346079], [35.161166258858835, 31.756853576376805], [35.16123701913594, 31.756841563445654], [35.161299780328896, 31.756801160427088], [35.16132013435941, 31.7568467771662], [35.161354414540384, 31.75689238778322], [35.16141551404971, 31.75703092622627], [35.16144567192985, 31.757094105151385], [35.16146457411254, 31.75708858321626], [35.16147620877701, 31.757109221324548]]], [[[35.16218603821244, 31.757624490624416], [35.16223027876511, 31.757586297749846], [35.1622490341012, 31.757602158368975], [35.162398812673445, 31.75747285273174], [35.162442020389534, 31.75743555226778], [35.162457117055695, 31.75742169589519], [35.1624698142683, 31.75740618114236], [35.16247986490638, 31.7573893091446], [35.162487074612024, 31.757371408109822], [35.16249553868738, 31.75734079960412], [35.16249961219354, 31.7573095421306], [35.16249923371033, 31.75727809290431], [35.162473253014426, 31.757284489257042], [35.162427481071205, 31.75721294353906], [35.162360735908955, 31.75714752703485], [35.16235153186932, 31.75713850736307], [35.161744628947076, 31.757329981822714], [35.16191993624282, 31.75761156176605], [35.1619457953443, 31.757598973425907], [35.1620349518792, 31.757754922878355], [35.16218603821244, 31.757624490624416]]]]}}, {"type": "Feature", "properties": {"plan_name": "101-0660738", "pl_name": "תוספת קומות ברחוב יהודה 42, ירושלים", "dunam": 0.792, "source": "xplan_blueline"}, "geometry": {"type": "MultiPolygon", "coordinates": [[[[35.21604959893986, 31.75819726419328], [35.21574545962087, 31.758249479590408], [35.215739084635274, 31.75821707329966], [35.21570414054663, 31.758229869968066], [35.215753835046485, 31.7584824846431], [35.2157889442474, 31.75847266403162], [35.21606009249296, 31.758396832269643], [35.21609426226425, 31.758387296642667], [35.21604959893986, 31.75819726419328]]]]}}, {"type": "Feature", "properties": {"plan_name": "101-0791913", "pl_name": "תוספת שטחי שירות עבור שטח קולונדה שלא חושב בתכנית מאושרת", "dunam": 6.402, "source": "xplan_blueline"}, "geometry": {"type": "MultiPolygon", "coordinates": [[[[35.226321714683976, 31.75610302413209], [35.226280452948174, 31.75581233617701], [35.226218180186386, 31.755823026505055], [35.22589108282385, 31.755856564017726], [35.225179476145506, 31.755897357149344], [35.22518816214625, 31.756007981354355], [35.225500527224604, 31.75622241556361], [35.225928454035746, 31.756197893110077], [35.22600447645532, 31.756190088296442], [35.22605982666024, 31.756129907845995], [35.226321714683976, 31.75610302413209]]], [[[35.22540707191032, 31.756312123031673], [35.22508448813255, 31.756090672105714], [35.224957998749154, 31.756107021388488], [35.224958658259276, 31.756111045310806], [35.22495938953977, 31.75611505839937], [35.224960188369096, 31.756119062458605], [35.22496105896877, 31.756123055684068], [35.22496199922749, 31.75612703627247], [35.2249630091456, 31.756131006027474], [35.22498182019461, 31.75623705986385], [35.22501256684938, 31.75638189106245], [35.22504035052907, 31.756492001731303], [35.22506993630411, 31.756636742914047], [35.22519271563268, 31.756952097799562], [35.22534424803399, 31.756904780252764], [35.22549405915835, 31.75664059094704], [35.22546000408994, 31.756553025717295], [35.22543844053833, 31.756450550929504], [35.22540707191032, 31.756312123031673]]]]}}, {"type": "Feature", "properties": {"plan_name": "101-0842617", "pl_name": "פינוי בינוי ברחוב ברוריה 3 ירושלים", "dunam": 1.812, "source": "xplan_blueline"}, "geometry": {"type": "MultiPolygon", "coordinates": [[[[35.21236989257152, 31.76123701750257], [35.21237502050031, 31.760968285851202], [35.21233279912104, 31.76096891978413], [35.212152746156846, 31.760972989191764], [35.21202805093351, 31.76091499918029], [35.2119305790613, 31.76086882158628], [35.21177949823342, 31.761107205731662], [35.21217681031205, 31.76132611356437], [35.212199832163336, 31.761332370947205], [35.2122198297023, 31.761336336025863], [35.2122403115023, 31.761337537823103], [35.21226075612219, 31.76133594570823], [35.21228064529338, 31.76133159939455], [35.21229947447548, 31.761324608938583], [35.21232543925405, 31.761307021374094], [35.212339970791994, 31.761293790423125], [35.21235165853839, 31.761278642329188], [35.21236016264805, 31.761262017213962], [35.21236989257152, 31.76123701750257]]]]}}, {"type": "Feature", "properties": {"plan_name": "101-1114040", "pl_name": "שינוי בינוי מאושר לשם הרחבות דיור ותוספת 5 יח\"ד, רח' שמשון 13", "dunam": 1.298, "source": "xplan_blueline"}, "geometry": {"type": "MultiPolygon", "coordinates": [[[[35.22019240401582, 31.76056268000853], [35.2201282392227, 31.76043114865767], [35.22010866432933, 31.760436830886754], [35.21992014529365, 31.760491536405194], [35.21975594219368, 31.760539186295173], [35.21986690165551, 31.76079236002518], [35.219925622662956, 31.760814924213907], [35.22026889559622, 31.760719479444106], [35.22019240401582, 31.76056268000853]]]]}}, {"type": "Feature", "properties": {"plan_name": "101-1122241", "pl_name": "גבעת השקד - איחוד וחלוקה שלא בהסכמה מכח תכנית 969162", "dunam": 39095.0, "source": "xplan_blueline"}, "geometry": {"type": "MultiPolygon", "coordinates": [[[[35.196644985635096, 31.74989622393239], [35.196769661835646, 31.749759944607195], [35.196863116738164, 31.749648301728133], [35.19709065185896, 31.749650326062522], [35.197348160541765, 31.7496526041649], [35.19766581687018, 31.749655417019113], [35.19791970131407, 31.749657664916427], [35.19794189768449, 31.749549523985372], [35.197710742750246, 31.749547468515136], [35.197573022878565, 31.74954624374142], [35.19733240097285, 31.749544111323797], [35.196988359899045, 31.749541061630836], [35.197184062318776, 31.749288150356193], [35.19723833732459, 31.749180298135837], [35.197275770542504, 31.749039237208013], [35.197367924727445, 31.74893011272713], [35.19736795111535, 31.74893007394923], [35.19719908980859, 31.748896744970764], [35.197149012423516, 31.74888013195315], [35.19706478958379, 31.748852196998637], [35.196841165124525, 31.748778021621956], [35.19683112214794, 31.748775726733044], [35.196738449434115, 31.748754540471428], [35.19662590612586, 31.748728814849343], [35.19648954239268, 31.74871770837041], [35.19630361966589, 31.748691074249578], [35.19624353407723, 31.748688253062443], [35.195976756303054, 31.748675725350836], [35.19593634744421, 31.74867399654772], [35.195916461740204, 31.748673185371405], [35.19584190532479, 31.74866225724759], [35.19569134633333, 31.74868904269701], [35.19562308310086, 31.74866859499549], [35.19554832306514, 31.748646200625124], [35.19547139939949, 31.74849262544794], [35.195450133072505, 31.748450017180122], [35.1954455871763, 31.748442307887828], [35.195392918995545, 31.74835296017304], [35.195379557805985, 31.748330292249804], [35.19529160114189, 31.748181669111364], [35.19527561399538, 31.748160990460125], [35.195222500841204, 31.748092291290423], [35.1951036159644, 31.747938514449558], [35.19497804120544, 31.747776090107028], [35.19495477351911, 31.747740764907572], [35.19489327093631, 31.747647388681173], [35.19484666030508, 31.747509245931575], [35.19473998156626, 31.747535532111247], [35.19457774339167, 31.74757952798755], [35.194404281705594, 31.747627256418845], [35.19430634740126, 31.747655606341542], [35.194036608544224, 31.74772609280958], [35.19405684758949, 31.74777441352355], [35.1940903520747, 31.747810805695046], [35.19428871533357, 31.74803285408597], [35.19445974761179, 31.74822944094204], [35.19447850397445, 31.748249759172456], [35.194312096869254, 31.7483018313081], [35.19443130606838, 31.74851384646564], [35.19453194310965, 31.748684331899916], [35.19481870014629, 31.748566071320518], [35.194936620546365, 31.748742365613104], [35.19507234155054, 31.748962900209186], [35.19521355531883, 31.749185381230333], [35.1953439671533, 31.74944604724966], [35.19535685620051, 31.749463273405553], [35.19539979351115, 31.74960275761311], [35.195476402178684, 31.749813879521426], [35.19544426497329, 31.749813808731542], [35.19547506313821, 31.74984409845366], [35.195530146144975, 31.74989827432274], [35.19560896758501, 31.750063674553942], [35.195597253531545, 31.75016466235753], [35.19557677496452, 31.750246797384367], [35.19576589714445, 31.75028804627297], [35.19568799298996, 31.75055679079907], [35.19570782139903, 31.750587788562818], [35.19577600724901, 31.750593068978574], [35.195916666538785, 31.750598597690384], [35.196014809865005, 31.75059870157067], [35.19608700067231, 31.750596408388603], [35.196189533584125, 31.75036755381139], [35.19618162973347, 31.75030589415807], [35.19617858561089, 31.750285422079717], [35.196372297147015, 31.750154233982734], [35.196513162980835, 31.75003126716388], [35.196644985635096, 31.74989622393239]]]]}}, {"type": "Feature", "properties": {"plan_name": "101-1161439", "pl_name": "בניין חדש ברח' דוסתאי פינת רח' אבא חילקיה, ירושלים", "dunam": 1.4, "source": "xplan_blueline"}, "geometry": {"type": "MultiPolygon", "coordinates": [[[[35.20960919364992, 31.760856330236493], [35.209389512344536, 31.76063547396689], [35.20929270676772, 31.760703664325302], [35.209283283310505, 31.76071011286983], [35.209230985304586, 31.760658661088463], [35.20910581621808, 31.760744882037898], [35.20904585133216, 31.76078618868306], [35.208984840868546, 31.76077383564588], [35.20897037991538, 31.760770950268284], [35.20901679388986, 31.76085666701387], [35.20916312803975, 31.7609204688389], [35.209421001343735, 31.761031746389037], [35.20960919364992, 31.760856330236493]]]]}}, {"type": "Feature", "properties": {"plan_name": "101-1175926", "pl_name": "הריסה ובנית בנין חדש, רח' דוד שמעוני 31, ירושלים", "dunam": 0.59, "source": "xplan_blueline"}, "geometry": {"type": "MultiPolygon", "coordinates": [[[[35.20198442170552, 31.763633026547268], [35.20178410212309, 31.763502729732675], [35.2016267607154, 31.76368105689529], [35.20172856601843, 31.763750740867597], [35.201828034606855, 31.763814566338016], [35.20198442170552, 31.763633026547268]]]]}}, {"type": "Feature", "properties": {"plan_name": "101-1229517", "pl_name": "מתחם רג'ואן - התעשיה-החרושת", "dunam": 2.107, "source": "xplan_blueline"}, "geometry": {"type": "MultiPolygon", "coordinates": [[[[35.21442455411062, 31.74796442758456], [35.214396023376565, 31.747970308058385], [35.21428616408105, 31.747992954768442], [35.21413270891409, 31.7479770941268], [35.21411353254413, 31.747977456331153], [35.21388978852065, 31.74798172632773], [35.21390883534078, 31.748282784330286], [35.2139365433919, 31.74828076031814], [35.214181395008936, 31.74828741537579], [35.21435680441871, 31.748317884135236], [35.214549632505154, 31.748390287071246], [35.21462027423792, 31.748429096836155], [35.214593871009676, 31.748357717898813], [35.214569738795014, 31.748303509908617], [35.21453644444679, 31.748236812086084], [35.21445065023311, 31.74802840243527], [35.21442455411062, 31.74796442758456]]]]}}, {"type": "Feature", "properties": {"plan_name": "101-1249358", "pl_name": "שינוי הוראות בינוי מאושרות בתכנית 533711 לשם תוספת שתי יח\"ד", "dunam": 1.142, "source": "xplan_blueline"}, "geometry": {"type": "MultiPolygon", "coordinates": [[[[35.21033677615102, 31.751335664112766], [35.21027567179187, 31.751178821695383], [35.210167267047396, 31.751247386719022], [35.21008957368473, 31.75132811977235], [35.210033732410636, 31.75138489880937], [35.209991039034676, 31.751432516302817], [35.209955326199264, 31.75147983857312], [35.20992404203966, 31.751529397215727], [35.20986398360008, 31.751631355180074], [35.209946200266494, 31.751609256416202], [35.21040002723183, 31.75148901986325], [35.210366185065006, 31.75140919014866], [35.21033677615102, 31.751335664112766]]]]}}, {"type": "Feature", "properties": {"plan_name": "101-1258045", "pl_name": "מגרשים בגבעת המטוס", "dunam": 4.819, "source": "xplan_blueline"}, "geometry": {"type": "MultiPolygon", "coordinates": [[[[35.205963982826994, 31.736781643346873], [35.20599697825266, 31.736631902064996], [35.20626345121298, 31.73667478483683], [35.206372386793895, 31.73672441181931], [35.20644110209281, 31.73662361309371], [35.20651562017988, 31.736525872395525], [35.20659575532461, 31.73643143231479], [35.206681307025576, 31.736340530030485], [35.20625393560167, 31.736081820562585], [35.20610841561949, 31.736281331026394], [35.20609675351704, 31.73631304373297], [35.20573772351152, 31.736299632187144], [35.20572162356775, 31.736526039246666], [35.20570435877171, 31.73676891583748], [35.20568529606941, 31.737037027915804], [35.20594513215115, 31.73706333727554], [35.20595973678178, 31.736800912261714], [35.205963982826994, 31.736781643346873]]]]}}, {"type": "Feature", "properties": {"plan_name": "101-1275866", "pl_name": "ביטול בינוי מתכנית 406504 עבור תוספת יח\"ד להשכרה, רח' רשב\"ג 37.", "dunam": 0.786, "source": "xplan_blueline"}, "geometry": {"type": "MultiPolygon", "coordinates": [[[[35.208324073406985, 31.75446991228586], [35.20808387802637, 31.754637777996408], [35.208256254166194, 31.754837313161218], [35.20848810226901, 31.754649751118052], [35.20846031900604, 31.754619291313254], [35.208330298812236, 31.754476737251835], [35.208324073406985, 31.75446991228586]]]]}}, {"type": "Feature", "properties": {"plan_name": "101-1370881", "pl_name": "בנין מגורים חדש ברח' כובשי קטמון, ירושלים", "dunam": 1.099, "source": "xplan_blueline"}, "geometry": {"type": "MultiPolygon", "coordinates": [[[[35.21098211575814, 31.765627965809994], [35.21100794621434, 31.765601150876506], [35.211021723903094, 31.76560323161233], [35.211166209232765, 31.765437945055865], [35.21121161761473, 31.76539775650936], [35.211226951967625, 31.76538142872219], [35.211226949856574, 31.765381430526016], [35.211250339800856, 31.765356525776735], [35.21114240749356, 31.7652876560044], [35.211076371396324, 31.76524696292872], [35.21101965289159, 31.76524915557193], [35.21080510170696, 31.765257450901906], [35.21081259847185, 31.765288022998657], [35.21086341264711, 31.765415324568178], [35.210797406762, 31.76547545557975], [35.210931689462136, 31.765586328524005], [35.210933061975986, 31.765589863677494], [35.210936598233666, 31.76559038656442], [35.21098211575814, 31.765627965809994]]]]}}, {"type": "Feature", "properties": {"plan_name": "101-1451400", "pl_name": "שינוי בינוי ותוספת 2 קומות, רחוב מקור חיים 47", "dunam": 0.916, "source": "xplan_blueline"}, "geometry": {"type": "MultiPolygon", "coordinates": [[[[35.21119233636841, 31.75228433495137], [35.211182579859354, 31.752254827111898], [35.21087770820988, 31.752342074859197], [35.21099560389031, 31.752595732465583], [35.21099970597775, 31.75260478857718], [35.21128039054, 31.75252750363051], [35.21127836790279, 31.752521919517484], [35.21119233636841, 31.75228433495137]]]]}}, {"type": "Feature", "properties": {"plan_name": "101-1504364", "pl_name": "התחדשות עירונית - הרצוג / שמעוני", "dunam": 7.1, "source": "xplan_blueline"}, "geometry": {"type": "MultiPolygon", "coordinates": [[[[35.20386635784645, 31.764953079341304], [35.20383334294861, 31.765045561395848], [35.20383117267267, 31.765045408073195], [35.20381459963762, 31.765110430877407], [35.20378101014137, 31.765242213424752], [35.203738057249495, 31.765410740600995], [35.20380530844796, 31.765443481427152], [35.203895626274274, 31.765496706766996], [35.204067703546315, 31.765597104063147], [35.204133995416036, 31.765648481295415], [35.20419770643799, 31.76570218885103], [35.204258724720056, 31.765758132040233], [35.20435167046444, 31.765851976058297], [35.20443801683591, 31.76595031479501], [35.204716042618166, 31.76584932961307], [35.204593931424476, 31.76567567823085], [35.204504976747124, 31.76554916963389], [35.204477425863736, 31.765509984584348], [35.204897542410954, 31.76534779073383], [35.20486235941957, 31.765285076715287], [35.20479603865381, 31.765177322951942], [35.204766697460066, 31.765131199188897], [35.20469210542028, 31.76503684136897], [35.20464771284271, 31.765010516673833], [35.20459929959432, 31.764990006151656], [35.20454790330592, 31.764975748092265], [35.20449462177334, 31.76496804911769], [35.20444059606921, 31.764967071556825], [35.20417686752614, 31.76497504009253], [35.20407283365654, 31.764974138040724], [35.20396914921483, 31.764966804862887], [35.20386635784645, 31.764953079341304]]]]}}, {"type": "Feature", "properties": {"plan_name": "101-1571991", "pl_name": "תוספת שטחים, קומות חניה ויח\"ד ברח' אלכסנדריון 17, ירושלים", "dunam": 0.784, "source": "xplan_blueline"}, "geometry": {"type": "MultiPolygon", "coordinates": [[[[35.202966472935955, 31.75342377351511], [35.202920785350386, 31.753376363029005], [35.20284713005378, 31.753421267712465], [35.20277602566031, 31.75346907903033], [35.20270762837591, 31.75351969237486], [35.20293171856627, 31.753727299740575], [35.20312376209538, 31.753607152634803], [35.20307582856917, 31.753543271795845], [35.203023331300265, 31.753482065760785], [35.202966472935955, 31.75342377351511]]]]}}, {"type": "Feature", "properties": {"plan_name": "101-0109876", "pl_name": "נוף הפארק - יובלים גנים", "dunam": 12.65, "source": "xplan_blueline"}, "geometry": {"type": "MultiPolygon", "coordinates": [[[[35.171545154226614, 31.752456710589126], [35.17162696953119, 31.752451365670527], [35.171711243782376, 31.752452649888205], [35.17174580711817, 31.752453176404124], [35.17179935129813, 31.752460226298748], [35.17191083883267, 31.75247409987676], [35.17194114948744, 31.75249069252051], [35.17214753722593, 31.752391035146513], [35.1722090542271, 31.75236133310752], [35.17213019090572, 31.752120610820654], [35.17229103681445, 31.752127685818454], [35.17229062076845, 31.752109919372742], [35.17228525341877, 31.752065366891536], [35.17226717670915, 31.75184296742357], [35.17221340858085, 31.751861831275694], [35.17186451214881, 31.752012890094882], [35.17181598661129, 31.751912935268567], [35.17151109300974, 31.751913262812984], [35.17146758192358, 31.75184111121619], [35.17105791463804, 31.75202149273145], [35.17028915373806, 31.752359977144987], [35.17005144048339, 31.75245465030122], [35.16998292286266, 31.75248487969275], [35.17006757976938, 31.752621948634673], [35.17014067827804, 31.752740290314062], [35.17017676117415, 31.752776283605435], [35.1702900753346, 31.752886519384017], [35.170333012068596, 31.752929189917626], [35.17039167137318, 31.752987489990797], [35.170449364863586, 31.752950720930375], [35.17053522791958, 31.752897091227826], [35.17061227124883, 31.7528502175533], [35.1706780610284, 31.75281010288667], [35.17079571297093, 31.752741097745965], [35.17088782316685, 31.75268936332405], [35.17107721472816, 31.752592300531443], [35.17116670825672, 31.752561056936848], [35.17126871982791, 31.752528171568184], [35.17129901013012, 31.752518619882593], [35.17141202687595, 31.752482191202507], [35.17143913365502, 31.752473453927376], [35.17151265017164, 31.752458834169605], [35.171545154226614, 31.752456710589126]]]]}}, {"type": "Feature", "properties": {"plan_name": "101-0135004", "pl_name": "מתחם בנין-מסחר, תעסוקה, מגורים ומלונאות, רח' יפו מרכז העיר.", "dunam": 14.136, "source": "xplan_blueline"}, "geometry": {"type": "MultiPolygon", "coordinates": [[[[35.21615484324193, 31.784102001001173], [35.216090097435725, 31.784135385881818], [35.2160356934137, 31.784162557907795], [35.215979233365935, 31.78419536659916], [35.21587286734469, 31.78425924817441], [35.215729306145015, 31.78434728967218], [35.2158049432001, 31.784686284636578], [35.215842341542036, 31.784871429059383], [35.21585554724107, 31.78493708183193], [35.21585565288869, 31.784937622926492], [35.21586463271863, 31.784981812283217], [35.216469385903295, 31.78489082377303], [35.21647181781914, 31.784901943231006], [35.216642961045146, 31.78487775755144], [35.21686326719575, 31.784840924837358], [35.2169547444626, 31.784825629647727], [35.2170650641059, 31.784813865926697], [35.217130206198775, 31.784805291940373], [35.21733924844423, 31.784751881904], [35.21767181222669, 31.784646422514953], [35.217594410608875, 31.78456815084247], [35.217595994070905, 31.78456643718184], [35.21759842206045, 31.784563911777344], [35.21755333275705, 31.784518193151882], [35.21750824393123, 31.784475540766735], [35.21747793833649, 31.784446775184854], [35.21736115130373, 31.784337393925302], [35.21723771199537, 31.784220708322582], [35.21707277496475, 31.78406632981815], [35.217018183995265, 31.784020702130192], [35.216881020283765, 31.783904739009195], [35.21686961636261, 31.783894910069048], [35.21680098076287, 31.78382872170477], [35.21673659986608, 31.783855950918152], [35.21615484324193, 31.784102001001173]]]]}}, {"type": "Feature", "properties": {"plan_name": "101-0286526", "pl_name": "בנין מסחר ומגורים להשכרה, דרך חברון, ירושלים.", "dunam": 1.659, "source": "xplan_blueline"}, "geometry": {"type": "MultiPolygon", "coordinates": [[[[35.21816674419874, 31.747427317314145], [35.217926787268034, 31.746956399341116], [35.21779994879103, 31.74707996559543], [35.21778259700173, 31.747099757519045], [35.217768964650716, 31.74712157279076], [35.21775936828043, 31.747144903639555], [35.21775403050081, 31.74716920983747], [35.21775307576869, 31.74719392681667], [35.217756526167925, 31.747218480099438], [35.217764300355995, 31.74724230153128], [35.21787345585885, 31.747443672109988], [35.217918122321436, 31.747607171948903], [35.21793638567404, 31.747642901122664], [35.21820548844929, 31.74750622459229], [35.21816674419874, 31.747427317314145]]]]}}, {"type": "Feature", "properties": {"plan_name": "101-0301929", "pl_name": "מתחם כי\"ח", "dunam": 10.355, "source": "xplan_blueline"}, "geometry": {"type": "MultiPolygon", "coordinates": [[[[35.214267854581024, 31.78449855633038], [35.21435549875238, 31.78441846067515], [35.214349218097055, 31.784411524212043], [35.214288945600586, 31.784342929538187], [35.214155854359916, 31.78419145952424], [35.21395545699372, 31.783963388526196], [35.21394593637994, 31.783938091720195], [35.213941321956284, 31.78391181424476], [35.21394173415034, 31.78388524419548], [35.213947162471754, 31.78385908049941], [35.213953041056214, 31.7838479919314], [35.21396055408753, 31.783837648160222], [35.21390611074041, 31.783794558707505], [35.21383570893534, 31.783801643400068], [35.213703383243555, 31.783814958907122], [35.21361818352769, 31.783823532598266], [35.213622012940384, 31.783855810987994], [35.21341564060358, 31.783875839435623], [35.213378603672055, 31.783879882302227], [35.21332689088634, 31.783880959135313], [35.213290571710395, 31.78388312609812], [35.21315458587654, 31.7838905306296], [35.21311372824411, 31.783908389875442], [35.21306917819199, 31.783957092297417], [35.213048382400174, 31.783993618245344], [35.213044318651754, 31.784005107966845], [35.21297822477674, 31.78422300606852], [35.212887210836605, 31.784525444295475], [35.21285583341921, 31.784652804257956], [35.21285227857031, 31.78468804840831], [35.21291614480864, 31.78469437506186], [35.212925974445355, 31.784695348390038], [35.21301761921604, 31.78470472134546], [35.21320006431388, 31.78472500024522], [35.213293186862884, 31.78473013425121], [35.213308918454196, 31.78473103498946], [35.21333647513051, 31.78473256618285], [35.2134545149661, 31.78474031365261], [35.21350688327903, 31.78474382708723], [35.21361856644822, 31.78453170622593], [35.21369008845802, 31.784487294406723], [35.21416975364763, 31.784619417708285], [35.21419387314538, 31.78462605880677], [35.21425611150701, 31.784713036480063], [35.214329266508024, 31.784814915276034], [35.21434385148765, 31.784835228986996], [35.21445775194947, 31.784738019693613], [35.214543593615325, 31.784664754591994], [35.21450975311905, 31.784646886423193], [35.214340571099385, 31.78454962007043], [35.214303588114774, 31.784527085971124], [35.214267854581024, 31.78449855633038]]]]}}, {"type": "Feature", "properties": {"plan_name": "101-0403428", "pl_name": "בינוי פינוי מתחם אפרסמון בשכונת גילה", "dunam": 27.426, "source": "xplan_blueline"}, "geometry": {"type": "MultiPolygon", "coordinates": [[[[35.20112558884885, 31.73548342806387], [35.20170713588926, 31.735464502795633], [35.20178976142633, 31.735474154265976], [35.201898135413046, 31.735468384600527], [35.20200577128876, 31.735440068650448], [35.20225343879838, 31.73538722477987], [35.202290372573415, 31.73537937932042], [35.20246744414962, 31.73531291596437], [35.202677439796055, 31.73520776356158], [35.20269981165966, 31.735169074614138], [35.202738118152425, 31.735103059898762], [35.202761123681654, 31.73503154370975], [35.202764922758135, 31.73501963937479], [35.20278265437902, 31.7348119441823], [35.2027681997477, 31.734688030188423], [35.2027415062526, 31.734459591933746], [35.20271322662816, 31.734421713980797], [35.20265856598723, 31.73439366580342], [35.20261657619386, 31.734388663584316], [35.20261435646023, 31.734363380264476], [35.20260779443014, 31.734338654225887], [35.20259703571882, 31.73431502567634], [35.2025823156361, 31.73429301318043], [35.20256395496548, 31.734273097425902], [35.20254235785361, 31.734255715813052], [35.20252518105588, 31.734241523193], [35.20251114573745, 31.734224999341365], [35.20250067820144, 31.73420664479071], [35.20249409500472, 31.734187015986425], [35.202493276224956, 31.734183051453467], [35.202471497689395, 31.73411213706968], [35.20247203904352, 31.7341111369291], [35.20247271968683, 31.734110200821753], [35.20247352801148, 31.734109343177032], [35.20243826672779, 31.734093901214607], [35.20229027556992, 31.734341575008525], [35.20226606035376, 31.734375286563303], [35.20223598126538, 31.73440535184617], [35.2022007769843, 31.73443103315457], [35.20216769917295, 31.734448704282457], [35.20213241177005, 31.734462911367327], [35.202095406523036, 31.734473457813493], [35.20187720168752, 31.73451676944083], [35.20171800605123, 31.734539519822434], [35.20000824832962, 31.73478383357382], [35.19996036901272, 31.73484977860001], [35.19995961977583, 31.734850132098146], [35.19995988764475, 31.73485354289367], [35.19994724364738, 31.73485598104948], [35.1999203597534, 31.73486868172809], [35.19989764011339, 31.734963142213022], [35.199891141765406, 31.735054306111422], [35.19989630563137, 31.735152079155178], [35.19998789632763, 31.735826835357518], [35.200086895818465, 31.735779022797402], [35.20035409073041, 31.735649977195585], [35.20057147659567, 31.735536531507872], [35.200669827207186, 31.735497484427565], [35.20112558884885, 31.73548342806387]]]]}}, {"type": "Feature", "properties": {"plan_name": "101-0433805", "pl_name": "מתחם מגורים ושטחי ציבור בגבעת שאול ירושלים", "dunam": 75.746, "source": "xplan_blueline"}, "geometry": {"type": "MultiPolygon", "coordinates": [[[[35.187297126766026, 31.793651348171558], [35.18743522329638, 31.793473444634394], [35.18748557860036, 31.793489493236628], [35.18765873893933, 31.793299989236942], [35.187750235568465, 31.793297106317702], [35.18786068230193, 31.793301178970975], [35.187924141676426, 31.793303441786176], [35.188128780286846, 31.793277224558192], [35.18826848376669, 31.793233773676807], [35.18841368073545, 31.79317327857475], [35.1887742894409, 31.793064381139867], [35.18900057516327, 31.793026531438365], [35.189565396040045, 31.792901242794553], [35.18969548730098, 31.792872399017533], [35.189845534950905, 31.792843557387236], [35.18998196095408, 31.79281778029286], [35.19014256621051, 31.792796695321165], [35.19018976738438, 31.792779926385172], [35.19028845987016, 31.792738898260588], [35.19027310085983, 31.79262725429978], [35.190253825936104, 31.792631255426112], [35.19023407095393, 31.792632789966447], [35.19021426672544, 31.79263182369861], [35.19019484405442, 31.79262837741286], [35.190176228456586, 31.792622526911362], [35.19015882326578, 31.792614399398758], [35.1901466495636, 31.792602482039253], [35.19013672514091, 31.792589130104332], [35.19012927591152, 31.792574651146875], [35.19012447499045, 31.792559376161606], [35.19012243107951, 31.792543657780122], [35.19012319163748, 31.79252785493973], [35.19012673971262, 31.792512332883337], [35.19014370719137, 31.79247582743514], [35.190167404485244, 31.79244216713629], [35.190197390526855, 31.792402466113675], [35.19022383324172, 31.792360968226376], [35.19024658582896, 31.792317904331117], [35.19026752917814, 31.79225016952103], [35.190283750697446, 31.792181496271404], [35.19029040927665, 31.79213188593787], [35.19029414306925, 31.792082053427634], [35.190275301386215, 31.791945597672203], [35.19025865606415, 31.79189206896919], [35.190236452347754, 31.791840032190006], [35.19020887073775, 31.79178990670707], [35.190176133970894, 31.791742098369376], [35.19013850490903, 31.791696992287772], [35.19011243808978, 31.79167073322397], [35.190084616198, 31.791645823109096], [35.190048253375934, 31.791613419547094], [35.19000841623795, 31.79158414676804], [35.18996276513041, 31.791556816781622], [35.18991409358407, 31.79153359882225], [35.189424653505306, 31.791312488859376], [35.18910330669041, 31.79114647982453], [35.189103302466, 31.791146485235075], [35.18905240024881, 31.79111065084812], [35.189005436056625, 31.791071086007236], [35.18896278467408, 31.791028106405847], [35.1889247849796, 31.790982052984553], [35.188892954979615, 31.790934966794406], [35.18886815130749, 31.79088489275681], [35.18882115803311, 31.790711225242525], [35.188814779881085, 31.79063964367371], [35.18882725502637, 31.790519783538066], [35.18886107016985, 31.790419842221805], [35.18886454992457, 31.79040955807003], [35.188885949739834, 31.79036228986483], [35.18893192129645, 31.79027947593542], [35.18895779208623, 31.790229239404344], [35.18897858037708, 31.79018887017933], [35.18900865072152, 31.790129705935207], [35.18903590738929, 31.790075447350656], [35.18908554676608, 31.78999251656485], [35.18910026399238, 31.789963356452887], [35.188432653090736, 31.789680686809934], [35.18837432001425, 31.789784116866617], [35.18794297740985, 31.790496159698147], [35.18784659196906, 31.790687321822162], [35.18774416271294, 31.790876177074836], [35.18763576671636, 31.79106258656868], [35.18758704551656, 31.79113761317697], [35.18746850549343, 31.791339008848116], [35.18731133601412, 31.791704093860524], [35.18731232161393, 31.79177629433316], [35.187305914990546, 31.79184829270376], [35.18729216585501, 31.79191953705232], [35.18727689512039, 31.791956610510077], [35.187256085556534, 31.79199166310134], [35.1872300962714, 31.792024095148815], [35.187199369782114, 31.79205335027437], [35.18716443412486, 31.79207892712342], [35.18712588701485, 31.792100389283473], [35.186958486167484, 31.792495169988804], [35.18694388894993, 31.79288051478326], [35.18675011295141, 31.793245828473033], [35.18670132063649, 31.79338513237356], [35.18669643336888, 31.793399079535494], [35.187297126766026, 31.793651348171558]]]]}}, {"type": "Feature", "properties": {"plan_name": "101-0550541", "pl_name": "התחדשות עירונית - התקופה 2-שמעוני 48-הרצוג", "dunam": 2.853, "source": "xplan_blueline"}, "geometry": {"type": "MultiPolygon", "coordinates": [[[[35.200700302810006, 31.76138067831943], [35.20037127892667, 31.761314014942176], [35.20033436852713, 31.76156318049889], [35.20033966825455, 31.761590970071026], [35.2003387223049, 31.76159518525729], [35.20033091821776, 31.761629945663024], [35.20032581677073, 31.76170271344369], [35.20032778010837, 31.761847457570966], [35.200335437963695, 31.76192323791174], [35.2003486815037, 31.76205429421258], [35.20035187211394, 31.76208585883168], [35.20035524420237, 31.76211923435775], [35.20070929904215, 31.76210615930528], [35.200705608470415, 31.762008760114067], [35.200699173594984, 31.76190859218277], [35.20069527308797, 31.761782036384574], [35.20069042065096, 31.761704658078482], [35.200685568952984, 31.76160888216512], [35.20068725889998, 31.761581736726463], [35.200670013477556, 31.761580837989314], [35.20067485157756, 31.7615406105013], [35.20068147780119, 31.761499380214804], [35.20068995584125, 31.761448002438737], [35.2006982547146, 31.761389436964052], [35.200700302810006, 31.76138067831943]]]]}}, {"type": "Feature", "properties": {"plan_name": "101-0614909", "pl_name": "מתחם בליליוס  - הכניסה לעיר", "dunam": 8.001, "source": "xplan_blueline"}, "geometry": {"type": "MultiPolygon", "coordinates": [[[[35.2070603065447, 31.787474365227993], [35.20701082573199, 31.787397174185216], [35.20686143539922, 31.78747263411715], [35.20655682872431, 31.78702806332331], [35.20645839256691, 31.78707965381305], [35.20623998007282, 31.786718363908626], [35.20601222918536, 31.78634161438886], [35.2058108196021, 31.786440097729745], [35.206047200456055, 31.78682756675997], [35.20600291306679, 31.786852548295983], [35.206218245978164, 31.787205514662382], [35.20594947107496, 31.787346378419002], [35.20639266330041, 31.78798157039074], [35.20640809110081, 31.787973673637634], [35.20712585751126, 31.78755903576428], [35.2070603065447, 31.787474365227993]]]]}}, {"type": "Feature", "properties": {"plan_name": "101-0657593", "pl_name": "סטריפ דרך חברון, ירושלים - מתחם שימושים מעורבים על ציר רק\"ל", "dunam": 119.304, "source": "xplan_blueline"}, "geometry": {"type": "MultiPolygon", "coordinates": [[[[35.21289580653456, 31.74112875834619], [35.21285268380506, 31.740982828051017], [35.212862819567164, 31.74096596104607], [35.212963864501276, 31.740910479906486], [35.21294983834127, 31.740852549846558], [35.21291580361558, 31.740702970084417], [35.212906532795365, 31.740668875499818], [35.21290651951703, 31.740662165763457], [35.212906488559675, 31.74064678748055], [35.21287368080287, 31.74059586961904], [35.21285340975593, 31.740564407350515], [35.21283048742532, 31.74052882922735], [35.212811645489644, 31.740499585399313], [35.21279280145518, 31.740470341568486], [35.21277396165381, 31.740441097734447], [35.21275511975349, 31.74041185209394], [35.21273627786518, 31.74038260825422], [35.21272353015036, 31.740362824382018], [35.21268422736875, 31.740301824251087], [35.21268056170398, 31.740295062445146], [35.21267587349552, 31.740288779586106], [35.21267024506704, 31.740283088399348], [35.212650572743605, 31.740266102497515], [35.212436472053234, 31.740081262935515], [35.21243568896308, 31.740080588403845], [35.21244986014379, 31.74006347947936], [35.21246296090967, 31.74004249087753], [35.21246787255553, 31.740021502794217], [35.21246787048871, 31.739997717494738], [35.21245558487842, 31.739975332639876], [35.21221362217335, 31.739601209493326], [35.21197913366122, 31.739236884885074], [35.2118676960844, 31.73906535844951], [35.21187143596276, 31.739064611500712], [35.211832079899025, 31.739009682329215], [35.21162222123418, 31.738709740226618], [35.21138938141488, 31.738373532165728], [35.21132098503174, 31.738267085527077], [35.21124865698384, 31.738162554584413], [35.21117247326733, 31.7380600421376], [35.21114026314095, 31.738017310742322], [35.21088866122945, 31.737610376287314], [35.21077391934629, 31.737423555500794], [35.21076555527482, 31.73742339178398], [35.21075733252994, 31.737422068284506], [35.2107494706103, 31.737419621065253], [35.21074217846381, 31.737416115048845], [35.21073565026634, 31.73741164221409], [35.21073005697987, 31.73740632520373], [35.21072554846176, 31.737400299287494], [35.21072224713431, 31.737393730399205], [35.21072023743037, 31.737386788081945], [35.21071957212598, 31.73737966172105], [35.2107202723387, 31.73737253529222], [35.21072231697603, 31.737365601791694], [35.21072565117617, 31.737359043395244], [35.21073018841884, 31.737353035065343], [35.21060134515853, 31.73714301931524], [35.21057912731568, 31.73710710524645], [35.21055360191947, 31.73706560168663], [35.21054905754325, 31.73705946934764], [35.2105434220705, 31.737054038698115], [35.21053683691616, 31.73704945222297], [35.21052947726188, 31.737045827153644], [35.21052153306142, 31.73704325907668], [35.210504780206215, 31.73705121236901], [35.21049514146596, 31.737019787073933], [35.210485217750175, 31.736987434692995], [35.210475294041274, 31.73695508231112], [35.2104653703394, 31.736922731731973], [35.21045944905222, 31.73690341986415], [35.21045171655208, 31.73687821000328], [35.21043624945714, 31.73682784078336], [35.210436205127095, 31.736827701901035], [35.210426115054815, 31.73680049005008], [35.21041408930173, 31.736768074632888], [35.210405508528815, 31.73674492823468], [35.21039625860869, 31.736719985388245], [35.210387010804176, 31.736695044344636], [35.2103777608941, 31.736670103300348], [35.21036851098885, 31.736645160451623], [35.210359263199216, 31.736620219405715], [35.21035001330399, 31.736595278359136], [35.210340763413626, 31.73657033550804], [35.21031978758508, 31.73651377084021], [35.21030170790638, 31.73646501783262], [35.21028374864288, 31.736417792545364], [35.210249174789695, 31.73632687353321], [35.210219511109216, 31.736252811610328], [35.21019005856005, 31.736179281759807], [35.21011333185801, 31.73598771307844], [35.21001906632117, 31.73581628697541], [35.20999294600569, 31.735768780626866], [35.20997288140034, 31.735732292775012], [35.209952816810606, 31.735695803116105], [35.209934810195236, 31.735663059637034], [35.20991268767844, 31.73562282559183], [35.20990059744942, 31.73560083908316], [35.20987255860919, 31.73554984805409], [35.209852494098214, 31.735513360182], [35.20983242960286, 31.735476870502858], [35.20981236512334, 31.735440382624056], [35.20979230065957, 31.735403894741864], [35.20977089590825, 31.735364962907205], [35.20975358291285, 31.735317333482193], [35.209744774442825, 31.73529310663092], [35.20973596808788, 31.735268879778843], [35.209727159627, 31.73524465292615], [35.209718353281204, 31.73522042607267], [35.20970954482952, 31.73519619921858], [35.209695389679986, 31.73515725804813], [35.20967165732237, 31.735121170718397], [35.20965836222893, 31.735100953659245], [35.20964506503077, 31.73508073659871], [35.20963176994898, 31.735060521340333], [35.20961847276238, 31.735040304276893], [35.20960517769204, 31.735020087211936], [35.20959188262748, 31.734999870145526], [35.2095785854582, 31.734979653077723], [35.20956529040518, 31.734959436008396], [35.20955199535793, 31.734939218937615], [35.20953869820599, 31.734919001865475], [35.2095254031703, 31.734898784791813], [35.20951210814038, 31.734878567716656], [35.20949881100586, 31.73485835244385], [35.20946737913476, 31.734810552191437], [35.20942262669708, 31.734776289185792], [35.209387732735024, 31.734749570631365], [35.20936598183926, 31.734704177904554], [35.209353503314595, 31.734678136650707], [35.209341024796906, 31.73465209539556], [35.209328546286216, 31.734626054139067], [35.20931606778249, 31.734600012881234], [35.209303589285824, 31.734573973425796], [35.209297350040096, 31.734560952795714], [35.20928160207326, 31.734528086480147], [35.20918356842877, 31.734484962071843], [35.20904446844596, 31.734423773292395], [35.20905008219777, 31.734379766546073], [35.20880104581308, 31.73426775877724], [35.20865967633641, 31.73422375706073], [35.20847071680049, 31.734293340786174], [35.20845776060836, 31.73448520199957], [35.208488495906494, 31.734831504949838], [35.20854263366909, 31.735156552377127], [35.20859383808066, 31.735245314101803], [35.20860700824449, 31.735354080041855], [35.20866845364788, 31.73550410026298], [35.20855959392209, 31.73554120947803], [35.20860022494252, 31.735629318603735], [35.208623443154046, 31.735689561220394], [35.20864180699063, 31.73574421254262], [35.208649934122, 31.73578145855604], [35.20866629303653, 31.735836560864644], [35.20871705711571, 31.735976435630132], [35.20873890288771, 31.736020174467843], [35.208769825215725, 31.736092681910424], [35.20882006245295, 31.736242837703617], [35.20891377949237, 31.736455580116758], [35.2089517712754, 31.736506533115268], [35.209004013486066, 31.736645866590525], [35.20909393075854, 31.73682605232051], [35.209237668990966, 31.7370473601618], [35.20929117472192, 31.7371197764187], [35.20933348452781, 31.737159400130842], [35.209417834085556, 31.737238391398378], [35.20944205615046, 31.737228715425104], [35.20957382023459, 31.737367123780164], [35.20973792477834, 31.737546936233247], [35.209912294978174, 31.737751054600345], [35.20993728429655, 31.73779421229457], [35.21007797570381, 31.73793710010132], [35.210080795820254, 31.73794400271058], [35.21017741038469, 31.738180368785635], [35.21022272201276, 31.73828330170132], [35.21027904731226, 31.738396845218542], [35.21037828116061, 31.738619232379385], [35.21045607199725, 31.738775455596265], [35.210480766785174, 31.738825052376225], [35.21055731087275, 31.738953321947168], [35.21057625959346, 31.738985076851538], [35.21059732958808, 31.739018844571216], [35.21069303551337, 31.739172225941548], [35.210777881170465, 31.73930165834361], [35.21081099312477, 31.739349189403907], [35.21086985049233, 31.73943411692112], [35.21084140787848, 31.739458819944176], [35.21079567058083, 31.739506288243845], [35.21077280380841, 31.739557597247956], [35.210747894081706, 31.739610648717207], [35.210728704187524, 31.739666142096816], [35.21070888660497, 31.73970957060114], [35.210706246650844, 31.739715355175953], [35.21070504149641, 31.739715239799413], [35.210698893309555, 31.73971465570782], [35.21068174325028, 31.73972338282414], [35.21065560669622, 31.739738044531205], [35.210656012564854, 31.739747467003866], [35.2106502983563, 31.73976631587777], [35.210644989167186, 31.73978201909077], [35.21064131333958, 31.739794237488244], [35.210641314466535, 31.739810990189376], [35.21063886772906, 31.739834023469893], [35.210646960224246, 31.73996660893988], [35.21076150507906, 31.73994666162579], [35.210789263092686, 31.739938987322734], [35.21085689194434, 31.740077273046417], [35.21086038336997, 31.74008441188576], [35.211034659758624, 31.74002679295083], [35.21111152256759, 31.74013112894595], [35.21117514126758, 31.740434295687976], [35.211198646847635, 31.740546303759626], [35.2112075377269, 31.740588666617505], [35.211217793862936, 31.740655455009456], [35.21123216768151, 31.740749053268306], [35.21123522586858, 31.740776472841638], [35.21124062710778, 31.740807535748075], [35.211241522908956, 31.74081975391472], [35.211242418428704, 31.740828151860065], [35.211245099838564, 31.74084074870595], [35.21125381110514, 31.74087959617112], [35.211253255523566, 31.74090154714189], [35.21125458367593, 31.74093790230126], [35.21125416664601, 31.74094971290381], [35.211271645147185, 31.741070182400332], [35.21141391948151, 31.741064042072097], [35.21144656350175, 31.74105165430839], [35.21157004222574, 31.74103901073074], [35.211581284954164, 31.741113845306135], [35.21159350746615, 31.741167078800768], [35.211594125461104, 31.741216153635897], [35.211595631490326, 31.741258271577824], [35.211597795346734, 31.741318716803082], [35.21160367390372, 31.741406276728227], [35.21160404288882, 31.74142864069193], [35.2115985363751, 31.741457344967937], [35.211592263553385, 31.74148416442819], [35.211592371588615, 31.741516473967277], [35.21157747745369, 31.741524017851663], [35.21151826186535, 31.741554943687593], [35.21152899883164, 31.741584833878882], [35.21160802695545, 31.74193471330121], [35.21160966585368, 31.74194812366163], [35.21166233593412, 31.742151854937006], [35.211690533918244, 31.742256411566263], [35.211756157100204, 31.742456107189554], [35.2118246429818, 31.742660405628243], [35.21184021915413, 31.74268086039115], [35.21186683168877, 31.742776656532374], [35.211869069635284, 31.74278470988663], [35.2118999155145, 31.7428718264037], [35.21195472437516, 31.74304369518072], [35.21204126053991, 31.743030342685962], [35.212128218977895, 31.74301897416812], [35.21247130426026, 31.742981960924716], [35.21263438305401, 31.742963614131824], [35.21339513163763, 31.74287802248561], [35.21352873258189, 31.742838241551777], [35.21349681690215, 31.742769671068576], [35.21341551788773, 31.742697648213145], [35.21335241348558, 31.742610330518687], [35.21331359983519, 31.74253589666895], [35.21321362835108, 31.742309487944908], [35.21313795377469, 31.742136519069216], [35.21307260929472, 31.741989794968433], [35.212965824481635, 31.74170278423025], [35.2129572478058, 31.74166721238374], [35.212957169661834, 31.741620859294468], [35.2129743110692, 31.74158553282109], [35.213009119049964, 31.74155672189145], [35.21294077425667, 31.741345389643353], [35.21292394723281, 31.7412643256108], [35.21291223653675, 31.74120790869285], [35.21289580653456, 31.74112875834619]]]]}}, {"type": "Feature", "properties": {"plan_name": "101-0663518", "pl_name": "הקמת מבנה לדיור בר השגה להשכרה, קמפוס ירושלים לאומנויות.", "dunam": 1.618, "source": "xplan_blueline"}, "geometry": {"type": "MultiPolygon", "coordinates": [[[[35.21237092003937, 31.779579603834282], [35.21235540008401, 31.779574103577577], [35.21234833585831, 31.779571516638168], [35.21234088425791, 31.779569910925474], [35.212333228985855, 31.779569325207113], [35.21233055900705, 31.779569389404514], [35.212327926007134, 31.77956977826225], [35.21232538593995, 31.77957048275848], [35.21232298842447, 31.779571490264278], [35.21232192639762, 31.779572130637536], [35.21232100479738, 31.77957291439472], [35.212320252127064, 31.779573819889936], [35.21231968844356, 31.779574820066607], [35.21231933063649, 31.779575887868525], [35.212319188204916, 31.779576991730668], [35.21228710841478, 31.77975240177742], [35.21221777871873, 31.780143985355362], [35.212244067410076, 31.780149034043536], [35.21224987413908, 31.78015002570978], [35.21227373448549, 31.78015372178063], [35.21242460397831, 31.780180181369097], [35.212677198644386, 31.780123791096063], [35.21255602146598, 31.779908673820348], [35.21252730056689, 31.779857631468634], [35.2124620447512, 31.779737510423207], [35.21240006302678, 31.779630195276496], [35.21237092003937, 31.779579603834282]]]]}}, {"type": "Feature", "properties": {"plan_name": "101-0678920", "pl_name": "התחדשות עירונית, רחוב ברזיל 4-12, ירושלים", "dunam": 12.261, "source": "xplan_blueline"}, "geometry": {"type": "MultiPolygon", "coordinates": [[[[35.17222608080965, 31.766526808929108], [35.17214637561101, 31.766517950727096], [35.17198451909217, 31.7667708657116], [35.17181935174541, 31.767028584651165], [35.17166124950741, 31.767274905890584], [35.171563179103906, 31.767407229665974], [35.171459125839434, 31.767507996346684], [35.17139919171563, 31.76755194386286], [35.171310732109866, 31.76760974526786], [35.17137502796941, 31.767649415958683], [35.17162322008325, 31.76780255516316], [35.171942824854206, 31.768005596600045], [35.171975663802755, 31.767954677913867], [35.172177607178334, 31.76762554939952], [35.172325275966195, 31.76738258156543], [35.17249613555755, 31.767102919774754], [35.17265639414214, 31.76684070936494], [35.172809665618644, 31.766591660306492], [35.17222608080965, 31.766526808929108]]], [[[35.1730099425603, 31.766171992191914], [35.17225322963503, 31.766157502173762], [35.172240842752146, 31.766256773896032], [35.17230968826315, 31.76625806825631], [35.17298570230795, 31.766270768660995], [35.1730099425603, 31.766171992191914]]], [[[35.17409671275004, 31.76619970727774], [35.17388893406494, 31.766191921706213], [35.173886909438025, 31.766224095362748], [35.17388041344888, 31.76625583326042], [35.17386953702222, 31.766286684498972], [35.173852684176374, 31.766322822710002], [35.17404019022569, 31.766444419670393], [35.174205958218614, 31.76629785910121], [35.17409671275004, 31.76619970727774]]], [[[35.17328675111759, 31.76636161296802], [35.17337527220459, 31.766276803611525], [35.173745065251566, 31.766286977485198], [35.173802090663024, 31.766293406895592], [35.17381593658167, 31.766239840760885], [35.173823236995645, 31.766188708029663], [35.17357847788482, 31.766183553671166], [35.17313710932036, 31.7661742221372], [35.17312121696881, 31.76627266158639], [35.17313870370363, 31.766273459497825], [35.17354907132575, 31.76659041289222], [35.17356227089294, 31.766576617893328], [35.17328675111759, 31.76636161296802]]]]}}, {"type": "Feature", "properties": {"plan_name": "101-0681288", "pl_name": "מתחם אפשטיין - עירוב שימושים ומבנה ציבור לאורך הרק\"ל, ירושלים.", "dunam": 7.314, "source": "xplan_blueline"}, "geometry": {"type": "MultiPolygon", "coordinates": [[[[35.17906826432117, 31.769261903628745], [35.17905526690594, 31.769310239793178], [35.179048609013165, 31.769337474106923], [35.17902474784932, 31.769429213776323], [35.17909555904794, 31.769431365218264], [35.17911726241587, 31.76943292249696], [35.17919627870849, 31.769440217814722], [35.179323230650226, 31.76945762676301], [35.17943157199301, 31.769478403027453], [35.17953857996144, 31.769503724224766], [35.179747589984906, 31.7695554061075], [35.179759703680844, 31.769558243841605], [35.1799467757198, 31.76960206971615], [35.18008460576935, 31.769625670236806], [35.18014353708163, 31.769635746023187], [35.180170471402704, 31.769640511068705], [35.180170454507376, 31.769640530906013], [35.18025872470484, 31.769656136897655], [35.18028949673097, 31.769540981070648], [35.180475116282956, 31.76966749941959], [35.18046659317179, 31.769700011036893], [35.1804859670638, 31.769704801651308], [35.18057845258538, 31.769740793454222], [35.18059711369636, 31.76975065407567], [35.18065476470901, 31.769781210223762], [35.18067868336294, 31.769797548843353], [35.18069849119693, 31.769789733555278], [35.180718339145386, 31.769781903842066], [35.18066726145843, 31.769706196410528], [35.18061188896292, 31.769632726528812], [35.180552354629306, 31.769561671879178], [35.18051589196813, 31.76951655129491], [35.18052363321599, 31.769511298611874], [35.180470549094515, 31.769456057131517], [35.18041436511326, 31.769403099411907], [35.18035521636103, 31.76935255353616], [35.18034252816277, 31.76934250822645], [35.18030865960925, 31.76931686065007], [35.18010361441825, 31.76918561991209], [35.17996207872672, 31.769093604940696], [35.179864779617986, 31.769036656551776], [35.179853260279536, 31.769029913964523], [35.17973314713624, 31.768964867946345], [35.17966738939543, 31.768935545328983], [35.17959276467947, 31.768905319110015], [35.17926709674984, 31.76881526047009], [35.17925736998738, 31.76883956861516], [35.17920399101018, 31.768972978439336], [35.179165724298315, 31.769160710998033], [35.17915410324619, 31.76921772136522], [35.179141731680666, 31.769278421920873], [35.17910105440487, 31.7692692763884], [35.17906826432117, 31.769261903628745]]]]}}, {"type": "Feature", "properties": {"plan_name": "101-0699587", "pl_name": "פינוי בינוי ברחוב דהומי 8 , ירושלים", "dunam": 2.831, "source": "xplan_blueline"}, "geometry": {"type": "MultiPolygon", "coordinates": [[[[35.165023125174734, 31.756881737188216], [35.16524192424358, 31.756625044182336], [35.16527461245199, 31.756640598403546], [35.16533230204553, 31.75666858408471], [35.1653719141719, 31.75663405919925], [35.16545268431067, 31.756522881119704], [35.16547433824754, 31.75648850673252], [35.1654908728565, 31.75645211515745], [35.16550203459486, 31.7564142600514], [35.16550765435013, 31.75637551854436], [35.165395839449424, 31.75636828405734], [35.16533756294021, 31.756386119118165], [35.16527938701197, 31.75626004331435], [35.165151367159936, 31.756301046886676], [35.16512993789452, 31.75630807467081], [35.165071157012505, 31.756330523288916], [35.164926072806765, 31.756419189238997], [35.16485934217751, 31.756460851790397], [35.16467976702388, 31.756572806797564], [35.16484437715018, 31.75671997219503], [35.16476350702746, 31.75678128148701], [35.16496414875303, 31.756921351393142], [35.165023125174734, 31.756881737188216]]]]}}, {"type": "Feature", "properties": {"plan_name": "101-0701391", "pl_name": "פינוי בינוי רח' הצוף, גילה, ירושלים", "dunam": 12.33, "source": "xplan_blueline"}, "geometry": {"type": "MultiPolygon", "coordinates": [[[[35.198086834401806, 31.733335294367425], [35.19828711775932, 31.73330256703611], [35.198309277046, 31.73330833991712], [35.19858884837915, 31.733261783326864], [35.19864062019222, 31.733253162203127], [35.198771047122165, 31.733227375171833], [35.198767143961774, 31.733208165649067], [35.19883531208566, 31.733193919442645], [35.198850086216254, 31.73317642424357], [35.19909526226783, 31.733143457689835], [35.19911312343282, 31.733321028586843], [35.19932498195804, 31.733292448600668], [35.19958510225548, 31.733258305688008], [35.19957522495092, 31.733143969094307], [35.19957476137313, 31.733130035533343], [35.199553831444426, 31.732817697898533], [35.199542332531394, 31.732760971253345], [35.19949820177382, 31.73275177072604], [35.19949041647685, 31.732750147102077], [35.19948599736236, 31.732747688496115], [35.199477251990075, 31.732742827201854], [35.19940040924697, 31.732700091079508], [35.198996467901054, 31.73278584035928], [35.198946766628936, 31.73279593894271], [35.198950248027536, 31.73280991772764], [35.19884272042377, 31.73282749912849], [35.19884018853161, 31.732816947402508], [35.198776558208614, 31.73282966067118], [35.198380741436914, 31.732907111357598], [35.19793121382539, 31.73297824517533], [35.197909687019646, 31.732983294430376], [35.19776512069811, 31.733002947285353], [35.19776080482638, 31.73300333305202], [35.19775575431445, 31.733036304333893], [35.197489497422964, 31.733062175045102], [35.19745573486206, 31.733030615768268], [35.19741541889634, 31.73303422276545], [35.19736381845595, 31.733037286217023], [35.19732646334666, 31.73304197376231], [35.1971942438863, 31.73304854986367], [35.19709357573784, 31.73305161043023], [35.1969098618362, 31.7330545758926], [35.1968505581141, 31.733059532564436], [35.196816368400995, 31.73306701587432], [35.19681858200325, 31.73309605549452], [35.196777744720876, 31.733099480085844], [35.19676170522581, 31.733101373007916], [35.196744188104354, 31.733107143783595], [35.196724454544366, 31.733118686247604], [35.19671337385847, 31.733129327381814], [35.196703242570784, 31.733143575962096], [35.19670055123102, 31.733149978916998], [35.19669785989088, 31.73315638187189], [35.196681710388184, 31.73321238562515], [35.196685607237846, 31.733302750975486], [35.1966866610738, 31.733319525401626], [35.19669361924167, 31.733395822114947], [35.19669667839137, 31.733407907055], [35.19670638577619, 31.733416024266685], [35.196730142276806, 31.73345141599154], [35.19676684444622, 31.733484838850906], [35.19682108275317, 31.733487457436446], [35.19694000779662, 31.733471411549434], [35.19697177026024, 31.73346861767242], [35.19723768909071, 31.733437338744665], [35.19725784430941, 31.73343147786415], [35.197580639834605, 31.73339515104041], [35.1977112772743, 31.733383704479678], [35.19771001179497, 31.733372701874735], [35.1977437791252, 31.733369907910166], [35.19795493023026, 31.73335512843054], [35.19795788277385, 31.73335468487039], [35.198086834401806, 31.733335294367425]]]]}}, {"type": "Feature", "properties": {"plan_name": "101-0704973", "pl_name": "מתחם כי\"ח", "dunam": 7.422, "source": "xplan_blueline"}, "geometry": {"type": "MultiPolygon", "coordinates": [[[[35.21360748123763, 31.78453901193508], [35.213690039885655, 31.78448724029985], [35.21416975364763, 31.784619417708285], [35.21406999349533, 31.784504599437746], [35.21393319888408, 31.784335074635536], [35.21383361222485, 31.784217741831032], [35.21375622314415, 31.78406072093204], [35.213744485132615, 31.784032778275257], [35.21373606435706, 31.784003975018017], [35.21372008316485, 31.78397657648001], [35.21370103908201, 31.783896214888394], [35.21369822350767, 31.78388802097362], [35.213693804233266, 31.783880361967377], [35.21368791220043, 31.783873463319953], [35.21368072269191, 31.7838675297361], [35.21367244899618, 31.783862737960735], [35.21366333501598, 31.783859228663], [35.21365365104529, 31.783857107338306], [35.21363539185489, 31.78385451317013], [35.21341564060358, 31.783875839435623], [35.213378603672055, 31.783879882302227], [35.21332689088634, 31.783880959135313], [35.213290571710395, 31.78388312609812], [35.21315458587654, 31.7838905306296], [35.21311372824411, 31.783908389875442], [35.21306917819199, 31.783957092297417], [35.213048382400174, 31.783993618245344], [35.213044318651754, 31.784005107966845], [35.21297822477674, 31.78422300606852], [35.212887210836605, 31.784525444295475], [35.21285583341921, 31.784652804257956], [35.21285227857031, 31.78468804840831], [35.21291614480864, 31.78469437506186], [35.212925974445355, 31.784695348390038], [35.21301761921604, 31.78470472134546], [35.213200064313874, 31.78472500024522], [35.213293186862884, 31.78473013425121], [35.213308918454196, 31.78473103498946], [35.21333647513051, 31.78473256618285], [35.2134545149661, 31.78474031365261], [35.21350688327903, 31.78474382708722], [35.21360748123763, 31.78453901193508]]]]}}, {"type": "Feature", "properties": {"plan_name": "101-0714188", "pl_name": "פינוי בינוי ברחוב שטרן 47, ירושלים", "dunam": 2.86, "source": "xplan_blueline"}, "geometry": {"type": "MultiPolygon", "coordinates": [[[[35.17632298431083, 31.752833187359375], [35.17632725864992, 31.752847873938492], [35.17633174324408, 31.75289333510978], [35.17633110068769, 31.75291714547009], [35.176330500794684, 31.752939476814486], [35.1764259070467, 31.752945215476498], [35.176427287472855, 31.752889332075526], [35.176423736855575, 31.752854554363985], [35.17642197342479, 31.752836277193772], [35.17641017128626, 31.75278769403666], [35.176404482339585, 31.752759979101874], [35.17640490451802, 31.752738915711014], [35.1764100233821, 31.752717957965185], [35.17642009226994, 31.75269698867954], [35.17643305676592, 31.752677747962554], [35.176377280974364, 31.75274760703288], [35.17637413334833, 31.752755603899377], [35.176363576857156, 31.752765966479128], [35.17635503798495, 31.75277760831748], [35.17632368340276, 31.752831899679165], [35.176321854046215, 31.75282930557118], [35.17631699945592, 31.752820818144038], [35.17631285164064, 31.752813566399585], [35.17631206047621, 31.752812180991928], [35.17629873046099, 31.752797423876554], [35.17628108520159, 31.752784646259023], [35.176261790197394, 31.7527756668446], [35.1762449255474, 31.752771281960534], [35.1762135199971, 31.752763634594103], [35.1761873757111, 31.75275290768288], [35.17616428266831, 31.752738855438942], [35.17614401927078, 31.752721333519666], [35.1761277693328, 31.75270163363042], [35.17611758371148, 31.75268278462197], [35.1761233198642, 31.752693779380525], [35.17614198094247, 31.752736129633092], [35.17615500551418, 31.752779991929472], [35.176156459653555, 31.75281216195164], [35.17615273793885, 31.752844199157806], [35.176137387554405, 31.75292767861132], [35.1761159264137, 31.75301016828481], [35.176070542503844, 31.753161967514032], [35.17618981894515, 31.753188663307395], [35.176175066925445, 31.753244460774155], [35.17616302724782, 31.753300731405965], [35.17614953424643, 31.75339511276322], [35.17614424400191, 31.753490087545675], [35.176364501933705, 31.753510777583454], [35.17656934236283, 31.75353001912127], [35.17663112675504, 31.753535822433854], [35.176626909733464, 31.753413652242447], [35.17666082084451, 31.753280725932278], [35.176693032983714, 31.75318902796825], [35.1766067760251, 31.75315892366027], [35.17623763013058, 31.75303011155999], [35.17626203747565, 31.752963224428285], [35.1762905152757, 31.752897523212418], [35.17632298431083, 31.752833187359375]]]]}}, {"type": "Feature", "properties": {"plan_name": "101-0737866", "pl_name": "פינוי בינוי ברחוב הגפן 226-230, ברקת 231, גילה, ירושלים", "dunam": 10.88, "source": "xplan_blueline"}, "geometry": {"type": "MultiPolygon", "coordinates": [[[[35.191486143924635, 31.728457785126523], [35.19161382452455, 31.72841856758366], [35.191638725939875, 31.728422357837204], [35.191643371165135, 31.7284041409691], [35.19168958635232, 31.728412262211545], [35.19169127531935, 31.72840712184531], [35.1917187089997, 31.72841190436819], [35.19174424596499, 31.728397657701553], [35.19175036912274, 31.728374120071937], [35.191756488927616, 31.728375293080706], [35.191770635628146, 31.728320101374415], [35.19178319839332, 31.728273567251872], [35.19216188817912, 31.728341783831], [35.192152703499886, 31.728377856876065], [35.192159771894545, 31.728387146589686], [35.19217886993236, 31.728390755811652], [35.19217580811789, 31.728404734164688], [35.19227446374925, 31.728423502012856], [35.1922572542937, 31.72850214153422], [35.19235707081082, 31.728520278134887], [35.192349997842584, 31.728546160508618], [35.19239315317413, 31.72855428120705], [35.192385869319025, 31.728579081345035], [35.19245603637286, 31.728591984355802], [35.19246522107116, 31.72855500944197], [35.19247313886888, 31.728523445497657], [35.19249731431956, 31.72842857333052], [35.19260509723031, 31.72803014681408], [35.192619456047815, 31.727961968416054], [35.19261861633805, 31.727926976628304], [35.19260891205916, 31.72790163379796], [35.192585069376804, 31.72787042764604], [35.192556371462445, 31.727851125435663], [35.192542602383526, 31.7278451268672], [35.192528833306355, 31.727839128297205], [35.19250097757399, 31.727835247757138], [35.1922191475343, 31.727810600726414], [35.19202310109506, 31.727793627126783], [35.191652425328314, 31.727780423672183], [35.191432953492644, 31.727770841979293], [35.19139008677234, 31.72776952633103], [35.191318957437, 31.72804780416745], [35.19124258128133, 31.728177285483913], [35.19122532587164, 31.72820191317783], [35.191196141070975, 31.728239270124682], [35.19112934685028, 31.72838889423635], [35.19110465841391, 31.728430876305666], [35.19110293506547, 31.728469709706598], [35.19095226092299, 31.728575462671287], [35.190967828052976, 31.728581194653028], [35.19095209748501, 31.728640534602288], [35.19084818878053, 31.729031685786456], [35.19088429791715, 31.72903869336641], [35.190911417811826, 31.72902534888369], [35.19140400581441, 31.728788664861344], [35.19143302809162, 31.728752142964957], [35.19149604402843, 31.728591259649072], [35.19150459388707, 31.72856961615826], [35.19146798623416, 31.728521363581308], [35.191486143924635, 31.728457785126523]]]]}}, {"type": "Feature", "properties": {"plan_name": "101-0740555", "pl_name": "תוספת קומה ויח\"ד ברח' קנאי הגליל 9. ירושלים.", "dunam": 1.185, "source": "xplan_blueline"}, "geometry": {"type": "MultiPolygon", "coordinates": [[[[35.20071144898211, 31.754485673915546], [35.200460619211306, 31.754415677905165], [35.20038444864245, 31.75461282414623], [35.20037930360118, 31.754629357498704], [35.20037753391043, 31.75464639779361], [35.200379190255774, 31.754663446312684], [35.20038422410913, 31.754680004334297], [35.2003924887835, 31.754695585759332], [35.20040374259823, 31.754709735148165], [35.20042156773986, 31.754723919912244], [35.20044167068365, 31.754735672469828], [35.20046360075633, 31.754744730369335], [35.20048686822916, 31.754750888876117], [35.200510950650624, 31.75475401179512], [35.200556828539824, 31.754754541660933], [35.2006024860159, 31.754750673208513], [35.20064734889748, 31.75474245421897], [35.200712828658865, 31.754721855288594], [35.20077736277516, 31.75469918385928], [35.20083826100845, 31.754670643994523], [35.20089618084273, 31.754637888798236], [35.20071144898211, 31.754485673915546]]]]}}, {"type": "Feature", "properties": {"plan_name": "101-0757534", "pl_name": "הקמת בנין חדש ברח' שערי משה 4, ירושלים.", "dunam": 0.795, "source": "xplan_blueline"}, "geometry": {"type": "MultiPolygon", "coordinates": [[[[35.22110717942102, 31.786466369123314], [35.220939270837356, 31.786332280256847], [35.22089633449681, 31.786366755957996], [35.22088482751836, 31.786375234745062], [35.22081132273453, 31.786444601150393], [35.22079280189171, 31.786459058228687], [35.22095304311927, 31.78658153619325], [35.22104443732997, 31.78665072063731], [35.22112044193604, 31.786708253464106], [35.22125436382371, 31.78658390453652], [35.22110717942102, 31.786466369123314]]]]}}, {"type": "Feature", "properties": {"plan_name": "101-0759894", "pl_name": "אינפילים פסגת זאב - מתחם שער דוכיפת", "dunam": 131.025, "source": "xplan_blueline"}, "geometry": {"type": "MultiPolygon", "coordinates": [[[[35.24844369922501, 31.8287930993858], [35.24854459696403, 31.829084502817537], [35.24843201124657, 31.82913352223601], [35.24845074040918, 31.8291707236081], [35.248467623993264, 31.829205245366737], [35.24848413165702, 31.829240007141014], [35.24850013439968, 31.829274734818302], [35.24851574852917, 31.829309668246275], [35.248530948673015, 31.829344764145805], [35.24854584904067, 31.829380291223924], [35.24855401125818, 31.829400428141412], [35.24856141391708, 31.829418195303028], [35.248572296543685, 31.829445809279836], [35.24858479702189, 31.82948138949256], [35.248595824895844, 31.829516737542406], [35.2486052912871, 31.829551546837237], [35.24861336731861, 31.829585820925246], [35.24862016310364, 31.82962010086864], [35.24862532880447, 31.829651762453242], [35.24862940823746, 31.82968263260526], [35.24863286207008, 31.829717379055648], [35.24863509569117, 31.829753989118455], [35.248636868351674, 31.82982516662543], [35.24863718617982, 31.829844831899546], [35.24863627956673, 31.829879642993724], [35.24863384450826, 31.829912344328534], [35.248630198911684, 31.829945058709736], [35.248624619091665, 31.829979781244848], [35.248618102075405, 31.83001179499716], [35.248610912656595, 31.830042596918236], [35.24860188864093, 31.830076113995556], [35.24859164981707, 31.830109564758438], [35.248579951439346, 31.8301436256668], [35.24856383447765, 31.830184385124493], [35.248544685921914, 31.830225286318154], [35.24853010353141, 31.830254451265816], [35.24851222928775, 31.830287343729715], [35.24849315482942, 31.830319778475584], [35.24847289070502, 31.830351726640508], [35.24845152558144, 31.830383054721857], [35.24842897079095, 31.83041389802485], [35.24840531077029, 31.830444112226214], [35.24838063209901, 31.83047361613044], [35.24836454857511, 31.830491636717912], [35.248209199732926, 31.83068114751087], [35.24767710039812, 31.831234792100627], [35.24765394242262, 31.831259800605096], [35.247626927373545, 31.83129078776831], [35.247601000627796, 31.831322409446738], [35.24757614106762, 31.83135468368491], [35.2475523993709, 31.831387552748858], [35.24752977976121, 31.831421011226812], [35.24750828435282, 31.83145506092231], [35.24748800181267, 31.831489559316154], [35.24747130265019, 31.831520144339827], [35.247455353651794, 31.83155110607359], [35.247438346328956, 31.831586914616082], [35.247422577198776, 31.83162310331099], [35.24740805470653, 31.831659657726597], [35.24739644149334, 31.831691938270257], [35.24739025154074, 31.831710590277186], [35.247339053659516, 31.831944957993088], [35.247333993740774, 31.832104539112436], [35.247336755198624, 31.83229649340343], [35.24733681418611, 31.83242385028243], [35.24733654673721, 31.832530627433712], [35.24733733618968, 31.832638594646323], [35.247336248261796, 31.83270726059782], [35.24731293236053, 31.832907827160575], [35.24730277604601, 31.832966025884577], [35.247387365487164, 31.83297232999594], [35.24738367441202, 31.833008408179204], [35.247382615366, 31.833025386449105], [35.24738482781398, 31.833042283350196], [35.2473902545029, 31.833058642574056], [35.24739874628331, 31.833074022272427], [35.24741007584668, 31.833088005874682], [35.247423934562555, 31.83310021561628], [35.24743995044103, 31.8331103224532], [35.247457689192146, 31.83311805237442], [35.24747667113207, 31.833123196316333], [35.247496383862675, 31.833125616471534], [35.247516294947786, 31.833125246284567], [35.247570781477194, 31.83312682494885], [35.24762522494387, 31.83312440036687], [35.24767922393395, 31.83311799071196], [35.247855685842836, 31.83309039396922], [35.24789409324289, 31.83308678072295], [35.24793273266522, 31.83308687211645], [35.247996958688205, 31.833088257879382], [35.24806044961657, 31.833096642087828], [35.24812216383296, 31.83311188802225], [35.24818108818679, 31.833133746226167], [35.24823625489564, 31.833161856303622], [35.24829363142097, 31.83308932912734], [35.2484062919294, 31.832858256762623], [35.24868367413685, 31.833023533252916], [35.24876106364215, 31.83306964407116], [35.248645320592495, 31.83319740741378], [35.24862461266983, 31.83321036403832], [35.248601726146276, 31.83322029486443], [35.24857726091087, 31.833226940856544], [35.248551859147305, 31.833230125933326], [35.248526189492914, 31.833229766893613], [35.248702274671906, 31.833421897150103], [35.248781063208135, 31.833507866686652], [35.24883301011724, 31.833460176748513], [35.24889007506796, 31.833416958992895], [35.24895173007352, 31.833378612208236], [35.24901740909996, 31.833345490105092], [35.249086505951375, 31.83331789770987], [35.24915838377562, 31.83329608865633], [35.24922873515901, 31.833280895046403], [35.24930041598902, 31.833271243594826], [35.24937282947545, 31.83326721567542], [35.24944383753421, 31.83326875162133], [35.24951440033168, 31.833275695979008], [35.24958395587005, 31.83328799213334], [35.24965194635594, 31.833305541984572], [35.24973364002184, 31.833072667684878], [35.24982278577198, 31.832841794536794], [35.2499015508433, 31.832637804172137], [35.24994392029172, 31.83252441954918], [35.24994313537103, 31.83249635838629], [35.24994157613875, 31.832384417987246], [35.24994148496896, 31.832345052996892], [35.24994173587933, 31.832292427326976], [35.24994252864483, 31.83223324874184], [35.249944420864445, 31.832154310594515], [35.24994727013657, 31.832075388336474], [35.249949697144196, 31.83202283042439], [35.249952165422016, 31.83197687572081], [35.24995671653747, 31.831904581326004], [35.249961024857456, 31.831845529538274], [35.24996703376018, 31.83177333742843], [35.24997318324155, 31.83170778456447], [35.24998070910241, 31.831635741613237], [35.2499922784214, 31.831537529613435], [35.2500034950791, 31.831452567474102], [35.250014839626274, 31.83137423556615], [35.250026077555866, 31.831302528562915], [35.25003809721689, 31.83123094573043], [35.25005703040734, 31.83112687096233], [35.250069693495604, 31.831062060663303], [35.25008715964782, 31.830977837573407], [35.25010572232575, 31.830893789041667], [35.25012074112927, 31.830829313370817], [35.25013921706742, 31.830753706025156], [35.25017493856613, 31.83061814398881], [35.250199948600375, 31.83052919075111], [35.250218614201614, 31.830465696750487], [35.25024189390069, 31.830389577217417], [35.250254668107054, 31.830349136199377], [35.25027935915889, 31.830273346220377], [35.250302787932206, 31.83020409318114], [35.25031809130162, 31.83016015212847], [35.25032916932675, 31.83012891943494], [35.250372928731494, 31.830010045564016], [35.25040900863177, 31.82991681358411], [35.25046198182532, 31.829786759019367], [35.25049076455036, 31.829719103854348], [35.250523049136504, 31.829645507935822], [35.25056753474073, 31.829547707775443], [35.250587429352734, 31.82950523500843], [35.250625284272324, 31.829426366722686], [35.25065505702719, 31.829366055690727], [35.25070089826955, 31.829275927787915], [35.25076738957929, 31.82915054687554], [35.250829814030844, 31.82903804740028], [35.250880603667426, 31.828949867386537], [35.250907755272344, 31.828904035288307], [35.250918813902715, 31.828885368696422], [35.25099921326247, 31.828754154918503], [35.251424962372724, 31.828188856851554], [35.2514171132069, 31.82793302751501], [35.25140932207437, 31.82767907035351], [35.251390184964585, 31.827055401503657], [35.25087036177276, 31.826956217569165], [35.24982978295965, 31.82728842509189], [35.24989331130425, 31.827320545555008], [35.250118715570565, 31.827557055476618], [35.25026666344182, 31.827692277309854], [35.25035634110287, 31.82790192133205], [35.25039933732661, 31.82803539163881], [35.24952447658915, 31.828398400942575], [35.24901196114573, 31.828583484717736], [35.24844369922501, 31.8287930993858]]]]}}, {"type": "Feature", "properties": {"plan_name": "101-0764878", "pl_name": "התחדשות עירונית, רחוב ברזיל 14 ירושלים", "dunam": 2.203, "source": "xplan_blueline"}, "geometry": {"type": "MultiPolygon", "coordinates": [[[[35.17230968826315, 31.76625806825631], [35.172240842752146, 31.766256773896032], [35.17220894914554, 31.76639663623779], [35.17214637561101, 31.766517950727096], [35.17222608080965, 31.766526808929108], [35.172809665618644, 31.766591660306492], [35.1729408487486, 31.766374474921413], [35.17298570230795, 31.766270768660995], [35.17230968826315, 31.76625806825631]]]]}}, {"type": "Feature", "properties": {"plan_name": "101-0766501", "pl_name": "הקמת מבנה מגורים להשכרה ברח' שדרות הרצל 80, בית הכרם", "dunam": 0.975, "source": "xplan_blueline"}, "geometry": {"type": "MultiPolygon", "coordinates": [[[[35.190030525236544, 31.78284260708414], [35.189948223395504, 31.78282410284014], [35.18989320168917, 31.782800724496273], [35.18980359955788, 31.782759554274367], [35.189753058514746, 31.78273715758491], [35.189726828918076, 31.78272201266855], [35.18970637401501, 31.782749805035298], [35.189495667549615, 31.783037263856063], [35.1893762166814, 31.783215320024013], [35.18940717944118, 31.783224033642565], [35.189563597659, 31.782992459328838], [35.18982063720788, 31.78312709767223], [35.18986322820333, 31.783069649891363], [35.19000116708537, 31.78286281040893], [35.19002063532142, 31.78286558847049], [35.190030525236544, 31.78284260708414]]]]}}, {"type": "Feature", "properties": {"plan_name": "101-0771600", "pl_name": "מתחם דרך חברון 148, 150, 160 ודרך בית לחם 127, 131, 133, 135, 137", "dunam": 19.96, "source": "xplan_blueline"}, "geometry": {"type": "MultiPolygon", "coordinates": [[[[35.216097071074344, 31.74492090583895], [35.21605993589226, 31.744908920109854], [35.216030857040735, 31.74489495678756], [35.216009651585786, 31.744901500713986], [35.215996882299734, 31.744905441141107], [35.2159793409256, 31.74491116404873], [35.21597656693588, 31.74490698875513], [35.215963683279284, 31.74489083786852], [35.21594788182649, 31.744876706478205], [35.215929585821584, 31.744864975123747], [35.215909290263916, 31.74485596030711], [35.215887542910465, 31.744849904574423], [35.21586492844531, 31.74484697291011], [35.2158420568697, 31.744847241915668], [35.21581954556209, 31.744850706124506], [35.21579800133668, 31.744857271690435], [35.215635258728696, 31.744920168268578], [35.215616763461966, 31.74492731793059], [35.215487037125165, 31.74497926840643], [35.21540747586177, 31.745013175699277], [35.215341099680295, 31.745043110080015], [35.21530262307246, 31.745066084297648], [35.21526934469418, 31.745094372636647], [35.21524225648059, 31.745127129987026], [35.21522216461304, 31.7451633804869], [35.21520966946982, 31.74520204367733], [35.21520514241125, 31.745241967871895], [35.21520871839473, 31.745281962623583], [35.215234046162564, 31.745383502888547], [35.21523538659055, 31.745384548915432], [35.215247060582364, 31.745435435467794], [35.21525441046277, 31.745456545245617], [35.21534142675409, 31.74568746620674], [35.2154311201889, 31.74592096073538], [35.215517209390434, 31.74615823784788], [35.21559064960829, 31.746362531905902], [35.215629554132924, 31.746462000242385], [35.215741391299595, 31.746734307999677], [35.21688346358638, 31.746333768999556], [35.2169104375645, 31.74632430959711], [35.216893082798364, 31.746290930389236], [35.216827215163015, 31.74622836318411], [35.216743065212604, 31.746076415798882], [35.21669280498853, 31.745984995161063], [35.216690420915405, 31.745945094132356], [35.2166042769107, 31.7457778659681], [35.216595989991475, 31.745760224857545], [35.21618884756143, 31.74501047590665], [35.21617673884375, 31.74498883814025], [35.21616126903406, 31.744968825809515], [35.216142732625144, 31.74495081585758], [35.21612147898297, 31.74493515095239], [35.216100271396705, 31.744924794303763], [35.216097071074344, 31.74492090583895]]]]}}, {"type": "Feature", "properties": {"plan_name": "101-0773622", "pl_name": "תוספת בינוי לבניין מגורים ברחוב ירמיהו 36 ירושלים", "dunam": 1.043, "source": "xplan_blueline"}, "geometry": {"type": "MultiPolygon", "coordinates": [[[[35.2080318427884, 31.792458841837277], [35.2077063598977, 31.79235522222845], [35.207699710414495, 31.792369969274603], [35.20760009943246, 31.792608147528636], [35.20770165972217, 31.79266898298257], [35.20788893833247, 31.7927430730561], [35.2080318427884, 31.792458841837277]]]]}}, {"type": "Feature", "properties": {"plan_name": "101-0778035", "pl_name": "פינוי בינוי מתחם נהוראי 5-11 ו-18-28", "dunam": 8.892, "source": "xplan_blueline"}, "geometry": {"type": "MultiPolygon", "coordinates": [[[[35.20792766556499, 31.754427697777725], [35.208169386262796, 31.754244683127094], [35.208324073406985, 31.75446991228586], [35.208330298812236, 31.754476737251835], [35.20846031900604, 31.754619291313254], [35.20848810226901, 31.754649751118052], [35.20860088176877, 31.754765854490245], [35.208625580812736, 31.7547911053132], [35.208737561908876, 31.754709574797854], [35.20889428200614, 31.75458854181968], [35.20890572492423, 31.7545799793027], [35.208980795105425, 31.754523046782], [35.209037068134414, 31.754480474072388], [35.209040469006446, 31.754483922601214], [35.20907002087653, 31.75446263798784], [35.20906738205336, 31.754459301260436], [35.20907730298384, 31.75445113920279], [35.20917556275886, 31.754378852709042], [35.20923276649968, 31.754335742377677], [35.20923940328168, 31.754296208870326], [35.20923972993896, 31.754285960297196], [35.20917667798091, 31.75422779552078], [35.20900726071788, 31.754075119511914], [35.208808123135604, 31.753894110158836], [35.2086337293401, 31.75373651696156], [35.208623632456614, 31.75372746999364], [35.20855636987389, 31.753666388479903], [35.20854513943197, 31.753656957357], [35.20849744792994, 31.753613587397783], [35.20836012334872, 31.753719937272564], [35.20824684300317, 31.7538065232488], [35.20817264258095, 31.753861859052734], [35.20813256299009, 31.753868423863903], [35.20794794150642, 31.754001020153588], [35.20776460284471, 31.75413117033665], [35.20788295789226, 31.75436022661906], [35.20792766556499, 31.754427697777725]]]]}}, {"type": "Feature", "properties": {"plan_name": "101-0778944", "pl_name": "החבצלת 6, מבנה בונה קהילה בעל יח\"ד קטנות להשכרה ומסחר", "dunam": 0.524, "source": "xplan_blueline"}, "geometry": {"type": "MultiPolygon", "coordinates": [[[[35.220614374797805, 31.782428275698397], [35.220788078168525, 31.782584812943202], [35.220792513765446, 31.782586283273446], [35.22079716568839, 31.782587134913115], [35.22080191779747, 31.78258734623297], [35.22080664762104, 31.782586911837754], [35.220811237969166, 31.78258584256467], [35.22081557165483, 31.782584165484096], [35.22081953994, 31.782581922996552], [35.220936386066064, 31.78241993731265], [35.220746945935645, 31.782290803811087], [35.220614374797805, 31.782428275698397]]]]}}, {"type": "Feature", "properties": {"plan_name": "101-0779645", "pl_name": "מתחם פזגז", "dunam": 2.665, "source": "xplan_blueline"}, "geometry": {"type": "MultiPolygon", "coordinates": [[[[35.2165347755725, 31.780042173221133], [35.21648579176102, 31.77983903282672], [35.216395053670965, 31.779834461870845], [35.216278116539954, 31.77976737228109], [35.216257209059535, 31.779755377945307], [35.21623275458318, 31.779696186996173], [35.21624873812796, 31.77967583637028], [35.21623445077512, 31.77958548045928], [35.2162196516646, 31.77950538573869], [35.216027208358604, 31.779490492444577], [35.216028766531196, 31.779472778343077], [35.21599717831509, 31.779470400368126], [35.21596291517519, 31.77979261319874], [35.21591653986763, 31.779788977577986], [35.21591654198048, 31.77978898839988], [35.21591284893167, 31.779788691126857], [35.21588284845571, 31.779786291335743], [35.21583976504216, 31.779783149598455], [35.21581914468295, 31.77997624098834], [35.21592894328141, 31.779979658074982], [35.21597285429482, 31.779981167374753], [35.21598399665407, 31.779980811034807], [35.215995082174096, 31.780015617473023], [35.21601654146511, 31.780049932361333], [35.21605136588624, 31.780128975522498], [35.216247131161595, 31.78008832770071], [35.2165347755725, 31.780042173221133]]]]}}, {"type": "Feature", "properties": {"plan_name": "101-0788638", "pl_name": "תוספת ושינוי יעוד למבנה בית גיורא ברח' טהון, ירושלים", "dunam": 3.54, "source": "xplan_blueline"}, "geometry": {"type": "MultiPolygon", "coordinates": [[[[35.175060384535655, 31.76186781784942], [35.17508498736868, 31.761679643069797], [35.17511838069314, 31.761424248695377], [35.175121341220574, 31.761401605890928], [35.17512820819727, 31.761349093125617], [35.1751163717637, 31.761347844059664], [35.17503860277323, 31.761341038898394], [35.17496050325151, 31.761338071858926], [35.174855403502605, 31.761333595144055], [35.17475017474708, 31.761333187430022], [35.174645032300745, 31.761336850570427], [35.17454019148281, 31.761344575597434], [35.174533279544335, 31.761345392852117], [35.17451841442793, 31.76135179876979], [35.17450496837359, 31.761360189074033], [35.17449330244802, 31.76137033838915], [35.1744837270673, 31.761381975333574], [35.174476499883106, 31.761394790635958], [35.174471811004246, 31.76140843983713], [35.17446978932431, 31.761422560426624], [35.17447048563254, 31.761436772740357], [35.174519763055486, 31.76177696864249], [35.17452504300969, 31.76178975170585], [35.17453262961342, 31.76180165691399], [35.17454233085478, 31.761812383005847], [35.17455389982356, 31.761821658468303], [35.17456704526415, 31.761829249655232], [35.174581432630674, 31.761834961689743], [35.174596699915696, 31.7618386528974], [35.17461245765263, 31.761840227591467], [35.17466362670993, 31.76183889579091], [35.17474353477345, 31.761835298013445], [35.174823543722525, 31.761836407831563], [35.17490327251905, 31.76184221974584], [35.17498234435411, 31.7618527057127], [35.175060384535655, 31.76186781784942]]]]}}, {"type": "Feature", "properties": {"plan_name": "101-0790360", "pl_name": "מסחר מלונאות ומגורים - דרך חברון", "dunam": 1.659, "source": "xplan_blueline"}, "geometry": {"type": "MultiPolygon", "coordinates": [[[[35.21816674419874, 31.747427317314145], [35.217926787268034, 31.746956399341116], [35.217808677652506, 31.74707146027287], [35.21780005431402, 31.74707986277394], [35.21778267086406, 31.747099659210118], [35.21776901107453, 31.747121483503182], [35.21775939254326, 31.747144827881968], [35.21775403893542, 31.747169151216614], [35.21775307365223, 31.747193887135705], [35.2177565208883, 31.747218461161232], [35.217764300355995, 31.74724230153128], [35.21787343896802, 31.747443639645347], [35.21787345585885, 31.747443672109988], [35.217918122321436, 31.747607171948903], [35.21793638567404, 31.747642901122664], [35.21820548844929, 31.74750622459229], [35.21816674419874, 31.747427317314145]]]]}}, {"type": "Feature", "properties": {"plan_name": "101-0791319", "pl_name": "התחדשות עירונית רחוב אשר 2, 4 ו-6, ירושלים", "dunam": 2.95, "source": "xplan_blueline"}, "geometry": {"type": "MultiPolygon", "coordinates": [[[[35.21640062959352, 31.758650373841853], [35.21628507884071, 31.758387242882034], [35.215390301318, 31.758642853594772], [35.21543384381758, 31.758861261973564], [35.21544416612846, 31.758927239971605], [35.215436959321316, 31.75892920300939], [35.215451836427704, 31.75893517192351], [35.21565684947788, 31.75887218179636], [35.21640062959352, 31.758650373841853]]]]}}, {"type": "Feature", "properties": {"plan_name": "101-0793612", "pl_name": "מבנה חדש למגורים מסחר ותעסוקה , רחוב ההגנה 19 ירושלים", "dunam": 2.648, "source": "xplan_blueline"}, "geometry": {"type": "MultiPolygon", "coordinates": [[[[35.23872262586391, 31.803180840856502], [35.238747071804184, 31.803070220284443], [35.23877395229111, 31.802929576877236], [35.23859997110336, 31.802898171274627], [35.23860972483045, 31.802830503782953], [35.238592377439296, 31.802809648943686], [35.238548645748615, 31.802803483100952], [35.23855102720241, 31.802789540053467], [35.23853297221543, 31.80276844189975], [35.23851212548923, 31.802765516518356], [35.238487958764644, 31.802780105708106], [35.23848532439563, 31.802795509798987], [35.238301020084904, 31.80277012721941], [35.238237003421716, 31.80276078498974], [35.23812998175095, 31.802745496596682], [35.23811861232322, 31.802761779581523], [35.23801017496177, 31.802861308007163], [35.23800315590413, 31.802885334812807], [35.23799973171273, 31.802909925219033], [35.23799995610532, 31.80293468781443], [35.23800915377714, 31.80295746760459], [35.238016077289004, 31.80297284841809], [35.238025401831486, 31.802987275354415], [35.23803694884049, 31.803000476105307], [35.23805050385615, 31.803012203623425], [35.238093869008104, 31.80304699225288], [35.23814099434426, 31.80307801018953], [35.238168209101865, 31.80309311235519], [35.238243386756935, 31.803139417969465], [35.23823501534038, 31.803106499520073], [35.23826465511748, 31.80312265977734], [35.238339190496596, 31.80315662115427], [35.23839703267663, 31.803176823105066], [35.238457012454376, 31.803191807327558], [35.238518484535945, 31.80320141256288], [35.23871240520891, 31.803225080545115], [35.23872262586391, 31.803180840856502]]]]}}, {"type": "Feature", "properties": {"plan_name": "101-0797167", "pl_name": "יפו 202 - התחדשות עירונית", "dunam": 1.897, "source": "xplan_blueline"}, "geometry": {"type": "MultiPolygon", "coordinates": [[[[35.20833102266403, 31.787264962830594], [35.208126731753225, 31.78732712380254], [35.207837698450675, 31.787483226013546], [35.20785668535027, 31.787505654251913], [35.20798281510864, 31.787654681571055], [35.20815177217433, 31.78785316078397], [35.208171164682895, 31.787875942483286], [35.20822514226507, 31.78784559576239], [35.208241619162166, 31.78783214161892], [35.208277076122314, 31.78782521621367], [35.20828139412291, 31.78776566219306], [35.2082814046757, 31.787765528720467], [35.208284344384396, 31.78772120861834], [35.20828699708357, 31.787681206533343], [35.20828900175553, 31.787647387481275], [35.208305948339856, 31.787406242220825], [35.208329112452354, 31.787384319583254], [35.20833428260969, 31.78730351457729], [35.20833597076702, 31.787275828042954], [35.20833576795971, 31.787273782676582], [35.20833528113443, 31.787271773392632], [35.20833451768321, 31.787269827246025], [35.20833300878683, 31.787267269675176], [35.20833102266403, 31.787264962830594]]]]}}, {"type": "Feature", "properties": {"plan_name": "101-0808840", "pl_name": "שכונת מגורים - אמת המים התחתונה", "dunam": 188.522, "source": "xplan_blueline"}, "geometry": {"type": "MultiPolygon", "coordinates": [[[[35.22149638416926, 31.73280508912377], [35.22149493386886, 31.732779772655196], [35.22148983561612, 31.73269090348146], [35.22153575805695, 31.732647992814417], [35.221575874972714, 31.732601022796302], [35.22160970001946, 31.732550565269573], [35.22163682283904, 31.732497231747363], [35.22165691222437, 31.732441671609024], [35.22166972455799, 31.73238455947288], [35.221677555575866, 31.732335016315876], [35.22168134109122, 31.732275100656285], [35.22170223112294, 31.732224226400312], [35.22171288755847, 31.73220653250555], [35.22172637539129, 31.732190311843556], [35.22174242243764, 31.73217589182115], [35.22176070163714, 31.732163565582475], [35.22178680843242, 31.732145918273424], [35.22180966144128, 31.732125236686745], [35.22182878273504, 31.732101951972762], [35.22184377248268, 31.73207655298934], [35.22184916183982, 31.732067485976767], [35.22185608034115, 31.732059212380218], [35.22186437185072, 31.7320519189033], [35.221873849627556, 31.732045769707646], [35.22188429843565, 31.732040904608933], [35.22208507709289, 31.73196353622961], [35.22202732722134, 31.731860634404693], [35.22199709044106, 31.731788871355352], [35.22212312052479, 31.731714676904133], [35.22225131751228, 31.73166099905818], [35.222339838970434, 31.7316085892662], [35.22234750326365, 31.731604960954705], [35.22252464132975, 31.731567662497167], [35.22257957547349, 31.73155304473285], [35.22263205305851, 31.7315328854426], [35.22268131227905, 31.731507477839266], [35.222766052004985, 31.731457582644396], [35.222713247393486, 31.731392072818455], [35.22270553223132, 31.731383702977464], [35.22263668688035, 31.731298297056114], [35.22257682146015, 31.73122402943795], [35.22249273810429, 31.731273540228422], [35.22247776949613, 31.731281260367393], [35.22246182346138, 31.73128738617654], [35.22244513107183, 31.73129182743789], [35.22173781024209, 31.731440757650443], [35.22168512569932, 31.731455258408516], [35.221635324032746, 31.731475899435488], [35.2215893791112, 31.731502278379143], [35.22154818986627, 31.731533878363827], [35.22151256341181, 31.731570080618045], [35.22148319499786, 31.731610178004498], [35.221460660625716, 31.73165338494093], [35.22144540122314, 31.73169885724253], [35.22143771420405, 31.73174570384645], [35.22143631328752, 31.7317536195508], [35.22143344030622, 31.73176123964609], [35.22142917014304, 31.731768365715677], [35.22142361461539, 31.73177481196383], [35.221416918255315, 31.731780409725605], [35.221412637826624, 31.731783345811774], [35.22140783706079, 31.731785620912987], [35.2214026552327, 31.731787168273875], [35.221397242173644, 31.731787944585648], [35.221391754049606, 31.731787925477594], [35.22138634808676, 31.73178711363425], [35.22138118045951, 31.731785530679144], [35.22137640101559, 31.731783223488378], [35.2213721479991, 31.731780258780343], [35.22135945143491, 31.731755248629415], [35.22131490601254, 31.73165682149031], [35.22130438603086, 31.731624170590692], [35.221247067398785, 31.731484353919456], [35.2211836903286, 31.731346460757518], [35.22111434245906, 31.731210682276153], [35.22103912092357, 31.731077207841093], [35.22095812918403, 31.730946223209283], [35.220859594747, 31.730980316813987], [35.220731630495834, 31.73102459057131], [35.2206329903795, 31.731058720087905], [35.22071365822199, 31.73118601640834], [35.22078839230484, 31.731315932404865], [35.2208570754463, 31.731448265187268], [35.22091960101393, 31.731582809157665], [35.22097587186947, 31.731719355109025], [35.22101157745353, 31.731811562574364], [35.221069997756054, 31.731940647213275], [35.22109140127408, 31.73198016878309], [35.22111856998253, 31.73201701200652], [35.221151053202014, 31.732050565486503], [35.221188311623195, 31.732080273752068], [35.22122972785976, 31.732105643570012], [35.22127461594728, 31.73212625386448], [35.22132223084164, 31.7321417638324], [35.221331423345276, 31.73214494432857], [35.22133985422215, 31.732149406450816], [35.22134728180628, 31.732155022169156], [35.22135349186105, 31.73216163098343], [35.22137669115621, 31.732187616434217], [35.22140319915863, 31.732211177272497], [35.221405005988224, 31.732212876112055], [35.22140645092419, 31.732214811283953], [35.22140749174803, 31.732216927781224], [35.22140809890267, 31.732219164282142], [35.22140825549284, 31.73222145585596], [35.22141023842263, 31.73223403546309], [35.22141071031162, 31.732246721690057], [35.22139693956386, 31.732291505673004], [35.22138738195723, 31.73235195779177], [35.221377340617146, 31.732392692880442], [35.22136044219106, 31.732431737015723], [35.221334929037496, 31.732471014069574], [35.22130249084028, 31.732506362687882], [35.22126393889443, 31.732536898947433], [35.221220235416524, 31.732561858850623], [35.22117247455467, 31.73258061907155], [35.221121850733645, 31.7325927095862], [35.22106963016606, 31.73259782900831], [35.22101711814006, 31.73259584820142], [35.22072516664773, 31.73256493637078], [35.22019328120781, 31.732498311841997], [35.220129823745204, 31.732491347515527], [35.22006584619, 31.732491345484604], [35.22000238791252, 31.732498305621043], [35.219940484043995, 31.732512115970167], [35.219881141207345, 31.732532550949845], [35.21982532696718, 31.732559276762814], [35.21977394767243, 31.732591860417337], [35.21972784212575, 31.73262976972761], [35.21968775942685, 31.732672387745577], [35.219654352642635, 31.73271902177975], [35.21962816614562, 31.732768910610783], [35.21960962611967, 31.732821244333074], [35.21960242262186, 31.73288863123921], [35.21960243790662, 31.73295629865871], [35.21960967084242, 31.733023683838848], [35.219624063315635, 31.733090224032562], [35.21964616218893, 31.733138098666068], [35.219674739717355, 31.733183399547322], [35.21970939270867, 31.73322549001621], [35.219749633557235, 31.733263776711013], [35.219794897631886, 31.733297720390038], [35.219618995867, 31.73328189067154], [35.219453454932044, 31.733334967844748], [35.21907299873582, 31.73330836628566], [35.219017838606575, 31.733352141092276], [35.21876888936802, 31.733549710098792], [35.21871280430729, 31.733564326345935], [35.21855836687042, 31.73359909901422], [35.21828388188049, 31.733643115957204], [35.21797009633487, 31.733792145810796], [35.21771263967682, 31.733982890270962], [35.217451391904916, 31.734221107837225], [35.21740933551298, 31.73433347329943], [35.21701851256377, 31.73464252340741], [35.216773738171455, 31.73488442287374], [35.216558872238885, 31.735077406422302], [35.21652992956006, 31.73506509175562], [35.21649853569786, 31.73505382075263], [35.21646542976507, 31.73504701134232], [35.21643147391283, 31.73504484110575], [35.216397550325524, 31.73504736587363], [35.21636454433746, 31.735054519727882], [35.2163357629073, 31.73506501632491], [35.21630911351115, 31.735079035331076], [35.21628518282215, 31.735096267359243], [35.216264496301875, 31.735116334487987], [35.21617532168653, 31.735214036269834], [35.21607151178395, 31.735320859711496], [35.21596371244877, 31.73542475783736], [35.21585203552027, 31.735525619700145], [35.21577881959255, 31.735588329896363], [35.21571487176767, 31.73564198287725], [35.21560157063552, 31.735737042177416], [35.21555248310063, 31.73577694510737], [35.21550194333796, 31.73581550078539], [35.215177042660194, 31.736055578770117], [35.212929892325334, 31.737949824473304], [35.213047385769514, 31.738099420292407], [35.213459374687055, 31.738624446776832], [35.213874114127215, 31.73914961236892], [35.21382376268418, 31.739238581474794], [35.21381052093404, 31.739259615321888], [35.21376253446646, 31.739329526404774], [35.21370996666234, 31.739396988388965], [35.213652988451436, 31.73946178300956], [35.21359178554006, 31.739523699215226], [35.21357369617172, 31.73953900936692], [35.21355358044055, 31.739552346421622], [35.213217515724104, 31.73974860295949], [35.21315681077779, 31.73978059024002], [35.21309286345238, 31.73980757246495], [35.21302637339084, 31.739829271813285], [35.21300708517027, 31.739834455130534], [35.21299675082798, 31.73983631724091], [35.21298619790089, 31.73983668590736], [35.212975719760806, 31.739835550287847], [35.21314677111741, 31.740132385020544], [35.21314831811218, 31.74013159670027], [35.2131734227017, 31.74012117323263], [35.213179553707725, 31.7401181777773], [35.213185162276645, 31.74011451048212], [35.21319014710575, 31.74011023538527], [35.21319441955714, 31.74010542914992], [35.2132055074445, 31.74009281245205], [35.213218320861806, 31.74008145190571], [35.213232666705565, 31.740071518874608], [35.21346455270847, 31.739930186816952], [35.21352750886696, 31.739890232316895], [35.21358861800093, 31.739848236138425], [35.21363362273661, 31.73981152772507], [35.213765446372754, 31.739688930085734], [35.21382894137477, 31.739627009119125], [35.213888728778095, 31.739562447790245], [35.21394465875068, 31.73949540934967], [35.21399658990474, 31.739426062458428], [35.214008391890886, 31.73941205588991], [35.214022649720505, 31.739399830281485], [35.21403900040557, 31.73938969679694], [35.21405702713361, 31.73938191519894], [35.2140762740402, 31.7393766803203], [35.214096248319976, 31.73937412747507], [35.2141164444971, 31.739374321634493], [35.21413634759071, 31.73937725652491], [35.214199472760086, 31.739255110984796], [35.214214223466925, 31.739263866777975], [35.2142302751507, 31.739270751137195], [35.21424730487744, 31.73927562610442], [35.21429909088993, 31.739283446505624], [35.21435166763821, 31.73928435597337], [35.21440378142389, 31.73927833205916], [35.214454187009245, 31.73926551915748], [35.214501680331985, 31.73924622309187], [35.21454512910903, 31.739220903897678], [35.2146017893423, 31.73917926832249], [35.214654967772674, 31.739134403489874], [35.21470441432015, 31.739086523161994], [35.2149582971181, 31.73882294307047], [35.215721173872225, 31.737981905396392], [35.2156902497318, 31.73773577070407], [35.215867767835064, 31.737566350114477], [35.21628460333156, 31.73718268243591], [35.216936036984315, 31.7366428158336], [35.21713101129106, 31.736536896192973], [35.21736928314263, 31.7363457653417], [35.21759492877189, 31.73622769758494], [35.21769141778501, 31.73614402680179], [35.217865426785465, 31.735952454390876], [35.21800060968534, 31.735828699382054], [35.218046383740926, 31.735810179561415], [35.21819903765773, 31.735748417238415], [35.218268072682, 31.735639161780025], [35.218325805142236, 31.735454769223765], [35.218496210937325, 31.735192825190758], [35.21883149888244, 31.73491516117091], [35.21949295787873, 31.73472382430285], [35.22002715944207, 31.734811199341532], [35.22019219298189, 31.734876092133753], [35.22035722886251, 31.734940986514957], [35.220590260106896, 31.7350399582687], [35.22073774452962, 31.735055796604968], [35.22088585280775, 31.73506656991595], [35.22103434748496, 31.735072261997228], [35.221182990050664, 31.735072863860484], [35.22133154094039, 31.735068374635194], [35.22147976270149, 31.73505880066648], [35.221544910972916, 31.735057413886867], [35.22191039525303, 31.734839838596038], [35.22176189062743, 31.73430441778814], [35.22172245906531, 31.73420459768147], [35.221678452452, 31.734015776672653], [35.22165068292792, 31.73400392475337], [35.22153782564524, 31.733955756095874], [35.22152909610109, 31.733952030837457], [35.22119648114598, 31.733810070270945], [35.22061321970348, 31.73358552636965], [35.22059346760962, 31.733528767509974], [35.22056709330223, 31.733474009785503], [35.22053436808117, 31.73342181500868], [35.2205110783845, 31.733404345566328], [35.22000554862735, 31.733091409760014], [35.21998400647912, 31.733073481867645], [35.21996639560059, 31.733052654051242], [35.21995323948316, 31.733029546719568], [35.219944930781125, 31.73300484973935], [35.21994171864561, 31.7329792989886], [35.21994369711443, 31.73295365741921], [35.21995080827411, 31.732928688902856], [35.219962840146614, 31.732905138390638], [35.21997943301737, 31.73288370846438], [35.22000009209456, 31.732865036789153], [35.220024202280065, 31.732849682583982], [35.22005104399376, 31.732838102270218], [35.22007981638668, 31.7328306413524], [35.220109661608696, 31.732827522691444], [35.220139690131795, 31.73282883838505], [35.22095877502635, 31.732925840006022], [35.221029787922845, 31.73293121658278], [35.221101076216016, 31.732930587681405], [35.22117194450476, 31.732923959705982], [35.221241703730264, 31.73291139858318], [35.22130967645195, 31.732893024350556], [35.22137520106975, 31.732869016566728], [35.22143763921053, 31.73283960980124], [35.22149638416926, 31.73280508912377]]]]}}, {"type": "Feature", "properties": {"plan_name": "101-0809053", "pl_name": "תוספת קומות ושטחי בניה, רחוב יפו 184", "dunam": 0.669, "source": "xplan_blueline"}, "geometry": {"type": "MultiPolygon", "coordinates": [[[[35.20943287722989, 31.78727353465235], [35.20934277217047, 31.787112844769464], [35.2090277502085, 31.787207805957696], [35.20907501543469, 31.787370398725734], [35.20943818043244, 31.787288254271132], [35.20943287722989, 31.78727353465235]]]]}}, {"type": "Feature", "properties": {"plan_name": "101-0817742", "pl_name": "פינוי בינוי מתחם המחתרות, ארמון הנציב ירושלים", "dunam": 13.157, "source": "xplan_blueline"}, "geometry": {"type": "MultiPolygon", "coordinates": [[[[35.239249978656346, 31.745940477852514], [35.23941838990769, 31.74587396563768], [35.23942163769704, 31.745810655183025], [35.239373069432915, 31.74575340133246], [35.239301691592786, 31.745659358413832], [35.23926927260593, 31.745607691538723], [35.23923738160574, 31.745556745987045], [35.23920400021028, 31.745471260145514], [35.239170084251256, 31.745367196419153], [35.23914715075725, 31.74528098623084], [35.23912968764875, 31.745147878569064], [35.23912512220808, 31.745074469572955], [35.23912468168122, 31.745025228916727], [35.2391313077173, 31.744964442707875], [35.23910121235935, 31.744916833456397], [35.23903629636132, 31.744885286525992], [35.238668905918004, 31.74482568372032], [35.23842542187212, 31.74478687944951], [35.23837972071194, 31.744774806917512], [35.238277768753925, 31.74476121620641], [35.23817613585477, 31.744754298987754], [35.23808991417531, 31.744755854962513], [35.23801442231878, 31.74476050678949], [35.23797398679661, 31.74476422043407], [35.23791246499994, 31.744772851068042], [35.237855002352745, 31.744782250782393], [35.237772796837, 31.744800128895893], [35.23769238703522, 31.74482260590027], [35.237596046196565, 31.744858614693612], [35.23754370882396, 31.744881445022152], [35.237503612241284, 31.744900664765], [35.237413924907635, 31.744950560115136], [35.237335213452134, 31.745001264225014], [35.237356433683985, 31.745022722664054], [35.23767558545126, 31.745057541107023], [35.23769248136768, 31.745086125200856], [35.23777052187399, 31.74522471846236], [35.2377761174348, 31.7452307593623], [35.237790676297884, 31.745257800094905], [35.23791520378545, 31.745203757650298], [35.23795290484881, 31.74527255855026], [35.23805095634672, 31.74529679232976], [35.23812895517526, 31.745318506177988], [35.23816547534622, 31.745331663447995], [35.23818986863739, 31.7453716087422], [35.23822492740749, 31.745428956820778], [35.2382216586468, 31.745436803746216], [35.23820656992429, 31.745444834178766], [35.238245750807295, 31.745519135855048], [35.23825709802488, 31.745669831246644], [35.23834247826637, 31.74567377664127], [35.23846859833637, 31.745685466959713], [35.23853973528182, 31.745700508732728], [35.23853794454227, 31.745709708038163], [35.238617097020466, 31.745733416159315], [35.23886692733898, 31.74582612886696], [35.23886694422815, 31.74582613788083], [35.23914728768475, 31.745929954317372], [35.239156248749474, 31.745904429641815], [35.239249978656346, 31.745940477852514]]]]}}, {"type": "Feature", "properties": {"plan_name": "101-0826685", "pl_name": "מתחם הפארק, התחדשות עירונית ברחוב שטרן , ירושלים", "dunam": 22.022, "source": "xplan_blueline"}, "geometry": {"type": "MultiPolygon", "coordinates": [[[[35.17697346191052, 31.756475128040538], [35.17684180050936, 31.756261993882063], [35.176779450807764, 31.756163228455346], [35.1766730004122, 31.75600321819402], [35.17660687406803, 31.75582833620678], [35.176590527909575, 31.75578233858765], [35.176556366715154, 31.75566112326829], [35.176537074783205, 31.755583380080488], [35.17652559581946, 31.755497521998834], [35.17652180624289, 31.755463702010594], [35.176516444994924, 31.755391372928106], [35.17651269498018, 31.755225522944265], [35.176516087208825, 31.755176373171878], [35.17652308131764, 31.755082853446478], [35.176554165761935, 31.75490348340209], [35.176655472339114, 31.754610586437835], [35.17675338559186, 31.754368913406676], [35.17676864967709, 31.754148415751605], [35.1767534818244, 31.754044880720183], [35.17669936727547, 31.753857568503367], [35.17666501414394, 31.753758976806225], [35.176642276833235, 31.753641044866384], [35.17662985383172, 31.753535986292334], [35.17656619502646, 31.753529953501467], [35.176293676837425, 31.75350412441518], [35.17623058177403, 31.753497802990648], [35.1762146048411, 31.753496203195056], [35.17614425483946, 31.75348915504083], [35.176147944730175, 31.753412530636698], [35.176156977199874, 31.753336231177258], [35.17617132049, 31.753260527207708], [35.1761909217335, 31.753185689267973], [35.176228554878826, 31.753059764009443], [35.17625465093721, 31.75298244832147], [35.17628626330122, 31.752906649844398], [35.17632327155136, 31.75283265713799], [35.17635503798495, 31.75277760831748], [35.176363626493924, 31.752765863679752], [35.17637421785106, 31.75275538026049], [35.176377280974364, 31.75274760703288], [35.176122775290736, 31.752693665627334], [35.176116614018206, 31.75269235838974], [35.17613333094497, 31.75272783345056], [35.176145501690314, 31.75276463501697], [35.17615298494856, 31.752802339191998], [35.1761543242862, 31.75282327581191], [35.17615273793885, 31.752844199157806], [35.176137426659224, 31.752927502760283], [35.17611602995257, 31.753009821999466], [35.17607127359886, 31.75315958319938], [35.1760465074736, 31.753256801951203], [35.1760299501964, 31.75335528510586], [35.17602168743752, 31.753454529456267], [35.17602172782278, 31.75355402366015], [35.17603010530779, 31.753653260888356], [35.176046775745554, 31.753751730685504], [35.176059760305876, 31.753812930936167], [35.17610656950368, 31.75414700436411], [35.176107666911, 31.75415483622478], [35.176108555470606, 31.754190013766287], [35.17599804108541, 31.754651592845207], [35.17598399420399, 31.75469559070227], [35.1759510474492, 31.754810957206026], [35.175925431474326, 31.754927675397504], [35.17590722240425, 31.75504540349906], [35.17589647314459, 31.755163799726663], [35.17589322077089, 31.75528251868408], [35.17589746752852, 31.7554012149661], [35.17590920299745, 31.755519542261393], [35.17592839142535, 31.755637156055474], [35.175973394134566, 31.755867378066906], [35.17598322717354, 31.7559254752584], [35.17599007734551, 31.755983883822086], [35.17599154891051, 31.756028098864707], [35.17598789298216, 31.756072221678227], [35.17597914451675, 31.756115817581104], [35.175965389131285, 31.75615846092093], [35.1759537345464, 31.75618251140675], [35.17593805276744, 31.756204827648034], [35.17592231963374, 31.75622592999355], [35.175910737129676, 31.75624891000229], [35.17590360202933, 31.756273176131902], [35.175901098180624, 31.75629810524987], [35.175903291223804, 31.75632305525816], [35.175910123307304, 31.756347384932386], [35.17592142047109, 31.756370469255025], [35.17593688947551, 31.756391712942246], [35.17595613468252, 31.756410571190496], [35.175978660163494, 31.756426558695356], [35.176003887638366, 31.75643926318355], [35.17603116702641, 31.756448358943143], [35.17605596312166, 31.75645314423184], [35.17608159935498, 31.756454559510814], [35.176107205946586, 31.75645279487568], [35.176132245641085, 31.75644788718296], [35.17615619277334, 31.756439940028603], [35.17617854382503, 31.756429119241073], [35.17633934686437, 31.756408073224783], [35.176434540570895, 31.756444528642632], [35.176407744367275, 31.75640096369113], [35.1766186854499, 31.75645585457702], [35.17688953573576, 31.756526334705384], [35.17693260730154, 31.756500028180316], [35.17695327741443, 31.756487428458232], [35.17697346191052, 31.756475128040538]]]]}}, {"type": "Feature", "properties": {"plan_name": "101-0834564", "pl_name": "מגורים ומסחר ברח' יעקב אלעזר, רמות", "dunam": 1.182, "source": "xplan_blueline"}, "geometry": {"type": "MultiPolygon", "coordinates": [[[[35.20921163332089, 31.81216022385644], [35.20906882015696, 31.812062361922216], [35.20887104012876, 31.812258094578006], [35.20898238174231, 31.812328027102073], [35.209088927947654, 31.812403211097852], [35.20919033761167, 31.812483406701613], [35.20942933929734, 31.81231570099939], [35.209389025567326, 31.81228504917741], [35.20921163332089, 31.81216022385644]]]]}}, {"type": "Feature", "properties": {"plan_name": "101-0836809", "pl_name": "התחדשות עירונית במעגלי יבנה, ירושלים", "dunam": 39196.0, "source": "xplan_blueline"}, "geometry": {"type": "MultiPolygon", "coordinates": [[[[35.212114785910735, 31.758853231378332], [35.21211900126354, 31.7588615731778], [35.21212479138105, 31.758869194308186], [35.2121319915857, 31.758875880140433], [35.212140400259145, 31.75888144310312], [35.21214977884227, 31.758885724486046], [35.21215986450231, 31.758888605261625], [35.2121703722437, 31.758890003379335], [35.212181005463776, 31.75888988007799], [35.212199301532245, 31.75888772896079], [35.21221254616059, 31.758938590335156], [35.212673141423224, 31.758856688197948], [35.21270389279065, 31.758975578067304], [35.21271477046178, 31.759017693462134], [35.21271958527561, 31.759036334258543], [35.21272520296904, 31.759062631655993], [35.21272915854787, 31.75908070795397], [35.21273073402069, 31.75908789554578], [35.21278445455439, 31.759077580331525], [35.212935650096206, 31.759048545327495], [35.21295471656432, 31.759044882559937], [35.213016148495235, 31.75903308590116], [35.21301997149827, 31.759032351541133], [35.21311265027579, 31.75901453380751], [35.21347018192327, 31.758945800928103], [35.21349092869512, 31.758941825922374], [35.213703338116744, 31.758900996712274], [35.213710215238976, 31.758895051254367], [35.21371848129416, 31.758887908045686], [35.21373437091748, 31.758866343794185], [35.213743874677846, 31.75884468441468], [35.213747208959276, 31.75882292718713], [35.21374638239625, 31.758800995307652], [35.213740038290446, 31.758691304507046], [35.21373598230106, 31.75862118644504], [35.21373683884077, 31.758605387881335], [35.21374038167781, 31.75858986418265], [35.21374653379221, 31.758574947232955], [35.21375516538743, 31.758560956294158], [35.21372765665804, 31.758539288810784], [35.21353795956954, 31.75839904061132], [35.213490918563316, 31.758364261668408], [35.21336117792607, 31.758255816935304], [35.21335631376649, 31.758251751765695], [35.21333735326326, 31.758235943776235], [35.213279034068044, 31.75818718876944], [35.213207667872794, 31.75812752593599], [35.21309448368979, 31.75803289963567], [35.21309149638385, 31.75803040353589], [35.213086022044884, 31.75802502892016], [35.212974561316805, 31.75791435498252], [35.21291437990516, 31.75785791441759], [35.21290322556745, 31.75786000924595], [35.21276354684677, 31.75774168576089], [35.21272400484121, 31.757708188459702], [35.21268767112241, 31.757669573874036], [35.212036814977616, 31.756977828116977], [35.21185145524934, 31.756783762268437], [35.21203009625652, 31.75665060881109], [35.211837918375764, 31.756451704046214], [35.211655329101546, 31.75657391448678], [35.21163038151127, 31.756545240872025], [35.21162410503197, 31.75653802827944], [35.21133854630549, 31.756209834237414], [35.211204063490015, 31.756070688752], [35.21103966234383, 31.755929665245407], [35.2107417183363, 31.755662530750215], [35.21051955933492, 31.755464857378264], [35.210407776147754, 31.755365394698007], [35.21035552368484, 31.755394312091905], [35.210351432810654, 31.75539645506581], [35.210314397514914, 31.755415862682135], [35.21012593279055, 31.755560723749507], [35.210021787646305, 31.755640772495425], [35.21009343481171, 31.755699510028506], [35.21014254438432, 31.755739771556566], [35.210136868311864, 31.755744299071385], [35.2101135645353, 31.755762888936243], [35.21013223385201, 31.75576359514072], [35.21015062782052, 31.75576641257234], [35.21016842240757, 31.755771291644567], [35.210185299910385, 31.755778146696862], [35.21027065280256, 31.755855778944703], [35.210387228731, 31.75596180874146], [35.210516532139195, 31.75607137665418], [35.2105303598787, 31.75608571531069], [35.21056888743421, 31.756123590902472], [35.21066219854388, 31.7562213462486], [35.210675076369796, 31.756235324198187], [35.21075308284411, 31.756327939719352], [35.21081821203566, 31.756412890167212], [35.21085515779725, 31.756467720420808], [35.21094319538154, 31.75661165024432], [35.210953118113444, 31.756628063296315], [35.21105751945421, 31.756819158639637], [35.21106881437054, 31.75683566179457], [35.21110101148764, 31.756900773245242], [35.21110701376968, 31.756911389437327], [35.21111304561045, 31.75692205613081], [35.21117514846377, 31.7570367908511], [35.2112338100961, 31.757145165919766], [35.211242677430256, 31.75716139863578], [35.21135425820836, 31.7573642173055], [35.21136354776217, 31.757380179436208], [35.21142716936005, 31.757499213934413], [35.21147512952035, 31.7575889501635], [35.21147693050429, 31.757592950643208], [35.211482519256016, 31.757605363312756], [35.21155103092733, 31.757733421323138], [35.21154417253774, 31.757763994220127], [35.211558318471624, 31.757793032800222], [35.21158312534974, 31.757827030918264], [35.21159568696324, 31.757842000817472], [35.211690374332164, 31.757956349234895], [35.21173137952814, 31.757969858301788], [35.211741112234385, 31.75798223645001], [35.21179115865323, 31.758045887498508], [35.211823249200535, 31.758086703084732], [35.211823554058675, 31.75809761537857], [35.21182578308634, 31.758108362522524], [35.21182988348945, 31.758118700119883], [35.211835762365205, 31.758128390990947], [35.2118643337624, 31.75816737242161], [35.211876162945174, 31.758182317083758], [35.21190472790818, 31.75821963370153], [35.211952839100896, 31.758287350310763], [35.21195884563943, 31.75829609783955], [35.21199037366381, 31.758348613938306], [35.212010955199226, 31.758389915354247], [35.21202051101547, 31.758406602501], [35.212040858845, 31.75845507358462], [35.2120697630102, 31.758533526850087], [35.21207327223882, 31.758542224020594], [35.212082910884966, 31.75859011856258], [35.2120925540444, 31.758641405839786], [35.21209694021665, 31.758660522860364], [35.212101125343644, 31.758699045768925], [35.212109837925375, 31.758780083125068], [35.212110849915064, 31.758789830191905], [35.212114785910735, 31.758853231378332]]]]}}, {"type": "Feature", "properties": {"plan_name": "101-0855585", "pl_name": "התחדשות עירונית ברחוב בר יוחאי 17-21 ואלמליח 143-145 - מתחם 06", "dunam": 8.199, "source": "xplan_blueline"}, "geometry": {"type": "MultiPolygon", "coordinates": [[[[35.192841447517786, 31.753616361838073], [35.192837547301146, 31.753576409770428], [35.19283522771323, 31.75355701990197], [35.192835231608136, 31.75352563571108], [35.19283861127911, 31.753507689310123], [35.192846743183864, 31.75346791870034], [35.19285740802823, 31.753429230532372], [35.19286427085523, 31.753409841494094], [35.192892563275464, 31.75335834872149], [35.19291103722125, 31.753329310989475], [35.192920538129826, 31.753314160854945], [35.192940911799106, 31.753285664396017], [35.19295811839122, 31.753263029639836], [35.19296550795738, 31.75325139650651], [35.19302873898043, 31.75317213001308], [35.19305312320729, 31.75314426518407], [35.19306199015835, 31.753134435865526], [35.19310611320604, 31.753090159205605], [35.193144957381065, 31.753059139181026], [35.193187706364675, 31.753030734836987], [35.193236893333996, 31.753004044546497], [35.19325019290686, 31.752996019291526], [35.19325349238652, 31.7529947028865], [35.19336281424485, 31.752951117215485], [35.193467518848244, 31.752912978196782], [35.19364407385231, 31.752855841495254], [35.19365340838729, 31.752845038182226], [35.193660797858456, 31.75283318676137], [35.19366608286514, 31.752820540637952], [35.1936691525553, 31.75280737125817], [35.19363970498966, 31.75253917820233], [35.193616492297, 31.75247875264705], [35.19358753328301, 31.752450296996173], [35.19355381694395, 31.752425965070458], [35.19351614006838, 31.752406329605492], [35.1934753891672, 31.752391853320034], [35.19343252569922, 31.75238287809295], [35.1934338645919, 31.752377806233156], [35.193435028202515, 31.752373407134467], [35.19321416126084, 31.752334821481877], [35.19321046096981, 31.752334204295725], [35.19320485664057, 31.752333823225836], [35.193198853288465, 31.752334003068103], [35.19319184291892, 31.752335261428012], [35.193177812563555, 31.752347512657987], [35.19316734736494, 31.75236067325967], [35.19316343104115, 31.752366049713316], [35.19315920228911, 31.752371575845572], [35.19315485742335, 31.75237722642204], [35.193140860286704, 31.7523939814634], [35.19314253318912, 31.75241992588034], [35.19312270320444, 31.752440675577205], [35.19311566675601, 31.752448039419413], [35.193065286344215, 31.752500760405656], [35.19289268899052, 31.75266507910516], [35.19288563992205, 31.75267179180139], [35.19286194246301, 31.752694352012025], [35.19267672610464, 31.752870681843543], [35.1926750200529, 31.752874292672885], [35.19267146433078, 31.752882132983736], [35.19264373647533, 31.752892752359212], [35.19263872607449, 31.752902756962346], [35.192633432813246, 31.752912763342866], [35.19262802768992, 31.75292264165091], [35.192622341829264, 31.752932424337246], [35.19261639213633, 31.752941968911955], [35.192610178581184, 31.752951511658324], [35.1926038362744, 31.752960944367448], [35.192600500485966, 31.752965543466825], [35.19259707813515, 31.752970265209015], [35.19259504077339, 31.752973049916875], [35.19259034111763, 31.752979474223434], [35.1925831903784, 31.752988571370466], [35.19256539703271, 31.75301030417791], [35.19256309587601, 31.753012551361383], [35.192534743119566, 31.753039952180163], [35.19240570877106, 31.7531692772657], [35.19225116185769, 31.7533140087088], [35.1922381239732, 31.753337680887928], [35.19223829137371, 31.753348953961414], [35.192217918377374, 31.753370551196547], [35.19221345328183, 31.75337470827387], [35.19246256976611, 31.75348370711126], [35.192546386900084, 31.75352038031677], [35.19284239356599, 31.753647475561188], [35.192841447517786, 31.753616361838073]]]]}}, {"type": "Feature", "properties": {"plan_name": "101-0855668", "pl_name": "התחדשות עירונית ברחוב בר יוחאי 4 ויצחק שדה 3, מתחם 11, ירושלים", "dunam": 4.729, "source": "xplan_blueline"}, "geometry": {"type": "MultiPolygon", "coordinates": [[[[35.197662749164806, 31.75368470632238], [35.19755794579254, 31.753642043505952], [35.197504752006544, 31.75362810714805], [35.1974995909437, 31.753626754102577], [35.197424251889565, 31.75372285056848], [35.19739074224739, 31.753765596166474], [35.197371153247516, 31.753790583399127], [35.197435147457114, 31.753820205281976], [35.197467629014305, 31.753835240796832], [35.19745141882235, 31.75387050564515], [35.19743488137352, 31.75390648473426], [35.19741628121486, 31.753946949482952], [35.1973357415917, 31.754112545352292], [35.19732538171107, 31.754133846346143], [35.197429827015505, 31.75417194780167], [35.19742422093543, 31.75419326890318], [35.197969616738455, 31.754498788306712], [35.197985936337275, 31.754467513161277], [35.198061168912105, 31.754323344451677], [35.19807542584696, 31.754326658534556], [35.198177630833094, 31.754350409115908], [35.19813979676825, 31.75422483083613], [35.19812624558422, 31.754179844364906], [35.19811424141869, 31.754139258969147], [35.19810769772295, 31.754137094220358], [35.198117937016384, 31.754117073776136], [35.19812200105846, 31.754109218910198], [35.198130709719315, 31.754092363863883], [35.19821652520717, 31.753958361164145], [35.1982244440583, 31.753945999062203], [35.19816322950651, 31.753917497802966], [35.197662749164806, 31.75368470632238]]]]}}, {"type": "Feature", "properties": {"plan_name": "101-0857086", "pl_name": "מסחר משולב מגורים, שצ\"פ משולב שב\"צ, צפונית לפארק המסילה", "dunam": 10.714, "source": "xplan_blueline"}, "geometry": {"type": "MultiPolygon", "coordinates": [[[[35.20743346377663, 31.752535536004938], [35.2072716569565, 31.752283113434824], [35.20708863788002, 31.752068388214383], [35.20688271701487, 31.751862952177323], [35.20681020710485, 31.751798020753075], [35.20665822184778, 31.75167221620536], [35.20641673555474, 31.75149735257464], [35.206159735725855, 31.75133944338318], [35.20588880545463, 31.751199570733508], [35.205856299023, 31.751241055980294], [35.205747170945045, 31.751439463075315], [35.20570674911022, 31.751512873675676], [35.20568532445976, 31.75155201396432], [35.20574263489188, 31.75159557247145], [35.20605114114343, 31.75183013864373], [35.206166712702206, 31.751920682295975], [35.20630191588248, 31.752026737278165], [35.20647648647804, 31.752104383362735], [35.20639068543036, 31.752374577438697], [35.206380817591565, 31.752398272662987], [35.20637103481949, 31.752402396952228], [35.20636062614301, 31.752405185618382], [35.20634983958919, 31.752406574626484], [35.20633893057395, 31.75240652880054], [35.20632816084662, 31.75240504903843], [35.20631778476915, 31.752402172311864], [35.20630804931599, 31.752397966255632], [35.20629918774149, 31.752392530971107], [35.206290235400004, 31.752387080355938], [35.20628304778375, 31.75238315383143], [35.206271819919, 31.75237770324893], [35.20627002565711, 31.75237688259682], [35.20626853120482, 31.752379267096494], [35.206270291692384, 31.752380071515923], [35.20628141190156, 31.752385471596853], [35.206288464420254, 31.7523893223685], [35.206297247889616, 31.752394671979722], [35.20630480703882, 31.752399424587615], [35.206307631430235, 31.752401244467602], [35.20631026161945, 31.75240298679185], [35.2063179590536, 31.75240875397218], [35.20632489025421, 31.75241519213623], [35.20634963034383, 31.752443749571906], [35.20635800023424, 31.75245589909463], [35.20636483342168, 31.75246873223903], [35.20636713649948, 31.75247383844804], [35.206369982105436, 31.752480439907117], [35.20637532291778, 31.752493886328633], [35.20637957806133, 31.752524886272752], [35.206386256492046, 31.75255557233652], [35.20642161976084, 31.752444947892446], [35.20644065854216, 31.752432079163384], [35.20645679374733, 31.752416582503198], [35.20646953566349, 31.752398927782153], [35.20647849801332, 31.75237965160522], [35.2064817316471, 31.752369494976328], [35.20673138166182, 31.752403881562103], [35.20714343046298, 31.752590735521714], [35.20743547970698, 31.752858125807883], [35.20750672649509, 31.752986997683507], [35.20753592383247, 31.752972239177648], [35.20756217529052, 31.7529538778692], [35.2075848761128, 31.75293233764219], [35.20760350492699, 31.752908111820638], [35.207617633243764, 31.752881757757287], [35.20762693706593, 31.752853882403308], [35.20763104807204, 31.75282518469875], [35.20763004755758, 31.75279628511121], [35.2076239587701, 31.75276784469207], [35.207612921055194, 31.752740513667188], [35.207597186689135, 31.75271491790908], [35.207577114545266, 31.75269164180244], [35.20743346377663, 31.752535536004938]]]]}}, {"type": "Feature", "properties": {"plan_name": "101-0879577", "pl_name": "התחדשות עירונית- איסלנד 22א, מקסיקו 2 והנרייטה סולד 11", "dunam": 5.247, "source": "xplan_blueline"}, "geometry": {"type": "MultiPolygon", "coordinates": [[[[35.168687738287396, 31.75966389004728], [35.16874964878081, 31.75951519335989], [35.16879655751623, 31.759367919166436], [35.16882626469247, 31.75927775932513], [35.16882077207617, 31.759288038810258], [35.168818799902965, 31.759289262963513], [35.16881662834259, 31.759290211096914], [35.16881431123539, 31.75929085977753], [35.168811904529946, 31.75929119278783], [35.168809299515, 31.759291192060534], [35.16880673052902, 31.759290821587324], [35.16880426934272, 31.759290093112227], [35.168801983501936, 31.759289025592814], [35.16852264379362, 31.75914492284019], [35.16852256569245, 31.759144904781323], [35.168506489266946, 31.7591582655793], [35.16827222653334, 31.759352934508737], [35.16827370796003, 31.759354273264645], [35.1682577280567, 31.75936895616091], [35.168231330690844, 31.759393208268484], [35.168075614768, 31.759457066829107], [35.16794737122906, 31.75945742883507], [35.16776097934386, 31.75942517957797], [35.16717878835107, 31.759343033319038], [35.16726556211497, 31.759581866827467], [35.167384204235134, 31.759577662669933], [35.16755456031503, 31.759589886914636], [35.16768216243097, 31.759615896831104], [35.167912316266836, 31.759670432470802], [35.16814623351516, 31.759721725735126], [35.16814677599979, 31.75972186296965], [35.16839383449626, 31.75978474459894], [35.168440402510186, 31.759791694725344], [35.168487667460745, 31.75979243673961], [35.168532846872075, 31.75978725484071], [35.16857662461835, 31.759776398131823], [35.168584347098516, 31.759772929105768], [35.16859166237496, 31.75976886655174], [35.16861425674713, 31.759752747932833], [35.16863493496767, 31.75973485033667], [35.16866469671658, 31.75970119556647], [35.168687738287396, 31.75966389004728]]]]}}, {"type": "Feature", "properties": {"plan_name": "101-0890442", "pl_name": "מתחם ברונפמן - מתחם מגורים, רח' לח\"י ויסקי, הר הצופים", "dunam": 26.62, "source": "xplan_blueline"}, "geometry": {"type": "MultiPolygon", "coordinates": [[[[35.23706615113468, 31.800095301915125], [35.237346611242636, 31.799953063872678], [35.237352059112226, 31.79995030283785], [35.23756093634947, 31.799845139359963], [35.23752819774836, 31.799747145156047], [35.23752221289854, 31.799695074589295], [35.237516273922886, 31.799682766046665], [35.237513482640246, 31.79967293673908], [35.23750455756573, 31.79963749682857], [35.23748405754958, 31.79956832216787], [35.23746864699917, 31.799498145140337], [35.237454941309636, 31.79944122468615], [35.23744159555651, 31.79935714077512], [35.23740272628088, 31.799199736836236], [35.23740209812974, 31.799197192012176], [35.23741335338061, 31.79919328413372], [35.23746450663199, 31.799169435272002], [35.23747979662456, 31.799168174135723], [35.23828366106523, 31.79910187953063], [35.23828728715306, 31.799101579154765], [35.238197087278834, 31.799034719225887], [35.23830612814653, 31.798946573422544], [35.23823425218004, 31.79888147082606], [35.238033286482334, 31.798699444793346], [35.23770075341074, 31.798407037284967], [35.23765486604849, 31.798361230495747], [35.23758507804903, 31.79829156548316], [35.23755619871127, 31.79828299472671], [35.237526934969004, 31.798274310432138], [35.23750843088094, 31.79826992509983], [35.23748142982735, 31.79826352726766], [35.237442540956124, 31.79826353737207], [35.23743277643642, 31.79826632839094], [35.23693900645758, 31.798407448995665], [35.23677359581252, 31.798472113302434], [35.236742261246626, 31.798484364625565], [35.2367129159467, 31.79849009514598], [35.23655854776636, 31.798553347696796], [35.23649925603309, 31.798579436612396], [35.23644228015599, 31.79860905290793], [35.23638790941322, 31.79864204680863], [35.236326269656004, 31.79868813719964], [35.23628203538249, 31.79872830353508], [35.23624177250883, 31.798771410657128], [35.23620575020971, 31.798817171717598], [35.23617420597695, 31.798865283643217], [35.236216070950164, 31.798853350882247], [35.2364285759087, 31.798792777017503], [35.23647272867549, 31.798831581008248], [35.2368130707388, 31.798771178030243], [35.23692968217417, 31.79875048535716], [35.237194351651304, 31.798703516426368], [35.23725006568869, 31.798886340713405], [35.23725206972354, 31.79890072090629], [35.23725118466233, 31.79891518210863], [35.23724743675478, 31.798929305860696], [35.237240934618434, 31.79894267999419], [35.23723186713319, 31.798954916669647], [35.23722049816455, 31.798965660494204], [35.237207157063786, 31.798974599346366], [35.23719223233509, 31.798981472494205], [35.23701882147148, 31.79904195825425], [35.23705492456974, 31.799160703030683], [35.23694442432478, 31.79918060785167], [35.236913328083816, 31.799186522840525], [35.236883550459794, 31.799188604673407], [35.23684237280446, 31.799203405322984], [35.236715669901045, 31.799242216600938], [35.23667894821566, 31.799256511036496], [35.23667112995616, 31.799244789125023], [35.23663574145562, 31.79917556398802], [35.236503328250535, 31.79922173549986], [35.23647526098765, 31.799226032621796], [35.23644674774888, 31.799226247229036], [35.23641859529744, 31.7992223737072], [35.236391604100604, 31.79921452278137], [35.23636653664804, 31.79920291521099], [35.23634410477936, 31.79918788089127], [35.236324943280316, 31.799169846233653], [35.23630959615059, 31.799149321543545], [35.236276193835444, 31.79908816184706], [35.23616396905315, 31.79888266642303], [35.236134140138645, 31.798941422305035], [35.23610969300849, 31.799001963379688], [35.23609077221751, 31.79906393248613], [35.236080047435934, 31.79911235935209], [35.23607269979026, 31.79916124350992], [35.23606837790614, 31.799239194056213], [35.236068753126546, 31.799261884208125], [35.23605608011233, 31.79927026724081], [35.23606996944043, 31.799286157778234], [35.236072752994886, 31.79931714243682], [35.236084419016656, 31.79937797572258], [35.236085782598096, 31.799394381620452], [35.2361073524535, 31.79947021361028], [35.23612207341837, 31.799509329870478], [35.236132402883676, 31.799533835644596], [35.236175242611175, 31.799623049198196], [35.236199836170535, 31.799672075985786], [35.23623167870624, 31.799735548399426], [35.236224248486856, 31.799740625802187], [35.236258629260135, 31.799778407817044], [35.236261122908395, 31.799776751418133], [35.23626184943296, 31.799782939648384], [35.23627053524884, 31.79981179989552], [35.23627282197625, 31.799816438377235], [35.236344683387955, 31.799957722131005], [35.236356080303416, 31.79995389186894], [35.23637816353877, 31.800029209629518], [35.23645483325393, 31.800179943369084], [35.236486715969455, 31.800242558957617], [35.23651310599509, 31.80029438092425], [35.236577572062394, 31.800417485350234], [35.23660760986178, 31.800470179352338], [35.23664511148541, 31.800523123970223], [35.23666135073539, 31.800542242423912], [35.23667769493253, 31.80055946879301], [35.2367247429721, 31.80060093237241], [35.23676861293673, 31.800631439412747], [35.23677451385042, 31.800631616475343], [35.23681935928738, 31.80063710987532], [35.23685420987297, 31.80064578208208], [35.236882176944356, 31.80065274074115], [35.23692467995155, 31.800663496023954], [35.23696062631862, 31.800671163274085], [35.236997834802914, 31.800676413265297], [35.23728675799083, 31.80070889165622], [35.237294146863455, 31.800709257696113], [35.23730151956894, 31.800708700257807], [35.23730871876975, 31.80070723290955], [35.23731559135813, 31.800704885451644], [35.2373839297879, 31.800601506315857], [35.23734631157459, 31.800578367687827], [35.237373950300885, 31.80053494244648], [35.23706615113468, 31.800095301915125]]]]}}, {"type": "Feature", "properties": {"plan_name": "101-0892588", "pl_name": "התחדשות עירונית, אפרסמון, המור, מבוא הדודאים, מבוא קטורה", "dunam": 18.36, "source": "xplan_blueline"}, "geometry": {"type": "MultiPolygon", "coordinates": [[[[35.202290821324006, 31.734191664545392], [35.20230971098967, 31.734146220766604], [35.2022861476389, 31.734147499201246], [35.202272830326045, 31.73416029799913], [35.20217687374762, 31.734165878811716], [35.20217610788221, 31.734156039644105], [35.202140071728905, 31.734155615147685], [35.202070837887426, 31.734159167190768], [35.20207033147127, 31.734155334330413], [35.20200036115894, 31.7341556252419], [35.20196362704553, 31.734131992543293], [35.20194234535885, 31.734042932909365], [35.201997683517384, 31.73396969673575], [35.20204557231066, 31.7338710535569], [35.202043727063405, 31.7338151570227], [35.20204275487614, 31.7337859642051], [35.20193296672819, 31.733792239002526], [35.20184864548478, 31.733796504897715], [35.20183371148028, 31.733580456233796], [35.20184287342208, 31.733562967791414], [35.202001530947896, 31.73355414897916], [35.2019981172697, 31.733513903072442], [35.201997326110906, 31.733503760881526], [35.201526904231415, 31.73352858088342], [35.201532951101264, 31.733583444004395], [35.20150205320925, 31.733612464760206], [35.20135155878887, 31.73362047328586], [35.201351366206346, 31.73363681114892], [35.20125555157281, 31.733640596595432], [35.20124710948351, 31.73364898356907], [35.20124890279142, 31.73366611871378], [35.201238666857165, 31.73367324305639], [35.20119941236962, 31.73367531633197], [35.2011977604779, 31.733657977372616], [35.20106813626438, 31.733664768588888], [35.201050205728, 31.733432459441676], [35.20092349416676, 31.733441084944857], [35.20081829653936, 31.7334482445211], [35.200831480386285, 31.733617460323924], [35.200905477185024, 31.733613248931363], [35.20091044412989, 31.73361330047194], [35.20091534140519, 31.733614014868305], [35.20092004660554, 31.733615374982012], [35.20092444576782, 31.73361734834347], [35.20092842915052, 31.733619884446306], [35.20093189861993, 31.733622922864118], [35.20093476976081, 31.733626387839514], [35.200936971876175, 31.733630192793214], [35.200938450097624, 31.73363424663723], [35.20093916749593, 31.7336384474618], [35.20094292654006, 31.73368668738074], [35.200629757896266, 31.733703097585188], [35.20063311163584, 31.733749836826778], [35.20063644388889, 31.733806159097583], [35.2002167786917, 31.733831127253776], [35.20018624029748, 31.733833227557067], [35.20018470040127, 31.733816877013417], [35.20017034979957, 31.733805874002254], [35.20009310694095, 31.733809929740993], [35.20007917735489, 31.733822464950343], [35.19989060760812, 31.73383310024728], [35.19988142653133, 31.733845365047877], [35.19990483847849, 31.73413909755531], [35.19991454069117, 31.734262470609572], [35.199937952417216, 31.73456522156442], [35.199939323217905, 31.734586324838347], [35.199944718819154, 31.734604769606555], [35.1999533308285, 31.7346223000131], [35.19996495982701, 31.73463850751361], [35.19997933463743, 31.73465301783132], [35.19999786291179, 31.734666581350606], [35.200018774050655, 31.734677317657578], [35.20004148663082, 31.734684929121673], [35.200065364352, 31.73468920108081], [35.20010272193782, 31.734687932538975], [35.20023119793257, 31.734670026099018], [35.20051671528252, 31.73462845089543], [35.20085726323598, 31.734579761009797], [35.20121726947545, 31.734528401230218], [35.201535888826406, 31.73448228826781], [35.20206650527451, 31.73440717512361], [35.20214384371559, 31.734394721992654], [35.20215850521184, 31.734391829122902], [35.20217249984244, 31.734387106391722], [35.202185518420606, 31.734380657506478], [35.202197270752954, 31.734372627659898], [35.20220840478114, 31.734361810191665], [35.202217679512664, 31.734349781510012], [35.20222491871855, 31.73433677068154], [35.20224846223801, 31.73428200189021], [35.202290821324006, 31.734191664545392]]]]}}, {"type": "Feature", "properties": {"plan_name": "101-0893917", "pl_name": "שינוי לתכנית 11195 התחדשות עירונית במתחם \"המקשר\" שלב ב, שד' הרצל", "dunam": 12.621, "source": "xplan_blueline"}, "geometry": {"type": "MultiPolygon", "coordinates": [[[[35.19759746115874, 31.78556961341865], [35.19701339693238, 31.78495604112008], [35.196810037881114, 31.784746560586026], [35.19617929502409, 31.784103000822896], [35.19607976961938, 31.784168284000472], [35.19606299831841, 31.78417928535703], [35.19596828537337, 31.784241410516426], [35.1961996556304, 31.784432074612276], [35.19613467661438, 31.784487764464423], [35.19610669541948, 31.784514908039196], [35.196085470980506, 31.784546200512903], [35.196074594220185, 31.78456838507242], [35.19606266124286, 31.784595123854853], [35.19605049882962, 31.784660753576638], [35.196055591850765, 31.784709913217107], [35.196096943971824, 31.784704926934065], [35.19616027671729, 31.785334451514384], [35.19624864871821, 31.78559422500179], [35.19628414816131, 31.785584882397405], [35.1963553687524, 31.785566137651443], [35.1963654731332, 31.78556347785969], [35.19639202936559, 31.78555917955517], [35.19640987062723, 31.785607263176672], [35.19642072004697, 31.785608919633653], [35.196431733230014, 31.78560927294106], [35.196442697957515, 31.785608316772755], [35.19648981408252, 31.785604184764576], [35.196537147230224, 31.785605633338466], [35.19658379680055, 31.78561263628569], [35.19664825535049, 31.785625985644963], [35.19675345324595, 31.785644084704174], [35.19676244052653, 31.785564705282184], [35.19666152596108, 31.785460053292915], [35.196759728663466, 31.785390963829837], [35.196897762597686, 31.78553411206975], [35.19688268959883, 31.78566724622038], [35.19693276414551, 31.78567610883546], [35.19694005659205, 31.785677077837967], [35.19694742510757, 31.785677420967517], [35.19707518097095, 31.78567791535467], [35.197239945746446, 31.78570026147448], [35.197385927809286, 31.785720059554478], [35.19742412088598, 31.785692461734655], [35.19749666781894, 31.785640038109083], [35.197511747788965, 31.78562914289215], [35.19759746115874, 31.78556961341865]]]]}}, {"type": "Feature", "properties": {"plan_name": "101-0896217", "pl_name": "מתחם מגורים להשכרה ותעסוקה בשדרות צ'רצ'יל, הר הצופים (מתחם הארזים)", "dunam": 7.368, "source": "xplan_blueline"}, "geometry": {"type": "MultiPolygon", "coordinates": [[[[35.24301648638891, 31.79642626347834], [35.2430824015448, 31.796328170334302], [35.24304046004983, 31.796328985712243], [35.243034321630965, 31.796041679880993], [35.24303262011053, 31.795962039041296], [35.2431674336947, 31.79589237611307], [35.24319213467238, 31.79587361034531], [35.24320856524467, 31.7957984749738], [35.2433148823057, 31.795817557876912], [35.243355114580694, 31.795634405612766], [35.24335696281217, 31.795630218712553], [35.243359592564374, 31.795626349020225], [35.24336293419021, 31.795622902072136], [35.243366894808005, 31.79561997349161], [35.243371366745905, 31.795617641771482], [35.243376227543486, 31.795615971881592], [35.24338134417261, 31.79561500895456], [35.243386576206234, 31.79561478008853], [35.24339178109591, 31.795615289836373], [35.24336594821752, 31.795588648419916], [35.24327497231493, 31.79549481288721], [35.24274794697149, 31.795210866581417], [35.24273001348007, 31.795204003581304], [35.24271100086069, 31.795199758039157], [35.24269142972989, 31.79519824433133], [35.2426718344012, 31.795199504683254], [35.242652749156555, 31.795203504664535], [35.24263469557616, 31.79521013499616], [35.242618168812704, 31.795219214260346], [35.2426036175317, 31.795230495219183], [35.24259144074524, 31.795243668422987], [35.24243768380428, 31.795415054784424], [35.24228856239378, 31.795624055261335], [35.242255503245154, 31.79567039254508], [35.24228427396874, 31.79566731592887], [35.242326517359686, 31.7957031532316], [35.24245095125754, 31.79581368148893], [35.2424862352414, 31.795852359806066], [35.24280711921574, 31.79632951628613], [35.24301648638891, 31.79642626347834]]]]}}, {"type": "Feature", "properties": {"plan_name": "101-0896225", "pl_name": "מתחם לרנר - מתחם מגורים מעורב שימושים, הר הצופים", "dunam": 84.458, "source": "xplan_blueline"}, "geometry": {"type": "MultiPolygon", "coordinates": [[[[35.239450646233635, 31.794482484305714], [35.23912765701867, 31.79450732652597], [35.239093225490386, 31.79451245475399], [35.23905974556898, 31.794521025933673], [35.23898307429383, 31.794546283847183], [35.238908365293604, 31.79457551738914], [35.23883589939326, 31.79460861465902], [35.23876595107877, 31.794645451132695], [35.238727627448895, 31.794667940707537], [35.23858464750669, 31.794756499172387], [35.238445955048576, 31.794849897398496], [35.23831177386679, 31.79494798653666], [35.238014668589315, 31.795156344998144], [35.23775322087226, 31.79534190576147], [35.237689860184055, 31.79538064279276], [35.237623817220246, 31.795415960720707], [35.23755534430307, 31.795447723297848], [35.23749178864019, 31.795473128401074], [35.23742662046571, 31.79549535581187], [35.23734305609674, 31.79551819849774], [35.23725756989731, 31.795535076864628], [35.23716906807758, 31.79554637807912], [35.237079822970244, 31.79555198701795], [35.23691197686946, 31.795540185264848], [35.23679235934073, 31.795528548684867], [35.23667312951535, 31.79551430016962], [35.23656702466393, 31.795499335773048], [35.23646133307875, 31.795482369102274], [35.23636902224951, 31.79546540890293], [35.23631527022753, 31.79545612263628], [35.2363066850265, 31.79545463855926], [35.236279669401334, 31.795449306445892], [35.23625200565838, 31.79544768826036], [35.236224390720345, 31.795449824410625], [35.23619751830996, 31.79545566151493], [35.23617206416748, 31.795465052405305], [35.23614866704616, 31.79547776154336], [35.23604190124447, 31.795660845133625], [35.23597235449995, 31.79576939146325], [35.23581799003983, 31.79603142097647], [35.23579745732162, 31.796074886543796], [35.23578133039685, 31.79611968754568], [35.235778784850005, 31.796154969898932], [35.23582768863474, 31.79620247028869], [35.23591358567876, 31.79628589976617], [35.23628185252064, 31.79664358898401], [35.236340675422646, 31.796700711106766], [35.2364038946995, 31.796762097791802], [35.23643625282934, 31.796792202033394], [35.23648525723921, 31.79684171143618], [35.23667521214123, 31.797033616088065], [35.23672794442658, 31.797089565379373], [35.23678677068608, 31.797082085002636], [35.237107797681, 31.797041259637098], [35.23748307752371, 31.796978932167587], [35.237557426663344, 31.79696728451209], [35.237830778705614, 31.796931087149478], [35.238142895545046, 31.79688106636992], [35.23830043103826, 31.796855877637455], [35.238350640832515, 31.796852125229393], [35.2384009878891, 31.796854121082678], [35.23844886917003, 31.796861465477452], [35.23849524659289, 31.79687400935541], [35.238539350305246, 31.79689154460001], [35.23858044526831, 31.7969137792154], [35.238617849210144, 31.796940344536008], [35.23865094213026, 31.79697079883112], [35.23867917263813, 31.797004635419423], [35.238700360681335, 31.797043146324256], [35.2387159233682, 31.797083567934244], [35.238725630275226, 31.79712530329656], [35.23872933755801, 31.797167735593902], [35.23872840154086, 31.797215060714663], [35.23871980546653, 31.79726182064494], [35.23870371583017, 31.797307113499983], [35.238680441693504, 31.797350069821597], [35.238650430465405, 31.797389861597914], [35.238614260518524, 31.79742572300802], [35.23857262746782, 31.79745696485547], [35.23853616919232, 31.797469862812054], [35.238498186846584, 31.79747900591197], [35.238564213917655, 31.797767504301454], [35.238566155769846, 31.797775982863275], [35.23863500311903, 31.797756513511935], [35.23864851859275, 31.797754525830868], [35.23901609558846, 31.797656989959844], [35.23923947699702, 31.79759771610017], [35.23924158940836, 31.797599068279208], [35.23925489538293, 31.797601679966288], [35.23935597182746, 31.797575571077815], [35.23962370242239, 31.797504270063364], [35.23976643222831, 31.797451884173835], [35.23979975376965, 31.797435209838866], [35.239831545500984, 31.797416485140772], [35.239877252670034, 31.797384330889216], [35.239918489446, 31.79734803482377], [35.23995958910056, 31.79730395050746], [35.23999481310969, 31.797256300148838], [35.240023741430115, 31.79720565383215], [35.24004603006209, 31.797152614085988], [35.24006079142232, 31.797098372490904], [35.24006763907236, 31.797042994090205], [35.240066468809125, 31.79698731582031], [35.24005729997835, 31.79693218179627], [35.240040271243714, 31.796878427981692], [35.23988066427323, 31.796317579594934], [35.23974629469507, 31.79585872369103], [35.239734133158244, 31.79581337631481], [35.2397266765816, 31.795767291730854], [35.23972480411934, 31.79568604561709], [35.239783849308374, 31.795430376018654], [35.23997424291458, 31.794679275334502], [35.239982100807495, 31.794629027195285], [35.239996763455814, 31.794579903548463], [35.24001802942626, 31.794532574514285], [35.24004560963609, 31.794487684083258], [35.24007912840832, 31.794445846508857], [35.239956188994064, 31.79444816978421], [35.23994169348417, 31.794448446188717], [35.23980573403136, 31.79444923261392], [35.23969425102725, 31.794450850817913], [35.23959703725908, 31.794468095647144], [35.23957281827956, 31.79447239329192], [35.23954304256854, 31.7944753775859], [35.239450646233635, 31.794482484305714]]]]}}, {"type": "Feature", "properties": {"plan_name": "101-0901744", "pl_name": "פינוי בינוי ברחוב פארן 1, ירושלים", "dunam": 1.895, "source": "xplan_blueline"}, "geometry": {"type": "MultiPolygon", "coordinates": [[[[35.229648741420796, 31.801277935952065], [35.2297499398886, 31.80131058940983], [35.229931388740745, 31.80138549584313], [35.22994695563482, 31.801391045333176], [35.229963300251256, 31.801394606112794], [35.2299800772578, 31.801396102496707], [35.22999693183035, 31.80139550299184], [35.230013504932906, 31.801392820296172], [35.23002946606738, 31.80138816089325], [35.23004446571149, 31.801381571749324], [35.230058186048964, 31.801373193615532], [35.230070336729476, 31.80136320240921], [35.23008066120517, 31.80135181101628], [35.23013587085941, 31.801283801291305], [35.23020195704964, 31.801200200168108], [35.230036191372776, 31.801130902193655], [35.2300338793631, 31.80106431817051], [35.229997580743856, 31.80106441566305], [35.22998684465481, 31.800923361369037], [35.22958191816947, 31.800943441321216], [35.229583097587984, 31.800962444614502], [35.229635140389966, 31.800960172492566], [35.22964288016487, 31.80110534520161], [35.229648741420796, 31.801277935952065]]]]}}, {"type": "Feature", "properties": {"plan_name": "101-0914507", "pl_name": "בית קק''ל - תוספת זכויות, ירושלים", "dunam": 2.661, "source": "xplan_blueline"}, "geometry": {"type": "MultiPolygon", "coordinates": [[[[35.21745688732111, 31.77643036889817], [35.21736604405561, 31.776420263139837], [35.2173831056417, 31.77642949805818], [35.21712715203752, 31.776409705065134], [35.21709200704165, 31.776406988623993], [35.21686917180779, 31.776721625225687], [35.21688342285006, 31.776729098288172], [35.21701899750535, 31.776804992888618], [35.21705353897958, 31.77682465681108], [35.21715984962534, 31.776871146928684], [35.21718526255498, 31.776884473590332], [35.21725627084483, 31.77689021116071], [35.2172558292803, 31.776903468271964], [35.21749479448696, 31.776929813729943], [35.217510347290236, 31.776869882069914], [35.21751929115505, 31.776808973493427], [35.21752791672294, 31.776736960576784], [35.21753362139285, 31.77668927963861], [35.21754158036285, 31.776606841503], [35.217541267894745, 31.776592092822522], [35.217538440503546, 31.776575827504747], [35.21753343402454, 31.776558873405147], [35.21748484643896, 31.776532770107245], [35.217496697263634, 31.7764985620461], [35.217502431430425, 31.776435468636173], [35.21745688732111, 31.77643036889817]]]]}}, {"type": "Feature", "properties": {"plan_name": "101-0921213", "pl_name": "מתחם שימושים מעורבים בקניון ישראל ברחוב יד חרוצים 18, ירושלים.", "dunam": 7.25, "source": "xplan_blueline"}, "geometry": {"type": "MultiPolygon", "coordinates": [[[[35.21564815978772, 31.750745285700393], [35.215586311393196, 31.7507387076863], [35.215525203810564, 31.750748903893943], [35.21476621437543, 31.75087124376662], [35.21497130483259, 31.751547534813614], [35.21601889649315, 31.751330910477353], [35.21578643087393, 31.75083572844856], [35.215764896724174, 31.75080660078198], [35.21574610788126, 31.750787302976963], [35.21573185847483, 31.750777203583528], [35.215704732266076, 31.75076151389469], [35.21567644586018, 31.75075204703326], [35.21564815978772, 31.750745285700393]]]]}}, {"type": "Feature", "properties": {"plan_name": "101-0924480", "pl_name": "התחדשות עירונית, מאיר אבנר 2-18 ירושלים", "dunam": 11.455, "source": "xplan_blueline"}, "geometry": {"type": "MultiPolygon", "coordinates": [[[[35.17233304669758, 31.7676049959278], [35.17216833216968, 31.767876567700366], [35.172292415295146, 31.767858502646114], [35.17239960483816, 31.767888061336212], [35.172412572192286, 31.767838392910594], [35.17241810805669, 31.767831594407337], [35.172425551164174, 31.767822451591808], [35.17246060223913, 31.76779644943851], [35.17248817423296, 31.767779806528306], [35.17252672499452, 31.767768148135904], [35.17259371697678, 31.767747653364477], [35.172673873604026, 31.767692724077072], [35.17272988213934, 31.767649696669675], [35.172763815993804, 31.767630589642486], [35.17280727389877, 31.767604263012203], [35.172886785631945, 31.76753276658227], [35.17291015095687, 31.767500259129587], [35.17292123162885, 31.767484852984904], [35.17295711941528, 31.767443591724177], [35.1730209081356, 31.767342362990842], [35.17311343200561, 31.767198509377756], [35.17312304332956, 31.76718272949125], [35.17320922911241, 31.767038636163015], [35.17331166964773, 31.766898334477613], [35.17332233632905, 31.766883095938276], [35.17337186816273, 31.766810960594213], [35.17348224427186, 31.7666641079091], [35.173544848808106, 31.766590772607245], [35.17355804837598, 31.76657697760879], [35.17376037581626, 31.76635048351907], [35.17379786815986, 31.766293766619004], [35.17381150266537, 31.76624110227677], [35.17381898699313, 31.766189246312067], [35.17382175866737, 31.76615167260133], [35.17381835087876, 31.76611413618717], [35.17380882883849, 31.76607737659577], [35.17379338232237, 31.766042117149254], [35.17373346961252, 31.766040120499135], [35.173532982596676, 31.765818251253894], [35.17333065999452, 31.765880339067493], [35.17310394521866, 31.765946558227157], [35.173120065286184, 31.76600272353992], [35.17313028110185, 31.76605989025101], [35.17313451258179, 31.766117606518957], [35.1731327260896, 31.766175415101856], [35.1731177582739, 31.766274334557707], [35.17305697714588, 31.76641820682661], [35.172980654878906, 31.766544563252253], [35.17295121252269, 31.76659330780277], [35.17294122729336, 31.766609841525987], [35.17292200883482, 31.766641657397983], [35.1727685960479, 31.76689093562269], [35.17276362772693, 31.766899065402793], [35.1727538558485, 31.766915054450482], [35.17260843063738, 31.76715299648906], [35.172569359781434, 31.767216947217914], [35.17255959205796, 31.767232938054608], [35.17245833623619, 31.767398671384164], [35.17244895715849, 31.767414022001066], [35.17243763466398, 31.76743255383045], [35.17233304669758, 31.7676049959278]]]]}}, {"type": "Feature", "properties": {"plan_name": "101-0925198", "pl_name": "מתחם בית חינוך יתומים הכללי-רחוב יפו 91", "dunam": 2.82, "source": "xplan_blueline"}, "geometry": {"type": "MultiPolygon", "coordinates": [[[[35.21587633810985, 31.7840145876217], [35.21580409715522, 31.783816099077757], [35.215799046489884, 31.78380102617211], [35.2157584116279, 31.78368505495018], [35.21574326198545, 31.783641418053808], [35.2157239810946, 31.78358958018751], [35.215707747945146, 31.783543515628622], [35.215671549073576, 31.78343941219852], [35.21566688943658, 31.783427169227043], [35.21560574787727, 31.783229018660016], [35.21537299399662, 31.783291505837266], [35.21539101046058, 31.783527180415003], [35.21542050698197, 31.7839165347862], [35.21541895112863, 31.78399092411751], [35.215533651424494, 31.783960657383325], [35.21556282427908, 31.783952958520302], [35.21571217204574, 31.78413495471984], [35.21588079490326, 31.784025315511045], [35.21587633810985, 31.7840145876217]]]]}}, {"type": "Feature", "properties": {"plan_name": "101-0928176", "pl_name": "פינוי בינוי רחוב הקצין סילבר, דרך בית לחם 119-121", "dunam": 8.691, "source": "xplan_blueline"}, "geometry": {"type": "MultiPolygon", "coordinates": [[[[35.217601412845426, 31.74768692833679], [35.217535077525426, 31.747566479317253], [35.217530366541894, 31.747568245616833], [35.21749808926716, 31.747512493251897], [35.2174765891401, 31.74748348489941], [35.21736840207135, 31.747288515182287], [35.21735488135851, 31.747264146891506], [35.21731313067372, 31.747280496182896], [35.216230418657595, 31.747651083183083], [35.21624322770458, 31.74767468148201], [35.216369175588945, 31.747906737962513], [35.21647145600086, 31.748090690323334], [35.216516216435906, 31.748165827822547], [35.21656902955736, 31.748256907356822], [35.21657513345678, 31.748269307146078], [35.21662178163521, 31.748348486496095], [35.21661831434047, 31.748321905840292], [35.216622500660996, 31.748294642654113], [35.2166359015375, 31.748274885542283], [35.21666434524943, 31.748249746570487], [35.21706681253355, 31.74811085000993], [35.2175863551074, 31.747928384571892], [35.217573911690934, 31.747910724121052], [35.21752822316316, 31.747845345053314], [35.21751151097066, 31.747821915029757], [35.217554385011994, 31.747807100499436], [35.217585715790094, 31.747796275111757], [35.2176005340675, 31.74778601237839], [35.217613411236165, 31.74777398944267], [35.21762406449006, 31.747760468771567], [35.21763225746596, 31.747745750704762], [35.2176123094732, 31.74770761914673], [35.217601412845426, 31.74768692833679]]]]}}, {"type": "Feature", "properties": {"plan_name": "101-0939975", "pl_name": "פרוייקט מגורים ומסחר ברח' אליהו מני, מחנה יהודה, ירושלים.", "dunam": 0.429, "source": "xplan_blueline"}, "geometry": {"type": "MultiPolygon", "coordinates": [[[[35.2107470334752, 31.785811174795327], [35.21061702164234, 31.7855517489072], [35.21061670067906, 31.785551815659073], [35.21054078879361, 31.78557014293962], [35.21047976331081, 31.785579860497776], [35.21049743196036, 31.78562159139641], [35.21051939002102, 31.785673455160197], [35.210601034052075, 31.785829070908548], [35.21061177309336, 31.785849506078087], [35.2107470334752, 31.785811174795327]]]]}}, {"type": "Feature", "properties": {"plan_name": "101-0944512", "pl_name": "התחדשות עירונית ברחוב יוסי בן יועזר בירושלים", "dunam": 9.636, "source": "xplan_blueline"}, "geometry": {"type": "MultiPolygon", "coordinates": [[[[35.20442993390391, 31.75157637044931], [35.2043914001816, 31.751578594407963], [35.20435352293327, 31.75158504079272], [35.204316931189936, 31.751595600481288], [35.20428223709658, 31.751610099419143], [35.204234466215425, 31.751625600282857], [35.20407944872173, 31.75168203565845], [35.203991056325215, 31.751704722228098], [35.20393844933548, 31.751725929839917], [35.203915229791086, 31.751738566407234], [35.203894213967494, 31.75175375970883], [35.203875783931714, 31.751771232880916], [35.20386050854653, 31.751793676130106], [35.203849906596076, 31.75181800695813], [35.203844285218196, 31.751843521026654], [35.20385417757116, 31.75206799565234], [35.20386176315956, 31.752225396457245], [35.20386588526534, 31.752303110241233], [35.203870172090895, 31.752369058558152], [35.203866874749785, 31.75239660449096], [35.20386126805212, 31.7524338777116], [35.203849888000356, 31.752487988349074], [35.20387114237817, 31.75249987294568], [35.20476469883764, 31.752514982889714], [35.20515302364548, 31.752129644505175], [35.205046983452576, 31.752048195893572], [35.2050352765172, 31.752040445500107], [35.20494726545985, 31.75196127657411], [35.20491718550081, 31.75194387109956], [35.204867020516154, 31.75189926605647], [35.20481818542328, 31.751854408472205], [35.204763935964685, 31.75179813352976], [35.2047119029662, 31.751738792285483], [35.204629273052944, 31.751659736754466], [35.204577862940255, 31.751609377827762], [35.20454306962158, 31.751595047562116], [35.204506407153644, 31.751584666467465], [35.20446848451528, 31.75157840589232], [35.20442993390391, 31.75157637044931]]]]}}, {"type": "Feature", "properties": {"plan_name": "101-0946111", "pl_name": "בנוי חדש במתחם עדן למגורים, מסחר, מבני ציבור ומלונאות, ירושלים", "dunam": 4.406, "source": "xplan_blueline"}, "geometry": {"type": "MultiPolygon", "coordinates": [[[[35.216945347103994, 31.782556300957882], [35.2166275272348, 31.782330240508085], [35.216534096047816, 31.78237002062424], [35.216499356501316, 31.782336114732068], [35.21635830935684, 31.782373825008126], [35.21622929756819, 31.782408287382868], [35.21602870620663, 31.78246178502774], [35.21601075610857, 31.78244708666836], [35.21587382628485, 31.782485968423785], [35.21597130786643, 31.782751100683956], [35.21598810051927, 31.782796732280588], [35.2159898959611, 31.78280161107367], [35.21599936244769, 31.7828211323502], [35.21601197078404, 31.782839311400494], [35.216027465425796, 31.782855782099794], [35.21604553593117, 31.782870211696405], [35.216065816962164, 31.782882309830118], [35.21608902752301, 31.782892199084078], [35.21611369996543, 31.78289903546934], [35.21613928737145, 31.782902666624484], [35.21616522277184, 31.782903012337616], [35.21619092970428, 31.782900064545476], [35.21623622190901, 31.782892484877742], [35.216246568381145, 31.78289077041735], [35.21645793193276, 31.78285566895643], [35.21670761943333, 31.782814160373785], [35.21673149527456, 31.782808803833916], [35.21675418401913, 31.78280049658302], [35.21677518841544, 31.782789420841883], [35.21679405028435, 31.782775817447394], [35.2168103547425, 31.782759985851968], [35.21682374603744, 31.78274227239812], [35.21685942416645, 31.782687617376357], [35.21689035223075, 31.78264035790254], [35.216945347103994, 31.782556300957882]]]]}}, {"type": "Feature", "properties": {"plan_name": "101-0948356", "pl_name": "התחדשות עירונית - מתחם הרדוף", "dunam": 17.768, "source": "xplan_blueline"}, "geometry": {"type": "MultiPolygon", "coordinates": [[[[35.1815020578595, 31.739295310414352], [35.18153357040628, 31.73929743540668], [35.18155407903673, 31.739296925028896], [35.18158905635809, 31.739293695463076], [35.18164357536547, 31.73928252049969], [35.18165930033374, 31.73927780845015], [35.18170673620409, 31.739258032187852], [35.18171172411187, 31.73925552954899], [35.18175476711557, 31.739230074461258], [35.18178700795087, 31.73920547419867], [35.18180172611921, 31.739192201625254], [35.18183330870087, 31.739157765695268], [35.18185630079754, 31.739125054373748], [35.18186226140307, 31.739114929493436], [35.181865511009235, 31.73910901756129], [35.18188762098064, 31.73906708199098], [35.18192536167471, 31.738982093210517], [35.181934677385684, 31.738957317517542], [35.18191949268163, 31.738944993813927], [35.18193881916742, 31.738892558444654], [35.18194715155122, 31.738849392120734], [35.18195435691919, 31.738806077694854], [35.18195836245549, 31.738798658005432], [35.18197003384824, 31.73868491014043], [35.18197427635035, 31.73859613129717], [35.18197224765201, 31.73859798513723], [35.18184861511206, 31.73871099178248], [35.18146311591276, 31.738728058134278], [35.181309811455804, 31.738614127243242], [35.18129740944538, 31.738411209494924], [35.18127250656423, 31.738404260762746], [35.18109880550247, 31.738412255586717], [35.18109502235461, 31.73834885507277], [35.18109604034664, 31.738076046625668], [35.18109162899025, 31.7379928955497], [35.18107152864434, 31.737965470322873], [35.181047533567806, 31.73793273430611], [35.18094768471772, 31.738011717763296], [35.1807464293533, 31.73806822639355], [35.18056808974268, 31.738060256947296], [35.18044178718066, 31.738005942113205], [35.180220738469735, 31.737884692199312], [35.18005962385268, 31.737786270074213], [35.17997163697034, 31.737699044670034], [35.17989770219527, 31.737547790780756], [35.17986616073497, 31.73750557828712], [35.17986167652473, 31.737502974694618], [35.17986406990055, 31.73754295041694], [35.179853884745576, 31.73753375683468], [35.17984972126933, 31.73753140762427], [35.1798473704779, 31.73753007965329], [35.17983622777015, 31.73752650439092], [35.17982797158207, 31.73752558111329], [35.17982385814554, 31.737525560480172], [35.17982377590396, 31.737525297125085], [35.179817395556064, 31.7375260029435], [35.17980644089628, 31.737529633470793], [35.17980083486527, 31.737539282150696], [35.179798181793636, 31.73754773915841], [35.17979728461824, 31.737556472469887], [35.17979648206256, 31.73756654774766], [35.179800073249744, 31.737578149797617], [35.179823292684645, 31.73765294442879], [35.17983775457037, 31.737699276887867], [35.17984523012685, 31.73772325843324], [35.17984802456566, 31.737746986560065], [35.17985250998579, 31.737785090449826], [35.17986166123338, 31.73786551529836], [35.17984815975272, 31.737978802690048], [35.179860421764666, 31.738084039742382], [35.179864360292555, 31.738115193893584], [35.179863072382, 31.738141029750935], [35.17988798212499, 31.738177380766963], [35.17989583608697, 31.73822328627401], [35.17990490825898, 31.738267628211993], [35.179912144028904, 31.738296770072136], [35.17992424843452, 31.738335566233122], [35.17995375390104, 31.738408469963435], [35.17997288037867, 31.738446484661832], [35.17998610108061, 31.738470072287395], [35.17999100806698, 31.738478388252883], [35.179992402540236, 31.738480708069407], [35.18003686329138, 31.738546553180242], [35.18005479074211, 31.738569521226744], [35.1800754277724, 31.738593995871334], [35.180088446170295, 31.738608487421768], [35.180118102164926, 31.73863912880171], [35.1801500753261, 31.738670746413266], [35.180164649834644, 31.73866670169548], [35.18021465461568, 31.738718754953105], [35.18020971535298, 31.73872894849095], [35.18033248949963, 31.7388419604734], [35.18034199756307, 31.738850336814856], [35.1803543415903, 31.738861208198024], [35.18038514918382, 31.73888731163957], [35.180409819858724, 31.738886477564606], [35.18042758535758, 31.738899671313373], [35.18044939314418, 31.738918978535082], [35.18044589479988, 31.738939779872204], [35.18047762980337, 31.738962701750417], [35.18049189057036, 31.738972368612462], [35.18059763474057, 31.739029159632587], [35.180676534949264, 31.739051563575046], [35.18068300512042, 31.739054901610675], [35.18075391136329, 31.73908643070609], [35.18082785618845, 31.73911236526724], [35.18120666440576, 31.739231159202994], [35.181262974433416, 31.73924898089908], [35.18137950515206, 31.7392858604521], [35.181413906588034, 31.739294242104997], [35.18144940561114, 31.73929801821565], [35.18148516222721, 31.73929710025131], [35.1815020578595, 31.739295310414352]]]]}}, {"type": "Feature", "properties": {"plan_name": "101-0955450", "pl_name": "זאפה תלפיות - מרכז מסחר, תעסוקה, תרבות ומגורים", "dunam": 5.047, "source": "xplan_blueline"}, "geometry": {"type": "MultiPolygon", "coordinates": [[[[35.21779311296606, 31.753689785102853], [35.21777549758586, 31.753646738307786], [35.21782379636827, 31.75362627577888], [35.217865061959465, 31.75360832471146], [35.218152936028766, 31.753490556306755], [35.217943277962284, 31.75304814465026], [35.21784887725325, 31.753095256205896], [35.217600546195776, 31.753219192058765], [35.217570250652244, 31.75323431191804], [35.217523708673845, 31.75325753742275], [35.21706833904548, 31.753484797918336], [35.21723574978899, 31.75392301987339], [35.217703212736645, 31.7537274068637], [35.21775098813934, 31.75370741337658], [35.21779311296606, 31.753689785102853]]]]}}, {"type": "Feature", "properties": {"plan_name": "101-0956904", "pl_name": "בניין מגורים מעל קומת מסחר בפרוייקט \"נווה הפסגה\", ירושלים.", "dunam": 0.646, "source": "xplan_blueline"}, "geometry": {"type": "MultiPolygon", "coordinates": [[[[35.24876106364215, 31.83306964407116], [35.24840629404212, 31.832858256761867], [35.24836141521756, 31.832950297146887], [35.2483213443865, 31.833032477014026], [35.248685700862666, 31.833161962138437], [35.248731496670125, 31.83310586298264], [35.24876106364215, 31.83306964407116]]]]}}, {"type": "Feature", "properties": {"plan_name": "101-0958025", "pl_name": "מידטאון ירושלים- מתחם שימושים מעורבים על ציר רק\"ל", "dunam": 16.936, "source": "xplan_blueline"}, "geometry": {"type": "MultiPolygon", "coordinates": [[[[35.20870227238765, 31.785933472542695], [35.20826701022742, 31.78617092840886], [35.2075715384807, 31.786550335559184], [35.207041585268094, 31.78683943972413], [35.206745686778696, 31.787000860466883], [35.20677373946676, 31.787053547229963], [35.206967029513976, 31.78731625299753], [35.20701082573199, 31.787397174185216], [35.2070603065447, 31.787474365227993], [35.20712585539963, 31.787559037568016], [35.20744872271807, 31.787383947025393], [35.207928148846065, 31.78712395219414], [35.20797612523776, 31.78710702331522], [35.20798522427572, 31.787103716913197], [35.20802282405319, 31.7870900583811], [35.20816257198589, 31.787039488148437], [35.2089419550592, 31.786816545844516], [35.20895764432587, 31.78680927374675], [35.208971807817626, 31.78679999330469], [35.208984096065926, 31.786788934500613], [35.208994207117215, 31.786776369701602], [35.2090018907558, 31.786762607346525], [35.20900695906191, 31.7867479883381], [35.209009286410975, 31.786732871613477], [35.209008815808104, 31.786717629634758], [35.20892794667838, 31.78643564524717], [35.208886223975206, 31.78629016191211], [35.20879453163971, 31.785970435799864], [35.20878909688537, 31.785960953140616], [35.20878188734242, 31.785952377793503], [35.20877310573974, 31.785944947836967], [35.208762998093114, 31.785938871587323], [35.20875184525836, 31.785934319482326], [35.20873996081939, 31.785931418670387], [35.208727321551, 31.785930242201207], [35.20871463380234, 31.785930933443044], [35.20870227238765, 31.785933472542695]]]]}}, {"type": "Feature", "properties": {"plan_name": "101-0961151", "pl_name": "מבנה חדש למסחר תעסוקה ומגורים, לובינסקי, תלפיות", "dunam": 4.383, "source": "xplan_blueline"}, "geometry": {"type": "MultiPolygon", "coordinates": [[[[35.217695921050044, 31.752676046179886], [35.217502440987495, 31.752252013449066], [35.217288396293455, 31.752328261034975], [35.21706981308252, 31.752406123014637], [35.21670609019683, 31.75253568526604], [35.21683531081632, 31.752874048438148], [35.216886879282136, 31.75301144302876], [35.21765513261758, 31.75269202210552], [35.217695921050044, 31.752676046179886]]]]}}, {"type": "Feature", "properties": {"plan_name": "101-0967174", "pl_name": "התחדשות עירונית- קדושי בבל 10-14 (עולי הגרדום)", "dunam": 7.809, "source": "xplan_blueline"}, "geometry": {"type": "MultiPolygon", "coordinates": [[[[35.23733759126874, 31.748896056378292], [35.2373169610678, 31.748945834547847], [35.23730076584487, 31.748984273570514], [35.237294012545995, 31.74902960385687], [35.23728427561234, 31.74916145252577], [35.23725420279794, 31.749160899339987], [35.23725293735101, 31.749247471388784], [35.237251570898806, 31.749340911914874], [35.23725200165091, 31.749395100069414], [35.23725677918873, 31.749498852508818], [35.23726027544242, 31.749590571056192], [35.2372689926954, 31.74961330792846], [35.237293256549364, 31.749643280797684], [35.23732246850311, 31.74966227151741], [35.237346386804255, 31.749670082524812], [35.2373881803965, 31.74967448894263], [35.23766941997683, 31.74967107714964], [35.23776219644573, 31.74967054784507], [35.23785011169372, 31.749669983676117], [35.23792850069784, 31.74967490156562], [35.23804813250451, 31.749690305992992], [35.23814577598922, 31.749711549270355], [35.23804848729078, 31.749463279025257], [35.237963106905234, 31.74946268649755], [35.237966251787185, 31.749239855973766], [35.238048873715115, 31.74921868950898], [35.238049616194374, 31.74908891379666], [35.23817287250087, 31.74896173723478], [35.23820424198377, 31.748929368903408], [35.23820540766419, 31.748762417209367], [35.23803255860185, 31.74876153587789], [35.23785880798602, 31.7487482343367], [35.23776830167206, 31.748737363793133], [35.23743208641362, 31.748702977509332], [35.23741203391782, 31.748703089126707], [35.237353524355456, 31.748856582099975], [35.23733759126874, 31.748896056378292]]]]}}, {"type": "Feature", "properties": {"plan_name": "101-0967398", "pl_name": "התחדשות עירונית - לב הכרם - שדרות הרצל פינת רחוב תרצה", "dunam": 3.356, "source": "xplan_blueline"}, "geometry": {"type": "MultiPolygon", "coordinates": [[[[35.18619461441241, 31.77825549217268], [35.18606423416827, 31.778134807153766], [35.1858173885256, 31.77789676653144], [35.18579503526874, 31.777914240952075], [35.18571967058102, 31.777842984484067], [35.18570865743304, 31.777836732209156], [35.18569655020933, 31.77783218966352], [35.18568370888502, 31.77782949307778], [35.18567051667259, 31.777828720968134], [35.18565736524111, 31.77782989774177], [35.18564464521612, 31.777832987382517], [35.185632737732845, 31.77783789886067], [35.185621994377556, 31.77784448522811], [35.18552871420079, 31.777918945493877], [35.185521029806196, 31.77791250340702], [35.18539415480454, 31.778014376367178], [35.185293210151464, 31.778096789553867], [35.18520314757617, 31.778139342923197], [35.185144128531306, 31.77815719047584], [35.18531716407646, 31.778398206460167], [35.18537697614224, 31.77838530103526], [35.185422063838566, 31.778346708958367], [35.185433890218874, 31.778336068993934], [35.18546372274989, 31.778317152803325], [35.18553651752241, 31.77828648296228], [35.18563819368479, 31.778241225544605], [35.18571432144692, 31.778193980253185], [35.18580371959503, 31.778305551063347], [35.18585068775798, 31.77836544015114], [35.18586831403134, 31.778387898556336], [35.18591095489617, 31.77844210539353], [35.18619461441241, 31.77825549217268]]]]}}, {"type": "Feature", "properties": {"plan_name": "101-0969162", "pl_name": "שכונת גבעת שקד", "dunam": 39.096, "source": "xplan_blueline"}, "geometry": {"type": "MultiPolygon", "coordinates": [[[[35.196644985635096, 31.74989622393239], [35.196769661835646, 31.749759944607195], [35.196863116738164, 31.749648301728133], [35.19709065185896, 31.749650326062522], [35.197348160541765, 31.7496526041649], [35.19766581687018, 31.749655417019113], [35.19791970131407, 31.749657664916427], [35.19794189768449, 31.749549523985372], [35.197710742750246, 31.749547468515136], [35.197573022878565, 31.74954624374142], [35.19733240097285, 31.749544111323797], [35.196988359899045, 31.749541061630836], [35.197184062318776, 31.749288150356193], [35.197238337324585, 31.749180298135837], [35.197275770542504, 31.749039237208013], [35.19736792472745, 31.748930112727137], [35.19736795111535, 31.74893007394923], [35.19719908980859, 31.748896744970764], [35.197149012423516, 31.74888013195315], [35.19706478958379, 31.748852196998637], [35.196841165124525, 31.748778021621956], [35.19683112214794, 31.748775726733044], [35.196738449434115, 31.748754540471428], [35.19662590612586, 31.748728814849343], [35.19648954239268, 31.74871770837041], [35.19630361966589, 31.748691074249578], [35.19593634744421, 31.74867399654772], [35.195916461740204, 31.748673185371405], [35.195841905324784, 31.74866225724759], [35.19569134633333, 31.74868904269701], [35.19562308310086, 31.74866859499549], [35.19554832306514, 31.748646200625124], [35.19547139939949, 31.74849262544794], [35.195450133072505, 31.748450017180122], [35.1954455871763, 31.748442307887828], [35.195392918995545, 31.74835296017304], [35.195379557805985, 31.748330292249804], [35.19529160114189, 31.748181669111364], [35.19527561399538, 31.748160990460125], [35.195222500841204, 31.748092291290423], [35.195103615964406, 31.747938514449565], [35.19497804120544, 31.747776090107028], [35.19495477351911, 31.747740764907572], [35.19489327093631, 31.74764738868118], [35.19484666030508, 31.747509245931575], [35.19473998156626, 31.747535532111247], [35.19457774339167, 31.74757952798755], [35.194404281705594, 31.747627256418845], [35.19430634740126, 31.747655606341542], [35.194036608544224, 31.74772609280958], [35.19405684758949, 31.74777441352355], [35.1940903520747, 31.747810805695046], [35.19428871533357, 31.74803285408597], [35.19445974761179, 31.74822944094204], [35.19447850397445, 31.748249759172456], [35.194312096869254, 31.7483018313081], [35.19443130606838, 31.74851384646564], [35.19453194310965, 31.748684331899916], [35.19481870014629, 31.748566071320518], [35.194936620546365, 31.748742365613104], [35.19507234155054, 31.748962900209193], [35.19521355531883, 31.749185381230348], [35.1953439671533, 31.74944604724966], [35.19535685620051, 31.749463273405553], [35.19539979351115, 31.74960275761311], [35.195476402178684, 31.749813879521426], [35.19544426497329, 31.749813808731542], [35.19547506313821, 31.74984409845366], [35.195530146144975, 31.74989827432274], [35.19560896758501, 31.750063674553942], [35.195597253531545, 31.75016466235753], [35.19557677496452, 31.750246797384367], [35.19576589714445, 31.75028804627297], [35.19568799298996, 31.75055679079907], [35.19570782139903, 31.750587788562818], [35.19577600724901, 31.750593068978574], [35.195916666538785, 31.750598597690384], [35.196014809865005, 31.75059870157067], [35.19608700067231, 31.750596408388603], [35.196189533584125, 31.75036755381139], [35.19618162973347, 31.75030589415807], [35.19617858561089, 31.750285422079717], [35.196372297147015, 31.750154233982734], [35.196513162980835, 31.75003126716388], [35.196644985635096, 31.74989622393239]]]]}}, {"type": "Feature", "properties": {"plan_name": "101-0979070", "pl_name": "תעסוקה ומגורים במתחם קוסל, ירושלים", "dunam": 14.867, "source": "xplan_blueline"}, "geometry": {"type": "MultiPolygon", "coordinates": [[[[35.20010283642998, 31.77764280303639], [35.200138898235586, 31.77758897695041], [35.20014408592529, 31.777592065027264], [35.2001522626852, 31.777611467510013], [35.20019976062035, 31.777498131089615], [35.20020912377934, 31.777475790986696], [35.20031301383311, 31.777318513241447], [35.200319682062634, 31.777311816381378], [35.20044614597055, 31.777184864554613], [35.20060786495959, 31.776935113531973], [35.200754755734586, 31.776708259623508], [35.200731948423375, 31.77669944617895], [35.2006923470701, 31.776684142595002], [35.200671273398235, 31.776724602191116], [35.20057999979588, 31.77669079307701], [35.200557268058915, 31.77669311373612], [35.20045993779576, 31.776736797773253], [35.20039539023077, 31.776763787879748], [35.20031867834482, 31.77679831876288], [35.200261522937, 31.77682263958662], [35.20021895160568, 31.776837049626348], [35.20018249092229, 31.77684756570272], [35.20016205210131, 31.776851015472072], [35.20012669598405, 31.77685500404187], [35.20008881463784, 31.77685796622139], [35.20003376945214, 31.776860963878626], [35.19999802288286, 31.7768612981385], [35.199997458791046, 31.776868493008788], [35.19990374311415, 31.776862979498777], [35.19990489411325, 31.776857407963803], [35.199844102142066, 31.776849352370274], [35.19984516022007, 31.776844220931057], [35.19978258449128, 31.77682831020702], [35.19978421475366, 31.77682351788131], [35.19970737258406, 31.776798130056346], [35.19969692054994, 31.776807057901124], [35.199661847971456, 31.776799028415347], [35.19966363679343, 31.77679036359052], [35.199578605797775, 31.776779671789853], [35.19957750115001, 31.776786821545958], [35.19933658624613, 31.77675969566845], [35.199338170375476, 31.776749436384637], [35.19931107246814, 31.776746029956147], [35.19930189542264, 31.77679877468026], [35.1993137214407, 31.77680075379108], [35.19931009073981, 31.77682184410688], [35.199298712317116, 31.776820332167368], [35.1992904605181, 31.776864801631383], [35.19928703822753, 31.77689709101959], [35.19927393582254, 31.77702985595837], [35.19926054817715, 31.777165499558787], [35.199262984760345, 31.77716582612325], [35.199256560548456, 31.777226121165945], [35.19925396560177, 31.777225864938604], [35.199249717592735, 31.777260306083885], [35.1992611362136, 31.77726131480189], [35.19925731698554, 31.777292906146204], [35.199256913702015, 31.77729287005633], [35.19924220511576, 31.777412475252174], [35.19923710277655, 31.777470281263195], [35.19923397626268, 31.777498689134365], [35.199212751558946, 31.777544534273325], [35.19919854161155, 31.777580637103828], [35.19918882159121, 31.77761781060113], [35.19918369815397, 31.777655647138367], [35.19916468061336, 31.77791373165307], [35.19916539857419, 31.777950187708125], [35.199172877455915, 31.777986084898153], [35.19918693045292, 31.778020513256646], [35.19920719972796, 31.77805260158837], [35.19923317330193, 31.778081535507226], [35.19926419138633, 31.778106581786407], [35.19929946855236, 31.778127107298538], [35.199338111677626, 31.77814259164242], [35.199461839122485, 31.778182245023007], [35.19950026905323, 31.778197476793824], [35.19953557906114, 31.77821747376263], [35.19956696576117, 31.778241780471898], [35.199593715508094, 31.778269844069076], [35.19961521812021, 31.77830102512887], [35.19961740540911, 31.778304715544362], [35.199627536250375, 31.77832476294807], [35.19963414511682, 31.778345856355312], [35.19963709161665, 31.77836754664458], [35.199636313482635, 31.77838937207119], [35.19966802123015, 31.778350828561347], [35.1997683751765, 31.778219767671647], [35.1998264969276, 31.778143861798643], [35.19998554809856, 31.777897500627635], [35.20010283642998, 31.77764280303639]]]]}}, {"type": "Feature", "properties": {"plan_name": "101-0980193", "pl_name": "רוממה- רח' המ\"ג ורח' גדרה", "dunam": 3.28, "source": "xplan_blueline"}, "geometry": {"type": "MultiPolygon", "coordinates": [[[[35.19989755298091, 31.793348165565494], [35.19989977124443, 31.793330219048638], [35.1999046599125, 31.793246005499523], [35.19990614996778, 31.79322041857702], [35.199576348068895, 31.79320684470439], [35.19958913614683, 31.79310357560608], [35.199589150668, 31.7928221152636], [35.19957364811827, 31.792819416376886], [35.1993502218084, 31.792828341362224], [35.19934016944756, 31.79283229282319], [35.199289296126764, 31.792835320977993], [35.19928112351794, 31.792834588357636], [35.199258052074725, 31.792835970852494], [35.199265046011455, 31.79299532788896], [35.19926979469352, 31.793009037836008], [35.19930016602192, 31.793096721248478], [35.199245704872276, 31.793094897348826], [35.19922706825853, 31.793094272523188], [35.199226568948234, 31.79314899609185], [35.199225899734955, 31.79322098085083], [35.199225955641865, 31.79327906108541], [35.19918070811722, 31.793278624559026], [35.19917489009566, 31.79327856840725], [35.19915441061456, 31.79330169252251], [35.19915543034702, 31.793306490347586], [35.19916136295449, 31.793334397095208], [35.199117885072795, 31.793334395305386], [35.19911787661172, 31.79348370736591], [35.199281037191625, 31.79348371400595], [35.19928103782716, 31.793472139805257], [35.199315646283594, 31.793470075975684], [35.19934594240848, 31.793468269892166], [35.1993684402327, 31.793337684502422], [35.19944668273131, 31.793336785719788], [35.1994674833768, 31.79334914171771], [35.19949240008267, 31.79339892418616], [35.199508553486844, 31.793435719833717], [35.19950760199913, 31.793458085402694], [35.19950548956445, 31.79346998959561], [35.1995294436025, 31.793474265227132], [35.19986444980848, 31.793534073079424], [35.19986639531484, 31.793523211400508], [35.19986913497454, 31.793510026612665], [35.19988973625872, 31.793410933279986], [35.19989755298091, 31.793348165565494]]]]}}, {"type": "Feature", "properties": {"plan_name": "101-0986067", "pl_name": "פרוייקט מגורים פינוי - בינוי ברח' קוסטה ריקה 14-16, קרית מנחם", "dunam": 1.569, "source": "xplan_blueline"}, "geometry": {"type": "MultiPolygon", "coordinates": [[[[35.17205383781332, 31.754006040066983], [35.172069660668875, 31.75398331940393], [35.17207499153865, 31.753987052587988], [35.172130778563734, 31.75393278650607], [35.17213421417491, 31.753929446943715], [35.172077357094615, 31.75386771211014], [35.17194788120142, 31.75381636066103], [35.17179379146152, 31.753755246633744], [35.17154415994259, 31.754209133165364], [35.17169424042224, 31.754273695115018], [35.17180248737081, 31.754204239333163], [35.17188208834839, 31.754148796228844], [35.1719019191794, 31.754134185994506], [35.17197393797492, 31.754077754281358], [35.17205383781332, 31.754006040066983]]]]}}, {"type": "Feature", "properties": {"plan_name": "101-0987016", "pl_name": "פינוי בינוי ברחוב סן-מרטין 1", "dunam": 3.794, "source": "xplan_blueline"}, "geometry": {"type": "MultiPolygon", "coordinates": [[[[35.194487022863484, 31.75613229977509], [35.19448959575087, 31.756135827989404], [35.1945511427979, 31.756237230703608], [35.194573175149806, 31.75627520906041], [35.19460605904857, 31.756362381140764], [35.19463203996328, 31.756451239132048], [35.19463981455146, 31.756472459218024], [35.19465150935658, 31.75649232232739], [35.19466681412253, 31.75651030626767], [35.19468532570477, 31.75652593393132], [35.19470634854969, 31.756539097944756], [35.194729671638584, 31.75654903623237], [35.194754626876936, 31.75655546285792], [35.1947804933845, 31.756558192888082], [35.19583397708599, 31.756613734931978], [35.196021050719175, 31.75662240324335], [35.19603526668621, 31.756567824567448], [35.19592019990314, 31.756519447469387], [35.19554476081181, 31.75635053903985], [35.19538773912587, 31.756280144526244], [35.19531028004109, 31.756381472051856], [35.19521544105906, 31.756376829786017], [35.194621055341486, 31.75612110920706], [35.194487022863484, 31.75613229977509]]]]}}, {"type": "Feature", "properties": {"plan_name": "101-0992032", "pl_name": "התחדשות עירונית רח' אבשלום חביב - מתחם ד'", "dunam": 7.096, "source": "xplan_blueline"}, "geometry": {"type": "MultiPolygon", "coordinates": [[[[35.237553979311, 31.75178398561401], [35.23757666329975, 31.751762155062686], [35.2377145602697, 31.751628465664982], [35.23775539190744, 31.75159084804847], [35.237658898285034, 31.751514306662507], [35.23758605421975, 31.751459673870784], [35.23758485852054, 31.751066650198283], [35.23765449752601, 31.751013693737747], [35.23757502709164, 31.751021831069455], [35.2375309046993, 31.751059108590272], [35.237494628044544, 31.75108976090815], [35.23744629012547, 31.751091126228395], [35.23744712795753, 31.751072818560065], [35.23741546461548, 31.751071023083277], [35.23728955203365, 31.751069432344362], [35.23723788059882, 31.75106939337215], [35.23720047427113, 31.75106936513498], [35.237183497726896, 31.75111410101221], [35.237167892550595, 31.751156942659787], [35.237145748998365, 31.75121475661125], [35.2371526164936, 31.751283226513525], [35.23712709083103, 31.75127969423694], [35.237109262575224, 31.75130368789038], [35.2370576817972, 31.751387843252115], [35.23700831776734, 31.751473260607067], [35.23699414129561, 31.751497453518084], [35.23699556868314, 31.751534859871864], [35.23696601807129, 31.75153883554956], [35.23694554976296, 31.751558861737106], [35.236843009999646, 31.751696238865037], [35.23682349654977, 31.751730694305774], [35.2368101078561, 31.75177452737037], [35.236787099923816, 31.751775885991258], [35.23676504533233, 31.75178716465822], [35.23663749547769, 31.751936632689862], [35.236619459633346, 31.751971448461923], [35.23661345797271, 31.75201275446969], [35.23661568232133, 31.752035660763458], [35.23662624326008, 31.752054687015217], [35.236651476654465, 31.75207921080374], [35.2366725906097, 31.75209435644603], [35.236693280236416, 31.75210327946372], [35.236786381422434, 31.752137165181374], [35.236828373363174, 31.75214733722356], [35.236871260244115, 31.75215426238266], [35.236914700080575, 31.752157885732636], [35.23697188876544, 31.752157589742012], [35.23702864482686, 31.752151579748414], [35.23708418726107, 31.75213993802072], [35.23713775514549, 31.75212282348081], [35.23718861291651, 31.752100471702008], [35.23723605986747, 31.75207319039721], [35.23727944703373, 31.75204135310148], [35.23728098745762, 31.75203990975217], [35.237455962529225, 31.75187626981459], [35.237553979311, 31.75178398561401]]]]}}, {"type": "Feature", "properties": {"plan_name": "101-0996140", "pl_name": "עיבוי בינוי לאורך ציר רק\"ל ברחוב יקותיאל אדם פסגת זאב ירושלים", "dunam": 88.671, "source": "xplan_blueline"}, "geometry": {"type": "MultiPolygon", "coordinates": [[[[35.23422295536785, 31.821117401796936], [35.234372004528204, 31.82103148682181], [35.23447337644295, 31.821064939007385], [35.234536975644545, 31.821074803555895], [35.234601434869184, 31.821078941216438], [35.23464995653023, 31.8210757471102], [35.234697242356425, 31.821065918480084], [35.23474205453387, 31.82104971264562], [35.23478322290329, 31.821027552849568], [35.23478570774247, 31.821022978149035], [35.234756231056515, 31.821010859114534], [35.23463380305135, 31.820934239516912], [35.23459890485313, 31.820912399953293], [35.23459409558926, 31.82090821297341], [35.234543477742655, 31.820870152211967], [35.234496416237384, 31.820828898092827], [35.23448515366073, 31.8208186901815], [35.23445113248805, 31.820784702652034], [35.23442051341758, 31.8207474767227], [35.2344098449522, 31.82073228692776], [35.234382653966556, 31.82069375612667], [35.23437329374773, 31.820680548253502], [35.23436605328774, 31.820670404315624], [35.2343407865953, 31.820631362613227], [35.23432655315766, 31.820605495923438], [35.234322566523, 31.820597448885618], [35.23430256783887, 31.820557101882255], [35.23429839730869, 31.82054868693813], [35.23428834697201, 31.820524291055168], [35.23428093500943, 31.82050629577664], [35.23426016541021, 31.82044652342018], [35.23425501811901, 31.820422407755576], [35.23424581246022, 31.820380621585077], [35.2342390423227, 31.820338497555966], [35.234237732106116, 31.820330330844985], [35.23423382024008, 31.820285420376184], [35.23423430872091, 31.82024761713895], [35.234234652928265, 31.82022099127934], [35.23423498476733, 31.82019531776036], [35.234236682590506, 31.820180444297876], [35.23424520120877, 31.820105880377554], [35.234251872696376, 31.820081118027453], [35.23428518366201, 31.819957474022573], [35.23432665545372, 31.81987519706795], [35.234350679294856, 31.819827540248472], [35.234285659451125, 31.81979515260578], [35.23424041801341, 31.819768966720552], [35.23422903018712, 31.81976291807789], [35.23406348064686, 31.819643696309942], [35.23406741800244, 31.819603554708355], [35.234232150774595, 31.81946261344999], [35.234332693463884, 31.81938013142973], [35.23446988054933, 31.819267589718336], [35.234494664843396, 31.81924665045763], [35.23462793210769, 31.819202519114175], [35.23509371282936, 31.819131270806416], [35.235292093486564, 31.81911685654547], [35.235670617125045, 31.81909698680467], [35.23599885599832, 31.81907976179868], [35.23638554358092, 31.819059464040663], [35.2367709558872, 31.819168479586015], [35.2368199172953, 31.819187540931402], [35.23698198611161, 31.819174188433486], [35.237050404588814, 31.81916854343821], [35.23707355105165, 31.81918324642721], [35.23722050227332, 31.81917828637908], [35.237222671636545, 31.819163178275723], [35.237227520734535, 31.81914853212222], [35.237234935618154, 31.81913469064508], [35.2372447431855, 31.819121979451065], [35.237256710122914, 31.819110698910997], [35.23727075938089, 31.819100998748873], [35.23728640102511, 31.81909327589815], [35.23730325489174, 31.81908771713649], [35.23732091545011, 31.81908445694184], [35.237337754070545, 31.81908356247138], [35.23735456808319, 31.81908475394993], [35.23737100365443, 31.819088006217882], [35.23742663004142, 31.819101972036954], [35.23747108211735, 31.819116591862432], [35.23798404077947, 31.81928530446463], [35.23787012572325, 31.819449711989297], [35.238161650424715, 31.819747538154466], [35.23843098200199, 31.819654314029048], [35.238458828418416, 31.819644676780463], [35.238500175661414, 31.819463919900258], [35.238693325791, 31.819179928772026], [35.23873777806432, 31.819114569800494], [35.23875500772739, 31.819097265243276], [35.23877520940115, 31.81908248862654], [35.23879788047302, 31.819070608033588], [35.23882245704493, 31.819061918515782], [35.23884832766191, 31.819056636678145], [35.23888218674685, 31.819055435278116], [35.238915804711276, 31.819059084906186], [35.238948235170135, 31.81906748210853], [35.23909585500183, 31.819117024830703], [35.23911957375232, 31.819124797589684], [35.239236764763135, 31.819163205373666], [35.23926514194188, 31.81917250634213], [35.239267639099964, 31.819173324524016], [35.239316933687, 31.81918947910422], [35.2393468425578, 31.819199282858023], [35.239595990049416, 31.819279930220596], [35.23984203768029, 31.819362430327416], [35.23991613727396, 31.819326071113416], [35.23991906602559, 31.819325840327714], [35.23992191012515, 31.819325201936053], [35.23992459353288, 31.819324173094582], [35.23992704232584, 31.81932278268264], [35.2399291899773, 31.819321066792316], [35.239930978414655, 31.819319073237025], [35.23993236012969, 31.81931685614018], [35.23993329500967, 31.81931447503415], [35.23993375984347, 31.819311995759353], [35.23993374198197, 31.819309484153354], [35.2399332403956, 31.819307009657717], [35.239932269896784, 31.81930463900409], [35.239903808413935, 31.819254734882254], [35.239871397466096, 31.819206618390535], [35.23983519029362, 31.819160518549413], [35.23986742450984, 31.81909734863499], [35.239963852493034, 31.818908381820627], [35.23989617650054, 31.818855057168065], [35.2398549043076, 31.81882646787477], [35.23977530469082, 31.818777668282003], [35.239691577473536, 31.81873419692516], [35.23960420859187, 31.818696307979327], [35.23951370825826, 31.818664221344083], [35.23942060462539, 31.818638124449127], [35.23932544061726, 31.81861817045182], [35.23922877075943, 31.81860447372881], [35.23913115906958, 31.81859711618979], [35.23913115273243, 31.818597116191512], [35.239048043981924, 31.818593574802463], [35.23897031388174, 31.818529094886387], [35.23911497593832, 31.818291905267078], [35.239056327859295, 31.818280303815875], [35.23867775600431, 31.81822159590471], [35.23863553864478, 31.818205857621308], [35.23843099074444, 31.818129604610856], [35.23837164614197, 31.81810748221876], [35.23827447149212, 31.81812103746727], [35.238100391394774, 31.81814531962874], [35.23806078491174, 31.81814663777676], [35.237924971633554, 31.818151161175624], [35.23787339448087, 31.818152879227224], [35.23757334776725, 31.818125769296927], [35.23748226785049, 31.818117539419607], [35.23737636285746, 31.818107969586492], [35.23725684938717, 31.818102640003637], [35.23700534937796, 31.818009103223968], [35.23692792486242, 31.817961251820133], [35.23683755304921, 31.81790539898013], [35.23669628760831, 31.81790259594739], [35.23658385638207, 31.81787663895825], [35.236561106500204, 31.81787138701179], [35.23655591389084, 31.817870187079787], [35.23645846154416, 31.81785041278319], [35.236410292491335, 31.81785420540801], [35.23623694362942, 31.81789180133929], [35.23599057606934, 31.817922054408992], [35.235927512004935, 31.817855554283213], [35.23587018930358, 31.817626819725657], [35.23587594756639, 31.817514703921308], [35.23553047249699, 31.817624390806063], [35.23516439817739, 31.817725323109514], [35.23490823076581, 31.817714941553806], [35.23488276829373, 31.81759263532457], [35.23484629280347, 31.81745970990622], [35.23472627746441, 31.81746051235115], [35.23457330020617, 31.817459107598307], [35.23448145246029, 31.817490410417825], [35.23430460735337, 31.817507763751074], [35.23429669898675, 31.817515238218768], [35.234055399673636, 31.817797558377602], [35.23388561191507, 31.81804934700754], [35.233764319091016, 31.818280975409454], [35.23375500914784, 31.81829875453696], [35.23371301468031, 31.81839086866602], [35.23368763537222, 31.818460604420675], [35.23367084596222, 31.8185067353589], [35.23369624599551, 31.81859613385739], [35.233761940779885, 31.818868772377204], [35.23373486768084, 31.818993316663185], [35.23376971053688, 31.819020086816757], [35.23380929404089, 31.819041522410984], [35.23378651839802, 31.81916202729267], [35.233783362659736, 31.81923592440029], [35.233813095967264, 31.819413277851343], [35.23375602783435, 31.819421436410924], [35.23373243972637, 31.819424809305502], [35.23375411892379, 31.819523742838992], [35.23376559952521, 31.819576136812746], [35.23373302751031, 31.81980046860961], [35.23373101665153, 31.819814314046425], [35.2337124467486, 31.819942191334356], [35.23371154881608, 31.81994837632656], [35.233678844918934, 31.819949868279647], [35.23356427590369, 31.81997604601617], [35.233559151148604, 31.820043091417133], [35.23358839309477, 31.820216913424687], [35.233588608965675, 31.82021819758831], [35.23361812129999, 31.820338030264292], [35.23368970118825, 31.82051347482894], [35.23378811947893, 31.82073468668792], [35.23396704435931, 31.821085567249312], [35.23399659640948, 31.821135502192284], [35.23413240580075, 31.82115074579782], [35.23422295536785, 31.821117401796936]]]]}}, {"type": "Feature", "properties": {"plan_name": "101-1004969", "pl_name": "התחדשות עירונית בורוכוב 49-55 קריית יובל, ירושלים.", "dunam": 4.816, "source": "xplan_blueline"}, "geometry": {"type": "MultiPolygon", "coordinates": [[[[35.17414213510792, 31.763044261558953], [35.174104805847136, 31.762915988947643], [35.174091382373554, 31.762873687507085], [35.17357190841114, 31.762976823984847], [35.17358888818083, 31.76302128895889], [35.17358889240366, 31.763021287156228], [35.17359952720415, 31.763056236149335], [35.17367948143156, 31.76331895513921], [35.173759767843926, 31.763580804771347], [35.173824561151434, 31.763791023718884], [35.17383239218165, 31.763801355307503], [35.173842060297844, 31.76381048157181], [35.173853315408124, 31.763818166168644], [35.173865866240654, 31.763824210622285], [35.173879388787064, 31.76382845793411], [35.173893532634175, 31.763830797995087], [35.17390793362932, 31.763831172098158], [35.17392221810402, 31.7638295693317], [35.173936017650526, 31.76382603109256], [35.17406165672907, 31.763790194757075], [35.174158902668594, 31.763755560034596], [35.17424950849887, 31.76371601583726], [35.174325835695576, 31.763672922160367], [35.1742797428868, 31.763517765405577], [35.174233726840896, 31.763360731011144], [35.174185963421884, 31.763202215355673], [35.17414213510792, 31.763044261558953]]]]}}, {"type": "Feature", "properties": {"plan_name": "101-1008879", "pl_name": "תכנית מפורטת למתחם הגבעה המערבית, וואדי ג'וז", "dunam": 53.783, "source": "xplan_blueline"}, "geometry": {"type": "MultiPolygon", "coordinates": [[[[35.23438005882487, 31.7912442697724], [35.23440534619583, 31.791267473545723], [35.234594966192795, 31.791549278684602], [35.234730000194254, 31.79152103523952], [35.23479056148601, 31.791508369791142], [35.2348505230608, 31.791495828911245], [35.235462334105456, 31.79133482720467], [35.2354619411024, 31.791334183387427], [35.23541422511244, 31.791256110181976], [35.235314684256394, 31.79110104601793], [35.23520831015604, 31.79094932744651], [35.2350952581193, 31.79080117356033], [35.235051971124314, 31.79072973307357], [35.23550140933001, 31.790657951251106], [35.2354819788473, 31.790587650412217], [35.235465060186144, 31.790526439496443], [35.23544726827603, 31.79044924459116], [35.23531895722497, 31.790450623178728], [35.235456550320144, 31.790048050082806], [35.23547524297383, 31.78997115108828], [35.2354752914766, 31.789970950868103], [35.235475333652026, 31.789970774097267], [35.23550317434694, 31.78985624632089], [35.23556050272108, 31.789866412259386], [35.23559859397303, 31.789847269502342], [35.23562635227169, 31.789739465831627], [35.235576617689766, 31.789641137849298], [35.2355564908442, 31.78961592374107], [35.23555133184971, 31.789609460619072], [35.2355080254779, 31.789555205730768], [35.23547233721368, 31.789510499447022], [35.23545951369963, 31.789494435406063], [35.23534145518465, 31.789346535440895], [35.23517789330889, 31.789391262150488], [35.235016910729755, 31.789442363132263], [35.234858848425574, 31.789499730093468], [35.23470403998227, 31.789563242118945], [35.23455281370501, 31.789632764768502], [35.23440548839564, 31.789708151881545], [35.234262375463764, 31.789789242870945], [35.23412442563608, 31.789870892534914], [35.23399033198227, 31.789957101753554], [35.23386030034455, 31.790047736117213], [35.233734530231516, 31.790142657610694], [35.23373343821137, 31.790141855225407], [35.2335411985798, 31.79000053968143], [35.233444290070445, 31.789929300292947], [35.233437053308336, 31.789936482389596], [35.233310335900576, 31.790062236668053], [35.23311127325298, 31.790164054308423], [35.23311772942389, 31.790213771254674], [35.23311112026225, 31.79028389977283], [35.23308411810702, 31.790374793229468], [35.23306796339989, 31.790409310260568], [35.23304997202651, 31.790459328516956], [35.23304996991475, 31.79045932851744], [35.23304532384585, 31.79047224570594], [35.23301070248396, 31.790501745443688], [35.23300495794151, 31.790506641918874], [35.232819504026075, 31.79057339252508], [35.23278615153117, 31.790547048225363], [35.23268142609569, 31.790464354843063], [35.232526498768664, 31.790577840565444], [35.23255143167767, 31.790652940227726], [35.23256731216291, 31.79079960644138], [35.23256733539762, 31.790799624473017], [35.23235416571137, 31.790816442083884], [35.23233110214649, 31.790721389682535], [35.23231006207601, 31.790634675237815], [35.23224813657063, 31.790653524620485], [35.23211177240934, 31.790695029979062], [35.23206619323413, 31.790541727218194], [35.231864702678365, 31.790596553996586], [35.23170305734051, 31.790640539018984], [35.23158680022616, 31.790672173377853], [35.23175306605779, 31.79110079456716], [35.23177723658761, 31.79116309924417], [35.231788517673195, 31.791299348486746], [35.23179582242015, 31.791328535841448], [35.2318083959014, 31.791378785416775], [35.23193009443153, 31.79135666228138], [35.23197507041941, 31.791348485487067], [35.23204693822661, 31.791335420279527], [35.23206959408711, 31.79133130116468], [35.23209295042289, 31.791325078804384], [35.23211874012065, 31.7913774971008], [35.23215436779557, 31.79144150458499], [35.23219672585366, 31.791502447040877], [35.23224545620537, 31.791559810491837], [35.232300146916344, 31.791613109831523], [35.23236033748878, 31.791661896037695], [35.232425516749345, 31.791705755270996], [35.23249513657804, 31.791744316989067], [35.23256860874166, 31.79177725665288], [35.232645310173424, 31.7918042957258], [35.23272459564517, 31.79182520527863], [35.232805792489216, 31.791839808696256], [35.23288821749375, 31.791847983477957], [35.232971172679086, 31.79184965853276], [35.233053956915604, 31.791844822293683], [35.23313587225712, 31.79183351369766], [35.23321622605523, 31.7918158284982], [35.233294339406534, 31.7917919174595], [35.23336955137529, 31.791761980944326], [35.23387896920158, 31.79153432272283], [35.233985153940125, 31.79148421263869], [35.23408856557398, 31.791430036719873], [35.23418899084206, 31.791371905949177], [35.23428622176763, 31.791309941228842], [35.23438005882487, 31.7912442697724]]]]}}, {"type": "Feature", "properties": {"plan_name": "101-1011840", "pl_name": "התחדשות עירונית ברחוב בן יוסף 22-48, ירושלים", "dunam": 9.586, "source": "xplan_blueline"}, "geometry": {"type": "MultiPolygon", "coordinates": [[[[35.23609469123468, 31.748545741575604], [35.23597700216542, 31.748508795157328], [35.235929974513134, 31.748517150681796], [35.23583231477765, 31.74862996139276], [35.23576039778171, 31.748710681644823], [35.235680746575504, 31.748809833863934], [35.23565031391764, 31.74884987965512], [35.23563881727036, 31.748865010027142], [35.23560945165894, 31.748870688029942], [35.23560322943293, 31.74887189081252], [35.235499728041454, 31.749053210460502], [35.23538841835079, 31.74929145097381], [35.235378688138525, 31.749312276945346], [35.23536008735048, 31.74935558266095], [35.23528022335189, 31.749541508404096], [35.23524292830764, 31.749626938406106], [35.23519324576961, 31.74974074524181], [35.2351750558777, 31.74978241488127], [35.23517125717482, 31.749791116800427], [35.235097085580726, 31.74996506634226], [35.235072744638266, 31.750025852955588], [35.23504183658172, 31.75009851844305], [35.23502741603988, 31.75013242226648], [35.23501389611315, 31.750164208339488], [35.234978459518935, 31.75024752208075], [35.23495563566938, 31.75024915448776], [35.234896462670996, 31.75030018604416], [35.23498660622289, 31.75060352883915], [35.235276555358276, 31.75063661789957], [35.23532062752863, 31.750579500579878], [35.235365179736554, 31.750531520620882], [35.235376969868774, 31.750496868869952], [35.23537978128924, 31.75047089685469], [35.23538748646776, 31.750466474135923], [35.23539067967808, 31.750395370097497], [35.235397941050444, 31.75036404725397], [35.235495339219, 31.75027630826051], [35.23550330308707, 31.750269133040508], [35.23553321780166, 31.750262976951156], [35.23552849579964, 31.75015555754344], [35.23554146987652, 31.75013945463414], [35.2355428722528, 31.74999055607034], [35.23571110710583, 31.74986576800218], [35.2357067984117, 31.749607211883664], [35.23584312813255, 31.74947197187419], [35.23586431209413, 31.749471575241046], [35.23587392387739, 31.749232100518995], [35.23583012448982, 31.749231570229558], [35.23581711510286, 31.749161386439436], [35.23581613352288, 31.74898004185235], [35.23581602536772, 31.74895980627692], [35.23583688893662, 31.748948594799973], [35.23588798629944, 31.748921139026788], [35.23602101599718, 31.74885540483828], [35.23608959767713, 31.74880522535698], [35.23609794241909, 31.748634098151047], [35.23609469123468, 31.748545741575604]]]]}}, {"type": "Feature", "properties": {"plan_name": "101-1012665", "pl_name": "תוספת שטחים שינוי קווי בנין, תוספת יח\"ד ותוספת שימושים.", "dunam": 2.161, "source": "xplan_blueline"}, "geometry": {"type": "MultiPolygon", "coordinates": [[[[35.20535010045217, 31.792986000968117], [35.20539931663998, 31.792858193764243], [35.205340919153926, 31.792859426129866], [35.20533304547939, 31.792771753006978], [35.20543547163609, 31.79276430120608], [35.20544800898321, 31.79273174290907], [35.205268781246104, 31.79274824793875], [35.20506592033578, 31.79276167757431], [35.20502231578445, 31.79272837468967], [35.20501365051891, 31.792643473802404], [35.20500300433523, 31.792547281898116], [35.20487301119514, 31.79257528276551], [35.204683963730744, 31.792560145084956], [35.204744254137616, 31.79279866331604], [35.20479208711417, 31.792985073293544], [35.20490454057762, 31.793014382648302], [35.20535010045217, 31.792986000968117]]]]}}, {"type": "Feature", "properties": {"plan_name": "101-1015262", "pl_name": "סנהדריה המורחבת, ירושלים - מתחם מגורים חדש", "dunam": 17.607, "source": "xplan_blueline"}, "geometry": {"type": "MultiPolygon", "coordinates": [[[[35.21736493214651, 31.804845192472357], [35.21732213922823, 31.804843086530237], [35.21732195796667, 31.804845786649558], [35.21724815122168, 31.804842161530022], [35.21726131691612, 31.804683130206406], [35.21717674794408, 31.804669436218127], [35.21717594370579, 31.804672762275022], [35.21672908654648, 31.80456793354121], [35.21667796340778, 31.80454694732347], [35.21641454769976, 31.804437963806187], [35.21631193840176, 31.804395563659707], [35.215946383891215, 31.804230642317744], [35.21565308024823, 31.80401787828464], [35.215449824238, 31.804241701500846], [35.215411364908185, 31.80421617923323], [35.215342348854335, 31.804167633875956], [35.215276909224045, 31.804115602573265], [35.21521528681475, 31.80406027649961], [35.21515770763915, 31.80400185945659], [35.21502484466862, 31.80409163411975], [35.21509560663062, 31.804162979756104], [35.21508603143484, 31.80417038284302], [35.21505646531637, 31.804193248707463], [35.214923645687335, 31.80429598807296], [35.21494099262068, 31.80431996829496], [35.2150109931451, 31.80440844985079], [35.215087392891796, 31.804492981683115], [35.215169886636595, 31.804573229224772], [35.215258145920146, 31.804648870536212], [35.21524529988835, 31.804663016049865], [35.215423756799915, 31.804770615139955], [35.21552056293444, 31.804828404557746], [35.215621285404566, 31.804881088254717], [35.2157255545642, 31.80492847145779], [35.21590604447155, 31.80500296504307], [35.21596309237067, 31.80502651224827], [35.21632121122197, 31.805174317347635], [35.2163627514022, 31.80518963656165], [35.216405666160355, 31.805201883974544], [35.2166468332342, 31.805278623550002], [35.21667716410346, 31.80520961203783], [35.21676864234051, 31.80522511657386], [35.21686095959455, 31.80523642200759], [35.216953852895294, 31.805243495897123], [35.21700333709676, 31.805245927764705], [35.21721540977754, 31.805238282429304], [35.217218830657174, 31.805187496021365], [35.21737404822797, 31.805195118835993], [35.217418052184755, 31.805194369419738], [35.21746126743781, 31.805187243178093], [35.21750243521036, 31.80517394766417], [35.217540356946934, 31.805154869891958], [35.21757393021795, 31.805130564608483], [35.21760217617535, 31.80510173895922], [35.21762427334317, 31.80506923354543], [35.21763957978985, 31.80503399266075], [35.217647647909295, 31.804997043546894], [35.21764824447929, 31.80495946031772], [35.217641351712665, 31.804922337805646], [35.21762821338841, 31.80488400116821], [35.21760766945519, 31.804848116492582], [35.21758031250207, 31.80481571721934], [35.2175469304668, 31.804787738467965], [35.217508485510365, 31.80476498547529], [35.21746608761375, 31.804748116463923], [35.21742095866949, 31.804737616493327], [35.217374399744536, 31.80473378934696], [35.21736493214651, 31.804845192472357]]]]}}, {"type": "Feature", "properties": {"plan_name": "101-1016484", "pl_name": "תוספת קומות לבניין למגורים, מסחר ותיירות ברחוב בן יהודה 42.", "dunam": 0.269, "source": "xplan_blueline"}, "geometry": {"type": "MultiPolygon", "coordinates": [[[[35.21443393095212, 31.78085487883699], [35.21429127298854, 31.780822540991608], [35.21424726069243, 31.780845070586192], [35.21424267613609, 31.780860824294795], [35.21432253573133, 31.780976134652644], [35.214337483276545, 31.780996329305346], [35.214386197825725, 31.780972266181628], [35.21450371049052, 31.780913283728573], [35.21446873604423, 31.78086274013583], [35.21443433848607, 31.780854970792575], [35.21443393095212, 31.78085487883699]]]]}}, {"type": "Feature", "properties": {"plan_name": "101-1019140", "pl_name": "פינוי בינוי ברחוב מעלות דפנה 125, ירושלים", "dunam": 2.11, "source": "xplan_blueline"}, "geometry": {"type": "MultiPolygon", "coordinates": [[[[35.225244132772104, 31.79841315812902], [35.225198567940865, 31.798375003401883], [35.22519865877613, 31.79837510439292], [35.225195761757554, 31.798372792553415], [35.22519251002003, 31.798370854132823], [35.22518897009792, 31.798369328801144], [35.22512610802867, 31.79834715925033], [35.225097759381946, 31.79831726792948], [35.22507160003001, 31.798302815716692], [35.224792119278455, 31.798207491435853], [35.22471809015804, 31.798371123790446], [35.22469904180122, 31.79837649276901], [35.22464604486216, 31.79848121364881], [35.22465325053673, 31.79849960098241], [35.22462091016955, 31.798565277984352], [35.224734180381255, 31.798600079899494], [35.22492057138395, 31.798661005208633], [35.225138602961266, 31.798738158176455], [35.22517559634289, 31.79875124863348], [35.22524399411924, 31.798679642316184], [35.225278502990534, 31.79861377000433], [35.22531949685745, 31.798535521592562], [35.22531580353189, 31.79851869931039], [35.22530876986311, 31.798495699985594], [35.22529803529188, 31.79847376814298], [35.22528381216594, 31.798453335727224], [35.225244132772104, 31.79841315812902]]]]}}, {"type": "Feature", "properties": {"plan_name": "101-1019157", "pl_name": "פינוי בינוי רחוב סן מרטין 19-21, ירושלים", "dunam": 3.634, "source": "xplan_blueline"}, "geometry": {"type": "MultiPolygon", "coordinates": [[[[35.19367594786537, 31.75401495977991], [35.193723869380094, 31.75398204647215], [35.19381816825785, 31.753924794411816], [35.193885997953274, 31.753889440496398], [35.193942256493486, 31.753864824761937], [35.19402184338945, 31.7538337392648], [35.19409435401133, 31.753806758343107], [35.19417828034392, 31.75378014624716], [35.19417187410066, 31.753738356061422], [35.19422622104621, 31.753723422250907], [35.194178700127374, 31.753417034797874], [35.19412657721565, 31.75342213325069], [35.19391652592572, 31.753458005981166], [35.193698593182525, 31.75350514895829], [35.19357547062448, 31.75354116005321], [35.19350470017835, 31.753561858580024], [35.19329677400222, 31.753650982587175], [35.19340393248435, 31.753790114011455], [35.19334405052519, 31.753840963852266], [35.19336990913427, 31.75385911300512], [35.19342553124536, 31.75389815323809], [35.19357871814089, 31.75400567339801], [35.1935827272522, 31.75400148376822], [35.19361941595062, 31.75402915365794], [35.19363870591532, 31.754043702037528], [35.19367594786537, 31.75401495977991]]]]}}, {"type": "Feature", "properties": {"plan_name": "101-1019611", "pl_name": "פינוי בינוי ברחוב חיים חביב 3 קרית יובל, ירושלים", "dunam": 2.732, "source": "xplan_blueline"}, "geometry": {"type": "MultiPolygon", "coordinates": [[[[35.173420416373254, 31.766839447182182], [35.17341033940898, 31.76683366031398], [35.17326147124661, 31.767069401768833], [35.17310711841232, 31.767289554247263], [35.17307192763054, 31.76734909787508], [35.17306995377969, 31.76735182726738], [35.173068563595585, 31.767354807515343], [35.17306780038862, 31.767357948445373], [35.17306768635851, 31.767361155369496], [35.17306822576083, 31.76736432998789], [35.17306940173814, 31.767367376701127], [35.17307117948669, 31.767370202610838], [35.17306873973211, 31.767374060093623], [35.17300763598022, 31.767476867736175], [35.17293290658776, 31.767560006406377], [35.173249269863206, 31.76750656517106], [35.173538953307855, 31.767497664107168], [35.17360558603826, 31.767107002020154], [35.17363507664349, 31.766988416838338], [35.17364416160557, 31.766967947203288], [35.173420416373254, 31.766839447182182]]]]}}, {"type": "Feature", "properties": {"plan_name": "101-1021278", "pl_name": "התחדשות עירונית - קרית משה, הרצל 54,56,58, רב צעיר 3,5 הברון הירש 3", "dunam": 3.148, "source": "xplan_blueline"}, "geometry": {"type": "MultiPolygon", "coordinates": [[[[35.19387578381362, 31.783183232284934], [35.19368991040556, 31.783144794809008], [35.1936147296066, 31.783384044920236], [35.19371801084323, 31.783387549143022], [35.1937217843494, 31.78342339400522], [35.19374695449331, 31.783662461353753], [35.19392362462346, 31.78368147054419], [35.19404168460907, 31.78370929835007], [35.19410572529709, 31.783724394928928], [35.19428147445481, 31.783767531383717], [35.194324869858015, 31.783727330777417], [35.19446128563609, 31.783600962986675], [35.194362851079795, 31.78351117346963], [35.19417919410726, 31.78347154104376], [35.19417919833063, 31.783471539240413], [35.194240379948525, 31.78327238350778], [35.194057735306046, 31.783229507967967], [35.19387578381362, 31.783183232284934]]]]}}, {"type": "Feature", "properties": {"plan_name": "101-1021492", "pl_name": "מתחם מגורים תעסוקה ומסחר. האוניברסיטה העברית רחוב יסקי", "dunam": 5.536, "source": "xplan_blueline"}, "geometry": {"type": "MultiPolygon", "coordinates": [[[[35.23962272308095, 31.800688983371373], [35.2396194302534, 31.800660471777878], [35.239619836095855, 31.80066137711073], [35.23961908681322, 31.800657044889167], [35.239606443956056, 31.800610964474266], [35.23960404872925, 31.80060473704483], [35.23957672266201, 31.80053425334845], [35.23956610208413, 31.800507762091524], [35.239558754038995, 31.800489712935484], [35.23950624022403, 31.80036211016145], [35.239484657593856, 31.800310657244587], [35.23940607897108, 31.800123664761255], [35.23936386279686, 31.800027879537055], [35.23934816255633, 31.79999439500047], [35.239294898415615, 31.799891814730792], [35.239254175362504, 31.79982348100461], [35.239240893870836, 31.79980254757186], [35.23922994131172, 31.7997857547401], [35.23918378917197, 31.799719148594022], [35.23912001569062, 31.799677014104137], [35.239107006877035, 31.799667871212257], [35.23906118603931, 31.799634068384957], [35.239027082907604, 31.799607475253], [35.23876667599424, 31.800607402726943], [35.239625874334294, 31.800711735867456], [35.23962272308095, 31.800688983371373]]]]}}, {"type": "Feature", "properties": {"plan_name": "101-1024645", "pl_name": "פינוי בינוי רחוב חסדא ויהושע בן נון, ירושלים", "dunam": 14.138, "source": "xplan_blueline"}, "geometry": {"type": "MultiPolygon", "coordinates": [[[[35.214329658936244, 31.759974937021486], [35.21443883905522, 31.75982692147105], [35.214637209213706, 31.75970672235659], [35.21495272769576, 31.75981708764438], [35.21499911892442, 31.759714933754154], [35.21501109922227, 31.75968834640255], [35.21501818808579, 31.75966050769916], [35.215020218821536, 31.75963207059353], [35.215017145067435, 31.759603701552297], [35.21500903656854, 31.759576066129945], [35.214996085507835, 31.759549813636973], [35.21497859489281, 31.759525557300467], [35.214739798359375, 31.75933573342152], [35.21471069472545, 31.75930852715836], [35.21462599765361, 31.759229359329495], [35.214623580408336, 31.75922832961828], [35.214562975791644, 31.759198954209843], [35.21443294210465, 31.75913592565572], [35.21443065998078, 31.759134996936652], [35.21443030530904, 31.75913482381062], [35.214322749924676, 31.759090517449152], [35.21428970523168, 31.75908342792399], [35.21427668830083, 31.75908035725579], [35.214275007903694, 31.75908018603601], [35.21422120142371, 31.759074726833674], [35.214200922661554, 31.759072637924504], [35.21412416152451, 31.759073462692413], [35.21381953406566, 31.759118117875275], [35.21386917466951, 31.75932249904308], [35.21389957296341, 31.759316634790988], [35.21396156712475, 31.759556917391745], [35.213851045285715, 31.759573032584427], [35.21383120190392, 31.759576911985977], [35.21377293830906, 31.75958791878813], [35.21356178432031, 31.759616495570747], [35.21350228378992, 31.759392689284482], [35.213471779885474, 31.759398463264876], [35.2130797675055, 31.759473433850737], [35.213031847804764, 31.759482635919948], [35.213077253226054, 31.75967625867679], [35.21312160284694, 31.759864921343716], [35.213122164517394, 31.75987755613521], [35.213120244642795, 31.75989009279599], [35.21311589596522, 31.759902178701406], [35.2131092430035, 31.759913472043973], [35.21310047149945, 31.75992365536162], [35.21308982947398, 31.75993244185069], [35.213077617728125, 31.759939582581282], [35.213064179288864, 31.759944877320358], [35.21304989307598, 31.759948175433767], [35.21303516334759, 31.759949385807616], [35.21302040386693, 31.75994847324176], [35.21300603051396, 31.75994546386154], [35.2133359967032, 31.760042208919895], [35.21372337512968, 31.760195602742424], [35.214170982684585, 31.760323024887548], [35.214329658936244, 31.759974937021486]]]]}}, {"type": "Feature", "properties": {"plan_name": "101-1025295", "pl_name": "התחדשות עירונית בן זכאי 31, ירושלים.", "dunam": 3.288, "source": "xplan_blueline"}, "geometry": {"type": "MultiPolygon", "coordinates": [[[[35.20773346947374, 31.758011018658973], [35.207445573761895, 31.758232881322666], [35.2074619938507, 31.758252687222754], [35.207481595132435, 31.75826928788997], [35.20755890434505, 31.758324890072977], [35.207604777573394, 31.75835213723206], [35.207654077040864, 31.758380471910275], [35.20787735097244, 31.75850704698254], [35.207995293796586, 31.75857089964834], [35.20808902484816, 31.75861817702116], [35.20825727807182, 31.75868898118504], [35.20826555231177, 31.7586660416326], [35.208349942993486, 31.758432066459672], [35.20840469591525, 31.758421637622888], [35.2084475831016, 31.75841771504377], [35.20842015786293, 31.758344738707947], [35.20841138180791, 31.758331411536663], [35.20840020981698, 31.758319464261543], [35.20838693322357, 31.75830920981266], [35.20837189718947, 31.758300915124305], [35.20835549437147, 31.758294796626203], [35.20833815331064, 31.758291013029016], [35.20832032576637, 31.758289664423064], [35.20826726311084, 31.758282818352097], [35.20821536132055, 31.758271161788624], [35.20821108225325, 31.758269969679716], [35.20817047431966, 31.75825679315087], [35.2080845845855, 31.75822726750334], [35.20805886996168, 31.758216709459703], [35.20797712070914, 31.758178543955108], [35.20789926823375, 31.758134833753743], [35.20787597904561, 31.758120069405923], [35.20782672589803, 31.75808653477899], [35.207781331661046, 31.7580518240254], [35.20773346947374, 31.758011018658973]]]]}}, {"type": "Feature", "properties": {"plan_name": "101-1025519", "pl_name": "פרויקט ברוש - הגבעה הצרפתית", "dunam": 54.658, "source": "xplan_blueline"}, "geometry": {"type": "MultiPolygon", "coordinates": [[[[35.23921138327151, 31.806816903126617], [35.239192171840266, 31.80678123171115], [35.23917678073681, 31.806744233548073], [35.23917181596016, 31.80672945560066], [35.239163890923805, 31.806700217505952], [35.239158324971925, 31.806670585565236], [35.23915392900964, 31.8065842376779], [35.239146888263704, 31.806445968147386], [35.23918017485618, 31.80644548107889], [35.239166345130975, 31.805893966407314], [35.239150294091196, 31.80589627047681], [35.239110870322634, 31.80569448616676], [35.23899773479997, 31.805435473280557], [35.23898083387378, 31.805322005115272], [35.23896974305815, 31.80524753802203], [35.23894174293329, 31.80512188363171], [35.238782707845786, 31.804876590909185], [35.2386677740581, 31.804918791825227], [35.238642131258516, 31.804809629527025], [35.23864507120933, 31.804809500674885], [35.238644679782546, 31.80480761954772], [35.238595629232314, 31.804670373108966], [35.23858206764848, 31.80463592656921], [35.23851462095263, 31.80452664199239], [35.23846279779043, 31.80443015928592], [35.23846579000204, 31.80435379991971], [35.23846947865728, 31.804275997426345], [35.23847147887913, 31.804172745534327], [35.238467712292596, 31.804095792762073], [35.238464722480295, 31.804034829357242], [35.23845158852126, 31.803812764437193], [35.238283657008026, 31.803805080522643], [35.23810080551904, 31.803307468136406], [35.23804427391133, 31.803153485329666], [35.23802883244298, 31.803146509189645], [35.23801098347225, 31.803140110859708], [35.23796335492103, 31.803133810569992], [35.23795647532939, 31.803134764724927], [35.23794981567886, 31.803136521456892], [35.2379435037347, 31.80313904646237], [35.23793608449866, 31.803142866798005], [35.237929356199444, 31.803147527463718], [35.237742075766164, 31.803305127685633], [35.23768853681944, 31.803337643926483], [35.23775439347756, 31.803494077440583], [35.23789527438504, 31.80383214829685], [35.237818990917745, 31.803836331237395], [35.23767432708134, 31.803844260229216], [35.23756039288873, 31.803850507241215], [35.23743471900399, 31.803860090390877], [35.23724966083705, 31.803935732117733], [35.237221521866836, 31.803947234198905], [35.237204689163, 31.80395411414818], [35.237145241465235, 31.803978414138637], [35.23710648823229, 31.803986540642786], [35.23708805276195, 31.803934301941215], [35.23707270211877, 31.8039395076821], [35.23705071621066, 31.8039469643065], [35.23710011957999, 31.80419396487227], [35.23711230786814, 31.804258803843886], [35.23711830542748, 31.804286831406035], [35.23712647244087, 31.80435782193987], [35.23710134890655, 31.804386055907703], [35.23709787933491, 31.804399575340767], [35.237093906153795, 31.804422419900934], [35.237078374426176, 31.804519380419702], [35.237072082696386, 31.804645630237623], [35.237077993378875, 31.80478676625242], [35.23709361970506, 31.80483827518209], [35.23713363911413, 31.804951845882247], [35.2371360725436, 31.804958749722058], [35.2371613519065, 31.8050125378061], [35.23718886120934, 31.80507105995544], [35.23723016856709, 31.80514702007022], [35.23730175945246, 31.80527203228635], [35.23732069660889, 31.805308488665297], [35.23733294445441, 31.805332005409355], [35.23735056923481, 31.805378108173667], [35.23742555032101, 31.805574232904206], [35.237441197669874, 31.80562455135422], [35.23744499324543, 31.805636851427035], [35.237449875533144, 31.805675953817055], [35.2374538366057, 31.805708148373615], [35.23746920408355, 31.80577312174501], [35.23746006065909, 31.805808160493168], [35.23748023240782, 31.8058117625985], [35.23748834956728, 31.805771412295208], [35.2375195764411, 31.805776286716455], [35.237558369246386, 31.80578234236874], [35.237550252103496, 31.805822656602945], [35.237565037543945, 31.805824907342462], [35.23756335215842, 31.80583690221536], [35.237636672824685, 31.80592372999572], [35.23763372327378, 31.80593843612188], [35.23762087722973, 31.806002511394663], [35.23766136630089, 31.806008992239484], [35.23772442371862, 31.806023033575396], [35.23774164132329, 31.806051873421723], [35.23776232275506, 31.806086525599124], [35.237790820355876, 31.80613091556222], [35.23780162345843, 31.806147744613522], [35.23786018791742, 31.806242005467432], [35.237951339108065, 31.806386021071344], [35.23797183942933, 31.806427554277043], [35.237981604758446, 31.80644801618562], [35.23802024549378, 31.806528994552036], [35.23809777979009, 31.80668866592461], [35.23815982044554, 31.80681505275188], [35.23816872045843, 31.806831272633342], [35.23816304158557, 31.806867749838307], [35.23827166787933, 31.806879975126208], [35.23827359173662, 31.80687920985628], [35.23829282150457, 31.806864804202522], [35.23830674078173, 31.80686601436632], [35.23831606863405, 31.806862299919178], [35.23839346613217, 31.806871270577968], [35.238446647198806, 31.807038547111553], [35.23845203505326, 31.807043866507556], [35.23850146575068, 31.807063242762244], [35.23845309708445, 31.807347875446652], [35.238516254539775, 31.807361205712695], [35.23859725931121, 31.807374080233103], [35.23873381339172, 31.807387931744216], [35.23904514965547, 31.807411565656928], [35.239310334534544, 31.807431063030116], [35.239437275082516, 31.807435537320366], [35.239510247647665, 31.807431729489096], [35.23958638467988, 31.807418117774024], [35.23963147553136, 31.807410051892614], [35.23969023378468, 31.807393228976238], [35.23974649132337, 31.807371029976014], [35.23979957552876, 31.807343720222317], [35.23975003811999, 31.807294827380925], [35.23942348265207, 31.807004062661402], [35.239320021371235, 31.806933246396767], [35.23926688457979, 31.806887817405745], [35.23924494110364, 31.806866235244286], [35.23922634240754, 31.806842471521698], [35.23921138327151, 31.806816903126617]]]]}}, {"type": "Feature", "properties": {"plan_name": "101-1030428", "pl_name": "התחדשות עירונית ברחוב ברזיל 26-28 קרית יובל, ירושלים", "dunam": 6.818, "source": "xplan_blueline"}, "geometry": {"type": "MultiPolygon", "coordinates": [[[[35.17185067453022, 31.764600164537164], [35.17184982688656, 31.76466960622734], [35.17185713166903, 31.764850157046173], [35.1718874699987, 31.765028639497995], [35.171937971133076, 31.76520415099268], [35.17196246184727, 31.765261352101522], [35.17203608500998, 31.765242089415548], [35.1722510365276, 31.765239827878197], [35.1722579681765, 31.765146184066765], [35.17228911435228, 31.764711465759962], [35.172293593960525, 31.764614347422008], [35.17242333774215, 31.764618501457676], [35.17243683186863, 31.764551984905893], [35.172453703790424, 31.76441791214157], [35.17242042710008, 31.764284952300795], [35.17238530888428, 31.76420312107373], [35.17228721177196, 31.763990914379697], [35.17220729121521, 31.763823636605384], [35.172188734169794, 31.763781402214175], [35.17186197860201, 31.763836786180782], [35.17187727264994, 31.76394875570199], [35.17187077909125, 31.76412903968103], [35.17186776040086, 31.764212872433067], [35.1718642876182, 31.764309323655144], [35.17185780252375, 31.764489405612633], [35.17185067453022, 31.764600164537164]]]]}}, {"type": "Feature", "properties": {"plan_name": "101-1033869", "pl_name": "התחדשות עירונית ברחוב בר יוחאי 1-3- מתחם 01", "dunam": 4.303, "source": "xplan_blueline"}, "geometry": {"type": "MultiPolygon", "coordinates": [[[[35.199238529514325, 31.754270221046042], [35.19924105832682, 31.75427147471191], [35.19926158060893, 31.754272911274416], [35.19928499072928, 31.754272533438094], [35.199296581799636, 31.754272346317432], [35.199295583359856, 31.75427188453321], [35.199320477978674, 31.75426190390956], [35.199349561296295, 31.754240082228375], [35.19938955058789, 31.754121249555844], [35.19941196851585, 31.754002731830145], [35.199415967947225, 31.753977227822997], [35.19941767836862, 31.753966320981952], [35.19943375631099, 31.753863778276614], [35.199443235840675, 31.753794951672447], [35.199447508712666, 31.753707932856916], [35.19944647031654, 31.75366492565319], [35.19942947991473, 31.753540672455962], [35.1994276756671, 31.75352988091353], [35.199423360246776, 31.753504057327795], [35.19940415524758, 31.753425325546115], [35.19940243725371, 31.753420109209824], [35.19938077028513, 31.75335434044177], [35.1993586829799, 31.753294105371406], [35.19925910388549, 31.753248774697248], [35.19920759343544, 31.753331071349084], [35.19915955352524, 31.75340782538436], [35.19891701156775, 31.753795332418342], [35.19891213549019, 31.75379325796672], [35.198764737732596, 31.75402688339992], [35.19875372825993, 31.754044333605552], [35.198966597663386, 31.754143518668208], [35.199027981477805, 31.754172118750542], [35.199238529514325, 31.754270221046042]]]]}}, {"type": "Feature", "properties": {"plan_name": "101-1034545", "pl_name": "תוספת קומה ויח\"ד ברח' מזור 6, מחנה יהודה , ירושלים", "dunam": 0.533, "source": "xplan_blueline"}, "geometry": {"type": "MultiPolygon", "coordinates": [[[[35.20993588824906, 31.785945814184917], [35.2099305457615, 31.785909776891664], [35.20993883599088, 31.78590873761045], [35.20990918618282, 31.78579728410219], [35.209887394226634, 31.785728108505968], [35.20943525561271, 31.78592676473011], [35.20943261862194, 31.78593496436396], [35.209456454852784, 31.785935924777636], [35.20987865876066, 31.785912697496467], [35.20988261794746, 31.785946079834716], [35.20993588824906, 31.785945814184917]]]]}}, {"type": "Feature", "properties": {"plan_name": "101-1048347", "pl_name": "מוקד אזרחי - פייר קניג", "dunam": 16.195, "source": "xplan_blueline"}, "geometry": {"type": "MultiPolygon", "coordinates": [[[[35.213658764708065, 31.7567512907158], [35.214502351531856, 31.75650575353239], [35.21451522080827, 31.75650341763482], [35.2145283647118, 31.75650292959276], [35.21454142226881, 31.75650430386444], [35.2145540356664, 31.7565075016991], [35.21456585658566, 31.756512436547748], [35.214528248878565, 31.756331260857937], [35.21447417558789, 31.756070206507662], [35.21447117938507, 31.756043835016158], [35.21446094412897, 31.755953716335835], [35.21441114789018, 31.755887070368868], [35.214393253450886, 31.755770685167608], [35.21441636617475, 31.75565228923284], [35.21436401466741, 31.75535799088685], [35.214353956555556, 31.75532363140571], [35.21432229697488, 31.755307162595212], [35.214321567098615, 31.755252678628477], [35.21429620651157, 31.755245305321665], [35.21426976868378, 31.75524160891282], [35.214242979787024, 31.755241692155288], [35.21421657442542, 31.75524555138475], [35.21392565145555, 31.75529345783883], [35.21369784436589, 31.755330937315257], [35.21331328316483, 31.75539658846156], [35.21326696568305, 31.755405779690417], [35.213270388340725, 31.75541430909519], [35.21297069400087, 31.75551474280284], [35.213081954308144, 31.75565748818604], [35.21319497961897, 31.755821498834415], [35.21331281788471, 31.75602500440733], [35.21345596595085, 31.756259740732656], [35.21367880214702, 31.75662514110089], [35.213472136889486, 31.75670138348998], [35.213453938592465, 31.756705657724805], [35.21343519226189, 31.7567075294832], [35.21341633064491, 31.756706956347557], [35.213397788605064, 31.756703950912886], [35.21337999151189, 31.756698582591266], [35.21336334996316, 31.756690974906686], [35.21334824817393, 31.756681302790334], [35.213605114705686, 31.756883557266168], [35.21359740294368, 31.75686931409842], [35.213592614799005, 31.75685416256177], [35.2135908875271, 31.756838538237382], [35.213592271834315, 31.756822889338203], [35.213596726599405, 31.756807664083613], [35.21360236589567, 31.75679520830642], [35.21361017747353, 31.75678364068807], [35.21361997559372, 31.75677323540224], [35.21363152807307, 31.75676423866879], [35.21364456156162, 31.756756866047866], [35.213658764708065, 31.7567512907158]]]]}}, {"type": "Feature", "properties": {"plan_name": "101-1062678", "pl_name": "התחדשות עירונית איסלנד 24-42 (ניו איסלנד)", "dunam": 17.299, "source": "xplan_blueline"}, "geometry": {"type": "MultiPolygon", "coordinates": [[[[35.16647666943528, 31.759957901755225], [35.166657202174115, 31.759811946860626], [35.1666769780512, 31.75979729775607], [35.166521050698236, 31.759499843328108], [35.166388618637484, 31.759262867930815], [35.16636163542785, 31.759273169758444], [35.16595840279427, 31.759554229212945], [35.16591768260792, 31.759570385178733], [35.16588059839358, 31.759594868050673], [35.16580042378826, 31.75963923975548], [35.16568926816192, 31.759692048671848], [35.16555856693537, 31.759743230021495], [35.16545829663222, 31.75977338232953], [35.16534231542305, 31.759799563437237], [35.16525078358826, 31.759807312856626], [35.16514261639378, 31.75980578433205], [35.16505837737544, 31.759795506201872], [35.16504199328288, 31.75982110809101], [35.16500794170964, 31.759822078778043], [35.1650075406561, 31.759821972236555], [35.164953529329374, 31.759807574735234], [35.16485339159114, 31.759773544202773], [35.164782033961835, 31.759744051598553], [35.16466475407355, 31.759686739004813], [35.1645883142387, 31.75964490929037], [35.16462675106875, 31.75960776533258], [35.16459252487299, 31.759582847531092], [35.16443158866786, 31.759727869536448], [35.1643092891952, 31.759856195938795], [35.16429123065155, 31.7598381245269], [35.16417780945452, 31.759918670314192], [35.16462325134369, 31.760387137451126], [35.164715930327574, 31.76042836615809], [35.16482106830934, 31.760468432583046], [35.16492896693332, 31.7605027225665], [35.165039193472516, 31.76053109978951], [35.16507465272323, 31.760541680340136], [35.16513052826252, 31.760554288203704], [35.16518754465351, 31.760562343887774], [35.16524519526283, 31.760565776891436], [35.16530296816264, 31.760564555492245], [35.16536035035174, 31.76055869035507], [35.16547363530629, 31.760540832426667], [35.16558530577466, 31.760516669117937], [35.165694882481596, 31.760486303999507], [35.165776807267996, 31.76045625687821], [35.16585684194738, 31.760422697353896], [35.16596019059528, 31.76037757686521], [35.16602670857777, 31.76032479938042], [35.16624654526297, 31.760140257999105], [35.16647666943528, 31.759957901755225]]]]}}, {"type": "Feature", "properties": {"plan_name": "101-1063536", "pl_name": "החבצלת 5 מבנה מגורים ומסחר", "dunam": 0.502, "source": "xplan_blueline"}, "geometry": {"type": "MultiPolygon", "coordinates": [[[[35.22046973092982, 31.78241629957537], [35.220303314496455, 31.782266885521178], [35.22013088593251, 31.782410106606665], [35.22026957345119, 31.78252328298453], [35.22029818966212, 31.78254988370478], [35.22046973092982, 31.78241629957537]]]]}}, {"type": "Feature", "properties": {"plan_name": "101-1063957", "pl_name": "פינוי בינוי רחוב סן מרטין 22, 24, 26, רחוב בר יוחאי 12, 14.", "dunam": 6.803, "source": "xplan_blueline"}, "geometry": {"type": "MultiPolygon", "coordinates": [[[[35.194437088632895, 31.7528289028138], [35.19430917029915, 31.752835333741988], [35.194158677224586, 31.75284991180126], [35.194160351426405, 31.75286668624651], [35.194160543392215, 31.752887039092457], [35.194158387017914, 31.75288796691767], [35.19415645119791, 31.75288919958401], [35.1941547929302, 31.752890700120474], [35.194153464992105, 31.75289242253722], [35.19415250432977, 31.75289431543206], [35.19415194261285, 31.75289632199137], [35.19415598445845, 31.752958544186573], [35.19415960891579, 31.752958003370587], [35.194161396321164, 31.75307802280395], [35.19417312464489, 31.753230069338084], [35.19419326100069, 31.753321718203125], [35.19427678398425, 31.753311795544317], [35.19441837525865, 31.753305378344788], [35.194607378918505, 31.753303398101412], [35.194632572605244, 31.75330222763329], [35.195015190845226, 31.75333275671498], [35.19503406208628, 31.75333465197432], [35.19531049183648, 31.753364928837716], [35.195444806932706, 31.75337964741329], [35.19546633775893, 31.753383279747755], [35.19551763394925, 31.753147725119], [35.195535330429514, 31.753072133730868], [35.195569014436856, 31.752910886239853], [35.19554875019559, 31.752907818565042], [35.19544405125871, 31.752895906915448], [35.19516298934824, 31.752866757310635], [35.1951017741242, 31.75286152216852], [35.19470830813296, 31.752828124655775], [35.194659230134945, 31.752826948522827], [35.19464425329344, 31.75282789431622], [35.19454254446398, 31.752827565447298], [35.194437088632895, 31.7528289028138]]]]}}, {"type": "Feature", "properties": {"plan_name": "101-1063965", "pl_name": "התחדשות עירונית רח' אהליאב 4-14 ורח' ירמיהו 74-76 ירושלים", "dunam": 12.173, "source": "xplan_blueline"}, "geometry": {"type": "MultiPolygon", "coordinates": [[[[35.20142982891694, 31.79131124439551], [35.20152309145575, 31.79107807598566], [35.20155294339541, 31.79100341337912], [35.20141306611897, 31.790969510057025], [35.2013007135885, 31.79093371699482], [35.20128561151433, 31.7909617097199], [35.20115953597692, 31.79119541102289], [35.20087688391971, 31.79107123291806], [35.20079719997971, 31.79120840946918], [35.20075349626802, 31.791284676776048], [35.20071868440737, 31.79135210629867], [35.200687798209515, 31.79142091573898], [35.200654259020816, 31.791530203244168], [35.200634098617705, 31.791619374708205], [35.20062190526945, 31.791723733374912], [35.200616951033105, 31.791828525135763], [35.20061925389804, 31.791933383845397], [35.200628806512405, 31.792037943356508], [35.2006403395758, 31.79210054485858], [35.20065940120597, 31.792161790213232], [35.200685786600424, 31.79222101926498], [35.20071921281761, 31.79227759620461], [35.20075931877618, 31.792330912275027], [35.20080567581308, 31.792380393888298], [35.20085778240349, 31.792425508036896], [35.20091507999881, 31.79246577131294], [35.20090165484131, 31.7924798161884], [35.20097222101779, 31.792515671610975], [35.20104640072784, 31.792545738184014], [35.20112354565085, 31.792569755253275], [35.20120298000852, 31.792587509962512], [35.20128400901225, 31.792598848977935], [35.20126622807017, 31.792211128085196], [35.20157749934358, 31.79224710427029], [35.20179275534937, 31.79171916678712], [35.20173057450828, 31.791710973200853], [35.20169091558542, 31.791706869000866], [35.20155027217407, 31.791691498612085], [35.20130840325336, 31.791612527966187], [35.20134639702513, 31.791518602325258], [35.20135718901623, 31.7914919261784], [35.201361001005246, 31.791484143396527], [35.20142896302728, 31.791313372716036], [35.20142982891694, 31.79131124439551]]]]}}, {"type": "Feature", "properties": {"plan_name": "101-1069764", "pl_name": "התחדשות עירונית סן מרטין 4-6 , ירושלים.", "dunam": 7.273, "source": "xplan_blueline"}, "geometry": {"type": "MultiPolygon", "coordinates": [[[[35.19438444525984, 31.75626638157196], [35.19431342179228, 31.756169337544215], [35.19425200056422, 31.756097816430483], [35.19423553680859, 31.756081852477998], [35.19420712414002, 31.756054658707445], [35.19417544447361, 31.756030241447174], [35.19414086825102, 31.75600888570735], [35.194098651541616, 31.755986516570655], [35.19401115681274, 31.755946106858293], [35.19399310883983, 31.755939702294132], [35.19382920881088, 31.755856037361948], [35.19362096729996, 31.755764443073723], [35.19337990923742, 31.75565593062358], [35.19328848749552, 31.75561731113661], [35.19319977364636, 31.755574329600634], [35.193114050549, 31.755527124028433], [35.19304054685881, 31.75548773216351], [35.192970288259424, 31.75544423174396], [35.192930943925575, 31.75548273335888], [35.1928018543377, 31.755609059256436], [35.19264412671204, 31.755772812530193], [35.192641589012915, 31.75577544928903], [35.19263622662159, 31.755779953506945], [35.192631787686, 31.755785139604008], [35.192628389381234, 31.75579087231457], [35.19262612249787, 31.755796998333498], [35.192625045107576, 31.755803357137935], [35.19262518784057, 31.755809781889575], [35.19262654438584, 31.75581610123741], [35.19262908098924, 31.755822150140794], [35.19263273012067, 31.755827768065156], [35.192637394694934, 31.755832808000832], [35.19264295334912, 31.75583713556175], [35.193186294651746, 31.756061566910347], [35.193484041748796, 31.756184551965497], [35.19350315559633, 31.756192446539167], [35.19352740095192, 31.756202460881045], [35.193619223689424, 31.756238542437462], [35.19363943400185, 31.756239060899567], [35.19365950001799, 31.756236936942848], [35.19367895098544, 31.756232220129213], [35.19369733092173, 31.756225021347582], [35.193905801407816, 31.756317640018338], [35.19396156613536, 31.75634241464297], [35.194121432001154, 31.75639757538699], [35.194380537327916, 31.756291001611707], [35.19438300861371, 31.75628727358177], [35.19438478964341, 31.756283268631467], [35.19438583924328, 31.756279079647523], [35.19438613312694, 31.75627480312544], [35.19438566495104, 31.75627053736571], [35.19438444525984, 31.75626638157196]]]]}}, {"type": "Feature", "properties": {"plan_name": "101-1070911", "pl_name": "התחדשות עירונית במתחם חסבון, ירושלים", "dunam": 27.702, "source": "xplan_blueline"}, "geometry": {"type": "MultiPolygon", "coordinates": [[[[35.215864889337226, 31.77954044391856], [35.21585827010393, 31.77959415274763], [35.21584460068029, 31.77973427479951], [35.2158432679002, 31.7797479486307], [35.21583883082611, 31.77979270378457], [35.215825233936094, 31.779922184101547], [35.215819566972534, 31.779976150766334], [35.21581736723516, 31.779996958235547], [35.215815985883914, 31.780044961543073], [35.21581962841326, 31.780132223333418], [35.21582505838915, 31.780177004652764], [35.215828318930235, 31.780197173127437], [35.2158318459958, 31.780221179812447], [35.21583878567011, 31.780265618295306], [35.21584966115975, 31.780309670435262], [35.215875732663996, 31.780349300379868], [35.21591195974248, 31.780382288244287], [35.215963988341635, 31.780406685530583], [35.21601567947624, 31.78041701591403], [35.2160693645571, 31.780415853034736], [35.21608867419267, 31.78041463197237], [35.21614144251085, 31.780410595882277], [35.216143758788775, 31.780410184428966], [35.21620309518837, 31.780399616575647], [35.21625619008468, 31.780390158540946], [35.2163206425276, 31.78037861075661], [35.21631225535557, 31.78034381491809], [35.21631137487489, 31.780343968313495], [35.216302596940665, 31.780308086694433], [35.21659829456509, 31.780256321869082], [35.21664914701073, 31.78024757994705], [35.21666968731772, 31.780244120309174], [35.216669687316774, 31.78024411309446], [35.216818296090146, 31.780218087776202], [35.21688225638898, 31.780206738160363], [35.21699715136038, 31.780186350639493], [35.217011156655715, 31.78018386377809], [35.21702654284362, 31.78018113508469], [35.216999460556345, 31.780071650689187], [35.21699739344294, 31.780072022452394], [35.21693588384727, 31.779811295523036], [35.21693479580149, 31.77980668000881], [35.216934770464476, 31.77980668722601], [35.21692990743531, 31.77978922986999], [35.21692603865018, 31.779769745077527], [35.21690295206696, 31.779773774970813], [35.21689696192107, 31.779743726222083], [35.21689042059851, 31.779744457355864], [35.21689042059827, 31.7797444555522], [35.216870315215914, 31.779746704912842], [35.21670621596338, 31.779778902188838], [35.2166705473787, 31.779786203331966], [35.21666296247526, 31.779783184700456], [35.216627633168606, 31.77976939174113], [35.21660427147513, 31.77962435993652], [35.21663232163469, 31.779616348894226], [35.2166226988894, 31.779579266122337], [35.216621779703964, 31.779574062588782], [35.216478570276195, 31.77951344550933], [35.21642969471271, 31.779441829545462], [35.21636323986373, 31.77934445142572], [35.216446406098214, 31.779303499996065], [35.21652410396031, 31.77926601210255], [35.21660355426015, 31.779228271477766], [35.216663020657414, 31.77920091292123], [35.21668426465438, 31.779195499825107], [35.216706239610396, 31.77919300861935], [35.21672840077232, 31.779193500681593], [35.21675019598734, 31.779196965243255], [35.21677108153818, 31.779203313977035], [35.21679053692448, 31.779212390915593], [35.21680807964238, 31.77922396794088], [35.21682327257661, 31.779237759212773], [35.21683573666904, 31.77925341936418], [35.21682309121594, 31.77919214231208], [35.216819592619224, 31.77914582229918], [35.21681286830778, 31.77905684732706], [35.2168207946554, 31.77905567055248], [35.21691209407825, 31.779047682113237], [35.21685271773268, 31.778832225506054], [35.21710420265002, 31.778782446063182], [35.21730956621895, 31.778731741917394], [35.217522501459584, 31.7787418297615], [35.217615119516815, 31.778743971963717], [35.21766133047941, 31.77859070648757], [35.2173700774947, 31.778479377193676], [35.21751641536636, 31.778213149525747], [35.21738056953365, 31.77811814729058], [35.21740535650482, 31.77809178935397], [35.21736064441269, 31.77803271791531], [35.21722532784518, 31.778097570401734], [35.217121207434474, 31.778097111902333], [35.21709623700485, 31.778094948175433], [35.217093987473056, 31.77808890786832], [35.21695024806492, 31.778122898096562], [35.21694919813963, 31.778118986013503], [35.21693759929765, 31.77811464930188], [35.21687008828933, 31.77799525398152], [35.21689426352182, 31.777988083775412], [35.21689206064989, 31.777983470172693], [35.21700599536139, 31.777955581217], [35.217118504536955, 31.777941389464793], [35.21721693927138, 31.77791599455831], [35.21721693927164, 31.777915996362005], [35.21722257877082, 31.77791454022192], [35.21727700282816, 31.777893231431786], [35.21725093046902, 31.777862012329198], [35.2172201213517, 31.77782512472537], [35.217139395865225, 31.77768407947132], [35.21711613793182, 31.777681906558193], [35.2171101733231, 31.777683665744725], [35.21703445127901, 31.77770602091408], [35.216775679382486, 31.77779490657227], [35.216763974018555, 31.777798928118695], [35.21671288525252, 31.777814628718847], [35.21666909350972, 31.777829221133725], [35.21662920777331, 31.777842512703028], [35.216615276984804, 31.777846999799788], [35.216584301377594, 31.777858793442512], [35.216546810101796, 31.77787280983676], [35.216531739020404, 31.777876544897772], [35.21639788124648, 31.77790972731463], [35.21636152101782, 31.777918740132986], [35.21628488012324, 31.77794113462335], [35.21622415842719, 31.77795446588866], [35.21621912907608, 31.777955568406067], [35.21611971543901, 31.777973181546347], [35.21611049501736, 31.7779756750847], [35.21608131790718, 31.777984622228647], [35.21606115214787, 31.778007604794873], [35.2160574825926, 31.77800887672734], [35.21605695310573, 31.778012770925777], [35.21605642573002, 31.778016663320365], [35.21605003012032, 31.778067105683277], [35.216041499774995, 31.77815087487673], [35.21603958703766, 31.778169676634878], [35.21601612797551, 31.778400073922597], [35.216016001443045, 31.778401316671122], [35.21601467707069, 31.778414332162203], [35.21600559785421, 31.778465736127416], [35.2160010073945, 31.77851539011049], [35.21599938586752, 31.778532936477646], [35.21599792670383, 31.778548727847298], [35.21595347045212, 31.779029681896674], [35.21594604379322, 31.77910987968059], [35.21594149332359, 31.779159014192466], [35.21593408352898, 31.77923915605838], [35.21593227430687, 31.77925873338552], [35.215931445606856, 31.779267699563277], [35.21593610619606, 31.779272017154874], [35.21593035760475, 31.779330943962577], [35.21591214842376, 31.779333340902046], [35.21587567955461, 31.779493159426856], [35.21587074075239, 31.77949298491536], [35.215864889337226, 31.77954044391856]]]]}}, {"type": "Feature", "properties": {"plan_name": "101-1072446", "pl_name": "התחדשות עירונית קולומביה 6,8,10", "dunam": 7.23, "source": "xplan_blueline"}, "geometry": {"type": "MultiPolygon", "coordinates": [[[[35.16657122165337, 31.75895972420341], [35.166746657104824, 31.758916114283753], [35.16693358369473, 31.75891721009041], [35.1670576088187, 31.75892698459239], [35.16721107037319, 31.75895193838013], [35.16738117849044, 31.75900081551764], [35.167463971052875, 31.7590268992106], [35.167504645811434, 31.7590282042339], [35.16759067173908, 31.75902426099186], [35.1676032673856, 31.759021081120103], [35.167582024841735, 31.75900324553596], [35.16770314225731, 31.758876391048005], [35.16739126651333, 31.75854045426553], [35.16739994373168, 31.758484993391328], [35.16729649118995, 31.75840591490848], [35.16722616736657, 31.75835216076201], [35.16717478479068, 31.758390456092364], [35.16711888446978, 31.758423814289433], [35.16705911464454, 31.75845184864623], [35.166996166808765, 31.758474236500216], [35.16693076832088, 31.75849071832952], [35.16653523262712, 31.758514184666083], [35.1664087152624, 31.758519278512825], [35.16630365916752, 31.758527830907777], [35.16614719795704, 31.758556291332923], [35.16602276877124, 31.75859097852463], [35.16594784984906, 31.758613888030226], [35.16596748744533, 31.75866280635104], [35.16602668347745, 31.758645157065786], [35.16605430848228, 31.75867025286882], [35.166244160602105, 31.75884600523494], [35.16637616804115, 31.75896771782947], [35.1662324192671, 31.759118356719245], [35.16629129148329, 31.75917548268377], [35.166311475698386, 31.75915842222649], [35.16637422448082, 31.759115832453436], [35.166383048919585, 31.759109843236022], [35.16640946242199, 31.75907290257439], [35.16643522773928, 31.75903615470858], [35.16647809333736, 31.75900217156753], [35.16657122165337, 31.75895972420341]]]]}}, {"type": "Feature", "properties": {"plan_name": "101-1075902", "pl_name": "גואטמלה 25-27-29", "dunam": 4.612, "source": "xplan_blueline"}, "geometry": {"type": "MultiPolygon", "coordinates": [[[[35.17916560435437, 31.756063347768123], [35.17913838589034, 31.756015725005476], [35.17911769699752, 31.756021222154583], [35.17910957396982, 31.756005889192405], [35.179124359325414, 31.755974057024005], [35.17899558003696, 31.755627001774954], [35.178939470420644, 31.755474669088567], [35.17890083643865, 31.755488008663608], [35.1788745225733, 31.755383540972847], [35.17887026099581, 31.75536661430618], [35.17885833891122, 31.755349296508356], [35.17883996396169, 31.75535400406085], [35.17861883531413, 31.755410663903515], [35.178597724486146, 31.755415619776837], [35.178555292880624, 31.755421382986803], [35.17844107629078, 31.755450415403825], [35.17837627196567, 31.75546688971098], [35.1783859760447, 31.755489347613384], [35.17839694516032, 31.75551730702295], [35.17844381119235, 31.755506584625152], [35.17848019495402, 31.755614632968083], [35.178508349421904, 31.75571068509977], [35.178512988952185, 31.75572709960681], [35.17858932669146, 31.756011105824303], [35.17863833246181, 31.756278602716275], [35.17865358055175, 31.756276473836532], [35.17904101436927, 31.756222408362827], [35.17912811610693, 31.75613224123899], [35.17916144910563, 31.756097734264408], [35.179174549182626, 31.756084173120215], [35.17916560435437, 31.756063347768123]]]]}}, {"type": "Feature", "properties": {"plan_name": "101-1079771", "pl_name": "התחדשות עירונית - רחוב קוסטה ריקה  22-24, עיר גנים", "dunam": 2.334, "source": "xplan_blueline"}, "geometry": {"type": "MultiPolygon", "coordinates": [[[[35.172935897646866, 31.75309471423979], [35.172946455675465, 31.753084165263278], [35.17297210003444, 31.753093009664077], [35.17299268963557, 31.753068123827195], [35.173114903880524, 31.752930189688076], [35.17274993303669, 31.752769445009392], [35.17273307067203, 31.75278985858468], [35.17262900429129, 31.752912690986893], [35.17265315028775, 31.75292022740405], [35.172390406950576, 31.753389669208712], [35.17251272514855, 31.753438924338433], [35.17250319822284, 31.753458663332115], [35.17252581027821, 31.753507738347892], [35.172450663849, 31.753601219170903], [35.172554744846124, 31.75349413674451], [35.17260919377138, 31.753437566803505], [35.17262746168024, 31.75341850095277], [35.172731912549615, 31.753308851821014], [35.17276432567634, 31.75327693457061], [35.172856816113075, 31.7531791073516], [35.17287578220795, 31.753161277164224], [35.17287983219288, 31.75315746877407], [35.172935897646866, 31.75309471423979]]]]}}, {"type": "Feature", "properties": {"plan_name": "101-1080092", "pl_name": "התחדשות עירונית בורוכוב 57-61 הכשרת היישוב", "dunam": 4.136, "source": "xplan_blueline"}, "geometry": {"type": "MultiPolygon", "coordinates": [[[[35.17399116496457, 31.762016555411222], [35.173927909178964, 31.762035837048014], [35.17386759217038, 31.7620610733268], [35.17382202886032, 31.762085303954073], [35.17377920038948, 31.76211293607299], [35.173739453049116, 31.762143747014303], [35.17369369012049, 31.762187309460245], [35.17365407750827, 31.76223506874796], [35.1736217494483, 31.762285300832573], [35.17359623190369, 31.762338318544668], [35.173577848105204, 31.76239345009316], [35.17357598784488, 31.76240096380147], [35.17355451298547, 31.76247952719192], [35.173540194352775, 31.762559271921344], [35.17353311656698, 31.76263972183939], [35.17353332202749, 31.762720398980523], [35.17353998412578, 31.762792136810305], [35.173546905828424, 31.76286409475148], [35.17356155239743, 31.762935203220522], [35.173573455142794, 31.76297261635857], [35.17362056134323, 31.76296367604577], [35.174091941643844, 31.762874225138603], [35.174081420447024, 31.762839988668688], [35.17407322347464, 31.762708952507023], [35.17407095298786, 31.762673287674556], [35.17406249444401, 31.76256113604415], [35.174051321964946, 31.7624655650553], [35.17403234406956, 31.76246267463738], [35.17402419299295, 31.76228189280033], [35.174020133186005, 31.76219184999492], [35.17400979538018, 31.762139378287564], [35.17399938663793, 31.76205852014185], [35.17399681340908, 31.762038531072832], [35.17399116496457, 31.762016555411222]]]]}}, {"type": "Feature", "properties": {"plan_name": "101-1095330", "pl_name": "מתחם רג'ואן - הסדנא-פייר קניג", "dunam": 13.337, "source": "xplan_blueline"}, "geometry": {"type": "MultiPolygon", "coordinates": [[[[35.21500214267975, 31.749313202186542], [35.214915794155935, 31.749148754276995], [35.214469239329425, 31.749269412210726], [35.213985087245334, 31.749405853707316], [35.21339508433072, 31.749557756716335], [35.21344116902687, 31.749810888749618], [35.21344025933543, 31.749963358354346], [35.21345402267812, 31.750036325660805], [35.21350516224905, 31.750215110989675], [35.21367850793854, 31.750218130461366], [35.213902009355344, 31.750203819711984], [35.213980646727045, 31.7501892580323], [35.21518120073776, 31.749898466592768], [35.21520468686768, 31.749890135158505], [35.21519912118152, 31.749876685513357], [35.215181000877415, 31.749831484770308], [35.21512422504287, 31.74965711962007], [35.21506526055165, 31.749483115361322], [35.21500214267975, 31.749313202186542]]]]}}, {"type": "Feature", "properties": {"plan_name": "101-1095892", "pl_name": "מסחר, תעסוקה ודיור להשכרה במורדות מלחה ירושלים", "dunam": 0.609, "source": "xplan_blueline"}, "geometry": {"type": "MultiPolygon", "coordinates": [[[[35.180241029141236, 31.74695862981802], [35.18022010563906, 31.746778244128556], [35.18013248371961, 31.746788195584248], [35.180045862002174, 31.746803233579275], [35.17996064258917, 31.74682328875063], [35.17987722336926, 31.74684826648376], [35.179938231161515, 31.74698201467056], [35.17995163081744, 31.746987814302706], [35.179966294848604, 31.746993493328404], [35.179981832222886, 31.74699709647133], [35.17999784403157, 31.74699852896106], [35.18001391763027, 31.7469977555466], [35.1800296403604, 31.746994795087776], [35.180099112645436, 31.746978744672642], [35.18016968040828, 31.74696667156624], [35.180241029141236, 31.74695862981802]]]]}}, {"type": "Feature", "properties": {"plan_name": "101-1108364", "pl_name": "רחוב טהון 16-6 התחדשות עירונית ועירוב שימושים", "dunam": 11.477, "source": "xplan_blueline"}, "geometry": {"type": "MultiPolygon", "coordinates": [[[[35.17321050490471, 31.76152595520644], [35.173305376054564, 31.761490961607613], [35.17338119185875, 31.761464229599277], [35.173558394674245, 31.76141134881576], [35.17373733979862, 31.761368644605433], [35.17391389215046, 31.761334689256074], [35.17398993097272, 31.76132226738941], [35.17418291499417, 31.761290737937024], [35.17439437190481, 31.761268934413593], [35.174524376413956, 31.761255529283243], [35.174632964512696, 31.761247126957862], [35.17474189110096, 31.761243037233978], [35.174850922917194, 31.76124326817323], [35.174959824591134, 31.761247820622867], [35.17514203470706, 31.76126519059075], [35.17528036913501, 31.761279674304877], [35.17541790413152, 31.76129893204617], [35.175431237172496, 31.76130064857911], [35.17549465784264, 31.761220272650725], [35.17560185887372, 31.761252678502423], [35.17573922382178, 31.76104273505085], [35.17575268005616, 31.761021337329783], [35.175678490580886, 31.760987283260764], [35.17550529758652, 31.760907782695128], [35.17530850196015, 31.760892848503353], [35.17517831923411, 31.760884159228585], [35.17510236957717, 31.760775929595997], [35.1748691878334, 31.76077465830576], [35.17480239167404, 31.76077429290011], [35.174696317701915, 31.760791570998435], [35.17461212816145, 31.760805284627246], [35.17435103737366, 31.760845288652057], [35.174331153557745, 31.760667826413936], [35.17428954676753, 31.76067378138653], [35.17431867088127, 31.76092891076882], [35.17425261209456, 31.760939363763224], [35.17393440671106, 31.76098926467341], [35.173919271108936, 31.76099331574363], [35.173697740185006, 31.761035802539126], [35.17354398250709, 31.76107334703605], [35.173486484855964, 31.761087387434358], [35.17326926466981, 31.761135157528166], [35.17313573140133, 31.761164523141527], [35.17306126287236, 31.761190559113214], [35.17288986489681, 31.76124569164332], [35.17271430720868, 31.761321431834197], [35.17285530503931, 31.761468124577302], [35.17286895544054, 31.76148017387667], [35.172884732407994, 31.761490151264162], [35.1729022085385, 31.761497786080398], [35.172920911018345, 31.761502871685824], [35.172940337454314, 31.76150527177752], [35.172959960095845, 31.7615049212923], [35.17297925222255, 31.761501830020546], [35.17299769025605, 31.761496080803], [35.173082497031295, 31.761582923932274], [35.17321050490471, 31.76152595520644]]]]}}, {"type": "Feature", "properties": {"plan_name": "101-1114305", "pl_name": "התחדשות עירונית- בר יוחאי 18", "dunam": 4.715, "source": "xplan_blueline"}, "geometry": {"type": "MultiPolygon", "coordinates": [[[[35.19320634833866, 31.753464336150877], [35.19322270030215, 31.75345665206425], [35.193241867226504, 31.75346595446448], [35.19326263035226, 31.753472278208395], [35.19328436276303, 31.75347543024593], [35.193306404811196, 31.753475315825604], [35.19332809050462, 31.753471938496837], [35.19334876228313, 31.753465400111306], [35.19336779718128, 31.753457793796947], [35.19343978634645, 31.753430479518574], [35.193512731483054, 31.753405082602566], [35.1935954009121, 31.75340290896654], [35.19369956197153, 31.753395838260413], [35.19378072108065, 31.75338403808828], [35.19389112342081, 31.753363687180954], [35.19402809374709, 31.753340959273178], [35.1941058836191, 31.75333055287181], [35.19419326100069, 31.753321718203125], [35.1941766459718, 31.75324610261379], [35.19417312464489, 31.753230069338084], [35.19416451625445, 31.753077712819575], [35.19416122153972, 31.752997309497513], [35.19415960891579, 31.752958003370587], [35.19415598445845, 31.752958544186573], [35.194151624057675, 31.752894603049853], [35.19415276837771, 31.752892615476064], [35.19415427786096, 31.75289081371158], [35.194156110284204, 31.752889247354428], [35.194158218147955, 31.752887956983816], [35.19416054339896, 31.752886977767037], [35.194160351426405, 31.75286668624651], [35.194158677224586, 31.75284991180126], [35.193274603155764, 31.753102879189928], [35.193268173181075, 31.753104504655226], [35.193262147336355, 31.753107015766865], [35.193256689224015, 31.7531103430972], [35.19322673334937, 31.75312951369548], [35.19319958038886, 31.753151521735862], [35.19317651221182, 31.753171744477203], [35.19313638957419, 31.753213804779968], [35.193084867567116, 31.753277297298865], [35.19307505039485, 31.753289646288316], [35.193012143517365, 31.753376215969727], [35.19299448657478, 31.75340474154146], [35.192979257033976, 31.753434271982698], [35.19297155336011, 31.753451010430595], [35.19296646078109, 31.75346846156912], [35.192962926489564, 31.753482296450265], [35.19296202550995, 31.753496435488902], [35.19296378216338, 31.753510516145752], [35.192968151111074, 31.753524175875157], [35.19297575450632, 31.753533407837015], [35.19298505944012, 31.753541422460472], [35.19299580313286, 31.75354799245675], [35.19300537769056, 31.753552076864096], [35.19301557301415, 31.753554856356992], [35.193026147412716, 31.753556265980972], [35.193036848636915, 31.753556272345172], [35.19304742443343, 31.75355487452533], [35.19305581549274, 31.753553081502528], [35.193063787667754, 31.753550217050627], [35.19307115624609, 31.753546347889788], [35.19307774917802, 31.753541564189305], [35.19316883729984, 31.753484521548653], [35.19320634833866, 31.753464336150877]]], [[[35.19346836321434, 31.75291288808464], [35.19361370322218, 31.752866996554896], [35.193644080184775, 31.752855843299475], [35.19365340944274, 31.752845038182322], [35.19366079469231, 31.752833184957414], [35.193666078643574, 31.752820538833923], [35.19366914622285, 31.75280736945394], [35.193665715409466, 31.752776122050903], [35.19366015847383, 31.752794691467397], [35.193651000487286, 31.752812187385246], [35.19363850536729, 31.75282810479291], [35.193623035183116, 31.752841983779216], [35.19360503748904, 31.75285342306001], [35.193585031602375, 31.752862091701317], [35.19353494867354, 31.75288026322578], [35.19350645693023, 31.752871500278324], [35.193422800360196, 31.752907102448365], [35.193341738573395, 31.752946846058745], [35.19326355338247, 31.752990594960448], [35.193362814340986, 31.752950305555302], [35.19341501582099, 31.752930416266956], [35.19346836321434, 31.75291288808464]]]]}}, {"type": "Feature", "properties": {"plan_name": "101-1120690", "pl_name": "תוספת מגורים ברחוב אולסוונגר 13", "dunam": 1.202, "source": "xplan_blueline"}, "geometry": {"type": "MultiPolygon", "coordinates": [[[[35.17162322008325, 31.76780255516316], [35.171310732109866, 31.76760974526786], [35.17120997432799, 31.767668075496076], [35.17100828543853, 31.7677489595745], [35.17110780126147, 31.76797006507683], [35.17162322008325, 31.76780255516316]]]]}}, {"type": "Feature", "properties": {"plan_name": "101-1121920", "pl_name": "התחדשות עירונית משולש פת, ירושלים", "dunam": 11.519, "source": "xplan_blueline"}, "geometry": {"type": "MultiPolygon", "coordinates": [[[[35.20051892096887, 31.752224642779808], [35.20052790305356, 31.752216937689955], [35.20056400896099, 31.752179530255194], [35.20059300770936, 31.75213785146203], [35.200614223786104, 31.752092880698726], [35.20061737789216, 31.75208136243026], [35.200367480578095, 31.751931286026554], [35.200340113906584, 31.751914849941887], [35.20046417947462, 31.751728363126947], [35.20045287860624, 31.75171209710554], [35.20039866030939, 31.751681849350405], [35.20039360452272, 31.751688261309212], [35.200376477347945, 31.751680082843084], [35.200361893710905, 31.751673118338086], [35.200361957530724, 31.751661681143734], [35.200359551223144, 31.7516599837958], [35.20035278823301, 31.751655209215578], [35.20029369272644, 31.751652045465935], [35.20019640629097, 31.75167668972841], [35.20008749093773, 31.751704172532843], [35.19994347146162, 31.751740515553934], [35.19983024342607, 31.75176881686307], [35.19980639880046, 31.7517752912553], [35.19969268294133, 31.751806173504384], [35.1996699169959, 31.75181170277731], [35.19968200052953, 31.751813813540345], [35.19969354676865, 31.751817516038585], [35.19970427075165, 31.751822720077225], [35.199713908627366, 31.751829296683027], [35.199722219765604, 31.75183708261353], [35.199728999422064, 31.751845885768528], [35.19973408084913, 31.751855488797595], [35.19973733635094, 31.751865652707426], [35.19973868783741, 31.751876127684238], [35.19953911538475, 31.752173335837302], [35.199507599717286, 31.75222027024545], [35.19947505934684, 31.752204151227108], [35.19941136333524, 31.75217259862148], [35.19925100701507, 31.75220548795724], [35.19924397350723, 31.752206930625547], [35.19933406858182, 31.752423631287478], [35.199444377331815, 31.752650824724384], [35.199447311138655, 31.75265686719756], [35.19954158703628, 31.752866730072963], [35.199580311047036, 31.752952935262616], [35.19959178452904, 31.752978477738928], [35.19962627044363, 31.753055240440222], [35.19962641185718, 31.75305555789484], [35.19964060475523, 31.75307008984645], [35.19965624156553, 31.753083496347884], [35.19967320091704, 31.7530956727801], [35.19969135088361, 31.75310652354227], [35.19971004352353, 31.7531139987172], [35.19972975584048, 31.7531192247261], [35.19975011843178, 31.753122102352055], [35.19977074922679, 31.753122579274088], [35.19979029523653, 31.753118721888285], [35.1998088661409, 31.753112239194785], [35.19982598170216, 31.753103298018065], [35.19984119967599, 31.753092130116965], [35.19989903728423, 31.753022296921714], [35.200025913245916, 31.75286910496691], [35.20006188056909, 31.752825680565824], [35.20007631145002, 31.75280713010888], [35.20007631147689, 31.752806549320905], [35.200150815049625, 31.75271730346106], [35.200209998983105, 31.752646411399496], [35.200209120879876, 31.752645875675], [35.20027863402355, 31.752557782132236], [35.200314622293796, 31.752512604472177], [35.20031286608559, 31.752511603368475], [35.20035857753863, 31.75245463168023], [35.20037819075601, 31.752430325778345], [35.200499581013396, 31.752278478717482], [35.200536181236124, 31.75223294929202], [35.20051892096887, 31.752224642779808]]]]}}, {"type": "Feature", "properties": {"plan_name": "101-1125970", "pl_name": "מתחם טובול- מגורים בעירוב שימושים ברחוב התעשיה 5 תלפיות ירושלים", "dunam": 7.81, "source": "xplan_blueline"}, "geometry": {"type": "MultiPolygon", "coordinates": [[[[35.212997244664926, 31.747551905358815], [35.21300758005779, 31.74758628120357], [35.21313486094927, 31.748029329324794], [35.213195249405096, 31.748264865522057], [35.21319915857403, 31.748275980495272], [35.21320502754534, 31.74828644780766], [35.21321271698383, 31.74829601495198], [35.213222042174536, 31.748304453773823], [35.21323277935509, 31.74831156137321], [35.213244672048894, 31.748317168220666], [35.213257434231444, 31.748321139960893], [35.21325854959953, 31.748330297220587], [35.21390883534078, 31.748282784330286], [35.21388978852065, 31.74798172632773], [35.21411353254413, 31.747977456331153], [35.21404726152146, 31.747804606475086], [35.2138901874395, 31.747423936715812], [35.213869569378076, 31.747360711671817], [35.21361231518704, 31.747417050817948], [35.212997244664926, 31.747551905358815]]]]}}, {"type": "Feature", "properties": {"plan_name": "101-1132125", "pl_name": "מתחם ישיבת חברון-כנסת ישראל - תוספת בינוי ובניית יח\"ד להשכרה", "dunam": 19.492, "source": "xplan_blueline"}, "geometry": {"type": "MultiPolygon", "coordinates": [[[[35.1964965654887, 31.764651786796502], [35.196417867902944, 31.7644797950271], [35.196157241010255, 31.764539209925278], [35.19612744817996, 31.764470588566407], [35.19607023931531, 31.764338812953184], [35.19613688981352, 31.764297514675484], [35.195958603919834, 31.764292091955326], [35.195901004097216, 31.76429582176462], [35.195843325691825, 31.764293126812664], [35.195786546172315, 31.764284054061104], [35.195728655490335, 31.764271271026438], [35.19567329353217, 31.764251972322192], [35.19562145990261, 31.76422650522991], [35.19551426411214, 31.764184948100507], [35.19561438421592, 31.764105268175076], [35.195515425106024, 31.764097794066302], [35.19542833104165, 31.764195720919115], [35.195211582324006, 31.764469782820797], [35.1951259693617, 31.764591525438007], [35.1950703756854, 31.764703546521567], [35.19495753706434, 31.76494781141448], [35.194924705701006, 31.76503756941113], [35.19489781360942, 31.765121198915697], [35.19493442592088, 31.76513733740964], [35.194819279974595, 31.765350670584287], [35.19478546183767, 31.76540513033438], [35.194725746788066, 31.765491646825872], [35.19469275463863, 31.76554011837602], [35.19463749223616, 31.76562332359582], [35.19458496765033, 31.765669144007298], [35.1947736390197, 31.765714079168237], [35.19490615393167, 31.765751560663293], [35.195071244045884, 31.765793328158527], [35.19514739411942, 31.765806299495218], [35.19522469124262, 31.765812601741004], [35.19530233843439, 31.765812169904354], [35.19537953342842, 31.76580500843713], [35.1954554792301, 31.76579119123546], [35.195552443536464, 31.76577035550206], [35.19564764968001, 31.76574426273232], [35.195740707067834, 31.765713021124725], [35.19582000923297, 31.765690806874233], [35.19589700854662, 31.76566330942548], [35.19597122468922, 31.76563070190468], [35.196042194229996, 31.765593186299068], [35.196088431556156, 31.765564510713794], [35.196177950979546, 31.765501477692048], [35.19626377555539, 31.76544042842576], [35.19635804677547, 31.765355390611987], [35.19646889225951, 31.765249701554882], [35.1965684460621, 31.765104601171117], [35.1965918835729, 31.765061945434955], [35.19664868334159, 31.764948406866836], [35.19671244920276, 31.764842083434704], [35.19672691262797, 31.76481800509687], [35.19654440782228, 31.764759915312897], [35.1964965654887, 31.764651786796502]]]]}}, {"type": "Feature", "properties": {"plan_name": "101-1133156", "pl_name": "לייף סנטר - הר חומה", "dunam": 3.258, "source": "xplan_blueline"}, "geometry": {"type": "MultiPolygon", "coordinates": [[[[35.22797637804498, 31.72352240259374], [35.22795304047972, 31.723478283056387], [35.22787056070364, 31.723500536971383], [35.22779098729845, 31.723529510876567], [35.22771506931066, 31.723564932281874], [35.22764351990133, 31.723606468281325], [35.227577010017065, 31.723653730063273], [35.227516164169636, 31.723706272008844], [35.227461555163124, 31.723763601612838], [35.227413693542694, 31.723825179485402], [35.22737303181718, 31.723890428369106], [35.22733994968771, 31.72395873584708], [35.22739664632341, 31.72397142184965], [35.22806642371719, 31.724121274801085], [35.22807112273696, 31.724094517879887], [35.22812293820784, 31.72379947563656], [35.22797637804498, 31.72352240259374]]]]}}, {"type": "Feature", "properties": {"plan_name": "101-1133180", "pl_name": "התחדשות עירונית דרך חברון 108-110, ירושלים", "dunam": 3.748, "source": "xplan_blueline"}, "geometry": {"type": "MultiPolygon", "coordinates": [[[[35.2194735842617, 31.753037817795498], [35.2198142451467, 31.752916403125916], [35.21981345322254, 31.75291434881972], [35.219656408492135, 31.752510168168545], [35.21962968810774, 31.752517743257496], [35.21957682620116, 31.75238084773946], [35.21955200625425, 31.752353378702697], [35.219519130094504, 31.752267099518516], [35.218877644528966, 31.75248803589677], [35.21890612235574, 31.752541827691054], [35.21891546158251, 31.752559766121124], [35.218934255998946, 31.75259470685098], [35.21897982433285, 31.752680079276015], [35.21899980338226, 31.752717427785115], [35.21924258841555, 31.752635351670516], [35.219379951502475, 31.752946562173605], [35.219414779270906, 31.752934743903868], [35.2194735842617, 31.753037817795498]]]]}}, {"type": "Feature", "properties": {"plan_name": "101-1142249", "pl_name": "מתחם הצעירים, דיור מיוחד, פסגת זאב", "dunam": 10.427, "source": "xplan_blueline"}, "geometry": {"type": "MultiPolygon", "coordinates": [[[[35.23573080156953, 31.823236621638124], [35.23570474138377, 31.82319747039437], [35.23567950375977, 31.823154377925295], [35.23566217933726, 31.823116992119555], [35.23564155353824, 31.823062048401173], [35.23562811272589, 31.82301459716126], [35.2356185708331, 31.82297123929212], [35.23561452586323, 31.822941146061343], [35.2356114823081, 31.82290506440221], [35.235610055976316, 31.822872472446228], [35.235612092433726, 31.822834901512806], [35.23561249993388, 31.82282800778831], [35.235613225259584, 31.82281767258457], [35.23561450501298, 31.822803910272835], [35.23561608686781, 31.822790200193353], [35.23561798347268, 31.822776464785196], [35.23562018429422, 31.82276279062707], [35.23562268510857, 31.822749181327318], [35.235625500676775, 31.822735559324528], [35.23562862468259, 31.82272198774868], [35.23563202968857, 31.822708540556903], [35.235635751567216, 31.82269510050187], [35.235639701694694, 31.82268196521077], [35.2356408539043, 31.82267839907327], [35.23564305702837, 31.82267157525057], [35.23564533832037, 31.822664771248963], [35.23564887962159, 31.8226545922722], [35.23565265120236, 31.822644474563518], [35.23565654320239, 31.822634383880132], [35.23566203957919, 31.822621024553246], [35.23566783807088, 31.822607762549925], [35.23567391756902, 31.822594646574473], [35.23568034984889, 31.82258153231559], [35.23568703780177, 31.822568612789812], [35.23569404687038, 31.822555758116735], [35.23570133483378, 31.822543053079173], [35.23570890802321, 31.82253047963881], [35.23571680022049, 31.822517985480914], [35.235724956531094, 31.822505658998722], [35.23573338962311, 31.822493480348687], [35.2357420868259, 31.82248146215958], [35.23574883948349, 31.822472525116673], [35.23561017432758, 31.822364274114147], [35.23541173884406, 31.822241687550655], [35.23523289393017, 31.822275138598968], [35.23510879504065, 31.82222410673611], [35.23485787482832, 31.822328200928304], [35.234954261954535, 31.822499780733278], [35.23482588872109, 31.822549706416744], [35.23520506634872, 31.823260468308625], [35.235206381134, 31.823262929998744], [35.23531416741122, 31.823221011823012], [35.23535795075388, 31.82330308255571], [35.23525014116737, 31.823345011595674], [35.23532606519895, 31.823487802277274], [35.23563064643191, 31.824058194133723], [35.235883450430435, 31.823959875130598], [35.235742034330706, 31.823694803161587], [35.23602465116447, 31.823584963702277], [35.23601784507734, 31.823573665406865], [35.23599663571945, 31.823549135365365], [35.235923719652604, 31.82346479404543], [35.2357714317388, 31.82328864748209], [35.23573080156953, 31.823236621638124]]]]}}, {"type": "Feature", "properties": {"plan_name": "101-1150788", "pl_name": "תוספת קומות ו-יח\"ד להשכרה ברחוב שעשוע ,נווה יעקב", "dunam": 3.845, "source": "xplan_blueline"}, "geometry": {"type": "MultiPolygon", "coordinates": [[[[35.24210336744223, 31.837534753791825], [35.24176953248872, 31.83753485232786], [35.24176994815859, 31.838565709905634], [35.24199109871143, 31.838565644726046], [35.24228274185596, 31.838353465224408], [35.242267462282584, 31.83834416106032], [35.242226463736955, 31.838315418333206], [35.242190403189, 31.838282201938153], [35.242159942202804, 31.838245122223466], [35.24213564517886, 31.838204862614628], [35.24211795716375, 31.838162165191267], [35.24210720490167, 31.838117817159013], [35.24210358626404, 31.83807263371752], [35.242103494655574, 31.837847455179645], [35.24210336744223, 31.837534753791825]]]]}}, {"type": "Feature", "properties": {"plan_name": "101-1158146", "pl_name": "בית הנוער העברי", "dunam": 26.859, "source": "xplan_blueline"}, "geometry": {"type": "MultiPolygon", "coordinates": [[[[35.201304095492866, 31.759904250134156], [35.20137078197458, 31.759820428963423], [35.20167148442473, 31.759934838191295], [35.201756453062465, 31.76004698603389], [35.20177963154427, 31.760077580653526], [35.20193712107744, 31.760285446105474], [35.20193928047552, 31.7602935374879], [35.201939870298396, 31.76030182093291], [35.20193887577402, 31.76031007639041], [35.201936324351536, 31.760318083811043], [35.201932281478875, 31.76032563036087], [35.202053092538456, 31.760261874084296], [35.20204593499149, 31.76026238439684], [35.20203877007911, 31.76026196671175], [35.20203176035261, 31.760260630050464], [35.20202506625157, 31.760258405980462], [35.202018840826426, 31.76025534590976], [35.20201322762728, 31.760251518381185], [35.202008353315314, 31.760247010876057], [35.201890028620994, 31.760091000489336], [35.20188576447879, 31.760084202308434], [35.20188282186866, 31.760076910844784], [35.2018812767832, 31.7600693118798], [35.201881169326846, 31.760061599310717], [35.20188250160499, 31.760053970641316], [35.2018852387797, 31.7600466206691], [35.20188931223649, 31.760039737877978], [35.20189461747345, 31.760033497223436], [35.20203384055465, 31.759893770008528], [35.20211901705819, 31.75980828398174], [35.20219837945462, 31.759728636333577], [35.202586584164294, 31.759802254481563], [35.20259894205453, 31.759755943177225], [35.20260472827303, 31.759708701979], [35.20260385731946, 31.75966120817131], [35.202281090328306, 31.759626794316222], [35.20208729729514, 31.759604425251098], [35.20187862368082, 31.759501791507354], [35.20154371246322, 31.759337107821295], [35.20152416108404, 31.759372511966845], [35.20120814276178, 31.759264463606797], [35.20117869419914, 31.75925436221987], [35.20094352811785, 31.75917400181203], [35.20070741249409, 31.75909328020422], [35.20046908073574, 31.75901174643039], [35.20023120309034, 31.75893414426354], [35.20004654624491, 31.759277506122665], [35.19995880464936, 31.75920381345275], [35.19920132804243, 31.758567633295495], [35.19909433204131, 31.758477426476446], [35.19899162497759, 31.758383651151476], [35.19889337255573, 31.75828645433848], [35.198799727811476, 31.75818599117145], [35.19871084061144, 31.758082421293448], [35.19862685132022, 31.75797590885623], [35.19855450943275, 31.757873203578406], [35.19838704263904, 31.75802055711341], [35.19883381239314, 31.75839439345621], [35.19917082410952, 31.758675961536746], [35.199577856240545, 31.759001070587832], [35.19979405495544, 31.75925805894274], [35.199890105744124, 31.759414216611813], [35.19997728694825, 31.75955595341719], [35.20003565899988, 31.75963026193321], [35.20008694736823, 31.759708292092128], [35.20013083012968, 31.759789553288595], [35.20016703074548, 31.759873532371962], [35.20019532017306, 31.7599596999589], [35.20021552108847, 31.760047513138908], [35.200240247908596, 31.760140504847893], [35.200243682228624, 31.760385968759138], [35.200250381102045, 31.76070780809532], [35.20025388773462, 31.76089468281945], [35.20025611176953, 31.761013177917093], [35.20026043308711, 31.76110957069954], [35.20025830469697, 31.761214451422905], [35.200256669264824, 31.761294948116287], [35.20025864896294, 31.761353726731098], [35.20025672980001, 31.76140563858302], [35.20024947530993, 31.76147148193939], [35.20024368888652, 31.761612613036874], [35.200256532428824, 31.76180995483189], [35.20025083555008, 31.76197860297062], [35.20027582249196, 31.76197801216889], [35.200338184290544, 31.761976535139723], [35.20033238550078, 31.76191914705315], [35.20032489435246, 31.761845018894576], [35.20033379724618, 31.76164129455233], [35.20033459205122, 31.761617473284986], [35.20033575641953, 31.76159080941875], [35.20033396944712, 31.76156513207544], [35.20033425875103, 31.761563173280653], [35.20037103615657, 31.761313921142804], [35.20042581179405, 31.761078464142958], [35.200376480963904, 31.761061015537415], [35.20039101658975, 31.76101582912375], [35.200411302690554, 31.760972289653697], [35.200525768373645, 31.760890937862992], [35.20054375538768, 31.76087401080263], [35.20054389708947, 31.76086770511683], [35.20054504684206, 31.76086102970552], [35.20054720778895, 31.760854539202548], [35.2005503419261, 31.760848345435313], [35.20055439647226, 31.760842554819718], [35.200586654351014, 31.76082423934189], [35.2007143050885, 31.760697750501283], [35.20073049262298, 31.760673812430294], [35.200743956922956, 31.760648673023827], [35.20074896106158, 31.76062521621508], [35.20090885994057, 31.760440369791166], [35.200957623293995, 31.760383402551543], [35.20100284325443, 31.760324339314263], [35.20104439632304, 31.76026334150983], [35.201049251944895, 31.760257930575087], [35.20106139149596, 31.760230424661053], [35.20107342523057, 31.760210133492123], [35.20109401050691, 31.76013951966742], [35.2011144883404, 31.76012184405846], [35.20114710653711, 31.760051771638302], [35.20116389018689, 31.76002877504972], [35.20117443540411, 31.7600136694341], [35.20117961828795, 31.760006229354158], [35.201304095492866, 31.759904250134156]]]]}}, {"type": "Feature", "properties": {"plan_name": "101-1164433", "pl_name": "מבואות גילה", "dunam": 22.218, "source": "xplan_blueline"}, "geometry": {"type": "MultiPolygon", "coordinates": [[[[35.20063986281226, 31.73144233560689], [35.20064692851626, 31.73144038241183], [35.20070363190341, 31.73157264724082], [35.200775905491845, 31.73155553403914], [35.20084754389221, 31.731536571991022], [35.201217429456534, 31.73143401636811], [35.20127182884005, 31.73141566059582], [35.20132313770503, 31.731391667276053], [35.20137055724608, 31.731362409758617], [35.20141335408058, 31.731328339856397], [35.20145086341483, 31.73128998784517], [35.20148250381715, 31.731247948033996], [35.201507783549225, 31.731202872452005], [35.20158459202621, 31.731183024490463], [35.20166984211645, 31.731160994190756], [35.20172833218182, 31.731145112078146], [35.20171968002051, 31.731092111206728], [35.20170494357815, 31.731040100435614], [35.20168426952196, 31.73098958840793], [35.20165785833331, 31.73094106843587], [35.201625968528134, 31.73089501489348], [35.2014519887605, 31.730669953091347], [35.20145198876057, 31.73066995128767], [35.2014493635491, 31.730666558475814], [35.20120720339714, 31.730353292221064], [35.20111078572932, 31.730317735334268], [35.2009727898675, 31.730272522086413], [35.200884671774666, 31.730255655145296], [35.20084091375588, 31.73023966417495], [35.20069671466111, 31.73016869367945], [35.20067411275895, 31.73016383206421], [35.20064427207952, 31.730163975488868], [35.20054234943847, 31.73021683878472], [35.20046746117966, 31.73025567007821], [35.20038459582162, 31.73029020828178], [35.20035972430351, 31.730307324572536], [35.20031368563399, 31.730325928233928], [35.200100564509, 31.730429074616374], [35.20001851073411, 31.730476905845578], [35.1999813250264, 31.73049407575094], [35.19991965787431, 31.730532393123127], [35.19989035447449, 31.730548057191452], [35.1995913664487, 31.730706421611572], [35.19959488146727, 31.73072360915929], [35.19960754063798, 31.730784935285136], [35.199623575986166, 31.730855280013152], [35.199630433217344, 31.730885311800467], [35.199637500049676, 31.73094366161558], [35.19964940174567, 31.731044596861217], [35.199648424157004, 31.731053978747322], [35.19964848910062, 31.731063396746], [35.199648708452294, 31.731065939964825], [35.19965533813663, 31.731130624339773], [35.199656904916196, 31.73115514563836], [35.19967557205545, 31.73135030618005], [35.19969075859556, 31.731515885980404], [35.1997021859048, 31.73161037659102], [35.19999055208792, 31.73155836286096], [35.200206706768135, 31.731542456116482], [35.20029031301304, 31.731531716016434], [35.2005079504796, 31.731482238429486], [35.20063986281226, 31.73144233560689]]]]}}, {"type": "Feature", "properties": {"plan_name": "101-1171875", "pl_name": "מתחם לשימושים מעורבים ברחוב זרח ורהפטיג בהר חומה", "dunam": 4.6, "source": "xplan_blueline"}, "geometry": {"type": "MultiPolygon", "coordinates": [[[[35.22722335202206, 31.725838775670443], [35.22713900016596, 31.72584762165859], [35.22695174122443, 31.725867257532276], [35.226932148969276, 31.725725943145306], [35.22665236548485, 31.725763920476258], [35.22665991286896, 31.72582563174773], [35.22666428013084, 31.72588756723251], [35.22667113936679, 31.72604094700933], [35.22664849591127, 31.7260888291994], [35.22662003066512, 31.726134385631955], [35.2265860684829, 31.726177102192967], [35.2265469912059, 31.726216493617198], [35.22650324083118, 31.726252117015747], [35.22636731617119, 31.726354072852534], [35.22659698559782, 31.726577761777463], [35.22664570458385, 31.72662521034232], [35.22670138288298, 31.72667943776577], [35.22683730976197, 31.726577481577568], [35.22690783969226, 31.726519802241473], [35.22697230546914, 31.726457152952413], [35.22703023133771, 31.72638999825588], [35.227081186926824, 31.72631883605761], [35.227124794633454, 31.72624419221089], [35.22716073278784, 31.726166620515485], [35.227188734595735, 31.726086694601175], [35.22720859341366, 31.726005007926332], [35.227220160635184, 31.725922162956177], [35.22722335202206, 31.725838775670443]]]]}}, {"type": "Feature", "properties": {"plan_name": "101-1173947", "pl_name": "מגורים, מסחר ומבנים ומוסדות ציבור, רחוב מירסקי, ירושלים", "dunam": 5.551, "source": "xplan_blueline"}, "geometry": {"type": "MultiPolygon", "coordinates": [[[[35.19723545524799, 31.82196453757806], [35.19729737878778, 31.821950817818898], [35.19735872996676, 31.82193533400894], [35.19751411498156, 31.821892261836478], [35.19763262661056, 31.821853678661636], [35.19767235244413, 31.8218384487708], [35.197820555782236, 31.821781568752314], [35.19796231582626, 31.821726582089187], [35.19792277342191, 31.82168758474665], [35.19781130727704, 31.82157531862891], [35.197797144308005, 31.821561159088393], [35.197757928462195, 31.821536320519115], [35.19772757583942, 31.82149081234444], [35.197694518415226, 31.821457785415863], [35.19751114272167, 31.82152187807608], [35.19740878137101, 31.82155738676864], [35.19726713784346, 31.821607142180582], [35.197109245833076, 31.821662144284407], [35.19695024056425, 31.82171475806799], [35.19686615250889, 31.8217379212688], [35.19674901471767, 31.821765402225296], [35.19656637985745, 31.821797027509017], [35.19641628855538, 31.821813404543406], [35.19630194175513, 31.821821113434417], [35.196187291163305, 31.821824056005692], [35.19607260824863, 31.821822225961295], [35.19595816659127, 31.821815627828414], [35.195844236601616, 31.82180427695701], [35.195665113727436, 31.821775288859058], [35.195634695052405, 31.821768252459695], [35.19561883842932, 31.821796379599494], [35.195655276843915, 31.821811541947934], [35.195695431028504, 31.821827245640584], [35.195780002308474, 31.821859365725437], [35.195895856398664, 31.82189826062375], [35.19596873423719, 31.821919467600534], [35.196078368261496, 31.821947530884085], [35.19619760371438, 31.821972898204614], [35.196319913338556, 31.821992764415416], [35.196369344356505, 31.82199881884913], [35.196473556219054, 31.822010882899857], [35.19657825427866, 31.82201933053717], [35.19663250731922, 31.82202176700279], [35.19668683449214, 31.82202187130478], [35.19682815828443, 31.822018921753035], [35.19693282070444, 31.822011338981717], [35.19703719812028, 31.82200129409867], [35.19709787925227, 31.821991851767738], [35.19716693546583, 31.821979180412242], [35.19723545524799, 31.82196453757806]]]]}}, {"type": "Feature", "properties": {"plan_name": "101-1186584", "pl_name": "מתחם הרכב הצפוני (מתחם J)", "dunam": 2.164, "source": "xplan_blueline"}, "geometry": {"type": "MultiPolygon", "coordinates": [[[[35.20352008770026, 31.78837547266798], [35.203498136679805, 31.788371145491002], [35.20349066728607, 31.788405734596797], [35.2034801653555, 31.788454374342063], [35.203457336870294, 31.78856007880142], [35.20361766732209, 31.78859071535549], [35.20373651570329, 31.788613418923102], [35.20374914153906, 31.788615832309176], [35.20376227840619, 31.788618343095173], [35.203876498015816, 31.788640173528695], [35.203990783141805, 31.788662016485677], [35.20401640649952, 31.78866690813965], [35.204016404387794, 31.78866691174699], [35.20410903831768, 31.788684607875357], [35.20418287392034, 31.788699641677933], [35.2042759365966, 31.788711582145133], [35.20439795073356, 31.788725100763067], [35.204502047101926, 31.788732135055657], [35.20459800283976, 31.78872496530358], [35.204610280028355, 31.788624467883782], [35.20457878611715, 31.788615572190622], [35.204505510099814, 31.78858725451932], [35.20446158674766, 31.78857354659244], [35.20430194235988, 31.78853016810736], [35.20420659924406, 31.788510056988706], [35.20410109890944, 31.788489377617665], [35.20404642711723, 31.78847865461249], [35.203924022742825, 31.788454665297607], [35.20379477654678, 31.788429323074233], [35.20366463295227, 31.78840380936499], [35.20352526134177, 31.788376491781644], [35.20352008770026, 31.78837547266798]]]]}}, {"type": "Feature", "properties": {"plan_name": "101-1187269", "pl_name": "התחדשות עירונית רחוב בוליביה 5-7, ירושלים", "dunam": 8.767, "source": "xplan_blueline"}, "geometry": {"type": "MultiPolygon", "coordinates": [[[[35.179679733107854, 31.75666689403915], [35.1796301980631, 31.756528004040476], [35.179738277165974, 31.756665318129965], [35.17980139588567, 31.756639083051276], [35.17977482983159, 31.756581161494807], [35.18002069215006, 31.75648626800107], [35.179970108797534, 31.75639890028595], [35.18006640453646, 31.7563596019015], [35.180057518120755, 31.756340567686497], [35.17997375913304, 31.75616379021353], [35.17999568155459, 31.756131291947018], [35.179970543914074, 31.7560841982414], [35.17979723206924, 31.755764159932266], [35.17977955845455, 31.755734925945784], [35.17975221853693, 31.755746554454618], [35.17973006619737, 31.755698752426227], [35.179741126666265, 31.75569425436287], [35.17973188937147, 31.75567745121799], [35.17961677024057, 31.755465242978797], [35.1796417877876, 31.755454606076306], [35.17942625061803, 31.75505737017051], [35.17939269217626, 31.7550763239687], [35.179374008122586, 31.75508470745531], [35.17927826543022, 31.755127886971593], [35.179221944148985, 31.75517219249267], [35.178970270573, 31.755276215382093], [35.17899302597009, 31.75531694720653], [35.179072137266814, 31.755497331800814], [35.17913468262567, 31.755660307465757], [35.17918878973361, 31.75580353103933], [35.17923424710455, 31.755928174889327], [35.179249225738346, 31.755962087186685], [35.17927875999502, 31.756033068146905], [35.17930108284875, 31.756058573089117], [35.1793207171828, 31.756120167499], [35.17939262687245, 31.75626241507336], [35.17945831070667, 31.756384126395293], [35.17952046830292, 31.75648621827604], [35.17958140469948, 31.756569035674772], [35.17965509615273, 31.756658117924687], [35.17967048983265, 31.756672281667168], [35.179679733107854, 31.75666689403915]]]]}}, {"type": "Feature", "properties": {"plan_name": "101-1190362", "pl_name": "תוספת קומות ויח\"ד ברח' לשם, גילה", "dunam": 2.626, "source": "xplan_blueline"}, "geometry": {"type": "MultiPolygon", "coordinates": [[[[35.18843914436452, 31.729035795683128], [35.18840831398402, 31.728963815331472], [35.18821725540217, 31.729137153497764], [35.188249563557136, 31.729266473577198], [35.188117286301726, 31.729631010779283], [35.18812638477451, 31.729675319729616], [35.18816511452282, 31.729709450588423], [35.18822609887584, 31.729739002869945], [35.188360912636426, 31.729778520822837], [35.18841726856432, 31.72978638298808], [35.18844643573754, 31.7297750594272], [35.18846547558505, 31.729749530490636], [35.18849890462378, 31.729682500302168], [35.18854039341481, 31.729625914505323], [35.188595755788796, 31.729581009344273], [35.18864210636424, 31.729539142274206], [35.188625831187316, 31.72950225468174], [35.18843914436452, 31.729035795683128]]]]}}, {"type": "Feature", "properties": {"plan_name": "101-1191014", "pl_name": "מתחם עירוב שימושים, רח' התנופה - \"אלייד\"", "dunam": 5.257, "source": "xplan_blueline"}, "geometry": {"type": "MultiPolygon", "coordinates": [[[[35.21668720861315, 31.750351379119884], [35.2166690466967, 31.75031692678509], [35.216588711730346, 31.750164526301813], [35.21653368737904, 31.750056568081686], [35.216374727446926, 31.749744647551267], [35.21598933383697, 31.749840949800266], [35.215693376211966, 31.7499130843469], [35.21567846402186, 31.749919332750935], [35.215664747822665, 31.74992733513604], [35.21565251044423, 31.74993692914541], [35.21564199988415, 31.749947918155378], [35.21563343247442, 31.749960075784067], [35.215630800851685, 31.749964807095758], [35.21562425399759, 31.749981116640182], [35.215621111985456, 31.749998148261806], [35.21562146974201, 31.7500153879008], [35.21562531665205, 31.75003231429166], [35.21571536545499, 31.75023170425656], [35.215783352166255, 31.75037896948537], [35.21579258487264, 31.750395607699545], [35.215804951976516, 31.750410686341986], [35.215820103028385, 31.750423780674204], [35.21583760948354, 31.750434518271813], [35.21585689820988, 31.75044257091384], [35.21587749108004, 31.75044775646997], [35.21589880759542, 31.750449930696846], [35.21592025038043, 31.750449030519054], [35.21628024760559, 31.750407332167484], [35.21668720861315, 31.750351379119884]]]]}}, {"type": "Feature", "properties": {"plan_name": "101-1197102", "pl_name": "התחדשות עירונית ברחוב האחלמה 5, ירושלים", "dunam": 2.04, "source": "xplan_blueline"}, "geometry": {"type": "MultiPolygon", "coordinates": [[[[35.189089383232634, 31.727501831636236], [35.189090648442914, 31.727507783986507], [35.18915522473372, 31.727503372658923], [35.189155856824925, 31.72750950530256], [35.189218322536924, 31.727506717017782], [35.189218954426764, 31.727514112248674], [35.18923056123538, 31.727513572519623], [35.18924819519368, 31.727512440088937], [35.1892509016444, 31.727506102220612], [35.18928159513167, 31.72743424117895], [35.189374499203595, 31.72742277342399], [35.18934490940303, 31.72728601005688], [35.189383263933856, 31.727196215736253], [35.189389151795986, 31.727182427168213], [35.18936693741793, 31.72717742470694], [35.189354609033536, 31.727177307817815], [35.18932146452488, 31.727177644805497], [35.18930584813492, 31.727178454623306], [35.18929107956379, 31.727156447777368], [35.1892099409913, 31.72714020487794], [35.18914230728597, 31.72713072740413], [35.18911181240038, 31.727136766139026], [35.189098519644055, 31.727123597560873], [35.18889076074194, 31.727120416017033], [35.18888886362871, 31.727107429170815], [35.18881285708843, 31.727105834462407], [35.188776384838924, 31.727105070646985], [35.188793789402496, 31.72718801576513], [35.188831737047586, 31.727364178425752], [35.18883458602554, 31.72736381803389], [35.18884534750537, 31.727370402838183], [35.188873390790484, 31.727513529572487], [35.188887635762086, 31.727511366868672], [35.188953900927594, 31.727503258270477], [35.18895442740026, 31.72750993201129], [35.18901784347336, 31.727502815068107], [35.18902058574925, 31.727509669445322], [35.189089383232634, 31.727501831636236]]]]}}, {"type": "Feature", "properties": {"plan_name": "101-1213339", "pl_name": "דהומי 6", "dunam": 2.26, "source": "xplan_blueline"}, "geometry": {"type": "MultiPolygon", "coordinates": [[[[35.16596553200478, 31.756384715542286], [35.16587689355893, 31.756331119247466], [35.16580271270757, 31.75628892477469], [35.165643834032004, 31.756605840492032], [35.16569142265025, 31.756639042812736], [35.16568878325883, 31.756640665330526], [35.16600573181568, 31.756930613858238], [35.16631698264834, 31.7567047952965], [35.16606619085102, 31.756467986060454], [35.16596553200478, 31.756384715542286]]]]}}, {"type": "Feature", "properties": {"plan_name": "101-1213560", "pl_name": "ירמיהו 52", "dunam": 0.866, "source": "xplan_blueline"}, "geometry": {"type": "MultiPolygon", "coordinates": [[[[35.20523672073167, 31.79236965612298], [35.20499456934654, 31.792471089164057], [35.20500300433523, 31.792547281898116], [35.20501365051891, 31.792643473802404], [35.20502231578445, 31.79272837468967], [35.20506592033578, 31.79276167757431], [35.205268781246104, 31.79274824793875], [35.20524204300883, 31.792432117461598], [35.20523672073167, 31.79236965612298]]]]}}, {"type": "Feature", "properties": {"plan_name": "101-1213818", "pl_name": "\"פני העיר\" - שדרות הרצל.", "dunam": 1.701, "source": "xplan_blueline"}, "geometry": {"type": "MultiPolygon", "coordinates": [[[[35.194023815335065, 31.78254387382135], [35.19387949096183, 31.782536196358123], [35.193787553300915, 31.782538590344885], [35.193695573731965, 31.782538132642205], [35.19357822633997, 31.782533577466218], [35.19353883381105, 31.782635633599792], [35.19349014536963, 31.782761780690315], [35.193590133032316, 31.782791605850225], [35.19361368041436, 31.78279865302072], [35.19370022003531, 31.782824507054755], [35.193783260980275, 31.782849089143774], [35.193832433566016, 31.782863396415326], [35.19388158085682, 31.78287744934681], [35.19392594564251, 31.782889856909843], [35.19393097313154, 31.78289126238983], [35.193956699701616, 31.78289833673085], [35.193956701813185, 31.78289833673102], [35.19399691756707, 31.7829091043837], [35.19403565766693, 31.782822130439065], [35.194050783529015, 31.782777842283405], [35.19405531431477, 31.782764572970688], [35.19406590937649, 31.782733555929266], [35.19406718363094, 31.78272472521089], [35.194068455773795, 31.78271589268862], [35.19406971473574, 31.782616524402492], [35.19407063285763, 31.782544081436235], [35.194023815335065, 31.78254387382135]]]]}}, {"type": "Feature", "properties": {"plan_name": "101-1214840", "pl_name": "מתחם וורט ירושלים", "dunam": 26.207, "source": "xplan_blueline"}, "geometry": {"type": "MultiPolygon", "coordinates": [[[[35.20350899842933, 31.785532453129903], [35.20372253722777, 31.78549671809924], [35.203850782778694, 31.785496954979923], [35.20385550023824, 31.785482673460354], [35.203860074104604, 31.785468574111665], [35.20386456772785, 31.785454454921958], [35.20386897899634, 31.785440315891268], [35.203873312133375, 31.785426160626955], [35.20387756291576, 31.785411985521666], [35.2038817334551, 31.78539779418276], [35.20388582375149, 31.785383584806556], [35.203889831693296, 31.785369359196785], [35.203893759392194, 31.785355117353394], [35.20389760473657, 31.785340859276427], [35.20390136983811, 31.785326584965897], [35.20390505258521, 31.785312296225484], [35.20390865508953, 31.785297991251472], [35.20391217523948, 31.785283671847612], [35.20391561514673, 31.785269338013897], [35.203918970588056, 31.785254989750296], [35.20392224578673, 31.785240628860496], [35.2039254407428, 31.7852262535409], [35.20392855123306, 31.785211863791442], [35.20393158148077, 31.78519746321948], [35.20393452726273, 31.785183050021377], [35.203937392802246, 31.785168624197116], [35.20394017598768, 31.785154187550408], [35.2039428768191, 31.785139738277557], [35.20394549529654, 31.785125278182246], [35.203948031420055, 31.785110807264505], [35.20395048518962, 31.785096327327985], [35.20395285449373, 31.785081834765332], [35.2039551435556, 31.785067334987634], [35.20395734815206, 31.78505282438748], [35.20395947250637, 31.785038306572304], [35.203961271663026, 31.78502551668162], [35.20396300958229, 31.78501272137965], [35.203963467846606, 31.785003096943353], [35.20396384798099, 31.784993472506738], [35.20396414998547, 31.78498384446253], [35.20396437597167, 31.784974216418043], [35.203964525939654, 31.78496458656962], [35.20396459566618, 31.784954954917243], [35.20396458937449, 31.78494532506827], [35.203964504953014, 31.78493569341534], [35.20396434240176, 31.784926063565848], [35.203964103832384, 31.784916435519758], [35.20396378713328, 31.784906807473394], [35.20396339441607, 31.784897183034122], [35.20396292145758, 31.784887560398264], [35.20396237248104, 31.78487794136949], [35.20396174748648, 31.784868325947805], [35.20396104225066, 31.784858714133218], [35.2039602631085, 31.784849105925716], [35.20395940372514, 31.78483950312896], [35.20395846832385, 31.784829905742992], [35.20395678966359, 31.784814006295548], [35.20395540027604, 31.7848022192401], [35.2039542579349, 31.784793182797916], [35.20395303957591, 31.784784151766488], [35.20395174308745, 31.784775129753186], [35.203950368469556, 31.78476611675799], [35.203948919945475, 31.784757112780916], [35.20394739329198, 31.7847481160183], [35.20394578850911, 31.784739130077426], [35.2039441098201, 31.784730154958357], [35.20394235300176, 31.784721190661077], [35.20393978745376, 31.784708642448127], [35.203936425842286, 31.784693372478692], [35.20393194931888, 31.78467455827336], [35.20392482274952, 31.784651173532293], [35.20392252325436, 31.784641511208378], [35.20392014563006, 31.784631865117234], [35.203917687765056, 31.78462223165152], [35.203915151770936, 31.7846126144186], [35.203912537647774, 31.784603011614728], [35.20390984539556, 31.78459342504366], [35.20390707290271, 31.784583854705314], [35.20390422439248, 31.784574300599754], [35.20390129564163, 31.78456476453062], [35.20389828876183, 31.78455524649788], [35.20389520375306, 31.784545746501603], [35.203892042727006, 31.78453626454175], [35.203888803572035, 31.784526802421947], [35.20388548628817, 31.78451736014224], [35.203882090875425, 31.784507937702617], [35.20387861944546, 31.78449853510308], [35.20387507199826, 31.7844891541473], [35.20387144642225, 31.784479793031554], [35.20386774271746, 31.784470455363245], [35.20386396510708, 31.784461141142376], [35.20386011147957, 31.7844518485652], [35.20385617972331, 31.784442579435407], [35.20385217406154, 31.78443333375305], [35.20384808393632, 31.7844240970886], [35.20384391779404, 31.784414885675208], [35.20383967563466, 31.784405701316544], [35.20383535956987, 31.784396540405258], [35.203830967488024, 31.784387406548685], [35.20382650150078, 31.78437829974683], [35.20382195949654, 31.784369218196005], [35.2038173435869, 31.784360165503575], [35.203812653771884, 31.78435114166951], [35.20380788793994, 31.78434214489011], [35.20380305031424, 31.7843331769691], [35.20379813878322, 31.784324237906436], [35.20379315334689, 31.78431532950579], [35.20378809400526, 31.784306449963495], [35.20378296286993, 31.784297602886888], [35.20377775994097, 31.7842887846686], [35.20377248310673, 31.784279998915995], [35.20376713447883, 31.78427124562906], [35.203761714057336, 31.78426252300411], [35.20375622395378, 31.784253834648485], [35.20375065994503, 31.784245178758532], [35.203745026254275, 31.784236557137874], [35.20373932076995, 31.784227967982865], [35.20373354560363, 31.78421941490081], [35.20372770075534, 31.784210896088076], [35.20372178622511, 31.784202411544616], [35.20371580201293, 31.78419396307414], [35.20370974811878, 31.78418555248027], [35.20369997785658, 31.784171034604167], [35.20369014424925, 31.784156547389493], [35.203680247296816, 31.784142092639946], [35.20367028699927, 31.78412767035548], [35.20366026546828, 31.784113278732438], [35.20365018059222, 31.78409891777075], [35.203640034482696, 31.784084591077818], [35.20362982502815, 31.784070296849947], [35.20362656264896, 31.784065711874764], [35.203619566994654, 31.784057880252323], [35.203611393066474, 31.784050595137572], [35.20360231114649, 31.784044134298718], [35.20359243314847, 31.78403858250928], [35.20358189632538, 31.78403401372082], [35.20357081892584, 31.784030482044365], [35.203559336091296, 31.784028028965274], [35.20354761252545, 31.78402669596918], [35.203535810820604, 31.784026493879175], [35.20352404500253, 31.78402742089232], [35.20351247344048, 31.78402947159869], [35.203497126323775, 31.78403376966379], [35.20349740504034, 31.784035248683775], [35.20339171493116, 31.78408470843376], [35.203373998545686, 31.78409292225594], [35.2033562462606, 31.784101076553906], [35.20333845807588, 31.784109173131327], [35.203320631880025, 31.784117208380785], [35.203302769784585, 31.784125185909677], [35.20328486967801, 31.784133103914243], [35.203266935783525, 31.784140962394527], [35.20324896598958, 31.7841487613505], [35.20323096029617, 31.78415650078218], [35.203212918703365, 31.784164178885817], [35.20319484332277, 31.784171797465117], [35.20317673415438, 31.78417935652007], [35.20315858908667, 31.78418685605065], [35.20314041023125, 31.784194294253165], [35.20312219969974, 31.784201671127605], [35.20310395326898, 31.784208988477648], [35.203085675162185, 31.784216246303274], [35.203067576540576, 31.784223358029998], [35.203049446243064, 31.78423041023236], [35.20303128638125, 31.784237402910342], [35.20301309273197, 31.784244336063935], [35.202994869518456, 31.78425120969316], [35.202976616740756, 31.78425802379796], [35.20295833017565, 31.7842647783783], [35.20294001615805, 31.784271471630586], [35.202921670464725, 31.784278105358414], [35.20290329520733, 31.784284677758066], [35.20288489038588, 31.784291190633304], [35.20286645811202, 31.78429764218037], [35.20284799627418, 31.784304034202993], [35.20282950487236, 31.78431036489744], [35.202810986018235, 31.78431663606738], [35.20279302885174, 31.784322674566848], [35.20277504423316, 31.784328651738303], [35.202757032162445, 31.78433456938541], [35.20273899475131, 31.784340425704503], [35.20272092777658, 31.784346218891834], [35.202702835461444, 31.784351952554797], [35.20268471569435, 31.784357624889694], [35.20266656847539, 31.78436323409284], [35.20264839591613, 31.78436878196789], [35.20263020012821, 31.7843742685149], [35.20261197688848, 31.784379693733765], [35.20259372830855, 31.78438505762457], [35.2025754565001, 31.784390358383586], [35.20255588815837, 31.784395989194902], [35.20253629658791, 31.784401555070406], [35.20251667756559, 31.784407054206287], [35.20249703320305, 31.78441248660262], [35.20247736561193, 31.78441785225937], [35.202457670569096, 31.78442314937283], [35.20243795229773, 31.78442838155038], [35.20241820868633, 31.78443354518461], [35.202398441846526, 31.784438642079245], [35.202378651778346, 31.784443670430598], [35.20235883848186, 31.784448632042338], [35.20233900195704, 31.78445352691443], [35.202319142204, 31.78445835324318], [35.20229925922275, 31.78446311283231], [35.20227935512494, 31.78446780387811], [35.202259429910605, 31.78447242818426], [35.202239483579795, 31.784476983947073], [35.20221951613252, 31.784481472970253], [35.202199525457324, 31.784485891646348], [35.202179517888936, 31.78449024358283], [35.20215948709267, 31.784494526975926], [35.202139437291706, 31.78449874362933], [35.20211936848618, 31.78450288993571], [35.20209928067603, 31.78450696950244], [35.2020791738614, 31.78451097872208], [35.20205905015388, 31.7845149212021], [35.2020389053303, 31.78451879513866], [35.20201874361396, 31.7845225987282], [35.20199856500486, 31.784526335578057], [35.20197836739147, 31.784530002080796], [35.20195815499699, 31.7845336018439], [35.20193792570991, 31.78453713125991], [35.20191767741868, 31.78454059213251], [35.20189741645816, 31.7845439826581], [35.201877138605106, 31.784547306443965], [35.20185684385967, 31.784550559882724], [35.20183653644503, 31.78455374477812], [35.20181621424965, 31.78455686113015], [35.20182130269239, 31.78457614257572], [35.20182468069581, 31.784596830857414], [35.201968321148385, 31.785475685875877], [35.202141433288105, 31.785440445128472], [35.20239533650543, 31.785387872064817], [35.20262340771322, 31.785681370242923], [35.20273392035348, 31.785662920073268], [35.203070684320096, 31.785606035914352], [35.20350899842933, 31.785532453129903]]]]}}, {"type": "Feature", "properties": {"plan_name": "101-1217165", "pl_name": "התחדשות עירונית ברחוב דב גרונר 5-13, ירושלים", "dunam": 9.84, "source": "xplan_blueline"}, "geometry": {"type": "MultiPolygon", "coordinates": [[[[35.23627475185074, 31.749148338451818], [35.23622598482885, 31.74913886143416], [35.23618192135892, 31.74916840786742], [35.2358747681994, 31.749232100310294], [35.235865982975255, 31.749468972103212], [35.23584506354629, 31.749471381589583], [35.23570604078085, 31.749607661188772], [35.2357106665823, 31.74986766198512], [35.23554490343051, 31.74999224743488], [35.23554505866434, 31.750140600903325], [35.23553208267279, 31.750157288209017], [35.23553475717178, 31.75026469729504], [35.23551660519375, 31.750268128742842], [35.23550605150355, 31.750269484088715], [35.235402442265936, 31.75036681842965], [35.23539305922966, 31.75039730307399], [35.23538843890491, 31.750467828475283], [35.23538105234135, 31.75047188857496], [35.23537747242809, 31.75049741165837], [35.235367035304876, 31.75053195485892], [35.23532314602308, 31.750580304414004], [35.23527355926315, 31.750634156589296], [35.23529078146003, 31.750690968643852], [35.23541344579334, 31.750764799928255], [35.23582867048306, 31.75083125428017], [35.236045243841644, 31.750803243452236], [35.236088679023375, 31.75079825085963], [35.23613657169439, 31.750364785195078], [35.23616886616311, 31.750039887480494], [35.23620899523702, 31.74967644833711], [35.23622998370482, 31.749468639946837], [35.23624905058934, 31.749295890354638], [35.23627475185074, 31.749148338451818]]]]}}, {"type": "Feature", "properties": {"plan_name": "101-1222421", "pl_name": "מגורים, מסחר ותעסוקה, דו נואס 6, מרכז העיר ,ירושלים", "dunam": 0.189, "source": "xplan_blueline"}, "geometry": {"type": "MultiPolygon", "coordinates": [[[[35.22082938832756, 31.781890383211312], [35.22090322530665, 31.781785807044102], [35.220791223427504, 31.78170648480644], [35.22070684274283, 31.7817830492904], [35.22082938832756, 31.781890383211312]]]]}}, {"type": "Feature", "properties": {"plan_name": "101-1225218", "pl_name": "מתחם לשימושים מעורבים / דינמומטר-אפריקה ישראל, תלפיות", "dunam": 2.847, "source": "xplan_blueline"}, "geometry": {"type": "MultiPolygon", "coordinates": [[[[35.21320163450439, 31.750045731590607], [35.21305902041139, 31.74942933926135], [35.21303511009998, 31.749326009271385], [35.212983459828266, 31.749316020324464], [35.21281716276727, 31.749278034902357], [35.21279966427562, 31.749325718418323], [35.2126757039891, 31.74988261592327], [35.212656366049856, 31.749969482900344], [35.21286167279356, 31.750036159040647], [35.212869752158646, 31.75003821741495], [35.21287811110544, 31.750039150267423], [35.21288653854903, 31.750038933262303], [35.212894817074854, 31.750037572727], [35.21290273665885, 31.750035102945752], [35.21290996381002, 31.750031735874472], [35.212916491138344, 31.750027448967693], [35.2129221582307, 31.750022346850297], [35.212926827895, 31.750016553084357], [35.2129303861599, 31.750010210169194], [35.21294907356642, 31.749967526389625], [35.21312637756589, 31.750026069340848], [35.213169422538186, 31.750037315994554], [35.21320163450439, 31.750045731590607]]]]}}, {"type": "Feature", "properties": {"plan_name": "101-1230291", "pl_name": "התחדשות עירונית - רחוב הנורית - מתחם 6, אפריקה ישראל.", "dunam": 12.306, "source": "xplan_blueline"}, "geometry": {"type": "MultiPolygon", "coordinates": [[[[35.17140240901285, 31.754371789286733], [35.17150311672543, 31.7541930156401], [35.171543714398844, 31.754209529862074], [35.17179486989965, 31.753755919685524], [35.17207792692575, 31.753868042329675], [35.17213338633369, 31.753930496481154], [35.17215224231122, 31.75390842590317], [35.17208977364369, 31.75384896591088], [35.17194408483084, 31.753788831793763], [35.17212868799714, 31.753472248264057], [35.17222168484866, 31.753310327545805], [35.17235884227857, 31.75336627645101], [35.17235422489001, 31.753374884298523], [35.172390406950576, 31.753389669208712], [35.17265315028775, 31.75292022740405], [35.17262900429129, 31.752912690986893], [35.172379788174545, 31.752834005827303], [35.17236567695953, 31.752803150178092], [35.17227849758699, 31.75281472416193], [35.172133874099, 31.752833925792512], [35.172124518217544, 31.752835167969995], [35.17211811560968, 31.75285425839952], [35.172091185504556, 31.752889032117224], [35.17206046504773, 31.75292143121266], [35.172028899778205, 31.75294901243216], [35.17199458698528, 31.752974082210063], [35.17184157330914, 31.753075179686142], [35.17136613319532, 31.753389310531947], [35.17122613184477, 31.75347861270263], [35.17114519279354, 31.753539808822048], [35.17106416562555, 31.75361098467764], [35.171029932819025, 31.753647060324102], [35.17099203821376, 31.75369308775746], [35.17094628942772, 31.753755223668318], [35.17091519333803, 31.75380888787708], [35.170846335324114, 31.753949876762398], [35.170835403420774, 31.75397187528203], [35.171084210369415, 31.75416649905116], [35.17108496376458, 31.754172961865166], [35.17127223396377, 31.754279237114183], [35.171245050744986, 31.754311411463647], [35.17123701360208, 31.754319774881928], [35.171212459160046, 31.754344055162107], [35.17122262882364, 31.75435801655661], [35.171188998364286, 31.754421016060633], [35.1710787025637, 31.754627616059878], [35.17105030129305, 31.7546830143433], [35.171263517894054, 31.75455815547791], [35.171267252631516, 31.75453300400905], [35.17139444460244, 31.75444890393893], [35.17141009819158, 31.75443986970606], [35.17141112257733, 31.75443225479713], [35.17137938400262, 31.75441678536041], [35.1714079134966, 31.754374047126014], [35.17140240901285, 31.754371789286733]]]]}}, {"type": "Feature", "properties": {"plan_name": "101-1233030", "pl_name": "שכונת גילה - הרחבה צפונית - ירושלים", "dunam": 15.69, "source": "xplan_blueline"}, "geometry": {"type": "MultiPolygon", "coordinates": [[[[35.1815012474411, 31.735576921828425], [35.18177002080236, 31.73557841274602], [35.18177129976265, 31.735578412972895], [35.18187701856525, 31.735579008864036], [35.18196351289085, 31.735579494869867], [35.18207959211489, 31.73558010864796], [35.182136189192796, 31.73558046123983], [35.18215850540346, 31.735581175788017], [35.18218043576144, 31.735584773470304], [35.182201475880476, 31.735591169425433], [35.18222113827246, 31.73560021746987], [35.18223896923168, 31.735611708296908], [35.18225455622009, 31.73562537579078], [35.18226753841771, 31.735640904243244], [35.18239471947768, 31.735576664228034], [35.18236992933228, 31.735546539158207], [35.18233989374491, 31.735520130590228], [35.182295985799904, 31.73549414167665], [35.18224965214211, 31.73547143685387], [35.182236972845786, 31.73546470146117], [35.18222567313995, 31.735456362822855], [35.18221602734053, 31.73544662390257], [35.182208271766086, 31.735435721927555], [35.182202594187075, 31.735423921172085], [35.1821991317161, 31.735411510251364], [35.18219797081089, 31.735398789495665], [35.18219938606517, 31.735384790369054], [35.18220358390259, 31.73537120567442], [35.182210439707895, 31.735358434908083], [35.18221975183857, 31.73534685500662], [35.18223124584911, 31.735336807721932], [35.182244581879694, 31.735328590603938], [35.18225936626703, 31.73532244437692], [35.182342616278035, 31.73529726299284], [35.182397652807936, 31.735278343627225], [35.1824506251219, 31.73525552159004], [35.18250115539891, 31.73522896095514], [35.1825307924132, 31.73520888551049], [35.18255649948332, 31.73518518305859], [35.18257767710175, 31.735158406331617], [35.18259382915935, 31.735129182932592], [35.18260457666769, 31.735098196398784], [35.182609101920264, 31.735074038489895], [35.18261061979508, 31.73504960770925], [35.182609400857835, 31.735027614153985], [35.18260574215692, 31.73500581858825], [35.18258260592504, 31.734906948733986], [35.18255570237481, 31.7348087780624], [35.18253349879424, 31.73471560261922], [35.18252183965778, 31.734674350128326], [35.18251480581378, 31.734632339976073], [35.182512461537236, 31.734589948244608], [35.18251625188594, 31.73453628988576], [35.182527545826964, 31.734483407499855], [35.18254617749705, 31.734432064019263], [35.18257187973706, 31.73438300071353], [35.18260428092985, 31.73433692546506], [35.18264291449992, 31.734294504654372], [35.18268722102766, 31.734256348731297], [35.182721832727246, 31.73423339899643], [35.182759819098756, 31.73421475163613], [35.18280045511779, 31.734200765459907], [35.18284295985575, 31.734191707280075], [35.18288652180548, 31.734187750112678], [35.18301939547029, 31.734183586074735], [35.18306327173575, 31.73418481452156], [35.18310652845374, 31.7341912185515], [35.183148330970695, 31.7342026753749], [35.183187878421585, 31.734218964809312], [35.1835362563894, 31.733910929569184], [35.183291114465355, 31.73374139064319], [35.18328385104472, 31.73374734163381], [35.1831801065328, 31.733834789184403], [35.18311813270261, 31.733882250302006], [35.18304642077211, 31.733940591449446], [35.18299872044492, 31.733976235285304], [35.18294355573751, 31.7340103429038], [35.18285807795273, 31.73403743081496], [35.182733543036136, 31.73405924886066], [35.18268214396303, 31.734063116260966], [35.18255580388519, 31.734087668226614], [35.182536186758945, 31.734017344223677], [35.182534935765645, 31.734015172360934], [35.18248462635658, 31.73398037947736], [35.18240133379192, 31.733922774975223], [35.182366217290806, 31.73389848938111], [35.182302519355, 31.733854439354598], [35.18224867686244, 31.733909917076453], [35.18213019892774, 31.734046791462323], [35.1820636071161, 31.734127861304543], [35.18203739890921, 31.734165039877322], [35.181968953301784, 31.73427507667828], [35.181820500790785, 31.734484996925698], [35.181817692902584, 31.734488966360285], [35.18179681107183, 31.734518494552113], [35.18177649080612, 31.73454722921446], [35.18176357661095, 31.734565491133914], [35.181685860374515, 31.734722113754138], [35.181677888699156, 31.734741090807322], [35.18166375929066, 31.73477473440566], [35.18162166242198, 31.73487496180148], [35.181594492358485, 31.73496016166594], [35.18157977181552, 31.73501159498554], [35.181566846461706, 31.735057747407343], [35.181556067226545, 31.735096236314597], [35.18155594051212, 31.73509658440493], [35.18155587923024, 31.735096901844162], [35.181541107670036, 31.735149650042185], [35.18150703757174, 31.7353064011997], [35.18148153585818, 31.73546356692986], [35.18147391447856, 31.735525190576922], [35.1814734323281, 31.735529082862357], [35.1815012474411, 31.735576921828425]]]]}}, {"type": "Feature", "properties": {"plan_name": "101-1233725", "pl_name": "בית שמעון-בניין חדש למגורים ומסחר, ברח' כנפי נשרים 18,ירושלים.", "dunam": 0.63, "source": "xplan_blueline"}, "geometry": {"type": "MultiPolygon", "coordinates": [[[[35.19052295754936, 31.787714316922834], [35.190321635370815, 31.7876931557311], [35.190316967277106, 31.787743483283382], [35.19029900553587, 31.78793715137591], [35.19057535788612, 31.78796249627712], [35.19057198188087, 31.787944395988415], [35.19054502726958, 31.78773890708101], [35.19054236113492, 31.787718575716514], [35.19052295754936, 31.787714316922834]]]]}}, {"type": "Feature", "properties": {"plan_name": "101-1236736", "pl_name": "מתחם בליליוס ושות' מגרש 607 תלפיות", "dunam": 6.879, "source": "xplan_blueline"}, "geometry": {"type": "MultiPolygon", "coordinates": [[[[35.2128650733973, 31.748347190339285], [35.212866785140655, 31.748346055703866], [35.21286847577366, 31.748344894014483], [35.21287014107505, 31.748343708878807], [35.21287178315547, 31.74834249849296], [35.21287339779333, 31.74834126285726], [35.21287498921037, 31.748340003775112], [35.212876555295985, 31.748338723050352], [35.212878091828244, 31.748337417075867], [35.21287960513984, 31.74833608945863], [35.21288108889827, 31.74833473839536], [35.21288254521448, 31.748333365689625], [35.212883974088456, 31.74833197134142], [35.21288537340958, 31.748330557154553], [35.21288674317772, 31.74832912132538], [35.21288808339301, 31.748327665657534], [35.212889394055445, 31.74832619015107], [35.21289067516505, 31.748324694805998], [35.21289192461117, 31.748323181426077], [35.21289314450463, 31.74832165001123], [35.212894330623676, 31.748320098758025], [35.212895485079436, 31.74831853127373], [35.21289660998267, 31.748316947558163], [35.2128976990009, 31.748315345808084], [35.212898758466785, 31.748313729630418], [35.21289978204763, 31.74831209541828], [35.21290077396552, 31.748310448582384], [35.212901729998556, 31.748308785515672], [35.21290265436865, 31.748307109825255], [35.212903542854036, 31.748305419707687], [35.212904397565694, 31.74830371696655], [35.21290521639284, 31.748302001601957], [35.21290599933562, 31.74830027541762], [35.21290674850468, 31.748298536609695], [35.21290746178938, 31.74829678698203], [35.21290813918973, 31.748295026534628], [35.21290878070591, 31.748293257071154], [35.21290938633789, 31.748291478591646], [35.212909953974936, 31.748289691096193], [35.2129104857278, 31.74828789458472], [35.212910981596636, 31.748286090860866], [35.2129114394707, 31.748284279924796], [35.212911861460924, 31.748282463580047], [35.212912245456366, 31.748280640023083], [35.21291259145718, 31.748278811057588], [35.21291289946339, 31.748276976683567], [35.21291317158592, 31.748275138704557], [35.212913405714026, 31.748273297120708], [35.212913603958434, 31.748271451931895], [35.21291376209782, 31.748269604942077], [35.21291388224276, 31.748267754347417], [35.21291396650438, 31.748265903755154], [35.21291401277171, 31.748264051361737], [35.21291401893417, 31.74826219897101], [35.212913989213305, 31.74826034658269], [35.212913921498526, 31.74825849600063], [35.21291381578965, 31.748256645421083], [35.21291367208682, 31.748254796647775], [35.212913490390086, 31.748252949680708], [35.21291327281036, 31.74825110632338], [35.21291301512612, 31.748249266576163], [35.212912721559064, 31.74824743224243], [35.21291238999825, 31.748245601518597], [35.21291202044388, 31.748243776208387], [35.212911615006675, 31.748241956311652], [35.212911171575904, 31.748240141828525], [35.212910690151915, 31.748238336366406], [35.21291017495589, 31.7482365363176], [35.21290961965582, 31.748234745289924], [35.21290903058411, 31.748232963282984], [35.21278713524834, 31.747791887832822], [35.212786596847636, 31.747790186987917], [35.21278618090716, 31.747788877535836], [35.212785760745106, 31.747787568084036], [35.21278533847248, 31.747786260436065], [35.21278491197813, 31.74778495098466], [35.21278448548414, 31.747783645140647], [35.21278398509439, 31.74778213187709], [35.2127835522681, 31.74778082603348], [35.212783115220454, 31.747779521993873], [35.212782676062034, 31.747778217954355], [35.21278223479286, 31.747776913915008], [35.21278178930214, 31.747775609875944], [35.21278134381163, 31.74777430764057], [35.21278089409955, 31.747773005405442], [35.212780440166135, 31.747771704974323], [35.2127799862327, 31.74777040454315], [35.21277952807774, 31.747769104112287], [35.21277906781221, 31.74776780548524], [35.212778605435894, 31.74776650685835], [35.21277813883822, 31.747765210035396], [35.21277767224054, 31.74776391321247], [35.21277720142136, 31.747762616389796], [35.212776728491555, 31.74776132137095], [35.21277625134025, 31.74776002635241], [35.21277577418894, 31.747758731333853], [35.212775292816254, 31.747757438119265], [35.21277480933283, 31.747756144904802], [35.21277432162802, 31.7477548534943], [35.21277383392324, 31.747753562083822], [35.21277334199692, 31.7477522706736], [35.21277284796002, 31.747750981067224], [35.21277234970157, 31.747749691461088], [35.2127718514433, 31.747748403658676], [35.2127713489635, 31.74774711585652], [35.21277084437311, 31.747745829858214], [35.2127703376718, 31.747744542056346], [35.21276982886005, 31.747743257861984], [35.21276931582662, 31.747741971864222], [35.212768800682746, 31.747740689473968], [35.21276828342796, 31.747739405280146], [35.212767764062576, 31.747738122890166], [35.21276724047568, 31.747736840500473], [35.212766714778155, 31.747735559914577], [35.21276618697007, 31.74773428113254], [35.212765657051044, 31.747733000546916], [35.21276512291067, 31.74773172176529], [35.21276458877046, 31.747730444787337], [35.21276405040873, 31.747729167809677], [35.21276350993623, 31.747727890832124], [35.212762965242376, 31.747726615658564], [35.2127624205487, 31.74772534228867], [35.21276187163333, 31.74772406711538], [35.21276132060737, 31.7477227937459], [35.21276076747081, 31.747721522180253], [35.21276021011273, 31.747720250614886], [35.212759652754826, 31.747718980853204], [35.2127590911754, 31.747717711091802], [35.21275852748521, 31.747716441330535], [35.21275795957365, 31.74771517337322], [35.212757391662294, 31.74771390721961], [35.212756819529396, 31.747712641066247], [35.21275624528573, 31.747711374913038], [35.21275566893148, 31.74771011056367], [35.21275509046648, 31.747708846214426], [35.212754507780105, 31.74770758366915], [35.212753922983, 31.74770632112398], [35.21275333607529, 31.74770506038267], [35.21275274705681, 31.747703799641496], [35.21275215592775, 31.747702540704143], [35.21275156057716, 31.74770128176706], [35.21275096311598, 31.747700024633808], [35.212750363544075, 31.747698767500673], [35.212749761861375, 31.747697510367693], [35.212749158068085, 31.747696255038555], [35.212748550053455, 31.74769500151335], [35.21274794203882, 31.747693747988166], [35.21274732980284, 31.747692496266932], [35.212746713345325, 31.747691244545976], [35.21274609688799, 31.7476899946287], [35.212745476209136, 31.747688744711724], [35.2127448555303, 31.747687494794718], [35.2127442306301, 31.74768624668166], [35.21274360361931, 31.747685000372464], [35.212742972387, 31.74768375406353], [35.21274234115485, 31.747682509558285], [35.21274170570119, 31.74768126505332], [35.212741068136935, 31.747680022352164], [35.212740428461935, 31.747678779651164], [35.21273978667634, 31.747677538753994], [35.212739140669214, 31.747676297857062], [35.212738494662275, 31.74767505876384], [35.21273784443381, 31.74767381967091], [35.21273719209476, 31.747672582381753], [35.21273653553434, 31.747671346896585], [35.21273587897396, 31.74767011141144], [35.212735220302804, 31.74766887592641], [35.212734557410286, 31.747667642245332], [35.2127338924072, 31.747666410368108], [35.21273322529335, 31.747665178490998], [35.21273255395797, 31.747663946614157], [35.21273188262294, 31.747662718344692], [35.21273120706621, 31.747661488271817], [35.21273053150986, 31.747660261806327], [35.21272985173195, 31.747659035341105], [35.21272916773254, 31.74765780887615], [35.2127284837333, 31.747656584214905], [35.21272779762347, 31.747655361357467], [35.21272710729213, 31.747654138500277], [35.21272641485003, 31.747652915643272], [35.2127257202975, 31.747651696393742], [35.21272502363407, 31.74765047534067], [35.2127243248602, 31.747649257895123], [35.21272362186481, 31.74764804044983], [35.21272291675867, 31.74764682300467], [35.212722211652704, 31.74764560736321], [35.21272150232541, 31.747644393525725], [35.212720788776565, 31.747643179688485], [35.2127200752279, 31.74764196765494], [35.21271935956849, 31.747640755621543], [35.21271863968773, 31.74763954539209], [35.21271791769639, 31.74763833696648], [35.212717193594266, 31.747637128540983], [35.21271646738157, 31.747635921919336], [35.21271573905814, 31.74763471529779], [35.21271500862411, 31.747633510480103], [35.212714273968714, 31.747632307466354], [35.21271353720258, 31.747631104452754], [35.21271280043662, 31.747629903242814], [35.21271205944913, 31.74762870203318], [35.212711314240295, 31.74762750262749], [35.21271056903165, 31.747626305025474], [35.21270982171223, 31.747625107423616], [35.21270907017147, 31.74762391162571], [35.21270831651998, 31.747622715827926], [35.212707562868644, 31.74762152183387], [35.21270680499595, 31.74762032964373], [35.21270604501252, 31.74761913745375], [35.21270528080772, 31.747617947067706], [35.21270451660311, 31.74761675848537], [35.212703748176985, 31.747615569903306], [35.21270297975088, 31.74761438132122], [35.21270220710357, 31.747613196346798], [35.21270143234551, 31.747612011372507], [35.212700655476866, 31.74761082820201], [35.21269987649748, 31.74760964503172], [35.21269909329674, 31.74760846366532], [35.21269831009602, 31.747607282298954], [35.2126975226741, 31.74760610454023], [35.212696733141414, 31.74760492678162], [35.21269594360877, 31.74760374902303], [35.21269514985477, 31.747602573068384], [35.2126943518794, 31.747601398917734], [35.212693553904074, 31.74760022476703], [35.21269275381831, 31.747599054223876], [35.212691949510855, 31.747597881877287], [35.21269114520376, 31.74759671313807], [35.21269033667514, 31.74759554439913], [35.21268952603594, 31.74759437746402], [35.21268871328597, 31.747593210529015], [35.21268789842544, 31.747592045397862], [35.21268708145431, 31.747590882070515], [35.21268626237245, 31.74758971874331], [35.21268543906921, 31.74758855722006], [35.212684615766165, 31.747587397500507], [35.21268378824162, 31.747586237781192], [35.21268296071739, 31.74758508166928], [35.2126821289715, 31.747583923753936], [35.212681295115196, 31.74758276944614], [35.21268045914812, 31.747581615138454], [35.21267962107045, 31.747580462634556], [35.21267878088206, 31.747579310130835], [35.2126779364723, 31.74757815943104], [35.21267709206273, 31.74757701053496], [35.21267624343181, 31.747575863442812], [35.2126753948009, 31.747574716350673], [35.21267454194864, 31.747573571062492], [35.21267368698579, 31.74757242757815], [35.2126728299122, 31.747571284093915], [35.21267197072803, 31.747570142413508], [35.212671109433245, 31.747569002536927], [35.21267024602774, 31.74756786266048], [35.212669380511805, 31.747566726391536], [35.212668510774364, 31.747565590122868], [35.21266764103694, 31.747564453854196], [35.21266676707815, 31.747563319389485], [35.21266589311955, 31.74756218672846], [35.212665014939596, 31.747561055871376], [35.21266413464906, 31.747559926818152], [35.212663252247786, 31.747558797765002], [35.21266236984667, 31.74755767051557], [35.21266148322407, 31.7475565432664], [35.21266059238025, 31.74755541962491], [35.21265970153647, 31.747554295983353], [35.2126588085821, 31.747553174145676], [35.212657913516985, 31.747552052308095], [35.212657014230516, 31.747550932274486], [35.21265611494422, 31.74754981404456], [35.212655211436584, 31.74754869761859], [35.21265430792913, 31.7475475829963], [35.21265340020017, 31.747546468374278], [35.21265249247138, 31.747545355555946], [35.212651580521076, 31.74754424273787], [35.21265066646035, 31.74754313352732], [35.21264975028886, 31.74754202431691], [35.21264883200683, 31.747540916910292], [35.2126479116142, 31.7475398113075], [35.2126469891108, 31.74753870570486], [35.21264606449682, 31.747537601906046], [35.21264513777228, 31.74753649991103], [35.21264420682637, 31.747535399719997], [35.21264327588048, 31.747534299528912], [35.21264234282417, 31.747533202945373], [35.21264140765713, 31.747532106361938], [35.21264046826857, 31.747531009778772], [35.212639528880345, 31.747529916803014], [35.21263858527061, 31.747528823827523], [35.21263764166106, 31.747527732655676], [35.21263669383015, 31.747526643287816], [35.21263574388867, 31.747525555723765], [35.2126347939472, 31.74752446815972], [35.21263383978439, 31.74752338239961], [35.21263288351099, 31.747522298443318], [35.212631925127006, 31.74752121629088], [35.21263096463244, 31.74752013594221], [35.2126300041379, 31.74751905559357], [35.21262903942199, 31.74751797704888], [35.212628072595514, 31.747516900308007], [35.212627103658285, 31.747515823567262], [35.21262613261065, 31.74751475043406], [35.21262515945225, 31.747513677300937], [35.21262418418328, 31.74751260597166], [35.21262320680372, 31.747511536446204], [35.212622227313574, 31.747510468724563], [35.21262124571268, 31.74750940100305], [35.21262025989044, 31.747508335085485], [35.212619274068395, 31.74750727097161], [35.212618286135736, 31.747506208661576], [35.212617296092525, 31.747505148155316], [35.21261630393855, 31.747504087649205], [35.212615309674156, 31.747503030750615], [35.21261431118826, 31.747501973852295], [35.212613312702544, 31.74750091875764], [35.212612312106074, 31.74749986366313], [35.21261130939918, 31.747498812176115], [35.21261030458155, 31.74749776068924], [35.212609295542734, 31.747496712810005], [35.212608286503944, 31.74749566493076], [35.212607275354394, 31.74749461705164], [35.21260626209443, 31.747493572780026], [35.212605244613115, 31.747492530312382], [35.21260422713181, 31.747491487844705], [35.21260320753994, 31.747490447180883], [35.2126021858375, 31.747489408320867], [35.21260115991368, 31.747488371264794], [35.212600133990065, 31.747487336012405], [35.212599105955675, 31.747486300760137], [35.212598075810725, 31.74748526731171], [35.212597043555355, 31.74748423747079], [35.21259600918924, 31.747483207629987], [35.21259497060161, 31.747482177789458], [35.212593932014315, 31.74748115155628], [35.21259289131645, 31.74748012712694], [35.21259184850784, 31.747479102697714], [35.212590803588796, 31.747478081876014], [35.21258975655904, 31.747477061054433], [35.21258870741865, 31.747476042036663], [35.21258765616756, 31.747475023019028], [35.212586602806034, 31.747474007608908], [35.21258554733391, 31.747472994002592], [35.21258448975106, 31.747471980396405], [35.212583430057606, 31.74747096859403], [35.212582370364515, 31.74746996039904], [35.2125813064499, 31.747468952204304], [35.21258024042471, 31.747467945813383], [35.21257917228879, 31.747466939422623], [35.2125781041532, 31.7474659366392], [35.212577031796265, 31.74746493565975], [35.21257595732858, 31.747463934680415], [35.21257488286109, 31.74746293550477], [35.21257380417224, 31.74746193813307], [35.21257272548356, 31.747460942565038], [35.21257164257355, 31.747459948800994], [35.21257055966372, 31.747458956840603], [35.21256947464331, 31.747457966684028], [35.21256709773741, 31.74745587094793], [35.212565782633696, 31.747454767173622], [35.212564446424246, 31.747453685044892], [35.21256308699801, 31.747452620954572], [35.21256170857683, 31.74745157850976], [35.212560306939146, 31.7474505577107], [35.212558884195616, 31.747449556753576], [35.21255744245712, 31.747448577441943], [35.212555981723675, 31.747447619775816], [35.21255449988451, 31.747446683755296], [35.21255299905055, 31.747445771183976], [35.21255148133241, 31.747444880258], [35.21254994461931, 31.747444010977524], [35.21254839102234, 31.747443166949765], [35.212546820541185, 31.747442344567364], [35.21254523317599, 31.74744154563402], [35.21254362892692, 31.74744077195342], [35.212542009904574, 31.7474400217217], [35.21254037610898, 31.74743929493892], [35.21253872754024, 31.74743859340873], [35.21253706419826, 31.74743791532742], [35.21253538819408, 31.747437264302288], [35.21253369741663, 31.747436636726036], [35.21253199608773, 31.747436036205823], [35.212530282096324, 31.747435459134373], [35.2125285575535, 31.747434909118926], [35.2125268203483, 31.74743438435595], [35.212525072591525, 31.747433884845304], [35.21252331639408, 31.747433412390542], [35.21252154964504, 31.747432965188057], [35.2125197744553, 31.74743254504149], [35.21251799082491, 31.747432151950786], [35.21251620086459, 31.74743178591583], [35.21251440035269, 31.747431445133213], [35.212512595621625, 31.747431131406177], [35.21251078456081, 31.747430846538585], [35.21250896716992, 31.747430586923034], [35.212507145559854, 31.747430354363082], [35.212505319730795, 31.74743015066246], [35.212503489682426, 31.74742997221376], [35.212501655415046, 31.747429822624326], [35.21249981903928, 31.747429700090365], [35.2124979805551, 31.747429604611863], [35.21249614207329, 31.747429536188736], [35.21249429937233, 31.747429494821176], [35.212492458784645, 31.747429482312533], [35.21249061608853, 31.747429496859365], [35.21248877550556, 31.74742953846139], [35.21248693492509, 31.747429608922438], [35.212485096457584, 31.747429704634996], [35.212483260103355, 31.747429829206464], [35.212481425862244, 31.7474299808331], [35.212479595845025, 31.74743015951483], [35.212477770051656, 31.74743036525163], [35.212475948482165, 31.7474305980435], [35.21247413113672, 31.747430859694127], [35.21247232012574, 31.747431146595986], [35.2124705154494, 31.7474314605528], [35.2124687171077, 31.747431801564527], [35.21246692721138, 31.7474321696311], [35.212465143649695, 31.74743256475257], [35.21246336853341, 31.747432986928835], [35.212461603973125, 31.747433434356125], [35.21245984785822, 31.7474339088382], [35.212458100188556, 31.747434408571348], [35.21245636518566, 31.747434933555382], [35.212454638628145, 31.747435485594213], [35.21245292473737, 31.74743606288388], [35.21245122351354, 31.747436667228083], [35.212449534956285, 31.74743729501948], [35.21244785906578, 31.7474379480617], [35.21244619795282, 31.747438626354604], [35.212444549506586, 31.747439329898413], [35.21244291583772, 31.747440056889214], [35.212441296946224, 31.747440807327052], [35.21243969494299, 31.74744158301544], [35.212438107717276, 31.747442383954585], [35.21243653737953, 31.74744320653694], [35.2124349839299, 31.747444052566177], [35.212433449479164, 31.74744492204217], [35.21243193191638, 31.747445813161356], [35.21243043335249, 31.747446727727336], [35.212428951676706, 31.74744766574018], [35.21242749111025, 31.747448623592298], [35.21242604954268, 31.74744960489117], [35.21242462908445, 31.747450606029304], [35.21242322973572, 31.74745162881036], [35.212421849385535, 31.74745267143082], [35.21242049225563, 31.747453735694066], [35.21241915623503, 31.7474548197966], [35.212417843434544, 31.74745592373825], [35.212416553854155, 31.747457047518992], [35.212415285382946, 31.74745818933533], [35.21241404224245, 31.747459349186947], [35.21241282232204, 31.7474605288777], [35.21241162562157, 31.74746172660387], [35.21241045636244, 31.74746294056153], [35.21240931032338, 31.74746417435833], [35.21240817483875, 31.747465415369188], [35.212407094236795, 31.747466688843023], [35.2122062959054, 31.747703038946163], [35.21183387498318, 31.748141385184617], [35.21183396369129, 31.74814207599297], [35.21183401860497, 31.748142492642312], [35.21183407351864, 31.74814290929163], [35.211834128432336, 31.74814332594098], [35.21183418545678, 31.7481437425902], [35.21183424459186, 31.74814415743561], [35.21183430372711, 31.748144574084705], [35.211834362862355, 31.748144990733792], [35.21183442410837, 31.74814540738277], [35.21183448535423, 31.748145822228054], [35.21183454660025, 31.748146238877], [35.21183460995691, 31.748146653722156], [35.21183467331373, 31.748147070371004], [35.21183473878116, 31.748147485216037], [35.21183480424873, 31.74814790186476], [35.21183486971618, 31.748148316709763], [35.211834937294384, 31.748148731554704], [35.21183500487276, 31.748149148203293], [35.21183507456177, 31.74814956304806], [35.21183514425078, 31.748149977892833], [35.211835213939764, 31.748150392737635], [35.21183528573956, 31.748150807582302], [35.21183535753934, 31.74815122242696], [35.211835431449906, 31.748151637271484], [35.211835505360476, 31.748152052116033], [35.211835579270904, 31.748152465156853], [35.21183565529224, 31.748152880001275], [35.211835731313606, 31.748153294845697], [35.211835809445596, 31.748153707886292], [35.21183588757772, 31.748154122730583], [35.21183596570972, 31.748154535771178], [35.21183604595264, 31.748154950615355], [35.21183612619541, 31.74815536365581], [35.21183620643818, 31.748155776696287], [35.21183628879174, 31.748156189736626], [35.21183637325608, 31.74815660277686], [35.21183645560977, 31.748157017620915], [35.21183654218475, 31.748157428857315], [35.21183662664908, 31.748157841897545], [35.211836713224194, 31.748158254937668], [35.211836799799315, 31.748158667977762], [35.21183688848522, 31.74815908101771], [35.21183697717098, 31.748159492254022], [35.211837067967664, 31.748159905293893], [35.21183715665343, 31.74816031653015], [35.2118372495609, 31.7481607295699], [35.21183734035744, 31.748161140806058], [35.21183743326476, 31.7481615520421], [35.21183752828287, 31.748161963278008], [35.21183762330112, 31.748162376317627], [35.21183771831924, 31.748162787553536], [35.21183781544812, 31.748163198789346], [35.211837912576854, 31.74816360822144], [35.21183800970576, 31.748164019457224], [35.21183810894542, 31.748164430692906], [35.21183820818511, 31.748164841928567], [35.211838309535416, 31.748165251360426], [35.211838410885875, 31.748165662595973], [35.21183851223619, 31.74816607202783], [35.21183861569728, 31.748166481459567], [35.21183871915839, 31.7481668908913], [35.211838824730265, 31.7481673003229], [35.21183893030229, 31.748167711558192], [35.21183903587402, 31.748168119186094], [35.21183914355669, 31.748168528617608], [35.211839251239354, 31.74816893804908], [35.21183935892202, 31.74816934748057], [35.21183946871532, 31.748169755108236], [35.21183958061954, 31.74817016453945], [35.21183969041285, 31.74817057216712], [35.21183980231708, 31.748170981598378], [35.21183991633195, 31.748171389225803], [35.21184003034681, 31.74817179685322], [35.211840144361695, 31.74817220448063], [35.21184026048734, 31.74817261210794], [35.21184037661301, 31.748173019735226], [35.21184049273866, 31.74817342736253], [35.211840610974946, 31.74817383318603], [35.21184072921138, 31.748174240813174], [35.21184084955846, 31.748174646636564], [35.21184096990569, 31.748175054263598], [35.21184109025277, 31.74817546008694], [35.21184121271062, 31.74817586591019], [35.21184133516848, 31.748176271733428], [35.21184145762635, 31.748176677556668], [35.211841582194985, 31.748177083379762], [35.211841708874424, 31.74817748920276], [35.21184183344307, 31.74817789502586], [35.211841960122364, 31.74817829904518], [35.21184208891257, 31.748178704868028], [35.21184221770264, 31.74817910888719], [35.2118423464927, 31.74817951290638], [35.21184247739357, 31.748179916925412], [35.211842608294425, 31.748180320944456], [35.21184273919527, 31.748180724963504], [35.21184287220691, 31.74818112898242], [35.21184300521854, 31.748181533001365], [35.211843138230044, 31.748181935216593], [35.21184327335247, 31.748182339235402], [35.21184341058552, 31.748182741450375], [35.21184354570796, 31.74818314546918], [35.211843685051804, 31.748183547684054], [35.211843822284855, 31.748183949899047], [35.21184396162871, 31.748184352113874], [35.21184410097256, 31.748184754328754], [35.21184424242705, 31.7481851547398], [35.211844383881676, 31.748185556954546], [35.211844525336176, 31.74818595736558], [35.211844668901584, 31.748186359580185], [35.21184481246685, 31.748186759991125], [35.21184495814291, 31.748187160401923], [35.211845103818966, 31.748187560812728], [35.21184524949502, 31.748187961223525], [35.21184539728186, 31.74818836163418], [35.21184554506856, 31.74818876024116], [35.21184569285543, 31.748189160651826], [35.211845842752886, 31.74818955925871], [35.211845992650524, 31.748189959669265], [35.21184614465879, 31.748190358275977], [35.211846296667055, 31.748190756882725], [35.21184644867533, 31.74819115548946], [35.21184660279438, 31.74819155409606], [35.21184675691328, 31.74819195089898], [35.21184691314311, 31.748192349505477], [35.2118470693728, 31.748192746308273], [35.2118472256025, 31.74819314311105], [35.21184738183234, 31.74819354171755], [35.21184754017282, 31.74819393852022], [35.211847700624084, 31.748194335322783], [35.211847861075206, 31.748194730321636], [35.21184802152647, 31.74819512712419], [35.2118481819776, 31.748195522123034], [35.21184834453964, 31.748195918925454], [35.21184850921233, 31.748196313924076], [35.211848671774234, 31.748196708922816], [35.21184883644693, 31.748197103921417], [35.2118490032304, 31.748197498919904], [35.21184917001386, 31.74819789391837], [35.21184933679721, 31.748198287113176], [35.21184950358068, 31.74819868211165], [35.2118496724748, 31.74819907530633], [35.2118498434797, 31.748199468500875], [35.21185001237382, 31.748199861695536], [35.21185018337871, 31.74820025489006], [35.21185035649441, 31.748200648084502], [35.21185052960994, 31.748201039475244], [35.21185070272564, 31.748201432669646], [35.21185087584118, 31.748201824060367], [35.21185105106751, 31.748202215450995], [35.21185122840463, 31.74820260684146], [35.21185140363095, 31.748202998232067], [35.21185158096807, 31.74820338962254], [35.21185176041583, 31.748203779209216], [35.21185193986373, 31.748204170599564], [35.211852119311494, 31.748204560186238], [35.21185229875925, 31.748204949772887], [35.211852480317795, 31.748205339359437], [35.211852663987116, 31.748205728945862], [35.211852845545664, 31.748206118532387], [35.211853029214836, 31.74820650631511], [35.21185321499496, 31.74820689590142], [35.21185340077492, 31.74820728368402], [35.2118535865549, 31.748207671466606], [35.21185377233488, 31.748208059249194], [35.21185396022562, 31.748208447031704], [35.21185415022717, 31.74820883481404], [35.21185433811778, 31.748209220792834], [35.211854528119176, 31.74820960677147], [35.21185472023135, 31.748209992750013], [35.2118549102329, 31.748210380532374], [35.21185510234495, 31.748210764707224], [35.21185529656792, 31.748211150685623], [35.21185549079088, 31.748211536664027], [35.211855685013695, 31.74821192083875], [35.21185588134733, 31.748212305013368], [35.211856077680935, 31.74821268918797], [35.21185627401455, 31.74821307336257], [35.21185647245894, 31.748213457537027], [35.211856670903344, 31.748213841711486], [35.211856869347606, 31.748214224082272], [35.211857069902635, 31.74821460645294], [35.211857270457685, 31.748214988823563], [35.2118574731235, 31.748215371194114], [35.211857675789346, 31.74821575356466], [35.21185787845517, 31.74821613593518], [35.21185808112086, 31.748216516502033], [35.21185828589733, 31.748216897068733], [35.21185849278457, 31.748217277635334], [35.21185869756104, 31.748217658202034], [35.21185890655908, 31.74821803876851], [35.211859113446344, 31.748218419335092], [35.211859322444234, 31.748218798097863], [35.21185953144213, 31.748219176860648], [35.21185974044005, 31.748219555623415], [35.21185995154872, 31.748219934386054], [35.21186016476819, 31.748220313148604], [35.21186037587689, 31.748220691911243], [35.211860589096226, 31.748221068870087], [35.211860804426315, 31.748221445828786], [35.21186101764567, 31.748221822787617], [35.21186123297577, 31.748222199746355], [35.21186145041667, 31.748222576704926], [35.211861665746646, 31.74822295185997], [35.21186188529834, 31.74822332881841], [35.21186210273908, 31.748223703973306], [35.21186232229063, 31.748224079128068], [35.21186254184217, 31.748224454282845], [35.21186276350436, 31.74822482763379], [35.211862985166704, 31.748225202788426], [35.21186320682888, 31.748225576139383], [35.21186343060186, 31.748225949490227], [35.21186365437482, 31.748226322841024], [35.2118638781478, 31.748226696191875], [35.21186410403142, 31.748227067738895], [35.21186432991518, 31.748227441089604], [35.21186455579881, 31.748227812636603], [35.21186478379321, 31.7482281841835], [35.21186501178748, 31.748228553926683], [35.21186524189266, 31.748228925473445], [35.211865469886924, 31.748229295216635], [35.2118657021029, 31.74822966676327], [35.211865932207964, 31.748230036506346], [35.21186616442379, 31.74823040624929], [35.211866396639465, 31.748230774188563], [35.2118666309661, 31.748231143931378], [35.21186686529257, 31.7482315118705], [35.21186709961906, 31.748231879809616], [35.2118673360563, 31.74823224774865], [35.21186757249358, 31.74823261568763], [35.211867808930705, 31.74823298182295], [35.21186804747862, 31.74823334795814], [35.21186828602668, 31.748233715897026], [35.21186852457444, 31.748234080228528], [35.21186876523311, 31.748234446363604], [35.21186900589182, 31.748234812498644], [35.21186924866116, 31.748235176829898], [35.211869491430505, 31.748235541161154], [35.21186973419986, 31.748235905492407], [35.21186997696919, 31.748236269823646], [35.21187022184917, 31.748236632351063], [35.211870466729295, 31.74823699668221], [35.21187071372005, 31.7482373592095], [35.21187096071083, 31.748237721736796], [35.21187120770147, 31.748238082460436], [35.211871456803024, 31.74823844498759], [35.211871705904436, 31.748238805711097], [35.21187195500585, 31.74823916643457], [35.211872206218054, 31.748239527157942], [35.21187245743026, 31.748239887881297], [35.21187270864247, 31.748240248604674], [35.21187296196531, 31.748240607524227], [35.21187321528815, 31.74824096644375], [35.21187346861099, 31.748241325363328], [35.21187372404463, 31.748241684282732], [35.21187397947813, 31.748242041398473], [35.21187423491162, 31.748242398514186], [35.211874492455884, 31.748242755629807], [35.21187475000017, 31.748243112745406], [35.211875007544435, 31.748243469861023], [35.211875267199375, 31.748243825172796], [35.21187552685429, 31.74824418048459], [35.21187578650922, 31.74824453579638], [35.21187604827492, 31.74824489110802], [35.21187631004063, 31.748245246419707], [35.211876573916975, 31.748245599927564], [35.211876835682546, 31.74824595343553], [35.21187710166969, 31.748246306943248], [35.21187736554606, 31.74824666045108], [35.21187763153304, 31.748247012155137], [35.211877897520196, 31.748247365662873], [35.21187816350717, 31.74824771736688], [35.21187843160496, 31.748248069070797], [35.21187869970261, 31.74824841897101], [35.21187896991118, 31.74824877067478], [35.211879240119615, 31.748249120574865], [35.21187951032804, 31.748249470474946], [35.211879780536314, 31.74824981857135], [35.211880052855555, 31.748250168471326], [35.211880325174626, 31.748250516567584], [35.211880599604484, 31.748250864663724], [35.21188087192356, 31.74825121276], [35.21188114846421, 31.748251560856012], [35.21188142289393, 31.748251907148482], [35.21188169943444, 31.748252253440807], [35.21188197597493, 31.74825259973313], [35.211882252515444, 31.748252946025463], [35.21188253116674, 31.74825329231766], [35.2118828098179, 31.748253636806183], [35.21188309057983, 31.74825398129456], [35.211883371341784, 31.748254325782952], [35.211883652103566, 31.748254668467656], [35.21188393286552, 31.748255012956033], [35.21188421573811, 31.748255355640598], [35.21188449861068, 31.74825569832516], [35.211884781483114, 31.748256039206034], [35.211885066466486, 31.748256381890474], [35.21188535144973, 31.748256722771238], [35.21188563854373, 31.748257063651863], [35.21188592352698, 31.74825740453262], [35.21188621062084, 31.748257743609564], [35.2118864998255, 31.74825808268634], [35.21188678903015, 31.748258421763175], [35.211887078234824, 31.748258760839967], [35.211887367439495, 31.74825909991679], [35.21188765875479, 31.748259437189756], [35.2118879500701, 31.748259774462756], [35.21188824138541, 31.748260111735746], [35.2118885348115, 31.748260449008622], [35.211888826126675, 31.74826078447792], [35.211889121663404, 31.748261119946978], [35.21188941508936, 31.74826145541614], [35.21188971062611, 31.74826179088516], [35.211890008273485, 31.748262124550415], [35.211890303810094, 31.748262458215752], [35.21189060145747, 31.748262791881], [35.21189089910485, 31.74826312554623], [35.21189119886288, 31.748263457407642], [35.21189149862091, 31.748263789269043], [35.21189179837896, 31.748264121130468], [35.21189209813698, 31.7482644529919], [35.211892400005645, 31.748264783049486], [35.211892701874476, 31.74826511491077], [35.21189300374314, 31.74826544496838], [35.21189330772246, 31.748265773222137], [35.21189361170191, 31.748266103279597], [35.21189391779203, 31.74826643153326], [35.21189422177136, 31.748266759787032], [35.21189452786145, 31.74826708804068], [35.21189483606222, 31.74826741449053], [35.21189514215218, 31.74826774094048], [35.211895450352934, 31.748268067390324], [35.21189575855367, 31.74826839384014], [35.211896068865094, 31.748268718486152], [35.21189637917663, 31.748269044935878], [35.21189668948789, 31.748269367778207], [35.21189699979927, 31.74826969242419], [35.211897312221474, 31.748270017070087], [35.211897624643505, 31.748270339912303], [35.211897939176346, 31.74827066275438], [35.21189825159824, 31.748270983792864], [35.21189856613107, 31.748271306634933], [35.21189888277454, 31.74827162767319], [35.21189919730724, 31.74827194871158], [35.21189951395072, 31.74827226974983], [35.21189983270483, 31.748272588984253], [35.211900149348175, 31.748272908218834], [35.21190046810231, 31.748273227453257], [35.21190078685629, 31.748273544884], [35.2119011077212, 31.7482738641183], [35.211901428585975, 31.748274181548922], [35.211901749450725, 31.748274498979544], [35.21190207031536, 31.748274814606475], [35.21190239329091, 31.748275132036984], [35.21190271626633, 31.74827544766378], [35.21190303924159, 31.74827576148686], [35.211903364327796, 31.74827607711355], [35.21190368730307, 31.748276390936656], [35.21190401449992, 31.74827670475952], [35.21190433958598, 31.74827701858248], [35.21190466678269, 31.74827733060166], [35.21190499397939, 31.748277642620817], [35.2119053211761, 31.748277954639978], [35.211905650483594, 31.748278266659028], [35.21190597979095, 31.74827857687436], [35.21190630909829, 31.748278887089707], [35.21190664051642, 31.748279197304917], [35.21190697193456, 31.748279507520156], [35.211921009228114, 31.748286685379057], [35.21198599169091, 31.748310914100944], [35.21204471525021, 31.748329560743638], [35.212094414726494, 31.7483421835791], [35.21214322746518, 31.74835215502397], [35.212204303747455, 31.74836056550531], [35.21226194969532, 31.748365215474603], [35.21237731462629, 31.748364513865823], [35.21265552510307, 31.74834621569749], [35.21281180954594, 31.74836721844822], [35.212814135597455, 31.74836683951924], [35.2128162590137, 31.748366462407333], [35.212818371872885, 31.748366051025986], [35.212820478396914, 31.74836560898227], [35.2128225743642, 31.748365136276465], [35.212824659774604, 31.748364631104906], [35.21282673673923, 31.748364097074834], [35.21282880103614, 31.74836353057912], [35.212830852665554, 31.748362933421475], [35.21283289162743, 31.7483623056019], [35.21283492003274, 31.74836164892394], [35.21283693154878, 31.748360959780637], [35.212838930397446, 31.74836024177909], [35.21284091446798, 31.748359494919455], [35.21284288164939, 31.748358717398173], [35.21284483405264, 31.748357911018786], [35.21284676956695, 31.748357075781417], [35.21284868819232, 31.748356211686115], [35.212850587818124, 31.748355320536675], [35.21285246844403, 31.74835439872574], [35.21285433007052, 31.748353451664386], [35.212856172697116, 31.74835247394151], [35.2128579963243, 31.74835147096818], [35.21285979884114, 31.748350440940893], [35.212861578136824, 31.748349383859757], [35.212863336322165, 31.748348299724675], [35.2128650733973, 31.748347190339285]]]]}}, {"type": "Feature", "properties": {"plan_name": "101-1236876", "pl_name": "נופי גילה - מתחם אונטרמן, ירושלים", "dunam": 5.729, "source": "xplan_blueline"}, "geometry": {"type": "MultiPolygon", "coordinates": [[[[35.19575686988728, 31.731166674507815], [35.19580236423799, 31.730908698612005], [35.19583704759981, 31.730734440498274], [35.19576605051957, 31.73072880097518], [35.19574569580698, 31.730843045677904], [35.1957415678492, 31.730866204849608], [35.195731210989585, 31.730924364311228], [35.19572107583225, 31.730981189051818], [35.19555105377046, 31.73096402424414], [35.195422574408575, 31.73095105572784], [35.19534555645137, 31.73094327636454], [35.19511163297167, 31.732060320600855], [35.195576780910784, 31.732131469670044], [35.19560981781423, 31.73197010074445], [35.195656034684504, 31.73171255787012], [35.1956622745732, 31.731673757202614], [35.1957030976388, 31.731454279118427], [35.19570850514512, 31.73142457623018], [35.19575686988728, 31.731166674507815]]]]}}, {"type": "Feature", "properties": {"plan_name": "101-1244276", "pl_name": "התחדשות עירונית ברחוב הנורית - מתחם 5", "dunam": 7.535, "source": "xplan_blueline"}, "geometry": {"type": "MultiPolygon", "coordinates": [[[[35.169866465287114, 31.75472193841144], [35.169943495118154, 31.754699414949243], [35.16999697089965, 31.75474615394654], [35.17002356471311, 31.754768166122084], [35.17013906709554, 31.754863771069225], [35.170400231252884, 31.755090422154574], [35.170432249805714, 31.755067713231995], [35.17045245665704, 31.75505351456673], [35.17046435254957, 31.755045637418387], [35.170565735705544, 31.754978511234878], [35.17067607865487, 31.75490825072586], [35.170848980489836, 31.75480434976904], [35.17105030129305, 31.7546830143433], [35.1710787025637, 31.754627616059878], [35.171188998364286, 31.754421016060633], [35.17122262882364, 31.75435801655661], [35.171212459160046, 31.754344055162107], [35.17123701360208, 31.754319774881928], [35.171245050744986, 31.754311411463647], [35.17127223396377, 31.754279237114183], [35.17108496376458, 31.754172961865166], [35.171084210369415, 31.75416649905116], [35.170850194638014, 31.753983444428506], [35.170835403420774, 31.75397187528203], [35.17069457200917, 31.75389542665011], [35.17077938766453, 31.753739704112387], [35.1707392637669, 31.753727390562478], [35.1707249702906, 31.753723003823634], [35.17065376057351, 31.753671644791453], [35.17062970724731, 31.753699505417078], [35.170433063746316, 31.75393637673796], [35.17050637468185, 31.75399718958345], [35.17054930825995, 31.754032805808958], [35.17058233769234, 31.754061967597934], [35.17056606452549, 31.754079733223016], [35.170585721662135, 31.75409635402009], [35.170678156813494, 31.75392663514591], [35.17081969949731, 31.75400346997241], [35.17081556755152, 31.754011782086085], [35.17076743291562, 31.75410963755528], [35.17072983503087, 31.754174830983107], [35.17070490549835, 31.754211625961883], [35.17067788020037, 31.754247325542114], [35.17064312292017, 31.754285004421487], [35.170606715291086, 31.754321528492884], [35.17055783115344, 31.75436642737673], [35.170529138055365, 31.754390717248402], [35.170498602725765, 31.754413307548816], [35.1704579929059, 31.754439050713497], [35.17041499670573, 31.754461789185406], [35.17036991710395, 31.754481362514692], [35.17012881211951, 31.75458302597334], [35.17011667014065, 31.754594295763226], [35.16984991757061, 31.75469387755042], [35.169866465287114, 31.75472193841144]]]]}}, {"type": "Feature", "properties": {"plan_name": "101-1246248", "pl_name": "התחדשות עירונית - שד' הרצל 98-100", "dunam": 2.267, "source": "xplan_blueline"}, "geometry": {"type": "MultiPolygon", "coordinates": [[[[35.188336411940284, 31.780811479820244], [35.18824340037251, 31.780684191288973], [35.18823191550482, 31.78067384572014], [35.188229449605835, 31.780671800934506], [35.18822662151575, 31.780670133974173], [35.18822350935275, 31.780668890842854], [35.188220198627405, 31.780668105821363], [35.18821678118695, 31.780667800565496], [35.188213352048116, 31.78066798410571], [35.18821000517457, 31.7806686501411], [35.18813838783395, 31.780601596384116], [35.18813573619667, 31.780599143940954], [35.188132657963784, 31.7805970873514], [35.18812923230774, 31.780595480735947], [35.1881255489609, 31.7805943646889], [35.18812170293609, 31.780593769884913], [35.18811779558375, 31.78059370986452], [35.18811392825616, 31.7805941873462], [35.18811020019675, 31.78059518971685], [35.18807033746409, 31.780615809715357], [35.1880246068272, 31.780552323281146], [35.187922096636555, 31.780410910463686], [35.18788867111959, 31.780364802236196], [35.187856837325434, 31.78032088567919], [35.18764354171067, 31.780433708768165], [35.18757229531757, 31.780455385047656], [35.1874962554879, 31.78047851983015], [35.187634586211544, 31.78068293127841], [35.18773871959494, 31.78072063285212], [35.187776618979505, 31.780734084243996], [35.18791737432626, 31.780785841118963], [35.1879240806642, 31.780773098976542], [35.18820056169664, 31.780879201691533], [35.18824044994612, 31.780894509185902], [35.188364118797814, 31.780851353685104], [35.188336411940284, 31.780811479820244]]]]}}, {"type": "Feature", "properties": {"plan_name": "101-1247485", "pl_name": "הריסה ובניית שני מבני מגורים ברח' יהודה הנשיא 16, ירושלים", "dunam": 2.337, "source": "xplan_blueline"}, "geometry": {"type": "MultiPolygon", "coordinates": [[[[35.20122624402275, 31.755678883710573], [35.20126799960575, 31.755650197070732], [35.20139178645405, 31.755563229778247], [35.20140659509394, 31.755552824645214], [35.201440544012435, 31.755532559187905], [35.201431795530944, 31.75548841731434], [35.201382962482654, 31.755242025090073], [35.20137937659973, 31.75522320892527], [35.20138940147577, 31.755222714950268], [35.20139942635166, 31.755222222778183], [35.20142291060902, 31.75522109602004], [35.201430484677665, 31.755220733654205], [35.20146739876267, 31.755218954262748], [35.201496740889155, 31.755217535427196], [35.201507612240285, 31.75521740039612], [35.20151848359138, 31.755217265364124], [35.201534024360804, 31.75521658932898], [35.201549567240946, 31.755215913292], [35.20156510800994, 31.75521523725307], [35.20158065088963, 31.75521456121228], [35.20159848836545, 31.755213771587336], [35.2016163258409, 31.755212983763606], [35.201634163316115, 31.755212194133655], [35.201652000790965, 31.7552114063049], [35.201659942164255, 31.755210955552528], [35.2016678856484, 31.7552105047997], [35.20167505020244, 31.755209806924505], [35.20167205628958, 31.755157860626195], [35.20163854516169, 31.75515645483598], [35.2015381469027, 31.755151629572303], [35.20136599972753, 31.75515304511892], [35.20138407493228, 31.754980400066657], [35.20122372624513, 31.75497729926134], [35.20107764748377, 31.754974474589293], [35.20106726932779, 31.755056103861715], [35.201062906993734, 31.755087991161385], [35.20107127932648, 31.755256124025696], [35.201070539874245, 31.755273619786696], [35.20107518331633, 31.755291386240685], [35.20110291190652, 31.75549254874422], [35.20116316462636, 31.75567714698501], [35.20119699554989, 31.75565337882681], [35.20121201011236, 31.7556719427638], [35.20122070264547, 31.75568268935614], [35.20122624402275, 31.755678883710573]]]]}}, {"type": "Feature", "properties": {"plan_name": "101-1250026", "pl_name": "שופרסל תלפיות - מתחם שימושים מעורבים, תלפיות, ירושלים.", "dunam": 5.613, "source": "xplan_blueline"}, "geometry": {"type": "MultiPolygon", "coordinates": [[[[35.21568242063987, 31.753680190366243], [35.21563162495145, 31.7532359949154], [35.21434927749156, 31.75346071331281], [35.214406583743916, 31.75374989970803], [35.21442417087641, 31.75383884183936], [35.21568242063987, 31.753680190366243]]]]}}, {"type": "Feature", "properties": {"plan_name": "101-1252675", "pl_name": "אלה רזידנס", "dunam": 1.949, "source": "xplan_blueline"}, "geometry": {"type": "MultiPolygon", "coordinates": [[[[35.181706805518594, 31.752920536807764], [35.18146944157226, 31.752469572013524], [35.18112892470871, 31.752598113383836], [35.181369452040755, 31.75305566283992], [35.181706805518594, 31.752920536807764]]]]}}, {"type": "Feature", "properties": {"plan_name": "101-1252980", "pl_name": "מתחמים לאורך ציר הרק\"ל - מתחם מודעי", "dunam": 10.97, "source": "xplan_blueline"}, "geometry": {"type": "MultiPolygon", "coordinates": [[[[35.183574455127214, 31.748642430885678], [35.1835571283649, 31.74863917600148], [35.18330902188973, 31.748778024794387], [35.183311505935514, 31.748779614256392], [35.18331427277276, 31.74878144726336], [35.18331699949604, 31.7487833199448], [35.18331969032653, 31.748785234105156], [35.18332233893224, 31.748787187939627], [35.18332494953476, 31.74878918144897], [35.183327517912915, 31.74879121282878], [35.18333004406674, 31.74879328207907], [35.183332527996185, 31.748795389199824], [35.18333496759088, 31.74879753238704], [35.1833373649616, 31.748799711640988], [35.183339715886795, 31.748801926961086], [35.183342020366865, 31.74880417654359], [35.18334428051258, 31.748806460388835], [35.183346494213154, 31.74880877849648], [35.1833471547303, 31.748809494670628], [35.183348657247805, 31.748811127258485], [35.18335077383731, 31.748813510282897], [35.18335284187212, 31.748815922158308], [35.183354859240595, 31.748818366491747], [35.18335682805433, 31.74882083967618], [35.18335874409178, 31.74882334171094], [35.18336060946411, 31.748825870792647], [35.18336242417092, 31.748828428725044], [35.183364183991, 31.748831013703718], [35.18336435279602, 31.748831273462972], [35.18336610626143, 31.748833957643527], [35.18336677304653, 31.74883496060538], [35.18336718029253, 31.748835570319905], [35.18336758753893, 31.748836178230754], [35.18336799689612, 31.748836786141926], [35.18336840836452, 31.748837392249758], [35.18336881983252, 31.748838000161292], [35.183369233412144, 31.748838604465774], [35.183369646991366, 31.748839210573966], [35.18337006268178, 31.748839814878806], [35.183370480483006, 31.748840419184013], [35.18337089828466, 31.74884102168548], [35.183371316086316, 31.74884162418698], [35.183371735998755, 31.748842226688797], [35.183372158021996, 31.748842829191002], [35.18337258215647, 31.748843429889842], [35.18337300418014, 31.748844030588348], [35.1833734304258, 31.74884462948383], [35.183373856671494, 31.748845228379338], [35.18337428502797, 31.748845827275158], [35.18337471338486, 31.748846424367304], [35.183375143852565, 31.748847021459813], [35.18337600689918, 31.74884821384148], [35.1833764394781, 31.7488488091306], [35.18337687627861, 31.74884940442043], [35.18337731096874, 31.74884999790626], [35.183377747769676, 31.74885059139241], [35.183378625593555, 31.748851776561718], [35.183379066616915, 31.748852366441156], [35.183379509750665, 31.74885295812464], [35.183379952884835, 31.748853548004448], [35.183380396019004, 31.74885413788426], [35.183381288620566, 31.748855314037524], [35.18338173808755, 31.748855902114673], [35.18338218544415, 31.74885648838778], [35.18338263702235, 31.74885707466161], [35.183383088600955, 31.74885765913171], [35.18338354017958, 31.748858243601816], [35.18338399386898, 31.74885882807228], [35.18338444966923, 31.748859412543084], [35.18338490546987, 31.748859995210193], [35.1833853633817, 31.748860576073966], [35.18338582129316, 31.748861158741423], [35.18338628131581, 31.74886173960552], [35.18338674344967, 31.7488623186663], [35.18338720558355, 31.748862897727054], [35.183387667717426, 31.748863476787836], [35.18338813196209, 31.748864055848927], [35.183388598317975, 31.748864633106706], [35.18338906467428, 31.74886520856079], [35.18338953314138, 31.74886578401521], [35.18339000160849, 31.748866359469613], [35.18339047218638, 31.748866934924383], [35.183390942764724, 31.748867508575454], [35.18339141545383, 31.748868082226867], [35.18339189025419, 31.748868654074936], [35.18339236505453, 31.748869225923002], [35.18339283985487, 31.74886979777108], [35.18339331676643, 31.748870367815826], [35.18339379578879, 31.748870937860858], [35.18339427481157, 31.74887150610226], [35.18339475594515, 31.74887207434398], [35.18339523707872, 31.74887264258571], [35.18339620356831, 31.748873775462442], [35.183396688924326, 31.748874340097487], [35.18339717639112, 31.74887490473286], [35.18339766385795, 31.748875469368247], [35.18339815132517, 31.748876032199927], [35.1833986409032, 31.748876595031952], [35.18339913259245, 31.74887715606063], [35.1833996242817, 31.74887771708931], [35.18340011808174, 31.748878278118358], [35.1834006118822, 31.74887883734368], [35.18340110779347, 31.74887939656936], [35.18340210172762, 31.748880511413677], [35.183402599750124, 31.748881068836024], [35.18340309988381, 31.748881624455006], [35.18340360212831, 31.748882180074332], [35.18340460661814, 31.74888328770561], [35.183405110973865, 31.748883841521586], [35.18340561744082, 31.74888439353424], [35.18340612390774, 31.74888494554687], [35.183406630375096, 31.748885495755808], [35.18340713895326, 31.74888604596509], [35.18340764964221, 31.74888659617474], [35.18340816033158, 31.748887144580674], [35.183408673132156, 31.748887691183267], [35.18340918593273, 31.748888237785877], [35.18340970084413, 31.748888784388797], [35.18341021575553, 31.748889330991744], [35.18341073277813, 31.748889875791345], [35.18341124980115, 31.748890418787244], [35.183411768934974, 31.74889096178349], [35.183412288068816, 31.748891504779735], [35.18341280931385, 31.74889204597264], [35.183413330558885, 31.748892587165532], [35.183413853914715, 31.74889312835875], [35.18341437938179, 31.74889366774867], [35.183414904849265, 31.748894205334874], [35.18341543031674, 31.748894742921067], [35.18341595789502, 31.748895280507625], [35.183416485473714, 31.74889581629048], [35.183417015163215, 31.748896352073665], [35.18341754696352, 31.748896887857203], [35.18341807876463, 31.74889742003337], [35.18341861056535, 31.74889795401322], [35.1834191444773, 31.74889848618973], [35.18341968050001, 31.748899018366583], [35.18342021652315, 31.74889954873972], [35.1834207525463, 31.748900079112886], [35.18342129068066, 31.74890060768268], [35.18342183092582, 31.748901136252847], [35.183422371171005, 31.748901664822995], [35.18342291352738, 31.74890219158978], [35.183423455884174, 31.748902716552916], [35.18342399824097, 31.748903241516032], [35.18342454270858, 31.74890376647949], [35.18342508928739, 31.748904289639594], [35.18342563586621, 31.748904812799676], [35.18342618244545, 31.748905334156102], [35.18342673113548, 31.748905855512866], [35.18342728193631, 31.74890637686997], [35.18342783273756, 31.748906896423374], [35.18342838565003, 31.748907414173427], [35.1834289385621, 31.748907933727192], [35.18342949147498, 31.74890844967356], [35.18343004649867, 31.748908965620274], [35.18343060363315, 31.748909481567342], [35.18343116076804, 31.748909995710672], [35.18343171790296, 31.748910509854053], [35.18343227714867, 31.74891102399776], [35.18343283850559, 31.748911536338124], [35.18343339986292, 31.748912046874825], [35.18343396122026, 31.74891255741145], [35.1834345246884, 31.74891306794848], [35.18343509026776, 31.748913576682156], [35.18343565584754, 31.748914083612128], [35.18343622142729, 31.748914590542096], [35.18343678911787, 31.748915097472405], [35.18343735680886, 31.74891560259901], [35.183437926610665, 31.74891610772599], [35.18343849641245, 31.748916612852963], [35.18343906832587, 31.74891711437287], [35.18343964234969, 31.748917617696854], [35.183440214263115, 31.748918119216775], [35.183440790398556, 31.748918618933683], [35.183441364423196, 31.74891911865026], [35.18344194266944, 31.74891961836751], [35.1834425188053, 31.748920116280736], [35.18344309705237, 31.748920612390616], [35.183443677410246, 31.748921108500838], [35.18344425776813, 31.748921604611045], [35.183444840237215, 31.74892209891793], [35.18344542270631, 31.74892259322479], [35.18344600517583, 31.748923085727995], [35.18344658975654, 31.748923576427828], [35.183447176447665, 31.748924068931668], [35.18344776313961, 31.748924557828165], [35.18344834983114, 31.748925048528314], [35.18344893863389, 31.74892553742517], [35.18344952743704, 31.74892602451828], [35.18345011835101, 31.748926511611753], [35.18345130229057, 31.74892748219164], [35.183451897426956, 31.748927965678437], [35.18345249045255, 31.748928449164872], [35.18345308558936, 31.74892893084796], [35.18345368283697, 31.74892941253139], [35.1834542800846, 31.748929894214797], [35.18345487733263, 31.748930374094535], [35.183455476691854, 31.748930852170915], [35.1834560781619, 31.74893133024764], [35.183456679631945, 31.748931808324365], [35.183457281102434, 31.74893228459739], [35.183457884684096, 31.748932759067074], [35.18345848826577, 31.74893323353677], [35.18345909395826, 31.748933708006792], [35.183459699651145, 31.748934180673132], [35.18346030745525, 31.748934651536104], [35.18346091525935, 31.7489351223991], [35.18346152306349, 31.74893559326208], [35.18346213297881, 31.748936062321704], [35.18346274289455, 31.74893652957764], [35.183463354921095, 31.74893699683391], [35.18346396905845, 31.74893746409056], [35.1834645810854, 31.748937929543153], [35.18346519733439, 31.748938393192734], [35.18346581147256, 31.74893885684198], [35.18346642772154, 31.748939320491537], [35.18346704608173, 31.74893978233777], [35.18346766444235, 31.748940242380325], [35.183468282802956, 31.748940702422853], [35.18346890327437, 31.74894116246573], [35.18346952374619, 31.748941620704908], [35.18347014632923, 31.748942077140764], [35.18347076891227, 31.74894253357659], [35.18347139360614, 31.748942990012768], [35.18347201830038, 31.748943444645263], [35.18347326980053, 31.748944350303187], [35.18347389660641, 31.748944801328634], [35.183474525523096, 31.74894525235441], [35.183475154439805, 31.7489457033802], [35.183475785468126, 31.748946150798954], [35.18347641649603, 31.74894660002137], [35.183477047524356, 31.748947047440108], [35.183478313803434, 31.748947938670888], [35.18347894905418, 31.748948382482958], [35.18347958430493, 31.74894882629496], [35.183480221666905, 31.74894926830366], [35.18348085902889, 31.748949710312367], [35.183481496391266, 31.748950150517352], [35.18348213586446, 31.74895059072269], [35.18348277533805, 31.748951029124335], [35.18348341692246, 31.748951467526332], [35.18348405850728, 31.74895190412461], [35.1834847022033, 31.748952338919576], [35.183485345899335, 31.748952773714507], [35.18348598959538, 31.748953208509448], [35.18348663540262, 31.748953641501025], [35.18348728121028, 31.748954072688925], [35.18348792912876, 31.748954503877158], [35.18348857704723, 31.748954935065406], [35.18348922496611, 31.748955364449944], [35.18348987499619, 31.74895579203114], [35.18349052502629, 31.748956219612328], [35.183491177167596, 31.74895664539017], [35.1834918293089, 31.748957071167997], [35.18349248145064, 31.748957495142175], [35.18349313570316, 31.748957919116656], [35.183493789956096, 31.748958341287427], [35.18349444631984, 31.748958763458575], [35.18349510268399, 31.74895918382603], [35.18349576115937, 31.748959602390137], [35.18349641752395, 31.748960020953877], [35.183497078110115, 31.74896043951832], [35.183497736585906, 31.74896085627872], [35.183498397172905, 31.74896127123576], [35.1834990598707, 31.748961686193162], [35.18350038526714, 31.74896251250055], [35.18350105007657, 31.748962923850897], [35.18350171488599, 31.74896333520123], [35.18350237969585, 31.748963744747893], [35.18350304661651, 31.74896415429488], [35.18350371353755, 31.748964562038168], [35.18350438256983, 31.748964967978118], [35.18350505160211, 31.748965373918068], [35.183505720634386, 31.748965779858], [35.18350639177787, 31.748966183994604], [35.18350706292179, 31.748966586327505], [35.1835077361765, 31.748966988660758], [35.1835084094316, 31.748967389190295], [35.18350908268674, 31.748967789719853], [35.18351043341941, 31.748968587172232], [35.18351110878615, 31.74896898409473], [35.18351178626411, 31.748969379213868], [35.18351314333125, 31.74897016764883], [35.18351382292044, 31.748970560964633], [35.18351450251002, 31.748970952476725], [35.183515184210414, 31.74897134398917], [35.183515865911225, 31.74897173369791], [35.18351654761202, 31.74897212340668], [35.183517231424055, 31.74897251131206], [35.183517915236486, 31.748972897413765], [35.18351860115973, 31.74897328351582], [35.183519287082966, 31.74897366961785], [35.18351997300702, 31.74897405211251], [35.18352066104147, 31.748974436411196], [35.18352134907675, 31.748974817102486], [35.18352203711201, 31.74897519779381], [35.1835227272581, 31.748975578485453], [35.18352341740459, 31.748975957373386], [35.18352410755149, 31.74897633445765], [35.183524799809206, 31.748976711542245], [35.18352549206692, 31.748977088626834], [35.18352618643625, 31.748977462104403], [35.18352688080557, 31.748977835581922], [35.18352757517492, 31.748978209059487], [35.183528271655454, 31.748978580733684], [35.183528968136415, 31.74897895060419], [35.183529664617375, 31.748979320474675], [35.183530363209144, 31.748979690345525], [35.183531061801716, 31.748980056608996], [35.1835317603939, 31.748980424676123], [35.183532461097684, 31.74898078913621], [35.1835331618015, 31.748981153596347], [35.18353386461611, 31.748981518056773], [35.18353456532032, 31.748981880713174], [35.18353526813572, 31.748982241566225], [35.18353597306197, 31.748982602419613], [35.18353667798862, 31.74898296146932], [35.18394121038029, 31.749185870017882], [35.184183818869684, 31.749316970251787], [35.18419723147735, 31.749324217800915], [35.18468412877788, 31.749575982735784], [35.18469895139694, 31.749583647102224], [35.18477571964377, 31.74962334192512], [35.18482978438537, 31.749651296607972], [35.184841013893156, 31.749631322461155], [35.184865058567866, 31.749629470148637], [35.18486789981952, 31.749629014250132], [35.184879923542056, 31.749626512568703], [35.18489988579159, 31.74962013777338], [35.184918507135286, 31.749611280892395], [35.18493536747816, 31.74960014297363], [35.184950086821, 31.74958697377098], [35.184959327406354, 31.74957952233161], [35.18496127227045, 31.749575664534575], [35.184963219245574, 31.74957180493416], [35.18502579056215, 31.749447697115404], [35.185028261229284, 31.749442796864145], [35.185028371036786, 31.74944257863431], [35.185035462060725, 31.749428516337886], [35.185042783255966, 31.74941399593861], [35.18505778462537, 31.749384240931803], [35.185074069884166, 31.749351942914295], [35.18509586238193, 31.74930871716843], [35.18510154497664, 31.749297071599894], [35.18512380021024, 31.749251454225554], [35.18516231337465, 31.749193027687394], [35.18517058820903, 31.749180473446547], [35.18519412929358, 31.749132753149908], [35.18528372794473, 31.748951122360268], [35.18530637148541, 31.748905054087082], [35.1853102249829, 31.74889360393508], [35.185312319197195, 31.748881825248077], [35.18531262031605, 31.748869913721418], [35.18531116625003, 31.748858281504155], [35.18530800238785, 31.74884689974391], [35.18530261914938, 31.74883490710208], [35.18529534026273, 31.74882366902059], [35.185286303940714, 31.748813403766306], [35.185283806869734, 31.748813401588436], [35.18525246168855, 31.748812738540096], [35.18524257898568, 31.748812529631838], [35.18523270683686, 31.748812320724394], [35.18512003374778, 31.74880657702674], [35.18454136444507, 31.74878162437535], [35.18447381099345, 31.748779597314204], [35.18440120240712, 31.74877656296546], [35.184332957179635, 31.748771945621638], [35.184276906099235, 31.74876696221283], [35.18421586754217, 31.74876047912343], [35.18417005624185, 31.748754101231132], [35.184126925600324, 31.74874798167618], [35.18407728351738, 31.748740244962697], [35.184004742534846, 31.748727504740366], [35.18395146414036, 31.748717195333683], [35.1839035260314, 31.74870703827298], [35.183850285925985, 31.748695496909523], [35.18381801561488, 31.748688235459483], [35.183574455127214, 31.748642430885678]]]]}}, {"type": "Feature", "properties": {"plan_name": "101-1252998", "pl_name": "מתחמים לאורך ציר הרק\"ל - מתחם דב יוסף", "dunam": 11.437, "source": "xplan_blueline"}, "geometry": {"type": "MultiPolygon", "coordinates": [[[[35.1979956491005, 31.749201973597124], [35.198002730220715, 31.749087975306665], [35.19788718819271, 31.749041010391117], [35.19777972987271, 31.74915370846639], [35.19772042935206, 31.749118704768446], [35.1977183009141, 31.749129162454217], [35.19753292743294, 31.749023270588616], [35.19752454482011, 31.749003086841782], [35.19750881792707, 31.748965313109153], [35.19742744180183, 31.748944975692407], [35.19736795428265, 31.748930059519903], [35.19730665329391, 31.74900255546982], [35.19727568717055, 31.749039175877886], [35.19723833626918, 31.749180298135766], [35.19718406126338, 31.749288150356154], [35.19698835884363, 31.749541061630765], [35.196914973521594, 31.749603896118536], [35.19686311568276, 31.74964830172806], [35.19676966078025, 31.74975994460713], [35.196644984579684, 31.74989622393232], [35.196513162980835, 31.75003126716388], [35.196372297147015, 31.750154233982734], [35.19617858561089, 31.750285422079717], [35.19618162973347, 31.75030589415807], [35.19618538021133, 31.750335155663404], [35.19626055618685, 31.75032526723591], [35.19629694731427, 31.75032048075248], [35.19637235757086, 31.75031056161115], [35.19645140481142, 31.75030016467367], [35.19652700803553, 31.75027940527537], [35.196662743770915, 31.75024213129442], [35.19668506206486, 31.75023600370524], [35.196719317363616, 31.750226529181532], [35.19673752155688, 31.750221496175644], [35.19683497221801, 31.750194545834688], [35.19691530152867, 31.750172329103794], [35.19691533108082, 31.750172321890773], [35.196975577510926, 31.75015565930925], [35.19707755163173, 31.750127459088045], [35.197093872889155, 31.75012294538597], [35.19721100720599, 31.75009055054053], [35.19728842355343, 31.7500663150808], [35.19733595833178, 31.75005143366638], [35.197393922919524, 31.750033286323596], [35.197471351836874, 31.75000904714582], [35.19758865505138, 31.75000136792818], [35.197637526384334, 31.749950665185406], [35.19767033888875, 31.749924419617894], [35.19777715535431, 31.749858209926966], [35.19791270468234, 31.749692856362174], [35.197913950561926, 31.749685686756624], [35.19791970236948, 31.74965766491647], [35.19794189662908, 31.74954952398531], [35.19794277079987, 31.749545269124045], [35.197988022768804, 31.749324790099998], [35.1979956491005, 31.749201973597124]]]]}}, {"type": "Feature", "properties": {"plan_name": "101-1256924", "pl_name": "הנורית 1 - התחדשות עירונית", "dunam": 5.675, "source": "xplan_blueline"}, "geometry": {"type": "MultiPolygon", "coordinates": [[[[35.169986637003916, 31.753452525668816], [35.16997575451999, 31.753437537682245], [35.16974589255642, 31.753629416778416], [35.1697125125614, 31.753658423645298], [35.169550950388775, 31.75379881841395], [35.169494287070904, 31.753844365898356], [35.16947700157171, 31.753859268653365], [35.169070978680004, 31.754209319528623], [35.16903369899564, 31.754244944671992], [35.16900104099112, 31.754283740168862], [35.16898236977111, 31.754311831043328], [35.16915547086092, 31.754458665012017], [35.16919077345468, 31.754432072161475], [35.16930711414112, 31.754344432339742], [35.16968748170002, 31.75430865930183], [35.17028738768443, 31.753792163575167], [35.170208285820614, 31.75370537953511], [35.17013075036292, 31.75361868424666], [35.169986637003916, 31.753452525668816]]]]}}, {"type": "Feature", "properties": {"plan_name": "101-1260439", "pl_name": "הנורית 2 - התחדשות עירונית", "dunam": 13.413, "source": "xplan_blueline"}, "geometry": {"type": "MultiPolygon", "coordinates": [[[[35.17066599875415, 31.753248800189272], [35.17065755899466, 31.753238246374597], [35.17115467613854, 31.752939595866323], [35.171136635738996, 31.752918037074863], [35.17111384791349, 31.75289070523594], [35.17122083676758, 31.752829808109546], [35.1711584102429, 31.752756518776614], [35.171103015261416, 31.752783292713957], [35.17105627862621, 31.752728899268536], [35.17105000152279, 31.752721145370273], [35.17102167545172, 31.752686142778465], [35.17092215027411, 31.752736546031358], [35.170831659428295, 31.752787370041], [35.1707150082265, 31.75285578927982], [35.17064966181511, 31.752895633529228], [35.170572914056436, 31.75294232873918], [35.17048761471688, 31.75299560509362], [35.17043018513699, 31.753032204694616], [35.170330314270174, 31.753102431737485], [35.17024912930003, 31.75316003788412], [35.17016984327239, 31.753219718730815], [35.17008981856188, 31.75327876803759], [35.17001148170194, 31.753339891991217], [35.16996270517359, 31.75337983053786], [35.1695639637091, 31.753704090423078], [35.16955186188265, 31.753704087115672], [35.169551858195575, 31.753713935256407], [35.168889391527564, 31.754252655008003], [35.16888842049414, 31.754269281140914], [35.168859810207714, 31.754692034360524], [35.16885774578365, 31.754730560575023], [35.168821969918746, 31.755149796368407], [35.16881730615752, 31.755217875290647], [35.16884407201946, 31.755242254198052], [35.16893673130413, 31.75532665114528], [35.168942986742955, 31.75533863118059], [35.16895141895454, 31.755349592736867], [35.16896180745394, 31.75535925167149], [35.168973881081754, 31.755367353588515], [35.16898732538709, 31.75537368827043], [35.16900178790487, 31.75537808967961], [35.16901689081881, 31.75538044317661], [35.16943340073458, 31.755415688539788], [35.16949394781647, 31.7554300570817], [35.16965827250201, 31.755469050818075], [35.16969667239181, 31.755472796715797], [35.169735322745176, 31.755472867654813], [35.16977374120656, 31.755469262602013], [35.169815090991996, 31.7554620698947], [35.16985691889053, 31.75545205994209], [35.16991662998111, 31.755432635953042], [35.169973543924236, 31.75540782897415], [35.170069002744356, 31.755345519242102], [35.170082945461864, 31.75533424994289], [35.170217384925664, 31.75522559398692], [35.170226842637426, 31.755217950686735], [35.170335585991474, 31.755136272698053], [35.170400231252884, 31.755090422154574], [35.17013906709554, 31.754863771069225], [35.17002356471311, 31.754768166122084], [35.16999697089965, 31.75474615394654], [35.169956867751466, 31.754711102858145], [35.169943495118154, 31.754699414949243], [35.169866465287114, 31.75472193841144], [35.16983727022818, 31.75473004890243], [35.169752880083685, 31.75475108947175], [35.16966746731866, 31.754768863226314], [35.16966225717847, 31.754769835798605], [35.16956267848612, 31.754786095934666], [35.16946226123868, 31.754798012480762], [35.16943842589299, 31.754800192017], [35.169324023658, 31.75480659615294], [35.16913791737418, 31.754812742286113], [35.16909796565716, 31.75481889353146], [35.16905959095148, 31.754830208260195], [35.16902370210946, 31.754846418878145], [35.16899114681243, 31.754867141437167], [35.16896269784627, 31.754891885551253], [35.16893902776639, 31.754920065211394], [35.16892069622625, 31.754951014113036], [35.16890777913528, 31.754998801952457], [35.16889924195392, 31.75504730166325], [35.16889750737445, 31.755062302458086], [35.16889479441366, 31.75512423676048], [35.168897898132876, 31.75517513501017], [35.16890579594777, 31.755225653114163], [35.16891843838411, 31.75527546278648], [35.16890158091234, 31.755263047814672], [35.1688867960203, 31.755248835140556], [35.16887434325797, 31.755233075549853], [35.16886444205722, 31.75521604506873], [35.168856356708716, 31.755195099285306], [35.16885211041745, 31.75517334381386], [35.168851801144555, 31.755151289125934], [35.16888295834437, 31.7548366768015], [35.168895891295115, 31.75471685054449], [35.168926558274954, 31.75434181087012], [35.168927095770904, 31.75430510956032], [35.16897772132733, 31.754262428519418], [35.168997166529486, 31.754247320812393], [35.168978281048666, 31.754228286649543], [35.169443150299195, 31.753827454929056], [35.16946130950088, 31.753813120579984], [35.169477241279864, 31.75382800537891], [35.16970582502571, 31.753653261471367], [35.16972312677879, 31.753639857554738], [35.169712049401085, 31.75362677779606], [35.16988244790064, 31.7534960565924], [35.16990683666893, 31.75347486984722], [35.16996701510196, 31.753426907986302], [35.16998950162273, 31.753412213991876], [35.169998215942464, 31.75342221779944], [35.1701404727388, 31.75358549898211], [35.17066599875415, 31.753248800189272]]]]}}, {"type": "Feature", "properties": {"plan_name": "101-1276328", "pl_name": "התחדשות עירונית- מתחם איסלנד-מקסיקו, ירושלים", "dunam": 13.878, "source": "xplan_blueline"}, "geometry": {"type": "MultiPolygon", "coordinates": [[[[35.16652409504349, 31.759504468886963], [35.166840730559684, 31.75929305318412], [35.16709763719187, 31.759329427831354], [35.167180642580114, 31.759341181473555], [35.167761687223454, 31.75942344643792], [35.16794783620548, 31.759456029306662], [35.16807715837533, 31.759455941768117], [35.16823181720695, 31.759390692262677], [35.168257581121395, 31.75936680071288], [35.16827222653334, 31.759352934508737], [35.168506489266946, 31.7591582655793], [35.16852264379362, 31.75914492284019], [35.168733114884205, 31.75925696022838], [35.168798669452464, 31.759288312210778], [35.16880240884511, 31.759289104172023], [35.16880624447573, 31.75928941006624], [35.16881009085055, 31.759289221753008], [35.16881386035958, 31.759288544618922], [35.168817469611405, 31.759287393070238], [35.16882083626573, 31.7592857932374], [35.168826328881885, 31.75927551375226], [35.16900344045412, 31.75873130036485], [35.16911885427551, 31.75844149780331], [35.16921583479254, 31.75821675807084], [35.16923168606899, 31.75816725121779], [35.16898300912337, 31.758167813660663], [35.16877322844859, 31.75808317487659], [35.16872135276255, 31.758159804469546], [35.168676895214055, 31.758214083018103], [35.16859979284248, 31.758301570902436], [35.168342378932316, 31.75858864000653], [35.16804500606547, 31.758918695292667], [35.16798777382917, 31.75897865156543], [35.16793287064682, 31.759020751972553], [35.1678848330685, 31.75905058924803], [35.16768375430566, 31.75915003912025], [35.16748058994769, 31.75914172315884], [35.167359391313475, 31.759120960022763], [35.16722318402076, 31.759093150799323], [35.167119711861055, 31.7590722681494], [35.166981319095726, 31.759051454531573], [35.16691015054777, 31.759050120535864], [35.16679639131491, 31.759060965066567], [35.1666700872007, 31.75909020159103], [35.166572205680055, 31.759135578608063], [35.16647728746129, 31.759192518067294], [35.16641030377189, 31.75924069986305], [35.166391546714266, 31.75926785419578], [35.16652409504349, 31.759504468886963]]]]}}, {"type": "Feature", "properties": {"plan_name": "101-1284223", "pl_name": "דרום מזרח גילה, ירושלים", "dunam": 195.536, "source": "xplan_blueline"}, "geometry": {"type": "MultiPolygon", "coordinates": [[[[35.19970438813303, 31.731609981662523], [35.199627343242945, 31.730871778557262], [35.19959136750388, 31.730706421611607], [35.199596852544424, 31.730703516063876], [35.199890344979075, 31.73054803013567], [35.199919680031584, 31.730532429197805], [35.19998130497652, 31.73049410280567], [35.200018553998184, 31.730476878791613], [35.200100544459985, 31.73042908363417], [35.20031369724145, 31.730325919215808], [35.200359704254154, 31.73030734260888], [35.20038460742869, 31.730290208282145], [35.20046744113111, 31.7302556700776], [35.20054236104701, 31.73021680271115], [35.200625828090324, 31.730173516497782], [35.20064427313469, 31.730163975488892], [35.200674113814145, 31.730163832064243], [35.20069671571628, 31.730168693679474], [35.20084091481107, 31.730239664174988], [35.20088467282986, 31.730255655145317], [35.2009727909227, 31.730272522086445], [35.201052316323924, 31.730298578572445], [35.20111078572932, 31.730317735334268], [35.201207904033595, 31.730353550166974], [35.20102611614131, 31.730119032596612], [35.20077679345199, 31.72979649611552], [35.20075990293468, 31.729774856697244], [35.20055480743664, 31.729512102712732], [35.20035081673385, 31.729299887985587], [35.20018365367485, 31.729132812539156], [35.20001189261071, 31.728969179065754], [35.19983562956268, 31.728809080440854], [35.19965496688079, 31.72865260683466], [35.19947000374712, 31.728499847515508], [35.199405309963836, 31.728448098764968], [35.1992866509514, 31.728355353427002], [35.199335142541216, 31.728309352080828], [35.19913839772503, 31.72815438137565], [35.198937316607264, 31.728003530722496], [35.19873201841, 31.727856889389365], [35.198678804687624, 31.72782039643773], [35.198490193069595, 31.72773178037219], [35.19829894469457, 31.72764739627445], [35.198105186158635, 31.727567301857356], [35.1979090524977, 31.727491551227377], [35.197807653170806, 31.727459828036096], [35.19770501916275, 31.727431151142838], [35.19759746381355, 31.72740467892414], [35.19748885839872, 31.727381553316846], [35.197379344295925, 31.727361803185165], [35.197278907302085, 31.727347714367056], [35.197177722927144, 31.727338308725763], [35.197076090817575, 31.727333616037665], [35.19637924572789, 31.727321525514007], [35.19627641898938, 31.727319740574146], [35.1962275587631, 31.72732263780292], [35.196179449367435, 31.72733048891399], [35.19613277665529, 31.72734318122146], [35.196082464030745, 31.72736340731556], [35.1960359093308, 31.72738938742785], [35.195994006311494, 31.72742062289905], [35.19605684008943, 31.727428741847827], [35.19603377851363, 31.727547562457264], [35.195884764927285, 31.727595125109662], [35.195791908345626, 31.727624762639902], [35.19573735929708, 31.727642173643005], [35.19566948133144, 31.727661077173373], [35.19572294858894, 31.727385595029265], [35.19578362771854, 31.727393436197147], [35.19578543502711, 31.727383867708713], [35.195799048598964, 31.72729266651164], [35.19580554835582, 31.727200893963538], [35.195804906847364, 31.727108954993515], [35.19522961938358, 31.726976806842575], [35.195204272862114, 31.72701659276575], [35.19516427323117, 31.7271117348793], [35.19511456730459, 31.727194881691172], [35.195073614671614, 31.727237528918298], [35.19496978510011, 31.727345660121816], [35.19487419528906, 31.727275218677782], [35.194944687434884, 31.72719748459079], [35.194899633959615, 31.72718224001171], [35.19482039196553, 31.727182504648447], [35.19479274720661, 31.72718015776675], [35.194729962997506, 31.72720549496705], [35.19467298626141, 31.727190880698537], [35.19469505024684, 31.727082299839005], [35.19465844654279, 31.72698597965073], [35.19470361025268, 31.726954508579723], [35.19465117625517, 31.726887857995774], [35.19460158891391, 31.72684330289289], [35.19458499515635, 31.726807803063647], [35.193369219037216, 31.726542749813692], [35.192813820288066, 31.72642166355712], [35.19220631941261, 31.72628921383831], [35.191966121078096, 31.726236843783358], [35.19170888720651, 31.726180759575097], [35.191582488643824, 31.726157845409187], [35.19157462981871, 31.72618951753759], [35.19145893013983, 31.726168541493923], [35.19132748398933, 31.72614471208908], [35.19065679524607, 31.72602312118055], [35.19019699711927, 31.72593975989546], [35.19012229115912, 31.725926216619985], [35.190162994457715, 31.72577233695347], [35.190161878164936, 31.725772062667026], [35.190186283959726, 31.725685816202425], [35.19023769459345, 31.72548994041497], [35.19045381362263, 31.72533300648436], [35.19031434754714, 31.725324820424614], [35.19023761528088, 31.725345193712897], [35.190027435961944, 31.725326060051795], [35.18992989734542, 31.725340541739527], [35.18978553876665, 31.725324935940286], [35.18974760280692, 31.72524280024194], [35.18937525561771, 31.725190437116186], [35.18917550719179, 31.725162346117262], [35.18913084854225, 31.725157618703857], [35.18910762745123, 31.725156373176723], [35.18904059278635, 31.72515736437654], [35.18897622547783, 31.725164796866046], [35.18891328259816, 31.725178500049125], [35.188852597718295, 31.72519829275775], [35.18879497488113, 31.725223912655505], [35.18877235879862, 31.72528935343236], [35.18876282553436, 31.725296561642317], [35.18872143389635, 31.72532729607335], [35.18868420199812, 31.725361699722928], [35.18865157411997, 31.725399362308412], [35.18863985945768, 31.72541528931168], [35.18863299318652, 31.72542462259624], [35.18858505425624, 31.72542478982052], [35.18854593575793, 31.72542776738085], [35.18850796428837, 31.72543633833673], [35.18842996291063, 31.72545878282643], [35.188241097292476, 31.725732488121047], [35.18819288863611, 31.725802350015915], [35.18823736900115, 31.725826653258363], [35.187936584233775, 31.726262544914213], [35.18756451968825, 31.726801729569775], [35.18791978692919, 31.726832469444766], [35.18793663526005, 31.72677431863351], [35.187960900912714, 31.726718114963848], [35.187992286202345, 31.726664549209158], [35.1880399495428, 31.726747321559788], [35.18797054723119, 31.726836965390085], [35.18796383564679, 31.726847706441625], [35.18795899682481, 31.726859159292413], [35.187956133156824, 31.726871088573454], [35.1879553027208, 31.726883244480263], [35.18795702048229, 31.72689533307678], [35.1879595772914, 31.726912252982885], [35.187965530740804, 31.726928536621354], [35.18797469943328, 31.726943690657368], [35.18798680700187, 31.726957254210223], [35.18800532530402, 31.72684686494219], [35.188034884667516, 31.726760291293612], [35.188043611735004, 31.726742592736308], [35.18807583894669, 31.726677236303548], [35.18812734388861, 31.726598331147375], [35.18818802758083, 31.726524748041086], [35.18828078224961, 31.72648192198991], [35.18838936212287, 31.726450010222717], [35.18822028903081, 31.72667454915147], [35.188246143754654, 31.726653629544014], [35.18831251931053, 31.726614046783496], [35.18838058098251, 31.726586458783324], [35.18852872937718, 31.72655175612797], [35.188639101347455, 31.726529584333925], [35.18873313394293, 31.72652236218432], [35.188827533779225, 31.72652106966339], [35.188921789127434, 31.726525715726687], [35.18901538826439, 31.72653627415931], [35.189107826857615, 31.726552687183943], [35.18913274849389, 31.72655819324605], [35.18937014321943, 31.726612887861], [35.18945438140415, 31.72663556751459], [35.18953610637842, 31.726664189098802], [35.189614744187224, 31.726698552341528], [35.189722172979714, 31.726751955966535], [35.18990639219575, 31.726813663443565], [35.18991116391612, 31.726825065152173], [35.18992806746095, 31.726865450035184], [35.19000250105043, 31.72691194873419], [35.189845767149784, 31.727127434833545], [35.1898359415741, 31.7271409452043], [35.18973300977067, 31.727285959644345], [35.18959877304237, 31.727472440962536], [35.189553752241615, 31.727534984322144], [35.18995975077818, 31.727551379600992], [35.190619038396555, 31.727578001084513], [35.19101995359107, 31.727594186816344], [35.191290740559744, 31.727595412562888], [35.19132264005698, 31.727595556522687], [35.191354537444006, 31.727595700474254], [35.191475711640145, 31.727596248496077], [35.191658253752436, 31.727597078507372], [35.19184280050926, 31.72759908085719], [35.192027347286086, 31.727600992754986], [35.1922119994685, 31.727603806243945], [35.192390795279216, 31.72760863003633], [35.19240370126988, 31.7275484058231], [35.192427061658854, 31.7274394196527], [35.19239826627326, 31.72735888189806], [35.1923781209202, 31.727296021177207], [35.192367583921985, 31.727183289146986], [35.19236379504246, 31.727108345194914], [35.192365702277485, 31.727046631893796], [35.1923675849692, 31.726913409230946], [35.19240361408293, 31.726930019256354], [35.19292439153684, 31.72710307229236], [35.19293452282426, 31.727139691851566], [35.19299571064866, 31.727229701791995], [35.19299749814802, 31.727280926935098], [35.19298240817946, 31.72729129684223], [35.1929164595392, 31.727303646250412], [35.19284977249684, 31.727314191861076], [35.19282059878722, 31.727388696317043], [35.19280618045104, 31.727428271718654], [35.19274980620555, 31.72745725379511], [35.19271426545186, 31.72751574262256], [35.19277823864194, 31.727591094275454], [35.19284065474918, 31.72766461319879], [35.19293052510224, 31.727678336610374], [35.19296130349381, 31.727683036196694], [35.19302265548035, 31.727693297495723], [35.19320326940432, 31.727725653737135], [35.19322773583677, 31.727730587186077], [35.19338132110811, 31.727761559176084], [35.193559304754274, 31.727803185685502], [35.19359381802316, 31.72781186799777], [35.19373581945916, 31.727847589516042], [35.19391096220783, 31.727895690566854], [35.19405188713912, 31.727935828896708], [35.19408716006834, 31.72794587653494], [35.19424661920202, 31.727994484498975], [35.19423931868983, 31.728022149013675], [35.19423265815073, 31.7280447758548], [35.19441474071274, 31.72810854367093], [35.19442735860975, 31.728086406087485], [35.19449529680797, 31.728101787885194], [35.19496035562891, 31.728207072387942], [35.19551307254081, 31.728332201979246], [35.195528390910745, 31.72831553418442], [35.19554073598192, 31.728297152670073], [35.1955498502588, 31.728277440704694], [35.19562648814093, 31.727882582583565], [35.195681374829654, 31.727867020440456], [35.195991001594365, 31.727767960538987], [35.1958810107123, 31.728334672853425], [35.195880211616426, 31.72834990772095], [35.195882427139175, 31.728365039978755], [35.19588759401152, 31.72837963673533], [35.195895564549424, 31.72839328132665], [35.19590611087353, 31.72840558233497], [35.19591893229374, 31.72841618892075], [35.195933660584544, 31.728424797136128], [35.195949875811294, 31.72843116164995], [35.19596711371625, 31.728435099355895], [35.19672543004275, 31.728556229276194], [35.19678956754406, 31.7285025623257], [35.19629029057991, 31.728066688244105], [35.196212203967214, 31.727998512559747], [35.19612892647705, 31.7279258092129], [35.196041418796206, 31.727725528280004], [35.19635044747106, 31.72760219331642], [35.196531721456985, 31.72752652149945], [35.19660730037777, 31.727511909875236], [35.196684053207946, 31.727502813981083], [35.196761432329296, 31.727499299617055], [35.19690660414168, 31.727640873135673], [35.19696777738121, 31.72770136547291], [35.196974880151046, 31.727708378657635], [35.197055369834, 31.727787973218387], [35.197314524617134, 31.72802162605498], [35.197461230873834, 31.728153893746054], [35.1974666055179, 31.72815874056975], [35.197474350858464, 31.72816705512794], [35.197480363548, 31.72817635801747], [35.19748447794476, 31.728186387693636], [35.197486575890615, 31.72819686367547], [35.19748660148305, 31.72820749105573], [35.19748455157772, 31.728217974028002], [35.19748048528504, 31.728228017691066], [35.19747451447271, 31.728237340674127], [35.19746680904121, 31.728245682352007], [35.19745758320615, 31.728252808255547], [35.19740862793408, 31.728278926717945], [35.19733014158425, 31.728320777174595], [35.197308333749504, 31.728316461525118], [35.197293448980325, 31.728324398765974], [35.19730957939192, 31.728337050787566], [35.19742759354281, 31.728277977205725], [35.19753772517543, 31.728222853186224], [35.19764079746847, 31.728315785111654], [35.19763178600662, 31.728320589681907], [35.19764631042973, 31.728319639000127], [35.19766081042867, 31.728320837419588], [35.1976748533892, 31.728324147941752], [35.19768802041843, 31.72832947314516], [35.197699921117206, 31.728336653382495], [35.19798266198564, 31.728540651504773], [35.198108361136256, 31.728648212157406], [35.19827359170118, 31.728784669797005], [35.19833067445798, 31.72881524516882], [35.198364995878094, 31.72883364629755], [35.198402001575964, 31.728853486892405], [35.19854739880352, 31.728940071043105], [35.198623051903034, 31.728984986515815], [35.198754943285785, 31.729072020741395], [35.19877414655325, 31.72908699226493], [35.198962697660015, 31.729233731092965], [35.19913953741753, 31.72937108993857], [35.19930065598641, 31.729500060724206], [35.19944088328079, 31.72961297760191], [35.19955167126747, 31.729686803513683], [35.19958353875255, 31.729708037825162], [35.19973421535508, 31.729773968491187], [35.19991190428832, 31.72985162395135], [35.20005023523274, 31.729927744690674], [35.20001984468501, 31.729954528538254], [35.199827479657586, 31.730056069889123], [35.19979107477509, 31.73007617979218], [35.19967911297977, 31.73020721421234], [35.19965220408651, 31.730239228817183], [35.199607039859, 31.730282335462903], [35.199575354878725, 31.73031936595013], [35.19954530762546, 31.730354480966493], [35.1995200861788, 31.73040119572688], [35.19949691922164, 31.730426635969703], [35.19944083685599, 31.73048822099902], [35.1993559971103, 31.73053376099978], [35.19934238491159, 31.73053817951701], [35.19926556555099, 31.730565051523655], [35.199224305649466, 31.73059995137286], [35.19921396354769, 31.730622046226024], [35.19917354793171, 31.73065378962529], [35.199087863899045, 31.73069671405323], [35.199001019002154, 31.730740900961223], [35.198952373920676, 31.73075262292079], [35.198822586245136, 31.730734490187398], [35.198766556293585, 31.73072132075423], [35.19875677486062, 31.730717938393795], [35.198735810736565, 31.73071058560384], [35.19873730921428, 31.730743692503523], [35.198735490165575, 31.730776788433953], [35.19873341615466, 31.730803354974785], [35.1987226616932, 31.73094109190804], [35.19859108130338, 31.730663865199883], [35.19858920731006, 31.730663415994552], [35.198435337326714, 31.73062652153179], [35.19821100751655, 31.730566898730878], [35.19815413373233, 31.730551744922078], [35.19805568691702, 31.730515034868592], [35.197983409202095, 31.73047381681548], [35.19794014875152, 31.730439995342785], [35.19788359401786, 31.730390841764763], [35.19785246713582, 31.730373795249985], [35.197794326625406, 31.73036820080272], [35.197736817800404, 31.730382717569235], [35.197666540154785, 31.73041130246458], [35.197614201665644, 31.730426450741362], [35.197537701325125, 31.730414271711897], [35.197469536624304, 31.73040714343669], [35.19733056937688, 31.73039162404403], [35.197226972671, 31.730368765447952], [35.197242733170484, 31.73042122682147], [35.197287217119644, 31.73056927484334], [35.19729592235362, 31.730598228250333], [35.197357076448874, 31.730801749827734], [35.19742696569131, 31.731033970445957], [35.19749699245144, 31.731266281209585], [35.19756703011292, 31.73149859192693], [35.197574931658146, 31.731524791024807], [35.19764473544923, 31.73175715398471], [35.197669564660174, 31.731841557413333], [35.19771330705432, 31.7319902473301], [35.197785006758764, 31.732221728288476], [35.19779166153247, 31.732242781363034], [35.197893156426474, 31.732598073028218], [35.197917157027014, 31.7326775883417], [35.197899047192884, 31.732680962135664], [35.197742301738536, 31.732704905336476], [35.197527251011174, 31.732733094728722], [35.19776085023748, 31.732705963266326], [35.19792047175046, 31.73268857120901], [35.19796647951971, 31.732682891892765], [35.19807242421399, 31.73266657373897], [35.19823925567275, 31.73263636999268], [35.19852068469381, 31.73258371534316], [35.19881427632312, 31.732522061968492], [35.19882737801439, 31.732519310101132], [35.198981396694286, 31.73248696744521], [35.1993342639425, 31.732411587444762], [35.19938124668577, 31.7324025311388], [35.199412895046564, 31.73239415331014], [35.19944261996984, 31.732381644937202], [35.19946968806418, 31.732365315326742], [35.19949343135781, 31.732345566678887], [35.19951326629325, 31.73232288416718], [35.199528703224495, 31.732297828723983], [35.19953936119093, 31.732271017200148], [35.19954497846963, 31.732243110641193], [35.19954541574159, 31.73221479625042], [35.199517307233656, 31.731847880275946], [35.19972188285334, 31.731831764683477], [35.19971909629356, 31.731805937468266], [35.19971204025138, 31.731740515376515], [35.19971155930219, 31.73173604760553], [35.199698086404354, 31.731611117759293], [35.19970438813303, 31.731609981662523]]], [[[35.20172833218178, 31.731145113881848], [35.20166984211645, 31.731160994190756], [35.20158459202621, 31.731183024490463], [35.201507783549225, 31.731202872452005], [35.20148397262638, 31.7312488309763], [35.20145317002824, 31.731291647297986], [35.20141593291821, 31.73133055124703], [35.20137293347815, 31.731364839392466], [35.201324945190244, 31.73139389398141], [35.20127283439522, 31.731417191055897], [35.20121754129784, 31.73143431037323], [35.20070272110701, 31.73157661534444], [35.20071255060195, 31.731596201955856], [35.20077566947933, 31.731682718004947], [35.200828131022725, 31.73176619449842], [35.200920521995066, 31.7318401034555], [35.200936771416714, 31.731860188042813], [35.20098037150064, 31.731888011213236], [35.201010738608666, 31.731906418730052], [35.20102202243306, 31.73192169813072], [35.201114256716195, 31.731898836885424], [35.201194200994216, 31.73187529978289], [35.201271032596885, 31.731845125857344], [35.20134399913982, 31.731808612706082], [35.20141238833822, 31.73176611564707], [35.20147553011756, 31.731718051325917], [35.201532805055805, 31.731664890500937], [35.201583654935725, 31.731607152631998], [35.201627580634344, 31.73154540407614], [35.20166415267531, 31.731480247265605], [35.20169301333854, 31.731412321609092], [35.20170908339923, 31.73136123046951], [35.201720784941074, 31.731309278873734], [35.20172900464102, 31.731245825037963], [35.201730709547725, 31.73118199950451], [35.20172833218178, 31.731145113881848]]]]}}, {"type": "Feature", "properties": {"plan_name": "101-1284660", "pl_name": "התחדשות עירונית במתחם ח', ארמון הנציב, ירושלים", "dunam": 12.537, "source": "xplan_blueline"}, "geometry": {"type": "MultiPolygon", "coordinates": [[[[35.23788440144399, 31.750518701004573], [35.23798350582576, 31.750520658966636], [35.23851756600144, 31.75052084167181], [35.23851915209501, 31.750293071282762], [35.23858775135355, 31.750285747940985], [35.23867091781237, 31.750285184480287], [35.23867217536818, 31.750260924511842], [35.238589746892, 31.75025923316275], [35.23858761998287, 31.749928436984753], [35.23849927158315, 31.749899691815017], [35.23817470350556, 31.749818612254177], [35.23805923766378, 31.749807369761736], [35.23791939077522, 31.749798857156357], [35.237918660772465, 31.749840791339594], [35.237849216619985, 31.74983990775358], [35.237849946679994, 31.74979804571829], [35.2377464006184, 31.749768943278738], [35.23736645477143, 31.749772559397318], [35.23734460963393, 31.749777705567322], [35.23731833334167, 31.749787271919832], [35.237302507060164, 31.749800984054662], [35.237285943646164, 31.74981938597215], [35.237277400826706, 31.749836342864885], [35.23727012427244, 31.74985266813864], [35.23726780498542, 31.749860063866652], [35.23726844636027, 31.749883060749777], [35.237267099032366, 31.74995295408798], [35.23726787812227, 31.750365547976294], [35.23727719409377, 31.750445629404762], [35.2372932501715, 31.750484494776344], [35.23729636499339, 31.750637446874798], [35.237279586199946, 31.750644124860536], [35.23727473526044, 31.750655399174608], [35.23727859631433, 31.750829454247658], [35.23726076254238, 31.750837485270495], [35.237252008285914, 31.750853720737517], [35.23723968715849, 31.750931012023415], [35.23723253595758, 31.751003702565484], [35.237217869466775, 31.7510147088536], [35.23720121255844, 31.751067921993023], [35.237290290319564, 31.75106798920187], [35.23741620289948, 31.751069579940083], [35.23744786624103, 31.751071375416682], [35.2374460785279, 31.75108968333153], [35.23749536632745, 31.75108831776451], [35.237631538184054, 31.75097326281026], [35.23765909525911, 31.750973255616117], [35.23773625181974, 31.750899408615116], [35.23778572782695, 31.750858138053367], [35.23778024835171, 31.7507118963186], [35.237824945328725, 31.750711801625012], [35.23788867053414, 31.750650369243438], [35.23788440144399, 31.750518701004573]]]]}}, {"type": "Feature", "properties": {"plan_name": "101-1296284", "pl_name": "בניין הקרן לירושלים-מגורים, מגורים מיוחד, מסחר ותעסוקה", "dunam": 3.175, "source": "xplan_blueline"}, "geometry": {"type": "MultiPolygon", "coordinates": [[[[35.217376607416966, 31.754305825946847], [35.21743345901057, 31.75444324319407], [35.21750253931785, 31.75461021620339], [35.21752605824747, 31.754692602677906], [35.217545040859925, 31.754745383867657], [35.21763783368919, 31.754719617569922], [35.21764459895147, 31.75471773922575], [35.21783362204983, 31.754658592683935], [35.21789144808257, 31.75463895521576], [35.21807609839274, 31.75457476927045], [35.21816376478936, 31.754543691276293], [35.21813330114838, 31.754480693519312], [35.218132526183155, 31.754478962061636], [35.218101278091815, 31.754406877396338], [35.218030531913485, 31.75424377199402], [35.218030586794995, 31.75424375575495], [35.21802062833128, 31.75422077602043], [35.21797096278438, 31.754106171322636], [35.21767543826782, 31.75420599339849], [35.217376607416966, 31.754305825946847]]]]}}, {"type": "Feature", "properties": {"plan_name": "101-1300805", "pl_name": "התחדשות עירונית- רחוב מקסיקו", "dunam": 7.948, "source": "xplan_blueline"}, "geometry": {"type": "MultiPolygon", "coordinates": [[[[35.16939288124219, 31.756880192933128], [35.169342962862586, 31.7568355361319], [35.16928917640753, 31.756793037260177], [35.169278606063216, 31.75678925562189], [35.16923987915179, 31.756764083497657], [35.169230174422474, 31.75674883965622], [35.169216033409604, 31.75674216210818], [35.169114193141816, 31.756704436878525], [35.169046965558785, 31.756686110818173], [35.168938151546435, 31.756668494635928], [35.16885202426868, 31.756667298250928], [35.168775605676686, 31.756670794110278], [35.16867617244515, 31.756687360215242], [35.16859773910689, 31.756715024823908], [35.16852975418098, 31.75674494693471], [35.168503382182095, 31.756760278074882], [35.168457964891815, 31.75678668209342], [35.16840633585962, 31.75682716032364], [35.1687807921246, 31.757184305545756], [35.168790541508905, 31.757176559625975], [35.16895692937767, 31.75733731098498], [35.16883718746393, 31.757426433930195], [35.16867435332685, 31.757268857903878], [35.16854325254074, 31.757373003913923], [35.16849846525694, 31.757412663423878], [35.16847841757618, 31.757428037822958], [35.168426404180835, 31.757468037971467], [35.168687061069846, 31.757715487050895], [35.16868790348147, 31.7577041628329], [35.16869084834649, 31.75769309803303], [35.16869582272581, 31.757682576711588], [35.16870269668948, 31.757672867581423], [35.16871129492856, 31.75766422040391], [35.168721397814934, 31.75765685516712], [35.16871623209889, 31.757640620530662], [35.16893434545458, 31.75751604656784], [35.16896168885681, 31.757500181718786], [35.1689688624203, 31.757510194180544], [35.16906252413454, 31.757684997531815], [35.16931299824266, 31.757427179034078], [35.169441378708775, 31.75760557017731], [35.16945970591042, 31.75755618662078], [35.16953242284578, 31.757360252073624], [35.16954666147456, 31.757320784060568], [35.16955918185874, 31.75728101796758], [35.16955414621638, 31.757198948788897], [35.169551197185086, 31.757181993315783], [35.16953602758437, 31.757103258187243], [35.16949352360299, 31.75701703026885], [35.16946430411186, 31.7569701263758], [35.1694334999925, 31.75692700978599], [35.16939288124219, 31.756880192933128]]]]}}, {"type": "Feature", "properties": {"plan_name": "101-1307032", "pl_name": "התחדשות עירונית ברחוב העילוי 2-10", "dunam": 2.932, "source": "xplan_blueline"}, "geometry": {"type": "MultiPolygon", "coordinates": [[[[35.19571286599001, 31.788702434695004], [35.19575940058037, 31.788576461683554], [35.19579107911094, 31.788543490764443], [35.195809887811315, 31.78852270643231], [35.19582869861485, 31.788501923901126], [35.19584404254162, 31.78847529180292], [35.195857572351166, 31.788450421775963], [35.19587110426515, 31.78842555174759], [35.19588364225109, 31.788416252814567], [35.19576932090224, 31.788353397733573], [35.19570433584253, 31.788170348730425], [35.19569871072213, 31.788143253475887], [35.19565110529783, 31.788003194518055], [35.195596461617434, 31.787842511783435], [35.195562080359316, 31.787741416781202], [35.1955507511216, 31.78774221141873], [35.19553942188368, 31.787743006055248], [35.195526722033165, 31.787745187624967], [35.195523584878224, 31.78773678226052], [35.19548980142402, 31.787745165211945], [35.19549096041021, 31.787748572443377], [35.19546467618315, 31.78775009832215], [35.19546216400032, 31.787742636324293], [35.195421612451604, 31.787752598806623], [35.195387671227145, 31.78775456963937], [35.19538716885978, 31.787752374525994], [35.19535516404619, 31.787754336468417], [35.19532316134293, 31.787756298402975], [35.19531025375058, 31.787766573947877], [35.19529932887094, 31.78777840981561], [35.19529064224486, 31.78779152735645], [35.19528439451246, 31.78780562266515], [35.195280733524655, 31.78782036567935], [35.1952745080223, 31.787823068949756], [35.19527661479988, 31.78783001506993], [35.19530803643962, 31.78791840662284], [35.19530807022744, 31.787918397606845], [35.19536431456191, 31.788074452335383], [35.195423212182284, 31.788243973491735], [35.19542323963496, 31.788243966278955], [35.195488027987544, 31.788425103509606], [35.19555004245506, 31.788599556074644], [35.19556367828043, 31.78863791225808], [35.19562311142364, 31.78862249850971], [35.195626525087846, 31.788632626403228], [35.195652812646806, 31.78871064635158], [35.195670438334744, 31.788763019187208], [35.19567540838529, 31.788772606081874], [35.19567739336268, 31.78877285873265], [35.19573067522655, 31.78877965321548], [35.19571286599001, 31.788702434695004]]]]}}, {"type": "Feature", "properties": {"plan_name": "101-1308501", "pl_name": "התחדשות עירונית פרנקפורטר 2-4 רמות אלון", "dunam": 4.798, "source": "xplan_blueline"}, "geometry": {"type": "MultiPolygon", "coordinates": [[[[35.20540226538912, 31.814051362586383], [35.20527851726077, 31.814019534118334], [35.20527371623569, 31.814038442045856], [35.20527213212328, 31.81404845243665], [35.20522935852812, 31.814052601174314], [35.2052298902249, 31.814449499184644], [35.205420101928624, 31.814470240001846], [35.20558443826816, 31.81449729363345], [35.20579714646011, 31.81454653168812], [35.205872238734614, 31.814570339299586], [35.205992851204314, 31.814611100814062], [35.20610216288281, 31.814644557496287], [35.20612930608644, 31.814658084665325], [35.206189150029985, 31.814688762483875], [35.206202093082254, 31.81468766386326], [35.20621470447228, 31.814684945548827], [35.20622670749029, 31.814680667967657], [35.206237840213404, 31.81467492491468], [35.20624785867396, 31.814667840847036], [35.20625654214047, 31.81465957268774], [35.20626661627573, 31.814637817551002], [35.20627275307441, 31.814615019047803], [35.20627481419464, 31.814591691227218], [35.20627348095662, 31.81457291772848], [35.206269503138046, 31.814554418427022], [35.20627653013568, 31.814525512677182], [35.20627610663963, 31.814474649136304], [35.20625213109082, 31.81442099025186], [35.20622688955935, 31.814435780729884], [35.206147422180045, 31.814270596171], [35.20599582471117, 31.814090862271307], [35.20596529454735, 31.814071097115153], [35.205931380602685, 31.81405587724632], [35.205895001721586, 31.81404561659396], [35.20585714433727, 31.814040591106338], [35.20581883395661, 31.81404093875152], [35.2057172631948, 31.81405749937054], [35.20561485798932, 31.814069747336806], [35.20554331301132, 31.81407074544043], [35.20547212281053, 31.814064589235812], [35.20540226538912, 31.814051362586383]]]]}}, {"type": "Feature", "properties": {"plan_name": "101-1313915", "pl_name": "התחדשות עירונית בשדרות הרצל - \"שער העיר\"", "dunam": 5.08, "source": "xplan_blueline"}, "geometry": {"type": "MultiPolygon", "coordinates": [[[[35.1954423656722, 31.783608152951285], [35.19533446920165, 31.783550968655966], [35.195332612905254, 31.783553161799762], [35.19509426098474, 31.78347337145315], [35.195095912406146, 31.78347173383151], [35.19493793688524, 31.783425923155722], [35.19490123708802, 31.78342054185331], [35.19486400678969, 31.783420026831184], [35.19482712228967, 31.7834243889767], [35.19479145567617, 31.78343352554601], [35.19470190762419, 31.78351544194757], [35.194700376579966, 31.78351684329105], [35.19456238711709, 31.78363270477871], [35.19442698131886, 31.783753944892172], [35.19443394684291, 31.783759630637665], [35.1946365533861, 31.783925011343484], [35.19456721143929, 31.783998751300977], [35.19454390736753, 31.784023533876994], [35.1949244393035, 31.78409330561695], [35.195146999504736, 31.78413580042847], [35.1952988996196, 31.78417684688671], [35.19532769130267, 31.78415483140922], [35.19543751305074, 31.78407089948648], [35.1952869711003, 31.78396209803098], [35.195302281728786, 31.783946003078288], [35.19553917997476, 31.783694792293876], [35.19554933773568, 31.78368402502545], [35.1954423656722, 31.783608152951285]]]]}}, {"type": "Feature", "properties": {"plan_name": "101-1314053", "pl_name": "מסילת ישרים 18 מבנה מגורים, משרדים, ציבורי, מסחר וחניון תת קרקעי.", "dunam": 1.769, "source": "xplan_blueline"}, "geometry": {"type": "MultiPolygon", "coordinates": [[[[35.21538609152897, 31.78278731640158], [35.21564139033978, 31.782698345561364], [35.21564673245426, 31.78269714564111], [35.21561701239249, 31.782611635754932], [35.21555700148561, 31.782433743983937], [35.21553015488401, 31.78236136461936], [35.21547984574551, 31.782226897379832], [35.2153210049957, 31.78227072073217], [35.21516734255283, 31.782322472429318], [35.21513027773128, 31.78233495523204], [35.21521544516417, 31.78251515558461], [35.21526296566882, 31.78260380245086], [35.21530436027654, 31.782671617309333], [35.21535357806179, 31.78273743841245], [35.21538609152897, 31.78278731640158]]]]}}, {"type": "Feature", "properties": {"plan_name": "101-1317866", "pl_name": "שינוי הוראות בינוי והפיכת קומה טכנית לקומת מגורים-הרצל 80", "dunam": 0.975, "source": "xplan_blueline"}, "geometry": {"type": "MultiPolygon", "coordinates": [[[[35.18986322820333, 31.783069649891363], [35.19000116708537, 31.78286281040893], [35.19002063532142, 31.78286558847049], [35.190030525236544, 31.78284260708414], [35.189948223395504, 31.78282410284014], [35.18989320168917, 31.782800724496273], [35.18980359955788, 31.782759554274367], [35.189753058514746, 31.78273715758491], [35.189732723964696, 31.78276501850953], [35.189563597659, 31.782992459328838], [35.18982063720788, 31.78312709767223], [35.18986322820333, 31.783069649891363]]]]}}, {"type": "Feature", "properties": {"plan_name": "101-1320233", "pl_name": "דרך חברון  - עיבוי מתחם מגורים ומבני ציבור בקרבת הרק\"ל", "dunam": 31.436, "source": "xplan_blueline"}, "geometry": {"type": "MultiPolygon", "coordinates": [[[[35.20466146763163, 31.73830793759184], [35.204433130613495, 31.73828386399461], [35.20442101607525, 31.738418075027045], [35.20441636760246, 31.73850961517636], [35.204414635920344, 31.738601229274852], [35.20441531765986, 31.738672991020135], [35.20442187314088, 31.73881393071594], [35.2044353333787, 31.73895451237235], [35.20445567202202, 31.739094488881218], [35.20447222535312, 31.739183356836968], [35.20449155201676, 31.73927181534854], [35.204536459137216, 31.739463134841603], [35.204822016212745, 31.739318041484093], [35.20495484112103, 31.73927694200072], [35.205421843221686, 31.73913243254767], [35.20541490982337, 31.739118472018355], [35.20541019858738, 31.739079584429703], [35.205485929854696, 31.739046936946757], [35.2054573100119, 31.738916478761123], [35.205436009689095, 31.73878500232107], [35.2054220774023, 31.73865280614101], [35.205415544782234, 31.73852019234176], [35.20541642551941, 31.738387463944825], [35.204907592562485, 31.738333888352447], [35.20466146763163, 31.73830793759184]]], [[[35.20601351365275, 31.738766974625243], [35.2056191507224, 31.738836157924535], [35.20564017138163, 31.738946722315504], [35.205662209142325, 31.739039472514182], [35.205688136728654, 31.739131484957298], [35.205707998138216, 31.739193649039688], [35.20571442300782, 31.739212564303525], [35.20573505052407, 31.73927002073357], [35.20577578728818, 31.739371803603223], [35.20582135735543, 31.739472078516147], [35.20584569317539, 31.739522031520483], [35.20586954356978, 31.739570931168636], [35.206090408262405, 31.73947165853618], [35.20623748720863, 31.739405549319066], [35.20633013457513, 31.739363907874218], [35.20626517123891, 31.739277640009508], [35.20619795888609, 31.73917516415515], [35.206138150515784, 31.739069389206758], [35.20612346037854, 31.739040759385176], [35.20607789445873, 31.73894270852726], [35.2060386286505, 31.73884268613289], [35.20601351365275, 31.738766974625243]]], [[[35.2072741145515, 31.739948109738712], [35.20693733346823, 31.740185616412504], [35.20697705224434, 31.74023945404017], [35.207036799035805, 31.740309451425812], [35.20710275097182, 31.740375253260595], [35.20717450702951, 31.740436460025776], [35.207237526919236, 31.740482717939642], [35.20730243249886, 31.74052257537466], [35.20737117717004, 31.7405574148128], [35.20744323220954, 31.74058696841228], [35.20751434363151, 31.740609969178013], [35.207588589884395, 31.74009759589294], [35.20754706792368, 31.740092807224823], [35.207506267679165, 31.740084667263915], [35.20745225482632, 31.740068228817666], [35.20740120085949, 31.740045929177978], [35.20735397114283, 31.74001814800557], [35.20731136877769, 31.739985356049967], [35.2072741145515, 31.739948109738712]]], [[[35.20986000200603, 31.74079819002136], [35.209944301631246, 31.740756016031284], [35.209952745072314, 31.740772528469854], [35.21002207545147, 31.740753346753934], [35.210033206583844, 31.74074938264576], [35.21004343533735, 31.740743924217224], [35.2100524873408, 31.740737115776177], [35.21006012305066, 31.740729139506517], [35.21006613880593, 31.74072020825334], [35.21007037421486, 31.74071055920966], [35.21007271637591, 31.740700449406848], [35.21007310198786, 31.740690149401832], [35.21007152157029, 31.740679932454473], [35.2100680173528, 31.74067007182228], [35.21006268221887, 31.7406608299383], [35.210020085705175, 31.740605883230362], [35.20997186784675, 31.74055444132968], [35.20991842019005, 31.74050692266969], [35.20986017859939, 31.740463715019164], [35.20979858783499, 31.740425713843692], [35.209733292231604, 31.740392534966862], [35.20966480784074, 31.740364441700777], [35.20959367498097, 31.740341654970738], [35.209520455072564, 31.740324356020782], [35.209445728526916, 31.7403126801013], [35.20937008313896, 31.74030672007682], [35.20929277385714, 31.740306571570216], [35.20921576564663, 31.740312392326977], [35.20913968745002, 31.740324135428178], [35.20906516187641, 31.740341704354993], [35.20899279887019, 31.740364955694425], [35.20891964258855, 31.740395345135582], [35.208912542676906, 31.74039869845337], [35.20888998507148, 31.740409858701558], [35.208591898539375, 31.740562574951152], [35.20866914437241, 31.741059101941662], [35.20873288930086, 31.74114901927236], [35.20877912166262, 31.74113181045667], [35.20901072664078, 31.741049699061794], [35.20924504154795, 31.740973409461716], [35.209481865916494, 31.740903007484494], [35.20971469486468, 31.740838395087508], [35.20986000200603, 31.74079819002136]]], [[[35.2081795399612, 31.741377269024262], [35.208247234960986, 31.74134702627753], [35.208076262323374, 31.74078187670736], [35.20798402704567, 31.740798687962155], [35.207890447016354, 31.740808688443252], [35.207796208202566, 31.740811805981632], [35.20770200290577, 31.740808016207964], [35.207608523429286, 31.740797347061992], [35.20751645680103, 31.740779877890848], [35.20742647738539, 31.7407557358418], [35.207339247938094, 31.740725099469376], [35.20725540799692, 31.740688192422567], [35.2069157695792, 31.741196859023407], [35.20695807656804, 31.741256769630077], [35.2071227272621, 31.741286642558048], [35.20725918032347, 31.741323705432137], [35.20726206557575, 31.741324563924618], [35.20749304000978, 31.74139332246961], [35.20763751369659, 31.74142849086458], [35.207727848511986, 31.741426324092416], [35.20794292391111, 31.74148837430488], [35.20806070642798, 31.74143200466215], [35.2081795399612, 31.741377269024262]]]]}}, {"type": "Feature", "properties": {"plan_name": "101-1322320", "pl_name": "התחדשות עירונית שד' הרצל 92, 94 רח' המשוררת רחל 8, 10 ו-12, ירושלים", "dunam": 6.869, "source": "xplan_blueline"}, "geometry": {"type": "MultiPolygon", "coordinates": [[[[35.187738719594606, 31.780720634655786], [35.187634581989165, 31.78068292767047], [35.18757101614983, 31.780885016386982], [35.18749174162961, 31.78114928489628], [35.187699227927986, 31.781237649338106], [35.18790305072625, 31.781340083484242], [35.18802252054352, 31.781434552261384], [35.18813909311759, 31.7815316250713], [35.18817453777132, 31.781565849026357], [35.18823987697608, 31.781640349357023], [35.188286226206394, 31.781696094381914], [35.18829772124529, 31.781709437663558], [35.18832822557411, 31.781752639675627], [35.18834785679915, 31.781788174666914], [35.1883857347612, 31.78186778669962], [35.188643179580545, 31.78180029977488], [35.18865734292658, 31.78179311746241], [35.188826215440166, 31.781669227109152], [35.18885148086628, 31.78165163347906], [35.18885401414034, 31.781617167244427], [35.188730898756006, 31.781428496139235], [35.188584844156786, 31.78120274018273], [35.18843212167377, 31.78131145968186], [35.188068585431104, 31.781045848620753], [35.18823965777297, 31.780908689628486], [35.187918436349435, 31.780786248888237], [35.187917374325615, 31.780785844726303], [35.187776612644626, 31.78073408604687], [35.187738719594606, 31.780720634655786]]]]}}, {"type": "Feature", "properties": {"plan_name": "101-1336015", "pl_name": "מתחם גת, קרית משה", "dunam": 37.386, "source": "xplan_blueline"}, "geometry": {"type": "MultiPolygon", "coordinates": [[[[35.19533105744751, 31.78746902512687], [35.1957342240457, 31.78745132477517], [35.19588560616708, 31.787445947373726], [35.196036635010536, 31.787435617766945], [35.19618708988099, 31.787420350371313], [35.19633674797146, 31.7874001668189], [35.19657211009561, 31.787357297184172], [35.196799594765835, 31.787297217738374], [35.19704530995807, 31.787227218699282], [35.19706323206328, 31.787222421942698], [35.197170281349806, 31.787190216135123], [35.197252452462045, 31.787165261442922], [35.19735553806266, 31.787132492509315], [35.19775871068984, 31.787004326601075], [35.19776207574769, 31.78701742329415], [35.19776733968401, 31.787023610188935], [35.19781607356198, 31.78701076510037], [35.197900410796265, 31.78698741176852], [35.19826653212456, 31.78687211882795], [35.19838062625919, 31.786821747480584], [35.19840957898993, 31.786808815556064], [35.19843551018836, 31.786791839633906], [35.198457655400624, 31.78677132110334], [35.198475359974495, 31.786747865972373], [35.198436011887274, 31.786706525605098], [35.198455083082074, 31.78669356344756], [35.19781193101059, 31.786017696657133], [35.19779328659265, 31.785998390907373], [35.19777638291195, 31.785983551156725], [35.19775699155292, 31.78597112910742], [35.19773557916586, 31.785961425095415], [35.19771266414002, 31.78595467452705], [35.19768880076718, 31.78595103976191], [35.19766456657197, 31.785950608308344], [35.197583748948716, 31.785949450566804], [35.197503326630326, 31.785942533645173], [35.19738416615717, 31.785923634507757], [35.19726589712862, 31.785901016120434], [35.19714867792854, 31.785874710059083], [35.19707391060184, 31.78585525761123], [35.19700049291598, 31.785832358365152], [35.19689610953335, 31.785818198795525], [35.196750359755114, 31.785797738217685], [35.19672795555876, 31.785794609292072], [35.19644092226628, 31.78575433899153], [35.19637464504748, 31.785771208268436], [35.19631036757459, 31.78578748783421], [35.19598681792884, 31.78586475640967], [35.19606170405356, 31.78622938604693], [35.19590040588504, 31.786346491948898], [35.195752396676205, 31.786478280499285], [35.19567109341698, 31.786528327079154], [35.19533923084914, 31.786740427511894], [35.195047786892566, 31.786944500059374], [35.195020681803165, 31.78696347278016], [35.19516579330946, 31.787387270517172], [35.19517340208896, 31.78740427706029], [35.19518400428714, 31.787420070844657], [35.195197342318615, 31.787434271274567], [35.19521309629931, 31.78744653562702], [35.195230884045635, 31.787456566266506], [35.195250275855074, 31.78746412237021], [35.19527080506456, 31.787469020830528], [35.19533105744751, 31.78746902512687]]]]}}, {"type": "Feature", "properties": {"plan_name": "101-1341379", "pl_name": "תוספת קומה ומרפסות לשם הרחבת יח\"ד, רח' יעקב אלעזר 33", "dunam": 0.946, "source": "xplan_blueline"}, "geometry": {"type": "MultiPolygon", "coordinates": [[[[35.209376343343976, 31.812317867496972], [35.20904410825936, 31.812086811611486], [35.20887104012876, 31.812258094578006], [35.208973987429054, 31.812322461271883], [35.209072869036405, 31.812391318274372], [35.20916741880393, 31.812464478022918], [35.209376343343976, 31.812317867496972]]]]}}, {"type": "Feature", "properties": {"plan_name": "101-1350255", "pl_name": "קניון הדר - הריסה חלקית ובניית מתחם שימושים מעורבים לאורך הרקל.", "dunam": 16.443, "source": "xplan_blueline"}, "geometry": {"type": "MultiPolygon", "coordinates": [[[[35.21389044642826, 31.752745554919738], [35.213883182998664, 31.752746787381522], [35.21318890504773, 31.752864558664083], [35.21282341045775, 31.75292654013637], [35.21314398835278, 31.754352848805425], [35.21325122185853, 31.754339133348765], [35.213512022242384, 31.7542990730297], [35.21364891341414, 31.754278897902772], [35.213747069729855, 31.754264425139272], [35.214169537593094, 31.754194601440624], [35.214179262422675, 31.7541929936062], [35.21389044642826, 31.752745554919738]]]]}}, {"type": "Feature", "properties": {"plan_name": "101-1361286", "pl_name": "כנפי נשרים 27", "dunam": 2.628, "source": "xplan_blueline"}, "geometry": {"type": "MultiPolygon", "coordinates": [[[[35.180589482773854, 31.786777820975136], [35.18056606583265, 31.786607817982997], [35.18056336284217, 31.786608104262537], [35.18044883614814, 31.78662892791691], [35.18031702295458, 31.78666775974825], [35.18020667812784, 31.786709403849503], [35.180069614037585, 31.786776655007852], [35.179939727610936, 31.786850671194433], [35.17992246459451, 31.786863463183327], [35.17990756082476, 31.78687826221686], [35.179895335245014, 31.7868947554188], [35.179940169933886, 31.78700746154175], [35.17998442862757, 31.78711871737821], [35.179997879306576, 31.787141235286494], [35.18001570386668, 31.78716141555967], [35.180037359771276, 31.78717864664489], [35.18006218937346, 31.787192403543845], [35.180089437859955, 31.787202268558932], [35.18011827858825, 31.78720794302211], [35.18014783525788, 31.787209253612367], [35.180172341014355, 31.78720171167825], [35.18032776953867, 31.787163863861014], [35.18048435698651, 31.787135214837118], [35.1805290836377, 31.787129114159875], [35.18050309668543, 31.787123982330506], [35.180478474805625, 31.787115221748753], [35.180455907396485, 31.78710307694354], [35.18043602681541, 31.78708788893025], [35.18041938832097, 31.787070083483002], [35.18040645846241, 31.787050156702758], [35.180397353474035, 31.787027743367428], [35.18039294192164, 31.787004320854983], [35.18039335559724, 31.786980599840533], [35.18039858269721, 31.786957299989954], [35.18040846466094, 31.786935128315214], [35.180422701455946, 31.78691475843312], [35.18044086108641, 31.786896808021325], [35.180462392267984, 31.78688182168587], [35.18048664238108, 31.786870254731703], [35.180589482773854, 31.786777820975136]]]]}}, {"type": "Feature", "properties": {"plan_name": "101-1365931", "pl_name": "מתחם י\"ז, מגורים, מסחר ומוסדות ציבור, ארמון הנציב, ירושלים", "dunam": 24.57, "source": "xplan_blueline"}, "geometry": {"type": "MultiPolygon", "coordinates": [[[[35.237927119225816, 31.745761257466846], [35.238008575660565, 31.745712536333322], [35.23808824593089, 31.74568600102255], [35.23815567798302, 31.74567056160748], [35.23816148653422, 31.745681742953707], [35.238252342711014, 31.74567023834125], [35.238251230137536, 31.745646433519514], [35.238246489454525, 31.74551884706813], [35.238207308571056, 31.74544454539206], [35.23822239729348, 31.745436514959433], [35.23822566605407, 31.745428668033977], [35.23819060728364, 31.74537131995562], [35.23816621399225, 31.745331374661557], [35.23805169499282, 31.74529650354397], [35.23795364349499, 31.745272269765046], [35.237915942431236, 31.745203468865277], [35.23778998200673, 31.74525817364105], [35.23777685608122, 31.745230470578086], [35.23777126052037, 31.745224429678217], [35.237738099873404, 31.74516185027088], [35.2376932200132, 31.74508583641712], [35.23767632409662, 31.745057252323384], [35.23735717233005, 31.74502243388227], [35.2373359520981, 31.745000975443347], [35.237248700272026, 31.745074588589198], [35.23720768043864, 31.745115684548207], [35.23717048503339, 31.74515935788663], [35.237137336647436, 31.745205348819013], [35.237084052065285, 31.745287536881364], [35.23703765148989, 31.745372719087797], [35.236999730359685, 31.745457085641196], [35.23698522259726, 31.745503032979688], [35.236924104810015, 31.74576927343743], [35.236897035737314, 31.7459231352097], [35.23686501286872, 31.746095666439007], [35.23675161990048, 31.74665961209718], [35.23673355752214, 31.74673646835018], [35.236734799457, 31.74675702289724], [35.23672236497134, 31.74681149752101], [35.236710885103484, 31.746879770136644], [35.23660258821682, 31.74744507428328], [35.236566336210295, 31.74753464480834], [35.236526485940516, 31.74762309162846], [35.23648308379953, 31.747710310114563], [35.236459492961124, 31.74776290265798], [35.23645481572742, 31.747775836297606], [35.23642316602677, 31.747834857411853], [35.236343113351914, 31.74797155939077], [35.235994288472284, 31.74838765862304], [35.23598016018573, 31.74840396207862], [35.2360351708693, 31.748439329617987], [35.236004780982945, 31.748473995076687], [35.235978977007235, 31.748506273108333], [35.2361015323105, 31.748539569447683], [35.23616907835467, 31.748467713426656], [35.236279766083804, 31.74846191756341], [35.23632689569085, 31.748418703761544], [35.236549561371746, 31.74842740105348], [35.236697085912205, 31.748189029468538], [35.23674480260377, 31.748208280773447], [35.2368058822651, 31.748099149180188], [35.23685612383043, 31.74798046436553], [35.236898260526615, 31.747917944916992], [35.23689825721728, 31.747908475541944], [35.23692263926819, 31.747825373288887], [35.23693831416608, 31.747771925930056], [35.23705573100589, 31.747335763452885], [35.23709668299865, 31.747224816941156], [35.237137364475366, 31.747185134309866], [35.23714823716869, 31.747191624801502], [35.23719677189707, 31.74715553849465], [35.23726662628623, 31.747122422758796], [35.237301453074544, 31.747114455882002], [35.237330851430514, 31.7471077331425], [35.23733807519232, 31.74712177300781], [35.237399806069924, 31.747097046462123], [35.237426393691784, 31.747074763987623], [35.23744221788952, 31.747056542605048], [35.237435381396985, 31.74679579380028], [35.23743060647584, 31.746455918327328], [35.237430580113205, 31.746381694643073], [35.237436359596174, 31.746311168822466], [35.237443518355576, 31.746261204721666], [35.23745829371125, 31.746261741994537], [35.237485067523345, 31.74617022477272], [35.23754844587026, 31.746032018494308], [35.237561006014424, 31.74603562260684], [35.23760995188523, 31.745970857339433], [35.23765868928545, 31.745913559388622], [35.237706799679515, 31.745873775424442], [35.23771577373389, 31.745883422825212], [35.23779395451584, 31.745822888509046], [35.237862010296986, 31.745780664271148], [35.23791937122727, 31.745750872048347], [35.237927119225816, 31.745761257466846]]]]}}, {"type": "Feature", "properties": {"plan_name": "101-1366053", "pl_name": "מתחם מלון הנשיא, ירושלים", "dunam": 5.062, "source": "xplan_blueline"}, "geometry": {"type": "MultiPolygon", "coordinates": [[[[35.219226080997004, 31.77365959335035], [35.219357921101775, 31.773557633726796], [35.2193755304072, 31.77357434097869], [35.21952823637223, 31.77345707987595], [35.219683131773124, 31.773341935849484], [35.21965123163061, 31.773305108460047], [35.21948118735993, 31.77310879056107], [35.219673074058804, 31.773000093926193], [35.21956215693171, 31.77285949923172], [35.219284083670765, 31.773023717786508], [35.21919546627904, 31.77281173216574], [35.21899719794109, 31.772779853318397], [35.218890551576784, 31.772830902545387], [35.21899960874547, 31.772965610815593], [35.21868076498397, 31.773149644384162], [35.21881306448694, 31.773301229066487], [35.21885651634073, 31.773275628062333], [35.218999381415856, 31.773426500695564], [35.21897882753025, 31.773440905465716], [35.219217688507364, 31.773660631446198], [35.219226080997004, 31.77365959335035]]]]}}, {"type": "Feature", "properties": {"plan_name": "101-1372192", "pl_name": "התחדשות עירונית האפרסמון 9-19 גילה, ירושלים", "dunam": 5.85, "source": "xplan_blueline"}, "geometry": {"type": "MultiPolygon", "coordinates": [[[[35.20251383849555, 31.733023842346046], [35.20250338894507, 31.732957482450075], [35.20247835419282, 31.732891214324244], [35.20244028752849, 31.732826011978936], [35.20236804873238, 31.732764183800295], [35.202298610001485, 31.732727944647856], [35.20222435083551, 31.73270321295057], [35.20214446090768, 31.73268573557292], [35.202060231609565, 31.73268257760152], [35.202033827991656, 31.7326836683538], [35.201977840188086, 31.732691574710266], [35.201373554404576, 31.732820937329517], [35.201346725276196, 31.732860892146387], [35.20135670911646, 31.732945087063353], [35.201360542267736, 31.732991678399763], [35.20136220020012, 31.733018555298077], [35.20137976331616, 31.7330168872948], [35.20138548661796, 31.73302326349114], [35.201411685650164, 31.733021454997854], [35.20160497681928, 31.7330081102058], [35.201955970630465, 31.73298390456218], [35.20199793379806, 31.733508531665752], [35.20212313205829, 31.733504102265677], [35.2023219681996, 31.733494188916726], [35.202464174625476, 31.733485042793063], [35.20250008395806, 31.733482285478274], [35.20250737838591, 31.733446539960877], [35.20251227197874, 31.73326277418599], [35.20251320720596, 31.733247767457954], [35.202513566096485, 31.73324201908748], [35.20251227929005, 31.733213921109048], [35.202512118292425, 31.73313882967886], [35.20251105080026, 31.73311936599094], [35.20251428229204, 31.733098995107376], [35.202515433054494, 31.7330703849146], [35.20251383849555, 31.733023842346046]]]]}}, {"type": "Feature", "properties": {"plan_name": "101-1382423", "pl_name": "מצפה תלפיות - מתחם מגורים, תעסוקה ודיור להשכרה", "dunam": 33.305, "source": "xplan_blueline"}, "geometry": {"type": "MultiPolygon", "coordinates": [[[[35.236631202270914, 31.74352449140475], [35.23673650463555, 31.74342345075048], [35.2368508512244, 31.743317011057275], [35.23694595496535, 31.74324181431989], [35.237050099886055, 31.74317044623504], [35.23720198291686, 31.74307892394965], [35.23726973199403, 31.743045725764464], [35.23727267988188, 31.743049685911323], [35.23742209327112, 31.74298859228419], [35.23749289733209, 31.742964133879475], [35.23764326702977, 31.742916139959267], [35.237640635432484, 31.74291134823632], [35.23767195788934, 31.742906105743234], [35.23778044782557, 31.74288794303544], [35.23791658172913, 31.74287753605421], [35.23803066197036, 31.74287480044409], [35.2380287760524, 31.74286592677706], [35.23815592501841, 31.74286771487061], [35.23829647778416, 31.742878308502778], [35.23836138214643, 31.74288829088153], [35.238421438038664, 31.742897468272087], [35.23842474128281, 31.742886089700168], [35.23852678496604, 31.742907856410067], [35.23861343710968, 31.7429336259589], [35.23870969670875, 31.742969944459404], [35.2387907607042, 31.743009243082764], [35.238798145392764, 31.743002116505064], [35.238944255031285, 31.743078802411613], [35.23902973458868, 31.743134715295124], [35.23910616037443, 31.74318736229833], [35.23911185725922, 31.743182220223716], [35.23919510854715, 31.74325049069614], [35.23928390736271, 31.743342770341073], [35.23930240310431, 31.743342574082618], [35.23932063619515, 31.743339907737393], [35.23933815708628, 31.74333483906731], [35.23964515469695, 31.74316336226398], [35.2396525001203, 31.743158585858488], [35.239659803313174, 31.743153766175627], [35.239697281063386, 31.74312791069255], [35.23973366502108, 31.74310087949463], [35.23980276120108, 31.74304359669401], [35.239709798546485, 31.74295879215872], [35.239612483147184, 31.742877631313966], [35.23951101135604, 31.742800277329923], [35.23940558585275, 31.742726886160458], [35.239357109951534, 31.74274259700668], [35.23933039082257, 31.74273053222601], [35.23920218308042, 31.7426739602494], [35.23927539496601, 31.74265023249452], [35.239180869736465, 31.74260075510988], [35.23908290616411, 31.742556432641358], [35.23898188738508, 31.742517437229708], [35.23887821024525, 31.742483922074157], [35.23877228213383, 31.742456019629735], [35.23866451676144, 31.742433838903057], [35.23855533838203, 31.74241746635295], [35.23844517440632, 31.742406966794455], [35.23844519729634, 31.742469503501997], [35.2381206149612, 31.742469589850433], [35.23807206730322, 31.742392261275114], [35.2379683481824, 31.742404882032556], [35.23786553192429, 31.742422069417], [35.23776389288205, 31.742443776462714], [35.23766370329546, 31.742469946285073], [35.23756523117908, 31.74250050847368], [35.23745339610707, 31.742577612919884], [35.237395420516144, 31.742618867569906], [35.23728853217323, 31.742694931661816], [35.23712453297827, 31.74281163671097], [35.23710284696958, 31.74282653897414], [35.236955826324156, 31.742927567162933], [35.236789336044225, 31.743045210333396], [35.23660753832047, 31.74314932946633], [35.236425939673566, 31.743219809432937], [35.236219748789445, 31.743282539411243], [35.236068107277376, 31.743312338125044], [35.23601916053176, 31.74331149533645], [35.235949381343374, 31.74331029334566], [35.2358617808512, 31.743287678681945], [35.23576024788335, 31.743258844652118], [35.23564017244547, 31.743197683912076], [35.23561074207548, 31.743187456979427], [35.23557972278536, 31.74318158995253], [35.235547991609366, 31.74318024945728], [35.235516446644745, 31.74318347315123], [35.235485979613685, 31.74319116973041], [35.2354574537028, 31.74320312164018], [35.235291039177774, 31.74327642627833], [35.235176774583884, 31.74338075964502], [35.23507702680467, 31.743471837687164], [35.23505707719811, 31.743479725526527], [35.23503589083861, 31.743484731360617], [35.235014033344314, 31.743486719775927], [35.234992088301915, 31.743485639226726], [35.23497064249031, 31.74348151752934], [35.23495026899612, 31.743474465473586], [35.235081464728516, 31.743603695514537], [35.23514432280043, 31.743667494974183], [35.2351460414696, 31.743669238729307], [35.23518344471472, 31.74370720281862], [35.235279834584745, 31.743819639669425], [35.2353439182171, 31.743893034371563], [35.235491006645525, 31.744130184015052], [35.235526910337896, 31.744195829623525], [35.23557877088117, 31.74432432997085], [35.23560570513335, 31.744392593103516], [35.23561435552095, 31.744420005293026], [35.23562282842804, 31.74444686018462], [35.23564690756635, 31.744523170275492], [35.23566341427443, 31.744582792661692], [35.23568336140148, 31.744654830812912], [35.23572245669683, 31.744795328776075], [35.2357302555933, 31.74481679168887], [35.2357418881499, 31.744836948686878], [35.23575706714478, 31.744855302020927], [35.2357754177767, 31.74487140085923], [35.23579649033124, 31.74488484759729], [35.23581976440737, 31.74489531318853], [35.23584466791419, 31.744902538041366], [35.23587058762933, 31.74490634554467], [35.23593299248115, 31.744886743822402], [35.235980396197256, 31.74482890392259], [35.23602553553976, 31.744741413681595], [35.23604978560775, 31.744673769223755], [35.23610174507731, 31.744513723763713], [35.23618620630893, 31.74425915672694], [35.23622581889429, 31.744151700919335], [35.23623797573378, 31.744118726396096], [35.23626845185909, 31.744050629410648], [35.236338270584874, 31.743919483529535], [35.23641695512524, 31.743791672208914], [35.23650397846722, 31.743669179626465], [35.2366071880169, 31.743551801767666], [35.236631202270914, 31.74352449140475]]], [[[35.23517192479729, 31.744186161526507], [35.23517177699522, 31.74418599922999], [35.2351172830569, 31.744223965666357], [35.235097098932705, 31.744238026702554], [35.23485103149891, 31.744409459934207], [35.23464992617385, 31.744544694549642], [35.23470203751882, 31.744603915393437], [35.23474251465168, 31.74464991792851], [35.234915792007385, 31.744847294174676], [35.2349549688539, 31.74488916379287], [35.234997147497545, 31.74492884570162], [35.23504216325224, 31.74496618301642], [35.23510377043661, 31.745010407319413], [35.23511908006489, 31.745018772755927], [35.23527066083645, 31.74486664342393], [35.235307292589056, 31.744829880716757], [35.235335701488246, 31.744797734741372], [35.23535820986922, 31.744762340843675], [35.23537431881615, 31.74472448285202], [35.235383671906995, 31.74468500137581], [35.235386061536666, 31.744644769453746], [35.23538143418936, 31.744604681730234], [35.23536989253819, 31.744565624693962], [35.235345606237914, 31.744484551051897], [35.23531340976978, 31.74440551479052], [35.235273533404566, 31.744329079501732], [35.23522625911488, 31.74425578711951], [35.23517192479729, 31.744186161526507]]]]}}, {"type": "Feature", "properties": {"plan_name": "101-1390715", "pl_name": "מגורים ומסחר ברחוב אור אלחנן 6", "dunam": 1.778, "source": "xplan_blueline"}, "geometry": {"type": "MultiPolygon", "coordinates": [[[[35.20426265784364, 31.7939671764901], [35.20443688315795, 31.79405438434987], [35.204536278268264, 31.794074116501488], [35.204539771102944, 31.79400269987907], [35.20455924767539, 31.793604343191387], [35.20448328046762, 31.793594590788956], [35.2044083829075, 31.793580003582615], [35.20433497631269, 31.7935606627398], [35.20426347355259, 31.79353667648414], [35.20425330518497, 31.793532971720047], [35.2041126766338, 31.793848542966934], [35.204095501094045, 31.79388708571914], [35.20426265784364, 31.7939671764901]]]]}}, {"type": "Feature", "properties": {"plan_name": "101-1398130", "pl_name": "עמים טאוורס- שלב ב", "dunam": 8.86, "source": "xplan_blueline"}, "geometry": {"type": "MultiPolygon", "coordinates": [[[[35.21706449123411, 31.747340746414896], [35.217345265646635, 31.747240407690065], [35.217310703377464, 31.747174738814323], [35.2169575351939, 31.74729769750306], [35.21675448498272, 31.746891178060313], [35.21654881618621, 31.74647756279686], [35.21633290535839, 31.746553253486486], [35.21631517609903, 31.746561011020106], [35.216082654043646, 31.746642512528588], [35.216027705277874, 31.746661773769222], [35.21601236299069, 31.746667637166727], [35.21575036481346, 31.74675748462977], [35.215818854167146, 31.746892926680708], [35.215913849288064, 31.74706898541698], [35.21591920762029, 31.747078926876643], [35.21603858387162, 31.747300387616548], [35.21613901423132, 31.747486705069914], [35.21621937871272, 31.74762961668098], [35.216429074067555, 31.747555916255017], [35.21644807010757, 31.747549240801277], [35.21652702825672, 31.747522127433], [35.21673100554907, 31.747452084939052], [35.21677205837755, 31.74744044714727], [35.21684771739237, 31.74741465239867], [35.21706449123411, 31.747340746414896]]]]}}, {"type": "Feature", "properties": {"plan_name": "101-1399658", "pl_name": "דהומי 4, פינוי בינוי", "dunam": 3.866, "source": "xplan_blueline"}, "geometry": {"type": "MultiPolygon", "coordinates": [[[[35.16600573181568, 31.756930613858238], [35.16670410172058, 31.757569688555186], [35.16672129942108, 31.75758673848976], [35.16704489692633, 31.75736858749566], [35.16693664233746, 31.757271246763647], [35.16638777854483, 31.756771643070284], [35.16631698264834, 31.7567047952965], [35.16600573181568, 31.756930613858238]]]]}}, {"type": "Feature", "properties": {"plan_name": "101-1404177", "pl_name": "הרצוג 33-37 /  טשרניחובסקי 4,6,10 - התחדשות עירונית", "dunam": 8.724, "source": "xplan_blueline"}, "geometry": {"type": "MultiPolygon", "coordinates": [[[[35.208478022682336, 31.769504964231587], [35.208500777034395, 31.769390108465668], [35.20860542241801, 31.769404157545296], [35.20873244516947, 31.76941936193827], [35.20886038828388, 31.769430630532224], [35.2089123636149, 31.769435523893947], [35.20894745602621, 31.76941480732229], [35.20891267975226, 31.7693808848629], [35.20881362734558, 31.769283797805066], [35.20871240074396, 31.769190879058076], [35.20870636020996, 31.76918606883615], [35.2086033355258, 31.769104028084897], [35.20860333763706, 31.76910402808484], [35.20849316854342, 31.76901959218666], [35.20841900623486, 31.76896471203854], [35.20841487016495, 31.768961835292348], [35.20838355708659, 31.76893668930665], [35.20825800022864, 31.768870092128424], [35.2081320043731, 31.768802564137303], [35.20809262662439, 31.76878169124613], [35.208077652293845, 31.768800781882046], [35.20790840372039, 31.769016583140374], [35.20785554782677, 31.768999473035628], [35.20783346806361, 31.768992240860012], [35.20766243974637, 31.76893625900488], [35.20771070199166, 31.768672874672816], [35.20771408143622, 31.768654431906473], [35.20759767677448, 31.76862254575053], [35.207439353050056, 31.76857916201021], [35.207412814469954, 31.768571893794483], [35.207404683995584, 31.768569664633215], [35.20739939789507, 31.768583681194016], [35.207309500168336, 31.768822153881004], [35.207132056231345, 31.76876065579129], [35.2071124722086, 31.768757907397053], [35.20701803695536, 31.7690126888869], [35.206980550182195, 31.769111737203154], [35.20726933244568, 31.769191507958077], [35.20736001176477, 31.769215585060632], [35.20826564660313, 31.76946257527808], [35.208478022682336, 31.769504964231587]]]]}}, {"type": "Feature", "properties": {"plan_name": "101-1414226", "pl_name": "רכס הארמון, התחדשות עירונית נקר 2-14", "dunam": 11.145, "source": "xplan_blueline"}, "geometry": {"type": "MultiPolygon", "coordinates": [[[[35.24154701931405, 31.750924029585658], [35.24149248723001, 31.750875021192318], [35.24142363559816, 31.750858681760857], [35.24126155572746, 31.750861551551296], [35.240821024100235, 31.75086442892537], [35.240821322908126, 31.750905163369765], [35.2400331539141, 31.75089632460162], [35.240033571750544, 31.750907052831476], [35.23997212577247, 31.750908796140717], [35.239935591693424, 31.75090983083611], [35.23993350297939, 31.751039547375086], [35.23993037926186, 31.75123376955455], [35.23992778668155, 31.751492229985598], [35.239973374261936, 31.751501731722172], [35.240159887171835, 31.7515504151788], [35.240189062649215, 31.7515593081911], [35.240182661394144, 31.751572817821195], [35.24025256452085, 31.751605518893342], [35.24038642015806, 31.75167573484743], [35.24038167504613, 31.751686910044985], [35.24041338074635, 31.751699281607912], [35.24044076428604, 31.751708465463103], [35.24047181894489, 31.751713047060576], [35.240494964254715, 31.751712310008326], [35.24052900978293, 31.751705446333972], [35.240533347010135, 31.751703920985776], [35.24106850867613, 31.751503928233934], [35.24110527844834, 31.751489809181454], [35.24132684817187, 31.751403406113905], [35.24143125540824, 31.751334889702157], [35.241487266312184, 31.751280519215616], [35.241552448578794, 31.75117277485126], [35.24157008036463, 31.751029854352577], [35.24154701931405, 31.750924029585658]]]]}}, {"type": "Feature", "properties": {"plan_name": "101-1417039", "pl_name": "לב תלפיות - מתחם שימושים מעורבים לאורך רחוב האומן.", "dunam": 9.829, "source": "xplan_blueline"}, "geometry": {"type": "MultiPolygon", "coordinates": [[[[35.20947604361568, 31.750362475446014], [35.20943502909262, 31.750342654525724], [35.209293905840966, 31.750273057449064], [35.20888278042532, 31.750070299991858], [35.20881459921669, 31.750037114483867], [35.208763750697955, 31.750063053307787], [35.20865776870024, 31.750117113503418], [35.20852933107821, 31.750254017830592], [35.208359839300755, 31.750435294089588], [35.208268971973666, 31.750531433574192], [35.208266111713314, 31.750529537983198], [35.20823478618838, 31.75056270518675], [35.20828314868238, 31.750589905163697], [35.20818701364571, 31.7507147162046], [35.20819109188059, 31.750717010376352], [35.20795975342565, 31.751018889846442], [35.20793777639483, 31.751047567327365], [35.207983112441525, 31.751083605580924], [35.20802807465593, 31.751113337227263], [35.20807539249499, 31.75114026765892], [35.20812482742508, 31.751164262505508], [35.20815475982629, 31.751178059849654], [35.20822771723674, 31.75120646397887], [35.2083031293942, 31.751229722063535], [35.20838049917601, 31.751247680801345], [35.208401034496106, 31.75122107031902], [35.20831881596539, 31.75119969916239], [35.208263299884294, 31.751182295259348], [35.20813717457084, 31.75113152517127], [35.20811022264531, 31.751116245102597], [35.20811024375366, 31.75111624149462], [35.2080808474194, 31.751099556416825], [35.20832107622336, 31.750790113584113], [35.20860778426611, 31.750951357881412], [35.20864501955113, 31.75099720102677], [35.20883443265097, 31.751230393608303], [35.208855304470006, 31.751224727487244], [35.20890679370285, 31.751209419556623], [35.209042540520876, 31.75117032870324], [35.20916083076687, 31.751136270655813], [35.209182994243626, 31.75112788266455], [35.20918521021055, 31.751119675792154], [35.20919333286099, 31.751040132762377], [35.20919701441137, 31.75100388747501], [35.20920408845945, 31.750934125893135], [35.20921443051877, 31.750832166517156], [35.209227108123144, 31.750789525903407], [35.209241934577335, 31.750747393846698], [35.20924429417072, 31.750741169222582], [35.20927911756995, 31.750657634496484], [35.209320945841675, 31.750576480359175], [35.20936955735614, 31.75049813518891], [35.20940561928517, 31.750447657505994], [35.209444499219934, 31.75039873087394], [35.20947604361568, 31.750362475446014]]]]}}, {"type": "Feature", "properties": {"plan_name": "101-1422401", "pl_name": "שער דרום - תוספת קומות,שטחים ושימושים בבנין C", "dunam": 4.196, "source": "xplan_blueline"}, "geometry": {"type": "MultiPolygon", "coordinates": [[[[35.215112603925284, 31.743937991374427], [35.214881584846744, 31.743616854254498], [35.214616393391246, 31.74375532722622], [35.2146068494392, 31.74376031339699], [35.21483684430092, 31.744081974162437], [35.214793166153925, 31.744104780011167], [35.21518905642023, 31.74465845696896], [35.21528191506418, 31.744626162977806], [35.215373504812064, 31.744591322215623], [35.215451248776304, 31.744560450712836], [35.215510801538244, 31.74453761439554], [35.21552679658599, 31.744530238603897], [35.2155410732545, 31.744520627284878], [35.215553209437864, 31.744509065459308], [35.2155628431926, 31.74449589586103], [35.21556968962195, 31.744481508113005], [35.215573546151546, 31.744466330610248], [35.21557084837408, 31.744455006368632], [35.215566947531364, 31.744443941964157], [35.215559858092654, 31.744429632096026], [35.21555075832086, 31.744416178255438], [35.215539788602435, 31.7444037851487], [35.21550260433391, 31.744367290696854], [35.21544691769834, 31.74431261662899], [35.215259232774535, 31.74411465055875], [35.21523047059282, 31.744079995072244], [35.21512006623418, 31.743946973131315], [35.215112603925284, 31.743937991374427]]]]}}, {"type": "Feature", "properties": {"plan_name": "101-1427525", "pl_name": "\"רובע צפון\" - מתחם עירוני מעורב בכניסה הצפונית לעיר ירושלים", "dunam": 10.245, "source": "xplan_blueline"}, "geometry": {"type": "MultiPolygon", "coordinates": [[[[35.23350257841034, 31.80707024179612], [35.233556582178004, 31.80695949828173], [35.23375265678115, 31.80663386659309], [35.23363251021829, 31.806609519406443], [35.2335446387872, 31.806591713856854], [35.23345718624527, 31.806576009431126], [35.23333999720287, 31.806559772414747], [35.233328574599845, 31.8065587306854], [35.23332771630417, 31.806441073614216], [35.23320428401588, 31.806431453768493], [35.23328385112936, 31.806010524919824], [35.2333245413421, 31.806005993863803], [35.2333238308961, 31.805908637102217], [35.23332077710804, 31.8059095937438], [35.23326369003023, 31.80592535819562], [35.23322282795705, 31.805934070188012], [35.23318145836162, 31.80594080906253], [35.233119938189255, 31.805947093439126], [35.23305802170376, 31.805949029216713], [35.23305802437413, 31.805957674226644], [35.23303384045635, 31.806038363430407], [35.23308716270314, 31.806032426347944], [35.23301452796539, 31.80641666678265], [35.232922600642574, 31.806409501588718], [35.23288815371793, 31.80652442498975], [35.23282432016833, 31.80651967215767], [35.23263174248597, 31.80650574738809], [35.23243129703041, 31.806491043070114], [35.23213133758975, 31.806469028233085], [35.23203162927392, 31.806461820803552], [35.232112857815, 31.806684993368513], [35.232002903688425, 31.806714177271616], [35.232019690473074, 31.80676291431069], [35.232058735378295, 31.8068705130172], [35.23208312862227, 31.806935660021924], [35.23210092328615, 31.807006679416936], [35.23282328678115, 31.807021079327836], [35.232823276229944, 31.807021109992647], [35.23279350211798, 31.807119090404207], [35.23308850130709, 31.80712376968692], [35.23312466235264, 31.807121930798107], [35.23316004993562, 31.807115314141775], [35.23319380235536, 31.807104079538725], [35.23322510019024, 31.807088501334302], [35.23325318107986, 31.807068958474762], [35.23327703976735, 31.80705260005188], [35.23330380376113, 31.80703993849593], [35.23333269803054, 31.807031341930863], [35.233362880977744, 31.80702706035568], [35.233393477172385, 31.807027217520673], [35.233423598472, 31.807031810020774], [35.23345236830933, 31.80704070278099], [35.23347895232051, 31.80705363896939], [35.23350257841034, 31.80707024179612]]]]}}, {"type": "Feature", "properties": {"plan_name": "101-1428184", "pl_name": "התחדשות עירונית בשדרות הרצל 74,76 ורח' דגניה 7", "dunam": 2.603, "source": "xplan_blueline"}, "geometry": {"type": "MultiPolygon", "coordinates": [[[[35.190428749949625, 31.78320960477966], [35.19050954818265, 31.7830906969343], [35.190740452708084, 31.783222367122605], [35.19091372443993, 31.782960541619506], [35.19085986308135, 31.782883875870315], [35.19082680065758, 31.782836816126462], [35.19075058276715, 31.782842485978943], [35.19067436275561, 31.782848157589285], [35.19065507969899, 31.782849594849697], [35.19065216510012, 31.782853887295932], [35.190635205513495, 31.782878830372397], [35.19031959906578, 31.782883756038274], [35.190105796722605, 31.78319732921063], [35.19004239442769, 31.783348488568436], [35.19017695367627, 31.783356232419365], [35.190361293022185, 31.783366831433568], [35.190377425356495, 31.78336775849671], [35.19039287451089, 31.783320150238982], [35.190428749949625, 31.78320960477966]]]]}}, {"type": "Feature", "properties": {"plan_name": "101-1431311", "pl_name": "התחדשות עירונית מתחם דגניה- שד' הרצל 72, דגניה 1, 3, 5", "dunam": 3.08, "source": "xplan_blueline"}, "geometry": {"type": "MultiPolygon", "coordinates": [[[[35.19088036164093, 31.783323698384624], [35.19117328671846, 31.78330567966847], [35.1911744710984, 31.783307198490444], [35.19128776042444, 31.783285115099712], [35.19137687187633, 31.783264832822265], [35.1913869022629, 31.783262038140975], [35.191462499688136, 31.783240940963918], [35.19127249083145, 31.783006174300347], [35.191264908877535, 31.78286656862478], [35.19086687564753, 31.782883571792595], [35.19091500865966, 31.78295788854085], [35.19074084207257, 31.78321668376634], [35.19051286761447, 31.783090446584183], [35.190433137540545, 31.783211374671072], [35.190394267993035, 31.783321214563642], [35.19052996289461, 31.78333141838684], [35.19066317601583, 31.783332087541964], [35.19062418979171, 31.783390017560276], [35.19064571302879, 31.783390741355735], [35.19064888671434, 31.78339088058142], [35.190816477851776, 31.783396475523084], [35.19081670218298, 31.783364095871327], [35.1908169936841, 31.783334459624886], [35.19081692100657, 31.783326049054043], [35.19088036164093, 31.783323698384624]]]]}}, {"type": "Feature", "properties": {"plan_name": "101-1434091", "pl_name": "פינס - כיכר הדוידקה", "dunam": 2.398, "source": "xplan_blueline"}, "geometry": {"type": "MultiPolygon", "coordinates": [[[[35.215147780080166, 31.785976541358323], [35.21512642745498, 31.785851115255795], [35.215116494527294, 31.785852950436116], [35.21503193262056, 31.785527526760603], [35.21503919006428, 31.785525549320013], [35.214993621492866, 31.78539957328464], [35.21499062434198, 31.785392981083493], [35.21498643206734, 31.78538688228831], [35.214981153435815, 31.78538143381014], [35.214974923607556, 31.785376776324586], [35.21496790202387, 31.785373028861194], [35.21496026923965, 31.78537028790171], [35.21495222269974, 31.785368623773145], [35.21494396723649, 31.785368079746778], [35.21493571612539, 31.785368669332478], [35.214927682638574, 31.785370377181305], [35.21492007054278, 31.785373159988115], [35.214913077266615, 31.78537694558946], [35.21481634023297, 31.785440293388273], [35.21477106550265, 31.785389682218558], [35.21476782016989, 31.785391801807474], [35.214735272089264, 31.78541549579653], [35.21461103391917, 31.78550595137674], [35.21461823645403, 31.78552301361167], [35.214729190881144, 31.78579717303078], [35.21473057438217, 31.785800581873556], [35.21481604554024, 31.786012662413388], [35.214858872413096, 31.786000069210726], [35.21489652296016, 31.786000084144085], [35.21490548659294, 31.786006932878255], [35.21491559564621, 31.78601249549322], [35.214926603042144, 31.78601663402765], [35.21493823319978, 31.78601924749812], [35.21495019892796, 31.786020270093925], [35.215101035614445, 31.78602096452825], [35.215108936265516, 31.786020508433733], [35.21511662984356, 31.7860189088231], [35.21512389040811, 31.78601621170925], [35.21513050785992, 31.786012496471972], [35.21513628477297, 31.7860078713488], [35.21514105434339, 31.786002472531752], [35.21514467722134, 31.785996457854772], [35.21514704467793, 31.785990004087736], [35.21514808916277, 31.785983299721014], [35.215147780080166, 31.785976541358323]]]]}}, {"type": "Feature", "properties": {"plan_name": "101-1436971", "pl_name": "הריסת בנין קיים ובניית בניין חדש ברח' אליעזר הלוי 23 קרית משה", "dunam": 0.713, "source": "xplan_blueline"}, "geometry": {"type": "MultiPolygon", "coordinates": [[[[35.193475435816374, 31.786525057446777], [35.19307791582494, 31.78662394920811], [35.193133653025264, 31.786745368846017], [35.19360399336048, 31.786651100516522], [35.19357621041546, 31.786559453192556], [35.19356761715047, 31.786549465488147], [35.193557279512135, 31.786540767265887], [35.19354545931987, 31.786533577694815], [35.19353245535104, 31.786528078069768], [35.19351859489491, 31.786524408203505], [35.19350422953002, 31.786522660113434], [35.193489720342775, 31.786522878922256], [35.193475435816374, 31.786525057446777]]]]}}, {"type": "Feature", "properties": {"plan_name": "101-1439322", "pl_name": "מגדל מאוחדת הטורים", "dunam": 2.012, "source": "xplan_blueline"}, "geometry": {"type": "MultiPolygon", "coordinates": [[[[35.210491868894074, 31.787243323499933], [35.21044467188094, 31.786965761101445], [35.210428925522805, 31.786873157326788], [35.21043311079055, 31.786872504195884], [35.21042687457281, 31.786832592667146], [35.21041794263751, 31.786773490113184], [35.21040301554436, 31.78667908622124], [35.210396901932704, 31.786640783566405], [35.210374297571065, 31.786622048006613], [35.21036786935182, 31.786616720238865], [35.210271112493366, 31.786536533146876], [35.21025442315422, 31.78655490980764], [35.21028880285844, 31.786586295853308], [35.21026533143122, 31.786613355744347], [35.21023877719812, 31.786643965414616], [35.21019321322743, 31.78666503808958], [35.2101526579396, 31.78668379098911], [35.21010847069057, 31.78670422867591], [35.2100635485861, 31.78672500186459], [35.21002376172502, 31.7867410527763], [35.21036158945714, 31.787275370249613], [35.21037093978008, 31.787273068314963], [35.21040389818702, 31.787264961024274], [35.210491868894074, 31.787243323499933]]]]}}, {"type": "Feature", "properties": {"plan_name": "101-1446319", "pl_name": "המשתלה - צמת אורנים", "dunam": 1.063, "source": "xplan_blueline"}, "geometry": {"type": "MultiPolygon", "coordinates": [[[[35.215953421881345, 31.759796045433223], [35.21559805551355, 31.759556181380255], [35.21556151156968, 31.759575927755517], [35.21555492459014, 31.7595714786365], [35.21554215091632, 31.759564591473865], [35.21552826705406, 31.759559510800035], [35.215513618172736, 31.759556361940852], [35.2154985726576, 31.7595552260298], [35.21548350627585, 31.759556129187434], [35.21546879373358, 31.759559050638746], [35.21545480339738, 31.759563915498834], [35.21544188568486, 31.759570603792277], [35.21543036356468, 31.75957894774842], [35.21542023167478, 31.759588237617155], [35.2154097916783, 31.759598432962825], [35.21540142382134, 31.759609938507314], [35.215395349727736, 31.759622451212376], [35.21539172979818, 31.759635640087836], [35.21539066004462, 31.759649155210212], [35.21539216786951, 31.759662640348946], [35.21539621523283, 31.75967573747529], [35.21540269337604, 31.759688102094096], [35.21541143126648, 31.7596994050469], [35.215613394468456, 31.75994188054259], [35.215820726126914, 31.759850097695523], [35.215953421881345, 31.759796045433223]]]]}}, {"type": "Feature", "properties": {"plan_name": "101-1447929", "pl_name": "עמק ציון ברובע החדשנות י-ם", "dunam": 194.209, "source": "xplan_blueline"}, "geometry": {"type": "MultiPolygon", "coordinates": [[[[35.18831934140632, 31.771910042177872], [35.188329021732656, 31.771898256323663], [35.18833042768818, 31.77189931887065], [35.1883575436666, 31.771873093112834], [35.18836210276496, 31.771868681875322], [35.18836542231169, 31.77186547173533], [35.1884056939712, 31.77182652082657], [35.188509083294086, 31.771726521279117], [35.18859423924684, 31.771638030498977], [35.18860319068557, 31.771628726402298], [35.18865460176664, 31.771575300424676], [35.188658639408345, 31.771570497712528], [35.188664651523275, 31.771563348650997], [35.18870792098487, 31.771511896680533], [35.188704705632496, 31.7715108627739], [35.188718653619546, 31.771494375210168], [35.18872330285488, 31.771493607412342], [35.18878712572622, 31.77141771441274], [35.18884808099297, 31.771331251441815], [35.18893460343613, 31.77121035921351], [35.18901550688954, 31.771086658811974], [35.18909066571447, 31.770960342325097], [35.18915996483058, 31.770831603645213], [35.189167256934525, 31.770814152067633], [35.18917168834376, 31.770796012944373], [35.189173177719276, 31.77077752716231], [35.18917263273023, 31.77076630277013], [35.18928933936028, 31.770489324853404], [35.18930495450998, 31.77047590458547], [35.18931822535116, 31.7704607534033], [35.18932889109216, 31.770444168884687], [35.1893367437196, 31.770426475668874], [35.189363603149495, 31.77035025513702], [35.18939261107322, 31.770265579178993], [35.18939274625872, 31.770265185991693], [35.18941446239195, 31.770202847800874], [35.189517031601774, 31.76998498014056], [35.18958482620962, 31.770001937256342], [35.18981355719085, 31.770059147631738], [35.18984647917349, 31.77006738160464], [35.18986861502583, 31.770073146900295], [35.18989220779928, 31.770010302004536], [35.18995900961616, 31.769813220979767], [35.189978045938176, 31.769751676006106], [35.18999780637478, 31.76969029704974], [35.19001829303451, 31.769629093129012], [35.190039503803995, 31.76956806965437], [35.19006143234724, 31.769507232035796], [35.19008408077344, 31.769446585684246], [35.19010744274612, 31.769386139617037], [35.19013152037506, 31.76932589563772], [35.19015630732357, 31.76926586456724], [35.19018180570117, 31.76920605001286], [35.190311746085584, 31.768893444379295], [35.190447941357455, 31.7685657875316], [35.190503286731904, 31.768430309781518], [35.19051607658071, 31.76840232700259], [35.19052964331827, 31.76837461125209], [35.19054397638567, 31.768347176958123], [35.19055906944569, 31.768320043960273], [35.19057491405126, 31.76829322307945], [35.190591499643034, 31.768266732351126], [35.1906067588575, 31.76824369192649], [35.19060881566224, 31.76824058620334], [35.190626855772564, 31.768214799064577], [35.190645609415625, 31.768189383559204], [35.19066506180974, 31.76816435772215], [35.190685206619015, 31.768139734178227], [35.19070603117365, 31.768115527355256], [35.19072752280439, 31.768091748073616], [35.190749668841256, 31.768068412564794], [35.19077245872607, 31.76804553345314], [35.19079587767821, 31.768023123362543], [35.19081991513932, 31.768001196720963], [35.19084455421818, 31.767979762544734], [35.190869784356515, 31.767958835261876], [35.1908923792251, 31.767940964941086], [35.19089558866292, 31.767938425692307], [35.19092195235703, 31.767918546460006], [35.190948862770014, 31.76789920838532], [35.1909763051218, 31.767880422288506], [35.19100426041023, 31.767862197185654], [35.191032713855115, 31.767844545700655], [35.19106165278801, 31.76782747685034], [35.191091056095395, 31.7678110014542], [35.191120911109195, 31.76779512672543], [35.19115119671596, 31.767779863483565], [35.19118190024768, 31.76776521894177], [35.19121300481369, 31.76775120211639], [35.191244487189984, 31.767737820219537], [35.19127633470835, 31.767725082268026], [35.19130852625634, 31.767712993670465], [35.19134104494369, 31.767701561639605], [35.19137387387989, 31.767690795191946], [35.19145192078478, 31.767666428136135], [35.19153021247086, 31.767642638236346], [35.19160874049406, 31.76761942909865], [35.191687502744685, 31.76759679891876], [35.1917664907784, 31.767574753106384], [35.19184569826289, 31.767553291660562], [35.1919251209768, 31.767532416384167], [35.192004750476386, 31.767512129079606], [35.19208458465153, 31.76749243155], [35.1921646129478, 31.767473321990337], [35.19224483114319, 31.767454807614516], [35.19248295151815, 31.767453123791153], [35.19252256721735, 31.767446944452168], [35.19256227996704, 31.76744123947908], [35.19260208343371, 31.767436012478573], [35.1926419670621, 31.76743126164589], [35.192681926630335, 31.767426986980627], [35.192820645984774, 31.76739587705621], [35.19295153030452, 31.76736652487096], [35.19299358370407, 31.767365955065173], [35.19303563915118, 31.767365902903347], [35.19307769453552, 31.767366366581616], [35.19311973719052, 31.76736734609883], [35.19316175867177, 31.767368843257984], [35.19320375053554, 31.76737085445098], [35.19324675571901, 31.767373419450053], [35.19328970593942, 31.767376603093854], [35.193290750982335, 31.76735898298379], [35.19331758768378, 31.76735036550553], [35.19362538282174, 31.76725153007233], [35.193648623930315, 31.767244066579124], [35.19379416790939, 31.767197332646486], [35.1938110433299, 31.767192983558896], [35.193632216434104, 31.76690789612991], [35.193485316063075, 31.766948291613424], [35.19326163924199, 31.76672487683272], [35.19314131960155, 31.76656857693057], [35.19307907931418, 31.766473338634622], [35.193021860907926, 31.76637582811099], [35.19296977835187, 31.766276238370917], [35.19293861281259, 31.76620859375985], [35.19283267517624, 31.766244217812314], [35.192861868106306, 31.766351514493174], [35.19280829523801, 31.76636215138227], [35.19280324753666, 31.766360836036874], [35.19280356644375, 31.76635989814939], [35.192691235416, 31.766332082275156], [35.192691243860544, 31.766332084079632], [35.192703603383706, 31.76629370999979], [35.19271271968822, 31.766258667028715], [35.19272614658371, 31.76626093368688], [35.19273494607798, 31.766201563476056], [35.19273706792582, 31.766141746241722], [35.192732493070785, 31.76608202940104], [35.192721263681115, 31.76602295857201], [35.19269931212734, 31.765934456922064], [35.19260138006375, 31.765955486093496], [35.192537078327575, 31.765966307656317], [35.192471811443646, 31.765971394277994], [35.19240627928886, 31.765970691010427], [35.192446997292265, 31.765924661166594], [35.192488961807335, 31.765904187847767], [35.19254223872607, 31.765878198092388], [35.19266734551922, 31.765809633528328], [35.19265664794426, 31.765811362278782], [35.19264610441003, 31.76581368625885], [35.19263576347469, 31.76581659645453], [35.192625669474225, 31.76582008204789], [35.192625247226005, 31.7658201758006], [35.19253267359304, 31.765840056466185], [35.19251697234002, 31.765843117663145], [35.19250112971165, 31.765845592647192], [35.19248517526546, 31.765847476009892], [35.19246914067017, 31.765848762343133], [35.19245305548264, 31.765849451649686], [35.19243695137137, 31.765849540325117], [35.19242085789302, 31.76584903017586], [35.192404804604436, 31.7658479212047], [35.192388823173424, 31.76584621521834], [35.19236896787116, 31.765843365328053], [35.192349262552725, 31.76583983004826], [35.19232974310796, 31.765835614793538], [35.19231043909286, 31.765830726781445], [35.192291382174616, 31.765825173229896], [35.19227260613108, 31.765818964964264], [35.19225414051818, 31.765812109202276], [35.19225071846952, 31.76581075430853], [35.19224730909113, 31.765809375967994], [35.19169037331371, 31.765621911545907], [35.19167581319343, 31.765617011284192], [35.191668902841606, 31.76561271962646], [35.19166290781, 31.765607519002153], [35.191657991695514, 31.765601550115214], [35.19165428536911, 31.765594973506833], [35.19165189119831, 31.765587966850394], [35.191650871436636, 31.765580719539212], [35.19165125561333, 31.765573428178016], [35.19164928176091, 31.765572717328595], [35.1915380536472, 31.765532628266666], [35.191511304279764, 31.765522986670533], [35.19149525312276, 31.76555268453747], [35.19141838227799, 31.7656949045728], [35.19140095844038, 31.76572714187684], [35.19119536638042, 31.7661075216717], [35.191090431696615, 31.766300791907835], [35.1910733349738, 31.766332280668603], [35.191071787060615, 31.7663351339374], [35.19101444659561, 31.76644106740194], [35.191014512045776, 31.766441045764577], [35.19086627052484, 31.76671481514589], [35.19074161551418, 31.766809304153078], [35.19074159017813, 31.766809314972477], [35.1906495313656, 31.766879107706618], [35.19043838862049, 31.767026896786142], [35.19026680405528, 31.767098152319637], [35.18992827599972, 31.76723155821409], [35.18992665026526, 31.767232200141574], [35.18967241627201, 31.76728248484101], [35.189482951945315, 31.76731995783292], [35.18948295616399, 31.767319981281307], [35.18946884428206, 31.767323193797246], [35.18937608476137, 31.7673302461364], [35.1893198894141, 31.76731102484604], [35.18903134475278, 31.767212334232642], [35.189015434720616, 31.767205510776922], [35.18900109262824, 31.767196500540106], [35.1889887269536, 31.76718555879359], [35.1889786891618, 31.767172998519783], [35.18897126526296, 31.767159174178], [35.18896666525611, 31.767144481703028], [35.188965021021716, 31.767129337762423], [35.18896637893364, 31.76711417254082], [35.188970700917075, 31.767099418016205], [35.188977863395216, 31.767085494431953], [35.18897526469536, 31.767084285648554], [35.18897924286895, 31.767080343273534], [35.18899008772358, 31.767070206069157], [35.188997102266306, 31.767063542299258], [35.18901487933375, 31.767046658342988], [35.18905963342702, 31.767004147263258], [35.1891439745628, 31.76692403767668], [35.18929246384964, 31.76678299813687], [35.1893622500542, 31.766715368181185], [35.18943203615723, 31.766647738186474], [35.18950192771868, 31.766580108165133], [35.18957181919283, 31.766512387920425], [35.18958217618008, 31.766502564449294], [35.18959248039153, 31.766492701290066], [35.18960272971628, 31.766482796638883], [35.18961292626551, 31.76647285049598], [35.189623067927755, 31.76646286466478], [35.18963315681422, 31.766452839145586], [35.1896431887025, 31.766442773937886], [35.189653530983215, 31.76643240033504], [35.18966381415474, 31.766421985239774], [35.189674038217326, 31.766411526848344], [35.18968420317071, 31.76640102696452], [35.18969431112581, 31.7663904873922], [35.189704359972005, 31.766379904523802], [35.18971434759754, 31.766369281966465], [35.189724286669595, 31.766358619721675], [35.18973416663219, 31.766347917788178], [35.18974398537441, 31.76633717436214], [35.18975374500722, 31.766326391247414], [35.189763443419395, 31.766315568443844], [35.18977308061068, 31.766304707755104], [35.18978265658163, 31.76629380557381], [35.189792177665005, 31.766282867311794], [35.1898016375275, 31.766271891164656], [35.18981103616944, 31.7662608753287], [35.18982037359023, 31.76624982341131], [35.189829647679275, 31.766238731804926], [35.189838860547496, 31.76622760231344], [35.18984801008369, 31.76621643493665], [35.1898570202707, 31.766205321653874], [35.189865969236365, 31.766194174093428], [35.18987485487009, 31.766182988647728], [35.18988367928281, 31.766171767120714], [35.18989244036304, 31.76616051131584], [35.18990113811109, 31.76614921942943], [35.189909774638174, 31.76613789146173], [35.189914861627756, 31.766130594327677], [35.18991988950802, 31.766123266524026], [35.189924856167515, 31.76611590985427], [35.189929761606265, 31.76610852431841], [35.18993460793572, 31.766101108112967], [35.189939393044426, 31.766093663041428], [35.18994411693242, 31.7660861891038], [35.18994810807402, 31.76607976843535], [35.18994877959938, 31.76607868810377], [35.18995338104536, 31.766071160041314], [35.18980391223953, 31.766050310457103], [35.18955309479898, 31.76610312949753], [35.18952357915587, 31.76613726441546], [35.18949343864302, 31.766170998835154], [35.18946267748427, 31.76620432193454], [35.18943130623679, 31.766237224696024], [35.189399329123304, 31.766269703512222], [35.189366758813094, 31.76630174395476], [35.1893335995287, 31.766333344219937], [35.189263813590145, 31.766400974164082], [35.18916225795479, 31.766444701445273], [35.18902268554491, 31.766580051288667], [35.18898445770068, 31.766671493525372], [35.1888447791463, 31.766806752971778], [35.18880842497713, 31.766839990454308], [35.18877265761936, 31.766873691545324], [35.18873748763058, 31.766907847228197], [35.188702921345794, 31.7669424502894], [35.188668969322435, 31.76697749351605], [35.18863563578468, 31.76701296789065], [35.18860292917882, 31.76704886620005], [35.1885708558403, 31.767085179427063], [35.188539426326706, 31.76712190035873], [35.18850864486237, 31.767159019977594], [35.18847851989374, 31.767196531070468], [35.18844905564553, 31.76723442281621], [35.188420262675166, 31.76727268980556], [35.18839214520745, 31.767311321217353], [35.18836470957777, 31.76735030983811], [35.18833796212216, 31.767389644846922], [35.18831190917613, 31.767429319030335], [35.18828735101629, 31.76746861642678], [35.188263514816676, 31.767508238572937], [35.188240406913486, 31.767548174647903], [35.188218033642976, 31.767588413830705], [35.1881963992299, 31.767628947103894], [35.18817551001056, 31.7676697636465], [35.18815536809827, 31.76771085624442], [35.18813598194123, 31.767752210469617], [35.18811735576368, 31.767793820911905], [35.18809949379148, 31.76783567314266], [35.188082398138036, 31.76787775994776], [35.18806607725103, 31.767920070506456], [35.18804939735827, 31.767962846367478], [35.18803281033926, 31.768005651096903], [35.18799943780453, 31.768091231663934], [35.18798992238293, 31.768115710052818], [35.18796617077011, 31.768176812234632], [35.187962647636546, 31.76818583381291], [35.18796171662917, 31.76818556494383], [35.18793988056242, 31.768218883403737], [35.18791177685965, 31.768248575642723], [35.18787821005075, 31.768273790421702], [35.18785351796179, 31.76829222899729], [35.18783267302677, 31.768313859688348], [35.18781623271657, 31.76833810268459], [35.18780463734217, 31.76836431052201], [35.18779819527279, 31.768391783412387], [35.187797080821504, 31.768419784573826], [35.187801321572465, 31.768447567284532], [35.18780658870227, 31.768479517542477], [35.18780646260957, 31.768511782743314], [35.18780094762897, 31.768543702738867], [35.187790155767765, 31.76857462280545], [35.187778528674606, 31.768600904586474], [35.18777556312414, 31.768608533786896], [35.18777693954447, 31.768609158041276], [35.18777259757286, 31.76861616479093], [35.187677865889036, 31.768851803827108], [35.18750888952852, 31.769272310653477], [35.187476891803726, 31.769339042743844], [35.18746928837462, 31.769354914159553], [35.187428842694125, 31.76943724698716], [35.187387658064864, 31.76951921896533], [35.187345628905504, 31.769600920263464], [35.18730275521418, 31.76968235088079], [35.18725914256919, 31.76976342064639], [35.187214790952495, 31.769844219743717], [35.18717012111527, 31.769932863005415], [35.187152094683896, 31.769923434513444], [35.18708223728193, 31.769886902238554], [35.1870464335642, 31.769868176929876], [35.187024879563126, 31.769856909985197], [35.186983819818465, 31.769832735011715], [35.186809859680544, 31.76978644662651], [35.18677301093366, 31.769823687623557], [35.18667217828844, 31.769925401451243], [35.18659928089551, 31.76999895817468], [35.186573879438946, 31.77002459039346], [35.186555296568386, 31.77004352648108], [35.18648740569691, 31.770112598076413], [35.18646945631402, 31.770130812766467], [35.186419620288575, 31.770181669649634], [35.1863517291979, 31.770250831355302], [35.18632107997862, 31.77028206141607], [35.18628394358796, 31.770319902854748], [35.186283930922016, 31.770319893834536], [35.18623113832454, 31.770373670387304], [35.186223760019715, 31.770381219558498], [35.186216052313014, 31.770388974302296], [35.186148266501526, 31.77045804572796], [35.1860803750071, 31.770527207285824], [35.18601258899401, 31.77059627863772], [35.186009315906134, 31.770599254244768], [35.185931606429854, 31.770669767068558], [35.18574986565822, 31.77076840034105], [35.185740719003924, 31.77077103418557], [35.1857301765224, 31.770774970085096], [35.185720045584496, 31.770779692450336], [35.18571042965291, 31.770785154400823], [35.185701453309065, 31.77079128020013], [35.18569312288898, 31.77079805902728], [35.18568548484691, 31.770805462030232], [35.18567865954918, 31.770813377398383], [35.18567267445288, 31.77082175463272], [35.185667550676555, 31.770830566681205], [35.185663347353, 31.77083973238683], [35.18566009194491, 31.77084917419531], [35.18565781191209, 31.770858828981794], [35.18565652838634, 31.77086860476155], [35.18565635828814, 31.770874535250233], [35.1856377600602, 31.7709678731721], [35.185611878062296, 31.771059947437898], [35.185578923477095, 31.77115039733764], [35.18555856497968, 31.77119860680757], [35.185689824651064, 31.771230569381487], [35.18567253008037, 31.771297862296283], [35.18586480017767, 31.771320171299973], [35.18586729990686, 31.771320462056448], [35.18590054588622, 31.771324319553415], [35.18604117319482, 31.77131615656371], [35.18604883835646, 31.77126765660183], [35.186059618530884, 31.771214859809817], [35.18607729499411, 31.771163436611243], [35.18610164064142, 31.771114043511645], [35.18613234814629, 31.77106730814536], [35.18613978816222, 31.77105761080128], [35.186176587832044, 31.77101602310896], [35.18617663006614, 31.771015981630278], [35.18620921325759, 31.770986124487504], [35.18620924070907, 31.770986101043512], [35.18625531602269, 31.77095139029503], [35.18625537514678, 31.77095135062238], [35.18630561302111, 31.77092118392823], [35.186305689035564, 31.77092114425796], [35.186323222992364, 31.770912178827], [35.18632327155674, 31.770912155386], [35.186347266494714, 31.770901049894317], [35.186347302389905, 31.77090103366624], [35.18635336865222, 31.77089842639757], [35.18635341299296, 31.770898408367003], [35.186378178302256, 31.770888567361144], [35.18639056825269, 31.77088412122637], [35.18639061048142, 31.770884106802853], [35.18642851686743, 31.770872325074592], [35.186428540092734, 31.770872319666797], [35.186434937655214, 31.770870589031464], [35.18644138165378, 31.770868921531267], [35.18645429916838, 31.770865793957743], [35.18645437306688, 31.77086577773498], [35.186480459181446, 31.770860334277174], [35.186480509854285, 31.770860325265872], [35.186526841464506, 31.770853421854138], [35.1865269195842, 31.770853412846638], [35.18653352174222, 31.77085270853134], [35.186533597750255, 31.770852701327268], [35.18654019356045, 31.770852069158067], [35.18654030123864, 31.770852058351036], [35.18655822218277, 31.770850684648718], [35.18655336172471, 31.770984129544182], [35.18656647574746, 31.771288742967428], [35.18656166085684, 31.7713936824375], [35.18656314306377, 31.771514497009818], [35.186572152354096, 31.771634028409434], [35.18657986165199, 31.771695529700047], [35.186584124220914, 31.77172953695335], [35.18660877384295, 31.771806801197386], [35.186629804758816, 31.77187272336693], [35.1866742088503, 31.772011903601612], [35.18668597879618, 31.772048732854817], [35.186739726507795, 31.772216901363425], [35.18674541180775, 31.77223068590255], [35.18680301408315, 31.7723703260469], [35.186827509217665, 31.77244017888298], [35.18695719392241, 31.772810022194697], [35.18700713217799, 31.772952438858354], [35.1870235222565, 31.77299918355392], [35.1870281525989, 31.773009619396344], [35.187030969210454, 31.773020517636397], [35.18703191301561, 31.773031649198348], [35.187030704037205, 31.773044209886255], [35.18702711457843, 31.773056434764705], [35.187021239710255, 31.773067995576003], [35.187013237840574, 31.773078583911555], [35.18761186245598, 31.77259403777632], [35.18776712734933, 31.772443908664776], [35.1882629238071, 31.771964607312064], [35.188302536710125, 31.771926294857295], [35.18831934140632, 31.771910042177872]]]]}}, {"type": "Feature", "properties": {"plan_name": "101-1448166", "pl_name": "התחדשות עירונית ברחוב בורוכוב - תוספת קומות", "dunam": 4.816, "source": "xplan_blueline"}, "geometry": {"type": "MultiPolygon", "coordinates": [[[[35.17414213510792, 31.763044261558953], [35.17410480584713, 31.76291598894763], [35.174091382373554, 31.762873687507085], [35.17357190841114, 31.762976823984847], [35.17358888818083, 31.76302128895889], [35.17358889240366, 31.763021287156228], [35.17359952720415, 31.763056236149335], [35.17367948143156, 31.76331895513921], [35.173759767843926, 31.763580804771347], [35.173824561151434, 31.763791023718884], [35.17383239218165, 31.763801355307503], [35.173842060297844, 31.76381048157181], [35.173853315408124, 31.763818166168644], [35.173865866240654, 31.763824210622285], [35.173879388787064, 31.76382845793411], [35.173893532634175, 31.763830797995087], [35.17390793362932, 31.763831172098158], [35.17392221810402, 31.7638295693317], [35.173936017650526, 31.76382603109256], [35.17406165672907, 31.763790194757075], [35.174158902668594, 31.763755560034596], [35.17424950849887, 31.76371601583726], [35.174325835695576, 31.763672922160367], [35.17427974288681, 31.763517765405577], [35.174233726840896, 31.763360731011144], [35.174185963421884, 31.763202215355673], [35.17414213510792, 31.763044261558953]]]]}}, {"type": "Feature", "properties": {"plan_name": "101-1478601", "pl_name": "טחנת הקמח ירושלים- תוספת שטחים", "dunam": 13.568, "source": "xplan_blueline"}, "geometry": {"type": "MultiPolygon", "coordinates": [[[[35.19187469536039, 31.784990878642517], [35.19135629304411, 31.785098273710673], [35.19114188515289, 31.785145255506745], [35.19104357508421, 31.7853613062904], [35.191270344401254, 31.785497958607024], [35.191395853418825, 31.785693400201268], [35.19141311956463, 31.785720960387827], [35.19142514120257, 31.785750484246037], [35.19143162385611, 31.78578124847167], [35.19143240714059, 31.785812500012877], [35.19142747426396, 31.78584347320589], [35.19141694463387, 31.785873409614762], [35.19131788064384, 31.786073968701825], [35.19125715971716, 31.786153414558612], [35.19149849515412, 31.786336873444966], [35.1917148113203, 31.786499406697043], [35.19185153191553, 31.786564983983183], [35.19191656890512, 31.786579329619986], [35.191966404020754, 31.786578613016236], [35.19233372647062, 31.786575942777063], [35.19240971457, 31.786508411153367], [35.19194388849394, 31.784993430411784], [35.19192689362264, 31.78498984303457], [35.19190949094845, 31.784988208099016], [35.19189198981822, 31.784988555395977], [35.19187469536039, 31.784990878642517]]]]}}, {"type": "Feature", "properties": {"plan_name": "101-1481985", "pl_name": "הריסת בנין, ובנית בנין למגורים, השכרה ומסחר ברח' שמואל הנביא", "dunam": 0.332, "source": "xplan_blueline"}, "geometry": {"type": "MultiPolygon", "coordinates": [[[[35.22348884063689, 31.792184701069967], [35.22340330773697, 31.792156486313008], [35.22340130832074, 31.792158632988734], [35.22328079389965, 31.792120317361], [35.22327247442882, 31.792124937815423], [35.223177836484986, 31.79221559566812], [35.2233448366887, 31.792300910134294], [35.22336765900365, 31.792312569316127], [35.2234126217979, 31.792264976163167], [35.22348884063689, 31.792184701069967]]]]}}, {"type": "Feature", "properties": {"plan_name": "101-1482173", "pl_name": "הקמת מבנה מגורים מסחר ומלונאות ברחוב יפו 96 בירושלים", "dunam": 0.2665, "source": "xplan_blueline"}, "geometry": {"type": "MultiPolygon", "coordinates": [[[[35.21318145094334, 31.785978552020232], [35.21310925051909, 31.78576188451827], [35.21300119439389, 31.78578951704185], [35.21307259628398, 31.786005077199153], [35.21309881381318, 31.78599871022049], [35.21318145094334, 31.785978552020232]]]]}}, {"type": "Feature", "properties": {"plan_name": "101-1494814", "pl_name": "מגדל ליפמן - רחוב התעשייה 3 ירושלים", "dunam": 1.969, "source": "xplan_blueline"}, "geometry": {"type": "MultiPolygon", "coordinates": [[[[35.21573662629052, 31.748749164525602], [35.215628363092385, 31.748500131358632], [35.2149453352132, 31.748705810543964], [35.215105783111056, 31.748945237053633], [35.21573662629052, 31.748749164525602]]]]}}, {"type": "Feature", "properties": {"plan_name": "101-1516681", "pl_name": "תעסוקה ומגורים במתחם קוסל, ירושלים - עדכון", "dunam": 14.867, "source": "xplan_blueline"}, "geometry": {"type": "MultiPolygon", "coordinates": [[[[35.20010707875727, 31.777633591773114], [35.20014408592529, 31.777592065027264], [35.20015226690793, 31.777611471117506], [35.20020912377934, 31.777475790986696], [35.20031301383311, 31.777318513241447], [35.20044614597055, 31.777184864554613], [35.20060786495959, 31.776935113531973], [35.200754753623144, 31.776708259623447], [35.2006923470701, 31.776684142595002], [35.200671273398235, 31.776724602191116], [35.20057999979588, 31.77669079307701], [35.200557268058915, 31.77669311373612], [35.20045993779576, 31.776736797773253], [35.20039539023077, 31.776763787879748], [35.20031867834482, 31.77679831876288], [35.200261522937, 31.77682263958662], [35.20021895160568, 31.776837049626348], [35.20018249092229, 31.77684756570272], [35.20016205210131, 31.776851015472072], [35.20012669598405, 31.77685500404187], [35.20008881463784, 31.77685796622139], [35.20003376945214, 31.776860963878626], [35.19999802288286, 31.7768612981385], [35.199997458791046, 31.776868493008788], [35.19990374311415, 31.776862979498777], [35.19990489411325, 31.776857407963803], [35.199844102142066, 31.776849352370274], [35.19984516022007, 31.776844220931057], [35.19978258449128, 31.77682831020702], [35.19978421475366, 31.77682351788131], [35.19970737258406, 31.776798130056346], [35.19969692054994, 31.776807057901124], [35.199661847971456, 31.776799028415347], [35.19966363679343, 31.77679036359052], [35.199578605797775, 31.776779671789853], [35.19957750115001, 31.776786821545958], [35.19933658624613, 31.77675969566845], [35.199338170375476, 31.776749436384637], [35.19931107246814, 31.776746029956147], [35.19930189542264, 31.77679877468026], [35.1993137214407, 31.77680075379108], [35.19931009073981, 31.77682184410688], [35.199298712317116, 31.776820332167368], [35.1992904605181, 31.776864801631383], [35.19928703822753, 31.77689709101959], [35.19927393582254, 31.77702985595837], [35.19926054817715, 31.777165499558787], [35.199262984760345, 31.77716582612325], [35.199256560548456, 31.777226121165945], [35.19925396560177, 31.777225864938604], [35.199249717592735, 31.777260306083885], [35.1992611362136, 31.77726131480189], [35.19925731698554, 31.777292906146204], [35.199256913702015, 31.77729287005633], [35.19924220511576, 31.777412475252174], [35.19923710277655, 31.777470281263195], [35.19923397626268, 31.777498689134365], [35.19921275155905, 31.77754453246966], [35.19919854161155, 31.777580637103828], [35.19918882159121, 31.77761781060113], [35.19918369815386, 31.777655648942055], [35.19916468061336, 31.77791373165307], [35.19916539857419, 31.777950187708125], [35.199172877455915, 31.777986084898153], [35.19918693045292, 31.778020513256646], [35.19920719972796, 31.77805260158837], [35.19923317330193, 31.778081535507226], [35.19926419138633, 31.778106581786407], [35.19929946855236, 31.778127107298538], [35.199338111677626, 31.77814259164242], [35.199461839122485, 31.778182245023007], [35.19950026905323, 31.778197476793824], [35.19953557906114, 31.77821747376263], [35.19956696576117, 31.778241780471898], [35.199593715508094, 31.778269844069076], [35.19961521812021, 31.77830102512887], [35.19961740540911, 31.778304715544362], [35.19962607642673, 31.778319779319826], [35.199631973987955, 31.7783357926299], [35.19963495980944, 31.77835238481316], [35.199634965286606, 31.77836917168298], [35.19963199149341, 31.77838576454586], [35.199626106014854, 31.778401781023515], [35.19966802123015, 31.778350828561347], [35.1997683751765, 31.778219767671647], [35.1998264969276, 31.778143861798643], [35.19998554809856, 31.777897500627635], [35.20010707875727, 31.777633591773114]]]]}}, {"type": "Feature", "properties": {"plan_name": "101-1543255", "pl_name": "גילה, רחוב המרגלית, ירושלים - מגורים, מסחר, תעסוקה ומוסדות ציבור", "dunam": 8.098, "source": "xplan_blueline"}, "geometry": {"type": "MultiPolygon", "coordinates": [[[[35.177435692066545, 31.73399134359884], [35.17858914871702, 31.733100998914097], [35.17859876516733, 31.733092536119493], [35.17860700799676, 31.733083073799442], [35.178616464109076, 31.733070585124054], [35.17842589080881, 31.73289890685425], [35.17837016542248, 31.732941920833866], [35.177948198940314, 31.733267637237034], [35.177971126971414, 31.733289336830875], [35.17777123230078, 31.733443617580527], [35.177748314828, 31.73342192697194], [35.17724918110027, 31.73380719911946], [35.17709533893192, 31.73391338946544], [35.17693839924819, 31.73401621687023], [35.17683689870006, 31.73408067886251], [35.17701020152938, 31.734273953207058], [35.17710657699601, 31.73421278352843], [35.17727281095935, 31.734103883053418], [35.177435692066545, 31.73399134359884]]], [[[35.18004641071408, 31.733301345871013], [35.17981180004734, 31.73316137021957], [35.17975120942873, 31.733240630915162], [35.17998728041779, 31.73338142583333], [35.179711626926, 31.733754739399195], [35.17993979593863, 31.73389384460659], [35.18056400871566, 31.733420951041705], [35.18004641071408, 31.733301345871013]]]]}}, {"type": "Feature", "properties": {"plan_name": "101-1563642", "pl_name": "התחדשות עירונית אריה בעהם ירושלים", "dunam": 5.224, "source": "xplan_blueline"}, "geometry": {"type": "MultiPolygon", "coordinates": [[[[35.198947283702125, 31.751561357958877], [35.199002514508464, 31.751667419060677], [35.19906600616279, 31.751794413201996], [35.1991251136342, 31.751922943871982], [35.199131206906074, 31.751937112105143], [35.199157680012455, 31.75199936753995], [35.19921014918043, 31.75212557384011], [35.19924397350723, 31.752206930625547], [35.19941136333524, 31.75217259862148], [35.199473942724254, 31.75220359925514], [35.199507599717286, 31.75222027024545], [35.19958618300057, 31.752103242633], [35.19961739460028, 31.75205676272296], [35.19973868783741, 31.751876127684238], [35.19973725721105, 31.751865300985035], [35.199733791694285, 31.751854815108977], [35.19972838415188, 31.751844948729282], [35.199721175999315, 31.751835960680395], [35.19971292078183, 31.75182852015847], [35.199703433818, 31.751822242970608], [35.19969293779652, 31.751817275223637], [35.199681677571355, 31.751813734166102], [35.1996699169959, 31.75181170277731], [35.19965307630611, 31.751815989523987], [35.19958631347856, 31.75178321398848], [35.19962513625345, 31.751746249725226], [35.19966938578156, 31.75171404378407], [35.199661041805435, 31.75170891829108], [35.19965377864641, 31.751702707918266], [35.19964778627376, 31.75169557410311], [35.199643222992336, 31.751687707140967], [35.19958420351465, 31.75156103721579], [35.199567528242554, 31.751530822980307], [35.19954662272105, 31.751502595346377], [35.199521805669484, 31.751476783602225], [35.19949345491165, 31.751453782768156], [35.199465839520016, 31.751436098331638], [35.199488923473474, 31.751402808517774], [35.19904474891996, 31.751183478245924], [35.19898673211824, 31.7512580259112], [35.198982115402195, 31.75126292453723], [35.19897665630402, 31.751270438477583], [35.198972210386636, 31.751278419616387], [35.19896875232925, 31.751286709227937], [35.19896624203401, 31.751295168426466], [35.198964502192474, 31.751303746701222], [35.198963332275675, 31.751312413380997], [35.19896252753249, 31.751321143205406], [35.19896188532273, 31.751329909110492], [35.198961200895376, 31.75133868222853], [35.19896026949909, 31.751347437299163], [35.198958913823915, 31.75135614365208], [35.198957102207864, 31.751364785052772], [35.198954840984435, 31.751373343464532], [35.198952142819884, 31.7513817972436], [35.198949018269325, 31.751390130157244], [35.198945477887996, 31.751398324168935], [35.19894153434174, 31.75140636484968], [35.19893722562549, 31.75141425941583], [35.198932598176576, 31.751422031317297], [35.19892769843301, 31.751429693181834], [35.19892257072154, 31.751437264851948], [35.19891725936905, 31.751444764366365], [35.19891181292401, 31.75145221156775], [35.19890627360266, 31.75145962088744], [35.19890068995343, 31.751467013971734], [35.198947283702125, 31.751561357958877]]]]}}]}