{"type": "FeatureCollection", "features": [{"type": "Feature", "geometry": {"type": "MultiPolygon", "coordinates": [[[[35.21405899480935, 31.752542503444015], [35.21405986051175, 31.752546557717007], [35.21409405906349, 31.75269189614319], [35.2142277823684, 31.753330980085373], [35.2142301997245, 31.75334027922351], [35.214233498370874, 31.75334930344163], [35.21423764785522, 31.753357969430336], [35.21424260987051, 31.753366197187315], [35.214248338608606, 31.753373910755908], [35.21425478118319, 31.75338103892631], [35.21426187811798, 31.75338751589298], [35.214269563895776, 31.753393281862135], [35.214277767563345, 31.75339828360373], [35.21427799110609, 31.75339839197322], [35.214275403900956, 31.75340180351615], [35.21427019161483, 31.753410326146927], [35.21426585569986, 31.753419326313782], [35.21426243942985, 31.753428714192204], [35.21425997690026, 31.753438396088196], [35.21425849268791, 31.753448275373376], [35.21425800160571, 31.75345825344936], [35.21425850855481, 31.753468230731784], [35.214260008475705, 31.753478107644224], [35.214318247933335, 31.753764409883544], [35.214337027626776, 31.753857008961297], [35.214353356803535, 31.753946251708637], [35.21435363876117, 31.753947729774165], [35.214413429358565, 31.754248835583063], [35.214415806255005, 31.75425834106884], [35.21441910198602, 31.75426756831402], [35.21442328491131, 31.75427642873345], [35.21442831487317, 31.754284837263658], [35.214434143582, 31.754292713179474], [35.21444071507992, 31.754299980869035], [35.214447966278, 31.75430657055969], [35.214455827561906, 31.754312418987848], [35.21446422346025, 31.75431747000631], [35.214473073369135, 31.754321675123336], [35.214482292326, 31.75432499396816], [35.214491791825246, 31.754327394678583], [35.21450148066799, 31.75432885420685], [35.21451126583757, 31.754329358540918], [35.21452105339254, 31.75432890283898], [35.21526333275954, 31.754257771800482], [35.21532755847903, 31.75425161655537], [35.21550235909426, 31.754234865029275], [35.21567782836199, 31.754218049553913], [35.21571772593095, 31.754439739617986], [35.21457636278395, 31.754539620193803], [35.214566648631596, 31.754540952818633], [35.214557111684, 31.754543230377767], [35.21454784363001, 31.754546430974603], [35.21453893357327, 31.75455052383839], [35.21453046717566, 31.75455546962008], [35.21452252583367, 31.754561220770604], [35.21451518589588, 31.75456772199803], [35.2145085179289, 31.75457491079914], [35.21450258603902, 31.754582718060334], [35.214497447255795, 31.754591068722103], [35.214493150983834, 31.754599882500646], [35.21448973852776, 31.754609074659726], [35.21448724269516, 31.754618556825328], [35.21448568748111, 31.75462823783531], [35.214485087837545, 31.754638024615808], [35.21448544952949, 31.75464782307609], [35.2144867690796, 31.754657539013127], [35.2145034077371, 31.75474692759643], [35.21450440739671, 31.75475165911668], [35.21454202586771, 31.754910606169076], [35.21454471633565, 31.754919929696825], [35.21454829782152, 31.754928948551875], [35.21455273659961, 31.75493757780657], [35.21455799087136, 31.754945736201986], [35.214564011159005, 31.754953346913133], [35.21457074077141, 31.754960338272397], [35.21457811633798, 31.754966644444387], [35.21458606840538, 31.754972206045906], [35.21459452209155, 31.754976970705147], [35.21460339779083, 31.754980893554837], [35.21461261192363, 31.754983937654767], [35.21462207772339, 31.75498607433962], [35.21463170605375, 31.754987283488923], [35.21464140624779, 31.754987553716507], [35.2148054982399, 31.754984158482106], [35.2148094058388, 31.75498400114302], [35.214978659570164, 31.754973867987484], [35.21508841695199, 31.754968276503075], [35.2157617916693, 31.754942371525132], [35.215895028325704, 31.754941244798502], [35.215897369545615, 31.754941197581104], [35.216074654454516, 31.754935544909703], [35.21608330590222, 31.754934892503954], [35.21628202711271, 31.754911200699354], [35.21628593182958, 31.75491065691092], [35.21643422750233, 31.754887015904497], [35.21694107539342, 31.754809273445964], [35.21708622288262, 31.754787909391773], [35.21722732751349, 31.754767636301708], [35.21733017691227, 31.75475297895238], [35.21733990568657, 31.754751096555147], [35.21734940039463, 31.754748260538975], [35.217358567805555, 31.754744498751403], [35.21736731790228, 31.75473984813036], [35.21737556476544, 31.75473435434143], [35.21738322741705, 31.75472807132949], [35.217390230615656, 31.754721060788988], [35.217396505595104, 31.754713391558145], [35.21740199073983, 31.754705138943038], [35.21740663218984, 31.75469638397813], [35.21741038436959, 31.75468721263058], [35.21741321043552, 31.754677714956117], [35.21741508263776, 31.75466798421475], [35.21741541775961, 31.754664309509177], [35.21741705300534, 31.754666718565066], [35.21742324436591, 31.75467417041223], [35.21743012777854, 31.754680988153964], [35.21743763863348, 31.754687107796926], [35.217445706431604, 31.754692471900324], [35.21745425544617, 31.75469703011509], [35.21746320543358, 31.75470073965646], [35.217472472386596, 31.754703565705586], [35.21748196932285, 31.754705481736323], [35.21749160710126, 31.754706469764244], [35.21750129525878, 31.75470652051542], [35.217510942859484, 31.754705633513485], [35.21752045934814, 31.754703817084106], [35.21752975540013, 31.75470108827683], [35.21782184908099, 31.75459973675132], [35.21782595222467, 31.754604513496837], [35.21783339234615, 31.754611564604893], [35.217841515206224, 31.75461781701856], [35.21785023545514, 31.75462320504151], [35.217868707530734, 31.75463334883021], [35.217881350884525, 31.754639185633177], [35.21790213198873, 31.754647074562577], [35.21791121655069, 31.754650034995244], [35.21792054218385, 31.754652114897578], [35.21793002375131, 31.754653295281436], [35.217939574692586, 31.754653565370695], [35.21794910781387, 31.754652922699613], [35.217958536084026, 31.754651373135353], [35.217967773429145, 31.75464893082442], [35.21799630233294, 31.75463990934122], [35.217999922413654, 31.754638688045173], [35.21815963551618, 31.75458138522931], [35.21832247976153, 31.754525202089457], [35.21832313706938, 31.75452497274725], [35.21947055571589, 31.754120139610052], [35.21947950101189, 31.754116488583445], [35.21948805221734, 31.754111991339702], [35.21949612950817, 31.75410668985984], [35.21950365748423, 31.75410063363227], [35.21951056587313, 31.75409387919087], [35.219516790186226, 31.754086489587202], [35.21952227232061, 31.754078533801977], [35.219526961101465, 31.754070086101105], [35.21953081275982, 31.75406122534246], [35.2195337913411, 31.754052034239724], [35.21953586904074, 31.7540425985903], [35.21953702646376, 31.754033006474376], [35.21953725280583, 31.75402334743275], [35.219536545954064, 31.75401371163094], [35.219534912506816, 31.75400418901754], [35.21953236771204, 31.75399486848454], [35.21952893532496, 31.753985837037543], [35.21952464738634, 31.753977178983586], [35.21913979159094, 31.753286185490985], [35.21913961640044, 31.753285872266844], [35.21907338477588, 31.7531679535178], [35.21886775741102, 31.752793027313793], [35.21886731176876, 31.752792223544013], [35.21882516759945, 31.752717028322515], [35.218843017008226, 31.752697183399572], [35.21884929341432, 31.75268946540014], [35.218854771935696, 31.75268116199167], [35.21885939835648, 31.752672355345346], [35.21886312689323, 31.752663132612437], [35.218865920648064, 31.75265358506183], [35.21886775197377, 31.752643807176838], [35.218868602747385, 31.752633895720187], [35.2188684645496, 31.75262394877643], [35.218866811940806, 31.75259802092773], [35.21886552040383, 31.752587160451487], [35.21886305055829, 31.75257650597473], [35.218859431947976, 31.75256618494419], [35.218854707857986, 31.752556320817984], [35.21873042658778, 31.752329554209883], [35.21872510074449, 31.75232090915713], [35.21871892567895, 31.752312848753338], [35.21871196505704, 31.7523054561025], [35.218704290643835, 31.752298807424], [35.218695981563734, 31.752292971266733], [35.21868712348463, 31.752288007802385], [35.21867780773468, 31.752283968205038], [35.21866813036071, 31.75228089412356], [35.21865819113795, 31.752278817252215], [35.2186480925413, 31.75227775900386], [35.218637938688865, 31.7522777302892], [35.21862783426843, 31.752278731404292], [35.21861788345812, 31.752280752027477], [35.218577883496316, 31.752291013793783], [35.21842125570065, 31.75199410815031], [35.21840449594758, 31.751960295258446], [35.21840424084461, 31.751959784259398], [35.21838213664611, 31.751915821741], [35.21819239409172, 31.751539246077147], [35.21818764310274, 31.751530850913216], [35.218182105339544, 31.751522952568294], [35.218175832331404, 31.751515624537006], [35.218172515375436, 31.751512431838943], [35.21817083266316, 31.751505963648526], [35.21816752239747, 31.751496919262348], [35.21816335741804, 31.751488235269793], [35.21806081848953, 31.751298461251324], [35.21799917690699, 31.751179709532305], [35.217996724636684, 31.75117526492259], [35.217954432492995, 31.7511030113141], [35.21778490476129, 31.750777289457375], [35.217737120481935, 31.75068495809861], [35.217736861354325, 31.750684460818825], [35.217616154971076, 31.75045439509761], [35.21759934614118, 31.750420481924817], [35.21759468971474, 31.75041211880637], [35.21758925501618, 31.750404239205558], [35.217583091840424, 31.75039691531848], [35.21757625665698, 31.75039021424956], [35.21756881209258, 31.750384197396713], [35.217560826357335, 31.750378919888785], [35.21755237261979, 31.75037443008044], [35.21754352833653, 31.750370769109136], [35.21753437454245, 31.750367970518163], [35.21752499510835, 31.750366059949357], [35.217515475972384, 31.75036505490812], [35.217505904352755, 31.75036496460305], [35.21749636794852, 31.750365789861558], [35.216710920894315, 31.75047183516086], [35.21630391016143, 31.750527003305024], [35.21606581624254, 31.750555107126825], [35.21605528364936, 31.75055692553555], [35.21604500530072, 31.750559857715405], [35.21599256590942, 31.750577899418307], [35.21598243368248, 31.750582017928075], [35.21597281183747, 31.750587218336133], [35.21596381547487, 31.750593438433043], [35.215955552212925, 31.750600603811428], [35.21591944224623, 31.750635553599427], [35.215912571687625, 31.750642908270123], [35.215906475205756, 31.75065091630767], [35.21590121455539, 31.750659496594047], [35.21589684302468, 31.750668562214596], [35.2158934048954, 31.750678021338423], [35.21587988728609, 31.750721987511923], [35.21587745253453, 31.750731569564618], [35.215875975857735, 31.750741345206524], [35.21587547168931, 31.750751218886855], [35.215875944957176, 31.75076109409655], [35.21587866056813, 31.750788903820894], [35.21587747315373, 31.750786648162602], [35.21587272069962, 31.750779271621546], [35.215852762406826, 31.750751090752146], [35.21584634817961, 31.750742961570097], [35.21583912769361, 31.75073553927304], [35.21580993567911, 31.75070848653024], [35.215802084669654, 31.750701924577367], [35.215793604207526, 31.750696199253177], [35.21575996021683, 31.750675910736778], [35.21575173825841, 31.75067146282364], [35.21574313688845, 31.750667802090607], [35.215712792194346, 31.75065653172251], [35.215705388218005, 31.750654105584672], [35.21569781782939, 31.75065226324199], [35.21565329174009, 31.75064324873229], [35.21564597643457, 31.75064204806651], [35.2156385922834, 31.750641392624267], [35.21559489024509, 31.750639141863868], [35.215584434874664, 31.750639150685725], [35.2155740375717, 31.75064025111272], [35.2155102196657, 31.75065040246682], [35.21550992391881, 31.750650449964787], [35.21484576956289, 31.75075813603308], [35.214751323297676, 31.750772357642255], [35.214741435676316, 31.750774361141143], [35.21473180023949, 31.750777350693152], [35.21472251505578, 31.750781295870894], [35.21471367462891, 31.750786156520718], [35.21470536893592, 31.75079188317139], [35.21469768251137, 31.75079841753759], [35.21469069358698, 31.750805693113158], [35.214684473295364, 31.750813635847962], [35.21467908494606, 31.750822164901592], [35.214674583381196, 31.750831193466134], [35.21467101441727, 31.750840629649712], [35.21466841437886, 31.750850377411723], [35.214666809728925, 31.750860337540363], [35.21466621679943, 31.750870408662376], [35.21466664162516, 31.750880488274824], [35.21466807988228, 31.750890473788353], [35.21467051693234, 31.750900263571342], [35.214875474679324, 31.75157611603414], [35.214875536071915, 31.751576321087192], [35.214924104803764, 31.75173636319747], [35.21406743724721, 31.75195471986851], [35.21404223812354, 31.751961143250323], [35.214032559281605, 31.75196414015638], [35.21402323338438, 31.75196810109921], [35.21401435617286, 31.751972985415204], [35.21400601878176, 31.751978742961274], [35.21399830680393, 31.75198531462964], [35.21399129941164, 31.751992632954607], [35.213985068543764, 31.752000622805216], [35.2139796781673, 31.75200920215651], [35.213975183620605, 31.75201828293165], [35.21397163104535, 31.752027771906107], [35.213969056912774, 31.752037571664705], [35.213967487649285, 31.75204758160173], [35.21396693936518, 31.752057698953738], [35.213967417689204, 31.75206781985455], [35.21396891771082, 31.752077840401554], [35.213986815194104, 31.75216646188243], [35.21405899480935, 31.752542503444015]], [[35.21647765451055, 31.752121721056657], [35.21647517988199, 31.75213125067527], [35.216473637081144, 31.75214129640077], [35.21647312192726, 31.75215144684173], [35.21647312245854, 31.752155500603102], [35.216466251579575, 31.752137393721537], [35.216466045974265, 31.752136856550667], [35.21645041232865, 31.75209636082955], [35.21645565283176, 31.75210250059269], [35.216461997088956, 31.752109270536927], [35.21646894148079, 31.75211542335468], [35.21647642622873, 31.752120906081434], [35.21647765451055, 31.752121721056657]], [[35.21670219417621, 31.752789939715182], [35.21674809344685, 31.752909641503383], [35.21678633947136, 31.753010495370038], [35.216791784628604, 31.753024853575297], [35.21677463292569, 31.75300758874454], [35.21676682150266, 31.753000513799886], [35.21675830886026, 31.752994300258944], [35.216749189551116, 31.752989017137477], [35.21673154235172, 31.752980000396576], [35.21672450541465, 31.75297674254471], [35.21671098123795, 31.752971107321112], [35.216697635529286, 31.75296662027371], [35.21667157883918, 31.75295985894991], [35.216661068057306, 31.75295772574108], [35.21665208701936, 31.752956888699796], [35.21665308366682, 31.752955654025737], [35.21665829102327, 31.75294778771726], [35.21666273394742, 31.75293946571058], [35.21666637289931, 31.752930762067695], [35.21666917549395, 31.75292175424701], [35.21669966876134, 31.752804511517308], [35.21670174170224, 31.752794441764486], [35.21670219417621, 31.752789939715182]]], [[[35.21867139573286, 31.75090679117718], [35.218680735627274, 31.750903542418186], [35.21868970898533, 31.750899387071296], [35.21869822805831, 31.75089436577084], [35.21870620953983, 31.750888527619136], [35.21871357538055, 31.750881929706345], [35.21872025355132, 31.75087463655218], [35.218726178747616, 31.750866719474974], [35.21873129302809, 31.750858255894297], [35.21873554638118, 31.750849328573867], [35.21873889721417, 31.750840024812213], [35.218741312759924, 31.750830435589027], [35.218742769397274, 31.750820654675458], [35.21874325288205, 31.750810777717167], [35.21874275848634, 31.750800901299012], [35.218741291044765, 31.75079112200058], [35.21873886490714, 31.750781535451733], [35.218704841219235, 31.75067049959363], [35.21870139408702, 31.750660994577704], [35.21869700477125, 31.750651886232337], [35.21869171814304, 31.750643267670366], [35.21868558824656, 31.75063522699767], [35.218678677746546, 31.75062784641247], [35.21867105728769, 31.750621201365057], [35.218662804772464, 31.750615359786448], [35.21865400456471, 31.75061038139396], [35.218644746627234, 31.75060631708073], [35.218635125602134, 31.750603208395443], [35.21862523984326, 31.750601087117577], [35.2186151904108, 31.75059997493254], [35.218605080038145, 31.75059988320999], [35.21859501208166, 31.75060081288758], [35.21858508946409, 31.750602754461404], [35.21842706536469, 31.750642063591606], [35.218417453032934, 31.750644974416915], [35.218408181157784, 31.750648834748134], [35.218399343264494, 31.750653605646168], [35.21839102850074, 31.75065923898705], [35.21838332073739, 31.750665677947374], [35.21837629772253, 31.750672857577452], [35.21837003029718, 31.750680705456485], [35.21836458168075, 31.750689142423056], [35.21836000683334, 31.750698083373624], [35.21835635190137, 31.75070743812098], [35.218353653752054, 31.750717112303953], [35.21835193960159, 31.75072700833922], [35.21835122674058, 31.750737026405652], [35.21835152235965, 31.750747065451186], [35.21835282347687, 31.75075702421214], [35.21835511696792, 31.750766802234676], [35.21835837969839, 31.75077630088804], [35.21836257875716, 31.750785424359492], [35.21842060676596, 31.75089645669789], [35.21842557369432, 31.75090492086615], [35.21843134636768, 31.750912857412242], [35.21843786918799, 31.750920189897283], [35.218445079332305, 31.750926847700264], [35.218452907357914, 31.750932766698202], [35.218461277871135, 31.75093788988374], [35.21847011025344, 31.750942167914186], [35.218479319437925, 31.750945559586746], [35.21848881672861, 31.75094803223537], [35.2184985106547, 31.750949562045353], [35.21850830785154, 31.75095013428271], [35.218518113959874, 31.75094974343608], [35.218527834534584, 31.750948393269805], [35.21853737595436, 31.75094609678768], [35.21867139573286, 31.75090679117718]]], [[[35.21755584030944, 31.74995798192866], [35.21754683649476, 31.749961282005227], [35.21753819017729, 31.749965429339085], [35.21752998086783, 31.74997038579168], [35.217522284058546, 31.749976105783887], [35.21751517052865, 31.749982536715116], [35.2175087056936, 31.749989619447057], [35.21750294900347, 31.749997288847478], [35.217497953396325, 31.750005474389205], [35.217493764811366, 31.75001410079866], [35.21749042176647, 31.750023088748083], [35.21748795500401, 31.75003235558503], [35.217486387208126, 31.75004181609242], [35.21748573279615, 31.750051383272204], [35.21748599778599, 31.750060969145373], [35.21748717974083, 31.75007048556102], [35.21748926779151, 31.75007984500697], [35.217492242736476, 31.750088961414512], [35.217496077218385, 31.75009775094991], [35.21755183275828, 31.75021047579251], [35.217554442472554, 31.75021540158595], [35.21757868932095, 31.75025823670025], [35.217583888366114, 31.75026646063057], [35.217589862003024, 31.750274140393753], [35.21759655368339, 31.750281203290776], [35.21760390006169, 31.750287582462068], [35.21761183159483, 31.750293217520415], [35.21762027320045, 31.750298055122606], [35.21762914496771, 31.750302049474403], [35.217638362913696, 31.75030516276403], [35.21764783977848, 31.75030736552012], [35.21765748585111, 31.750308636890708], [35.21766720981889, 31.7503089648406], [35.21767691963172, 31.75030834626532], [35.217686523373494, 31.7503067870205], [35.217935692515, 31.750253777400896], [35.21794393779033, 31.750251652647137], [35.218192772963526, 31.75017609644954], [35.218202140935716, 31.75017273431875], [35.21821112828773, 31.750168457599177], [35.218219645988306, 31.750163308657218], [35.218227609658705, 31.750157338499747], [35.21823494040856, 31.750150606268832], [35.218241565617376, 31.750143178655854], [35.21824741965397, 31.750135129240846], [35.218252444526605, 31.75012653776359], [35.21825659045747, 31.75011748933369], [35.2182598163758, 31.75010807358744], [35.218262090324735, 31.750098383799898], [35.2182633897779, 31.750088515960826], [35.21826370186254, 31.750078567823834], [35.218263023487054, 31.750068637937975], [35.21826136137163, 31.75005882467151], [35.21825873198165, 31.750049225237426], [35.21825516136459, 31.750039934730427], [35.21817432999409, 31.749857319819625], [35.218169972194474, 31.749848639927436], [35.218164792916376, 31.749840423722453], [35.21815884101641, 31.749832748708922], [35.21815217263941, 31.74982568728597], [35.21814485068881, 31.74981930606467], [35.21813694423326, 31.749813665239678], [35.2181285278551, 31.74980881802144], [35.21811968094683, 31.749804810134215], [35.21811048696217, 31.749801679384788], [35.218101032628844, 31.749799455305816], [35.21809140713047, 31.74979815887724], [35.21808170126529, 31.7497978023284], [35.21807200658965, 31.74979838902265], [35.21806241455434, 31.749799913425647], [35.218053015641935, 31.74980236115756], [35.21755584030944, 31.74995798192866]]], [[[35.205784347035845, 31.74931633477626], [35.2059750583916, 31.748733552390775], [35.20597804823048, 31.74872220053979], [35.205984639080725, 31.748689485584237], [35.2059847375505, 31.74868996880413], [35.205956205835896, 31.748828879084808], [35.20595490032493, 31.748836860649288], [35.20595424407488, 31.74884492160868], [35.205952266074085, 31.74889339581668], [35.20595233045898, 31.748902902965128], [35.20595329741048, 31.748912361031625], [35.20595515818831, 31.74892168452469], [35.205957895972894, 31.74893078916925], [35.2059614860174, 31.74893959266841], [35.20596589587141, 31.74894801544733], [35.20597108567423, 31.748955981372493], [35.20597700851524, 31.748963418439885], [35.205983610857864, 31.748970259425846], [35.20599083302351, 31.748976442494694], [35.205998609731026, 31.748981911757653], [35.206217676209256, 31.749120901051793], [35.20626641591618, 31.749153889154947], [35.206274590718834, 31.74915886885024], [35.20628320418508, 31.749163044130228], [35.206292177394225, 31.749166376739], [35.206292856991695, 31.74916655741694], [35.20606391072353, 31.749550857405026], [35.206059332132845, 31.749559472760925], [35.20605561488358, 31.74956849328795], [35.20605279435943, 31.74957783312164], [35.20605089740835, 31.749587403358134], [35.20604994208702, 31.749597112900403], [35.206049937488935, 31.7496068693254], [35.20605088365786, 31.74961657976382], [35.206052771587416, 31.74962615178408], [35.206055583306814, 31.749635494272184], [35.2060592920519, 31.74964451829899], [35.20606386251992, 31.74965313796673], [35.20606925120557, 31.749661271226643], [35.206075406815124, 31.749668840659975], [35.20608227075465, 31.749675774214914], [35.206082673854745, 31.74967610883756], [35.20590013426643, 31.749884484623514], [35.205894029775806, 31.749892185939906], [35.205888710676625, 31.74990044924819], [35.20588422833813, 31.749909194745406], [35.20588062604853, 31.74991833797184], [35.20587793859699, 31.749927790626714], [35.20587619193757, 31.749937461420934], [35.205875402938666, 31.749947256958727], [35.20587557922003, 31.74995708263961], [35.20587671907922, 31.749966843571993], [35.20587722001262, 31.749969142298312], [35.2058745099805, 31.74996887291015], [35.2058647508651, 31.749968858773663], [35.20585503684492, 31.749969795974305], [35.2058454604368, 31.749971675586128], [35.20583611284696, 31.74997447970761], [35.20582708310234, 31.74997818163215], [35.20581845720272, 31.74998274610242], [35.20581031730162, 31.749988129646162], [35.20580274092389, 31.74999428099022], [35.205795800227364, 31.750001141548857], [35.20574476241036, 31.750056769743058], [35.20567789167641, 31.75012965672498], [35.20567582678485, 31.750131978805925], [35.20558644734484, 31.750235691917528], [35.20557937595007, 31.75024493462941], [35.20536351456128, 31.75056396429521], [35.20535850912234, 31.75057218914163], [35.20535431787194, 31.750580857240475], [35.205350979664004, 31.750589888236288], [35.205348525444585, 31.750599198409464], [35.20534697796489, 31.750608701452354], [35.20534635157047, 31.750618309269356], [35.205346652068144, 31.75062793279359], [35.20534787667222, 31.750637482812568], [35.20535001403032, 31.7506468707952], [35.20535304432859, 31.75065600971253], [35.20535693947541, 31.750664814844487], [35.20536166336177, 31.75067320456529], [35.20536717219608, 31.750681101100113], [35.205373414910035, 31.750688431246083], [35.20538033363212, 31.75069512705091], [35.205387864224036, 31.75070112644279], [35.2053959368753, 31.75070637380586], [35.205517641246196, 31.750777393022858], [35.205527061967686, 31.7507822405673], [35.20587584683589, 31.7509389324038], [35.205884917591675, 31.75094248718039], [35.20602475808913, 31.75098956994971], [35.206067385609, 31.75100818897786], [35.20607987185812, 31.75101535128733], [35.20617140577066, 31.75108746575473], [35.20617701939806, 31.751091580079073], [35.206256507581664, 31.75114568959487], [35.20626463241963, 31.751150670995923], [35.206273194564794, 31.75115485632968], [35.20628211624946, 31.751158207581867], [35.20629131644033, 31.751160694313945], [35.20630071157451, 31.751162293939586], [35.206310216318485, 31.751162991929817], [35.2063197443432, 31.751162781944977], [35.206329209108105, 31.7511616658923], [35.20633852464728, 31.7511596539086], [35.206347606350135, 31.75115676426819], [35.206356371729974, 31.751153023216908], [35.20636474117318, 31.75114846473373], [35.206372638662316, 31.75114313022215], [35.20637999246659, 31.751137068134124], [35.20658117837239, 31.750954441321525], [35.20658808940817, 31.750947521982635], [35.206594291524496, 31.75093996067195], [35.20659972540454, 31.750931829705593], [35.206604339078844, 31.750923206847855], [35.20660808842239, 31.75091417456746], [35.206610937576585, 31.75090481924883], [35.20661285929221, 31.75089523036593], [35.20661383519003, 31.750885499626513], [35.2066138559366, 31.750875720095042], [35.20661292133351, 31.75086598530263], [35.20661104031926, 31.750856388352513], [35.2066082308838, 31.750847021029593], [35.2066045198965, 31.750837972922643], [35.2065999428491, 31.750829330567445], [35.20659454351634, 31.750821176619205], [35.206588373537244, 31.75081358906201], [35.20651666588661, 31.750733724983476], [35.20647570474911, 31.750650218635638], [35.20677813706126, 31.750990447409137], [35.20683149092096, 31.751051602062738], [35.207405632377245, 31.75172747067783], [35.20740713425397, 31.75172919819136], [35.20803596788357, 31.75243600219666], [35.208041116393474, 31.752441372727287], [35.208046649931994, 31.75244634562431], [35.20820177542469, 31.752575654049142], [35.208280923109726, 31.752643011836554], [35.2083215718422, 31.752685517954998], [35.20832788563894, 31.752691567132466], [35.20833470373012, 31.752697041637916], [35.208341973986954, 31.752701899615147], [35.208349640823556, 31.75270610392173], [35.20859668610135, 31.75282784493613], [35.208599375656775, 31.75282912092035], [35.208834052126875, 31.752936206914352], [35.2088364687216, 31.752937271316007], [35.208919978476935, 31.75297274462697], [35.209675040009564, 31.75337534238377], [35.20968409833447, 31.753379604399587], [35.20969353740013, 31.75338293937613], [35.20970326261008, 31.753385313890924], [35.20971317650017, 31.75338670414704], [35.209723179715375, 31.753387096211615], [35.20973317200543, 31.753386486155453], [35.20974305322957, 31.753384880092412], [35.209752724360115, 31.75338229411814], [35.20976208847491, 31.753378754148766], [35.20977105172863, 31.753374295661164], [35.209779524293324, 31.75336896333742], [35.20978742125861, 31.753362810617023], [35.20979466348266, 31.75335589916133], [35.20980117838534, 31.75334829823559], [35.20980690067557, 31.75334008401478], [35.20981177300569, 31.7533313388202], [35.20981574654616, 31.75332215029447], [35.20981878147495, 31.75331261052318], [35.209820847376605, 31.753302815112043], [35.209821923547054, 31.753292862228733], [35.20982199920113, 31.75328285161909], [35.209821073580656, 31.753272883607465], [35.209819155962, 31.75326305809131], [35.20981626556318, 31.75325347354001], [35.20974863961768, 31.753064088983912], [35.20974800845502, 31.753062371225482], [35.20970413545852, 31.752946260534383], [35.20969817754964, 31.75293335203722], [35.20966079015039, 31.752865490555433], [35.20963272813118, 31.75280017762042], [35.20954763065356, 31.752586769342376], [35.20943645400815, 31.752247073974385], [35.20943308890178, 31.75223823106151], [35.209428903117406, 31.752229745764932], [35.2094239341266, 31.75222169404591], [35.20941149315616, 31.752203518819975], [35.20940176886301, 31.75216951713673], [35.20939942610503, 31.75216235744211], [35.20939655102018, 31.752155394423433], [35.20936043195348, 31.752076484396135], [35.20935604663031, 31.75206799960314], [35.20935087184604, 31.752059971877483], [35.209344954806475, 31.752052474450313], [35.20933834948849, 31.75204557571523], [35.209331116147624, 31.752039338604412], [35.20932332076841, 31.752033820014514], [35.209315034462485, 31.752029070287637], [35.2093063328198, 31.75202513275211], [35.20929729521916, 31.75202204332722], [35.20928800410406, 31.75201983019556], [35.20927854423064, 31.75201851354593], [35.20927586311267, 31.752018398865793], [35.2092779009327, 31.752015798596336], [35.20928314401314, 31.75200756575703], [35.20928755950036, 31.75199886098775], [35.20929110532821, 31.751989767218433], [35.20929374771576, 31.751980371084993], [35.20929546148911, 31.751970762103962], [35.209296230321215, 31.75196103181965], [35.209296046887445, 31.75195127293203], [35.20929491293537, 31.751941578413565], [35.209292839268095, 31.751932040623483], [35.20928984564135, 31.751922750427873], [35.209285960575286, 31.75191379633399], [35.209251489688185, 31.75184390465909], [35.209246672078294, 31.751835246421226], [35.209241021285784, 31.751827107441436], [35.209234592787, 31.751819567623706], [35.20922744969337, 31.75181270098978], [35.20922113166053, 31.75180773094815], [35.20922023409552, 31.751802111579018], [35.20921771183557, 31.75179253307036], [35.20921425435858, 31.751783251072933], [35.20920989558573, 31.751774356652064], [35.20910203337963, 31.751579336673363], [35.20909992279979, 31.75157570306326], [35.209041540151084, 31.75147988415646], [35.20903948572043, 31.751476653247373], [35.20899314160693, 31.751406761925473], [35.2089882211396, 31.751399976957373], [35.2089445174257, 31.751344740504273], [35.2089382642048, 31.751337566931422], [35.2089313574028, 31.751331020252483], [35.2089238595697, 31.751325159756085], [35.20891583860809, 31.7513200385166], [35.208907367158126, 31.751315702913463], [35.20889852193973, 31.751312192211167], [35.20889450812826, 31.75131102656685], [35.20917656164116, 31.75122994571714], [35.20918685555449, 31.751226368719404], [35.2092107160822, 31.751216590021503], [35.20921936191121, 31.751212554816114], [35.20922758382132, 31.751207714006682], [35.209235306965816, 31.751202111660664], [35.20924246103841, 31.75119579877803], [35.20924898091326, 31.751188832826998], [35.209254807237826, 31.75118127722088], [35.20925988697319, 31.751173200740805], [35.20926417387689, 31.75116467690959], [35.209267628923826, 31.751155783322435], [35.20927129173652, 31.751144833885334], [35.20927444801649, 31.75113305490727], [35.20927614711062, 31.75112097933248], [35.209281237803296, 31.751056491412097], [35.20930220469903, 31.750853709919582], [35.209315800526774, 31.750811307350713], [35.2093540246355, 31.75071820800616], [35.20940356368642, 31.75062777224587], [35.20944660725551, 31.750560837268], [35.20950387239634, 31.75047940226791], [35.2095452174168, 31.750436065347287], [35.20964949554791, 31.750341766840148], [35.20965588897442, 31.75033543987008], [35.209661688014904, 31.750328564000522], [35.209818253886525, 31.75012501124363], [35.209821414093106, 31.750125810942595], [35.20983079669501, 31.750127712544845], [35.2098403181401, 31.750128708232], [35.209849891165, 31.75012878887865], [35.2098979122856, 31.75012689293515], [35.209907912861944, 31.750125993603525], [35.20991777283782, 31.750124095920615], [35.20992739280462, 31.750121219018915], [35.209936675773534, 31.750117391903448], [35.20994552815337, 31.75011265315931], [35.209953860694135, 31.75010705056268], [35.20996158938689, 31.75010064059911], [35.209968636310705, 31.75009348789407], [35.210639531513806, 31.74934037131657], [35.210820649198595, 31.74913675407044], [35.21081598345561, 31.749145158337697], [35.21081204405365, 31.74915428911673], [35.210809031003215, 31.749163766011826], [35.210806974100365, 31.749173495305953], [35.210805893685816, 31.74918338078611], [35.210805800443794, 31.749193324694776], [35.210806695296355, 31.749203228696615], [35.21080856939432, 31.749212994850947], [35.21081140420472, 31.74922252658025], [35.21081517169411, 31.74923172962525], [35.210819834605786, 31.749240512977018], [35.21082534682821, 31.749248789776974], [35.210831653851, 31.749256478175838], [35.210838693304005, 31.749263502143016], [35.210846395574066, 31.74926979221849], [35.21085468449342, 31.7492752861997], [35.21086347809293, 31.749279929756653], [35.210868476688375, 31.749282259234594], [35.211233370266065, 31.7494749734513], [35.21123524905429, 31.749475940463963], [35.21127796181409, 31.749497356966863], [35.21128904687718, 31.749502101873485], [35.211377109061175, 31.749533661625986], [35.211377945872876, 31.749533957339032], [35.21148779027385, 31.749572226756538], [35.21152580089757, 31.749585606716636], [35.211931388612534, 31.749730912097053], [35.2119317848753, 31.749731053122076], [35.21197960887609, 31.749747959862678], [35.21198139204606, 31.7497485714029], [35.212127174252565, 31.749797036763], [35.212127695495504, 31.749797208463534], [35.21230257491552, 31.74985428333355], [35.212447122143786, 31.749905690806656], [35.21244841630545, 31.749906141104393], [35.21264383758865, 31.749972639608192], [35.21264594792005, 31.749973331666727], [35.21292059420527, 31.750060032944756], [35.21296249299131, 31.75007351456859], [35.21309260808586, 31.750120194384042], [35.21310109801022, 31.750122820686794], [35.21314414403792, 31.750134067340394], [35.21317635704019, 31.75014248320708], [35.21325466471436, 31.75016294228177], [35.21326201494326, 31.750164569756716], [35.21336639704406, 31.750183591354514], [35.21337987894274, 31.750185112630543], [35.21339425679617, 31.750185752488974], [35.21341138848329, 31.7502457969355], [35.21341453276765, 31.750255070031205], [35.213418568881025, 31.75026399116437], [35.21342345812644, 31.750272474802], [35.21342915362735, 31.750280439605667], [35.21343560077712, 31.75028780921136], [35.2134427377625, 31.750294512961638], [35.213450496156355, 31.75030048658307], [35.21345880157365, 31.750305672802465], [35.213467574384694, 31.750310021896], [35.21347673047855, 31.750313492165944], [35.21348618206949, 31.750316050340448], [35.21349583853866, 31.750317671892553], [35.213505607302906, 31.750318341275324], [35.21367892664821, 31.750321710661524], [35.213687417311554, 31.750321515006497], [35.21391103162895, 31.750306843506596], [35.21392280750036, 31.750305365084348], [35.21400146702786, 31.75029070419845], [35.21400669736208, 31.750289583825474], [35.21472036861369, 31.750116625480665], [35.214719403400004, 31.750125440067233], [35.214719292610496, 31.750135208130025], [35.214720135422574, 31.750144940395575], [35.21472192379351, 31.750154543991485], [35.214724640657366, 31.750163927273203], [35.21488795457327, 31.750639637042802], [35.21489167627795, 31.750648933676796], [35.214896309111616, 31.75065781147729], [35.214901806616915, 31.750666181419035], [35.21490811366569, 31.75067395956952], [35.214915167011824, 31.750681067930632], [35.21492289592542, 31.750687435220797], [35.21493122290209, 31.75069299758979], [35.214940064440185, 31.750697699259014], [35.21494933187808, 31.750701493080843], [35.21495893228333, 31.750704341011406], [35.2149687693845, 31.75070621449208], [35.21497874453664, 31.75070709473589], [35.21498875771042, 31.750706972915882], [35.21499870849526, 31.750705850253645], [35.215466710879454, 31.750629153628545], [35.2154748851129, 31.750627460964566], [35.21548288969153, 31.7506250924366], [35.21551257209503, 31.750614944098], [35.21552030261106, 31.75061193750128], [35.21552775736312, 31.750608300583107], [35.21553488506213, 31.750604058365663], [35.21556769964383, 31.750582636683966], [35.21557698953909, 31.750575775756833], [35.215620356512986, 31.75053969815993], [35.2156270484622, 31.750533597720985], [35.215633161131784, 31.750526916941823], [35.215638644399355, 31.750519710603196], [35.215643453303464, 31.750512037795307], [35.21564754841228, 31.750503961433292], [35.21565089614692, 31.75049554774133], [35.21566573226282, 31.750452708800832], [35.21566884759067, 31.750441720184384], [35.21567068956085, 31.750430448001588], [35.21567365505565, 31.750402265084087], [35.215674157208404, 31.750394862457313], [35.215674109108875, 31.750387442974382], [35.21567322433255, 31.750367157902073], [35.215697650884024, 31.750419449194457], [35.21570240569113, 31.750428411952072], [35.215708044206686, 31.750436846782065], [35.215714508388245, 31.750444666856964], [35.21574238249045, 31.750475101627966], [35.21574918483099, 31.750481849257266], [35.2157566017199, 31.75048791490619], [35.215764565068405, 31.750493242890673], [35.215790786712205, 31.750509022822573], [35.21580169181849, 31.75051470314651], [35.21583714941959, 31.75053048223991], [35.215848058727914, 31.750534593206716], [35.21585937234917, 31.75053740657307], [35.215901425336874, 31.750545293915472], [35.215911555552715, 31.750546662331434], [35.215921772540995, 31.750546989418098], [35.215931969540485, 31.75054627175761], [35.21629261871088, 31.75050227364151], [35.21629401545896, 31.75050209325168], [35.21669944969842, 31.75044682617573], [35.2174128456072, 31.75035059547961], [35.217422725932856, 31.750348753061417], [35.21743237141446, 31.750345928167693], [35.21744168461785, 31.750342149334205], [35.217450571465385, 31.750337454732964], [35.217458942186276, 31.750331891786647], [35.21746671222339, 31.750325516689546], [35.21747380308745, 31.750318393839915], [35.21748014314984, 31.750310595189465], [35.21748566836621, 31.750302199516533], [35.21749032292339, 31.750293291630285], [35.217494059803215, 31.750283961514047], [35.21749684125748, 31.7502743034163], [35.217498639189216, 31.750264414898645], [35.21749943543656, 31.750254395850284], [35.21749922195619, 31.750244347478972], [35.217498000904584, 31.75023437128867], [35.21749578461624, 31.75022456805421], [35.217492595479065, 31.750215036803294], [35.21748846570825, 31.750205873816178], [35.217486912421805, 31.75020284386344], [35.21746652378107, 31.750163060162237], [35.21739119982966, 31.75000942382426], [35.21739001706156, 31.750007089160878], [35.21732360827617, 31.749880153152603], [35.217146017889284, 31.74953227845391], [35.21714127366182, 31.7495239884329], [35.21713576015352, 31.74951618885799], [35.21712952766529, 31.749508950886373], [35.21712263305747, 31.749502340551615], [35.21711513923105, 31.749496418161215], [35.21710711455379, 31.74949123774641], [35.217098632236564, 31.749486846569233], [35.21708976966535, 31.74948328469134], [35.2170806076953, 31.7494805846085], [35.21707122991302, 31.74947877095415], [35.21706172187403, 31.749477860274645], [35.217052170322205, 31.74947786087831], [35.217042662398406, 31.74947877275964], [35.21703328484545, 31.749480587599347], [35.21635273361465, 31.749646367528545], [35.216352272927914, 31.74964648090859], [35.215966811473145, 31.749742317521644], [35.21567452013809, 31.749814471426845], [35.215666314555484, 31.74981687350493], [35.215639765746886, 31.74982589431133], [35.21562995423626, 31.749829817728386], [35.215620611506495, 31.749834754563647], [35.2156118418775, 31.74984064969293], [35.21560374327002, 31.749847437291848], [35.21556746762652, 31.74988125969215], [35.21556023409674, 31.74988874472897], [35.21555381782486, 31.749896941141866], [35.215548288331, 31.749905760122928], [35.21554370552708, 31.749915106118728], [35.21554011906766, 31.749924877865663], [35.215537567811936, 31.74993496948711], [35.21553064537554, 31.74996991659551], [35.21552937385643, 31.7499781009692], [35.215528783992475, 31.749986362494127], [35.21552768128338, 31.750023289069293], [35.21552528497315, 31.750019642026686], [35.215501534317944, 31.749986952202786], [35.21549397483724, 31.749977753424325], [35.21548537563502, 31.749969518316856], [35.21545618422872, 31.749944720103155], [35.21544785440444, 31.749938364135335], [35.215438905253265, 31.7499329146406], [35.215429435022834, 31.749928431445845], [35.215419547681414, 31.749924963769512], [35.215384915263414, 31.749914821000413], [35.21537643832171, 31.74991273541151], [35.21536781178784, 31.74991139707858], [35.21535910140308, 31.74991081620082], [35.21531012384508, 31.74990969310402], [35.21530563187784, 31.749909813952424], [35.215306595209036, 31.749903180454154], [35.21530705875819, 31.74989361748115], [35.21530660565418, 31.749884054007552], [35.215305240050384, 31.749874577697256], [35.21530297446467, 31.749865275415175], [35.215299829664595, 31.749856232430986], [35.215294386396394, 31.74984270521689], [35.215277521421974, 31.74980079439376], [35.215221831989204, 31.749629327377708], [35.21522139424131, 31.7496280107203], [35.21516233691421, 31.7494544104972], [35.21516144547545, 31.74945190025814], [35.21509843204695, 31.749281682252242], [35.21509318587478, 31.749269904859517], [35.21500789030977, 31.749107485121417], [35.21494878026176, 31.748980210209876], [35.2149355918116, 31.748951569043516], [35.21489994418853, 31.748793851813257], [35.21489750328557, 31.748784974761403], [35.21489425632575, 31.74877635981458], [35.2148902308303, 31.74876807999313], [35.21488546091936, 31.748760205476863], [35.21487998702271, 31.748752803010223], [35.21487033068533, 31.748740929442707], [35.21487035679545, 31.748739064877853], [35.21486951468475, 31.748729193941294], [35.2148677000137, 31.748719454767407], [35.21486493059229, 31.74870994294087], [35.21486123360089, 31.74870075181506], [35.21482475336687, 31.748621623559416], [35.21481658557357, 31.748600079351405], [35.21481151892546, 31.748588854306632], [35.21472693668582, 31.748428588252928], [35.214726483814765, 31.748427556410167], [35.21471339896051, 31.748392842236964], [35.21470952319463, 31.74838390504966], [35.2147047962444, 31.74837538737277], [35.21469926296615, 31.74836737003469], [35.21469297586786, 31.748359929115846], [35.21468599461088, 31.74835313522675], [35.214678385443754, 31.748347052837932], [35.21467022057359, 31.74834173966814], [35.214602605639186, 31.74830228935124], [35.21459503451125, 31.74829829607099], [35.21458714962032, 31.74829496489093], [35.21439370838132, 31.74822283256043], [35.214384908263526, 31.748220006943654], [35.214375884851506, 31.748218005889168], [35.21420075196111, 31.74818758220347], [35.21418864908132, 31.748186232333495], [35.214076513101524, 31.748180604377893], [35.214071492990215, 31.748180478670484], [35.21393940436561, 31.748180488647783], [35.21393244434927, 31.748180731677966], [35.21323770455207, 31.748229256087566], [35.213229055421905, 31.74823023999052], [35.2132205246281, 31.7482319723515], [35.21321217681317, 31.74823444004345], [35.213179577760876, 31.74824564108514], [35.21314794657799, 31.748256348086652], [35.21310127277194, 31.74827055672161], [35.21309214629021, 31.74827382624761], [35.21308337928511, 31.748277964132406], [35.21307505415112, 31.748282931487136], [35.2130672491299, 31.748288681627372], [35.21306003757497, 31.74829516051188], [35.2130534872623, 31.7483023072505], [35.21304765975336, 31.748310054676423], [35.21304260981649, 31.748318329977423], [35.21303838491227, 31.74832705538018], [35.21303502474738, 31.748336148881204], [35.213032560901475, 31.74834552501753], [35.2130310165304, 31.748355095669908], [35.213030406148526, 31.748364770890987], [35.21303073549238, 31.748374459750654], [35.21303127456761, 31.74837855247918], [35.2129758166317, 31.748384656986904], [35.21297849892446, 31.74838131557283], [35.21299511926536, 31.748358542866427], [35.213000530695425, 31.74835030424231], [35.21300510475098, 31.748341572889693], [35.21300879699116, 31.748332433641085], [35.21301157154274, 31.74832297529206], [35.21301737398503, 31.74829885054076], [35.213018912489275, 31.748291128268047], [35.21301983864077, 31.748283308886066], [35.21302168342387, 31.748259860783865], [35.21302198479305, 31.748250860766255], [35.213021475305084, 31.74824187012877], [35.213020159091464, 31.748232961777514], [35.21301804682552, 31.748224207951324], [35.21301197640062, 31.748203240454025], [35.21298805786003, 31.748120635571766], [35.21298872930579, 31.74812107572316], [35.212997423255544, 31.74812562500016], [35.21300652120221, 31.74812930033008], [35.21301593555013, 31.748132066326598], [35.213025575657326, 31.748133896358503], [35.21303534870818, 31.748134772806125], [35.2130451606071, 31.748134687230966], [35.21314063677575, 31.748129162323625], [35.21359380131188, 31.748102939894647], [35.21359571102508, 31.748102811040145], [35.213820455127376, 31.748085484680896], [35.21383141651103, 31.74808463988854], [35.21386215734113, 31.748082271278907], [35.21389169609038, 31.74808170721009], [35.21411105018801, 31.748077520609616], [35.21411542539234, 31.74807743749358], [35.21412849601349, 31.748077190614925], [35.2142758821089, 31.74809242397655], [35.21428607319092, 31.748092953826347], [35.21429626520846, 31.748092442287632], [35.21430635202299, 31.748090894687508], [35.214416211318586, 31.748068248879306], [35.21444182790326, 31.74806296820394], [35.214451380653266, 31.748060502055147], [35.21446064389878, 31.74805710658682], [35.21446952747422, 31.7480528148494], [35.21447794490959, 31.748047668617346], [35.214485814272166, 31.74804171798249], [35.214493058964, 31.74803502086648], [35.21449960846749, 31.748027642456986], [35.21450539903178, 31.748019654573174], [35.214510374293305, 31.748011134966646], [35.214514485824395, 31.74800216656463], [35.21451769360467, 31.747992836662792], [35.21451996641059, 31.747983236075527], [35.21452128211936, 31.747973458251995], [35.21452162792428, 31.747963598366518], [35.21452100045938, 31.747953752392192], [35.21451940583221, 31.747944016166702], [35.2145168595644, 31.747934484459467], [35.214513386440515, 31.747925250049192], [35.214512527630966, 31.747923269172215], [35.214478944771116, 31.747837631056036], [35.21448019022005, 31.74783943921111], [35.214486581118045, 31.74784699361154], [35.21449368732685, 31.74785387941863], [35.21450143926778, 31.747860029211708], [35.2145097610396, 31.74786538277657], [35.214518571161726, 31.747869887695114], [35.21452778337202, 31.747873499858528], [35.21453730747138, 31.747876183899205], [35.21454705020693, 31.747877913537017], [35.21455691618507, 31.74787867183665], [35.2145668088055, 31.747878451373385], [35.21457663120705, 31.747877254305845], [35.2145862872161, 31.747875092354818], [35.2148072666443, 31.74781399161962], [35.21481383811389, 31.74781192850697], [35.21483878538699, 31.747803141592268], [35.21484750243777, 31.747799602050506], [35.21485584826834, 31.74779525895917], [35.21487359341504, 31.74778493588547], [35.21488181968093, 31.747779593808684], [35.214889483020634, 31.74777347151667], [35.214906230323336, 31.74775868979867], [35.21491424372613, 31.74775077039594], [35.21492131545713, 31.747741999866623], [35.21493391688863, 31.74772443088302], [35.21493893349807, 31.74771670931427], [35.2149432185845, 31.74770855903645], [35.214946188163644, 31.747702218142944], [35.215007552144705, 31.747685619340857], [35.215017074669205, 31.747682524214877], [35.215026239934694, 31.74767849231879], [35.21503495605182, 31.7476735640757], [35.215043135634275, 31.747667788895313], [35.21505069667498, 31.7476612246786], [35.21505756336825, 31.747653937237263], [35.21506366686978, 31.747645999633935], [35.21506894598694, 31.747637491449662], [35.215073347792206, 31.74762849798603], [35.21507385406553, 31.747627132270008], [35.21545260825209, 31.747516169236853], [35.21545342283435, 31.747515926826605], [35.21552107204518, 31.74749548187676], [35.21554749953592, 31.747488406252383], [35.21555209916981, 31.747490154657083], [35.21556173712217, 31.74749275354366], [35.21557158615891, 31.747494378601314], [35.215581548139966, 31.74749501363726], [35.21559152379982, 31.74749465232373], [35.21578306829992, 31.74747811262993], [35.215792969712076, 31.747476756407163], [35.215802686308194, 31.74747441865977], [35.215812121041516, 31.74747112273654], [35.21582117968049, 31.747466901556262], [35.21582977174986, 31.74746179727895], [35.215837811434355, 31.747455860884752], [35.21584521843578, 31.74744915166477], [35.215851918775, 31.747441736628883], [35.21585784553084, 31.747433689836466], [35.21586293950845, 31.747425091656716], [35.215867149830565, 31.747416027965933], [35.21587043444561, 31.747406589289813], [35.215872760547754, 31.747396869899312], [35.21587410490451, 31.747386966869076], [35.21587445408879, 31.7473769791079], [35.21587380461306, 31.747367006370858], [35.21587216296409, 31.747357148262946], [35.21586954553823, 31.747347503244292], [35.21586597847764, 31.747338167646745], [35.215861497409136, 31.747329234711728], [35.2156972631216, 31.747039000601188], [35.2156254349519, 31.746899518395235], [35.21555933915608, 31.74673476883823], [35.2155469506663, 31.746701633827232], [35.215513901139516, 31.7466132301442], [35.215494588068815, 31.746561568985825], [35.21534320923273, 31.74614552204039], [35.21524954823587, 31.745876945362653], [35.21524586297439, 31.745867842242863], [35.21524423223408, 31.74586473205114], [35.215243336169415, 31.74586028638678], [35.21524043633916, 31.74585083753432], [35.21521024961656, 31.74576741935652], [35.21520990837477, 31.745766490748583], [35.21520149663726, 31.745743945314985], [35.21520087769532, 31.745742329241125], [35.21506371890789, 31.74539327709772], [35.215070724246544, 31.745389180567308], [35.215078676604264, 31.745383413755754], [35.21508602478919, 31.745376894531326], [35.21509269789419, 31.745369685802], [35.21509863152641, 31.745361857129215], [35.21510376842859, 31.745353484056615], [35.215108059031635, 31.74534464738109], [35.21511146193289, 31.745335432373118], [35.21511394429569, 31.745325927953946], [35.21511548216618, 31.74531622583752], [35.21511606070454, 31.745306419645484], [35.21511567432807, 31.74529660400378], [35.21511432676517, 31.74528687362953], [35.21511203101929, 31.74527732241706], [35.21510880924349, 31.745268042531848], [35.215069717236894, 31.745171097369948], [35.21506549775955, 31.74516198225676], [35.21506038516727, 31.745153336409334], [35.21505443104064, 31.745145247055], [35.21504769545041, 31.745137795806667], [35.21504024635146, 31.745131057839444], [35.21503215889721, 31.745125101132192], [35.215023514681405, 31.745119985781702], [35.21501440091492, 31.745115763396377], [35.21500490954587, 31.745112476575557], [35.214995136332, 31.745110158479736], [35.21498517987457, 31.745108832496022], [35.214975140623544, 31.74510851200216], [35.2149651198642, 31.7451092002316], [35.214955218695266, 31.745110890240834], [35.214945537008916, 31.74511356497949], [35.21487743631572, 31.745136116768194], [35.21487423895254, 31.745137236030228], [35.214037405515036, 31.745446184587927], [35.21403721995142, 31.745446253304415], [35.21331778726722, 31.745713477777716], [35.21331545390269, 31.745714377838596], [35.21318584643379, 31.745766243024594], [35.213184989713646, 31.745766590462264], [35.212652709822045, 31.745985323858463], [35.21264380817858, 31.745989504705015], [35.21263536025372, 31.745994539712438], [35.21262744775471, 31.74600038018277], [35.21262014721026, 31.74600696962773], [35.21261352923029, 31.746014244315035], [35.21260765782308, 31.74602213388483], [35.212602589776125, 31.746030562030196], [35.21259837410694, 31.746039447235177], [35.21259505158895, 31.746048703563197], [35.21259265435711, 31.74605824148822], [35.212591205597164, 31.74606796876065], [35.21259071932133, 31.746077791299527], [35.21259083387361, 31.746080131074287], [35.212558168736344, 31.7460940609748], [35.212549372869375, 31.74609833161221], [35.21254103612472, 31.74610344084973], [35.212533238206326, 31.746109339840185], [35.2125260536667, 31.74611597218591], [35.212519551194056, 31.746123274477952], [35.2125137929557, 31.7461311769023], [35.212508834003614, 31.74613960390733], [35.212504721748175, 31.746148474926144], [35.21250149550486, 31.746157705146814], [35.212499186118364, 31.746167206323246], [35.21249781566772, 31.74617688761885], [35.2124973972552, 31.746186656475004], [35.21249793488107, 31.74619641949595], [35.212499423405326, 31.746206083341722], [35.21250184859683, 31.746215555620523], [35.2125051872694, 31.746224745772047], [35.21250940750344, 31.74623356593328], [35.21251446895115, 31.746241931778524], [35.212520323222236, 31.7462497633256], [35.21252691434659, 31.746256985700512], [35.212534179309344, 31.746263529853298], [35.21254204865338, 31.746269333218184], [35.212836233702625, 31.746464827913236], [35.212837067676936, 31.746465950691544], [35.21283587434878, 31.746474766688987], [35.21243372576354, 31.746924273365458], [35.21243318063259, 31.746924887751593], [35.21231314320989, 31.747061299483793], [35.21231264348775, 31.747061871741735], [35.21227373855439, 31.747106766901737], [35.211932664424815, 31.74749618181718], [35.21188854944068, 31.74754533533226], [35.21188782546446, 31.74754615089917], [35.211557251864825, 31.747922660898904], [35.211540119155394, 31.747935422977108], [35.21152931833501, 31.74793792264641], [35.211472737995315, 31.747925005988886], [35.211463008223845, 31.747923285492323], [35.21145315615775, 31.747922533591453], [35.21144327798134, 31.747922757626977], [35.21143347013381, 31.74792395541167], [35.211423828367785, 31.747926115251737], [35.21141444681442, 31.747929216060964], [35.2114054170645, 31.747933227566595], [35.21139682727414, 31.74793811060488], [35.21138876130425, 31.747943817503423], [35.211381297901724, 31.74795029254659], [35.21137450993069, 31.747957472519467], [35.21136846366114, 31.747965287325012], [35.211363218121924, 31.747973660668404], [35.21135882452449, 31.747982510801894], [35.21135532576289, 31.747991751322903], [35.21135275599504, 31.748001292017555], [35.21135114030921, 31.74801103974142], [35.211350494479106, 31.748020899328875], [35.211350824809884, 31.748030774522178], [35.21135212807656, 31.748040568911247], [35.21135439155554, 31.748050186874867], [35.2113575931488, 31.74805953451424], [35.211361701599635, 31.74806852056971], [35.21136529806004, 31.748074691591107], [35.21119718977953, 31.74796658723476], [35.21118892100203, 31.747961811891344], [35.211180234459945, 31.747957846973588], [35.21114923150304, 31.747945448241488], [35.21114116250215, 31.747942615114322], [35.211132880942486, 31.747940481770847], [35.211101053085486, 31.747933719608046], [35.2110922534566, 31.747932256781667], [35.21108335847857, 31.7479315839553], [35.21107443893168, 31.747931706482845], [35.21106556579176, 31.747932623389314], [35.211027638678964, 31.747938261911415], [35.21101582132069, 31.747940756138025], [35.21101090610744, 31.747942433475146], [35.21101073339093, 31.74793921597644], [35.211009356150996, 31.747929941676237], [35.211002922323395, 31.747897250110835], [35.210999223062615, 31.74788361896048], [35.210988997469514, 31.74785430950868], [35.21098571841728, 31.74784609759382], [35.210981726765226, 31.747838207445334], [35.21097705372318, 31.747830700754502], [35.210971735828586, 31.747823636214438], [35.21076359081625, 31.747571180191155], [35.210570277978896, 31.747321569771632], [35.21060821440229, 31.74730220330898], [35.21061678123711, 31.747297281991113], [35.21062482063976, 31.747291539340743], [35.210632254137614, 31.747285031411902], [35.21063900917229, 31.747277821728495], [35.21064501980786, 31.747269980664267], [35.21065022737451, 31.74726158475587], [35.210654581041155, 31.74725271595578], [35.21065803831164, 31.747243460832387], [35.21066056543955, 31.747233909724976], [35.21066213775757, 31.747224155861932], [35.210662739918305, 31.74721429445074], [35.21066236604407, 31.747204421748663], [35.21066101978424, 31.747194634123176], [35.21065871427967, 31.747185027111314], [35.21065547203438, 31.74717569448715], [35.21065132469597, 31.747166727346453], [35.21064631274658, 31.747158213217514], [35.21064048510789, 31.747150235206764], [35.21056660252949, 31.747058926914363], [35.2105600349001, 31.747051581952412], [35.21055277632809, 31.74704491896853], [35.210544897281295, 31.747039002648435], [35.21053647425125, 31.747033890429087], [35.2105275890106, 31.74702963194104], [35.21051832781924, 31.747026268526643], [35.21050878058687, 31.747023832838675], [35.210499040000144, 31.74702234852333], [35.21048920062284, 31.747021829990672], [35.21047935797782, 31.747022282274735], [35.21046960761967, 31.747023700984645], [35.21046004420703, 31.747026072347246], [35.21045076058365, 31.747029373340826], [35.21044184687698, 31.747033571918603], [35.20993940452084, 31.74730123651136], [35.209894010023326, 31.747225790253392], [35.20981492408654, 31.747068030522588], [35.20981020145849, 31.747059643521645], [35.209804694374334, 31.747051749408357], [35.20979845385446, 31.747044421317728], [35.20979153771417, 31.747037727140864], [35.20978401002803, 31.74703172889596], [35.209775940536296, 31.747026482153757], [35.20976740399878, 31.7470220355227], [35.209758479502234, 31.747018430198604], [35.20974924972765, 31.74701569958299], [35.20973980018428, 31.747013868973653], [35.20973021841741, 31.74701295533027], [35.20972059319733, 31.747012967117286], [35.20971101369689, 31.747013904225504], [35.20970156866537, 31.747015757973088], [35.20969234560627, 31.747018511185985], [35.20968342996661, 31.747022138357064], [35.20967970977984, 31.747024087778474], [35.209679646769175, 31.74702303192551], [35.20967807408076, 31.74701322340225], [35.2096755359951, 31.747003619309442], [35.209672057558144, 31.74699431442074], [35.20966767309527, 31.74698540055723], [35.209662425872565, 31.746976965681338], [35.20965636766987, 31.746969093028824], [35.20956432736457, 31.74686104609119], [35.20954923474436, 31.746843166821776], [35.209556863697955, 31.74683936530824], [35.209565039180056, 31.74683425400384], [35.20957268441314, 31.746828379112245], [35.209579728324115, 31.74682179524876], [35.20958610543001, 31.74681456361958], [35.209591756446734, 31.746806751452773], [35.20959662884021, 31.746798431373325], [35.20960067731474, 31.746789680727968], [35.209603864234126, 31.74678058086615], [35.20960615997149, 31.746771216383777], [35.209607543184774, 31.746761674336764], [35.20963687833007, 31.746456172966365], [35.20963733582231, 31.746446344674965], [35.20963682527196, 31.746436518996905], [35.20963535162139, 31.74642679104928], [35.20963292913622, 31.74641725500311], [35.209629581267215, 31.746408003171716], [35.20962534042331, 31.746399125117094], [35.2096202476578, 31.746390706782904], [35.20961435227103, 31.746382829662508], [35.20960771133305, 31.746375570010056], [35.209600389131204, 31.746368998102334], [35.20959245654778, 31.746363177558443], [35.209583990373844, 31.746358164723926], [35.20957507256586, 31.746354008125337], [35.209565789452334, 31.746350748000463], [35.20955623089807, 31.74634841590882], [35.209546489434295, 31.74634703442613], [35.20953665936286, 31.746346616925777], [35.209369119264665, 31.746347750903077], [35.209367298016765, 31.74634777981928], [35.20927323560277, 31.74635013029937], [35.209313576247844, 31.746244754936107], [35.20931668447211, 31.746235232626073], [35.209318824473364, 31.74622544713472], [35.20931997477983, 31.74621549664521], [35.20932012384985, 31.746205480996224], [35.20931927018771, 31.746195500680226], [35.209317422358694, 31.746185655835163], [35.20931459890305, 31.74617604523972], [35.209310828150066, 31.746166765322247], [35.209306147933745, 31.7461579091932], [35.20930060521326, 31.74614956571095], [35.20929425560173, 31.7461418185902], [35.20928716280829, 31.746134745562028], [35.20927939799877, 31.74612841759398], [35.20927103908175, 31.746122898178005], [35.20926216992679, 31.746118242693413], [35.20925287952296, 31.74611449785121], [35.20924326108594, 31.74611170122544], [35.209125111173336, 31.74608368170714], [35.209115055600265, 31.746081834141474], [35.20910486393545, 31.7460810229591], [35.20909464271036, 31.74608125663915], [35.20903596776738, 31.746085606529203], [35.20899212395924, 31.746077662849324], [35.208988677669176, 31.746077100404747], [35.2089652343975, 31.74607369347225], [35.20895618769002, 31.746070760861844], [35.208914940598014, 31.74602107983755], [35.20890945449089, 31.74601499716045], [35.2088685443728, 31.74597321427255], [35.20886119029938, 31.745966419767964], [35.20885319364902, 31.74596039471433], [35.20884463458628, 31.745955199511418], [35.20883559891378, 31.74595088623993], [35.20874549018365, 31.745913288213146], [35.208726831392546, 31.74590367300368], [35.20871799247057, 31.74589964869271], [35.20870880485641, 31.745896500778088], [35.20867442907863, 31.74588655958861], [35.208621629955836, 31.7458706661796], [35.20861189677039, 31.74586826120054], [35.20860197168555, 31.745866842922037], [35.20859195446708, 31.745866425600468], [35.2085819458069, 31.745867013430694], [35.20857204631086, 31.74586860050392], [35.20856235548756, 31.745871170867066], [35.20855297074799, 31.74587469868315], [35.208543986426456, 31.745879148490978], [35.208535492832304, 31.745884475561606], [35.20852757534214, 31.745890626347943], [35.20850871730673, 31.7459068557768], [35.20848722114279, 31.74591950059137], [35.20848533061998, 31.745915148651807], [35.20848063231862, 31.745906683162968], [35.20847222047112, 31.745893118767167], [35.208465894712525, 31.74588407401697], [35.20845244967752, 31.745866946586272], [35.208443192123525, 31.745856698008417], [35.208351727121446, 31.745768529017354], [35.20826314598774, 31.74566911170599], [35.208190332251505, 31.745555263445386], [35.20818942536627, 31.745553871103187], [35.208108392029075, 31.745431692290584], [35.20810275916643, 31.74542401895444], [35.20809642223473, 31.745416915960302], [35.20808943865242, 31.745410447667847], [35.2080818716972, 31.74540467268578], [35.20807378993268, 31.745399643340765], [35.20806526658709, 31.745395405203308], [35.208056378889815, 31.74539199667485], [35.20804720737159, 31.745389448639806], [35.20803783513484, 31.74538778418572], [35.20802834710067, 31.745387018394084], [35.20801882923944, 31.745387158203677], [35.20800936779175, 31.745388202347698], [35.20793157562066, 31.745400558967347], [35.20780605053754, 31.745413815433896], [35.20779608197947, 31.745415380127692], [35.2077863218576, 31.745417941462886], [35.20777686954991, 31.745421473359855], [35.207767821300195, 31.745425939856677], [35.2077592692381, 31.745431295475296], [35.20775130044109, 31.745437485684576], [35.207743996047775, 31.745444447455554], [35.2077374304318, 31.745452109903184], [35.20773167044454, 31.745460395008106], [35.207726774734425, 31.745469218411035], [35.20772279314978, 31.74547849027172], [35.207719766231264, 31.74548811618368], [35.20771772479908, 31.745497998135484], [35.20771668963919, 31.74550803550869], [35.207716671291635, 31.745518126102336], [35.207717669943214, 31.745528167173585], [35.20775407135912, 31.74576966575714], [35.207621634397434, 31.745774060721878], [35.207611674466676, 31.745774890968086], [35.207601847155644, 31.74577671126673], [35.20759225062886, 31.74577950343492], [35.207582980745606, 31.745783239581836], [35.207574130102294, 31.745787882387273], [35.20756578710758, 31.745793385474467], [35.207558035099254, 31.74579969387334], [35.20755095151176, 31.74580674456959], [35.207544607102726, 31.745814467134153], [35.207539065246145, 31.745822784426682], [35.20753438129937, 31.745831613366143], [35.20753060205012, 31.74584086576067], [35.20752776524914, 31.74585044918853], [35.2075258992331, 31.74586026792132], [35.20752502264154, 31.74587022388017], [35.20752514423071, 31.745880217615483], [35.20752626278604, 31.7458901493003], [35.20755281724434, 31.7460524808404], [35.20755449383964, 31.74606060090977], [35.207556837356556, 31.746068554174936], [35.207628577130755, 31.74627935873014], [35.207632308488165, 31.746288740951144], [35.207636966938566, 31.746297699072546], [35.20764250498947, 31.7463061417671], [35.207648866180946, 31.7463139829623], [35.207655985661226, 31.74632114271786], [35.207663790847846, 31.746327548040725], [35.20767220216763, 31.746333133629204], [35.20768113386793, 31.74633784253872], [35.207690494890876, 31.74634162676237], [35.20770018980167, 31.746344447720332], [35.20771011976157, 31.746346276653195], [35.20772018353554, 31.746347094915155], [35.20773027852431, 31.746346894164102], [35.20774030181037, 31.746345676446676], [35.20775015120722, 31.746343454177396], [35.20787880102024, 31.74630751450715], [35.207901297977436, 31.74645293729642], [35.20790145927076, 31.746453945799672], [35.20794912697736, 31.746742535019774], [35.207951218795465, 31.74675219940319], [35.20795425484957, 31.74676160994968], [35.207958205454354, 31.74677067464668], [35.207963031982366, 31.746779304863193], [35.20796868724176, 31.74678741621641], [35.20797511593765, 31.746794929396756], [35.207982255212826, 31.74680177094335], [35.20799003526229, 31.74680787396228], [35.20799838001584, 31.74681317878066], [35.20800720788179, 31.746817633530096], [35.208016432544795, 31.746821194653823], [35.20802596380978, 31.746823827332598], [35.20803570848385, 31.746825505825132], [35.20804557128745, 31.7468262137198], [35.20805545578604, 31.74682594409509], [35.208126922173136, 31.74682044956219], [35.2081389669915, 31.746993465826456], [35.2080608262884, 31.747009245872835], [35.20805101221468, 31.747011751081843], [35.2080415019047, 31.747015236210135], [35.20803239292674, 31.747019665503043], [35.20802377873173, 31.74702499351951], [35.20801574769452, 31.747031165598294], [35.20800838220722, 31.747038118418725], [35.20800175783392, 31.747045780650357], [35.20799594253547, 31.74705407368473], [35.207990995972246, 31.747062912441848], [35.20798696889209, 31.747072206243036], [35.207983902609655, 31.747081859741222], [35.2079818285826, 31.747091773899125], [35.20798076808879, 31.7471018470053], [35.20798049446926, 31.74710688780451], [35.20798014339848, 31.747106046421205], [35.207975560818326, 31.747097502069934], [35.207970172319776, 31.747089441669022], [35.20796402855793, 31.747081940991063], [35.20795718728783, 31.747075070546906], [35.2079497128215, 31.747068894922837], [35.2079416754234, 31.74706347217342], [35.20793315064988, 31.747058853275735], [35.207924218638894, 31.74705508165019], [35.20791496335669, 31.74705219275231], [35.20790547180847, 31.74705021373947], [35.207895833220455, 31.74704916321557], [35.207886138201125, 31.74704905105617], [35.20770293097272, 31.74705581981147], [35.20769305821642, 31.747056675925553], [35.20768331867249, 31.747058505005157], [35.207673807987376, 31.747061289087938], [35.207664619560056, 31.74706500083303], [35.207655843624785, 31.74706960378951], [35.207647566364976, 31.747075052754397], [35.20763986906684, 31.747081294216535], [35.20763282732111, 31.74708826688212], [35.207626510280726, 31.74709590227661], [35.207620979981705, 31.747104125417188], [35.20761629073393, 31.747112855549123], [35.20761248858781, 31.747122006938806], [35.20760961088204, 31.747131489715706], [35.2076076858769, 31.747141210754922], [35.207606732476776, 31.747151074591724], [35.20759322017908, 31.747439665494422], [35.20759325002535, 31.747449618567558], [35.2075942691374, 31.7474595193739], [35.207594414704644, 31.747460229657634], [35.20759230084854, 31.747468015543273], [35.20759066811266, 31.747477723608565], [35.20758999783145, 31.74748754517062], [35.20758341405415, 31.74783588313462], [35.20758339708288, 31.747838193676714], [35.207583563123976, 31.747877649408213], [35.20758411527931, 31.747887731073668], [35.20758568124522, 31.747897705671637], [35.20758824505749, 31.74790747151622], [35.207591780579364, 31.747916929049673], [35.207596251768024, 31.747925981857293], [35.207601613041994, 31.747934537650373], [35.20760780974585, 31.747942509207004], [35.20761477870739, 31.747949815261272], [35.20762244888163, 31.747956381331708], [35.2076307420751, 31.747962140480602], [35.207639573742945, 31.747967033996403], [35.20764885385086, 31.747971011992227], [35.20765848779294, 31.74797403391446], [35.20766837735608, 31.747976068956156], [35.20767842172128, 31.747977096371113], [35.207688518491416, 31.747977105685365], [35.20782489433372, 31.747970338236666], [35.207834776431575, 31.74796935412377], [35.20784451218718, 31.74796739468533], [35.20785400558229, 31.74796447924618], [35.20786316298893, 31.74796063655964], [35.20787189409278, 31.74795590452396], [35.20788011278392, 31.747950329808514], [35.207887738006036, 31.747943967393578], [35.2078946945559, 31.747936880028035], [35.20790091382498, 31.74792913761057], [35.20790633447616, 31.747920816500248], [35.20791090304863, 31.74791199876347], [35.20791457448514, 31.74790277136459], [35.20791731257639, 31.747893225308204], [35.20791909031815, 31.747883454741668], [35.20791989017754, 31.74787355602654], [35.207930413972655, 31.74753368137521], [35.20793045125969, 31.747533660529445], [35.20793842635674, 31.747528123287527], [35.20794582689304, 31.74752183876023], [35.207952583108764, 31.747514866187533], [35.207958631317645, 31.74750727129515], [35.20796391450732, 31.747499125674985], [35.20796838287673, 31.747490506110278], [35.20796873926576, 31.7474896167476], [35.207971747710594, 31.74749675848739], [35.20797656514117, 31.747505590656242], [35.207982245632614, 31.747513894080903], [35.20798873168991, 31.747521584718385], [35.20799595766452, 31.74752858472802], [35.208003850418876, 31.747534823259326], [35.208012330066566, 31.747540237169098], [35.208021310780985, 31.74754477166054], [35.208030701663965, 31.74754838083786], [35.208040407665834, 31.747551028170832], [35.20805033054744, 31.747552686864516], [35.20806036987449, 31.747553340130466], [35.208213895403986, 31.747555590215967], [35.20822344084837, 31.747555273988432], [35.208232912590695, 31.74755404858825], [35.20824222423399, 31.74755192519297], [35.20825129084162, 31.747548923171248], [35.208260029712065, 31.747545069906185], [35.20826836113328, 31.747540400545525], [35.20827620910977, 31.747534957681086], [35.20828350205583, 31.747528790960228], [35.20829017344847, 31.747521956633012], [35.20829616243426, 31.7475145170391], [35.208301414384344, 31.747506540039126], [35.2083058813928, 31.747498098395695], [35.20830952271359, 31.7474892691097], [35.20831230513221, 31.747480132717907], [35.2083142032687, 31.74747077255839], [35.20831519980909, 31.747461274010313], [35.208332480382005, 31.747157156741906], [35.208397468832324, 31.74714455494495], [35.208403282803786, 31.747143246691405], [35.208417899995375, 31.747139496654405], [35.208461756744, 31.747434234166125], [35.20846364849101, 31.747443749862484], [35.20846645345282, 31.747453037454918], [35.208470145227125, 31.74746200952193], [35.208474689064275, 31.747470581611985], [35.208479340684256, 31.747477612683486], [35.20847781392215, 31.74748283496233], [35.20847602803801, 31.74749213762092], [35.2084751303744, 31.747501567522246], [35.20847512898598, 31.747511040052906], [35.20847602388519, 31.747520470216976], [35.208509238445046, 31.747752810310097], [35.20839610825195, 31.74775804390452], [35.208368948939686, 31.747758044757614], [35.20833370667236, 31.74775696550246], [35.208324122444765, 31.74775713163665], [35.20831459815629, 31.747758214663946], [35.20830522132087, 31.747760204632957], [35.208296078097575, 31.747763083258846], [35.20828725249894, 31.747766824091354], [35.20827882561899, 31.747771392757837], [35.20827087488812, 31.74777674727909], [35.20826347336165, 31.747782838455084], [35.208256689048504, 31.74778961031704], [35.20825058428637, 31.74779700064169], [35.20824521516886, 31.74780494152302], [35.20824231722713, 31.747810263404876], [35.20823825365998, 31.747803835501486], [35.208232087877654, 31.747795953870618], [35.20822516525162, 31.747788727929468], [35.20821755510295, 31.747782230036425], [35.20820933363738, 31.747776525259425], [35.208200583182176, 31.747771670724376], [35.20819139136176, 31.747767715043132], [35.20818185022023, 31.747764697826682], [35.2081720552997, 31.74776264928852], [35.20816210468354, 31.747761589942098], [35.20815209801422, 31.747761530395376], [35.208100977262816, 31.747763786513577], [35.20809149358754, 31.747764659005885], [35.20808213592087, 31.747766429715945], [35.208072989138095, 31.74776908258318], [35.20806413620176, 31.74777259354573], [35.208055657409204, 31.747776930758693], [35.208047629664186, 31.74778205488297], [35.20804012577944, 31.74778791944206], [35.2080332138162, 31.747794471243633], [35.2080269564669, 31.74780165086197], [35.20802141048655, 31.747809393176965], [35.208016626177915, 31.747817627964793], [35.20801264693533, 31.74782628053482], [35.20800950885105, 31.747835272407077], [35.208007240387914, 31.747844522024078], [35.208005862121205, 31.747853945490558], [35.20800538655197, 31.747863457334415], [35.208004738125865, 31.748143029418316], [35.20800519246575, 31.748152785800425], [35.20800659640312, 31.748162451325577], [35.20800834146337, 31.748169522465616], [35.207965890592014, 31.748169523683444], [35.20782453885392, 31.748169527582064], [35.20768384749969, 31.74816728938739], [35.20768225430551, 31.74816727673573], [35.20755597036368, 31.7481672799446], [35.2075273078057, 31.74816622154828], [35.20752361529326, 31.74816615344113], [35.207494497997374, 31.748166154145167], [35.20747685377218, 31.747844700168784], [35.20747585358456, 31.74783505552922], [35.20747392401929, 31.747825553096614], [35.207471083218024, 31.747816282212312], [35.207467357889826, 31.747807330040654], [35.207462783060016, 31.747798780749466], [35.207457401740896, 31.747790714718715], [35.207451264527336, 31.747783207784767], [35.207444429121075, 31.747776330527408], [35.20743695978822, 31.74777014760623], [35.20742892675503, 31.747764717152712], [35.207420405547644, 31.747760090223686], [35.207411476281976, 31.74775631032128], [35.20740222291049, 31.747753412983922], [35.20739273243288, 31.747751425452226], [35.20738309407808, 31.74775036641285], [35.20736462476948, 31.74774923953915], [35.2073604964974, 31.74774907316986], [35.2072457230932, 31.74774682118726], [35.207236052262715, 31.74774709953703], [35.20722645359125, 31.74774831112566], [35.20721701692471, 31.74775044461239], [35.2072078305926, 31.747753480027253], [35.20719898058124, 31.747757388958036], [35.207190549728885, 31.74776213481618], [35.207182616950384, 31.747767673179307], [35.2071761187195, 31.747773216666584], [35.20717209497276, 31.74776920310626], [35.20716440191168, 31.74776292111118], [35.207156123631016, 31.747757433240903], [35.20714734179323, 31.747752793631438], [35.20713814302821, 31.74774904805097], [35.20712861807869, 31.747746233448407], [35.20711886090511, 31.74774437758885], [35.20710896775872, 31.747743498779737], [35.207099036232094, 31.747743605690225], [35.20708619553056, 31.747744382796775], [35.20705451687912, 31.747742622818674], [35.20707289812694, 31.747480668962723], [35.2070731109, 31.747471119441293], [35.20707241158337, 31.74746159318347], [35.20707080655752, 31.747452177105522], [35.20706831046649, 31.747442957118462], [35.207064946084266, 31.747434017344183], [35.20706074410702, 31.747425439347968], [35.20705574287301, 31.747417301394275], [35.20704998801282, 31.747409677732687], [35.20704353203299, 31.747402637920445], [35.20703643383702, 31.747396246187837], [35.20702875818786, 31.74739056085215], [35.207020575117085, 31.747385633785616], [35.20701195928592, 31.747381509942112], [35.20700298930403, 31.74737822694702], [35.206993747012305, 31.747375814753944], [35.20698431673613, 31.7473742953714], [35.206974784516085, 31.747373682662026], [35.20683758470178, 31.747371430766325], [35.20682746073866, 31.747371777743343], [35.2068174238224, 31.747373147171885], [35.20680757694686, 31.747375524999562], [35.20679802115576, 31.747378886826287], [35.20678885450588, 31.74738319815467], [35.20678017106082, 31.747388414744], [35.20677205992576, 31.74739448306424], [35.206764604333145, 31.747401340845304], [35.206757880788544, 31.747408917716058], [35.20675195828563, 31.747417135926426], [35.20674689759818, 31.74742591114522], [35.206742750656446, 31.747435153325522], [35.206739560014285, 31.747444767628668], [35.206737358412475, 31.74745465539747], [35.20673616844276, 31.747464715168565], [35.20671193678416, 31.747825453801667], [35.206711768937915, 31.747835531819664], [35.20671261645879, 31.74784557554046], [35.20671447073641, 31.74785548292526], [35.20671731293231, 31.747865153320365], [35.20672111417133, 31.747874488479766], [35.206725835834916, 31.747883393563264], [35.20673142995351, 31.7478917781], [35.206737839693865, 31.747899556907598], [35.206744999936475, 31.747906650957557], [35.20675283793714, 31.747912988178143], [35.20676127406597, 31.747918504186607], [35.20677022261645, 31.74792314294327], [35.206779592676114, 31.747926857320866], [35.20678928905021, 31.747929609583313], [35.20679921322878, 31.747931371769106], [35.206809264387516, 31.74793212597538], [35.20685399157421, 31.74793322102417], [35.20688658081889, 31.747934855496204], [35.20689032604626, 31.748164086868407], [35.20689055623817, 31.748167539220734], [35.20686239780038, 31.74816729916626], [35.20673643056222, 31.74816617443073], [35.206735535905864, 31.74816617044482], [35.20664417803246, 31.748166172100717], [35.20663446186015, 31.748166645416987], [35.20662483764721, 31.748168060534688], [35.20661539646569, 31.74817040406284], [35.20660622765563, 31.748173653825088], [35.206597417979665, 31.748177779069582], [35.20659078000018, 31.74818171535494], [35.20654654416843, 31.748187234456907], [35.20654391824148, 31.748187597490624], [35.20637307722928, 31.748213528350323], [35.2063632262401, 31.748215534693585], [35.20635362647891, 31.74821851998856], [35.20634738409716, 31.74822117447373], [35.206241599395554, 31.74818155126391], [35.20623225371168, 31.748178564664634], [35.20622266033796, 31.748176508269076], [35.206212911621705, 31.74817540187242], [35.206203101405606, 31.74817525612502], [35.20619332412436, 31.74817607242986], [35.206183673895616, 31.748177842929064], [35.20617424361401, 31.748180550579523], [35.206165124056916, 31.74818416931697], [35.206156403010645, 31.748188664306863], [35.206148164425365, 31.748193992279717], [35.206140487606994, 31.74820010194762], [35.20613344645381, 31.74820693449795], [35.20612710874506, 31.748214424159492], [35.206121535488535, 31.748222498835577], [35.20611678033328, 31.7482310807981], [35.20608297534718, 31.7482998469843], [35.20607912812269, 31.748308736355362], [35.206076158975876, 31.748317956237216], [35.20607409576388, 31.748327420127033], [35.20607333584824, 31.748333843874583], [35.206068314878415, 31.748338361989717], [35.20606173734214, 31.74834555785662], [35.20605589176038, 31.748353360013873], [35.20595381786098, 31.74850442046987], [35.20594864224354, 31.74851297226794], [35.20594434625399, 31.7485219980499], [35.20594350234689, 31.74852435197373], [35.20593628914143, 31.748520949986695], [35.20591715996803, 31.748513059066894], [35.20590680467335, 31.748509438327655], [35.20589611508868, 31.74850697364509], [35.205885219854494, 31.748505694679647], [35.20587425008609, 31.748505616822637], [35.20584550552772, 31.74850699129719], [35.205753033490026, 31.748476664697908], [35.205746467825584, 31.74847475743648], [35.20567539304598, 31.748456721259178], [35.20552821773248, 31.748419501461633], [35.20551964123262, 31.74841772809521], [35.20547775571022, 31.74841096461791], [35.205468906640306, 31.748409937655037], [35.20546000128802, 31.748409702300794], [35.205451110326834, 31.74841026042297], [35.20543016710443, 31.748412515212266], [35.2054216549599, 31.748413804381215], [35.20541328524519, 31.748415820922048], [35.20540511999544, 31.74841854988845], [35.205384506118136, 31.74842644120475], [35.205375212507874, 31.748430551828356], [35.20536638407083, 31.748435584433796], [35.20535811197688, 31.748441487050147], [35.20535048165062, 31.74844819872202], [35.20534357188923, 31.748455650139046], [35.205337454048724, 31.74846376435162], [35.205332191307065, 31.74847245756555], [35.20532783801176, 31.74848164000739], [35.205324439118606, 31.74849121685152], [35.205316359317706, 31.74851827227612], [35.20531346677364, 31.748530883024983], [35.20529829649434, 31.748624449595486], [35.20529730412075, 31.74863275730592], [35.20529700969923, 31.74864111889512], [35.20529717461213, 31.748665919638917], [35.20529763479173, 31.748674860130944], [35.20530274771313, 31.748727843499843], [35.205304137050916, 31.748737393141628], [35.2053064404035, 31.74874676440006], [35.205312659281255, 31.748767659056277], [35.20531635070119, 31.74885085453389], [35.205317434155766, 31.748902887199222], [35.20529706938719, 31.748960965844184], [35.2052742513221, 31.749019962085235], [35.205260975188, 31.749044367348475], [35.20520944231212, 31.74911440698623], [35.20520376875595, 31.749123014753774], [35.20516336755405, 31.74919178073227], [35.20515918491515, 31.749199690060397], [35.205060571916654, 31.7494082423931], [35.20505687952852, 31.749417135885132], [35.20505405966839, 31.749426343290825], [35.20505213848426, 31.749435779231806], [35.20505113379086, 31.74944535621055], [35.2050510549045, 31.749454985421714], [35.20505190255669, 31.749464577575615], [35.20505366888732, 31.749474043726195], [35.20505633751757, 31.7494832960958], [35.205059883701786, 31.749492248889116], [35.20506427455693, 31.74950081908875], [35.20506946936752, 31.749508927225012], [35.20507541996315, 31.74951649811283], [35.20508207116518, 31.74952346154893], [35.20508936129838, 31.749529752962808], [35.20509722276286, 31.74953531401549], [35.20510558266089, 31.749540093140478], [35.20511436347286, 31.74954404602194], [35.20520380984098, 31.74957923705335], [35.2052948570501, 31.749620225786003], [35.20539638303791, 31.74967114291147], [35.20539783780169, 31.749671857805307], [35.20546061046087, 31.7497020761558], [35.20547460556687, 31.749711946963597], [35.20548456079871, 31.749718128264885], [35.2054951707704, 31.749723102561557], [35.20551304863834, 31.7497302386416], [35.20554955574886, 31.74974930196947], [35.205565399761895, 31.7497607890862], [35.20557536692842, 31.749767151848708], [35.20559960771802, 31.749780679286808], [35.20560828584966, 31.749784984717987], [35.205617339857554, 31.74978843024367], [35.20562668477283, 31.749790983528737], [35.205636232896545, 31.74979262061144], [35.2056458946227, 31.74979332612831], [35.20565557927917, 31.749793093458294], [35.205665195978646, 31.749791924784926], [35.20567465447157, 31.74978983107582], [35.20568386599311, 31.749786831979748], [35.205692744096154, 31.74978295564224], [35.205701205462645, 31.74977823844144], [35.205709170685445, 31.749772724646732], [35.205716565013546, 31.74976646600326], [35.20572331905363, 31.74975952124633], [35.20572936942125, 31.7497519555502], [35.20591769022115, 31.749491545749798], [35.205922943135015, 31.749483493329357], [35.20592739848328, 31.7494749736785], [35.20593101508314, 31.74946606554825], [35.20593375950469, 31.749456851280545], [35.20593560637999, 31.74944741604708], [35.20593653863752, 31.74943784706203], [35.20593654766001, 31.74942823277591], [35.20593563336406, 31.74941866205797], [35.2059338042009, 31.749409223374737], [35.20593107707836, 31.74940000397228], [35.20592747720446, 31.749391089069764], [35.20592303785449, 31.74938256107171], [35.20591780006339, 31.749374498806308], [35.20591181224646, 31.749366976796775], [35.20590488550076, 31.749359085730575], [35.20589817577833, 31.749352147935817], [35.20589082847956, 31.749345889296027], [35.20588291204702, 31.74934036811255], [35.20587450022494, 31.749335635817058], [35.20586567137229, 31.749331736492493], [35.2058565077328, 31.74932870646237], [35.20584709466887, 31.749326573952448], [35.20583751986635, 31.749325358827765], [35.20579731958754, 31.74932221856942], [35.205784347035845, 31.74931633477626]], [[35.20662740462756, 31.749761653232824], [35.20668110998357, 31.749831285506076], [35.206714572709735, 31.749874672760317], [35.206731728983094, 31.749897395711212], [35.206731735440705, 31.749897796463834], [35.2067329366316, 31.74990791995879], [35.20673516227962, 31.749917868551687], [35.20673838925404, 31.749927538848777], [35.206739287904796, 31.749929529381326], [35.206702519151, 31.749888310263355], [35.20669905073945, 31.749884614972615], [35.206672335533554, 31.749857560088213], [35.206666963948074, 31.74985250721958], [35.20659445356256, 31.74978917293616], [35.20662740462756, 31.749761653232824]], [[35.20678151605608, 31.74997755290871], [35.206784996025114, 31.749979614341918], [35.20679040402171, 31.749982455951717], [35.206799758522564, 31.749986771774036], [35.206813069497265, 31.749992099617536], [35.20682198295461, 31.749995188054314], [35.20684610982321, 31.750002292320115], [35.20685752241294, 31.75000493745856], [35.20687832148024, 31.750008489417556], [35.206888956683365, 31.750009724184725], [35.20691183485256, 31.750011145039025], [35.20691949639822, 31.75001132663411], [35.20692714935156, 31.750010920969466], [35.2069489985704, 31.750008920885094], [35.206948434616876, 31.750010721637906], [35.206945828404635, 31.75002088538166], [35.206944288777734, 31.75002853847126], [35.20694318760292, 31.750035151578746], [35.206942097598116, 31.750043394465546], [35.206941260197226, 31.750054240766076], [35.206941089306525, 31.750061789812616], [35.20694088170408, 31.75006850564611], [35.20694103880518, 31.750077992844], [35.20694157941738, 31.750086425985998], [35.206941642273904, 31.750087340785704], [35.2069423644577, 31.750097190722503], [35.206944515485326, 31.75011173931374], [35.20694639119292, 31.750120112004243], [35.20694912680515, 31.750129941889384], [35.206952888618055, 31.750141200444585], [35.20695685165208, 31.750151227219874], [35.20696233380838, 31.750163170239272], [35.20696883846443, 31.750175121724727], [35.206974050328526, 31.750183315779626], [35.20698041265547, 31.750192205258628], [35.20698770728524, 31.75020034715137], [35.20699234167514, 31.75020498289602], [35.207007422113605, 31.750220112900575], [35.20703204760557, 31.750246165615494], [35.2071099738995, 31.750329390119774], [35.20711194349318, 31.75033143466789], [35.207325981873545, 31.750547397460988], [35.20739549239645, 31.750618223299774], [35.207589018899604, 31.750815405767547], [35.20763633552814, 31.750866011626144], [35.207673119550215, 31.750905351319187], [35.207792511345446, 31.751033038984282], [35.20784186115992, 31.751090150343476], [35.207847301834924, 31.751095962041102], [35.20785318756916, 31.75110132253608], [35.20791960855686, 31.75115714487658], [35.207941841632945, 31.75117583034579], [35.207950576381286, 31.751182391831968], [35.20795997475755, 31.751187961343003], [35.207969527892686, 31.751192938603953], [35.207813738924685, 31.751314115326615], [35.20777663449075, 31.75127034465757], [35.20773801236943, 31.751214599059804], [35.20773505845551, 31.751210555648374], [35.20771510261241, 31.751184628118676], [35.20770618823445, 31.75117453301839], [35.20770571615092, 31.751174065965458], [35.20770287874098, 31.75116525884106], [35.207698996958904, 31.75115630952282], [35.207694261685965, 31.751147780998963], [35.20768871798232, 31.75113975442566], [35.207682418601046, 31.751132306182612], [35.20767542348612, 31.751125507146195], [35.20766779920203, 31.751119422015044], [35.20764023925661, 31.751099546215134], [35.20760514626901, 31.751061099211142], [35.20756624210831, 31.751002230661246], [35.20756297774245, 31.75099758360358], [35.20752851031235, 31.750951364884884], [35.20752622502025, 31.750948416818602], [35.20744904414355, 31.7508525976275], [35.207441860259785, 31.75084460008368], [35.20741492441061, 31.750817676777235], [35.20731078383978, 31.75065143633616], [35.20730621845584, 31.750644764164534], [35.207069245726544, 31.750326821072534], [35.207062865651636, 31.750319100328582], [35.20705574525755, 31.7503120565206], [35.207047955972676, 31.75030576030871], [35.207039575935426, 31.75030027485352], [35.20703068921034, 31.750295655182505], [35.207022102893426, 31.75029223372468], [35.20700964753831, 31.75027834580959], [35.20697359354935, 31.750229424053387], [35.206965082830415, 31.750212359708698], [35.20696040087906, 31.750204000579348], [35.206954940447524, 31.750196127879722], [35.20694875166022, 31.750188813877827], [35.20692570697647, 31.750164086118144], [35.206863781069615, 31.75007247693313], [35.20685608914642, 31.750062512674273], [35.20678151605608, 31.74997755290871]], [[35.21394869050797, 31.74646007976675], [35.2139488809398, 31.746462131497925], [35.21395009993992, 31.74647096403276], [35.21395210084301, 31.746479652877316], [35.21395486774197, 31.746488128955598], [35.21398546403317, 31.746569383819295], [35.2139862129127, 31.74657131192085], [35.21400720507798, 31.746623745995667], [35.21396291213749, 31.74654553171255], [35.213957150513025, 31.74653651869246], [35.21393709558392, 31.74650856297266], [35.21393011210234, 31.746499891608256], [35.21392220794941, 31.746492050311023], [35.213913481106275, 31.74648513628292], [35.213890788972776, 31.74646913020942], [35.2138849243115, 31.746465294016982], [35.2138595938241, 31.74644996451878], [35.21385131277405, 31.74644547174157], [35.213842645667654, 31.746441778219705], [35.21383366943488, 31.7464389167372], [35.213811769871775, 31.7464330563592], [35.2138029234515, 31.746431113633953], [35.213776802539705, 31.746426606331454], [35.21376832788327, 31.74642551443951], [35.21375979095065, 31.74642515000707], [35.213740266569445, 31.74642515144267], [35.21373335455013, 31.746425391118176], [35.213713830304634, 31.746426745319077], [35.21370391528705, 31.746427932810725], [35.21369416813814, 31.746430103248088], [35.21367797201484, 31.746434569090216], [35.2134784100266, 31.746488875702045], [35.213477590455476, 31.746489102478254], [35.21340171924054, 31.74651044382762], [35.21348598363858, 31.746417027170406], [35.213507613898564, 31.746393046876502], [35.21368427057358, 31.7462002758159], [35.21372291150313, 31.74615811015297], [35.21382050342202, 31.74638449235939], [35.21382076756297, 31.74638509954471], [35.21382917977067, 31.74640426313421], [35.21383345858438, 31.74641286285944], [35.213838542743126, 31.746421012390147], [35.21384438533867, 31.746428636535885], [35.21385093246515, 31.746435664953605], [35.213858123716484, 31.74644203279665], [35.213865892743655, 31.74644768131306], [35.21387416786689, 31.74645255838763], [35.213882872736974, 31.74645661902276], [35.213891927039725, 31.74645982575359], [35.21390124723694, 31.746462148993697], [35.213910747337216, 31.746463567308055], [35.213920339689274, 31.746464067610788], [35.2139299357907, 31.746463645285935], [35.21393944710449, 31.746462304230004], [35.21394869050797, 31.74646007976675]], [[35.21411042492704, 31.746881567769435], [35.214173707303, 31.74703963401895], [35.21420031736951, 31.747106099989143], [35.214238838969926, 31.747202319625945], [35.21432005350518, 31.747420941481625], [35.21440120052764, 31.747639379013606], [35.21417278943336, 31.74705691832035], [35.21411042492704, 31.746881567769435]], [[35.21283862507159, 31.74766004470554], [35.21282407196364, 31.74762953800999], [35.21282087811925, 31.747623399069987], [35.21278393380105, 31.74755801769359], [35.21277644833099, 31.74754665269935], [35.21276028075454, 31.74752540835446], [35.21276733554771, 31.747528570414147], [35.212786069258506, 31.747536009399248], [35.21279952711787, 31.747540280881644], [35.21282195448548, 31.747545690466442], [35.21283441764172, 31.747547873207804], [35.21284633535887, 31.7475491903219], [35.212843388182804, 31.747556247582956], [35.21284045108616, 31.747565937938976], [35.21283596736186, 31.747583975148576], [35.21283399427672, 31.74759413088219], [35.21283308101839, 31.747604436121126], [35.21283323736165, 31.74761478056635], [35.21283482261445, 31.74763845390225], [35.21283588594995, 31.747647763196206], [35.212837815924615, 31.747656932102032], [35.21283862507159, 31.74766004470554]], [[35.21149907699267, 31.748385326607927], [35.21150275154047, 31.74838085843072], [35.21150824590448, 31.74837264086583], [35.21151290209731, 31.748363920987572], [35.211524608739715, 31.748339119593574], [35.21152811366795, 31.748330724746236], [35.21153084119244, 31.74832204611766], [35.21153276874073, 31.748313155530425], [35.21153754858413, 31.748284972599222], [35.211538711719804, 31.748275243915753], [35.21153891720371, 31.74826544810323], [35.21153816306322, 31.748255679201616], [35.21153645653808, 31.74824603099253], [35.211533814010956, 31.74823659609894], [35.21153026085017, 31.74822746509598], [35.211525831166114, 31.748218725641433], [35.21150719469611, 31.748186034779035], [35.21150212135649, 31.748178040518024], [35.21149631469266, 31.748170561905905], [35.21148378081336, 31.748155907611103], [35.211481204220135, 31.748153175928223], [35.21171208783381, 31.748279146529438], [35.211706528062756, 31.748279509907814], [35.21166216928196, 31.748285148988014], [35.21165210514512, 31.74828695534048], [35.211642278075686, 31.74828977995827], [35.21163279081541, 31.748293593310073], [35.211623742553385, 31.74829835552739], [35.211576252061086, 31.74832654090319], [35.21157201447931, 31.74832920145154], [35.211527822150806, 31.748358513929738], [35.21151843921131, 31.748365564019085], [35.21150994689516, 31.748373664875814], [35.21149907699267, 31.748385326607927]], [[35.2087679883161, 31.75134186119732], [35.20808154921725, 31.7516578152861], [35.20806430254931, 31.751635112168923], [35.20813367563456, 31.75159941517765], [35.2082967597084, 31.75155251470849], [35.20830510661024, 31.751549710895002], [35.20831317451148, 31.751546183699226], [35.20832090085995, 31.751541960468256], [35.208630100073854, 31.751354817840756], [35.20863198341983, 31.75135364923493], [35.20863594149618, 31.751351132093216], [35.2087374445748, 31.751346580435214], [35.208751367102224, 31.751344973023784], [35.2087679883161, 31.75134186119732]], [[35.20854602079309, 31.746352810635006], [35.208599778942286, 31.746394112837578], [35.20854121926058, 31.746433905884704], [35.20854602079309, 31.746352810635006]], [[35.20882600919109, 31.74680953362101], [35.20881723983036, 31.746940981521146], [35.20881487165958, 31.74694016907641], [35.20880540436425, 31.746937920967042], [35.2087957633944, 31.746936603629948], [35.20878604003429, 31.746936229538157], [35.20878505291499, 31.746936287736336], [35.208791731469795, 31.74680770417184], [35.208800970588364, 31.746808063408196], [35.20882600919109, 31.74680953362101]], [[35.209002688459854, 31.74721674591106], [35.20894495764093, 31.74711359269746], [35.208953253124974, 31.747112484393796], [35.2090130989556, 31.74721238713711], [35.209002688459854, 31.74721674591106]], [[35.20929109414828, 31.747261334695594], [35.209411676863255, 31.747210906388702], [35.209551044688574, 31.747153917056444], [35.20939617909135, 31.747371905490535], [35.20937490881034, 31.74740043620411], [35.20929109414828, 31.747261334695594]], [[35.20782583556485, 31.748575793771106], [35.20782049296406, 31.748576227599038], [35.20777547586002, 31.748582204404507], [35.207690813200145, 31.748583248474926], [35.207683910935096, 31.748506347151196], [35.20768373983183, 31.748504611031155], [35.20767643772341, 31.74843660236927], [35.207715618693605, 31.7484336086629], [35.20773822455965, 31.74843254962702], [35.207746322282404, 31.748431839517036], [35.20775433557563, 31.74843047404949], [35.20777746939648, 31.748425556928172], [35.20777744053967, 31.74842945077747], [35.20777840301194, 31.748439598352935], [35.207780393494225, 31.7484495952335], [35.207783391305476, 31.74845933755193], [35.20782583556485, 31.748575793771106]]], [[[35.21208746055335, 31.752062290907975], [35.21208868495462, 31.752065729481387], [35.21210110388804, 31.752098584513107], [35.21211904923425, 31.75226135910775], [35.211727587856295, 31.752311981959767], [35.21168453352501, 31.752317549756576], [35.21167711333033, 31.752318794741356], [35.211669807743526, 31.752320594096094], [35.21164371039577, 31.752328073650876], [35.21160970802434, 31.752336724370206], [35.21160893111293, 31.752336925350757], [35.21158320531323, 31.75234369064836], [35.211257803831955, 31.752429393422272], [35.21125736774757, 31.752429509328955], [35.210975702563466, 31.752505053772655], [35.21096621159141, 31.7525081141076], [35.21095707261272, 31.752512104504678], [35.21094837650922, 31.75251698528171], [35.210940209758625, 31.75252270790219], [35.21093265357454, 31.75252921545799], [35.21092578309882, 31.752536443235233], [35.21091966665438, 31.752544319357867], [35.21091436506568, 31.752552765502422], [35.21090993105398, 31.75256169767689], [35.210906408712944, 31.752571027055968], [35.2109038330702, 31.7525806608644], [35.21090222973903, 31.752590503299547], [35.21090161466363, 31.7526004564841], [35.210901993960576, 31.752610421439407], [35.210903363857966, 31.75262029906977], [35.21090571073297, 31.75262999114788], [35.21090901124729, 31.75263940129165], [35.21091323257921, 31.752648435922648], [35.210923934981246, 31.75266864769263], [35.21093458364041, 31.752693235979336], [35.2109390462905, 31.75270226436364], [35.2109598274329, 31.75273946437224], [35.21096484975561, 31.75274752931032], [35.21097061478683, 31.752755081221775], [35.21097707048738, 31.7527620519378], [35.210984158583635, 31.752768378535873], [35.21099181509349, 31.752774003907717], [35.21099997090398, 31.752778877274817], [35.21100855239508, 31.75278295464677], [35.211017482104296, 31.752786199218388], [35.211026679425856, 31.752788581701907], [35.21103606133834, 31.752790080591378], [35.2110455431541, 31.75279068235678], [35.21105503928366, 31.75279038156616], [35.21106446400835, 31.75278918093467], [35.21107373225407, 31.752787091300036], [35.21120038378607, 31.752752138127835], [35.21120066116062, 31.752752061148463], [35.2112321882541, 31.752743262586954], [35.21147604700128, 31.752679521134425], [35.211517368719406, 31.75266982987593], [35.21165477344255, 31.752998639786295], [35.21165905284201, 31.753007601462507], [35.21166420002554, 31.75301609448329], [35.21167016422908, 31.753024035086312], [35.21167688663075, 31.753031344957456], [35.21168430093092, 31.753037952003186], [35.21169233400613, 31.753043791061582], [35.211700906630256, 31.753048804544992], [35.21170993425588, 31.75305294300798], [35.21171932784813, 31.753056165634998], [35.2117289947628, 31.753058440642924], [35.211738839660036, 31.75305974559451], [35.211748765444646, 31.753060067619682], [35.21175867422367, 31.753059403542473], [35.21176846827188, 31.75305775991234], [35.21177805099556, 31.753055152939567], [35.21186084508188, 31.753028147391603], [35.21187748304358, 31.75308277248611], [35.21187895629506, 31.7530872310354], [35.211891075723805, 31.753121208940907], [35.21194584811884, 31.753299448277094], [35.211945942829416, 31.753299754731284], [35.212251116959216, 31.754281619273186], [35.21225437100675, 31.75429056293489], [35.212258460542756, 31.754299156746928], [35.21226334852507, 31.754307322868343], [35.21226899067938, 31.754314987332112], [35.21227533590021, 31.754322080715127], [35.2122823267139, 31.754328538767005], [35.2122898997991, 31.754334302992063], [35.2122979865604, 31.754339321179156], [35.21230651374961, 31.754343547874594], [35.21231540412922, 31.754346944793852], [35.21232457717203, 31.754349481168344], [35.21233394979055, 31.754351134024123], [35.212343437089544, 31.754351888389966], [35.21235295313505, 31.75435173743298], [35.21236241173271, 31.75435068252051], [35.21284164993192, 31.75427399487451], [35.21285351486266, 31.754271347934523], [35.21286497093883, 31.754267280848175], [35.21289679811983, 31.754253751067175], [35.21290669739896, 31.754248881631064], [35.21291600005447, 31.75424295139198], [35.21295211441907, 31.75421702095478], [35.21295971968896, 31.754210979619664], [35.21296670299711, 31.754204228970256], [35.21297299846447, 31.754196832690734], [35.21297854670096, 31.754188860556017], [35.2129832953657, 31.754180387773516], [35.21298719966081, 31.754171494273653], [35.21299022275399, 31.754162263955795], [35.21299622623544, 31.75414039533693], [35.213048461366704, 31.754371102760956], [35.21306734059488, 31.754474709065978], [35.21306927148641, 31.75448319367591], [35.21307446493305, 31.75450215902761], [35.213082926627486, 31.754539268578945], [35.21308003463655, 31.754542949568265], [35.21307476262958, 31.754551213288796], [35.21307032500316, 31.754559953460777], [35.213066764395386, 31.754569086105892], [35.2130641150177, 31.754578523474823], [35.21306240232615, 31.754588174890376], [35.213061642776815, 31.75459794761872], [35.21306184366768, 31.75460774776042], [35.21306300306853, 31.754617481152643], [35.21306510983947, 31.754627054273904], [35.213068143737985, 31.754636375142656], [35.213072075613425, 31.75464535420107], [35.21307686768711, 31.754653905175534], [35.21308247391528, 31.75466194590561], [35.213088840431546, 31.75466939913344], [35.213095906064424, 31.75467619324608], [35.213103602925095, 31.75468226296356], [35.213111857059715, 31.754687549966132], [35.213118040014855, 31.754690703356356], [35.21323356228917, 31.75519953139808], [35.21323614573762, 31.755208813831814], [35.21323961053991, 31.75521780454519], [35.21324392452959, 31.755226420070418], [35.21324904765655, 31.75523458042287], [35.213254932358794, 31.755242209843644], [35.21326152400407, 31.75524923750289], [35.213268761396996, 31.75525559815738], [35.21327657734722, 31.75526123275621], [35.21328489929321, 31.75526608898901], [35.21329364997584, 31.7552701217716], [35.213302748155726, 31.75527329366451], [35.213312109367386, 31.755275575220594], [35.213321646703406, 31.755276945258395], [35.21333127162127, 31.75527739105878], [35.21334089476538, 31.755276908483044], [35.2133504267966, 31.755275502011308], [35.21366877039862, 31.75521272857538], [35.214163064313375, 31.75513521059855], [35.21416379934101, 31.755135092522437], [35.21424609173301, 31.755121558521935], [35.21424877866107, 31.755121078874822], [35.214260487787975, 31.755118823358124], [35.21426916204845, 31.755116747369453], [35.214277616828134, 31.75511390673146], [35.21428578486713, 31.755110324042132], [35.21429360118661, 31.755106027802675], [35.21432691171971, 31.755085733721874], [35.214335088852465, 31.755080179806086], [35.214357516802366, 31.755063268480388], [35.21436440193582, 31.75505757720029], [35.21437075171313, 31.755051294202612], [35.21437651546581, 31.755044469622998], [35.21438164720155, 31.75503715791868], [35.21438610597129, 31.75502941743393], [35.21440012075219, 31.75500236101093], [35.21440485176264, 31.754991763233065], [35.21441210499944, 31.754972598474364], [35.2144152842665, 31.75496266011516], [35.2144174106204, 31.754952444571032], [35.214418460909656, 31.754942063067517], [35.21441961306156, 31.75491838956252], [35.214419521136605, 31.75490704889332], [35.214418145722256, 31.754895791564], [35.21434845954718, 31.75450913314696], [35.21435486845652, 31.754506182707253], [35.214363363260816, 31.75450120623832], [35.21437132754957, 31.754495418574905], [35.21437868412736, 31.754488875815063], [35.214385361689125, 31.754481641375765], [35.214391295511305, 31.754473785378217], [35.21439642807917, 31.754465383968206], [35.214400709644316, 31.754456518578024], [35.21440409870684, 31.754447275137196], [35.21440656241758, 31.754437743239563], [35.214408076896554, 31.754428015274897], [35.21440862746439, 31.754418185533385], [35.214408208784576, 31.754408349291708], [35.21440682491527, 31.754398601889548], [35.21438619823527, 31.75429150946495], [35.21438397641266, 31.754282331374323], [35.21437803728877, 31.754262040335323], [35.21437745796064, 31.754260131862], [35.21434413428943, 31.7541541677205], [35.214340674467294, 31.754144821433037], [35.2143363015226, 31.75413586594236], [35.21433105888893, 31.754127390197507], [35.214324998637956, 31.7541194783825], [35.21431818096218, 31.754112209080223], [35.21431067357712, 31.754105654491905], [35.2143025510487, 31.754099879719977], [35.21429389405271, 31.75409494212148], [35.21428478857341, 31.754090890738343], [35.21427532504958, 31.754087765810304], [35.21426862875413, 31.754086273785006], [35.213990012478334, 31.752725690895048], [35.2139899510146, 31.75272539305082], [35.213947247990966, 31.75252003857221], [35.21392709490582, 31.752412845817997], [35.213928985142196, 31.75240949315827], [35.21393295244583, 31.7524004867324], [35.21393601524275, 31.75239113395313], [35.21393814386818, 31.75238152540699], [35.213939317705254, 31.752371754157757], [35.213939525384774, 31.75236191484506], [35.21393876489524, 31.75235210276777], [35.21393704360239, 31.75234241296096], [35.21392810782989, 31.75230337679959], [35.21391833495927, 31.752224973596196], [35.21391656889323, 31.752214973630128], [35.2139054048504, 31.75216633004952], [35.21387640134226, 31.75202750743336], [35.21387400985131, 31.752018281594754], [35.21387075092865, 31.752009325325997], [35.21386665417681, 31.75200071998165], [35.21386175680879, 31.75199254372863], [35.21385610330997, 31.75198487083621], [35.2138497450341, 31.751977771001357], [35.21384273973679, 31.75197130871565], [35.21383515105089, 31.75196554267947], [35.21382704790846, 31.751960525268803], [35.21381850391468, 31.751956302059458], [35.213809596679184, 31.751952911413095], [35.21380040711114, 31.75195038412876], [35.21379101868428, 31.75194874316313], [35.21378151667871, 31.751948003421962], [35.21377198740618, 31.751948171624722], [35.213762517426176, 31.751949246243534], [35.21351572807486, 31.7519892413448], [35.21350810980111, 31.75198436128105], [35.21349911472814, 31.751979805144945], [35.21348970656412, 31.751976178002305], [35.21347998096158, 31.75197351673019], [35.21347003680045, 31.75197184838567], [35.21345997518273, 31.751971189930757], [35.213449898404605, 31.75197154805995], [35.21343990891638, 31.751972919132154], [35.21336418523706, 31.751987234023673], [35.21322176154097, 31.75201415683475], [35.21309708073256, 31.752036399385254], [35.213096494889186, 31.752036505697898], [35.21300989058692, 31.752052488189637], [35.21296676519341, 31.752059073011896], [35.21288519460551, 31.75206830639434], [35.21285246327915, 31.751923048025926], [35.21284830063065, 31.75190457644032], [35.212847955880896, 31.751903098977472], [35.21280429295725, 31.751722189421592], [35.212800598178575, 31.751703385395995], [35.21276525946158, 31.75152375634936], [35.21273801362597, 31.751350890015186], [35.212737031200746, 31.75134558996013], [35.21272481712676, 31.75128835148998], [35.21268501427448, 31.751101813863194], [35.21268156116381, 31.751081483040355], [35.212679458175, 31.751071948094463], [35.2126764353189, 31.75106266369378], [35.21267252141472, 31.751053718353702], [35.212667753776756, 31.751045197357087], [35.21266217785859, 31.751037181941207], [35.212655846819786, 31.751029748523237], [35.21264882101904, 31.751022967971714], [35.21264116743876, 31.751016904930896], [35.21263295904646, 31.75101161720445], [35.21262427409911, 31.75100715520438], [35.212615195397056, 31.751003561470384], [35.21260580949459, 31.75100087026432], [35.21259620587482, 31.750999107243544], [35.212586476096476, 31.750998289216298], [35.212576712921106, 31.750998423981468], [35.21256700942861, 31.750999510254236], [35.21240582881757, 31.751025574809105], [35.212403520620406, 31.751014577276617], [35.21239907667098, 31.750993408353388], [35.21240723412602, 31.7509922324619], [35.212416722268365, 31.750989901453114], [35.21242593765029, 31.75098665565842], [35.21243479230317, 31.750982526061662], [35.21244320170189, 31.75097755208334], [35.212451085571615, 31.75097178120427], [35.21245836865416, 31.750965268512374], [35.21246498142635, 31.750958076176794], [35.21247086076368, 31.750950272854446], [35.21247595054292, 31.75094193303464], [35.21248020217782, 31.750933136327994], [35.212483575082935, 31.75092396670651], [35.21248603706104, 31.750914511701964], [35.21248756461047, 31.750904861570366], [35.21248814314947, 31.750895108430374], [35.212487767155416, 31.750885345383942], [35.21248644021747, 31.750875665627603], [35.21248417500238, 31.750866161562804], [35.212480993133546, 31.75085692391387], [35.21247692498458, 31.750848040861964], [35.21247200938941, 31.750839597203324], [35.21246629327155, 31.7508316735398], [35.21245983119615, 31.750824345509457], [35.212452684849204, 31.75081768306453], [35.21244492244861, 31.750811749803688], [35.21243661809306, 31.750806602364914], [35.21242785105462, 31.75080228988486], [35.212418705022095, 31.750798853529794], [35.212409267302085, 31.750796326102627], [35.2123996279856, 31.750794731729783], [35.21228473367199, 31.750781454722382], [35.212185661730985, 31.750770015352668], [35.21211873101705, 31.75076228802211], [35.21211867214762, 31.750762284115375], [35.21211783081271, 31.750762180607282], [35.212117096091035, 31.750762092973766], [35.21191729666684, 31.750739011386663], [35.21190747194388, 31.75073836434041], [35.21189763121228, 31.750738686600474], [35.21188786987187, 31.750739975042737], [35.21187828255285, 31.750742217176544], [35.21186896219838, 31.75074539126579], [35.211859999163565, 31.750749466539627], [35.21185148033951, 31.750754403490784], [35.211843488310976, 31.750760154258554], [35.21183610055577, 31.750766663092783], [35.21182938869363, 31.750773866894324], [35.21182341779194, 31.750781695826753], [35.21181824573491, 31.750790073993382], [35.21181392266245, 31.750798920173043], [35.211810490484105, 31.750808148607458], [35.21180798247272, 31.750817669832635], [35.21180642294192, 31.750827391546153], [35.21180582701041, 31.750837219501975], [35.21180620045537, 31.750847058424114], [35.21180753965648, 31.750856812930273], [35.21183505370478, 31.751003279941674], [35.2118359446763, 31.751008018694897], [35.21183632506241, 31.751009938211386], [35.21185018289421, 31.751076448453485], [35.2118504609462, 31.751077740160778], [35.2118598122588, 31.751119828708077], [35.211861148602615, 31.75112584186772], [35.21190506579094, 31.751323491109254], [35.21190513737427, 31.751323810796], [35.21195175252407, 31.7515304035274], [35.21196287792257, 31.751579707048634], [35.21196299467119, 31.751580218189655], [35.212006802266785, 31.751769723807655], [35.2120216746101, 31.751834059447695], [35.21203923643558, 31.751917203478715], [35.212042323903674, 31.751928501678982], [35.21208745699077, 31.75206229210978], [35.21208746055335, 31.752062290907975]], [[35.212820423666344, 31.75240599309522], [35.21281827633911, 31.752396308793227], [35.212870347514794, 31.75238817995823], [35.213004412895444, 31.752368246195207], [35.21300561029102, 31.75237367056412], [35.21293234575381, 31.752385579816664], [35.21293043115009, 31.752385910160065], [35.212820423666344, 31.75240599309522]]], [[[35.20938218793408, 31.75106484459455], [35.209368372059615, 31.751067930172432], [35.209358949840706, 31.75107052377953], [35.20934982577705, 31.751074024703595], [35.20934108700802, 31.751078399509048], [35.20933281699324, 31.751083606414312], [35.20932509471549, 31.751089595690832], [35.20931799392638, 31.751096310138017], [35.20931158244201, 31.751103685629534], [35.20930592149527, 31.75111165172575], [35.20930106515104, 31.751120132346454], [35.20929705978982, 31.751129046497475], [35.20929394366482, 31.751138309044205], [35.20929174653661, 31.751147831524687], [35.20929048938884, 31.75115752299446], [35.209290184227925, 31.751167290895143], [35.20929083396829, 31.75117704193839], [35.20929243240459, 31.751186682996853], [35.20929496427097, 31.751196121993598], [35.20929840538682, 31.751205268781483], [35.20938433414942, 31.751403671253783], [35.20938881138524, 31.75141272530773], [35.20939417912648, 31.751421281526955], [35.20940038261063, 31.75142925261959], [35.209407358548795, 31.751436557263332], [35.20941503577138, 31.751443120935086], [35.20942333595418, 31.751448876671258], [35.20943217441746, 31.751453765750956], [35.209441460989865, 31.75145773829503], [35.209451100928355, 31.751460753774982], [35.209460995884804, 31.751462781426422], [35.20947104490934, 31.751463800562938], [35.20948114548029, 31.751463800787143], [35.20949119455006, 31.75146278209675], [35.209501089596515, 31.75146075488459], [35.21028736977371, 31.75125780590919], [35.21029701125508, 31.751254790337025], [35.21030629929352, 31.75125081740606], [35.210315139102896, 31.751245927660786], [35.21032344047131, 31.751240171001953], [35.21033111868179, 31.751233606177323], [35.21033809537678, 31.75122630018214], [35.21034429935782, 31.75121832757543], [35.210349667312144, 31.7512097697191], [35.2103541444588, 31.75120071394766], [35.21035768510767, 31.751191252676914], [35.21036025312579, 31.751181482460876], [35.21036182230606, 31.75117150300639], [35.21036237663471, 31.75116141615563], [35.210361910454715, 31.751151324846756], [35.210343800866696, 31.750964623678403], [35.21033782367188, 31.750896906182906], [35.21034240786697, 31.750894870201563], [35.21034872695013, 31.75089207526782], [35.21035504973703, 31.750889291126168], [35.21036138585324, 31.750886513094297], [35.21036772447035, 31.75088374504837], [35.21037406400706, 31.750880988996858], [35.2103804115098, 31.75087824142274], [35.210387267054045, 31.750875286811265], [35.21038887776924, 31.750874595098065], [35.2103936145875, 31.750872562621147], [35.2103999851814, 31.750869840446427], [35.210406358402665, 31.750867128615837], [35.21041273955367, 31.750864425315086], [35.2104191232778, 31.750861731931476], [35.210425507886576, 31.750859050480454], [35.210431900388606, 31.750856377580114], [35.210438303538105, 31.750853712094113], [35.210444711930435, 31.750851055400076], [35.21045112011646, 31.750848410629615], [35.210457528710904, 31.750845777510577], [35.210465024278825, 31.750842712499043], [35.210467030796956, 31.750841899541417], [35.210469116124074, 31.750841057995906], [35.210471178695975, 31.75084022937623], [35.21047326055935, 31.750839397570076], [35.21047535862725, 31.75083856223566], [35.21047744263, 31.75083773626864], [35.21047952974815, 31.750836912771646], [35.2104816166082, 31.750836093138247], [35.21048368953772, 31.750835282709552], [35.21048578187356, 31.750834469226806], [35.21048789009719, 31.750833652502948], [35.210489991941714, 31.750832842021428], [35.210492088496785, 31.750832036872605], [35.21049417077958, 31.750831241306784], [35.210496278844474, 31.75083044003549], [35.21049838796531, 31.750829641280298], [35.21050048267748, 31.750828852088116], [35.21050257841712, 31.750828066240796], [35.21050468548418, 31.750827280263344], [35.21050680182506, 31.750826494107073], [35.21050891922355, 31.750825711314533], [35.21051103158727, 31.75082493364646], [35.21051313660209, 31.750824162770346], [35.21051524967557, 31.750823392677862], [35.21051737326404, 31.75082262250337], [35.210519491935564, 31.75082185736198], [35.21052160308648, 31.750821099009688], [35.21052373189145, 31.750820338061096], [35.210525862760555, 31.75081957962536], [35.21052797804221, 31.750818830450555], [35.21053010517371, 31.750818081157583], [35.21053224808397, 31.75081732955762], [35.210534367509446, 31.75081658955783], [35.21053648318594, 31.750815855246838], [35.21053863018364, 31.750815113810763], [35.21054077146805, 31.750814377232725], [35.21054289138784, 31.750813652031646], [35.21054502671889, 31.750812925608393], [35.21054717218675, 31.750812199126905], [35.21054931412569, 31.750811477379987], [35.21055145354305, 31.750810760189744], [35.21055360420923, 31.750810042951922], [35.21055575695677, 31.750809328224747], [35.21055789392315, 31.750808622428178], [35.210560032933344, 31.750807919971365], [35.21056217941893, 31.75080721875865], [35.210564337381484, 31.750806517512004], [35.21056649742019, 31.750805818778947], [35.210568641620064, 31.750805128852992], [35.210570804803254, 31.750804436848917], [35.21057296907927, 31.75080374735671], [35.210575118468206, 31.750803066599737], [35.210577275144, 31.75080238722299], [35.21057942659924, 31.75080171316637], [35.210581597112935, 31.750801037152872], [35.21058377487212, 31.75080036174417], [35.21058593048353, 31.750799696875646], [35.21058808814746, 31.750799035347452], [35.21059026394545, 31.75079837195665], [35.21059244183755, 31.750797711077215], [35.21059460973748, 31.75079705690541], [35.21059677264895, 31.750796407902605], [35.21059894356723, 31.750795760465834], [35.210601131607, 31.750795111325374], [35.210603309881954, 31.750794468207665], [35.21060547904208, 31.750793831729652], [35.21060765510952, 31.75079319689084], [35.210609849344394, 31.750792560445348], [35.2106120216419, 31.750791933174018], [35.2106141959983, 31.75079131008644], [35.21061639437552, 31.750790682953], [35.21061857654299, 31.750790064102024], [35.21062077128592, 31.750789445360752], [35.210622950883256, 31.750788833970823], [35.21062513716811, 31.75078822520301], [35.2106273417249, 31.75078761417715], [35.21062952447555, 31.7507870128366], [35.21063170931087, 31.75078641483312], [35.21063391802733, 31.75078581396949], [35.21063612777289, 31.75078521564953], [35.21063830387473, 31.75078463005493], [35.21064049290911, 31.750784045456378], [35.21064271875421, 31.75078345412875], [35.2106449163361, 31.750782873105123], [35.21064709753902, 31.750782300859626], [35.21064931452379, 31.750781722892025], [35.2106515272864, 31.750781148831287], [35.210653724752994, 31.750780582619914], [35.210655104833116, 31.75078022929559], [35.21066948670747, 31.7507776299029], [35.2107208523334, 31.750768358481267], [35.21072448525396, 31.750767633013368], [35.210823450395964, 31.75074595672897], [35.210825460597036, 31.7507454946593], [35.210830995136924, 31.75074416223639], [35.210836461044984, 31.7507428547433], [35.21084191753423, 31.750741557889487], [35.2108473802426, 31.750740269309475], [35.21085285885709, 31.75073898514004], [35.21085833422744, 31.750737709725293], [35.21086379783633, 31.75073644605649], [35.210869275415845, 31.75073518865437], [35.21087475814831, 31.750733937807997], [35.210880242994044, 31.750732695736858], [35.21088573098644, 31.750731460682367], [35.21089121558588, 31.750730235633288], [35.21089670033674, 31.750729018908007], [35.210902195678315, 31.750727809306255], [35.21090769503306, 31.750726606307143], [35.21091318712829, 31.750725414122147], [35.21091868236952, 31.75072422982216], [35.21092418719311, 31.750723052689146], [35.210929697008645, 31.750721882182145], [35.210935200410674, 31.75072072203587], [35.21094069513615, 31.750719572252105], [35.2109486691913, 31.750717918688743], [35.210954172350995, 31.75071678749963], [35.210959685472034, 31.750715662795898], [35.21096521173079, 31.750714544627154], [35.2109707372716, 31.7507134338457], [35.210976254952556, 31.75071233403831], [35.210981779276686, 31.750711241423733], [35.210987304664684, 31.75071015758259], [35.210992840678195, 31.750709080175955], [35.2109983777636, 31.750708010674252], [35.21100391045095, 31.750706950520225], [35.21100942587147, 31.750705902622773], [35.21101819989602, 31.750704252452007], [35.2110237114539, 31.750703227419955], [35.21102926112279, 31.750702204475637], [35.211034811298035, 31.750701188849714], [35.21104035114693, 31.750700184446117], [35.211045908722085, 31.750699185810937], [35.21105146680925, 31.750698194488226], [35.21105699086441, 31.75069721833621], [35.21106647424558, 31.75069556232169], [35.211075834576086, 31.750693460667712], [35.2110849504464, 31.750690471747326], [35.21109373796067, 31.750686623068386], [35.211102116245, 31.750681950051337], [35.211110008191746, 31.750676495703235], [35.211117341169164, 31.75067031022194], [35.21112404768985, 31.750663450534123], [35.21113006603186, 31.750655979771373], [35.211135340806756, 31.75064796668916], [35.211139823469324, 31.750639485034082], [35.21114347276441, 31.750630612865123], [35.21114625510654, 31.75062143183528], [35.21114814488907, 31.75061202644009], [35.2111491247198, 31.75060248323998], [35.21114918558109, 31.750592890063626], [35.21114513754674, 31.750495733825954], [35.21118510253772, 31.750490249238037], [35.211203219838325, 31.75059640504498], [35.21120529375413, 31.750605803694434], [35.21120826161207, 31.750614959433488], [35.21121209591917, 31.750623787447275], [35.21121676115605, 31.750632205956833], [35.21122221410594, 31.750640136976685], [35.21122840425503, 31.75064750703724], [35.211235274260424, 31.750654247865395], [35.21124276048132, 31.750660297016996], [35.21125079356855, 31.750665598455274], [35.21125929910703, 31.75067010306997], [35.21126819830506, 31.750673769132252], [35.211277408724285, 31.750676562681278], [35.21128684504328, 31.750678457838802], [35.21129641984803, 31.750679437048895], [35.21130604444161, 31.750679491240568], [35.21136871073821, 31.750676825574768], [35.211369828257524, 31.750676771773943], [35.211372671048636, 31.750676618969045], [35.2113754155467, 31.750676474907255], [35.211379158654275, 31.750676285894635], [35.21138193279261, 31.750676148884217], [35.21138468396255, 31.750676017276337], [35.21138743618227, 31.750675889933984], [35.211390204698006, 31.750675766131053], [35.21139297318626, 31.750675645763994], [35.21139572545312, 31.750675530370426], [35.21139849494747, 31.750675418589875], [35.21140124794451, 31.750675310850465], [35.21140400061269, 31.750675208283628], [35.21140678662035, 31.750675107965954], [35.21140954065022, 31.750675012179304], [35.211412295667024, 31.7506749215163], [35.21141506512947, 31.75067483377945], [35.21141781958053, 31.750674750818213], [35.21142057409873, 31.750674672123555], [35.21142334561795, 31.750674597265203], [35.21142611655904, 31.7506745258305], [35.21142887109772, 31.750674459087374], [35.21143164219342, 31.750674396259964], [35.211434398223204, 31.750674337189583], [35.21143715424257, 31.750674283242642], [35.21143992573308, 31.750674232427578], [35.211442697211204, 31.750674185905968], [35.21144545319836, 31.750674143059786], [35.21144820894913, 31.75067410533999], [35.211450981457496, 31.750674070839203], [35.211453753128325, 31.75067404062995], [35.21145652442306, 31.750674013859165], [35.211459265825255, 31.75067399163183], [35.21146203845674, 31.750673974303506], [35.211464809936345, 31.750673959552167], [35.21146755143747, 31.750673950059948], [35.211470322914025, 31.750673944753775], [35.211473095411215, 31.750673942882084], [35.211475867902664, 31.750673945303717], [35.21147862389089, 31.7506739511273], [35.21148138088758, 31.750673962074057], [35.21148415237124, 31.750673976516822], [35.21148692485856, 31.750673995252896], [35.21148968086738, 31.75067401729987], [35.21149243788015, 31.75067404446997], [35.21149520915417, 31.750674075224946], [35.211497965386194, 31.750674110082667], [35.21150073791208, 31.750674149426924], [35.21150350913308, 31.750674192201284], [35.211506265135846, 31.750674239010074], [35.21150902115414, 31.750674290088476], [35.211511777188484, 31.750674345436458], [35.211514548297565, 31.7506744053798], [35.21151731878396, 31.750674468766203], [35.21152007480691, 31.75067453606799], [35.211522844828714, 31.750674608028756], [35.211525615308396, 31.7506746834361], [35.21152837032938, 31.750674762691933], [35.21153112537387, 31.75067484621783], [35.211533879832594, 31.75067493399434], [35.211536649335294, 31.75067502657572], [35.21153941986618, 31.750675122592423], [35.21154217326008, 31.75067522231821], [35.21154494207404, 31.750675326894772], [35.21154769509346, 31.75067543432794], [35.21155044914143, 31.75067554688546], [35.21155323235597, 31.75067566412927], [35.21155598540508, 31.750675783517792], [35.21155873848388, 31.750675908030875], [35.211561506187024, 31.75067603663899], [35.21156425737986, 31.750676168794378], [35.21156700852159, 31.75067630521528], [35.211569775024635, 31.750676446741082], [35.211572542564035, 31.750676591703154], [35.211575292676315, 31.750676740072542], [35.21157805820001, 31.750676893565316], [35.2115808237276, 31.750677050548735], [35.211583573764116, 31.75067721086381], [35.21158632176647, 31.750677375444592], [35.211589071863955, 31.750677544360254], [35.211591835274476, 31.750677718447076], [35.21159459864588, 31.750677895964667], [35.211597346762154, 31.75067807683602], [35.21160011011272, 31.750678262935306], [35.211602871419935, 31.75067845246562], [35.21160561826298, 31.750678645201873], [35.21160836307804, 31.750678842203623], [35.211611125634974, 31.75067904469988], [35.21161388585423, 31.750679250531547], [35.21161663062688, 31.750679459478718], [35.21161937437627, 31.750679672691344], [35.2116221335039, 31.75067989139023], [35.2116248915985, 31.750680113519746], [35.21162763577226, 31.75068033879765], [35.211630378467234, 31.750680568221295], [35.2116331339706, 31.750680803089125], [35.21163588995842, 31.750681041516643], [35.211638632140264, 31.750681283019293], [35.21164138813065, 31.750681530029105], [35.21164414309409, 31.750681780469634], [35.21164688265553, 31.750682033777053], [35.21164961948245, 31.750682291188227], [35.21165235695605, 31.75068255302102], [35.21165511155785, 31.75068282078565], [35.21165787978867, 31.7506830933269], [35.211660614437946, 31.750683366071453], [35.21166334985272, 31.75068364411204], [35.21166610061006, 31.75068392714472], [35.211668835000324, 31.750684212862822], [35.21167156938439, 31.750684502846912], [35.2116743161422, 31.750684798537346], [35.21167706379011, 31.750685097864096], [35.21167981142739, 31.75068540148021], [35.21168251830643, 31.750685704084553], [35.21168772333834, 31.75068629830732], [35.21171162344132, 31.75068906543898], [35.211839924562405, 31.750703887138194], [35.21211383917952, 31.75073553447876], [35.21215566867626, 31.75074036492893], [35.212157220523984, 31.75074054455845], [35.21221282094226, 31.75074696423955], [35.21239169601584, 31.750767631295112], [35.21244242474932, 31.750773498434608], [35.21244709180447, 31.750774037462943], [35.212500288736685, 31.750780179263806], [35.212568001109716, 31.75078800247603], [35.212675525732784, 31.75080042480559], [35.21267964113212, 31.750800900255356], [35.21269616512817, 31.75080281062037], [35.21269672657648, 31.750802873923497], [35.21320827176649, 31.750859087448518], [35.21326173940157, 31.750864963702146], [35.213270921487656, 31.750865547037545], [35.21328011832364, 31.750865283991605], [35.21328925205738, 31.750864176791037], [35.21329824537093, 31.7508622348084], [35.21341923034863, 31.7508302198295], [35.213429259206485, 31.75082699190897], [35.21343889279899, 31.750822726776345], [35.21344802419571, 31.750817471773512], [35.21351414839162, 31.750774629442216], [35.21352240037298, 31.75076866531073], [35.213530003122045, 31.75076189299447], [35.2135368778241, 31.750754382699366], [35.21354295321181, 31.75074621228169], [35.213567026960405, 31.75071013676449], [35.213571677507886, 31.750702439167814], [35.213575617675815, 31.75069435488286], [35.21357881559589, 31.750685949295804], [35.21358124540313, 31.75067729039153], [35.21358288744513, 31.750668448203758], [35.213589808246226, 31.750618846234357], [35.213590712309006, 31.750608353741054], [35.21359050788808, 31.750597824355637], [35.21358919725068, 31.750587374859247], [35.21357581325056, 31.750512746498902], [35.2135757862963, 31.750512348686183], [35.21357464712058, 31.75050262500929], [35.21357256258004, 31.750493059325603], [35.21356955265449, 31.75048374331992], [35.213565646193366, 31.75047476628393], [35.21356088063916, 31.750466214260385], [35.213555301668556, 31.750458169218387], [35.21354896275468, 31.750450708267746], [35.21354192465449, 31.750443902919887], [35.21347224430349, 31.750382835832287], [35.21346826383742, 31.750379525585732], [35.213344559678525, 31.750281954656433], [35.213338593353186, 31.75027759639723], [35.21333232151869, 31.750273690561418], [35.21320103130099, 31.750198512845518], [35.21318839684209, 31.75019241242081], [35.21304461238919, 31.750135046855007], [35.213038507267896, 31.750132838011897], [35.2129248780157, 31.7500958519704], [35.212924693702966, 31.750095792174488], [35.212920706232666, 31.750094502802487], [35.21272266319925, 31.75003046354766], [35.212585478810105, 31.749985692749807], [35.21257455644525, 31.74998279965678], [35.21256337743293, 31.749981157181583], [35.212552084493396, 31.749980786293374], [35.21250248021799, 31.749981961864474], [35.2124928718105, 31.749982653704976], [35.212483374555674, 31.749984266866075], [35.21247407658819, 31.74998678637761], [35.21246809335663, 31.749989045247887], [35.212465854927856, 31.74998516745801], [35.21246038334931, 31.74997747052804], [35.212454210115006, 31.74997032405472], [35.21244739027839, 31.749963791770945], [35.21241374651649, 31.749934483913943], [35.212406231425085, 31.74992854567604], [35.21239818268963, 31.74992335365081], [35.212389674148646, 31.74991895546953], [35.21238078385886, 31.749915391480783], [35.21219578206044, 31.749851328236172], [35.21213347334309, 31.74982897350168], [35.21213146145901, 31.74982827577792], [35.21193365023167, 31.74976202550258], [35.211608192492875, 31.749647319633226], [35.21160658037268, 31.74964676684803], [35.21150515937499, 31.74961295334203], [35.211496876444016, 31.749610583042664], [35.21148842023177, 31.74960893448604], [35.2114798535047, 31.749608019908617], [35.21147123984957, 31.749607846098865], [35.21142193338097, 31.749608976140465], [35.2114124481111, 31.749609645743075], [35.21140306932319, 31.74961121324097], [35.21139388181905, 31.74961366446104], [35.21138496867089, 31.74961697723966], [35.211376410470265, 31.749621121623118], [35.21136828459932, 31.749626060138432], [35.21132986230962, 31.749651990304034], [35.211322384633306, 31.749657561286693], [35.211315458383595, 31.74966380456755], [35.21130914378527, 31.749670665860354], [35.21130349574471, 31.74967808550513], [35.21129856337246, 31.749685998986973], [35.211172603522066, 31.74991080198386], [35.21116358244158, 31.749907295977533], [35.21045781360328, 31.74967294187753], [35.210448509141244, 31.749670343947198], [35.2104389974188, 31.74966865593305], [35.21042936720147, 31.74966789358801], [35.210419708360625, 31.74966806402646], [35.21039511744183, 31.74966968851206], [35.21038543057862, 31.74967080487411], [35.2103758984943, 31.74967285936954], [35.21036661182142, 31.749675832463883], [35.21035765885916, 31.749679695888485], [35.21034912473368, 31.749684412909296], [35.210341090588805, 31.749689938676134], [35.21033363281446, 31.749696220649138], [35.21032682232033, 31.749703199098306], [35.21006033443147, 31.75000432846573], [35.20996792779662, 31.750104779059487], [35.20996603863633, 31.75010683227152], [35.209676861149994, 31.750417122279863], [35.2096762388214, 31.750417789990117], [35.20967510019936, 31.750419032471687], [35.209611957547565, 31.750489111179686], [35.20961047917476, 31.750490752043305], [35.20960510658912, 31.75049724573965], [35.209602500958425, 31.75050068007385], [35.20960235813391, 31.750500868786087], [35.20960087854991, 31.750502828556886], [35.20960077667113, 31.750502963737347], [35.20959930025343, 31.75050492621345], [35.20959917057302, 31.75050509897465], [35.20959769943252, 31.75050706325425], [35.20959761119135, 31.750507181255724], [35.20959614321705, 31.75050914733882], [35.209596021414264, 31.75050931081871], [35.20959455766177, 31.75051127960721], [35.209594449183015, 31.7505114257919], [35.209592989652215, 31.7505133963839], [35.20959286838106, 31.75051356046842], [35.20959141307206, 31.750515533765718], [35.209591325545716, 31.75051565262888], [35.20958987340291, 31.75051762772978], [35.20958976548978, 31.750517774786346], [35.20958831756878, 31.750519751690646], [35.20958819704525, 31.750519916599266], [35.20958675334605, 31.750521896208966], [35.20958664585009, 31.75052204389126], [35.20958520637249, 31.75052402530446], [35.20958510686227, 31.750524162522773], [35.20958367055107, 31.75052614664137], [35.20958357606439, 31.75052627738704], [35.20958214397489, 31.75052826240734], [35.20958202446074, 31.750528428423607], [35.209580596592936, 31.750530416149108], [35.20958047738795, 31.750530582452395], [35.209579053741955, 31.750532572883294], [35.20957894726206, 31.75053272204385], [35.20957752783776, 31.75053471427835], [35.209577441920636, 31.750534835056722], [35.209576025662635, 31.750536829094624], [35.20957589918756, 31.750537007579958], [35.20957448820676, 31.75053900342146], [35.20957439039565, 31.750539142025172], [35.20957298258105, 31.750541140571972], [35.209572876902186, 31.750541290887814], [35.20957147330949, 31.750543291238113], [35.20957136783112, 31.750543441856458], [35.209569968460016, 31.750545444010257], [35.20956988344389, 31.750545565839932], [35.20956848723909, 31.75054756979723], [35.209568349891285, 31.75054776743766], [35.209566958963585, 31.75054977410036], [35.20956687435226, 31.7505498963614], [35.20956548659096, 31.7505519048276], [35.209565370069456, 31.750552073836424], [35.20956398652996, 31.750554085007924], [35.20956389395918, 31.750554219808617], [35.20956251464128, 31.750556231881816], [35.209562398644515, 31.750556401464824], [35.20956102354842, 31.750558416243326], [35.20956093969495, 31.750558539301352], [35.209559567765154, 31.75056055588345], [35.20955943224603, 31.75056075559908], [35.20955806559343, 31.75056277488648], [35.20955799373833, 31.750562881202335], [35.20955663025193, 31.750564901391435], [35.20955649531567, 31.75056510183956], [35.20955513710646, 31.75056712473396], [35.20955505405077, 31.750567248635317], [35.20955369900787, 31.750569273333216], [35.20955359611786, 31.750569427379435], [35.209552245296656, 31.750571453880937], [35.209552131295496, 31.75057162528744], [35.2095507846961, 31.750573654494136], [35.20955071351727, 31.750573761904516], [35.20954937008406, 31.750575792013016], [35.20954923668113, 31.750575994134195], [35.20954789852523, 31.750578026947995], [35.20954781645804, 31.750578151820594], [35.209546481468344, 31.750580186437894], [35.20954635983687, 31.7505803722623], [35.20954503012427, 31.7505824086831], [35.209544937413455, 31.75058255093099], [35.20954361086736, 31.750584590057187], [35.209543520581505, 31.75058472909383], [35.209542198256905, 31.750586769121632], [35.20954208624822, 31.75058694231508], [35.209540768145516, 31.75058898504828], [35.20954066734077, 31.750589141590403], [35.20953935345967, 31.750591186127004], [35.20953925287725, 31.75059134296485], [35.20953794321795, 31.75059338930505], [35.2095378428687, 31.750593546422945], [35.2095365374311, 31.750595594566644], [35.20953643731336, 31.75059575196836], [35.20953513609746, 31.750597801915557], [35.209534989661186, 31.750598033312205], [35.20950441689229, 31.750646490697005], [35.20949847806256, 31.750657336373536], [35.20946238699366, 31.750734175036236], [35.2094610455876, 31.750737156634145], [35.20945981090551, 31.750740025453148], [35.20945971396247, 31.750740251468006], [35.20945890244976, 31.750742149884605], [35.20945881527471, 31.75074235444702], [35.20945800798381, 31.75074425466712], [35.20945794621612, 31.75074440037762], [35.209457142091516, 31.75074630149952], [35.209457062247054, 31.750746490810663], [35.209456262344155, 31.75074839283416], [35.20945617632344, 31.750748598014173], [35.20945538064225, 31.750750501841175], [35.2094553196527, 31.750750648096496], [35.209454527137794, 31.750752552825194], [35.20945444827352, 31.750752742918728], [35.20945365998032, 31.750754648549126], [35.209453581448244, 31.75075483894846], [35.20945279737674, 31.75075674548056], [35.20945273084897, 31.750756907652026], [35.20945194994378, 31.750758815987627], [35.20945187207333, 31.75075900684433], [35.20945109538983, 31.750760916081628], [35.20945102950327, 31.750761078450893], [35.20945025598617, 31.750762989491694], [35.20945018488441, 31.750763165635565], [35.209449415588914, 31.750765076676263], [35.20944933262283, 31.75076528344053], [35.20944856754913, 31.75076719628463], [35.20944850862806, 31.750767343939916], [35.209447746720556, 31.750769257685814], [35.20944767047022, 31.75076944978751], [35.209446912784415, 31.75077136443511], [35.20944683101052, 31.750771571749983], [35.20944607754652, 31.750773488201084], [35.20944600204577, 31.750773680823702], [35.209445252803576, 31.7507755981764], [35.20944519496996, 31.75077574652413], [35.20944444889386, 31.75077766477863], [35.20944439127587, 31.75077781327159], [35.20944364836617, 31.75077973242769], [35.20944355658601, 31.750779970424265], [35.20944281895331, 31.750781890482063], [35.209442756301726, 31.75078205399162], [35.20944202183542, 31.75078397585302], [35.209441948001945, 31.750784169653816], [35.20944121775745, 31.750786092416817], [35.209441161247256, 31.750786241568694], [35.209440434168954, 31.75078816523339], [35.20944036097422, 31.750788359497548], [35.209439638117615, 31.75079028406395], [35.20943956528091, 31.750790478601314], [35.209438846646016, 31.75079240406941], [35.20943876886584, 31.750792613180828], [35.20943805445263, 31.75079454045243], [35.209438004320454, 31.750794675994392], [35.209437293073556, 31.750796603265794], [35.20943721604341, 31.750796812714217], [35.20943650901821, 31.750798741789215], [35.209436454138526, 31.75079889189623], [35.209435750279724, 31.750800821872932], [35.20943567916279, 31.750801017507488], [35.20943497952559, 31.75080294838589], [35.20943490373721, 31.750803158279684], [35.20943420832181, 31.75080509096148], [35.209434142975994, 31.7508052731221], [35.209433451782196, 31.750807205803802], [35.20943339306593, 31.750807370436934], [35.20943270503853, 31.750809304922132], [35.20943264025473, 31.75080948763157], [35.20943195644893, 31.750811422116673], [35.209431882276945, 31.750811632696863], [35.20943120269295, 31.75081356898546], [35.20943114977519, 31.750813720147395], [35.209430473357486, 31.750815657337697], [35.209430388817474, 31.75081590045643], [35.20942971767678, 31.75081783854833], [35.20942968120518, 31.750817944059914], [35.20942901217548, 31.750819883053616], [35.20942892845212, 31.75082012671973], [35.209428264699525, 31.75082206661503], [35.20942821290538, 31.750822218386734], [35.20942755231908, 31.750824159183836], [35.20942748062184, 31.750824370603116], [35.20942682425724, 31.750826313203614], [35.20942676196006, 31.750826498175662], [35.20942610981716, 31.750828440776065], [35.20942605444742, 31.75082860618925], [35.20942540547082, 31.750830550593147], [35.20942534376249, 31.75083073608145], [35.20942469900759, 31.750832680485253], [35.20942462896922, 31.750832892493737], [35.209423988436015, 31.750834838700936], [35.20942392739305, 31.750835024788373], [35.20942329108155, 31.750836970995472], [35.20942323706387, 31.75083713670141], [35.209422614471066, 31.750839052245208], [35.209422603883745, 31.750839084819564], [35.20942252470869, 31.75083932948971], [35.20942156760559, 31.750842300205612], [35.20942148808837, 31.75084254812132], [35.20942086549747, 31.75084449793512], [35.20942081671622, 31.75084465113186], [35.209420197291614, 31.75084660184756], [35.209420129974376, 31.750846814668723], [35.209419514771476, 31.750848767187826], [35.209419455810895, 31.75084895496025], [35.2094188448297, 31.75085090747925], [35.209418782285525, 31.750851108091627], [35.209418175526025, 31.750853061512224], [35.209418127917985, 31.750853215219497], [35.209417524324785, 31.7508551695419], [35.20941745870528, 31.750855382849515], [35.20941685933378, 31.750857338975315], [35.20941680168505, 31.750857527784472], [35.20941620653525, 31.75085948391017], [35.20941614550241, 31.7508596852721], [35.20941555457431, 31.7508616422995], [35.20941550815197, 31.75086179648888], [35.20941492039017, 31.75086375441798], [35.20941486007589, 31.7508639561052], [35.20941427653579, 31.7508659149359], [35.20941421662459, 31.750866116822813], [35.20941363730629, 31.75086807655521], [35.2094135778039, 31.75086827862402], [35.209413002707194, 31.75087023925812], [35.209412957481454, 31.750870393904012], [35.209412385551055, 31.750872355439814], [35.20941232677286, 31.750872557823293], [35.20941175906417, 31.75087452026079], [35.20941170069392, 31.75087472283285], [35.20941113720702, 31.750876686172052], [35.20941109287024, 31.750876841124064], [35.20941053254954, 31.750878805364863], [35.20941046464563, 31.75087904453311], [35.20940990960213, 31.750881008773813], [35.20940986264213, 31.750881175512056], [35.20940931076483, 31.750883141556255], [35.20940925713241, 31.750883333353748], [35.209408709476804, 31.750885299397748], [35.20940866317237, 31.75088546618563], [35.20940811868317, 31.750887434033228], [35.20940805251068, 31.750887674353297], [35.20940751329858, 31.750889642200697], [35.209407470787916, 31.750889797835253], [35.20940693474201, 31.750891766584356], [35.2094068794527, 31.75089197049633], [35.2094063476286, 31.75089394014713], [35.209406305696184, 31.750894095946332], [35.209405777038285, 31.750896066498832], [35.20940571256478, 31.750896308027272], [35.20940518918408, 31.75089827857947], [35.209405144990455, 31.750898445551588], [35.209404624776056, 31.75090041790739], [35.20940457390723, 31.75090061155887], [35.209404057914426, 31.75090258391457], [35.2094040045887, 31.75090278863352], [35.2094034928177, 31.75090476189082], [35.20940345241301, 31.750904918200053], [35.20940294380831, 31.750906892359154], [35.209402878835164, 31.750907145926863], [35.209402375507565, 31.750909120987465], [35.209402335763606, 31.75090927747078], [35.20940183560221, 31.750911253433177], [35.209401796112665, 31.75091140997361], [35.209401299117665, 31.750913386837713], [35.209401238169434, 31.750913630561797], [35.20940074645153, 31.750915607425696], [35.20940070759226, 31.750915764192793], [35.20940021904066, 31.750917741958393], [35.209400156509446, 31.75091799653139], [35.20939967323495, 31.750919975198688], [35.209399635041514, 31.750920132123472], [35.209399154933315, 31.750922111692372], [35.20939911942727, 31.750922258574317], [35.20939864248527, 31.750924238143117], [35.209398581363814, 31.750924493299937], [35.20939810969901, 31.750926473770438], [35.20939807239954, 31.750926630950183], [35.20939760390104, 31.750928612322383], [35.20939755534022, 31.75092881867209], [35.209397091063416, 31.750930800945888], [35.209397042935805, 31.750931007416778], [35.20939658288071, 31.75093299059228], [35.20939653740987, 31.750933187508682], [35.20939608157647, 31.750935170684084], [35.209396045513145, 31.750935328165887], [35.20939559284605, 31.750937312242886], [35.209395534746704, 31.75093756844847], [35.2093950873568, 31.75093955342717], [35.20939505408351, 31.750939701578393], [35.20939460985971, 31.750941686556892], [35.20939456165615, 31.750941903077145], [35.20939412165425, 31.750943889859247], [35.2093940909558, 31.75094402894401], [35.20939365411999, 31.75094601482411], [35.20939359595156, 31.750946280988604], [35.20939316439306, 31.750948268672204], [35.20939313222002, 31.75094841740132], [35.209392703827724, 31.750950405084822], [35.20939265738908, 31.75095062171891], [35.20939223321848, 31.750952611205808], [35.20939219297118, 31.75095280087915], [35.209391773022276, 31.750954789464153], [35.20939172750068, 31.750955006209626], [35.20939131177358, 31.750956996598024], [35.20939128071342, 31.75095714587418], [35.20939086815252, 31.750959136262583], [35.209390815065284, 31.750959394087474], [35.209390407781484, 31.750961385377472], [35.20939037730336, 31.75096153497253], [35.20938997318586, 31.75096352626233], [35.20938993115453, 31.750963734506374], [35.209389531258736, 31.750965726697878], [35.209389499602885, 31.75096588506289], [35.20938910287349, 31.75096787815619], [35.20938905344946, 31.75096812811592], [35.20938866199706, 31.75097012120892], [35.20938863100091, 31.75097027970349], [35.209388242714816, 31.750972273698192], [35.20938820232706, 31.750972482285277], [35.20938781826266, 31.75097447718168], [35.20938777987422, 31.750974677679967], [35.20938740003152, 31.750976672576268], [35.2093873605022, 31.750976881387654], [35.2093869848813, 31.750978877185553], [35.20938540126447, 31.750992050417896], [35.20938223825047, 31.751051391941797], [35.20938210388484, 31.75105793002056], [35.20938218793408, 31.75106484459455]]], [[[35.21207081265497, 31.754873821954547], [35.212121124338964, 31.754864239107626], [35.21213068606285, 31.754861925288726], [35.212139974166405, 31.754858683151465], [35.212148898759054, 31.754854544073353], [35.212157373468315, 31.75484954811252], [35.212165316275666, 31.75484374362004], [35.21217265031037, 31.75483718677197], [35.2121793045934, 31.754829941025704], [35.21218521472439, 31.754822076505803], [35.21219032350491, 31.754813669325344], [35.21219458149201, 31.754804800849293], [35.21219794747675, 31.754795556907045], [35.21220038888304, 31.754786026961767], [35.21220188208285, 31.75477630324458], [35.212202412624954, 31.754766479861928], [35.21220197537475, 31.75475665188483], [35.21220057456395, 31.754746914428758], [35.21219822374966, 31.754737361733127], [35.212166881479256, 31.754632524215328], [35.212164063343096, 31.754624391077623], [35.21216055623191, 31.754616530416623], [35.21208633118981, 31.754467730543322], [35.212081518596214, 31.754459164114877], [35.21207588853736, 31.75445111133953], [35.21206949536853, 31.754443649962603], [35.2120624008124, 31.754436852019772], [35.212054673363184, 31.75443078314161], [35.212046387625364, 31.754425501919954], [35.21203762359338, 31.754421059342228], [35.21202846587937, 31.754417498299183], [35.21201900289626, 31.75441485317083], [35.21200932600418, 31.75441314949449], [35.211999528628446, 31.754412403718266], [35.21198970535758, 31.754412623042235], [35.211979951030116, 31.75441380534894], [35.21197035981896, 31.75441593922383], [35.211961024322235, 31.75441900406546], [35.21165247547144, 31.75453738921876], [35.21164350729856, 31.754541344673708], [35.21163496944279, 31.75454615910695], [35.211626943930504, 31.75455178626442], [35.21161950786581, 31.754558172083904], [35.21161273268977, 31.754565255214445], [35.21160668349404, 31.754572967605746], [35.2116014183955, 31.75458123516198], [35.21159698797795, 31.754589978453627], [35.21159343480605, 31.754599113480616], [35.211590793016455, 31.75460855247931], [35.21158908798984, 31.754618204765716], [35.21158833610703, 31.7546279776067], [35.21158854459164, 31.754637777110908], [35.21158971144069, 31.754647509130837], [35.21159182544382, 31.754657080167323], [35.211594866291, 31.75466639826783], [35.21159880476768, 31.75467537390987], [35.21171739879548, 31.754913228516468], [35.21172221903441, 31.75492181045088], [35.21172785961774, 31.754929876932227], [35.211734265897064, 31.75493734980897], [35.211741375805595, 31.754944156680665], [35.21174912045949, 31.754950231599405], [35.211757424825194, 31.75495551570877], [35.211766208446456, 31.754959957814034], [35.21177538622376, 31.75496351487817], [35.21178486923887, 31.754966152438808], [35.21179456561624, 31.754967844942133], [35.2118043814132, 31.754968575990436], [35.21181422153009, 31.754968338501012], [35.21182399063162, 31.754967134774763], [35.211833594070534, 31.7549649764739], [35.21184293880459, 31.754961884508973], [35.21207081265497, 31.754873821954547]]], [[[35.21099035774847, 31.751620300381333], [35.2112581089283, 31.751547109570442], [35.21126735108389, 31.75154409327647], [35.21127625666851, 31.751540193785242], [35.21128474151062, 31.751535447952996], [35.211292725415326, 31.75152990063518], [35.21130013292238, 31.751523604262534], [35.21130689401939, 31.751516618345516], [35.21131294480352, 31.75150900891185], [35.211318228085496, 31.751500847882454], [35.21132269393014, 31.751492212391682], [35.21132630012832, 31.751483184058277], [35.21132901259586, 31.751473848213962], [35.21133080569577, 31.7514642930969], [35.21133166248047, 31.75145460901774], [35.21133157485202, 31.751444887505993], [35.211330543638645, 31.751435220445], [35.21132857858691, 31.751425699203434], [35.21132569826958, 31.751416413771757], [35.211225540383985, 31.751141530479355], [35.211221744895866, 31.75113251202372], [35.21121708621384, 31.75112390766704], [35.211211608939315, 31.75111579978594], [35.21120536551078, 31.751108266003875], [35.21119841570173, 31.751101378447974], [35.211190826048444, 31.7510952030585], [35.21118266921295, 31.751089798957572], [35.211174023287384, 31.751085217883116], [35.21116497104634, 31.75108150369355], [35.2111555991544, 31.751078691947875], [35.21114599733646, 31.751076809565262], [35.21113625751865, 31.751075874567324], [35.21112647294831, 31.75107589590556], [35.21111673730122, 31.751076873375688], [35.21110714378479, 31.751078797619574], [35.21109778424567, 31.751081650214843], [35.210776027090006, 31.751197200374897], [35.210464086657694, 31.751309223876998], [35.21045485503443, 31.75131307048787], [35.21044605379508, 31.751317819958306], [35.21043777096903, 31.751323424784434], [35.2104300894005, 31.751329828907192], [35.21042308591999, 31.751336968272998], [35.21041683057581, 31.751344771474425], [35.21041138593346, 31.75135316046442], [35.21040680644987, 31.751362051336898], [35.21040313792871, 31.751371355165993], [35.210400417062246, 31.751380978895472], [35.21039867106441, 31.751390826269486], [35.210397917398545, 31.7514007987953], [35.210398163602754, 31.75141079672843], [35.210399407214524, 31.75142072007026], [35.210401635795336, 31.751430469568245], [35.21040482705509, 31.751439947708597], [35.21049884253319, 31.751678932050897], [35.210502822138736, 31.751687765941178], [35.210507637967325, 31.751696173239964], [35.21051324481041, 31.75170407502384], [35.210519590033826, 31.751711397114907], [35.210526614071874, 31.751718070777123], [35.21053425098647, 31.75172403336157], [35.21054242908618, 31.75172922889455], [35.21055107159919, 31.75173360860307], [35.210560097394016, 31.751737131372664], [35.21056942174111, 31.75173976413338], [35.2105789571083, 31.751741482170207], [35.21058861398242, 31.75174226935509], [35.21059830170969, 31.751742118298353], [35.21060792934669, 31.751741030418025], [35.210617406514096, 31.751739015926578], [35.2109379874436, 31.751654451939675], [35.21094731234195, 31.751651497404932], [35.21095630396869, 31.75164764595672], [35.21096487628924, 31.751642934446846], [35.21097294728105, 31.75163740795646], [35.21098043971845, 31.751631119364678], [35.21098728191154, 31.751624128842636], [35.21099035774847, 31.751620300381333]]], [[[35.20741198116947, 31.74417459149202], [35.2074114464395, 31.74418062778985], [35.207395460831506, 31.744455691178747], [35.207395323414374, 31.74446398400002], [35.20739955916232, 31.74463397316698], [35.20721237689699, 31.744635438323794], [35.20720241858861, 31.744636013782326], [35.20719256715244, 31.744637578475203], [35.20718292060935, 31.74464011683388], [35.207173574941535, 31.74464360360193], [35.2071646231375, 31.744648004086333], [35.20715615426687, 31.744653274502685], [35.207148252594095, 31.74465936241084], [35.20714099674008, 31.744666207236687], [35.20713445889989, 31.744673740874852], [35.207128704124415, 31.744681888366348], [35.20712378967313, 31.744690568644394], [35.20711976444438, 31.744699695341048], [35.20711666848879, 31.744709177646534], [35.207114532610824, 31.744718921212808], [35.20711337806229, 31.7447288290923], [35.20711321633081, 31.744738802702543], [35.20712229425161, 31.745008228937543], [35.207123098907786, 31.745017958524098], [35.2071248484773, 31.74502756327983], [35.2071275262846, 31.74503695165957], [35.20713110680688, 31.745046034180497], [35.20713555591734, 31.745054724274983], [35.20714083121049, 31.74506293911572], [35.20714688240627, 31.74507060040515], [35.20715365182933, 31.74507763512174], [35.207161074958734, 31.74508397621597], [35.20716908104289, 31.745089563249394], [35.20717759377397, 31.745094342970702], [35.207186532015136, 31.745098269823252], [35.207195810573936, 31.745101306379308], [35.20720534101427, 31.745103423696737], [35.2072150324993, 31.7451046015949], [35.20722479265722, 31.745104828846976], [35.20753381291892, 31.74509693042968], [35.20753728671791, 31.74509678117343], [35.20785471662741, 31.74507760870563], [35.2078642943073, 31.7450765652735], [35.20787372712564, 31.745074605008007], [35.20788292752635, 31.745071746104472], [35.20789181011067, 31.74506801509944], [35.20790029242981, 31.74506344662436], [35.20790829575031, 31.74505808308414], [35.207915745784774, 31.74505197426354], [35.20792257338146, 31.745045176865055], [35.20792871516614, 31.74503775398262], [35.20793411413033, 31.74502977451595], [35.20793872016047, 31.745021312531016], [35.207942490503065, 31.74501244657256], [35.20794539016153, 31.745003258935025], [35.20794739222102, 31.74499383489871], [35.2079484780983, 31.744984261938185], [35.20794863771417, 31.74497462891034], [35.20794786958705, 31.74496502522962], [35.207946180846776, 31.74495554003806], [35.20789018710573, 31.744710197785256], [35.20787695314199, 31.74446769580589], [35.207882264846, 31.744387292059866], [35.20815062003617, 31.744401558594458], [35.20816066867822, 31.744401587216107], [35.20817066945914, 31.744400607212402], [35.208180521395015, 31.744398628479033], [35.20819012500492, 31.744395670996468], [35.2081993833154, 31.744391764628183], [35.208208202839735, 31.744386948819137], [35.208216494521864, 31.744381272197455], [35.208224174635674, 31.744374792083406], [35.20823116563044, 31.74436757391061], [35.20823739691385, 31.744359690565304], [35.20824280556491, 31.744351221650376], [35.20824733696919, 31.74434225268157], [35.208250945370374, 31.74433287422396], [35.20825359433226, 31.74432318097749], [35.2082552571067, 31.744313270820708], [35.20825591690363, 31.74430324382244], [35.20825556706071, 31.744293201231333], [35.2082542111105, 31.744283244453477], [35.208251862744845, 31.74427347402846], [35.20824854567662, 31.74426398861415], [35.208229979809, 31.744218391511353], [35.20821077804328, 31.74415438276791], [35.20820419411847, 31.74409688581403], [35.208201588053115, 31.744082954993623], [35.20818490905006, 31.744019194754067], [35.20818109970096, 31.743980292001176], [35.20817977932397, 31.743971168156204], [35.208177624334546, 31.743962204676798], [35.208168800456946, 31.743931754104597], [35.208165735733104, 31.743922790175848], [35.208161836529285, 31.743914156476734], [35.20815713783872, 31.743905930489994], [35.20814796422742, 31.743891503023995], [35.20814253617045, 31.743883794522457], [35.2081364062972, 31.74387663146079], [35.20812962909292, 31.743870077507726], [35.20812226479668, 31.743864190917943], [35.20811437886585, 31.743859024014277], [35.20810604139438, 31.743854622722647], [35.208097326489714, 31.74385102616385], [35.20808831161411, 31.743848266305815], [35.20806545582741, 31.743842432021115], [35.20805409915713, 31.7438402237714], [35.208028134425135, 31.7438367190394], [35.208019359515006, 31.743835926255507], [35.207990051543206, 31.743834576122808], [35.207981182116455, 31.74383456128611], [35.207972346261606, 31.743835332402234], [35.207944727031006, 31.743838982951132], [35.20793747859829, 31.743840213629042], [35.20792287510235, 31.74384324924838], [35.207913947209484, 31.74376970136873], [35.2079119339819, 31.74375849516086], [35.20790865997697, 31.74374759043382], [35.20790190827727, 31.743729015294118], [35.207897290404695, 31.743718302536337], [35.20789145636636, 31.743708200461143], [35.20775943353446, 31.743507601832043], [35.207751818520165, 31.74349748893106], [35.20775087289786, 31.743496385997858], [35.20774400785324, 31.743489143838804], [35.20773645520387, 31.743482621937794], [35.20772829015729, 31.743476885238415], [35.20771959401917, 31.74347199086541], [35.207710453383655, 31.743467987555814], [35.207700959271094, 31.743464915173668], [35.20769120622168, 31.743462804313054], [35.20768129135405, 31.74346167599343], [35.207671313398166, 31.743461541450348], [35.20766137171224, 31.743462402023557], [35.20765156529328, 31.743464249143667], [35.20764199179138, 31.743467064417477], [35.20763274653726, 31.743470819811137], [35.20762392159303, 31.7434754779293], [35.20761560483548, 31.743480992387497], [35.20752330833998, 31.743549055253997], [35.20751557968051, 31.743555373767858], [35.20750851950812, 31.743562431370876], [35.2075021981815, 31.74357015772994], [35.207496678696344, 31.74357847584741], [35.20749201605752, 31.74358730282842], [35.207488256730926, 31.743596550706997], [35.20748543818043, 31.743606127322664], [35.20748358849451, 31.743615937238904], [35.20744567216421, 31.743892128514805], [35.20744544612627, 31.743893891119118], [35.20741198116947, 31.74417459149202]]], [[[35.20681181207964, 31.746892399618584], [35.20681392579997, 31.74690175718302], [35.2068169264618, 31.746910869145182], [35.20682078644948, 31.746919651646014], [35.20682547023885, 31.746928023858562], [35.20683093472413, 31.746935908731825], [35.206837129614684, 31.746943233699874], [35.206843997897785, 31.746949931349686], [35.206851476363376, 31.746955940041573], [35.20685949618577, 31.74696120447645], [35.20686798355708, 31.74696567620475], [35.206876860366485, 31.74696931407235], [35.206886044919074, 31.746972084599285], [35.20689545268774, 31.746973962287893], [35.20690499709107, 31.746974929857462], [35.206914590290175, 31.746974978403273], [35.2069241439971, 31.74697410747855], [35.20710105030126, 31.74694937689905], [35.207406579153115, 31.746909982470477], [35.20741639321719, 31.746908215758406], [35.20742598253297, 31.746905480406877], [35.20743525174706, 31.746901803615447], [35.20744410868907, 31.746897221945066], [35.20745246528809, 31.746891780954552], [35.20746023844853, 31.74688553474755], [35.20746735087631, 31.74687854543454], [35.20747373184748, 31.746870882515253], [35.207479317911506, 31.746862622187546], [35.20748405352217, 31.746853846589747], [35.20748789158993, 31.746844642983877], [35.20749079395013, 31.746835102887946], [35.20749273174255, 31.746825321165925], [35.207493685698324, 31.746815395084447], [35.2074936463316, 31.746805423345613], [35.207492614033825, 31.746795505105524], [35.20746556443593, 31.746620773166622], [35.20746357295222, 31.746611097914016], [35.207460636621576, 31.746601666345605], [35.207456784095676, 31.746592570491355], [35.20745205296614, 31.746583899105445], [35.20744648939767, 31.74657573680024], [35.207440147677644, 31.746568163220672], [35.20743308968635, 31.746561252267103], [35.20742538429322, 31.746555071374207], [35.20741710668479, 31.746549680852986], [35.20740833763109, 31.746545133302273], [35.207399162697484, 31.746541473095483], [35.20738967140979, 31.746538735947645], [35.20737995638069, 31.746536948566888], [35.20737011240606, 31.746536128393856], [35.20707002641791, 31.74652600723272], [35.206918187556816, 31.746519270064123], [35.20691375289731, 31.746519171772118], [35.206865271170706, 31.746519172726817], [35.20685559220699, 31.746519642432226], [35.2068460041501, 31.746521046756577], [35.20683659703473, 31.74652337251285], [35.20682745919649, 31.746526597861507], [35.20681867644237, 31.74653069251557], [35.20681033124504, 31.746535618025018], [35.206802501968376, 31.746541328137866], [35.20679526213161, 31.74654776923446], [35.20678867971894, 31.746554880830995], [35.20678281654118, 31.746562596147474], [35.20677772765531, 31.746570842734787], [35.20677346084746, 31.746579543155043], [35.20677005618423, 31.746588615708713], [35.206767545636424, 31.746597975201833], [35.20676595277882, 31.74660753374599], [35.20676529256881, 31.746617201583625], [35.206765571205985, 31.74662688793088], [35.20676678607384, 31.746636501830082], [35.20681181207964, 31.746892399618584]]], [[[35.207201248537665, 31.745677844185355], [35.20720934727183, 31.745671879501636], [35.207216805860426, 31.74566513143502], [35.20722354884719, 31.74565766825363], [35.20722950801538, 31.745649565460205], [35.20723462307792, 31.74564090502822], [35.207238842287275, 31.74563177457263], [35.207242122959, 31.745622266463464], [35.20724443190354, 31.745612476891356], [35.207245745761995, 31.74560250489442], [35.20724605124248, 31.74559245135631], [35.20724225261858, 31.74540193652911], [35.20724156572497, 31.745392061832188], [35.20723990594173, 31.74538230342137], [35.207237289531655, 31.74537275691099], [35.20723374213072, 31.74536351583915], [35.20722929849687, 31.745354670751226], [35.20722400216949, 31.745346308312683], [35.207217905042754, 31.74533851045992], [35.20721106685722, 31.745331353597432], [35.207203554614416, 31.745324907849206], [35.2071954419204, 31.745319236371625], [35.20718680826453, 31.74531439473466], [35.20717773824064, 31.745310430377373], [35.20716832071814, 31.745307382143118], [35.20715864797129, 31.745305279898943], [35.20714881477509, 31.745304144242937], [35.206787848582785, 31.745280478105038], [35.20677787404576, 31.745280322787234], [35.20676793366498, 31.745281162038218], [35.20675812636264, 31.745282987506137], [35.2067485497366, 31.74528578102476], [35.20673929908917, 31.745289514794237], [35.20673046647863, 31.745294151657774], [35.20672213980316, 31.745299645471384], [35.20671440192609, 31.7453059415631], [35.20670732985131, 31.74531297727704], [35.20670099395693, 31.745320682596944], [35.20669545729493, 31.745328980842917], [35.206690774963675, 31.745337789434544], [35.206686993559636, 31.745347020712675], [35.20668415071364, 31.745356582811766], [35.20668227471643, 31.745366380574104], [35.20668138423707, 31.745376316496756], [35.20667644139662, 31.74550143743469], [35.206672815821676, 31.745592739148723], [35.20667290717438, 31.74560253724248], [35.20667395700377, 31.74561227935954], [35.20667595523034, 31.74562187196488], [35.20667888266891, 31.745631222958945], [35.206682711212856, 31.74564024256192], [35.20668740410395, 31.745648844175708], [35.206692916285284, 31.745656945215362], [35.20669919483386, 31.74566446790201], [35.20670617946871, 31.74567134000959], [35.206713803129674, 31.745677495558315], [35.20672199262122, 31.74568287544816], [35.20673066931524, 31.745687428026272], [35.206739749905935, 31.7456911095829], [35.20674914720966, 31.74569388477105], [35.20675877100197, 31.745695726945872], [35.2067685288839, 31.74569661842046], [35.2071163036266, 31.74571126640906], [35.20712674142129, 31.745711160763843], [35.20713711133898, 31.745709967647727], [35.20714730039037, 31.745707700060752], [35.20715719755686, 31.745704382710255], [35.2071666950002, 31.745700051741665], [35.20717568923746, 31.745694754344658], [35.207201248537665, 31.745677844185355]]]]}, "properties": {"feature_type": "boundary", "plan_name": "תכנית אב מתחם תלפיות", "plan_short": "תלפיות", "plan_number": "30002", "plan_year": 2021, "adopted_date": "2021-02-08", "plan_type": "מנחה — שינוי לתכנית מתאר מח/200: תעשייה+מסחר+תעסוקה+מגורים", "existing_units_total": 1800, "realistic_units": 10000, "sub_zones": "4 תאי שטח עיקריים: א, ב, ג, ד + תאי שטח לציבור/מסחר/מיוחד", "max_floors": 30, "max_floors_base": 24, "far_pct_max": 850, "coverage_pct_max": 60, "employment_max_sqm": 1160000, "commerce_extra_sqm": 80000, "realization_cap_2040_pct": 50, "central_axis": "פייר קניג — ציר עירוני עם רכבת קלה", "main_commercial": "דרך בית לחם / יד חרוצים", "boundary_north": "הרכבת/פארק המסילה", "boundary_east": "דרך חברון", "boundary_south": "משה ברעם", "boundary_west": "תכנית כביש 34 (מתוכנן)", "related_tba": "מח/200 (תכנית מתאר אם); 101-0351411 (תכנית בת)", "review_trigger": "תקרת מימוש 50% עד 2040", "description": "הסבת אזור תעשייה היסטורי לשכונה עירונית מעורבת. יעדי 2021: ~10,000 יח״ד, 1,160,000 מ״ר תעסוקה+מסחר, גובה עד 30 קומות (תא א עם הקלות), FAR מקס׳ 850%. הוראות מעודכנות 19/10/2021. הגבול נבנה מאיחוד 186 חלקות מ-22 מתחמי התכנית + 20m buffer (ArcGIS Online \"גושים וחלקות\" של עיריית י-ם, מעודכן 07.2025).", "area_dunam": 881}}, {"type": "Feature", "geometry": {"type": "Polygon", "coordinates": [[[35.2189777263056, 31.754187979905176], [35.21828986515429, 31.754430670150978], [35.21795680463643, 31.753779123426007], [35.21825114036445, 31.753659770474798], [35.21905242800533, 31.753334843521262], [35.219437283800715, 31.754025837013774], [35.219081675821464, 31.754151304367916], [35.2189777263056, 31.754187979905176]]]}, "properties": {"plane_name": "מתחם תלפיות", "land_use": "מגורים", "num_of_hel": " ", "feature_type": "landuse", "plan_short": "תלפיות"}}, {"type": "Feature", "geometry": {"type": "Polygon", "coordinates": [[[35.217813133638636, 31.749982231304646], [35.21792215159078, 31.749948107475124], [35.21808288746538, 31.74989779529279], [35.218163718835854, 31.750080410203594], [35.21791488366267, 31.75015596640126], [35.217665714521154, 31.750208976020783], [35.2176414676728, 31.750166140906508], [35.21758571213281, 31.75005341606392], [35.217813133638636, 31.749982231304646]]]}, "properties": {"plane_name": "מתחם תלפיות", "land_use": "מגורים", "num_of_hel": " ", "feature_type": "landuse", "plan_short": "תלפיות"}}, {"type": "Feature", "geometry": {"type": "Polygon", "coordinates": [[[35.21486161477945, 31.746466267419272], [35.21484854139203, 31.746433651444594], [35.21446610056358, 31.746543221354013], [35.21432649253504, 31.746195480664642], [35.21435434386044, 31.74618710755666], [35.21465948356696, 31.74608258645457], [35.214856088658614, 31.746014546932418], [35.215155125097574, 31.745909873632307], [35.21524900698378, 31.746179083719127], [35.215400765536934, 31.746596174272415], [35.21542023278902, 31.746648247855582], [35.2151532262463, 31.74672814446316], [35.215128561186276, 31.746664983989124], [35.21496049629163, 31.746712952789437], [35.21486161477945, 31.746466267419272]]]}, "properties": {"plane_name": "מתחם תלפיות", "land_use": "מגורים", "num_of_hel": " ", "feature_type": "landuse", "plan_short": "תלפיות"}}, {"type": "Feature", "geometry": {"type": "Polygon", "coordinates": [[[35.21546608754349, 31.7467709011822], [35.21551087200404, 31.746882529521905], [35.215534376974254, 31.746941118566372], [35.2156092608337, 31.747086534577377], [35.2157744664588, 31.74737848336622], [35.21558292090338, 31.74739502306012], [35.21557623502457, 31.747377190555763], [35.21549366882773, 31.747399296604296], [35.21542449313771, 31.747420202886836], [35.21496687254235, 31.7475542712908], [35.21498144080334, 31.747589088527896], [35.21488632194556, 31.747614817938956], [35.21475901464936, 31.747288574058025], [35.21513590503266, 31.747181106854324], [35.21501076442703, 31.746866599637503], [35.21518743477177, 31.746815775701382], [35.215453283882944, 31.74673665290727], [35.21546608754349, 31.7467709011822]]]}, "properties": {"plane_name": "מתחם תלפיות", "land_use": "מגורים", "num_of_hel": " ", "feature_type": "landuse", "plan_short": "תלפיות"}}, {"type": "Feature", "geometry": {"type": "Polygon", "coordinates": [[[35.21431101899149, 31.7460595214276], [35.21413302239239, 31.74565135260917], [35.21418071664297, 31.74561438950945], [35.214934609280085, 31.745338139046424], [35.215107805373925, 31.74577890167588], [35.214601084768894, 31.745957057845207], [35.21431101899149, 31.7460595214276]]]}, "properties": {"plane_name": "מתחם תלפיות", "land_use": "מגורים", "num_of_hel": " ", "feature_type": "landuse", "plan_short": "תלפיות"}}, {"type": "Feature", "geometry": {"type": "Polygon", "coordinates": [[[35.2171910072049, 31.753794917363862], [35.21710565686597, 31.753571445227745], [35.21706919275655, 31.753475969676657], [35.21694429567989, 31.753145484862497], [35.2169093004162, 31.7530528878025], [35.21743040563157, 31.752856246887838], [35.21757876149065, 31.753224794772287], [35.21751447546288, 31.753256482314818], [35.21745247850105, 31.753287042284168], [35.217688674815285, 31.753726689612908], [35.21778956798471, 31.753684447458035], [35.217967241617416, 31.754101531729575], [35.21809575527379, 31.75440250855456], [35.2178718098412, 31.754476934631374], [35.217818710035175, 31.754494977131756], [35.21749697440541, 31.754606613907914], [35.21738280922703, 31.75429774388583], [35.21723746599049, 31.75391560202901], [35.21722030876572, 31.753871638838394], [35.2171910072049, 31.753794917363862]]]}, "properties": {"plane_name": "מתחם תלפיות", "land_use": "מגורים", "num_of_hel": " ", "feature_type": "landuse", "plan_short": "תלפיות"}}, {"type": "Feature", "geometry": {"type": "Polygon", "coordinates": [[[35.21895361018111, 31.753157519743745], [35.2189859488416, 31.75321648405359], [35.21905242800533, 31.753334843521262], [35.21825114036445, 31.753659770474798], [35.21795680463643, 31.753779123426007], [35.21786360242889, 31.753602146328774], [35.21815795752396, 31.753488256962015], [35.21779767595832, 31.7527330005257], [35.21857701462183, 31.75247025380453], [35.21868720765939, 31.752675411151603], [35.218780078405615, 31.752841114651105], [35.21895361018111, 31.753157519743745]]]}, "properties": {"plane_name": "מתחם תלפיות", "land_use": "מבנים ומוסדות ציבור", "num_of_hel": " ", "feature_type": "landuse", "plan_short": "תלפיות"}}, {"type": "Feature", "geometry": {"type": "Polygon", "coordinates": [[[35.21749697440541, 31.754606613907914], [35.217818710035175, 31.754494977131756], [35.2178718098412, 31.754476934631374], [35.21809575527379, 31.75440250855456], [35.217967241617416, 31.754101531729575], [35.21778956798471, 31.753684447458035], [35.217688674815285, 31.753726689612908], [35.21745247850105, 31.753287042284168], [35.21751447546288, 31.753256482314818], [35.21757876149065, 31.753224794772287], [35.21743040563157, 31.752856246887838], [35.21779767595832, 31.7527330005257], [35.21815795752396, 31.753488256962015], [35.21786360242889, 31.753602146328774], [35.21795680463643, 31.753779123426007], [35.21828986515429, 31.754430670150978], [35.2181264415838, 31.754487053164723], [35.21796615164913, 31.754544562939838], [35.21793762274538, 31.75455358442297], [35.21780817038233, 31.754598690352953], [35.217629410077436, 31.75466071087081], [35.217605663254034, 31.754668604476567], [35.21757548282739, 31.75466522568912], [35.21754678606657, 31.75465959213014], [35.217516768328174, 31.75463479450695], [35.21749697440541, 31.754606613907914]]]}, "properties": {"plane_name": "מתחם תלפיות", "land_use": "שטח ציבורי פתוח", "num_of_hel": " ", "feature_type": "landuse", "plan_short": "תלפיות"}}, {"type": "Feature", "geometry": {"type": "Polygon", "coordinates": [[[35.2186322045086, 31.75077477662376], [35.21864325289736, 31.750810832952933], [35.218509233118866, 31.75085013856337], [35.21845120511007, 31.750739106224984], [35.21860922920946, 31.750699797094793], [35.218630357655776, 31.750768750702225], [35.2186322045086, 31.75077477662376]]]}, "properties": {"plane_name": "מתחם תלפיות", "land_use": "מבנים ומוסדות ציבור", "num_of_hel": " ", "feature_type": "landuse", "plan_short": "תלפיות"}}, {"type": "Feature", "geometry": {"type": "Polygon", "coordinates": [[[35.21847265956861, 31.750780158542593], [35.218492876733706, 31.750818841846648], [35.218509233118866, 31.75085013856337], [35.21864325289736, 31.750810832952933], [35.2186559206763, 31.750849273577593], [35.21841879190187, 31.750905570539516], [35.21810984747327, 31.750981879542508], [35.21808090461895, 31.750989027975244], [35.21806898981201, 31.750966548065136], [35.21809563229347, 31.750955318132483], [35.218152867790536, 31.750940724616942], [35.218185766161874, 31.750932336604354], [35.21846122593829, 31.750862102341678], [35.21839719660442, 31.750749361645703], [35.21845120511007, 31.750739106224984], [35.21847265956861, 31.750780158542593]]]}, "properties": {"plane_name": "מתחם תלפיות", "land_use": "שטח ציבורי פתוח", "num_of_hel": " ", "feature_type": "landuse", "plan_short": "תלפיות"}}, {"type": "Feature", "geometry": {"type": "Polygon", "coordinates": [[[35.21415526422858, 31.745702355690188], [35.21416835810494, 31.745732380735532], [35.21431101899149, 31.7460595214276], [35.21403928891921, 31.746155507708053], [35.21398586127514, 31.74615889366769], [35.21395056817636, 31.746122822497924], [35.213912466738165, 31.746034895403852], [35.21384467693738, 31.745874822852535], [35.213797008750056, 31.745744391541727], [35.21378941475783, 31.74567529358759], [35.21384778517362, 31.7456380881292], [35.21407203936231, 31.745539995550093], [35.214860496177884, 31.7452489075262], [35.21487703505172, 31.74524280157103], [35.21488584058705, 31.74523955059329], [35.214976973493016, 31.7452084952037], [35.2150160654996, 31.745305440365634], [35.214934609280085, 31.745338139046424], [35.21418071664297, 31.74561438950945], [35.21413302239239, 31.74565135260917], [35.21415526422858, 31.745702355690188]]]}, "properties": {"plane_name": "מתחם תלפיות", "land_use": "שטח ציבורי פתוח", "num_of_hel": " ", "feature_type": "landuse", "plan_short": "תלפיות"}}, {"type": "Feature", "geometry": {"type": "Polygon", "coordinates": [[[35.214538878248625, 31.747000095033247], [35.2142931536299, 31.747068932412166], [35.21426654365149, 31.747002466662096], [35.21443560359974, 31.746954570848246], [35.21431877046723, 31.746650592233294], [35.2144919995283, 31.746602704133437], [35.21446610056358, 31.746543221354013], [35.21484854139203, 31.746433651444594], [35.21486161477945, 31.746466267419272], [35.21496049629163, 31.746712952789437], [35.215128561186276, 31.746664983989124], [35.2151532262463, 31.74672814446316], [35.21542023278902, 31.746648247855582], [35.215453283882944, 31.74673665290727], [35.21518743477177, 31.746815775701382], [35.21501076442703, 31.746866599637503], [35.21513590503266, 31.747181106854324], [35.21475901464936, 31.747288574058025], [35.21470375446831, 31.747303529341014], [35.21457920398363, 31.746988334452215], [35.21457446021464, 31.746989718262807], [35.214538878248625, 31.747000095033247]]]}, "properties": {"plane_name": "מתחם תלפיות", "land_use": "שטח ציבורי פתוח", "num_of_hel": " ", "feature_type": "landuse", "plan_short": "תלפיות"}}, {"type": "Feature", "geometry": {"type": "Polygon", "coordinates": [[[35.214353112861936, 31.74626178678316], [35.21446610056358, 31.746543221354013], [35.2144919995283, 31.746602704133437], [35.21431877046723, 31.746650592233294], [35.21443560359974, 31.746954570848246], [35.21426654365149, 31.747002466662096], [35.214079049261144, 31.74653414456401], [35.21404845296999, 31.746452889700365], [35.21404463881212, 31.746411795591705], [35.214048416790355, 31.746389085931234], [35.21405918089357, 31.74636230300541], [35.21406924518229, 31.74634471354582], [35.21408539342349, 31.746324725614738], [35.21410114741725, 31.746309214473193], [35.21411401949738, 31.74629662192224], [35.214144614755085, 31.746277455362332], [35.214316530329576, 31.74619988785953], [35.21432649253504, 31.746195480664642], [35.21434539288946, 31.746242559136746], [35.214353112861936, 31.74626178678316]]]}, "properties": {"plane_name": "מתחם תלפיות", "land_use": "מגורים ומסחר", "num_of_hel": " ", "feature_type": "landuse", "plan_short": "תלפיות"}}, {"type": "Feature", "geometry": {"type": "Polygon", "coordinates": [[[35.21450108119791, 31.747361256493974], [35.21460330435694, 31.747332140370016], [35.21470375446831, 31.747303529341014], [35.21475901464936, 31.747288574058025], [35.21488632194556, 31.747614817938956], [35.214866584871636, 31.747621239802232], [35.21486191446173, 31.74764638183307], [35.21485265779649, 31.747666147438263], [35.214840056364906, 31.747683716421896], [35.21482330906226, 31.747698498139922], [35.21480556391551, 31.747708821213653], [35.2147806166424, 31.747717608128344], [35.214559637214215, 31.747778708863525], [35.21441379433446, 31.74738611825749], [35.21450108119791, 31.747361256493974]]]}, "properties": {"plane_name": "מתחם תלפיות", "land_use": "מגורים ומסחר", "num_of_hel": " ", "feature_type": "landuse", "plan_short": "תלפיות"}}, {"type": "Feature", "geometry": {"type": "Polygon", "coordinates": [[[35.21462488077173, 31.747103927540962], [35.21464012152427, 31.747142496442724], [35.21470375446831, 31.747303529341014], [35.21460330435694, 31.747332140370016], [35.21450108119791, 31.747361256493974], [35.21441379433446, 31.74738611825749], [35.214332142326214, 31.747166318766055], [35.2142931536299, 31.747068932412166], [35.214538878248625, 31.747000095033247], [35.21457446021464, 31.746989718262807], [35.21457920398363, 31.746988334452215], [35.21462488077173, 31.747103927540962]]]}, "properties": {"plane_name": "מתחם תלפיות", "land_use": "מבנים ומוסדות ציבור", "num_of_hel": " ", "feature_type": "landuse", "plan_short": "תלפיות"}}, {"type": "Feature", "geometry": {"type": "Polygon", "coordinates": [[[35.215358242759926, 31.74743961271817], [35.21542449313771, 31.747420202886836], [35.21549366882773, 31.747399296604296], [35.21557623502457, 31.747377190555763], [35.21558292090338, 31.74739502306012], [35.2157744664588, 31.74737848336622], [35.21582370649247, 31.747465499824713], [35.2155195059676, 31.747490262596475], [35.215239900604864, 31.747575059300438], [35.215119933086235, 31.747612302156135], [35.21506530410623, 31.74763832318524], [35.215018777824156, 31.747669055656885], [35.21484912287765, 31.747793607343464], [35.21459787200294, 31.747867557415145], [35.214559637214215, 31.747778708863525], [35.2147806166424, 31.747717608128344], [35.21480556391551, 31.747708821213653], [35.21482330906226, 31.747698498139922], [35.214840056364906, 31.747683716421896], [35.21485265779649, 31.747666147438263], [35.21486191446173, 31.74764638183307], [35.214866584871636, 31.747621239802232], [35.21488632194556, 31.747614817938956], [35.21498144080334, 31.747589088527896], [35.21496687254235, 31.7475542712908], [35.21519962208729, 31.747486083048937], [35.215358242759926, 31.74743961271817]]]}, "properties": {"plane_name": "מתחם תלפיות", "land_use": "שטח ציבורי פתוח", "num_of_hel": " ", "feature_type": "landuse", "plan_short": "תלפיות"}}, {"type": "Feature", "geometry": {"type": "Polygon", "coordinates": [[[35.21630354971026, 31.749761639582307], [35.216612251745744, 31.75035778763346], [35.21628050879587, 31.750403009599907], [35.21591985962544, 31.750447007716073], [35.21587780663775, 31.750439120373603], [35.215842349036606, 31.750423341280218], [35.215816127392834, 31.750407561348343], [35.21578825329069, 31.750377126577284], [35.215719799112556, 31.75023058286869], [35.21563285592586, 31.7500449078926], [35.2156274265408, 31.750033312447947], [35.2156287394347, 31.74998934738437], [35.21563566187112, 31.749954400276017], [35.21567193751469, 31.749920577875677], [35.2156984863233, 31.749911557069357], [35.215990858708295, 31.74983938315638], [35.21630354971026, 31.749761639582307]]]}, "properties": {"plane_name": "מתחם תלפיות", "land_use": "תעסוקה ומסחר", "num_of_hel": " ", "feature_type": "landuse", "plan_short": "תלפיות"}}, {"type": "Feature", "geometry": {"type": "Polygon", "coordinates": [[[35.216417081673, 31.749733616697153], [35.21705695241103, 31.749577746471008], [35.217234770054006, 31.749926066332602], [35.217301410534226, 31.75005344521023], [35.217377125199256, 31.750207878476747], [35.21739792147208, 31.750248457577328], [35.21739947757734, 31.750251493028756], [35.21675139520724, 31.75033891391523], [35.216417081673, 31.749733616697153]]]}, "properties": {"plane_name": "מתחם תלפיות", "land_use": "תעסוקה ומסחר", "num_of_hel": " ", "feature_type": "landuse", "plan_short": "תלפיות"}}, {"type": "Feature", "geometry": {"type": "Polygon", "coordinates": [[[35.21666438682071, 31.750579057507135], [35.216841905144946, 31.750966593716615], [35.21617982463734, 31.751230115410785], [35.215980094932156, 31.750798721794254], [35.215975471566956, 31.75075137535404], [35.21598898917628, 31.750707409180528], [35.21602509914298, 31.75067245939251], [35.21607753853426, 31.750654417689645], [35.21631648806494, 31.75062621287421], [35.21666438682071, 31.750579057507135]]]}, "properties": {"plane_name": "מתחם תלפיות", "land_use": "תעסוקה ומסחר", "num_of_hel": " ", "feature_type": "landuse", "plan_short": "תלפיות"}}, {"type": "Feature", "geometry": {"type": "Polygon", "coordinates": [[[35.21682598316128, 31.750557208158522], [35.21750974781873, 31.75046489071461], [35.21752706792215, 31.750499835422982], [35.21762639589965, 31.750689153965148], [35.21696968067033, 31.750918052879687], [35.21682598316128, 31.750557208158522]]]}, "properties": {"plane_name": "מתחם תלפיות", "land_use": "תעסוקה ומסחר", "num_of_hel": " ", "feature_type": "landuse", "plan_short": "תלפיות"}}, {"type": "Feature", "geometry": {"type": "Polygon", "coordinates": [[[35.216239307069515, 31.751360365150926], [35.21700756047736, 31.751055546214786], [35.217371115616814, 31.751779664050666], [35.21730132438385, 31.75180415172479], [35.21725152829335, 31.75182113850267], [35.21720420705695, 31.751837281787108], [35.21715587896871, 31.751853767855888], [35.21687983083548, 31.75194961624575], [35.21659833940528, 31.752046591864232], [35.216571294485014, 31.752051103678628], [35.216548701556384, 31.752048851226252], [35.216531713919395, 31.752037579787533], [35.21651439581474, 31.752017289930052], [35.21647699978023, 31.751920748294214], [35.21638209211772, 31.751675728735258], [35.21626210333083, 31.751410713929012], [35.216239307069515, 31.751360365150926]]]}, "properties": {"plane_name": "מתחם תלפיות", "land_use": "תעסוקה ומסחר", "num_of_hel": " ", "feature_type": "landuse", "plan_short": "תלפיות"}}, {"type": "Feature", "geometry": {"type": "Polygon", "coordinates": [[[35.217516912079574, 31.751728771526714], [35.21715900239442, 31.751019134459277], [35.21769614665311, 31.75082335475467], [35.21786687473139, 31.751151382895408], [35.217910421809, 31.75122578048393], [35.21797244550099, 31.75134526833169], [35.21807537869628, 31.751535772039812], [35.217725290218674, 31.751656430935437], [35.217516912079574, 31.751728771526714]]]}, "properties": {"plane_name": "מתחם תלפיות", "land_use": "תעסוקה ומסחר", "num_of_hel": " ", "feature_type": "landuse", "plan_short": "תלפיות"}}, {"type": "Feature", "geometry": {"type": "Polygon", "coordinates": [[[35.21681270370875, 31.752798831388702], [35.21671832183724, 31.7525526919718], [35.21670839937966, 31.752526813596134], [35.21657312502908, 31.75217510716093], [35.216573121926416, 31.752151433735882], [35.21658185932873, 31.752131141392002], [35.21659092796623, 31.75211761285158], [35.216609066252424, 31.752106338052325], [35.21677446505092, 31.752046574854052], [35.21689418522776, 31.752008234748807], [35.2171079015186, 31.75193381138432], [35.21726112405237, 31.751880468099873], [35.21765881277027, 31.752683413614406], [35.21742526348197, 31.75278078195338], [35.217089124055306, 31.752920919297974], [35.21681270370875, 31.752798831388702]]]}, "properties": {"plane_name": "מתחם תלפיות", "land_use": "תעסוקה ומסחר", "num_of_hel": " ", "feature_type": "landuse", "plan_short": "תלפיות"}}, {"type": "Feature", "geometry": {"type": "Polygon", "coordinates": [[[35.217367667949425, 31.75184321019207], [35.217565178027016, 31.751773687432536], [35.217844522988536, 31.75167670990106], [35.21810308979639, 31.751584243219515], [35.21829279408749, 31.751960742863016], [35.21831489828592, 31.752004705381484], [35.21833221897859, 31.752039649971785], [35.21852786111206, 31.752410512058155], [35.21849867343902, 31.752420661048863], [35.2184934444708, 31.752411566523975], [35.21848960060426, 31.752404879770964], [35.217764602652245, 31.752645220244897], [35.217367667949425, 31.75184321019207]]]}, "properties": {"plane_name": "מתחם תלפיות", "land_use": "תעסוקה ומסחר", "num_of_hel": " ", "feature_type": "landuse", "plan_short": "תלפיות"}}, {"type": "Feature", "geometry": {"type": "Polygon", "coordinates": [[[35.21289711633446, 31.747449602234546], [35.21277666045778, 31.747054159104515], [35.21287325575517, 31.746947005339948], [35.21307176845221, 31.74672693262615], [35.213095698689386, 31.746700403204823], [35.21350466803514, 31.74658536672235], [35.2137043918631, 31.746531016069206], [35.21372074967687, 31.746526505643363], [35.213740273922326, 31.746525151442388], [35.21375979830359, 31.74652515000678], [35.213785919215354, 31.746529657309345], [35.213807818778484, 31.746535517687292], [35.21383314926582, 31.746550847185535], [35.2138558413993, 31.746566853259058], [35.21387589632847, 31.74659480897885], [35.21394688303377, 31.746720160201892], [35.21407910740057, 31.74709193602328], [35.214420075774, 31.747961423890544], [35.21442163813752, 31.747965027541554], [35.21439602232116, 31.747970308058473], [35.21428616302559, 31.74799295386669], [35.2141327078586, 31.747977093225042], [35.21411353148865, 31.747977455429393], [35.21410914635839, 31.747977538734023], [35.21388978746516, 31.747981725425966], [35.21385735755078, 31.747982344704223], [35.213823733136294, 31.747984935496735], [35.21381276984596, 31.747985780436004], [35.213588024461465, 31.748003106894107], [35.213134859893884, 31.748029329324876], [35.21303938358419, 31.748034854240387], [35.21293459915927, 31.747631772501382], [35.212933013906486, 31.74760809916547], [35.21293749763073, 31.747590061955943], [35.21294725845928, 31.747574053543737], [35.21296150508092, 31.747562554055914], [35.21297944554163, 31.747551054317253], [35.21299659521193, 31.747547671238426], [35.21359566937977, 31.747413808986593], [35.21385935177, 31.7473561932847], [35.213809732874196, 31.7471985994702], [35.21369654571486, 31.7472216048553], [35.21370393567819, 31.74724460137444], [35.213705519516616, 31.747252266945065], [35.213703409479095, 31.747259481863264], [35.213696550116715, 31.74726556982188], [35.21368652443175, 31.747269854320447], [35.21336516817344, 31.747343152328448], [35.2130691398836, 31.74740900757576], [35.21289711633446, 31.747449602234546]]]}, "properties": {"plane_name": "מתחם תלפיות", "land_use": "תעסוקה ומסחר", "num_of_hel": " ", "feature_type": "landuse", "plan_short": "תלפיות"}}, {"type": "Feature", "geometry": {"type": "Polygon", "coordinates": [[[35.21361054561036, 31.746132713771935], [35.21364156558745, 31.74621312007732], [35.21364658033868, 31.746230705702356], [35.21364605422592, 31.746246488038903], [35.21363972369576, 31.746263398104357], [35.21363180984053, 31.746277602747544], [35.2136146614119, 31.74629090621413], [35.213590125057465, 31.74630082829154], [35.21342813019679, 31.746345522738924], [35.21316463809449, 31.74643493211065], [35.21310265670618, 31.746429511767033], [35.212996794504875, 31.7462807135431], [35.212753385479836, 31.74611952486418], [35.21269071931763, 31.74607781860563], [35.21322299920926, 31.745859085209435], [35.213276590806984, 31.745850063022587], [35.21339624862314, 31.745791009874445], [35.213467000535985, 31.745859279075873], [35.21361054561036, 31.746132713771935]]]}, "properties": {"plane_name": "מתחם תלפיות", "land_use": "מסחר", "num_of_hel": " ", "feature_type": "landuse", "plan_short": "תלפיות"}}, {"type": "Feature", "geometry": {"type": "Polygon", "coordinates": [[[35.21248780487301, 31.74616137955877], [35.21253472905795, 31.746142085184772], [35.21269071931763, 31.74607781860563], [35.212753385479836, 31.74611952486418], [35.212996794504875, 31.7462807135431], [35.213039869756344, 31.746341260537267], [35.21304704404456, 31.74635134358521], [35.21306191721364, 31.746372249157492], [35.21293085578774, 31.746518579760387], [35.212917911923576, 31.746533048035015], [35.213175151460696, 31.74667805452235], [35.213095698689386, 31.746700403204823], [35.21307176845221, 31.74672693262615], [35.21287325575517, 31.746947005339948], [35.21277666045778, 31.747054159104515], [35.21277563789889, 31.74705529369353], [35.21248780487301, 31.74616137955877]]]}, "properties": {"plane_name": "מתחם תלפיות", "land_use": "שטח ציבורי פתוח", "num_of_hel": " ", "feature_type": "landuse", "plan_short": "תלפיות"}}, {"type": "Feature", "geometry": {"type": "Polygon", "coordinates": [[[35.21441051045251, 31.74814430896242], [35.21440888550446, 31.74814758459261], [35.21440718667583, 31.748150831369543], [35.21440541396677, 31.74815405019505], [35.21440356843242, 31.748157239265385], [35.21440165112791, 31.74816039587488], [35.2143996620534, 31.748163521827255], [35.2143976033193, 31.748166613514975], [35.21439547492548, 31.748169670036134], [35.21439327687195, 31.74817269139077], [35.214391011269306, 31.748175675775016], [35.21438867811733, 31.748178621385158], [35.21438627847144, 31.748181528221156], [35.21438381444219, 31.74818439447911], [35.214381284974195, 31.748187220159117], [35.214378691122555, 31.74819000255554], [35.21437603605353, 31.748192742569984], [35.21437331871143, 31.748195437496996], [35.21437054015158, 31.7481980864346], [35.214367703540134, 31.748200689382625], [35.214364806766106, 31.748203244537464], [35.21436185405107, 31.748205751898848], [35.214358844339436, 31.748208209663105], [35.214355779741894, 31.748210616928255], [35.21435266025835, 31.74821297279246], [35.214349489054875, 31.748215276353594], [35.214346265076074, 31.748217527611715], [35.21434299148795, 31.748219724762933], [35.214339668290485, 31.748221867807242], [35.21433629759429, 31.748223954940748], [35.21433287939925, 31.748225985261612], [35.214328989441164, 31.748227987662023], [35.21432505726074, 31.748229928740127], [35.21432108496879, 31.7482318093976], [35.21431707467606, 31.748233628732425], [35.21431302532704, 31.748235385842847], [35.21430894008782, 31.748237079826747], [35.214304820013815, 31.748238710684067], [35.214300666160405, 31.748240278414716], [35.2142964795829, 31.74824178211676], [35.2142922613366, 31.748243220888245], [35.21428801458759, 31.74824459382711], [35.214283739335954, 31.748245901835183], [35.214279436637035, 31.74824714401054], [35.214275109656896, 31.74824831945108], [35.21427075734007, 31.748249427255036], [35.2142663828529, 31.748250469225848], [35.214261987250545, 31.748251442657903], [35.21425757158847, 31.748252348452965], [35.21425313797747, 31.748253186610874], [35.21424868641747, 31.74825395622976], [35.21424422007456, 31.748254656407546], [35.2142397400043, 31.74825528894785], [35.21423524620646, 31.748255851145114], [35.21423100041012, 31.748256267224114], [35.21422674616355, 31.748256616567055], [35.21422248452214, 31.74825689917387], [35.21421821865198, 31.74825711414247], [35.2142139474978, 31.748257262374796], [35.21420967528106, 31.748257342968657], [35.214205400946405, 31.74825735592413], [35.21420112766008, 31.74825730214281], [35.214196855422024, 31.748257180722888], [35.21419258739851, 31.74825699256595], [35.214188323589426, 31.748256736770127], [35.214184066105595, 31.74825641333527], [35.214181516229964, 31.748286000371138], [35.21407150054376, 31.748280478670168], [35.21393941191913, 31.74828048864751], [35.213908825825904, 31.74828262470437], [35.213258276039646, 31.748328062466914], [35.21325743317605, 31.748321139960957], [35.21325482523889, 31.748320482697377], [35.21325224262464, 31.748319756891714], [35.21324968638872, 31.748318962543948], [35.21324716180817, 31.74831810055552], [35.21324466888315, 31.748317172730125], [35.21324221077985, 31.748316179067537], [35.213239789609176, 31.748315120469496], [35.21323740853743, 31.748313998739427], [35.21323506862003, 31.7483128138773], [35.21323277302332, 31.748311567686567], [35.2132305249137, 31.74831026197068], [35.2132283242911, 31.748308896729707], [35.2132261743219, 31.748307473767042], [35.21322407711698, 31.748305993984424], [35.213222033731995, 31.748304460087343], [35.21322004838857, 31.748302872977302], [35.21321812108682, 31.748301233556205], [35.21321625393779, 31.748299544529377], [35.21321444905223, 31.748297805896737], [35.21321270854129, 31.748296021265496], [35.21321103346036, 31.748294190635566], [35.213209424865084, 31.748292316712458], [35.21320788592182, 31.748290401299595], [35.21320641768601, 31.748288445298783], [35.21320502015802, 31.748286452317405], [35.21320369544862, 31.748284422355315], [35.21320244566896, 31.748282359019733], [35.21320127081909, 31.748280263212525], [35.21320017301006, 31.748278137639083], [35.21319915329734, 31.748275983201154], [35.213198211681245, 31.74827380350617], [35.21319734921729, 31.74827159945586], [35.21319656801649, 31.748269373755647], [35.213195867023614, 31.74826712820926], [35.21319524834969, 31.74826486552214], [35.213134859893884, 31.748029329324876], [35.213588024461465, 31.748003106894107], [35.21381276984596, 31.747985780436004], [35.213823733136294, 31.747984935496735], [35.21385735755078, 31.747982344704223], [35.21388978746516, 31.747981725425966], [35.21410914635839, 31.747977538734023], [35.21411353148865, 31.747977455429393], [35.2141327078586, 31.747977093225042], [35.21428616302559, 31.74799295386669], [35.21439602232116, 31.747970308058473], [35.214427048568346, 31.748047949090953], [35.21442731391333, 31.748052045251644], [35.214427505381394, 31.74805614412372], [35.21442762402769, 31.748060243903353], [35.21442766774167, 31.748064346394454], [35.21442763863366, 31.748068447989425], [35.214427535648305, 31.74807254868839], [35.21442735878546, 31.74807664758948], [35.21442710804503, 31.74808074379084], [35.21442678448231, 31.748084836390575], [35.21442638704179, 31.748088924486904], [35.214425915723275, 31.748093006276157], [35.21442537158216, 31.748097081758196], [35.21442455092299, 31.748101103151292], [35.214423652163575, 31.748105111924747], [35.21442267741461, 31.748109108078314], [35.21442162667594, 31.748113089808335], [35.214420499947536, 31.748117057114822], [35.214419297229114, 31.748121007292212], [35.214418018520654, 31.748124940340528], [35.21441666593281, 31.748128855357727], [35.21441523841002, 31.748132750540215], [35.21441373595216, 31.748136624986113], [35.21441216067003, 31.748140478695312], [35.21441051045251, 31.74814430896242]]]}, "properties": {"plane_name": "מתחם תלפיות", "land_use": "שטח ציבורי פתוח", "num_of_hel": " ", "feature_type": "landuse", "plan_short": "תלפיות"}}, {"type": "Feature", "geometry": {"type": "Polygon", "coordinates": [[[35.21350230185589, 31.748501246426862], [35.21393085653118, 31.74847213141828], [35.214025182607394, 31.74847437892687], [35.214132701705076, 31.748482261889727], [35.21422570938864, 31.748492400497145], [35.214325478912855, 31.748511556962026], [35.21441601438241, 31.74853635060941], [35.21451083932042, 31.74857354422408], [35.214597254629325, 31.748617502282137], [35.21464543369601, 31.74864849483221], [35.21468136299164, 31.748671606227102], [35.21472978042568, 31.748710213907184], [35.2147704199854, 31.748742619311333], [35.21478032935315, 31.748763688313765], [35.214800110098786, 31.748805746054956], [35.21480240461541, 31.748815897939316], [35.21484036716466, 31.74898385719153], [35.214858015655466, 31.749022184163604], [35.214918221927064, 31.749151819448098], [35.21500465173913, 31.749316399018518], [35.21506766516764, 31.749486617024388], [35.21512672249479, 31.749660217247484], [35.21518347093733, 31.74983494494059], [35.215201615504945, 31.749880035656098], [35.215207058773125, 31.749893562870206], [35.215183643304144, 31.749901456002206], [35.21398314415944, 31.750192397166746], [35.213904484631946, 31.750207058052585], [35.213680870314526, 31.750221729552546], [35.21350755096928, 31.750218360166322], [35.213456411347806, 31.750039122112273], [35.213442717739895, 31.749966975480195], [35.21344352708122, 31.749813661755617], [35.213397163591466, 31.74955889379594], [35.21338759331421, 31.749505911070205], [35.21338610832254, 31.749494638110722], [35.21334188954081, 31.74924888841845], [35.21327160698096, 31.74891633791906], [35.213216011298734, 31.748678480100185], [35.21321303506984, 31.748589423085285], [35.21318334578223, 31.748522914049715], [35.21337029927013, 31.748510213837484], [35.21350230185589, 31.748501246426862]]]}, "properties": {"plane_name": "מתחם תלפיות", "land_use": "תעסוקה ומסחר", "num_of_hel": " ", "feature_type": "landuse", "plan_short": "תלפיות"}}, {"type": "Feature", "geometry": {"type": "Polygon", "coordinates": [[[35.214829628289486, 31.750861694356846], [35.21552592891481, 31.750749160856344], [35.21558974682087, 31.75073900950218], [35.215633448859194, 31.7507412602626], [35.215677974948434, 31.750750274772297], [35.21570831964251, 31.75076154514039], [35.21574196363321, 31.750781833656816], [35.21577115564774, 31.750808886399607], [35.215791113940504, 31.750837067269046], [35.215991531243965, 31.751262043588323], [35.21601990384829, 31.751326297448696], [35.216094629622276, 31.75148974998558], [35.216185190346536, 31.751687020190058], [35.216355078423874, 31.752127079353457], [35.215261703897376, 31.752286656039104], [35.214829628289486, 31.750861694356846]]]}, "properties": {"plane_name": "מתחם תלפיות", "land_use": "תעסוקה ומסחר", "num_of_hel": " ", "feature_type": "landuse", "plan_short": "תלפיות"}}, {"type": "Feature", "geometry": {"type": "Polygon", "coordinates": [[[35.214178977069146, 31.75261619319592], [35.214157202038265, 31.752523652974546], [35.2140849316139, 31.75214713831509], [35.21406694721522, 31.752058082510977], [35.2140669387678, 31.75205804463413], [35.21409213660141, 31.752051621581128], [35.21497325859255, 31.75182703169964], [35.21535278436824, 31.753131653262926], [35.21492049436025, 31.75320561215714], [35.21445445765824, 31.753287943178357], [35.21432566261171, 31.753310499411803], [35.214289089576, 31.753135712146722], [35.214178977069146, 31.75261619319592]]]}, "properties": {"plane_name": "מתחם תלפיות", "land_use": "תעסוקה ומסחר", "num_of_hel": " ", "feature_type": "landuse", "plan_short": "תלפיות"}}, {"type": "Feature", "geometry": {"type": "Polygon", "coordinates": [[[35.21555311363664, 31.753097903257157], [35.21551482912912, 31.753104250183682], [35.21533229730068, 31.752407268118848], [35.21639287999729, 31.752225903552848], [35.21660288855303, 31.75277934027831], [35.216572395285674, 31.752896583007978], [35.21657687977609, 31.75292003144202], [35.21633558839024, 31.752961989185405], [35.21627254068417, 31.752973024645645], [35.21620085961307, 31.75298557056385], [35.21566539505709, 31.75307929011074], [35.21555311363664, 31.753097903257157]]]}, "properties": {"plane_name": "מתחם תלפיות", "land_use": "תעסוקה ומסחר", "num_of_hel": " ", "feature_type": "landuse", "plan_short": "תלפיות"}}, {"type": "Feature", "geometry": {"type": "Polygon", "coordinates": [[[35.21449798857405, 31.754161245413773], [35.21445172370833, 31.753928253040694], [35.21443522246155, 31.753838069890634], [35.214416246898026, 31.753744505015018], [35.2143580015742, 31.753458173937418], [35.21552866291195, 31.753254343877934], [35.215678025266534, 31.75405004892354], [35.21449798857405, 31.754161245413773]]]}, "properties": {"plane_name": "מתחם תלפיות", "land_use": "תעסוקה ומסחר", "num_of_hel": " ", "feature_type": "landuse", "plan_short": "תלפיות"}}, {"type": "Feature", "geometry": {"type": "Polygon", "coordinates": [[[35.21710044481982, 31.75408696623931], [35.217249954584474, 31.754475715635635], [35.21731606819171, 31.754653979235197], [35.217213162457725, 31.754668644613023], [35.217071831164475, 31.754688950268626], [35.216926213718985, 31.75471038349503], [35.21641877530633, 31.754788216530176], [35.216270188817276, 31.754811903898023], [35.21607146760676, 31.754835595702644], [35.21599901013804, 31.75483790564116], [35.21570417810717, 31.753223570989416], [35.21664646213726, 31.75305665332623], [35.21667251882738, 31.753063414649997], [35.21668604300406, 31.753069049873616], [35.21670369020342, 31.753078066614503], [35.2167249666209, 31.753099483365204], [35.21687344116952, 31.753489516689264], [35.21710044481982, 31.75408696623931]]]}, "properties": {"plane_name": "מתחם תלפיות", "land_use": "תעסוקה ומסחר", "num_of_hel": " ", "feature_type": "landuse", "plan_short": "תלפיות"}}, {"type": "Feature", "geometry": {"type": "Polygon", "coordinates": [[[35.21577000020831, 31.754491973387623], [35.21583467662518, 31.75484175155557], [35.215759446230955, 31.754842387783913], [35.2150839507789, 31.754868374347343], [35.21497312742762, 31.75487402013655], [35.21480342957845, 31.754884179881184], [35.214639337586355, 31.754887575115628], [35.21460171911535, 31.7547286280632], [35.21459051719247, 31.754668447981523], [35.21458508045782, 31.75463923947987], [35.21458472244471, 31.75463731767809], [35.21456756164906, 31.7545505165247], [35.21451261047345, 31.754234875345112], [35.214511514305784, 31.754229358849575], [35.215253793672744, 31.754158227811146], [35.21531801865749, 31.75415207263644], [35.21549281957952, 31.754135321080913], [35.215702203175425, 31.754115255546097], [35.21577000020831, 31.754491973387623]]]}, "properties": {"plane_name": "מתחם תלפיות", "land_use": "תעסוקה ומסחר", "num_of_hel": " ", "feature_type": "landuse", "plan_short": "תלפיות"}}, {"type": "Feature", "geometry": {"type": "Polygon", "coordinates": [[[35.21600636248676, 31.754837671392785], [35.21607146760676, 31.754835595702644], [35.216270188817276, 31.754811903898023], [35.21641877530633, 31.754788216530176], [35.216926213718985, 31.75471038349503], [35.217071831164475, 31.754688950268626], [35.217213162457725, 31.754668644613023], [35.21731606819171, 31.754653979235197], [35.2173248119415, 31.754678779068676], [35.217342524353114, 31.754728981142772], [35.21728241895682, 31.754745430572424], [35.21724994985433, 31.754754316121705], [35.21723065551612, 31.75475882729116], [35.21704941605335, 31.754788155384354], [35.21669864673605, 31.754843427748973], [35.21651245891285, 31.75487275555636], [35.216443690389994, 31.754884035140716], [35.21628256950614, 31.754903214486877], [35.21608384782007, 31.754924651699568], [35.216021870121594, 31.754927798501452], [35.21600636248676, 31.754837671392785]]]}, "properties": {"plane_name": "מתחם תלפיות", "land_use": "שטח ציבורי פתוח", "num_of_hel": " ", "feature_type": "landuse", "plan_short": "תלפיות"}}, {"type": "Feature", "geometry": {"type": "Polygon", "coordinates": [[[35.215831987299836, 31.754841774343433], [35.21584818195735, 31.75493256426706], [35.2157660539337, 31.75493257163255], [35.21564698418079, 31.754938218744478], [35.215486026211025, 31.75494499670858], [35.215464092675866, 31.75494612592396], [35.21498336226975, 31.75496645833477], [35.21483147501939, 31.75497436202229], [35.214808057481584, 31.75497549124645], [35.21471834321823, 31.754980007779135], [35.2146757946411, 31.754984520446225], [35.21463819347212, 31.75498339617353], [35.214639337586355, 31.754887575115628], [35.21480342957845, 31.754884179881184], [35.21497312742762, 31.75487402013655], [35.2150839507789, 31.754868374347343], [35.215759446230955, 31.754842387783913], [35.215831987299836, 31.754841774343433]]]}, "properties": {"plane_name": "מתחם תלפיות", "land_use": "שטח ציבורי פתוח", "num_of_hel": " ", "feature_type": "landuse", "plan_short": "תלפיות"}}, {"type": "Feature", "geometry": {"type": "Polygon", "coordinates": [[[35.212451850762434, 31.748353187400138], [35.21238507005246, 31.7483568918841], [35.21225763128377, 31.74835577251932], [35.2122009035457, 31.748351266786965], [35.21214100937197, 31.74834360476359], [35.21209219671725, 31.748334589273895], [35.21204443926008, 31.748323093627434], [35.21198428045858, 31.7483055112477], [35.21192306573951, 31.748281165062078], [35.21190723424117, 31.748273500312912], [35.21186950053654, 31.748230664882897], [35.211856570217634, 31.748208570431384], [35.211845486531274, 31.748182643027647], [35.21183702711952, 31.748137461071078], [35.21221159923114, 31.747703210872814], [35.212417381929804, 31.74746463920173], [35.212446731620844, 31.74744670054313], [35.21247074088466, 31.74743880787337], [35.21249369533228, 31.747437453645716], [35.21251665007496, 31.747439481334368], [35.21254145197506, 31.74744421443694], [35.2125646714188, 31.747455936938525], [35.21258921121056, 31.747480285187013], [35.21261480641822, 31.747504858823838], [35.21265517905149, 31.747552428555245], [35.212696871601075, 31.74760721295075], [35.212733815919265, 31.747672594327135], [35.212880047619606, 31.74833904838362], [35.21285762167857, 31.748351675712], [35.21282387950253, 31.748360920063156], [35.21266580313561, 31.748341317107677], [35.212569348113654, 31.7483466685801], [35.212451850762434, 31.748353187400138]]]}, "properties": {"plane_name": "מתחם תלפיות", "land_use": "תעסוקה ומסחר", "num_of_hel": " ", "feature_type": "landuse", "plan_short": "תלפיות"}}, {"type": "Feature", "geometry": {"type": "Polygon", "coordinates": [[[35.21146161865361, 31.74945721307388], [35.21141084599315, 31.749439524388766], [35.2113227838091, 31.74940796463627], [35.21128007104939, 31.749386548133426], [35.21091297511283, 31.749192670767044], [35.21090571898536, 31.749189289219334], [35.210932266698094, 31.749161105194442], [35.21128052030278, 31.748769911442047], [35.21142925255158, 31.748607571152238], [35.21146750746441, 31.74856585868578], [35.21158309740227, 31.74844184847593], [35.211627289730764, 31.748412535997712], [35.21167478022305, 31.748384350621937], [35.21171913900384, 31.748378711541665], [35.21177603155586, 31.74838547209221], [35.21182715530165, 31.748418161007326], [35.21191868065421, 31.748464375197592], [35.2120166379869, 31.748501570483523], [35.212092165988274, 31.7485241120673], [35.212160933467835, 31.748537635566297], [35.21222788530774, 31.74854664991353], [35.212270596370395, 31.74855002919581], [35.21235684238196, 31.74855227843941], [35.2124279153569, 31.7485466374375], [35.21252273556492, 31.7485387402675], [35.21259842652855, 31.74852858964885], [35.212723093711766, 31.748513926561582], [35.212838361616065, 31.748500391283173], [35.21293130087979, 31.749053571550657], [35.21296401938464, 31.74922548900446], [35.21298223403267, 31.749310915061653], [35.213000382757876, 31.74941349872389], [35.21311571946133, 31.749435595996147], [35.213169422538094, 31.750037315092715], [35.21312637651038, 31.75002606843907], [35.212994701086444, 31.74997882884321], [35.21295096144143, 31.7499647548927], [35.21267605186021, 31.749877970496506], [35.21248063057702, 31.749811471992718], [35.21233484774246, 31.749759625082635], [35.212158721617335, 31.74970214332919], [35.21201293941086, 31.749653677969114], [35.21196511541001, 31.749636771228502], [35.211664722246084, 31.749529152635283], [35.21146161865361, 31.74945721307388]]]}, "properties": {"plane_name": "מתחם תלפיות", "land_use": "תעסוקה ומסחר", "num_of_hel": " ", "feature_type": "landuse", "plan_short": "תלפיות"}}, {"type": "Feature", "geometry": {"type": "Polygon", "coordinates": [[[35.21257034516087, 31.74984200002782], [35.21254123923068, 31.749927999138613], [35.21249135805986, 31.749911801578246], [35.21229676072876, 31.749840793514814], [35.212170274070374, 31.749802472893123], [35.21192537870386, 31.749720194262263], [35.21156488152995, 31.7495928294731], [35.21132163642924, 31.749504913053844], [35.210943495133726, 31.749370783623387], [35.21091677865656, 31.749356130012558], [35.21089237085928, 31.749333585132796], [35.210870271510466, 31.749299767065903], [35.210868455463896, 31.749273839109225], [35.21086927823994, 31.74925242024406], [35.210877522528364, 31.749229873694098], [35.21089236186454, 31.749205072193668], [35.21090571898536, 31.749189289219334], [35.21091297511283, 31.749192670767044], [35.21128007104939, 31.749386548133426], [35.2113227838091, 31.74940796463627], [35.21141084599315, 31.749439524388766], [35.21146161865361, 31.74945721307388], [35.21152084219062, 31.74947784669171], [35.211559266325445, 31.749491372210098], [35.211664722246084, 31.749529152635283], [35.21196511541001, 31.749636771228502], [35.21201293941086, 31.749653677969114], [35.212158721617335, 31.74970214332919], [35.21233484774246, 31.749759625082635], [35.21248063057702, 31.749811471992718], [35.21257034516087, 31.74984200002782]]]}, "properties": {"plane_name": "מתחם תלפיות", "land_use": "שטח ציבורי פתוח", "num_of_hel": " ", "feature_type": "landuse", "plan_short": "תלפיות"}}, {"type": "Feature", "geometry": {"type": "Polygon", "coordinates": [[[35.21202837925994, 31.750080940591136], [35.21202194227175, 31.750054892985972], [35.212010825093834, 31.750009906914023], [35.21209970359218, 31.74992309897071], [35.212162535120825, 31.749945641276184], [35.21234806178258, 31.750009886272796], [35.21238170554446, 31.750039194129773], [35.21238187387282, 31.750082031760343], [35.212272065542, 31.750317645629718], [35.212237107586304, 31.750349212366352], [35.212185985567274, 31.75035147012085], [35.21200144942325, 31.75030075250818], [35.212052890946936, 31.7501801276454], [35.21202837925994, 31.750080940591136]]]}, "properties": {"plane_name": "מתחם תלפיות", "land_use": "מסחר", "num_of_hel": " ", "feature_type": "landuse", "plan_short": "תלפיות"}}, {"type": "Feature", "geometry": {"type": "Polygon", "coordinates": [[[35.21220785086819, 31.75049255972829], [35.21219972875375, 31.750522131724967], [35.21216924332624, 31.7506391921717], [35.21212760341499, 31.750633429215174], [35.21185425057762, 31.750601134239414], [35.21172703985975, 31.750586419919696], [35.211697901590085, 31.750582751087226], [35.21159615556016, 31.75057541406768], [35.21152641434964, 31.75057215422097], [35.211446164596516, 31.750572158696293], [35.21136639316214, 31.750575019238003], [35.21130179453775, 31.750579581589857], [35.211229148283124, 31.75058330742959], [35.21114923770069, 31.750588688499615], [35.21104927226771, 31.750597052972147], [35.21103968919062, 31.75059872639583], [35.21103398683829, 31.75059973405457], [35.2110282865973, 31.75060075073142], [35.21102258846755, 31.750601774622673], [35.21101689139373, 31.750602807532037], [35.21101119748667, 31.75060384945944], [35.21100550569085, 31.75060489860126], [35.21099981600638, 31.750605956761163], [35.21099085140349, 31.750607642774845], [35.21098516805274, 31.750608722578026], [35.210979485757896, 31.750609811399364], [35.21097380662975, 31.750610908336874], [35.21096812855747, 31.750612013390686], [35.210962453651874, 31.750613126560694], [35.21095677980223, 31.750614248748846], [35.210951109119236, 31.750615379053176], [35.210945441603016, 31.75061651837555], [35.21093977514258, 31.750617664912365], [35.210934110793474, 31.75061882046728], [35.21092844961107, 31.750619984138396], [35.210920301899655, 31.7506216737125], [35.21091464599538, 31.75062285722331], [35.210908993257775, 31.75062404885032], [35.210903341576085, 31.750625249495464], [35.210897693061014, 31.75062645735495], [35.21089204665725, 31.75062767423252], [35.21088640342018, 31.750628899226303], [35.21088076229442, 31.750630133238175], [35.21087512327986, 31.750631374464437], [35.210869487432014, 31.75063262470875], [35.21086385369544, 31.75063388306931], [35.210858222070165, 31.75063515044795], [35.2108525936115, 31.75063642504095], [35.21084696726415, 31.750637708652036], [35.2108413440834, 31.750638999477484], [35.21083572406936, 31.750640299320978], [35.210830105111214, 31.75064160818261], [35.21082449037512, 31.75064292425854], [35.21081887669479, 31.75064424845077], [35.21081326723663, 31.750645581660994], [35.2108076598897, 31.750646922987464], [35.210802054654, 31.750648272430197], [35.21070308951207, 31.750669948714584], [35.21065171234103, 31.750679222220136], [35.21063384431293, 31.75068245170337], [35.21063120158858, 31.750683123707546], [35.21062884804439, 31.750683726255453], [35.210626495555815, 31.750684332410618], [35.21062414517831, 31.750684942173038], [35.21062179585634, 31.750685554640885], [35.21061944759003, 31.750686170716012], [35.2106171003794, 31.750686791300268], [35.21061475422434, 31.750687414589986], [35.21061241018027, 31.75068804058505], [35.21061006719189, 31.750688671089286], [35.210607725259145, 31.75068930520079], [35.21060538438196, 31.750689942017726], [35.21060304456041, 31.75069058244196], [35.21060070684989, 31.750691226473432], [35.210598370195015, 31.750691874112174], [35.21059603459571, 31.750692524456383], [35.21059370005208, 31.7506931793097], [35.21059136761942, 31.750693836868408], [35.210589036242425, 31.7506944980344], [35.21058670592105, 31.75069516280768], [35.21058437665522, 31.750695830286404], [35.210582049500516, 31.75069650227422], [35.21057972340136, 31.750697176967453], [35.21057739835784, 31.750697855267997], [35.21057507436994, 31.750698537175804], [35.210572752493086, 31.750699222690862], [35.21057043272723, 31.750699910911305], [35.21056811296156, 31.75070060273906], [35.210565795306955, 31.750701298174096], [35.210563478707954, 31.75070199721639], [35.210561163164584, 31.750702699866], [35.2105588497322, 31.750703405220957], [35.21055653735544, 31.75070411418323], [35.21055422708972, 31.750704826752724], [35.21055191787963, 31.750705542929516], [35.2105496097251, 31.75070626181173], [35.21054730368161, 31.750706984301207], [35.210544998693734, 31.750707710397943], [35.21054269476151, 31.750708440101988], [35.210540392940295, 31.750709173413263], [35.21053809217465, 31.750709909429983], [35.21053579352005, 31.75071064905393], [35.21053349592108, 31.750711392285176], [35.21053120043306, 31.750712138221818], [35.21052890600069, 31.750712887765722], [35.21052661262395, 31.75071364091693], [35.21052432135822, 31.750714397675377], [35.210522031148145, 31.750715158041114], [35.21051974304902, 31.750715921112228], [35.21051745600553, 31.750716687790653], [35.21051517001766, 31.75071745807635], [35.21051288719618, 31.7507182310674], [35.21051060437489, 31.750719007665754], [35.21050832366466, 31.750719787871365], [35.21050604506546, 31.750720571684248], [35.21050376752183, 31.750721358202533], [35.210501491033796, 31.75072214832812], [35.21049921771224, 31.750722942060897], [35.21049694439087, 31.75072373940102], [35.210494673180484, 31.75072453944653], [35.21049240408113, 31.750725343099266], [35.21049013603739, 31.750726150359302], [35.210487870104636, 31.750726960324744], [35.21048560522751, 31.750727773897452], [35.210483342461394, 31.750728591077387], [35.21048108180627, 31.750729410962744], [35.21047882220676, 31.75073023445538], [35.210476563662866, 31.75073106155531], [35.21047430723002, 31.75073189226248], [35.21047205290814, 31.750732725675036], [35.210469799641864, 31.75073356269488], [35.21046754848656, 31.750734402420125], [35.210465299442326, 31.7507352457526], [35.21046305145367, 31.750736092692385], [35.210460805576076, 31.750736943239385], [35.21045856075403, 31.750737796491848], [35.210456318043, 31.750738653351547], [35.21045407744302, 31.750739513818466], [35.21045183895401, 31.750740376990798], [35.210449601520615, 31.750741243770435], [35.21044736514277, 31.750742113255498], [35.21044513193139, 31.75074298634775], [35.210442899775614, 31.7507438630473], [35.21044066867545, 31.750744743354133], [35.21043844074169, 31.750745626366307], [35.21043621386354, 31.750746512985796], [35.210433988040926, 31.750747402310694], [35.21043176538477, 31.750748295242815], [35.21042954378423, 31.750749191782198], [35.21042732429466, 31.750750091027], [35.210419601992285, 31.750753248752535], [35.21041304273218, 31.750755943776046], [35.21040648874944, 31.750758648719277], [35.210399940044056, 31.750761363582193], [35.21039339661597, 31.750764087462997], [35.21038685846524, 31.750766821263497], [35.21038032559187, 31.750769564983706], [35.210373799051276, 31.750772318623582], [35.21036727778798, 31.750775081281322], [35.210360761802036, 31.750777853858775], [35.21035425214881, 31.75078063545404], [35.21034943217726, 31.75078270361045], [35.210347747772914, 31.750783426969022], [35.21034076002824, 31.75078643855647], [35.21033426726237, 31.750789249008953], [35.21032777977385, 31.75079206938116], [35.2103212986181, 31.750794899673032], [35.21031482273962, 31.750797738982783], [35.21030835213848, 31.750800588212257], [35.210301887870116, 31.750803447361392], [35.21029542993443, 31.750806315528354], [35.21028897622061, 31.750809192713252], [35.21028252989497, 31.750812079817788], [35.21027608884667, 31.750814976842026], [35.21026965307562, 31.750817882884128], [35.21026322363733, 31.75082079884594], [35.21025680053173, 31.750823723825572], [35.21025038270339, 31.75082665782307], [35.21024397120781, 31.750829601740257], [35.21023756498955, 31.750832555577176], [35.210231983031356, 31.750835140521325], [35.21023109333743, 31.75083555180348], [35.210224698729185, 31.750838524577958], [35.21021831150902, 31.750841506370236], [35.21021192956612, 31.750844497180378], [35.21020288070537, 31.7508495876072], [35.210196506187586, 31.750853189867097], [35.21019013800245, 31.75085680204673], [35.210183778260706, 31.750860422342235], [35.21017742485167, 31.75086405345928], [35.21017107988602, 31.750867692692225], [35.210164741253, 31.750871341844846], [35.21015841106349, 31.750875000917077], [35.21015208720655, 31.75087866900714], [35.21014577073763, 31.750882346115006], [35.21013946271215, 31.750886032240636], [35.21013316101931, 31.750889728285955], [35.21012686776987, 31.750893433349034], [35.210120581908456, 31.7508971474299], [35.210114302379644, 31.750900870528653], [35.2101080312943, 31.75090460354697], [35.210101767596946, 31.75090834558311], [35.21009551234302, 31.750912096637016], [35.21008926342173, 31.750915857610618], [35.21008302294381, 31.75091962670013], [35.210076788798524, 31.75092340570936], [35.21007056309666, 31.750927193736356], [35.21006434583821, 31.75093099078111], [35.21005813491234, 31.750934796843726], [35.21005193242994, 31.75093861282596], [35.2100457373355, 31.75094243692417], [35.210039550684506, 31.750946270941984], [35.21003337142151, 31.75095011397763], [35.2100271995465, 31.750953966031105], [35.21002103505949, 31.75095782710236], [35.210014879015894, 31.75096169719142], [35.2100087314157, 31.750965576298253], [35.210002590148086, 31.750969464422965], [35.20999645732388, 31.750973361565446], [35.209990332943065, 31.750977267725712], [35.20998421595026, 31.750981182903796], [35.20997810740085, 31.750985107099673], [35.20997200623949, 31.75098904121522], [35.20996591352148, 31.750992983446707], [35.209959828191444, 31.750996934696033], [35.20995375130477, 31.75100089406129], [35.20994768180612, 31.75100486334623], [35.20994162075088, 31.75100884164898], [35.20993556708362, 31.751012828969532], [35.20992952291514, 31.751016824406012], [35.20992348613468, 31.751020829762165], [35.20991745674214, 31.751024843234298], [35.209889006357685, 31.751053707112902], [35.209881257904335, 31.751061567928133], [35.209880107565304, 31.751062794486895], [35.20986996558677, 31.751073653137276], [35.209813714918624, 31.751132004915352], [35.209755353387486, 31.75119134878652], [35.20971904907916, 31.75123157259602], [35.20971894248668, 31.75123166819607], [35.20971883589421, 31.751231763796095], [35.20971872824631, 31.751231859396146], [35.20971862165383, 31.751231954996182], [35.20971851400588, 31.75123204969442], [35.209718480233974, 31.751232079456706], [35.209718440129826, 31.75123211463033], [35.209718298709966, 31.751232239090864], [35.209718191062024, 31.751232333789076], [35.20971808235864, 31.751232428487356], [35.209718047531354, 31.75123245915155], [35.20971800848253, 31.751232492521456], [35.209717973655266, 31.751232523185642], [35.20971786600726, 31.75123261698201], [35.20971775730383, 31.751232710778446], [35.209717647544956, 31.7512328045749], [35.209717538841545, 31.75123289837132], [35.20971742908268, 31.75123299216779], [35.20971732037918, 31.751233085062356], [35.20971721062033, 31.751233178858847], [35.20971710086142, 31.75123327175345], [35.20971699004709, 31.751233364648133], [35.20971688028817, 31.75123345754275], [35.2097167694738, 31.75123354953557], [35.20971665865945, 31.751233642430233], [35.20971654784506, 31.75123373442307], [35.20971647185806, 31.751233797555376], [35.20971643703068, 31.75123382641588], [35.20971632621628, 31.751233918408712], [35.209716214346415, 31.75123400949973], [35.20971610353203, 31.751234101492553], [35.209715991662165, 31.751234192583574], [35.20971587979229, 31.7512342836746], [35.209715766867, 31.75123437476566], [35.20971565499714, 31.751234465856673], [35.20971554312727, 31.751234556947683], [35.209715430201925, 31.75123464713691], [35.20971531727663, 31.751234738227996], [35.2097152043513, 31.7512348284172], [35.209715091425885, 31.751234917704572], [35.20971497744511, 31.751235007893833], [35.20971486346435, 31.751235098083097], [35.20971475053894, 31.751235187370483], [35.209714636558125, 31.751235276657884], [35.209714522577315, 31.751235365945316], [35.20971440754105, 31.751235455232774], [35.209714293560175, 31.75123554361834], [35.20971417852393, 31.75123563290579], [35.20971406454305, 31.751235721291387], [35.20971394950676, 31.75123580967699], [35.20971383341502, 31.75123589806266], [35.209713718378666, 31.751235985546437], [35.20971360334237, 31.75123607393204], [35.209713487250596, 31.75123616141588], [35.20971340809709, 31.751236220940957], [35.20971333422051, 31.751236276858403], [35.20971329200532, 31.751236308424755], [35.20971325506702, 31.75123633638349], [35.20971313897526, 31.751236423867297], [35.20971302288341, 31.751236510449274], [35.20971290573614, 31.751236597031305], [35.20971278964432, 31.751236683613264], [35.20971267249706, 31.751236770195263], [35.20971263555877, 31.75123679815401], [35.20971259228809, 31.75123682881855], [35.209712555349796, 31.751236856777282], [35.20971243820254, 31.751236943359316], [35.20971231999982, 31.75123702903951], [35.20971220285251, 31.75123711471969], [35.20971208464975, 31.751237200399913], [35.20971196750245, 31.751237286080055], [35.20971184929966, 31.75123737085844], [35.209711731096924, 31.75123745653864], [35.20971161183872, 31.751237541317057], [35.20971149363592, 31.751237626095428], [35.209711374377704, 31.751237710873827], [35.20971125511944, 31.751237794750416], [35.20971113691666, 31.75123787952877], [35.20971101660297, 31.751237963405384], [35.209710897344685, 31.751238047281955], [35.20971077808642, 31.75123813115853], [35.209710657772725, 31.751238215035112], [35.20971053745899, 31.75123829800988], [35.20971041820066, 31.75123838098462], [35.209710297886915, 31.751238463959368], [35.209710176517746, 31.751238546934182], [35.209710056204, 31.751238629908944], [35.20970993483478, 31.75123871198191], [35.20970981452098, 31.75123879405484], [35.20970969315176, 31.751238876127793], [35.209709571782525, 31.751238958200748], [35.20970945041331, 31.751239040273727], [35.209709329044024, 31.75123912144484], [35.20970920661939, 31.751239203517834], [35.20970908419468, 31.751239284689003], [35.2097089628254, 31.751239365860126], [35.20970884040065, 31.75123944612945], [35.20970871797594, 31.751239527300594], [35.209708594495766, 31.751239607569964], [35.209708472071014, 31.751239687839284], [35.20970834964626, 31.751239768108597], [35.20970822616607, 31.751239848377953], [35.20970810268584, 31.75123992774547], [35.20970801825491, 31.751239981859708], [35.20970785572537, 31.751240086480493], [35.209707732245136, 31.751240165848003], [35.20970760770948, 31.751240245215563], [35.20970748422919, 31.751240323681234], [35.209707359693546, 31.75124040304879], [35.209707235157836, 31.751240481514518], [35.20970711062206, 31.751240559078386], [35.209706986086346, 31.751240637544097], [35.20970686049515, 31.751240715108015], [35.20970673595945, 31.751240793573725], [35.20970661036828, 31.75124087113764], [35.20970648477707, 31.75124094870155], [35.20970635918584, 31.75124102536362], [35.20970623359464, 31.75124110292752], [35.209706108003395, 31.75124117958959], [35.20970598241215, 31.751241256251674], [35.2097058557655, 31.75124133291377], [35.20970572911877, 31.75124140867403], [35.209705603527524, 31.751241485336106], [35.20970547688081, 31.751241561096375], [35.20970543572061, 31.751241585447893], [35.20970534917866, 31.751241636856665], [35.20970522253189, 31.75124171171511], [35.20970509588517, 31.75124178747535], [35.20970496818297, 31.751241862333835], [35.20970484153621, 31.751241937192255], [35.209704713833986, 31.751242012050703], [35.20970467267375, 31.7512420355004], [35.20970462729206, 31.751242063459493], [35.20970458613181, 31.751242086909176], [35.2097044584296, 31.75124216176763], [35.209704329671936, 31.751242235724312], [35.20970420196967, 31.75124230968092], [35.20970416080944, 31.751242333130612], [35.209704073212016, 31.751242383637592], [35.209703945509695, 31.751242456692353], [35.209703816752025, 31.751242530649034], [35.209703687994285, 31.751242603703837], [35.20970364683405, 31.751242627153523], [35.209703559236566, 31.751242676758636], [35.20970343047884, 31.75124274981348], [35.20970330066568, 31.751242822868328], [35.20970317190791, 31.751242895021303], [35.209703042094695, 31.751242967174324], [35.20970295344179, 31.751243016779494], [35.20970287112119, 31.75124306187518], [35.2097028236286, 31.75124308893252], [35.2097027824683, 31.751243111480346], [35.20970265265507, 31.75124318363337], [35.209702522841816, 31.751243254884546], [35.20970239302856, 31.7512433261357], [35.20970226215988, 31.751243397386926], [35.209702132346614, 31.75124346863808], [35.20970200147788, 31.751243538987477], [35.20970187060915, 31.75124360933683], [35.20970173974044, 31.751243680588036], [35.209701608871676, 31.75124375003557], [35.20970147694751, 31.75124382038498], [35.20970134607872, 31.751243889832498], [35.209701214154556, 31.75124396018191], [35.209701083285765, 31.75124402962943], [35.209700951361484, 31.751244098175153], [35.209700819437266, 31.751244167622723], [35.20970068751302, 31.751244236168453], [35.20970055558881, 31.751244305616012], [35.20970042260905, 31.751244373259933], [35.209700290684786, 31.751244441805657], [35.20970015770508, 31.751244510351416], [35.20970002472534, 31.751244577995344], [35.20969989280102, 31.751244645639208], [35.20969975982128, 31.751244713283132], [35.209699625786044, 31.751244780025257], [35.2096994928063, 31.751244847669174], [35.2096993598265, 31.75124491441125], [35.20969922579129, 31.75124498115336], [35.20969909281149, 31.75124504789544], [35.20969895877621, 31.75124511373572], [35.20969882474097, 31.751245180477834], [35.20969869070571, 31.75124524631811], [35.20969855667043, 31.751245312158392], [35.20969842157969, 31.75124537709685], [35.209698287544406, 31.75124544293712], [35.20969815350908, 31.751245507875552], [35.20969801841832, 31.751245572814025], [35.209697883327564, 31.7512456377525], [35.20969774823676, 31.751245701789106], [35.209697613145956, 31.75124576582575], [35.209697478055205, 31.751245830764205], [35.209697342964354, 31.75124589389901], [35.209697206818106, 31.75124595793567], [35.20969707172731, 31.751246021972296], [35.20969693558102, 31.75124608510712], [35.20969680049017, 31.751246148241886], [35.20969666434389, 31.751246211376724], [35.20969652819755, 31.75124627360971], [35.209696392051214, 31.75124633584267], [35.2096962548495, 31.751246398977557], [35.20969611870309, 31.751246460308682], [35.20969598255677, 31.751246522541656], [35.20969584535501, 31.75124658477469], [35.209695708153184, 31.751246646105873], [35.20969566488188, 31.751246665948255], [35.20969561422269, 31.751246687594644], [35.20969557095138, 31.751246707437044], [35.20969543374955, 31.751246768768215], [35.20969529654769, 31.75124682919755], [35.20969515934583, 31.75124688962687], [35.20969502214401, 31.751246950958052], [35.209694884942095, 31.751247010485535], [35.209694746684804, 31.75124707091492], [35.20969460842746, 31.75124713044245], [35.20969447122559, 31.751247190871783], [35.20969433296825, 31.751247250399324], [35.209694194710856, 31.751247309025], [35.20969405645349, 31.751247368552526], [35.209693918196116, 31.751247427178225], [35.209693778883285, 31.751247485803944], [35.209693640625886, 31.751247544429624], [35.209693501313076, 31.75124760305534], [35.209693363055614, 31.75124766077919], [35.209693223742754, 31.751247718503077], [35.20969317941589, 31.751247736541828], [35.20969308442988, 31.75124777622695], [35.209692945117, 31.75124783395083], [35.209692805804075, 31.751247890772884], [35.20969266649118, 31.75124794849675], [35.20969252612284, 31.751248005318843], [35.20969234776004, 31.75124807747386], [35.209692006863825, 31.751248186611313], [35.20969166596755, 31.751248294846917], [35.209691324015786, 31.751248402180707], [35.20969098311948, 31.751248509514472], [35.20969064116772, 31.751248616848265], [35.209690299215914, 31.751248723280217], [35.20968995726406, 31.751248828810308], [35.20968961425679, 31.75124893434047], [35.20968927124945, 31.751249038968773], [35.20968892929754, 31.75124914359701], [35.20968858629016, 31.75124924732348], [35.20968824222734, 31.751249351049974], [35.209687899219894, 31.751249453874586], [35.209687555156975, 31.751249555797393], [35.209687211094085, 31.7512496577202], [35.2096868670311, 31.751249758741153], [35.209686522968134, 31.751249859762115], [35.20968617890509, 31.751249959881232], [35.20968583378665, 31.751250060000377], [35.20968548866816, 31.751250159217687], [35.20968514354959, 31.751250257533155], [35.209684798431034, 31.751250355848615], [35.209684453312484, 31.751250454164083], [35.2096841071384, 31.75125055067591], [35.20968376201977, 31.751250648089492], [35.20968341584566, 31.751250743699487], [35.209683069671506, 31.751250839309446], [35.20968272244195, 31.751250934919458], [35.20968237626776, 31.75125102962758], [35.20968202903809, 31.751251123433885], [35.20968168180842, 31.751251217240213], [35.2096813345787, 31.751251310144685], [35.20968098734897, 31.751251403049164], [35.2096806401192, 31.75125149505178], [35.20968029183399, 31.751251587054437], [35.20967994460418, 31.75125167815523], [35.20967959631887, 31.75125176835421], [35.20967924803355, 31.751251858553182], [35.20967889869277, 31.751251947850353], [35.20967855040741, 31.751252037147484], [35.20967820106658, 31.75125212554282], [35.20967785278116, 31.751252213938088], [35.20967750344029, 31.751252301431585], [35.20967715409933, 31.751252388023197], [35.2096768047584, 31.751252474614834], [35.20967645436199, 31.751252560304664], [35.209676105020996, 31.751252645994445], [35.20967575462452, 31.751252730782447], [35.20967540422804, 31.751252815570425], [35.209675053831525, 31.751252899456567], [35.209674703434956, 31.751252982440846], [35.20967435198293, 31.75125306542519], [35.20967400158637, 31.75125314840947], [35.20967365013427, 31.751253229590105], [35.209673298682155, 31.75125331077077], [35.20967294723004, 31.751253391951398], [35.209672595777896, 31.751253472230193], [35.20967224432568, 31.751253551607142], [35.20967189181805, 31.751253630984138], [35.20967154036577, 31.751253709459235], [35.209671187858085, 31.751253787934377], [35.20967083535034, 31.75125386550769], [35.209670482842604, 31.751253943080982], [35.20967013033481, 31.75125401975241], [35.20966977782696, 31.751254095522043], [35.209669424263694, 31.751254171291684], [35.2096690717558, 31.751254246159444], [35.209668718192475, 31.751254321027243], [35.20966836462908, 31.751254394993193], [35.2096680110657, 31.751254468959168], [35.20966765750223, 31.751254541121426], [35.20966730288338, 31.75125461418556], [35.209666949319896, 31.751254686347842], [35.209666594700934, 31.75125475760829], [35.20966624008193, 31.751254827966918], [35.209665886518344, 31.75125489832548], [35.209665531899326, 31.751254968684098], [35.20966517622484, 31.75125503814091], [35.20966482160573, 31.751255106695826], [35.20966446698662, 31.751255175250748], [35.209664111312016, 31.75125524290387], [35.20966375563743, 31.75125531055698], [35.20966340101816, 31.75125537640636], [35.20966304534352, 31.751255443157635], [35.20966268966882, 31.75125550900705], [35.20966233399407, 31.75125557395463], [35.20966197726389, 31.751255638902272], [35.20966162158909, 31.75125570294798], [35.209661264858795, 31.751255766091923], [35.20966090918397, 31.751255829235802], [35.20966055245361, 31.751255891477886], [35.209660195723295, 31.751255953719973], [35.209659838992906, 31.751256015060196], [35.20965948226252, 31.751256076400416], [35.20965912447667, 31.751256136838855], [35.20965876774618, 31.751256196375397], [35.20965841101569, 31.751256255911947], [35.20965805322973, 31.751256314546694], [35.20965769544376, 31.751256373181423], [35.20965733765775, 31.75125643091432], [35.20965698092715, 31.751256488647172], [35.209656623141086, 31.75125654547822], [35.20965626429954, 31.751256601407455], [35.20965590651342, 31.75125665733665], [35.209655548727255, 31.751256712363997], [35.20965518988561, 31.751256766489558], [35.209654832099375, 31.751256820615055], [35.20965447325773, 31.75125687474061], [35.20965411441603, 31.751256927964302], [35.20965375557429, 31.751256980286175], [35.20965339673247, 31.751257031706185], [35.20965303789066, 31.751257083126188], [35.20965267904886, 31.751257134546197], [35.20965232020701, 31.75125718506435], [35.20965196136509, 31.751257234680672], [35.20965160146775, 31.751257284297033], [35.209651242625796, 31.751257333011498], [35.20965088272837, 31.75125738082418], [35.20965052283093, 31.751257428636844], [35.20965016293349, 31.751257476449506], [35.20964960356198, 31.75125754862023], [35.20964924260876, 31.75125759012002], [35.20964888271096, 31.75125763161976], [35.209648521757686, 31.751257672217722], [35.20964816080441, 31.751257712815665], [35.20964779985108, 31.751257752511762], [35.20964743889771, 31.75125779130601], [35.209647076888906, 31.751257830100293], [35.209646715935484, 31.751257867992702], [35.209646354982006, 31.751257904983273], [35.20964599297309, 31.751257941973876], [35.20964563201961, 31.751257978964436], [35.20964527106608, 31.75125801505313], [35.20964490905708, 31.75125805024005], [35.209644547048015, 31.75125808452511], [35.20964418609439, 31.75125811881014], [35.20964382408531, 31.751258153095186], [35.2096434620762, 31.75125818647841], [35.20964310006705, 31.75125821895977], [35.20964273805788, 31.75125825144114], [35.20964237604866, 31.75125828302066], [35.20964201403939, 31.751258313698333], [35.209641652030136, 31.751258344376005], [35.2096412889654, 31.75125837415189], [35.20964092695607, 31.751258403927707], [35.2096405649467, 31.751258432801684], [35.20964020293733, 31.751258461675675], [35.209639839872494, 31.751258489647864], [35.209639477863014, 31.751258516718146], [35.20963911479812, 31.75125854378848], [35.209638751733166, 31.75125856995696], [35.209638389723644, 31.751258596125407], [35.20963802665859, 31.751258620490198], [35.20963766359361, 31.75125864575684], [35.20963730158397, 31.751258670121583], [35.20963693851886, 31.751258693584546], [35.20963657545372, 31.751258716145635], [35.20963621238857, 31.751258738706728], [35.209635849323405, 31.751258761267835], [35.2096354862582, 31.751258782927085], [35.209635123192946, 31.751258803684493], [35.209634760127685, 31.751258824441894], [35.20963439706237, 31.751258844297453], [35.20963403399701, 31.751258863251167], [35.20963366987623, 31.751258882204926], [35.20963330681083, 31.751258900256794], [35.20963294374542, 31.75125891830865], [35.20963258067996, 31.751258935458672], [35.209632216559015, 31.7512589517069], [35.209631853493505, 31.75125896795506], [35.20963149042799, 31.75125898420323], [35.209631126306974, 31.751258998647767], [35.209630763241336, 31.751259013092245], [35.20963039912031, 31.751259027536765], [35.209630036054634, 31.751259041079397], [35.20962967193349, 31.751259053720222], [35.209629308867775, 31.751259066361], [35.20962894474659, 31.751259078099995], [35.2096285806254, 31.751259089838985], [35.20962821755953, 31.751259099774234], [35.20962785343827, 31.751259110611358], [35.20962748931698, 31.751259120546642], [35.209627126251064, 31.75125912958006], [35.20962676212966, 31.75125913771165], [35.20962639800827, 31.751259145843242], [35.209626034942296, 31.751259153974793], [35.209625670820806, 31.751259160302705], [35.20962530669935, 31.751259167532456], [35.2096249425778, 31.751259172958502], [35.20962457951167, 31.75125917838452], [35.20962421539012, 31.751259183810564], [35.20962385126848, 31.75125918743295], [35.20962348714687, 31.751259191957136], [35.209623123025175, 31.75125919467765], [35.20962275995889, 31.751259197398138], [35.209622395837194, 31.75125920011865], [35.20962203171543, 31.751259201937316], [35.20962166759362, 31.751259202854136], [35.20962130347182, 31.751259203770957], [35.20962094040539, 31.7512592037859], [35.2096205762835, 31.75125920289903], [35.20962021216159, 31.751259202012154], [35.20961984803963, 31.751259200223444], [35.209619483917685, 31.751259198434717], [35.209619119795676, 31.751259195744154], [35.209618756729036, 31.75125919215169], [35.20961839260697, 31.7512591885593], [35.20961802848492, 31.75125918496688], [35.20961766436275, 31.7512591795708], [35.2096173002406, 31.75125917417468], [35.20961693717388, 31.75125916877854], [35.20961657305167, 31.75125916248059], [35.2096162089294, 31.75125915528078], [35.20961584480714, 31.75125914808099], [35.20961548174026, 31.751259139979297], [35.20961511761793, 31.75125913187765], [35.209614753495565, 31.75125912287416], [35.209614390428584, 31.751259112968786], [35.20961402630617, 31.75125910306345], [35.20961366218373, 31.751259092256277], [35.20961329911669, 31.75125908144904], [35.20961293499416, 31.75125906974001], [35.20961257192702, 31.75125905712908], [35.209612207804454, 31.751259044518203], [35.209611844737275, 31.751259031005446], [35.20961148061461, 31.751259016590875], [35.20961111754741, 31.751259003078115], [35.209610753424705, 31.751258987761684], [35.2096103903574, 31.751258972445232], [35.20961002623464, 31.751258956226962], [35.20960966316729, 31.75125894000867], [35.2096093000999, 31.751258922888507], [35.20960893703246, 31.751258904866518], [35.209608572909595, 31.751258886844543], [35.20960820984211, 31.751258867920697], [35.20960784677462, 31.75125884899685], [35.20960748370706, 31.75125882917115], [35.20960712063947, 31.75125880844362], [35.20960675757188, 31.751258787716086], [35.2096063945043, 31.751258766988546], [35.20960603143661, 31.75125874445731], [35.209605668368894, 31.75125872192609], [35.20960530530121, 31.75125869939485], [35.20960494223346, 31.75125867596176], [35.20960457916567, 31.75125865162684], [35.20960421609788, 31.751258627291914], [35.20960385408546, 31.751258602055092], [35.20960349101762, 31.751258576818334], [35.20960312900514, 31.751258550679655], [35.209602765937206, 31.751258523639184], [35.20960240286926, 31.751258496598734], [35.20960204085668, 31.751258468656378], [35.209601678844116, 31.751258440714015], [35.20960131577606, 31.751258411869845], [35.20960095376339, 31.7512583821238], [35.20960059175073, 31.751258352377747], [35.20960022973801, 31.75125832172985], [35.209599867725295, 31.751258291081964], [35.209599504657085, 31.75125825953226], [35.20959914264426, 31.75125822708066], [35.20959878168687, 31.751258194629028], [35.209598419673995, 31.751258161275608], [35.20959805766113, 31.75125812792216], [35.20959767665044, 31.751258091863964], [35.209597461341744, 31.751258058504526], [35.20959724708846, 31.751258025145034], [35.20959703177976, 31.751257991785597], [35.20959681752643, 31.751257957524242], [35.2095966032731, 31.751257923262926], [35.20959638796429, 31.751257888099776], [35.20959617371095, 31.75125785383844], [35.20959595945753, 31.751257817773418], [35.20959574520416, 31.751257782610228], [35.20959553095072, 31.751257746545207], [35.2095953166973, 31.75125771048018], [35.20959510244381, 31.751257673513297], [35.20959488819034, 31.75125763654645], [35.20959467393686, 31.751257599579567], [35.209594460738806, 31.751257562612647], [35.20959424648528, 31.75125752474392], [35.20959403328712, 31.751257485973316], [35.209593819033586, 31.7512574481046], [35.20959360583543, 31.751257409333995], [35.20959339263723, 31.751257369661545], [35.20959317838361, 31.75125732998913], [35.2095929651854, 31.75125729031668], [35.209592751987195, 31.751257250644233], [35.20959253878894, 31.75125721006993], [35.20959232559069, 31.75125716949562], [35.209592112392436, 31.75125712892131], [35.209591900249556, 31.751257087445133], [35.209591687051265, 31.751257045968988], [35.209591473852896, 31.75125700359099], [35.209591261709974, 31.75125696121295], [35.20959104851162, 31.751256918834965], [35.209590836368704, 31.75125687645694], [35.20959062422571, 31.75125683317704], [35.209590411027314, 31.751256789897205], [35.209590198884285, 31.751256745715498], [35.20958998674124, 31.75125670153375], [35.209589774598214, 31.751256657352037], [35.20958956245516, 31.75125661226845], [35.2095893513675, 31.751256567184857], [35.20958913922443, 31.751256522101272], [35.20958892708128, 31.75125647611585], [35.20958871599359, 31.751256430130393], [35.20958850490589, 31.751256384144927], [35.20958829276271, 31.75125633725766], [35.20958808167496, 31.751256290370375], [35.2095878705872, 31.751256243483052], [35.209587659499405, 31.751256195693895], [35.209587448411604, 31.751256147904744], [35.20958723732381, 31.751256100115594], [35.20958702623594, 31.751256051424583], [35.2095868151481, 31.751256002733587], [35.209586605115625, 31.7512559531407], [35.20958639402771, 31.751255903547847], [35.20958618399525, 31.75125585395496], [35.20958597396278, 31.751255804362085], [35.209585762874816, 31.751255753867383], [35.20958555284229, 31.75125570337265], [35.20958534280971, 31.751255651976074], [35.209585132777136, 31.751255600579494], [35.20958492274457, 31.75125554918292], [35.20958471376742, 31.751255497786282], [35.20958450373479, 31.751255445487867], [35.20958429370216, 31.751255393189442], [35.20958408472491, 31.751255339989118], [35.20958387574766, 31.751255286788812], [35.20958366571499, 31.751255233588534], [35.2095834567377, 31.751255179486368], [35.209583247760385, 31.751255125384212], [35.20958303878309, 31.75125507128205], [35.20958283086117, 31.751255016277998], [35.209582621883825, 31.751254961273997], [35.209582412906464, 31.75125490627], [35.20958220498455, 31.751254851265937], [35.209581996007145, 31.75125479536008], [35.209581788085124, 31.751254738552333], [35.20958158016315, 31.751254682646447], [35.20958137224113, 31.751254625838698], [35.209581164319054, 31.751254568129113], [35.20958095639704, 31.751254511321385], [35.20958074847496, 31.751254453611782], [35.20958054160827, 31.751254395000313], [35.20958033368615, 31.75125433638887], [35.209580126819446, 31.751254277777406], [35.209579918897326, 31.75125421916597], [35.209579712030575, 31.751254159652635], [35.20957950516384, 31.751254100139317], [35.20957929829709, 31.751254040625994], [35.2095790914303, 31.751253980210837], [35.20957888561894, 31.75125391979561], [35.20957867875212, 31.751253859380444], [35.20957847294071, 31.751253798063384], [35.20957826607386, 31.751253736746353], [35.2095780602624, 31.751253674527472], [35.209577854450984, 31.751253613210416], [35.20957764863951, 31.75125355099149], [35.20957744282799, 31.75125348787074], [35.209577237016475, 31.751253424750022], [35.20957703120495, 31.75125336162926], [35.20957682644887, 31.751253298508463], [35.209576620637286, 31.751253234485862], [35.209576415881145, 31.75125317046323], [35.209576211125, 31.751253106440604], [35.20957600636881, 31.75125304151611], [35.20957580161263, 31.751252976591623], [35.20957559685638, 31.75125291076529], [35.20957539315561, 31.751252845840757], [35.209575188399334, 31.751252779112583], [35.20957498469851, 31.75125271328622], [35.209574779942216, 31.751252646558044], [35.20957457624136, 31.75125257982981], [35.2095743725405, 31.75125251310162], [35.209574168839566, 31.751252445471547], [35.20957396513865, 31.751252377841478], [35.209573762493115, 31.751252309309525], [35.20957355879222, 31.751252241679452], [35.20957335614662, 31.75125217224566], [35.209573153501076, 31.751252103713707], [35.20957294980007, 31.751252034279933], [35.20957274715448, 31.751251964846134], [35.20957254556431, 31.7512518954123], [35.20957234291868, 31.751251825076647], [35.20957214027303, 31.75125175474101], [35.209571938682814, 31.751251684405318], [35.209571736037134, 31.75125161316782], [35.20957153444688, 31.751251541930284], [35.20957133285656, 31.751251469790915], [35.2095711312663, 31.751251398553375], [35.20957092967595, 31.751251325512147], [35.20957072914107, 31.751251253372725], [35.2095705275507, 31.751251180331508], [35.20957032701576, 31.75125110729023], [35.209570126480834, 31.75125103424896], [35.20956992594585, 31.751250960305846], [35.20956972541087, 31.751250886362737], [35.209569524875874, 31.75125081241963], [35.20956932434084, 31.751250737574647], [35.20956912486125, 31.751250662729642], [35.2095689243262, 31.751250587884698], [35.20956872484656, 31.751250512137855], [35.20956852536688, 31.75125043639098], [35.20956832588724, 31.751250360644143], [35.209568126407525, 31.751250283995446], [35.20956792798325, 31.75125020734671], [35.20956772850353, 31.75125013069803], [35.20956753007921, 31.751250053147434], [35.209567331654874, 31.751249975596842], [35.20956713323056, 31.75124989804626], [35.20956693480617, 31.75124981959382], [35.20956673638184, 31.75124974204323], [35.20956653795743, 31.751249662688974], [35.20956634058847, 31.75124958423649], [35.209566143219455, 31.751249504882164], [35.20956594479503, 31.7512494255279], [35.20956574742598, 31.75124934527175], [35.209565551112355, 31.75124926501552], [35.209565353743294, 31.751249184759356], [35.20956515637425, 31.75124910450319], [35.20956496006057, 31.751249023345135], [35.20956476374689, 31.751248942187082], [35.20956456743316, 31.751248860127188], [35.20956437111944, 31.751248778067293], [35.20956417480571, 31.751248696007373], [35.209563978491985, 31.75124861394749], [35.20956378323364, 31.75124853098569], [35.2095635879753, 31.751248448023894], [35.209563392716944, 31.75124836506212], [35.20956319745854, 31.75124828119849], [35.20956300220016, 31.751248197334853], [35.209562806941754, 31.751248113471227], [35.20956261273872, 31.751248028705685], [35.20956241748029, 31.7512479439402], [35.20956222327726, 31.751247859174676], [35.20956202907419, 31.751247773507327], [35.20956183487113, 31.751247687839946], [35.20956164172348, 31.751247602172533], [35.20956144752036, 31.75124751560333], [35.209561254372666, 31.751247429034056], [35.209561061224974, 31.751247342464822], [35.20956086807728, 31.751247255895557], [35.20956067492953, 31.751247168424445], [35.20956048178179, 31.751247080953345], [35.20956028968942, 31.75124699258034], [35.209560096541686, 31.751246905109237], [35.209559904449264, 31.751246815834406], [35.2095597123569, 31.751246727461414], [35.20955952026449, 31.751246638186565], [35.2095593292275, 31.751246548911684], [35.20955913713508, 31.75124645963685], [35.20955894609804, 31.751246369460134], [35.209558755061, 31.751246279283418], [35.20955856402397, 31.751246189106677], [35.209558372986926, 31.75124609892995], [35.20955818194984, 31.751246007851382], [35.20955799196812, 31.751245915870907], [35.20955780198646, 31.751245824792296], [35.209557610949325, 31.75124573281189], [35.20955742202303, 31.75124564083137], [35.20955723204127, 31.75124554794907], [35.209557042059565, 31.7512454559686], [35.209556853133236, 31.75124536308624], [35.20955666420684, 31.751245269302057], [35.20955647528052, 31.75124517641973], [35.20955628635413, 31.751245082635506], [35.20955609742769, 31.75124498794946], [35.20955590955674, 31.75124489416524], [35.2095557206303, 31.751244799479185], [35.20955553275931, 31.751244704793105], [35.20955534488823, 31.751244609205173], [35.20955515701718, 31.751244513617227], [35.20955497020155, 31.751244418029277], [35.209554782330486, 31.751244322441345], [35.209554595514824, 31.751244225951513], [35.20955440869914, 31.75124412946171], [35.2095542218834, 31.75124403207004], [35.20955403612315, 31.751243935580174], [35.209553849307426, 31.751243838188508], [35.20955366354707, 31.751243739894957], [35.20955347778677, 31.75124364250324], [35.20955329202641, 31.751243544209693], [35.209553106266064, 31.751243445916128], [35.209552920505665, 31.751243346720734], [35.20955273580069, 31.751243247525295], [35.209552503600165, 31.75124312308014], [35.20955226928908, 31.751243004046117], [35.20955203392259, 31.75124288501214], [35.20955180066689, 31.75124276507623], [35.20955156635576, 31.75124264514037], [35.209551332044576, 31.751242524302647], [35.20955109878884, 31.751242403464904], [35.20955086553309, 31.751242282627146], [35.209550632277306, 31.75124216088756], [35.209550400076935, 31.751242039147904], [35.209550167876564, 31.751241917408283], [35.209549934620725, 31.751241794766845], [35.20954970347567, 31.75124167122344], [35.20954947127527, 31.751241548581962], [35.2095492401302, 31.751241425038575], [35.20954900898517, 31.751241301495217], [35.209548777840084, 31.75124117704999], [35.209548546695, 31.751241052604758], [35.20954831660527, 31.751240927257655], [35.20954808546015, 31.751240801910594], [35.20954785537043, 31.751240676563473], [35.209547626336146, 31.751240551216334], [35.209547396246386, 31.751240424967367], [35.209547167211994, 31.75124029781652], [35.2095469381776, 31.751240170665678], [35.209546709143225, 31.751240043514816], [35.20954648116427, 31.751239916363943], [35.20954625318525, 31.751239788311214], [35.20954602520626, 31.751239660258474], [35.20954579722719, 31.751239531303884], [35.20954556924813, 31.751239402349313], [35.209545342324525, 31.751239273394702], [35.20954511540082, 31.75123914353822], [35.209544888477154, 31.75123901368175], [35.2095446626089, 31.751238883825238], [35.2095444367406, 31.75123875306689], [35.20954421087229, 31.751238622308513], [35.20954398500393, 31.751238490648305], [35.209543759135606, 31.75123835898811], [35.20954353432267, 31.751238227327875], [35.209543309509705, 31.75123809476576], [35.209543084696726, 31.75123796220368], [35.20954286093918, 31.75123782964153], [35.209542636126166, 31.751237696177604], [35.20954241236856, 31.751237562713634], [35.20954218966635, 31.751237428347757], [35.2095419659087, 31.751237293981923], [35.20954174320648, 31.75123715961605], [35.20954152050427, 31.751237025250184], [35.209541297802, 31.751236889982458], [35.2095410761551, 31.75123675381287], [35.20954085450826, 31.7512366185451], [35.20954063286138, 31.751236482375496], [35.20954041121444, 31.751236345304047], [35.20954019062292, 31.751236208232566], [35.209539970031415, 31.751236071161056], [35.2095397494399, 31.751235934089568], [35.20953952884833, 31.751235796116234], [35.2095393093122, 31.751235658142843], [35.209539089776015, 31.751235519267617], [35.20953887023983, 31.751235380392394], [35.20953865070365, 31.751235241517158], [35.20953843222284, 31.751235101740043], [35.20953821374204, 31.751234961962915], [35.209537995261236, 31.751234822185804], [35.2095377778358, 31.751234681506805], [35.20953755935495, 31.751234540827845], [35.209537342984945, 31.7512344001488], [35.20953712555947, 31.75123425856793], [35.209536908134, 31.75123411698709], [35.20953669176389, 31.751233974504352], [35.2095364753938, 31.751233832021608], [35.20953626007912, 31.75123368953882], [35.20953604370903, 31.751233547056078], [35.20953582839431, 31.751233403671463], [35.209535614135014, 31.751233260286778], [35.20953539882022, 31.751233116000318], [35.20953518456088, 31.751232971713776], [35.20953497030153, 31.751232827427273], [35.20953475604214, 31.751232682238893], [35.20953454283817, 31.7512325370505], [35.20953432963422, 31.751232391862093], [35.2095341164302, 31.751232245771842], [35.20953390322618, 31.751232099681587], [35.209533691077574, 31.751231953591287], [35.209533478928954, 31.751231806599154], [35.20953326678032, 31.751231659607022], [35.20953305568704, 31.75123151171299], [35.20953284459383, 31.751231364720798], [35.20953263350052, 31.75123121592493], [35.20953242240726, 31.751231068030886], [35.20953221236939, 31.751230919234978], [35.20953200233148, 31.751230770439054], [35.20953179229361, 31.75123062164314], [35.20953158331111, 31.75123047194532], [35.209531374328606, 31.751230322247533], [35.20953116534605, 31.751230171647876], [35.209530956363494, 31.75123002104822], [35.20953074843636, 31.751229870448533], [35.20953054050918, 31.75122971894697], [35.20953033258205, 31.75122956834728], [35.20953012571025, 31.751229415943865], [35.2095299188385, 31.751229264442273], [35.20952971196671, 31.751229112038846], [35.209529505094906, 31.751228959635405], [35.20952929927847, 31.7512288063301], [35.209529093462066, 31.75122865302476], [35.20952888764562, 31.751228499719463], [35.20952868288459, 31.751228345512242], [35.209528478123545, 31.75122819130505], [35.20952827336251, 31.751228037097835], [35.20952806860146, 31.751227882890632], [35.20952786489578, 31.751227727781526], [35.20952766119008, 31.75122757177059], [35.209527458539824, 31.751227416661443], [35.209527254834114, 31.751227260650527], [35.20952705218383, 31.751227104639533], [35.20952685058891, 31.75122694772665], [35.209526647938574, 31.751226790813824], [35.20952644634366, 31.751226633900938], [35.209526244748695, 31.751226476086227], [35.20952604420917, 31.751226318271463], [35.209525843669624, 31.751226160456703], [35.20952564313009, 31.75122600264194], [35.20952544259051, 31.751225843925326], [35.20952524310635, 31.751225685208695], [35.20952504362214, 31.751225525590197], [35.209524844137945, 31.751225365971713], [35.20952464570915, 31.751225206353165], [35.20952444728039, 31.751225046734625], [35.20952424885155, 31.75122488621425], [35.209524050422715, 31.75122472569385], [35.20952385304928, 31.751224564271578], [35.20952365567582, 31.751224402849317], [35.20952345935781, 31.75122424142699], [35.20952326198435, 31.75122408000471], [35.209523066721715, 31.75122391768053], [35.20952287040363, 31.751223755356353], [35.20952267514098, 31.751223593032172], [35.20952247987829, 31.751223429806107], [35.209522284615595, 31.75122326658006], [35.20952209040827, 31.75122310245212], [35.20952189514558, 31.751222939226075], [35.20952170199368, 31.751222775098093], [35.20952150778632, 31.751222610068293], [35.209521314634415, 31.751222445940336], [35.209521121482496, 31.751222280910497], [35.20952092938597, 31.751222115880616], [35.20952073728942, 31.751221949948928], [35.209520545192845, 31.7512217840172], [35.209520353096295, 31.751221618085488], [35.20952016205509, 31.75122145125189], [35.209519971013975, 31.751221285320113], [35.2095197810282, 31.751221118486466], [35.20951958998698, 31.751220950751048], [35.209519400001156, 31.751220783015548], [35.2095192110708, 31.75122061528002], [35.20951902108498, 31.75122044754451], [35.20951883215454, 31.751220278907144], [35.209518644279534, 31.751220110269713], [35.209518455349105, 31.75121994163231], [35.20951826747407, 31.75121977209305], [35.209518080654426, 31.75121960255374], [35.20951789277939, 31.7512194330145], [35.209517705959755, 31.751219263475168], [35.209517520195504, 31.751219093033974], [35.20951733337583, 31.7512189225928], [35.209517147611535, 31.751218751249773], [35.20951696184729, 31.75121858080857], [35.20951677713836, 31.75121840856363], [35.20951659242948, 31.75121823722054], [35.20951640772057, 31.751218064975607], [35.209516224067144, 31.751217893632486], [35.20951604041358, 31.751217720485663], [35.209515856760106, 31.751217548240678], [35.20951567310656, 31.751217375093862], [35.209515490508444, 31.751217201946996], [35.20951530896569, 31.751217027898246], [35.20951512636758, 31.751216854751384], [35.20951494482486, 31.751216680702633], [35.20951476328206, 31.751216505752037], [35.209514582794746, 31.751216331703223], [35.20951440230739, 31.7512161567526], [35.20951422181998, 31.75121598090011], [35.209514042388044, 31.751215805949418], [35.20951386190063, 31.751215630096926], [35.20951368352409, 31.75121545424438], [35.2095135040921, 31.75121527839185], [35.209513325715484, 31.751215101637417], [35.20951302912476, 31.751214806746074], [35.20951288768887, 31.751214645321536], [35.20951274625295, 31.75121448299514], [35.20951260481702, 31.75121432066876], [35.209512464436514, 31.75121415834234], [35.209512323000574, 31.751213996015935], [35.20951218367546, 31.751213832787624], [35.20951204329491, 31.751213669559338], [35.20951190396979, 31.751213506331037], [35.20951176464467, 31.7512133431027], [35.20951162637492, 31.751213178972513], [35.209511488105214, 31.751213015744142], [35.20951134983549, 31.75121285161393], [35.20951121156568, 31.75121268658189], [35.20951107435136, 31.751212522451638], [35.20951093713699, 31.751212357419526], [35.209510799922676, 31.751212193289284], [35.20951066376374, 31.751212028257147], [35.20951052760474, 31.751211862323164], [35.20951039144579, 31.751211697291037], [35.20951025634223, 31.751211531357008], [35.209510121238665, 31.751211365422986], [35.209509986135096, 31.751211199488953], [35.20950985208692, 31.751211032653046], [35.209509718038774, 31.75121086671897], [35.20950958399058, 31.75121069988307], [35.20950944994239, 31.75121053304714], [35.20950931694963, 31.751210366211193], [35.209509183956825, 31.75121019847339], [35.20950905201949, 31.751210031637388], [35.209508920082094, 31.751209863899554], [35.20950878814467, 31.751209695259863], [35.20950865620728, 31.751209527522008], [35.20950852532531, 31.751209359784124], [35.209508394443304, 31.751209191144397], [35.20950826461673, 31.751209022504618], [35.20950813373472, 31.751208853864885], [35.20950800390809, 31.751208684323274], [35.20950787513693, 31.751208515683466], [35.209507745310304, 31.75120834614184], [35.20950761759451, 31.751208176600134], [35.20950748882326, 31.75120800615661], [35.209507361107484, 31.75120783661491], [35.20950723339166, 31.75120766617136], [35.20950710567583, 31.751207495727808], [35.20950697901543, 31.75120732528423], [35.20950685235503, 31.75120715484064], [35.209506725694574, 31.751206983495198], [35.209506600089604, 31.75120681305155], [35.20950647342916, 31.751206641706112], [35.20950634887955, 31.751206470360597], [35.20950622327448, 31.751206298113264], [35.20950609872489, 31.751206126767745], [35.20950597523066, 31.751205954520334], [35.20950585068102, 31.751205782272972], [35.209505727186794, 31.75120561002555], [35.20950560369256, 31.751205437778154], [35.20950548125372, 31.75120526462885], [35.20950535881488, 31.751205091479555], [35.20950523637604, 31.75120491833024], [35.209505114992616, 31.751204745180914], [35.209504993609194, 31.75120457203157], [35.20950487222572, 31.751204397980384], [35.20950475189775, 31.751204224830992], [35.2095046315697, 31.751204050779762], [35.20950451124165, 31.751203876728525], [35.209504390913565, 31.75120370177545], [35.20950427164094, 31.751203527724194], [35.209504153423715, 31.751203352771025], [35.209504034151045, 31.7512031778179], [35.20950391593381, 31.751203002864735], [35.209503797716565, 31.751202827911587], [35.20950368055471, 31.75120265205654], [35.20950356339285, 31.751202476201485], [35.20950344623105, 31.75120230124828], [35.2095033301246, 31.7512021253932], [35.209503214018106, 31.751201948636254], [35.20950309791167, 31.751201772781165], [35.209502982860606, 31.751201596024192], [35.20950286780956, 31.751201419267208], [35.209502752758496, 31.751201242510234], [35.209502637707445, 31.751201065753268], [35.2095025237118, 31.751200888996237], [35.20950241077155, 31.75120071133733], [35.20950229677587, 31.751200533678464], [35.20950218383566, 31.7512003569214], [35.20950207195078, 31.751200178360605], [35.20950195901054, 31.751200000701697], [35.20950184712569, 31.751199823042736], [35.20950173629624, 31.7511996444819], [35.20950162441137, 31.751199465921115], [35.209501513581905, 31.751199287360265], [35.209501403807884, 31.751199108799394], [35.20950129297837, 31.75119892933669], [35.20950118425979, 31.75119875077576], [35.20950107448571, 31.751198571313033], [35.209500965767056, 31.751198391850284], [35.209500857048404, 31.751198212387507], [35.20950074832974, 31.751198032924748], [35.209500640666484, 31.751197852560082], [35.20950053300325, 31.751197673097266], [35.20950042533997, 31.751197492732597], [35.20950031873213, 31.751197312367907], [35.20950021212429, 31.75119713200322], [35.2095001065718, 31.75119695073662], [35.209500001019386, 31.75119677037188], [35.20949989546691, 31.7511965891053], [35.20949978991446, 31.751196407838698], [35.20949968541741, 31.751196226572073], [35.20949958197579, 31.75119604530541], [35.209499477478744, 31.75119586403878], [35.20949937403707, 31.751195681870254], [35.2094992705954, 31.751195499701737], [35.2094991682092, 31.75119531843502], [35.20949906582297, 31.751195136266464], [35.20949896343669, 31.75119495319605], [35.20949886210586, 31.751194771027457], [35.209498760774984, 31.751194587957006], [35.209498659444165, 31.751194405788407], [35.20949855916873, 31.751194222717913], [35.20949845889331, 31.751194039647423], [35.20949835861786, 31.75119385657693], [35.20949825939779, 31.75119367260455], [35.20949816017778, 31.75119348953401], [35.20949806201315, 31.7511933055616], [35.20949796279307, 31.75119312158922], [35.20949786568387, 31.751192937616764], [35.20949776751922, 31.751192753644336], [35.209497670410016, 31.751192569671876], [35.209497573300766, 31.751192384797573], [35.20949747724698, 31.75119220082506], [35.20949738119314, 31.7511920159507], [35.20949728513931, 31.751191831076373], [35.20949719014089, 31.751191646201963], [35.20949709514244, 31.751191460425733], [35.209497000144026, 31.751191275551317], [35.20949690620099, 31.75119108977506], [35.20949681225801, 31.751190904900607], [35.209496718314966, 31.75119071912433], [35.20949662542736, 31.751190533348012], [35.20949653253976, 31.751190347571683], [35.209496439652106, 31.751190160893525], [35.20949634781992, 31.75118997511716], [35.20949625598769, 31.751189788438943], [35.20949616521088, 31.75118960176069], [35.209496074434085, 31.751189415082425], [35.209495983657284, 31.751189228404183], [35.2094958939359, 31.75118904172589], [35.20949580421452, 31.751188855047605], [35.20949571449309, 31.751188667467456], [35.20949562582714, 31.75118848078912], [35.20949553716113, 31.751188293208937], [35.20949544849514, 31.75118810562874], [35.20949536088456, 31.751187918048515], [35.20949527327394, 31.75118772956646], [35.20949518566336, 31.75118754198624], [35.2094950991082, 31.751187354405946], [35.209495012553006, 31.751187165923852], [35.209494927053235, 31.751186977441694], [35.20949484155345, 31.75118678895953], [35.20949475605368, 31.751186600477375], [35.20949467160933, 31.751186411995185], [35.20949458716493, 31.751186222611103], [35.20949450272059, 31.751186034128914], [35.20949441933163, 31.75118584474484], [35.209494335942644, 31.751185655360754], [35.20949425255366, 31.75118546597667], [35.20949417022013, 31.751185276592548], [35.20949408788657, 31.751185087208416], [35.20949400660845, 31.751184897824256], [35.20949392533029, 31.751184707538215], [35.209493844052155, 31.75118451815405], [35.20949376382942, 31.751184327868003], [35.209493683606674, 31.751184137581944], [35.20949360338393, 31.75118394729588], [35.20949352421661, 31.751183757009773], [35.20949344504929, 31.751183566723675], [35.20949336588198, 31.75118337643758], [35.20949328777002, 31.751183185249594], [35.20949320965809, 31.751182994061583], [35.209493132601615, 31.751182803775418], [35.209493055545096, 31.751182612587378], [35.20949297848859, 31.751182421399342], [35.20949290143207, 31.751182230211327], [35.20949282543093, 31.7511820381214], [35.20949275048527, 31.75118184693329], [35.20949267448417, 31.751181655745224], [35.209492600593876, 31.751181463655197], [35.20949252564816, 31.751181271565247], [35.209492451757875, 31.751181079475238], [35.20949237786759, 31.75118088738523], [35.20949230503272, 31.75118069529521], [35.20949223219785, 31.75118050320515], [35.209492159362995, 31.75118031111511], [35.20949208652809, 31.751180118123212], [35.20949201474864, 31.75117992603312], [35.20949194402458, 31.751179733041134], [35.20949187330051, 31.751179540049172], [35.20949180257645, 31.751179347057192], [35.20949173185239, 31.75117915406523], [35.20949166218375, 31.7511789610732], [35.209491592515114, 31.751178768081193], [35.20949152390185, 31.75117857418728], [35.20949145528865, 31.751178381195228], [35.20949138667538, 31.75117818730131], [35.209491319117554, 31.75117799340737], [35.20949125155976, 31.751177800415267], [35.20949118505735, 31.751177606521264], [35.20949111749952, 31.751177412627335], [35.20949105205249, 31.751177217831444], [35.20949098555006, 31.751177023937448], [35.20949092010308, 31.75117683004343], [35.20949085465605, 31.751176635247553], [35.209490790264496, 31.751176441353465], [35.20949072587288, 31.75117624655755], [35.209490662536695, 31.75117605176159], [35.20949059814508, 31.751175856965645], [35.20949053586432, 31.751175662169665], [35.20949047252815, 31.751175467373713], [35.2094904102474, 31.751175272577694], [35.20949034796663, 31.75117507778167], [35.20949028674125, 31.751174882083795], [35.20949022551591, 31.751174687287747], [35.20949016534596, 31.7511744915898], [35.209490104120576, 31.751174295891914], [35.20949004395068, 31.751174101095835], [35.20948998483615, 31.751173905397856], [35.20948992572161, 31.751173709699877], [35.20948986660708, 31.751173514001895], [35.209489808547914, 31.75117331740203], [35.20948975048882, 31.751173121704024], [35.20948969242972, 31.75117292600601], [35.20948963542598, 31.751172729406083], [35.20948957842229, 31.751172533708036], [35.20948952247399, 31.751172337108073], [35.209489466525696, 31.75117214050812], [35.20948941057738, 31.751171943908183], [35.20948935568451, 31.751171747308188], [35.209489300791624, 31.751171550708193], [35.20948924589876, 31.7511713541082], [35.20948919206129, 31.751171157508168], [35.20948913822384, 31.75117096090813], [35.20948908544177, 31.751170763406197], [35.20948903160431, 31.751170566806177], [35.20948897987765, 31.751170369304216], [35.20948892709563, 31.751170172704136], [35.209488875368976, 31.75116997520216], [35.20948882469775, 31.751169777700152], [35.20948877402651, 31.751169580198148], [35.20948872335529, 31.75116938269616], [35.20948867268406, 31.75116918519415], [35.20948862306826, 31.751168987692107], [35.20948857450789, 31.751168790190018], [35.20948852489207, 31.751168592687964], [35.20948847633166, 31.75116839428403], [35.209488428826695, 31.751168196781894], [35.20948838132169, 31.75116799837791], [35.20948833381673, 31.75116780087578], [35.20948828631174, 31.751167602471792], [35.209488239862154, 31.75116740406776], [35.209488194468015, 31.751167205663705], [35.20948814907386, 31.751167007259646], [35.2094881036797, 31.751166808855583], [35.20948805828556, 31.75116661045152], [35.20948801394684, 31.75116641204741], [35.209487969608105, 31.751166213643316], [35.209487926324805, 31.75116601523918], [35.209487883041454, 31.751165815933177], [35.20948783975816, 31.751165617529026], [35.20948779753022, 31.751165418222996], [35.20948775530234, 31.751165219818798], [35.20948771412984, 31.75116502051272], [35.20948767190198, 31.751164822108528], [35.209487631784896, 31.751164622802403], [35.2094875906124, 31.751164423496334], [35.209487550495325, 31.75116422419022], [35.20948751143367, 31.751164024884055], [35.20948747237201, 31.75116382557789], [35.209487433310365, 31.751163626271715], [35.20948739424872, 31.75116342696556], [35.20948735624249, 31.751163227659355], [35.20948731929165, 31.751163027451266], [35.209487281285405, 31.751162828145073], [35.20948724539004, 31.75116262883878], [35.209487208439185, 31.751162428630675], [35.20948717254382, 31.751162229324404], [35.20948713664839, 31.75116202911626], [35.2094871018084, 31.751161828908096], [35.20948706696843, 31.75116162960174], [35.20948703212845, 31.751161429393584], [35.20948699834386, 31.751161229185357], [35.20948696455929, 31.751161028977144], [35.209486931830135, 31.751160828768867], [35.20948689804557, 31.75116062856065], [35.20948686637184, 31.751160428352343], [35.209486833642686, 31.751160228144098], [35.20948680196895, 31.751160027935782], [35.209486771350655, 31.75115982772744], [35.209486740732366, 31.7511596275191], [35.20948671011401, 31.75115942640891], [35.20948668055113, 31.751159226200507], [35.209486650988254, 31.751159025992134], [35.209486621425334, 31.7511588248819], [35.20948659291787, 31.751158624673472], [35.20948656441038, 31.751158423563183], [35.20948653590293, 31.75115822335477], [35.20948650845085, 31.75115802224445], [35.20948648099878, 31.75115782113413], [35.20948645460218, 31.751157620925618], [35.20948642820553, 31.75115741981525], [35.20948640286429, 31.75115721870484], [35.209486376467645, 31.751157017594483], [35.209486352181905, 31.751156817385887], [35.20948632684067, 31.751156616275477], [35.20948630255487, 31.751156415165035], [35.20948627826908, 31.7511562140546], [35.2094862550387, 31.751156012944094], [35.20948623180832, 31.751155811833613], [35.20948620963331, 31.751155609821243], [35.20948618745836, 31.751155408710705], [35.2094861652834, 31.75115520760018], [35.2094861441639, 31.75115500648962], [35.20948612304436, 31.751154805379038], [35.20948610192478, 31.75115460336663], [35.20948608186068, 31.75115440225602], [35.20948606179658, 31.751154201145393], [35.20948604278786, 31.751153999132903], [35.20948602377918, 31.751153798022244], [35.20948600477051, 31.751153596911593], [35.2094859868172, 31.75115339489905], [35.209485968863945, 31.751153193788348], [35.209485950910626, 31.751152991775804], [35.20948593401276, 31.751152789763232], [35.209485918170365, 31.751152588652428], [35.20948590127249, 31.751152386639845], [35.2094858801489, 31.751152111577998], [35.20948575766448, 31.75115110602582], [35.20948563623555, 31.751150101375437], [35.20948551797283, 31.75114909582307], [35.20948540076549, 31.75114808936883], [35.20948528566906, 31.751147083816353], [35.209485173738834, 31.75114607736191], [35.2094850628641, 31.751145071809262], [35.20948498472306, 31.7511443494346], [35.20948495410017, 31.751144065354666], [35.209484847447044, 31.75114305799817], [35.209484742904806, 31.75114205154342], [35.209484640473434, 31.751141045088584], [35.209484540152864, 31.751140037731822], [35.209484440887714, 31.75113903037502], [35.20948434478882, 31.751138023018076], [35.2094842508008, 31.75113701566105], [35.209484157868204, 31.751136008304005], [35.20948406810182, 31.751135000044986], [35.209483979390924, 31.75113399268775], [35.20948389279082, 31.751132984428587], [35.20948380935702, 31.7511319761693], [35.20948372697861, 31.75113096790997], [35.20948364671105, 31.75112995965056], [35.209483568554354, 31.751128951391063], [35.20948349250852, 31.751127943131475], [35.20948341857347, 31.751126933969967], [35.20948334569385, 31.751125924808406], [35.20948327598054, 31.751124916548573], [35.20948320837806, 31.751123907386802], [35.20948314183098, 31.751122898225002], [35.209483078450184, 31.751121889063047], [35.209483016124814, 31.751120879901087], [35.209482956965715, 31.751119870738986], [35.209482898861985, 31.751118860674964], [35.20948283864297, 31.751117769445035], [35.20948209649804, 31.751056714572766], [35.20948525951203, 31.750997373048914], [35.209485635132985, 31.750995377250984], [35.20948601497568, 31.750993382354743], [35.20948639904003, 31.75099138745835], [35.20948678732613, 31.750989393463616], [35.20948717877851, 31.750987400370576], [35.20948757550799, 31.75098540727735], [35.209487975403775, 31.75098341508583], [35.20948837952127, 31.75098142379598], [35.20948878680502, 31.75097943250601], [35.20948919936592, 31.75097744211766], [35.20948961509307, 31.750975451729204], [35.20949003504198, 31.750973463144245], [35.209490459212525, 31.750971473657273], [35.209490887604844, 31.75096948597382], [35.2094913191634, 31.75096749829026], [35.20949175599913, 31.75096551241014], [35.209492196001094, 31.750963525628066], [35.2094926402248, 31.750961540649506], [35.20949308761478, 31.750959555670814], [35.20949354028188, 31.750957571593755], [35.2094939961153, 31.75095558841841], [35.20949445617036, 31.750953605242895], [35.209494920447156, 31.750951622969048], [35.20949538894567, 31.750949641596893], [35.20949586061048, 31.75094766112644], [35.20949633755244, 31.75094568155763], [35.20949681766063, 31.750943701988675], [35.20949730093511, 31.750941723321436], [35.20949778948675, 31.750939745555822], [35.20949828120467, 31.750937768691937], [35.20949877819967, 31.75093579182784], [35.209499278361, 31.750933815865444], [35.209499781688606, 31.750931840804775], [35.209500290293335, 31.750929866645738], [35.20950080206437, 31.750927893388415], [35.20950131805712, 31.750925921032742], [35.20950183827152, 31.750923948676927], [35.20950236165229, 31.75092197812467], [35.209502890310134, 31.750920007572166], [35.209503422134276, 31.750918037921398], [35.20950395818013, 31.750916069172305], [35.209504497392274, 31.75091410132493], [35.2095050418815, 31.750912133477343], [35.209505589537066, 31.750910167433293], [35.20950614141431, 31.750908201389088], [35.209506696457865, 31.75090623714843], [35.20950725677854, 31.750904272907565], [35.20950782026549, 31.75090230956844], [35.209508387974154, 31.750900347130955], [35.209508959904525, 31.75089838559513], [35.209509535001196, 31.750896424961038], [35.20951011431956, 31.75089446522862], [35.20951069785966, 31.75089250639787], [35.20951128562145, 31.750890548468803], [35.20951187654955, 31.750888591441434], [35.20951247169935, 31.750886635315734], [35.20951307107081, 31.750884679189888], [35.20951367466403, 31.750882724867527], [35.209514281423544, 31.750880771446905], [35.20951489240476, 31.75087881892794], [35.209515507607634, 31.750876866408806], [35.209516127032266, 31.75087491569316], [35.2095167496232, 31.75087296587927], [35.20951770672626, 31.750869995163377], [35.20951771727868, 31.750869962696516], [35.20951833987144, 31.75086804715274], [35.20951897618294, 31.750866100945633], [35.20951961671609, 31.75086415473837], [35.20952026147103, 31.750862210334624], [35.20952091044761, 31.750860265930687], [35.20952156259053, 31.75085832333031], [35.20952221895511, 31.75085638072978], [35.20952287954143, 31.75085443993275], [35.20952354329405, 31.75085250003745], [35.20952421232379, 31.75085056104375], [35.20952488346441, 31.750848622951814], [35.20952555988214, 31.75084668576152], [35.20952623946616, 31.750844749472947], [35.20952692327193, 31.75084281498785], [35.20952761129936, 31.750840880502626], [35.209528302493126, 31.75083894782092], [35.20952899790855, 31.750837015139062], [35.20952969754571, 31.750835084260697], [35.209530401404585, 31.750833154284027], [35.20953110842975, 31.750831225209065], [35.209531819676656, 31.750829297937607], [35.20953253408982, 31.75082737066602], [35.20953325272471, 31.750825445197957], [35.2095339755813, 31.750823520631553], [35.20953470265962, 31.75082159696683], [35.209535432904204, 31.75081967420379], [35.20953616737049, 31.750817752342453], [35.20953690500311, 31.750815832284662], [35.20953764791286, 31.75081391312849], [35.2095383939889, 31.750811994874017], [35.2095391432312, 31.750810077521294], [35.20953989669519, 31.7508081610702], [35.20954065438096, 31.75080624642265], [35.209541416288424, 31.750804332676765], [35.20954218136216, 31.750802419832574], [35.209542950657664, 31.75080050879191], [35.209543724174786, 31.75079859775108], [35.209544500858264, 31.750796688513795], [35.209545281763425, 31.750794780178175], [35.20954606583493, 31.750792873646112], [35.20954685412813, 31.750790968015714], [35.20954764664302, 31.750789063287], [35.20954844232421, 31.750787159459975], [35.20954924222714, 31.75078525743649], [35.20955004635176, 31.750783356314635], [35.209550853642654, 31.750781456094526], [35.20955166515531, 31.7507795576779], [35.20955289983747, 31.750776688858927], [35.209588990906305, 31.750699850196188], [35.20961956367528, 31.750651392811374], [35.20962086489117, 31.75064934286419], [35.20962217032878, 31.750647294720505], [35.20962347998808, 31.750645248380327], [35.20962479386912, 31.750643203843666], [35.20962611197187, 31.75064116111047], [35.20962743429641, 31.75063912108266], [35.209628760842605, 31.750637081956484], [35.20963009055514, 31.75063504553571], [35.20963142554482, 31.750633010918378], [35.20963276370079, 31.75063097810459], [35.20963410713395, 31.750628947996134], [35.20963545373338, 31.750626918789354], [35.20963680455454, 31.750624892287913], [35.209638159597446, 31.750622867589996], [35.209639517806636, 31.750620844695625], [35.209640881293026, 31.75061882450651], [35.20964224794566, 31.750616805219142], [35.209643619875465, 31.750614788637066], [35.20964499497156, 31.750612773858524], [35.20964637428944, 31.750610761785325], [35.209647757828975, 31.75060875061379], [35.209649145590305, 31.750606742147603], [35.209650536517906, 31.75060473548494], [35.20965193272269, 31.7506027315276], [35.209653332093794, 31.750600729373797], [35.209654735686584, 31.75059872902347], [35.209656143501114, 31.750596730476676], [35.20965755448197, 31.75059473463525], [35.209658970739966, 31.75059274059728], [35.20966039016426, 31.750590748362857], [35.20966181381027, 31.75058875793195], [35.20966324167803, 31.750586770206358], [35.20966467376757, 31.750584785186113], [35.20966611007877, 31.750582801067544], [35.20966754955631, 31.750580819654342], [35.20966899325557, 31.75057884004464], [35.209670441176584, 31.75057686314029], [35.20967189331932, 31.750574888039424], [35.20967334862835, 31.75057291474211], [35.20967480815914, 31.750570944150144], [35.20967627191164, 31.75056897536164], [35.209677739885905, 31.750567009278523], [35.20967921102647, 31.75056504499893], [35.20968068744417, 31.75056308252278], [35.209682167028205, 31.750561122752014], [35.20968477265882, 31.75055768841779], [35.209686249094744, 31.750556049703928], [35.20974939174652, 31.75048597099589], [35.209750015459285, 31.750485301800605], [35.21003941193542, 31.75017477681427], [35.21004152051187, 31.750172485132293], [35.210134582714346, 31.750071321904045], [35.210128144623106, 31.750070077648402], [35.21040170911327, 31.74976947102492], [35.21042630003202, 31.74976784653928], [35.21088114742949, 31.74991888139774], [35.211049973850606, 31.74997494128402], [35.21113206887034, 31.750002200639322], [35.21132676009289, 31.749655971836525], [35.211413173965994, 31.74968753167601], [35.21147353112084, 31.74970781984584], [35.211574952118575, 31.74974163335186], [35.21190114911438, 31.749856599768425], [35.21209970359218, 31.74992309897071], [35.212010825093834, 31.750009906914023], [35.21202194227175, 31.750054892985972], [35.21202837925994, 31.750080940591136], [35.212052890946936, 31.7501801276454], [35.21200144942325, 31.75030075250818], [35.212185985567274, 31.75035147012085], [35.212237107586304, 31.750349212366352], [35.212263454014504, 31.750325420968856], [35.21220785086819, 31.75049255972829]]]}, "properties": {"plane_name": "מתחם תלפיות", "land_use": "תעסוקה ומסחר", "num_of_hel": " ", "feature_type": "landuse", "plan_short": "תלפיות"}}, {"type": "Feature", "geometry": {"type": "Polygon", "coordinates": [[[35.212391362761764, 31.75028665349518], [35.21246939018561, 31.750111696937516], [35.2125048494516, 31.75008193379416], [35.21255445372699, 31.750080758223106], [35.2126917668703, 31.750125571040492], [35.21288993915077, 31.750189652088675], [35.212883703134544, 31.750205820783165], [35.21293057795987, 31.750225312830924], [35.21296510320519, 31.750242652989904], [35.21309344311686, 31.750304313344714], [35.21320137627231, 31.75036104820459], [35.21321719583892, 31.750371570738167], [35.21323301451812, 31.750383821204878], [35.21325883840161, 31.75040563954859], [35.213279716429774, 31.75042550303253], [35.21330161943363, 31.75045801481763], [35.21331563101965, 31.750478697651353], [35.21332964427196, 31.750505666343077], [35.21333629414016, 31.750524321441755], [35.21334380544522, 31.750545192312636], [35.213351894264754, 31.750579056925158], [35.2133549778842, 31.750608648046153], [35.21335550145418, 31.750631384423485], [35.21335335801019, 31.750654422204803], [35.213342629610054, 31.75067562894295], [35.21331899739826, 31.750705212922217], [35.2132974032031, 31.75072395387214], [35.21326814542566, 31.75074091150377], [35.21324376260094, 31.75074656506466], [35.213217221202264, 31.75074972066001], [35.212690738857674, 31.750692271583898], [35.212578540247094, 31.750678502268073], [35.212460990841656, 31.750666412428245], [35.21224020284655, 31.750645812767694], [35.212310747460734, 31.750465103007127], [35.21232197725259, 31.75044223241981], [35.212361864319874, 31.750352795759728], [35.212391362761764, 31.75028665349518]]]}, "properties": {"plane_name": "מתחם תלפיות", "land_use": "תעסוקה ומסחר", "num_of_hel": " ", "feature_type": "landuse", "plan_short": "תלפיות"}}, {"type": "Feature", "geometry": {"type": "Polygon", "coordinates": [[[35.21191325397865, 31.75087791510617], [35.21217975697622, 31.750923620807832], [35.21218306737473, 31.750943306076802], [35.212199069036096, 31.751010943466955], [35.212209131875944, 31.751053780483698], [35.21222316184357, 31.751119051549686], [35.212255655315836, 31.75127022039777], [35.2122960741842, 31.751459605320562], [35.21229923224389, 31.751474581160377], [35.21231009699168, 31.751526115508096], [35.21234966924083, 31.751710996645798], [35.21236486931726, 31.75178201056413], [35.21240848073221, 31.751989073197755], [35.21241947758872, 31.752041287514636], [35.21246245922399, 31.752249189778553], [35.21246349671255, 31.752261269021517], [35.21246179824674, 31.752270338080212], [35.21245903797925, 31.752279044664608], [35.21245394102027, 31.752288296111217], [35.21244643135259, 31.75229780473614], [35.21243874730421, 31.752304635794562], [35.21242947787588, 31.752310177314648], [35.212420606190065, 31.75231390970839], [35.21222936059476, 31.752347926591113], [35.21222484209867, 31.752308408032185], [35.21219816952955, 31.7520751204651], [35.2121828102409, 31.752030217652376], [35.21213647698635, 31.751894755274492], [35.212119319356546, 31.751812462977632], [35.21210423287123, 31.751747200989843], [35.21206042527566, 31.75155769537183], [35.212049300155634, 31.751508393084777], [35.212002685005885, 31.751301800353406], [35.211958767399445, 31.751104149230326], [35.21194808048619, 31.751056050867838], [35.21193422265434, 31.750989540625756], [35.21191325397865, 31.75087791510617]]]}, "properties": {"plane_name": "מתחם תלפיות", "land_use": "תעסוקה ומסחר", "num_of_hel": " ", "feature_type": "landuse", "plan_short": "תלפיות"}}, {"type": "Feature", "geometry": {"type": "Polygon", "coordinates": [[[35.21303592585412, 31.753862891288684], [35.21301700750598, 31.753779337577342], [35.212823591860726, 31.752925069215706], [35.21277657228631, 31.752719902656906], [35.2127434119946, 31.752574482378236], [35.21274308077175, 31.752553063587833], [35.212743584536675, 31.75252140068829], [35.212710360645524, 31.752371563165063], [35.212709405616586, 31.752349579859853], [35.21271369473239, 31.752335738968], [35.21272179827176, 31.75232271129024], [35.21273943652225, 31.75230846188901], [35.21276136600047, 31.752303981887405], [35.212855281717076, 31.752289320698065], [35.21301689438637, 31.75226529101467], [35.21338777640869, 31.75219287876565], [35.2137111565233, 31.7521374948514], [35.21373508245857, 31.75214013009121], [35.213755150386405, 31.752149355390234], [35.213767500771645, 31.75215660350928], [35.213779079711664, 31.75217505620354], [35.21381284724982, 31.752351201125617], [35.21382456211598, 31.752408692860463], [35.21384914709402, 31.752539458522207], [35.21389204544387, 31.75274575230437], [35.21417462398226, 31.754125686602702], [35.2142328796807, 31.754431626537333], [35.21431973128231, 31.75491352847492], [35.21431857913047, 31.754937201979917], [35.214311325893625, 31.75495636673859], [35.21429731111274, 31.754983423161573], [35.21427488316282, 31.755000334487292], [35.21424157262973, 31.755020628568154], [35.214229863502794, 31.75502288408479], [35.214147571110864, 31.75503641808531], [35.21365134400967, 31.755114239235365], [35.2133310805616, 31.75517739124127], [35.21319876224029, 31.75459458352944], [35.21319729375282, 31.75459102044371], [35.2131714833065, 31.75447782632017], [35.213165720606455, 31.75445678217737], [35.21314646113154, 31.75435108913677], [35.21303592585412, 31.753862891288684]]]}, "properties": {"plane_name": "מתחם תלפיות", "land_use": "תעסוקה ומסחר", "num_of_hel": " ", "feature_type": "landuse", "plan_short": "תלפיות"}}, {"type": "Feature", "geometry": {"type": "Polygon", "coordinates": [[[35.21225268802511, 31.75323511486572], [35.212193719904874, 31.753244873748724], [35.21204143663744, 31.753270074221888], [35.21198601084611, 31.753089708615384], [35.21220352860959, 31.753049112436475], [35.21220814770341, 31.753067149045815], [35.21243391045902, 31.75302655196669], [35.21266626955035, 31.75298595405852], [35.21270668899174, 31.75316406574187], [35.212911430826544, 31.754071533298838], [35.212893790512084, 31.754135790899593], [35.212857676147486, 31.754161721336818], [35.2128258489664, 31.75417525111783], [35.21234661076728, 31.754251938763822], [35.21226290055236, 31.7539826126188], [35.21223742018389, 31.753900631114035], [35.212454403453044, 31.753870935139748], [35.21225268802511, 31.75323511486572]]]}, "properties": {"plane_name": "מתחם תלפיות", "land_use": "תעסוקה ומסחר", "num_of_hel": " ", "feature_type": "landuse", "plan_short": "תלפיות"}}, {"type": "Feature", "geometry": {"type": "Polygon", "coordinates": [[[35.21193490778231, 31.752928100190744], [35.21192679136254, 31.75290145206347], [35.211747041175926, 31.75296008248627], [35.2115769838439, 31.752553134786012], [35.21173711072048, 31.752509160710826], [35.211816762023766, 31.752501264945657], [35.2118893226879, 31.75249111493692], [35.21193467304985, 31.752480966503], [35.212054988987646, 31.752468819580912], [35.212254506167575, 31.752432402640775], [35.21247026359787, 31.752400279844466], [35.212486535154504, 31.7523986681156], [35.21250837671268, 31.752402238029376], [35.21252882582342, 31.75241414197575], [35.212543697258134, 31.752429616679606], [35.212548811093576, 31.75244429928609], [35.2125630088259, 31.752515903043275], [35.2125754858201, 31.752595042723236], [35.212579491990105, 31.752603802985075], [35.21261529154056, 31.752759368888036], [35.21265851525072, 31.75295100808178], [35.21245831411714, 31.752985967412197], [35.21226141014078, 31.753022053529822], [35.21225464695206, 31.75299838052567], [35.21197314412076, 31.753053635596743], [35.211952733728076, 31.752986623440385], [35.21193490778231, 31.752928100190744]]]}, "properties": {"plane_name": "מתחם תלפיות", "land_use": "תעסוקה ומסחר", "num_of_hel": " ", "feature_type": "landuse", "plan_short": "תלפיות"}}, {"type": "Feature", "geometry": {"type": "Polygon", "coordinates": [[[35.21237288017263, 31.753613968692147], [35.212417501018855, 31.753754614857883], [35.212454403453044, 31.753870935139748], [35.21223742018389, 31.753900631114035], [35.21204143663744, 31.753270074221888], [35.212193719904874, 31.753244873748724], [35.21225268802511, 31.75323511486572], [35.21237288017263, 31.753613968692147]]]}, "properties": {"plane_name": "מתחם תלפיות", "land_use": "מבנים ומוסדות ציבור", "num_of_hel": " ", "feature_type": "landuse", "plan_short": "תלפיות"}}, {"type": "Feature", "geometry": {"type": "Polygon", "coordinates": [[[35.21207107148146, 31.754661167614397], [35.212102413751886, 31.75476600513227], [35.21204320940167, 31.754777281761783], [35.21180689161633, 31.754868607500978], [35.21168829758855, 31.75463075289441], [35.21199684643935, 31.754512367741132], [35.21207107148146, 31.754661167614397]]]}, "properties": {"plane_name": "מתחם תלפיות", "land_use": "מבנים ומוסדות ציבור", "num_of_hel": " ", "feature_type": "landuse", "plan_short": "תלפיות"}}, {"type": "Feature", "geometry": {"type": "Polygon", "coordinates": [[[35.21192922014404, 31.754373713180602], [35.21199684643935, 31.754512367741132], [35.21168829758855, 31.75463075289441], [35.21161898110609, 31.7544822582439], [35.21192922014404, 31.754373713180602]]]}, "properties": {"plane_name": "מתחם תלפיות", "land_use": "מגורים", "num_of_hel": " ", "feature_type": "landuse", "plan_short": "תלפיות"}}, {"type": "Feature", "geometry": {"type": "Polygon", "coordinates": [[[35.20748184560717, 31.751662728546318], [35.20779945587184, 31.751451914181715], [35.207987334306644, 31.751305777662697], [35.20810803134462, 31.751373653348733], [35.20826912145572, 31.751456409937575], [35.20809662746645, 31.751506016553595], [35.20791259072254, 31.751600715499446], [35.20802682047877, 31.751751084088262], [35.20819285353738, 31.7516738786042], [35.208330688435254, 31.751870669574608], [35.20853919744512, 31.75179659712938], [35.20840990137553, 31.75161676710877], [35.20839275528781, 31.751479760279306], [35.20858054482532, 31.751371050354113], [35.208668747263, 31.751402807687626], [35.20889471501264, 31.751353321063874], [35.209174212155084, 31.75131408962026], [35.209368066910244, 31.75136066968314], [35.20950134528995, 31.75145901509054], [35.209503417953876, 31.75157044335231], [35.20929237162598, 31.751899012677523], [35.20908895951972, 31.752136821499604], [35.20897265249898, 31.752241180909298], [35.208798191337685, 31.75238363977046], [35.20860301272679, 31.75248658384904], [35.20837672706404, 31.75259850556882], [35.20836947586014, 31.752590922183774], [35.20834964535404, 31.75257018578555], [35.20830861679489, 31.752535269432975], [35.208294054365794, 31.752522875829], [35.208266197147445, 31.752499168085457], [35.208110679236704, 31.752369532551636], [35.20748184560717, 31.751662728546318]]]}, "properties": {"plane_name": "מתחם תלפיות", "land_use": "תעסוקה ומסחר", "num_of_hel": " ", "feature_type": "landuse", "plan_short": "תלפיות"}}, {"type": "Feature", "geometry": {"type": "Polygon", "coordinates": [[[35.20942636598819, 31.750415774660723], [35.2093636167818, 31.75050500838224], [35.20931755057089, 31.750576643724724], [35.209263638656516, 31.750675062343298], [35.20923915393839, 31.75073469868096], [35.20922178709722, 31.750776996773446], [35.20920380458927, 31.75083308048878], [35.209182714089806, 31.751037061479167], [35.2091816433695, 31.751047412895737], [35.20917645724011, 31.75111310978899], [35.20917279442741, 31.75112405922609], [35.20914893389975, 31.75113383792399], [35.208800141002435, 31.751234104090532], [35.208732964820506, 31.75124668082659], [35.20860479948254, 31.75125242808866], [35.20850060889286, 31.75125173798168], [35.20833456644314, 31.751233249109113], [35.20815388374956, 31.751176230934107], [35.20800618039217, 31.751099276286], [35.20798394716488, 31.751080590689693], [35.20791752617716, 31.75102476834917], [35.20786689428403, 31.750966173271102], [35.207746163016814, 31.750837053061613], [35.20770938019145, 31.750797714648424], [35.20766123642792, 31.75074622415627], [35.20746686268243, 31.750548178440702], [35.20739718065447, 31.75047717785153], [35.20718296991627, 31.750261041150925], [35.207104882643556, 31.75017764472294], [35.207079184649395, 31.75015045734667], [35.20706311552017, 31.75013433540173], [35.20705842829649, 31.750129646807828], [35.20705321643238, 31.750121452752936], [35.207047734276074, 31.75010950973353], [35.20704397246313, 31.750098251178347], [35.207042096755586, 31.750089878487877], [35.20704137457176, 31.750080028551025], [35.20704083395952, 31.750071595409008], [35.20704105433677, 31.75006446631905], [35.20704123458453, 31.75005650392507], [35.207042324589295, 31.75004826103827], [35.20704386421621, 31.750040607948723], [35.207045946353304, 31.75003395950325], [35.207048487608276, 31.75002780255369], [35.207051929088294, 31.750020226982848], [35.207056185349884, 31.75001280561032], [35.20706054403553, 31.750007113072527], [35.20706588737623, 31.74999992345098], [35.207072136303786, 31.749994280474414], [35.20707886332591, 31.749988431866708], [35.20708891588629, 31.74998046926312], [35.20709543609463, 31.749976294483428], [35.20710141384145, 31.74997281593939], [35.20710877310645, 31.74996884495806], [35.2071177154688, 31.749964245356303], [35.20712861768668, 31.749958235225925], [35.20714013947209, 31.749953666229647], [35.20715447708273, 31.74994877431049], [35.20716661205725, 31.7499441358564], [35.207176322772476, 31.74994017203448], [35.20719065402335, 31.749934507230137], [35.20720867706173, 31.74992762665509], [35.207226994558695, 31.74992080288716], [35.2072473996095, 31.749912509963977], [35.207262252215585, 31.74990655745125], [35.20729290726484, 31.749893810075548], [35.20733351474284, 31.74987855803831], [35.20739982650247, 31.749856785943265], [35.20740823597073, 31.749855658437326], [35.207672744328654, 31.749750812382498], [35.208164491486556, 31.74955915663582], [35.20819879219401, 31.749559155612534], [35.208221385014255, 31.749578319142902], [35.20836024861231, 31.749838722662258], [35.20836288829432, 31.74986577793305], [35.20942636598819, 31.750415774660723]]]}, "properties": {"plane_name": "מתחם תלפיות", "land_use": "תעסוקה ומסחר", "num_of_hel": " ", "feature_type": "landuse", "plan_short": "תלפיות"}}, {"type": "Feature", "geometry": {"type": "Polygon", "coordinates": [[[35.21044051124585, 31.749413445973953], [35.20989396721411, 31.750026970783374], [35.209845946093566, 31.750028866726918], [35.209582423137235, 31.750267596147026], [35.20852304645, 31.74978813478461], [35.20834868954078, 31.74948700341992], [35.208505842862586, 31.74942161465423], [35.208693503797626, 31.749340442374383], [35.20887885485645, 31.749252506059758], [35.209057278735514, 31.74916006050274], [35.20921443106677, 31.749075506649], [35.209345856984314, 31.748996590138145], [35.20945419686857, 31.748936838623475], [35.209843033111575, 31.748715870460003], [35.21010011780431, 31.74857082171598], [35.21079458582532, 31.74901559406279], [35.21073882065139, 31.74907828592276], [35.21058486826349, 31.749046647763322], [35.2104863735923, 31.74907167421681], [35.21038522137636, 31.74917859277357], [35.210339969524256, 31.74923773880806], [35.21034796071747, 31.74931508067749], [35.21044051124585, 31.749413445973953]]]}, "properties": {"plane_name": "מתחם תלפיות", "land_use": "תעסוקה ומסחר", "num_of_hel": " ", "feature_type": "landuse", "plan_short": "תלפיות"}}, {"type": "Feature", "geometry": {"type": "Polygon", "coordinates": [[[35.21020335183657, 31.748512209721945], [35.211017608306534, 31.748047321851672], [35.21104234379289, 31.748037174800512], [35.21108027090567, 31.748031536278443], [35.21111209876264, 31.748038298441216], [35.211143101719586, 31.748050697173333], [35.21140778615221, 31.74822090616086], [35.2114203200315, 31.748235560455733], [35.21143895650155, 31.7482682513181], [35.21143417665816, 31.748296434249333], [35.21142247001577, 31.7483212356433], [35.21125955707599, 31.748500486298205], [35.21085484028031, 31.74894839993838], [35.21020335183657, 31.748512209721945]]]}, "properties": {"plane_name": "מתחם תלפיות", "land_use": "תעסוקה ומסחר", "num_of_hel": " ", "feature_type": "landuse", "plan_short": "תלפיות"}}, {"type": "Feature", "geometry": {"type": "Polygon", "coordinates": [[[35.210641026919276, 31.748917248262696], [35.21061905889896, 31.74890317875071], [35.21010011780431, 31.74857082171598], [35.210148757155686, 31.748543379076697], [35.21020335183657, 31.748512209721945], [35.21085484028031, 31.74894839993838], [35.21082358068888, 31.748982996306022], [35.21079458582532, 31.74901559406279], [35.21071067574092, 31.748961854596274], [35.210641026919276, 31.748917248262696]]]}, "properties": {"plane_name": "מתחם תלפיות", "land_use": "שטח ציבורי פתוח", "num_of_hel": " ", "feature_type": "landuse", "plan_short": "תלפיות"}}, {"type": "Feature", "geometry": {"type": "Polygon", "coordinates": [[[35.20798782189885, 31.751305398874035], [35.207803451607354, 31.75144880631697], [35.20748184560717, 31.751662728546318], [35.20742428866802, 31.75159497433022], [35.207754844193744, 31.751399287310846], [35.207933994111755, 31.75127787878569], [35.20798782189885, 31.751305398874035]]]}, "properties": {"plane_name": "מתחם תלפיות", "land_use": "שטח ציבורי פתוח", "num_of_hel": " ", "feature_type": "landuse", "plan_short": "תלפיות"}}, {"type": "Feature", "geometry": {"type": "Polygon", "coordinates": [[[35.207933994111755, 31.75127787878569], [35.20782493547017, 31.751351787068472], [35.207754844193744, 31.751399287310846], [35.20742428866802, 31.75159497433022], [35.2069072773944, 31.75098635756138], [35.20685318533944, 31.750924356782154], [35.206393241345566, 31.750406931313197], [35.20670501196991, 31.750183009605475], [35.206724704573276, 31.75016886560854], [35.206760125936945, 31.750193801869724], [35.206794201510945, 31.750212727349155], [35.2068472300885, 31.750226554323774], [35.207351346326824, 31.75075137948996], [35.20754728578707, 31.750959561171946], [35.20769042337601, 31.75114218654512], [35.207784119573404, 31.751224518910444], [35.207933994111755, 31.75127787878569]]]}, "properties": {"plane_name": "מתחם תלפיות", "land_use": "תעסוקה ומסחר", "num_of_hel": " ", "feature_type": "landuse", "plan_short": "תלפיות"}}, {"type": "Feature", "geometry": {"type": "Polygon", "coordinates": [[[35.20666301001999, 31.750110820372743], [35.20632735015658, 31.75033200885521], [35.20622371133077, 31.750214164500434], [35.205975354217166, 31.74995037816658], [35.20587278066727, 31.749866958737485], [35.205793458285406, 31.749804957790516], [35.20578762391661, 31.74980053520664], [35.205711663187216, 31.74974295681942], [35.205648338002966, 31.749693355983318], [35.20562409721332, 31.749679828545265], [35.20560232922108, 31.749664046466037], [35.205554835567106, 31.74963924617141], [35.20553224235151, 31.749630227926268], [35.205511464371945, 31.749615573128875], [35.205441212928484, 31.749581754540245], [35.20533781631693, 31.74952989926303], [35.20546363739233, 31.749330365011748], [35.20546627577023, 31.749319091924487], [35.205498319393165, 31.74918607669598], [35.20553756297931, 31.749146883054767], [35.205630734577134, 31.749044517331356], [35.20571059746671, 31.74902176928045], [35.20581441891476, 31.749064988184706], [35.20597540119845, 31.749181803183326], [35.20616581843831, 31.749319757720368], [35.206213736817084, 31.74936752687728], [35.20620308969074, 31.749410747058185], [35.20614718777353, 31.74950628842055], [35.20609881656486, 31.749571508719942], [35.206149820721265, 31.749602038185575], [35.20623507857754, 31.749653893068647], [35.206434619009606, 31.749789166776928], [35.20651212753015, 31.749850040048905], [35.20660117957903, 31.749927822668084], [35.20662789478491, 31.74995487755256], [35.20663932414037, 31.749967690765523], [35.20666912343692, 31.750001096379552], [35.206659600487576, 31.750045307701857], [35.206645971820116, 31.750083160186588], [35.20666301001999, 31.750110820372743]]]}, "properties": {"plane_name": "מתחם תלפיות", "land_use": "תעסוקה ומסחר", "num_of_hel": " ", "feature_type": "landuse", "plan_short": "תלפיות"}}, {"type": "Feature", "geometry": {"type": "Polygon", "coordinates": [[[35.20661010120172, 31.749673497680234], [35.206362086060494, 31.749245738580502], [35.20622722416877, 31.749118889765803], [35.2060225011046, 31.748969620951055], [35.2057691594115, 31.74880253819376], [35.20580289630031, 31.748598257241547], [35.20583186388844, 31.748607757854927], [35.205879026315, 31.748605502695703], [35.2058981554884, 31.748613393615507], [35.205920747455814, 31.748623539103832], [35.20608548883735, 31.748647210444304], [35.206190864040934, 31.74865960936313], [35.206285355131925, 31.74867989950416], [35.20633894954933, 31.748695680983896], [35.206435090145106, 31.748709207148863], [35.20654821643154, 31.748727242179783], [35.206589132251985, 31.748735310286673], [35.206685418705106, 31.748754295129558], [35.20703339861939, 31.74940675984709], [35.20711898723013, 31.74953369184112], [35.20723733107045, 31.749708773458387], [35.20724203324281, 31.749719480960074], [35.207245168176065, 31.749731525933157], [35.20724558659565, 31.749747043070965], [35.207244814300914, 31.74975562775206], [35.20724288104632, 31.74976388238392], [35.20723901539363, 31.749773952473316], [35.20723534172829, 31.749780885940947], [35.20722992980887, 31.749787984485028], [35.207223937433824, 31.7497957440943], [35.20721543103294, 31.74980218255613], [35.207207896687976, 31.749809450693345], [35.20699559186654, 31.74989317711658], [35.20696670237189, 31.749902099659877], [35.20694132839363, 31.749909204908107], [35.20691803343443, 31.749911337336], [35.20689515526521, 31.749909916481723], [35.206874356197964, 31.749906364522673], [35.20685022932935, 31.749899260256914], [35.20683691835469, 31.749893932413375], [35.206831510358036, 31.7498910908036], [35.20681862245522, 31.74988004525206], [35.20679874868937, 31.749864846835226], [35.20677026242945, 31.749835728597816], [35.20669859834217, 31.749764265009258], [35.20661010120172, 31.749673497680234]]]}, "properties": {"plane_name": "מתחם תלפיות", "land_use": "תעסוקה ומסחר", "num_of_hel": " ", "feature_type": "landuse", "plan_short": "תלפיות"}}, {"type": "Feature", "geometry": {"type": "Polygon", "coordinates": [[[35.2067156144624, 31.750175394231885], [35.20670501196991, 31.750183009605475], [35.206393241345566, 31.750406931313197], [35.20632735015658, 31.75033200885521], [35.20666301001999, 31.750110820372743], [35.2067238623687, 31.750169470762064], [35.2067156144624, 31.750175394231885]]]}, "properties": {"plane_name": "מתחם תלפיות", "land_use": "שטח ציבורי פתוח", "num_of_hel": " ", "feature_type": "landuse", "plan_short": "תלפיות"}}, {"type": "Feature", "geometry": {"type": "Polygon", "coordinates": [[[35.20890114566684, 31.74911488820206], [35.208813876628845, 31.749158941897683], [35.208684392242695, 31.749220900397052], [35.20864188367056, 31.749241241140552], [35.20850089088798, 31.74930212032836], [35.208340109380806, 31.749369763814908], [35.20830564429036, 31.749374274107183], [35.208283052211634, 31.749372020188204], [35.20826870485766, 31.749367511400962], [35.208251059179496, 31.74935849348642], [35.20823506286766, 31.749343838987173], [35.208225003067376, 31.749325802387464], [35.20807888061031, 31.74896168670941], [35.20800598535436, 31.748775683221986], [35.207971021701326, 31.748682117765497], [35.207877345607244, 31.74842509446235], [35.20788031146555, 31.748374365581974], [35.20789135926825, 31.748345055305123], [35.20791279576101, 31.74832814511284], [35.20794033465323, 31.748314616666523], [35.2079711717248, 31.748303342734655], [35.208154381056225, 31.748293191680048], [35.208357543153376, 31.74827289398083], [35.20851552033217, 31.748244706285302], [35.20865750144052, 31.748206373171673], [35.20870433357962, 31.748188334684198], [35.20933227366634, 31.74786026557605], [35.20948989434854, 31.747777420344267], [35.210004145104406, 31.74849535506435], [35.20998286063183, 31.748507312666945], [35.209797018170576, 31.74861328752418], [35.20932325898319, 31.748881605748952], [35.209126530971396, 31.748993216576675], [35.208994775363855, 31.749067623647218], [35.20890114566684, 31.74911488820206]]]}, "properties": {"plane_name": "מתחם תלפיות", "land_use": "תעסוקה ומסחר", "num_of_hel": " ", "feature_type": "landuse", "plan_short": "תלפיות"}}, {"type": "Feature", "geometry": {"type": "Polygon", "coordinates": [[[35.20960173665498, 31.74771863623242], [35.20988781954721, 31.747568270323736], [35.21023307578314, 31.747385135216103], [35.210894578819754, 31.74788725064661], [35.21090480441289, 31.74791656009842], [35.210911238240485, 31.74794925166383], [35.21087182944443, 31.748001109786532], [35.210560007758424, 31.74818036705508], [35.21010570428975, 31.74843814198472], [35.20960173665498, 31.74771863623242]]]}, "properties": {"plane_name": "מתחם תלפיות", "land_use": "תעסוקה ומסחר", "num_of_hel": " ", "feature_type": "landuse", "plan_short": "תלפיות"}}, {"type": "Feature", "geometry": {"type": "Polygon", "coordinates": [[[35.20670141244977, 31.748679892604454], [35.206691352458535, 31.7486393097498], [35.2066636456866, 31.74853221612129], [35.20666001671469, 31.748510797360456], [35.20665737767667, 31.748488251275127], [35.20665242939211, 31.74842061296542], [35.2066544077589, 31.748400321410585], [35.20665622040055, 31.748378902551952], [35.20673488018114, 31.748348463843154], [35.20678501121555, 31.748343953680322], [35.206903907738386, 31.7483518425276], [35.207047869730616, 31.748355221515048], [35.20709965046404, 31.7483552204205], [35.207310729009656, 31.748355215740993], [35.20751372603345, 31.748343937844314], [35.207565671324645, 31.74834168194305], [35.207579853690056, 31.748341681587718], [35.20762091475428, 31.74834055324342], [35.20769297845526, 31.748352951763508], [35.20771738526058, 31.748376624566287], [35.20773338173082, 31.748402552199195], [35.20783365421642, 31.748675357722835], [35.20785064136321, 31.74871819491178], [35.20786680404911, 31.74875539558782], [35.20800616308792, 31.74911162056792], [35.20811319819392, 31.749387807567942], [35.208115013384415, 31.749411480950542], [35.20810759391779, 31.74943853652287], [35.208085991730506, 31.749461083282082], [35.20806438930959, 31.749477993505295], [35.207900639293484, 31.749543381908406], [35.20762359893719, 31.74965161067855], [35.207426343707304, 31.749728896459732], [35.20670141244977, 31.748679892604454]]]}, "properties": {"plane_name": "מתחם תלפיות", "land_use": "תעסוקה ומסחר", "num_of_hel": " ", "feature_type": "landuse", "plan_short": "תלפיות"}}, {"type": "Feature", "geometry": {"type": "Polygon", "coordinates": [[[35.209782941315694, 31.747977340164255], [35.20995982584183, 31.748229874493163], [35.21010570428975, 31.74843814198472], [35.210077183266726, 31.748454325073364], [35.210004145104406, 31.74849535506435], [35.20948989434854, 31.747777420344267], [35.20960173665498, 31.74771863623242], [35.209782941315694, 31.747977340164255]]]}, "properties": {"plane_name": "מתחם תלפיות", "land_use": "שטח ציבורי פתוח", "num_of_hel": " ", "feature_type": "landuse", "plan_short": "תלפיות"}}, {"type": "Feature", "geometry": {"type": "Polygon", "coordinates": [[[35.20607234550946, 31.748562730262368], [35.20596184637997, 31.748543920992695], [35.20581669109744, 31.748511936964572], [35.2058709554102, 31.748389480178034], [35.20588462963989, 31.7483586224779], [35.20594077307657, 31.748341190034466], [35.20602752542219, 31.748289021699556], [35.206148906246035, 31.748243624785843], [35.20624601154118, 31.748074860179013], [35.20635460083384, 31.747987732163676], [35.20650890258023, 31.747929242301176], [35.20667334662973, 31.7478799139165], [35.20774007632297, 31.747561398137105], [35.20871868138668, 31.74727797356331], [35.20973383028486, 31.74697568144026], [35.20984174549244, 31.746953184833583], [35.20992345560731, 31.74698315955216], [35.21015679772603, 31.747260610071088], [35.21001285708154, 31.74733969032567], [35.20950495038664, 31.747583963075776], [35.209170993091526, 31.74776783258842], [35.20910486911196, 31.747812927327296], [35.20900972176545, 31.74787605999707], [35.208849604415065, 31.747957231798086], [35.20869300106173, 31.748034749000574], [35.20862517371265, 31.74806658822318], [35.208605478106705, 31.74806817522378], [35.20854121461797, 31.748073354832638], [35.208429267732214, 31.74808237689259], [35.20826683820685, 31.748112819231157], [35.208104737856964, 31.748143261352904], [35.207966549257016, 31.748170320677517], [35.207825061508096, 31.748199634554755], [35.207684563546984, 31.74822669363575], [35.20757985039497, 31.74824586052152], [35.207554618996845, 31.748241351925877], [35.20746990235659, 31.748230221629296], [35.20739729954405, 31.74821993692107], [35.20726323155153, 31.74820077581136], [35.207119103629516, 31.748181614777167], [35.2069903127022, 31.748162453266673], [35.2068595428209, 31.748137655131025], [35.20673206999058, 31.748110602186884], [35.20668086434036, 31.74810087942504], [35.206625094035026, 31.748130538506107], [35.20654772859297, 31.748173059148296], [35.20655892472181, 31.748286465106887], [35.20656090482518, 31.748519646197526], [35.20654162784556, 31.748602015663867], [35.20645833995417, 31.748635931843122], [35.206274963973144, 31.74858971513093], [35.20620982672589, 31.748571679177047], [35.20607234550946, 31.748562730262368]]]}, "properties": {"plane_name": "מתחם תלפיות", "land_use": "תעסוקה ומסחר", "num_of_hel": " ", "feature_type": "landuse", "plan_short": "תלפיות"}}, {"type": "Feature", "geometry": {"type": "Polygon", "coordinates": [[[35.21584990297073, 31.754021489286863], [35.215857240186914, 31.75406166309352], [35.215939608188684, 31.754512660854356], [35.21599901013804, 31.75483790564116], [35.21600636248676, 31.754837671392785], [35.216021870121594, 31.754927798501452], [35.215928167382295, 31.75493255704283], [35.21584818195735, 31.75493256426706], [35.215831987299836, 31.754841774343433], [35.21583467662518, 31.75484175155557], [35.21577792881793, 31.754534853578193], [35.21577000020831, 31.754491973387623], [35.215702203175425, 31.754115255546097], [35.21549281957952, 31.754135321080913], [35.21531801865749, 31.75415207263644], [35.215253793672744, 31.754158227811146], [35.214511514305784, 31.754229358849575], [35.21449798857405, 31.754161245413773], [35.215678025266534, 31.75405004892354], [35.2156099878961, 31.753687592797878], [35.21552866291195, 31.753254343877934], [35.21563407992291, 31.75323598838567], [35.21570417810717, 31.753223570989416], [35.21578429605498, 31.7536622589319], [35.21584990297073, 31.754021489286863]]]}, "properties": {"plane_name": "מתחם תלפיות", "land_use": "דרך מוצעת", "num_of_hel": " ", "feature_type": "landuse", "plan_short": "תלפיות"}}, {"type": "Feature", "geometry": {"type": "Polygon", "coordinates": [[[35.21762543433503, 31.75236403058396], [35.21768570038424, 31.75248579859601], [35.217764602652245, 31.752645220244897], [35.21848960060426, 31.752404879770964], [35.2184934444708, 31.752411566523975], [35.21849867343902, 31.752420661048863], [35.21852786111206, 31.752410512058155], [35.21857701462183, 31.75247025380453], [35.21779767595832, 31.7527330005257], [35.21769861161851, 31.75276624389572], [35.21743040563157, 31.752856246887838], [35.2169093004162, 31.7530528878025], [35.21689069155837, 31.753003646207475], [35.21687984195694, 31.752975037152375], [35.21684153054266, 31.752874010854367], [35.21681270370875, 31.752798831388702], [35.217089124055306, 31.752920919297974], [35.21742526348197, 31.75278078195338], [35.21765881277027, 31.752683413614406], [35.217452464959386, 31.752266791705026], [35.21726112405237, 31.751880468099873], [35.21732491342611, 31.75185826001978], [35.217367667949425, 31.75184321019207], [35.217554040956095, 31.752219780702024], [35.21762543433503, 31.75236403058396]]]}, "properties": {"plane_name": "מתחם תלפיות", "land_use": "דרך מוצעת", "num_of_hel": " ", "feature_type": "landuse", "plan_short": "תלפיות"}}, {"type": "Feature", "geometry": {"type": "Polygon", "coordinates": [[[35.217452360824154, 31.751600785639656], [35.21746538740193, 31.75162661404098], [35.217516912079574, 31.751728771526714], [35.217445944138255, 31.751753408205932], [35.217371115616814, 31.751779664050666], [35.21717671096806, 31.751392456793337], [35.21700756047736, 31.751055546214786], [35.216239307069515, 31.751360365150926], [35.216202949020754, 31.75128006104543], [35.21617982463734, 31.751230115410785], [35.216841905144946, 31.750966593716615], [35.21666438682071, 31.750579057507135], [35.216724300764554, 31.75057093601389], [35.21682598316128, 31.750557208158522], [35.21696968067033, 31.750918052879687], [35.21762639589965, 31.750689153965148], [35.21764830919219, 31.750730920635466], [35.21769614665311, 31.75082335475467], [35.21715900239442, 31.751019134459277], [35.217321693216576, 31.751341707964812], [35.217452360824154, 31.751600785639656]]]}, "properties": {"plane_name": "מתחם תלפיות", "land_use": "דרך מוצעת", "num_of_hel": " ", "feature_type": "landuse", "plan_short": "תלפיות"}}, {"type": "Feature", "geometry": {"type": "Polygon", "coordinates": [[[35.21649678379679, 31.749877924201293], [35.21650177073, 31.749886953901964], [35.21664721140866, 31.750150284157414], [35.21675139520724, 31.75033891391523], [35.2166860123453, 31.750347733075948], [35.216612251745744, 31.75035778763346], [35.21652427652515, 31.75018789655895], [35.21630354971026, 31.749761639582307], [35.21637640118022, 31.749743526400234], [35.216417081673, 31.749733616697153], [35.21649678379679, 31.749877924201293]]]}, "properties": {"plane_name": "מתחם תלפיות", "land_use": "דרך מוצעת", "num_of_hel": " ", "feature_type": "landuse", "plan_short": "תלפיות"}}, {"type": "Feature", "geometry": {"type": "Polygon", "coordinates": [[[35.21289711633446, 31.747449602234546], [35.21284540249199, 31.74744847837363], [35.2128229751243, 31.74744306878884], [35.212804241413586, 31.747435629803732], [35.21277020305791, 31.74741038037676], [35.21273906653431, 31.747379719677557], [35.212665447320084, 31.747308478693988], [35.212657795247324, 31.747302166273016], [35.212648559563654, 31.747289766497413], [35.21263721258128, 31.747271279401037], [35.21263457237017, 31.747251438971663], [35.21263562635016, 31.74723565660756], [35.21264037403914, 31.747218521235805], [35.212655852706575, 31.747188170425524], [35.21277563789889, 31.74705529369353], [35.21277666045778, 31.747054159104515], [35.21289711633446, 31.747449602234546]]]}, "properties": {"plane_name": "מתחם תלפיות", "land_use": "דרך מוצעת", "num_of_hel": " ", "feature_type": "landuse", "plan_short": "תלפיות"}}, {"type": "Feature", "geometry": {"type": "Polygon", "coordinates": [[[35.213187869492735, 31.7482360845404], [35.21319524834969, 31.74826486552214], [35.213195867023614, 31.74826712820926], [35.21319656801649, 31.748269373755647], [35.21319734921729, 31.74827159945586], [35.213198211681245, 31.74827380350617], [35.21319915329734, 31.748275983201154], [35.21320017301006, 31.748278137639083], [35.21320127081909, 31.748280263212525], [35.21320244566896, 31.748282359019733], [35.21320369544862, 31.748284422355315], [35.21320502015802, 31.748286452317405], [35.21320641768601, 31.748288445298783], [35.21320788592182, 31.748290401299595], [35.213209424865084, 31.748292316712458], [35.21321103346036, 31.748294190635566], [35.21321270854129, 31.748296021265496], [35.21321444905223, 31.748297805896737], [35.21321625393779, 31.748299544529377], [35.21321812108682, 31.748301233556205], [35.21322004838857, 31.748302872977302], [35.213222033731995, 31.748304460087343], [35.21322407711698, 31.748305993984424], [35.2132261743219, 31.748307473767042], [35.2132283242911, 31.748308896729707], [35.2132305249137, 31.74831026197068], [35.21323277302332, 31.748311567686567], [35.21323506862003, 31.7483128138773], [35.21323740853743, 31.748313998739427], [35.213239789609176, 31.748315120469496], [35.21324221077985, 31.748316179067537], [35.21324466888315, 31.748317172730125], [35.21324716180817, 31.74831810055552], [35.21324968638872, 31.748318962543948], [35.21325224262464, 31.748319756891714], [35.21325482523889, 31.748320482697377], [35.21325743317605, 31.748321139960957], [35.213258276039646, 31.748328062466914], [35.21324467212196, 31.74832901305713], [35.21308685823735, 31.74834029700424], [35.21308175122518, 31.748340643661685], [35.21303938358419, 31.748034854240387], [35.213134859893884, 31.748029329324876], [35.213187869492735, 31.7482360845404]]]}, "properties": {"plane_name": "מתחם תלפיות", "land_use": "דרך מוצעת", "num_of_hel": " ", "feature_type": "landuse", "plan_short": "תלפיות"}}, {"type": "Feature", "geometry": {"type": "Polygon", "coordinates": [[[35.21284578592491, 31.74818290065447], [35.21283380966864, 31.748128320867327], [35.21276000549329, 31.747791955454492], [35.212733815919265, 31.747672594327135], [35.212787914646626, 31.747785997829087], [35.212790817733264, 31.7477945651688], [35.2128729003014, 31.748082473861334], [35.21291592105865, 31.74823105000765], [35.21292199148356, 31.7482520175049], [35.21292014670044, 31.74827546560715], [35.21291434425814, 31.74829959035839], [35.21289772391727, 31.748322363064847], [35.212880047619606, 31.74833904838362], [35.21284578592491, 31.74818290065447]]]}, "properties": {"plane_name": "מתחם תלפיות", "land_use": "דרך מוצעת", "num_of_hel": " ", "feature_type": "landuse", "plan_short": "תלפיות"}}, {"type": "Feature", "geometry": {"type": "Polygon", "coordinates": [[[35.21325858859542, 31.748860639962754], [35.21331544495973, 31.749123761057717], [35.21334188954081, 31.74924888841845], [35.21338610832254, 31.749494638110722], [35.21338759331421, 31.749505911070205], [35.213397163591466, 31.74955889379594], [35.21344352708122, 31.749813661755617], [35.213442717739895, 31.749966975480195], [35.213456411347806, 31.750039122112273], [35.21350755096928, 31.750218360166322], [35.21345329295693, 31.75018341754535], [35.21334624118152, 31.75017109058804], [35.21324121730764, 31.750152138445905], [35.21322595459809, 31.750148135314284], [35.21313947297155, 31.75012545086663], [35.21313577150552, 31.750124034322432], [35.21313134701641, 31.75012192160337], [35.21312798639978, 31.750119981965383], [35.21312404101136, 31.750117262271466], [35.213121121513865, 31.750114857250967], [35.21311842574652, 31.750112266434957], [35.213115971653096, 31.75010950785918], [35.21311377295518, 31.750106595050323], [35.21311184231956, 31.750103547848138], [35.213110180803454, 31.75010038519132], [35.21310912621765, 31.75009794757634], [35.21310771368551, 31.750093787461772], [35.2131066556822, 31.750088669563457], [35.21310633662364, 31.750085214616835], [35.213106328910705, 31.75008174882675], [35.21310663360073, 31.75007829293557], [35.2131072475293, 31.75007486678407], [35.213107918533666, 31.750072331651623], [35.21310874046498, 31.75006982897523], [35.21310997184159, 31.75006674458072], [35.2131110333401, 31.75006412194252], [35.21311172447481, 31.750062414702438], [35.21312637651038, 31.75002606843907], [35.213169422538094, 31.750037315092715], [35.21311571946133, 31.749435595996147], [35.213000382757876, 31.74941349872389], [35.21298223403267, 31.749310915061653], [35.21296401938464, 31.74922548900446], [35.21293130087979, 31.749053571550657], [35.212838361616065, 31.748500391283173], [35.213125293992405, 31.748468807329058], [35.213137337227444, 31.748526299139712], [35.21318334578223, 31.748522914049715], [35.21321303506984, 31.748589423085285], [35.213216011298734, 31.748678480100185], [35.21325858859542, 31.748860639962754]]]}, "properties": {"plane_name": "מתחם תלפיות", "land_use": "דרך מוצעת", "num_of_hel": " ", "feature_type": "landuse", "plan_short": "תלפיות"}}, {"type": "Feature", "geometry": {"type": "Polygon", "coordinates": [[[35.21259303815521, 31.749944819730807], [35.21255196250789, 31.749931481377153], [35.21254123923068, 31.749927999138613], [35.21257034516087, 31.74984200002782], [35.21267605186021, 31.749877970496506], [35.21295096144143, 31.7499647548927], [35.21293117621544, 31.75000533925088], [35.21290363868471, 31.75003126914197], [35.21286274158292, 31.750032399177375], [35.21259303815521, 31.749944819730807]]]}, "properties": {"plane_name": "מתחם תלפיות", "land_use": "דרך מוצעת", "num_of_hel": " ", "feature_type": "landuse", "plan_short": "תלפיות"}}, {"type": "Feature", "geometry": {"type": "Polygon", "coordinates": [[[35.2106545395565, 31.74917303705653], [35.21056486241725, 31.74927385420593], [35.21044051124585, 31.749413445973953], [35.21037212055987, 31.749340758683427], [35.21034796071747, 31.74931508067749], [35.210339969524256, 31.74923773880806], [35.21038522137636, 31.74917859277357], [35.2104863735923, 31.74907167421681], [35.21058486826349, 31.749046647763322], [35.210626684866405, 31.74905524120711], [35.21073882065139, 31.74907828592276], [35.21066085671347, 31.749165934714345], [35.2106545395565, 31.74917303705653]]]}, "properties": {"plane_name": "מתחם תלפיות", "land_use": "דרך מוצעת", "num_of_hel": " ", "feature_type": "landuse", "plan_short": "תלפיות"}}, {"type": "Feature", "geometry": {"type": "Polygon", "coordinates": [[[35.21224976419908, 31.750424930494095], [35.21226579735216, 31.75042877136271], [35.212289665021345, 31.7504344902864], [35.212473074707944, 31.750051911589924], [35.212496813694116, 31.750059478363912], [35.21255445372699, 31.750080758223106], [35.2125048494516, 31.75008193379416], [35.21246939018561, 31.750111696937516], [35.212391362761764, 31.75028665349518], [35.212361864319874, 31.750352795759728], [35.21232197725259, 31.75044223241981], [35.212310747460734, 31.750465103007127], [35.21224020284655, 31.750645812767694], [35.21216924332624, 31.7506391921717], [35.21219972875375, 31.750522131724967], [35.21220785086819, 31.75049255972829], [35.212222291928356, 31.75043997947202], [35.212225079349764, 31.75044077112038], [35.212231782709694, 31.750420622587807], [35.21224976419908, 31.750424930494095]]]}, "properties": {"plane_name": "מתחם תלפיות", "land_use": "דרך מוצעת", "num_of_hel": " ", "feature_type": "landuse", "plan_short": "תלפיות"}}, {"type": "Feature", "geometry": {"type": "Polygon", "coordinates": [[[35.214957468726546, 31.75128330803819], [35.21498874748243, 31.751386463867913], [35.21503350077204, 31.751534058772005], [35.215261703897376, 31.752286656039104], [35.216355078423874, 31.752127079353457], [35.216372756538945, 31.752172871564916], [35.21639287999729, 31.752225903552848], [35.21533229730068, 31.752407268118848], [35.21551482912912, 31.753104250183682], [35.21545447460657, 31.75311425509695], [35.21535278436824, 31.753131653262926], [35.215129136054465, 31.752362865056337], [35.21497325859255, 31.75182703169964], [35.21409213660141, 31.752051621581128], [35.2140669387678, 31.75205804463413], [35.214051437372824, 31.751984808799328], [35.21407673859027, 31.75197809895481], [35.21494891332411, 31.75174679478307], [35.214933465532965, 31.751695863474286], [35.21491540670537, 31.751636323368206], [35.214764070965906, 31.75113737477596], [35.21472206762796, 31.750998890884254], [35.21468725868231, 31.750884124916347], [35.214766213319905, 31.750871242864857], [35.214829628289486, 31.750861694356846], [35.214957468726546, 31.75128330803819]]]}, "properties": {"plane_name": "מתחם תלפיות", "land_use": "דרך מוצעת", "num_of_hel": " ", "feature_type": "landuse", "plan_short": "תלפיות"}}, {"type": "Feature", "geometry": {"type": "Polygon", "coordinates": [[[35.20878823841887, 31.7499081587652], [35.20911310964531, 31.750055192052788], [35.209582423137235, 31.750267596147026], [35.209456517246515, 31.750379490433847], [35.20942636598819, 31.750415774660723], [35.20875905974948, 31.75007066684522], [35.20847642237374, 31.74992449527225], [35.20836288829432, 31.74986577793305], [35.20836024861231, 31.749838722662258], [35.208221385014255, 31.749578319142902], [35.20819879219401, 31.749559155612534], [35.208164491486556, 31.74955915663582], [35.208204397910386, 31.749544500460704], [35.208262939344024, 31.74952307986796], [35.20834868954078, 31.74948700341992], [35.20852304645, 31.74978813478461], [35.20878823841887, 31.7499081587652]]]}, "properties": {"plane_name": "מתחם תלפיות", "land_use": "דרך מוצעת", "num_of_hel": " ", "feature_type": "landuse", "plan_short": "תלפיות"}}, {"type": "Feature", "geometry": {"type": "Polygon", "coordinates": [[[35.21857701462183, 31.75247025380453], [35.21854265476757, 31.752428493198746], [35.21852786111206, 31.752410512058155], [35.21833221897859, 31.752039649971785], [35.21831489828592, 31.752004705381484], [35.21829279408749, 31.751960742863016], [35.21810308979639, 31.751584243219515], [35.2181171071765, 31.75157860517878], [35.21812799026335, 31.75157522208683], [35.21816295035447, 31.751568454473663], [35.21819312912822, 31.75156732389968], [35.21822693893454, 31.751589866351438], [35.218233042386125, 31.75160339336081], [35.21832077457332, 31.751769801220796], [35.218441553274275, 31.75202385566934], [35.218459200445395, 31.752032872168577], [35.21847124095003, 31.752047525815442], [35.218640985945875, 31.75237442565785], [35.21876701445548, 31.752604381895225], [35.21889089857542, 31.75283208363207], [35.21898426590024, 31.75299778692202], [35.21901841244886, 31.753056402905862], [35.219508679656904, 31.753944662550673], [35.21950769587185, 31.753982991059353], [35.21948758005465, 31.754003284947515], [35.21945987687279, 31.754019070508072], [35.219437283800715, 31.754025837013774], [35.21905242800533, 31.753334843521262], [35.2189859488416, 31.75321648405359], [35.21895361018111, 31.753157519743745], [35.218780078405615, 31.752841114651105], [35.21868720765939, 31.752675411151603], [35.21857701462183, 31.75247025380453]]]}, "properties": {"plane_name": "מתחם תלפיות", "land_use": "דרך עם הנחיות מיוחדות", "num_of_hel": " ", "feature_type": "landuse", "plan_short": "תלפיות"}}, {"type": "Feature", "geometry": {"type": "Polygon", "coordinates": [[[35.21750974781873, 31.75046489071461], [35.2175283691663, 31.750461891963553], [35.217605394873715, 31.750449486328932], [35.21782797896425, 31.75084325094089], [35.21782956125832, 31.750844759560497], [35.21794189395725, 31.75104766276692], [35.21803641386175, 31.751230276267744], [35.21805274404631, 31.751256202557474], [35.21808041780656, 31.75130977097561], [35.21813951115211, 31.751424161828197], [35.21814660657294, 31.75145121640807], [35.218141333935904, 31.751481654241992], [35.21812352758227, 31.751508711509793], [35.218099618787086, 31.751529005595728], [35.21807537869628, 31.751535772039812], [35.21797244550099, 31.75134526833169], [35.217910421809, 31.75122578048393], [35.21786687473139, 31.751151382895408], [35.21769614665311, 31.75082335475467], [35.21764830919219, 31.750730920635466], [35.21762639589965, 31.750689153965148], [35.21752706792215, 31.750499835422982], [35.21750974781873, 31.75046489071461]]]}, "properties": {"plane_name": "מתחם תלפיות", "land_use": "דרך עם הנחיות מיוחדות", "num_of_hel": " ", "feature_type": "landuse", "plan_short": "תלפיות"}}, {"type": "Feature", "geometry": {"type": "Polygon", "coordinates": [[[35.2150160654996, 31.745305440365634], [35.215032720387214, 31.745298675131384], [35.21518150426561, 31.745685328960306], [35.21518068251353, 31.745706747865153], [35.215176564059874, 31.745739440120367], [35.21515067793849, 31.745774388831116], [35.21511621711144, 31.745801447109454], [35.215107805373925, 31.74577890167588], [35.214934609280085, 31.745338139046424], [35.21496635195896, 31.74532539694046], [35.2150160654996, 31.745305440365634]]]}, "properties": {"plane_name": "מתחם תלפיות", "land_use": "דרך עם הנחיות מיוחדות", "num_of_hel": " ", "feature_type": "landuse", "plan_short": "תלפיות"}}, {"type": "Feature", "geometry": {"type": "Polygon", "coordinates": [[[35.215641566477096, 31.750517726441817], [35.21578796401937, 31.750832620553563], [35.21577115564774, 31.750808886399607], [35.21574196363321, 31.750781833656816], [35.21570831964251, 31.75076154514039], [35.215677974948434, 31.750750274772297], [35.215633448859194, 31.7507412602626], [35.21558974682087, 31.75073900950218], [35.21552592891481, 31.750749160856344], [35.21482966733936, 31.750861688040736], [35.214829628289486, 31.750861694356846], [35.214766213319905, 31.750871242864857], [35.21468725868231, 31.750884124916347], [35.21431023178032, 31.750945637233766], [35.21400090016702, 31.750996103857926], [35.213913796533944, 31.751010314462523], [35.21386416551484, 31.75103337653761], [35.213764728390636, 31.751060439247944], [35.21373273613428, 31.751068332743305], [35.2136603423268, 31.7510875022411], [35.213632803828595, 31.751094268080713], [35.2136119952261, 31.75079778806261], [35.21339364890071, 31.75073354724024], [35.213281108554405, 31.750756782168697], [35.213217221202264, 31.75074972066001], [35.21324376260094, 31.75074656506466], [35.21326814542566, 31.75074091150377], [35.2132974032031, 31.75072395387214], [35.21331899739826, 31.750705212922217], [35.213342629610054, 31.75067562894295], [35.21335335801019, 31.750654422204803], [35.21335550145418, 31.750631384423485], [35.2133549778842, 31.750608648046153], [35.213351894264754, 31.750579056925158], [35.21334380544522, 31.750545192312636], [35.21333629414016, 31.750524321441755], [35.21332964427196, 31.750505666343077], [35.21331563101965, 31.750478697651353], [35.21330161943363, 31.75045801481763], [35.21338242347083, 31.75043918221793], [35.21334624118152, 31.75017109058804], [35.21345329295693, 31.75018341754535], [35.21350755096928, 31.750218360166322], [35.213680870314526, 31.750221729552546], [35.213904484631946, 31.750207058052585], [35.21398314415944, 31.750192397166746], [35.215183643304144, 31.749901456002206], [35.215207058773125, 31.749893562870206], [35.21524102781513, 31.749872141158313], [35.21526279274388, 31.749847338561054], [35.21527631121962, 31.74981802743983], [35.21527614327534, 31.749789844794503], [35.214930737438046, 31.748998504726067], [35.214934686600316, 31.748997230091724], [35.215424799137175, 31.750051466276474], [35.2154206327456, 31.750045730902848], [35.21539144133928, 31.75002093268912], [35.2153568089213, 31.750010789919983], [35.215307831363255, 31.75000966682327], [35.21525209481642, 31.75002545387982], [35.21481922222619, 31.7501314568735], [35.21451645864435, 31.75020475622839], [35.21412266756128, 31.75030173528772], [35.213843979499536, 31.750369394668457], [35.213746357758836, 31.75041111221406], [35.21370562955197, 31.750456207452377], [35.213684854723084, 31.750487773546695], [35.21367314908066, 31.750519338976375], [35.21366507195611, 31.75055090414048], [35.21366688865178, 31.75058585050197], [35.21369691628871, 31.75072225236498], [35.21371621369432, 31.750754942833066], [35.21375150766491, 31.75078312289773], [35.21379438605201, 31.750802283942683], [35.21427047057088, 31.75072446375025], [35.2146720176492, 31.75065792088268], [35.21498253614204, 31.750607166643164], [35.21516966352154, 31.75057649992967], [35.21525358135935, 31.75056274777668], [35.21545053852623, 31.75053047001802], [35.215480220929756, 31.750520321679453], [35.215513035511414, 31.75049889999771], [35.215556402485404, 31.750462822400838], [35.215571238601214, 31.750419983460265], [35.215574204096, 31.750391800542772], [35.215573290753845, 31.75037086789804], [35.2155958993965, 31.75041949970678], [35.215641566477096, 31.750517726441817]]]}, "properties": {"plane_name": "מתחם תלפיות", "land_use": "דרך מאושרת", "num_of_hel": " ", "feature_type": "landuse", "plan_short": "תלפיות"}}, {"type": "Feature", "geometry": {"type": "Polygon", "coordinates": [[[35.21372074967687, 31.746526505643363], [35.2137043918631, 31.746531016069206], [35.21367001932979, 31.74654036981642], [35.21366983464468, 31.74654042033321], [35.21350466803514, 31.74658536672235], [35.213175151460696, 31.74667805452235], [35.21313584409301, 31.746655897080156], [35.212917911923576, 31.746533048035015], [35.21293085578774, 31.746518579760387], [35.21306191721364, 31.746372249157492], [35.21310265670618, 31.746429511767033], [35.21316463809449, 31.74643493211065], [35.2134103762931, 31.746351547425032], [35.21341172913188, 31.746350047559933], [35.21342813019679, 31.746345522738924], [35.213590125057465, 31.74630082829154], [35.2136146614119, 31.74629090621413], [35.21363180984053, 31.746277602747544], [35.21363972369576, 31.746263398104357], [35.21364605422592, 31.746246488038903], [35.21364658033868, 31.746230705702356], [35.21364339201231, 31.74621952395032], [35.213787795717586, 31.746530159498814], [35.213785919215354, 31.746529657309345], [35.21375979830359, 31.74652515000678], [35.213740273922326, 31.746525151442388], [35.21372074967687, 31.746526505643363]]]}, "properties": {"plane_name": "מתחם תלפיות", "land_use": "דרך מאושרת", "num_of_hel": " ", "feature_type": "landuse", "plan_short": "תלפיות"}}, {"type": "Feature", "geometry": {"type": "Polygon", "coordinates": [[[35.21332428371542, 31.74747445037473], [35.21314841843951, 31.747513746984524], [35.21299659521193, 31.747547671238426], [35.21297944554163, 31.747551054317253], [35.21296150508092, 31.747562554055914], [35.21294725845928, 31.747574053543737], [35.21293749763073, 31.747590061955943], [35.212933013906486, 31.74760809916547], [35.21293459915927, 31.747631772501382], [35.212733815919265, 31.747672594327135], [35.212696871601075, 31.74760721295075], [35.21265517905149, 31.747552428555245], [35.21261480641822, 31.747504858823838], [35.21258921121056, 31.747480285187013], [35.2125646714188, 31.747455936938525], [35.21254145197506, 31.74744421443694], [35.21251665007496, 31.747439481334368], [35.21249369533228, 31.747437453645716], [35.21247074088466, 31.74743880787337], [35.212446731620844, 31.74744670054313], [35.212417381929804, 31.74746463920173], [35.21221159923114, 31.747703210872814], [35.21183702711952, 31.748137461071078], [35.211845486531274, 31.748182643027647], [35.211856570217634, 31.748208570431384], [35.21186950053654, 31.748230664882897], [35.21190723424117, 31.748273500312912], [35.21192306573951, 31.748281165062078], [35.21198428045858, 31.7483055112477], [35.21204443926008, 31.748323093627434], [35.21209219671725, 31.748334589273895], [35.21214100937197, 31.74834360476359], [35.2122009035457, 31.748351266786965], [35.21225763128377, 31.74835577251932], [35.21238507005246, 31.7483568918841], [35.212451850762434, 31.748353187400138], [35.212569348113654, 31.7483466685801], [35.21266580313561, 31.748341317107677], [35.21282387950253, 31.748360920063156], [35.212920800642195, 31.748351581308665], [35.21308175122518, 31.748340643661685], [35.21308685823735, 31.74834029700424], [35.213125293992405, 31.748468807329058], [35.212838361616065, 31.748500391283173], [35.212723093711766, 31.748513926561582], [35.21259842652855, 31.74852858964885], [35.21252273556492, 31.7485387402675], [35.2124279153569, 31.7485466374375], [35.21235684238196, 31.74855227843941], [35.212270596370395, 31.74855002919581], [35.21222788530774, 31.74854664991353], [35.212160933467835, 31.748537635566297], [35.212092165988274, 31.7485241120673], [35.2120166379869, 31.748501570483523], [35.21191868065421, 31.748464375197592], [35.21182715530165, 31.748418161007326], [35.21177603155586, 31.74838547209221], [35.21167015916891, 31.748337004007173], [35.211490736410944, 31.748258102679277], [35.21147193611857, 31.748250212580288], [35.21140778615221, 31.74822090616086], [35.211143101719586, 31.748050697173333], [35.21111209876264, 31.748038298441216], [35.21108027090567, 31.748031536278443], [35.21104234379289, 31.748037174800512], [35.211017608306534, 31.748047321851672], [35.21020335183657, 31.748512209721945], [35.210148757155686, 31.748543379076697], [35.21010011780431, 31.74857082171598], [35.209843033111575, 31.748715870460003], [35.20945419686857, 31.748936838623475], [35.209345856984314, 31.748996590138145], [35.20921443106677, 31.749075506649], [35.209057278735514, 31.74916006050274], [35.20887885485645, 31.749252506059758], [35.208693503797626, 31.749340442374383], [35.208505842862586, 31.74942161465423], [35.20834868954078, 31.74948700341992], [35.208262939344024, 31.74952307986796], [35.208204397910386, 31.749544500460704], [35.208164491486556, 31.74955915663582], [35.207672744328654, 31.749750812382498], [35.20740823597073, 31.749855658437326], [35.20739982650247, 31.749856785943265], [35.207386962548995, 31.74983762203888], [35.207349361785276, 31.74978125760088], [35.20733897183815, 31.749765475552962], [35.20734655800823, 31.74976209345737], [35.20739916306722, 31.749739546093835], [35.207426343707304, 31.749728896459732], [35.20762359893719, 31.74965161067855], [35.207900639293484, 31.749543381908406], [35.20806438930959, 31.749477993505295], [35.20813447347307, 31.7494509361048], [35.20825139149091, 31.749405840348025], [35.208340109380806, 31.749369763814908], [35.20850089088798, 31.74930212032836], [35.20864188367056, 31.749241241140552], [35.208684392242695, 31.749220900397052], [35.208813876628845, 31.749158941897683], [35.20890114566684, 31.74911488820206], [35.208994775363855, 31.749067623647218], [35.209126530971396, 31.748993216576675], [35.20932325898319, 31.748881605748952], [35.209797018170576, 31.74861328752418], [35.20998286063183, 31.748507312666945], [35.210004145104406, 31.74849535506435], [35.210077183266726, 31.748454325073364], [35.21010570428975, 31.74843814198472], [35.210560007758424, 31.74818036705508], [35.21087182944443, 31.748001109786532], [35.210911238240485, 31.74794925166383], [35.21090480441289, 31.74791656009842], [35.210894578819754, 31.74788725064661], [35.21023307578314, 31.747385135216103], [35.210349039292005, 31.747323623976577], [35.210379331986275, 31.74730869160049], [35.210382348718845, 31.747315731264152], [35.21041335046068, 31.747314602493326], [35.2104443533038, 31.747330383317358], [35.2104654621791, 31.747349546527182], [35.21062397941263, 31.74755422801446], [35.210776316132794, 31.74750059041657], [35.211071017688276, 31.747773383523562], [35.211086520012145, 31.747784655776154], [35.21114539329936, 31.747822981093563], [35.21124648419956, 31.747889486784043], [35.21127666336842, 31.74790864936871], [35.21145048170247, 31.748022497821555], [35.211529471563374, 31.748040530321642], [35.2115830653754, 31.748028126929764], [35.21162544311873, 31.74799655993943], [35.21175898310432, 31.74784446416988], [35.211845107473074, 31.747746371742643], [35.21196297152011, 31.747612128700915], [35.21200749095138, 31.747562524545437], [35.21234913802915, 31.747172455477227], [35.21238821589948, 31.74712736075298], [35.21246333984469, 31.747041989118646], [35.21250825332214, 31.746990949020784], [35.212615049046555, 31.746871577498442], [35.21268963662534, 31.74678820605539], [35.21277563789889, 31.74705529369353], [35.212655852706575, 31.747188170425524], [35.21264037403914, 31.747218521235805], [35.21263562635016, 31.74723565660756], [35.21263457237017, 31.747251438971663], [35.21263721258128, 31.747271279401037], [35.212648559563654, 31.747289766497413], [35.212657795247324, 31.747302166273016], [35.212665447320084, 31.747308478693988], [35.21273906653431, 31.747379719677557], [35.21277020305791, 31.74741038037676], [35.212804241413586, 31.747435629803732], [35.2128229751243, 31.74744306878884], [35.21284540249199, 31.74744847837363], [35.21289711633446, 31.747449602234546], [35.2130691398836, 31.74740900757576], [35.21336516817344, 31.747343152328448], [35.21368652443175, 31.747269854320447], [35.213696550116715, 31.74726556982188], [35.213703409479095, 31.747259481863264], [35.213705519516616, 31.747252266945065], [35.21370393567819, 31.74724460137444], [35.21369654571486, 31.7472216048553], [35.213809732874196, 31.7471985994702], [35.21385935177, 31.7473561932847], [35.21359566937977, 31.747413808986593], [35.21332428371542, 31.74747445037473]]]}, "properties": {"plane_name": "מתחם תלפיות", "land_use": "דרך מאושרת", "num_of_hel": " ", "feature_type": "landuse", "plan_short": "תלפיות"}}, {"type": "Feature", "geometry": {"type": "Polygon", "coordinates": [[[35.21301735608061, 31.747950119246266], [35.21303938358419, 31.748034854240387], [35.21308175122518, 31.748340643661685], [35.212920800642195, 31.748351581308665], [35.21282387950253, 31.748360920063156], [35.21285762167857, 31.748351675712], [35.212880047619606, 31.74833904838362], [35.21289772391727, 31.748322363064847], [35.21291434425814, 31.74829959035839], [35.21292014670044, 31.74827546560715], [35.21292199148356, 31.7482520175049], [35.21291592105865, 31.74823105000765], [35.2128729003014, 31.748082473861334], [35.212790817733264, 31.7477945651688], [35.212787914646626, 31.747785997829087], [35.212733815919265, 31.747672594327135], [35.21293459915927, 31.747631772501382], [35.21301160955235, 31.747928012699926], [35.21301735608061, 31.747950119246266]]]}, "properties": {"plane_name": "מתחם תלפיות", "land_use": "דרך מאושרת", "num_of_hel": " ", "feature_type": "landuse", "plan_short": "תלפיות"}}, {"type": "Feature", "geometry": {"type": "Polygon", "coordinates": [[[35.21728057471607, 31.7504958329767], [35.21682598316128, 31.750557208158522], [35.216724300764554, 31.75057093601389], [35.21666438682071, 31.750579057507135], [35.21631648806494, 31.75062621287421], [35.21607753853426, 31.750654417689645], [35.21602509914298, 31.75067245939251], [35.21598898917628, 31.750707409180528], [35.215975471566956, 31.75075137535404], [35.215980094932156, 31.750798721794254], [35.21617982463734, 31.751230115410785], [35.216202949020754, 31.75128006104543], [35.216239307069515, 31.751360365150926], [35.21626210333083, 31.751410713929012], [35.21638209211772, 31.751675728735258], [35.21647699978023, 31.751920748294214], [35.21651439581474, 31.752017289930052], [35.216531713919395, 31.752037579787533], [35.216548701556384, 31.752048851226252], [35.216571294485014, 31.752051103678628], [35.21659833940528, 31.752046591864232], [35.21687983083548, 31.75194961624575], [35.21715587896871, 31.751853767855888], [35.21720420705695, 31.751837281787108], [35.21725152829335, 31.75182113850267], [35.21730132438385, 31.75180415172479], [35.217371115616814, 31.751779664050666], [35.217445944138255, 31.751753408205932], [35.217516912079574, 31.751728771526714], [35.217725290218674, 31.751656430935437], [35.21807537869628, 31.751535772039812], [35.21807999630377, 31.751543662685958], [35.21810078090744, 31.751579734243883], [35.21810308979639, 31.751584243219515], [35.217844522988536, 31.75167670990106], [35.217565178027016, 31.751773687432536], [35.217367667949425, 31.75184321019207], [35.21732491342611, 31.75185826001978], [35.21726112405237, 31.751880468099873], [35.2171079015186, 31.75193381138432], [35.21689418522776, 31.752008234748807], [35.21677446505092, 31.752046574854052], [35.216609066252424, 31.752106338052325], [35.21659092796623, 31.75211761285158], [35.21658185932873, 31.752131141392002], [35.216573121926416, 31.752151433735882], [35.21657312502908, 31.75217510716093], [35.21670839937966, 31.752526813596134], [35.21671832183724, 31.7525526919718], [35.21681270370875, 31.752798831388702], [35.21684153054266, 31.752874010854367], [35.21687984195694, 31.752975037152375], [35.21689069155837, 31.753003646207475], [35.2169093004162, 31.7530528878025], [35.21694429462444, 31.7531454848626], [35.21706919275655, 31.753475969676657], [35.21710565686597, 31.753571445227745], [35.2171910072049, 31.753794917363862], [35.21722030876572, 31.753871638838394], [35.21723746599049, 31.75391560202901], [35.21738280922703, 31.75429774388583], [35.21749697440541, 31.754606613907914], [35.217516768328174, 31.75463479450695], [35.21754678606657, 31.75465959213014], [35.21757548282739, 31.75466522568912], [35.21752281508424, 31.754679639900832], [35.217342524353114, 31.754728981142772], [35.2173248119415, 31.754678779068676], [35.21731606819171, 31.754653979235197], [35.217249954584474, 31.754475715635635], [35.21724994085859, 31.754475680465102], [35.21721196703874, 31.75437329067952], [35.21718491123063, 31.75430340045534], [35.21710044481982, 31.75408696623931], [35.21687344116952, 31.753489516689264], [35.2167249666209, 31.753099483365204], [35.21670369020342, 31.753078066614503], [35.21668604300406, 31.753069049873616], [35.21667251882738, 31.753063414649997], [35.21664646213726, 31.75305665332623], [35.21570417810717, 31.753223570989416], [35.21563407992291, 31.75323598838567], [35.21552866291195, 31.753254343877934], [35.2143580015742, 31.753458173937418], [35.21432566261171, 31.753310499411803], [35.21445445765824, 31.753287943178357], [35.21492049436025, 31.75320561215714], [35.21535278436824, 31.753131653262926], [35.21545447460657, 31.75311425509695], [35.21551482912912, 31.753104250183682], [35.21555311363664, 31.753097903257157], [35.21566539505709, 31.75307929011074], [35.21620085961307, 31.75298557056385], [35.21627254068417, 31.752973024645645], [35.21633558839024, 31.752961989185405], [35.21657687977609, 31.75292003144202], [35.216572395285674, 31.752896583007978], [35.21660288855303, 31.75277934027831], [35.21639287999729, 31.752225903552848], [35.216372756538945, 31.752172871564916], [35.216355078423874, 31.752127079353457], [35.216185190346536, 31.751687020190058], [35.216094629622276, 31.75148974998558], [35.21601990384829, 31.751326297448696], [35.215991531243965, 31.751262043588323], [35.215791113940504, 31.750837067269046], [35.21578796401937, 31.750832620553563], [35.215641566477096, 31.750517726441817], [35.2155958993965, 31.75041949970678], [35.215573290753845, 31.75037086789804], [35.215572384818664, 31.750350090369952], [35.21544438340071, 31.75007842072672], [35.215424799137175, 31.750051466276474], [35.214934686600316, 31.748997230091724], [35.214930737438046, 31.748998504726067], [35.21490285984052, 31.74893086863899], [35.214782294337134, 31.74875276410175], [35.2147704199854, 31.748742619311333], [35.21468136299164, 31.748671606227102], [35.21464543369601, 31.74864849483221], [35.214597254629325, 31.748617502282137], [35.21451083932042, 31.74857354422408], [35.21441601438241, 31.74853635060941], [35.214325478912855, 31.748511556962026], [35.21422570938864, 31.748492400497145], [35.214132701705076, 31.748482261889727], [35.214025182607394, 31.74847437892687], [35.21393085653118, 31.74847213141828], [35.21350230185589, 31.748501246426862], [35.21337029927013, 31.748510213837484], [35.21318334578223, 31.748522914049715], [35.213137337227444, 31.748526299139712], [35.213125293992405, 31.748468807329058], [35.21308685823735, 31.74834029700424], [35.21324467212196, 31.74832901305713], [35.213258276039646, 31.748328062466914], [35.213908825825904, 31.74828262470437], [35.21393941191913, 31.74828048864751], [35.21407150054376, 31.748280478670168], [35.214181516229964, 31.748286000371138], [35.21418363652356, 31.748286106625773], [35.214358769413984, 31.74831653031153], [35.21455221065296, 31.748388662642064], [35.214619825587384, 31.748428112958955], [35.21472553740657, 31.74848897897831], [35.21479947367579, 31.74855111550599], [35.2148770990013, 31.748616352230375], [35.21489464847728, 31.748638186261367], [35.2149450496979, 31.7487008946091], [35.21499419958997, 31.748766274306146], [35.21502444528758, 31.748813445504815], [35.21507983511678, 31.748899833131134], [35.215107675213346, 31.748943251932992], [35.21511289635777, 31.748953126698627], [35.2152358353087, 31.74918561198085], [35.215308884783866, 31.749336795573083], [35.21541430434232, 31.749554971691612], [35.215467462437985, 31.749664986773112], [35.215491833600886, 31.749715423946295], [35.21549199090161, 31.749715800001994], [35.215501730881854, 31.749739095615432], [35.21552185218191, 31.749765022806642], [35.21554642610141, 31.749780802945093], [35.21558155184299, 31.749786436394132], [35.215609915550196, 31.74978305197846], [35.216098889544924, 31.749664762524777], [35.216227606254066, 31.749633624339396], [35.216994434713136, 31.749448112434965], [35.21700004255406, 31.749459384944174], [35.21704985913866, 31.749563092192936], [35.21705695241103, 31.749577746471008], [35.216417081673, 31.749733616697153], [35.21637640118022, 31.749743526400234], [35.21630354971026, 31.749761639582307], [35.215990858708295, 31.74983938315638], [35.2156984863233, 31.749911557069357], [35.21567193751469, 31.749920577875677], [35.21563566187112, 31.749954400276017], [35.2156287394347, 31.74998934738437], [35.2156274265408, 31.750033312447947], [35.21563285592586, 31.7500449078926], [35.215719799112556, 31.75023058286869], [35.21578825329069, 31.750377126577284], [35.215816127392834, 31.750407561348343], [35.215842349036606, 31.750423341280218], [35.21587780663775, 31.750439120373603], [35.21591985962544, 31.750447007716073], [35.21628050879587, 31.750403009599907], [35.216612251745744, 31.75035778763346], [35.2166860123453, 31.750347733075948], [35.21675139520724, 31.75033891391523], [35.21739947757734, 31.750251493028756], [35.21750974781873, 31.75046489071461], [35.217432958213195, 31.75047525809748], [35.21728057471607, 31.7504958329767]]]}, "properties": {"plane_name": "מתחם תלפיות", "land_use": "דרך מאושרת", "num_of_hel": " ", "feature_type": "landuse", "plan_short": "תלפיות"}}, {"type": "Feature", "geometry": {"type": "MultiPolygon", "coordinates": [[[[35.21339624862314, 31.745791009874445], [35.21407203936231, 31.745539995550093], [35.21384778517362, 31.7456380881292], [35.213819423923475, 31.74565387253293], [35.21378941475783, 31.74567529358759], [35.213797008750056, 31.745744391541727], [35.21384467693738, 31.745874822852535], [35.213912466738165, 31.746034895403852], [35.21395056817636, 31.746122822497924], [35.21398586127514, 31.74615889366769], [35.21403928891921, 31.746155507708053], [35.21431101899149, 31.7460595214276], [35.214601084768894, 31.745957057845207], [35.215107805373925, 31.74577890167588], [35.21511621711144, 31.745801447109454], [35.21514215357735, 31.745873120008365], [35.21514640383402, 31.745884865287305], [35.215155125097574, 31.745909873632307], [35.214856088658614, 31.746014546932418], [35.21465948356696, 31.74608258645457], [35.21435434386044, 31.74618710755666], [35.21432649253504, 31.746195480664642], [35.214316530329576, 31.74619988785953], [35.214144614755085, 31.746277455362332], [35.21411401949738, 31.74629662192224], [35.21410114741725, 31.746309214473193], [35.21408539342349, 31.746324725614738], [35.21406924518229, 31.74634471354582], [35.21405918089357, 31.74636230300541], [35.214048416790355, 31.746389085931234], [35.21404463881212, 31.746411795591705], [35.21404845296999, 31.746452889700365], [35.214079049261144, 31.74653414456401], [35.21426654365149, 31.747002466662096], [35.2142931536299, 31.747068932412166], [35.214332142326214, 31.747166318766055], [35.21441379433446, 31.74738611825749], [35.214559637214215, 31.747778708863525], [35.21459787200294, 31.747867557415145], [35.214747417112704, 31.748264591773268], [35.214775365842165, 31.748338792427752], [35.21484454637137, 31.748522461991367], [35.21479947367579, 31.74855111550599], [35.21472553740657, 31.74848897897831], [35.214619825587384, 31.748428112958955], [35.21455221065296, 31.748388662642064], [35.214358769413984, 31.74831653031153], [35.21418363652356, 31.748286106625773], [35.214181516229964, 31.748286000371138], [35.214184066105595, 31.74825641333527], [35.214188323589426, 31.748256736770127], [35.21419258739851, 31.74825699256595], [35.214196855422024, 31.748257180722888], [35.21420112766008, 31.74825730214281], [35.214205400946405, 31.74825735592413], [35.21420967528106, 31.748257342968657], [35.2142139474978, 31.748257262374796], [35.21421821865198, 31.74825711414247], [35.21422248452214, 31.74825689917387], [35.21422674616355, 31.748256616567055], [35.21423100041012, 31.748256267224114], [35.21423524620646, 31.748255851145114], [35.2142397400043, 31.74825528894785], [35.21424422007456, 31.748254656407546], [35.21424868641747, 31.74825395622976], [35.21425313797747, 31.748253186610874], [35.21425757158847, 31.748252348452965], [35.214261987250545, 31.748251442657903], [35.2142663828529, 31.748250469225848], [35.21427075734007, 31.748249427255036], [35.214275109656896, 31.74824831945108], [35.214279436637035, 31.74824714401054], [35.214283739335954, 31.748245901835183], [35.21428801458759, 31.74824459382711], [35.2142922613366, 31.748243220888245], [35.2142964795829, 31.74824178211676], [35.214300666160405, 31.748240278414716], [35.214304820013815, 31.748238710684067], [35.21430894008782, 31.748237079826747], [35.21431302532704, 31.748235385842847], [35.21431707467606, 31.748233628732425], [35.21432108496879, 31.7482318093976], [35.21432505726074, 31.748229928740127], [35.214328989441164, 31.748227987662023], [35.21433287939925, 31.748225985261612], [35.21433629759429, 31.748223954940748], [35.214339668290485, 31.748221867807242], [35.21434299148795, 31.748219724762933], [35.214346265076074, 31.748217527611715], [35.214349489054875, 31.748215276353594], [35.21435266025835, 31.74821297279246], [35.214355779741894, 31.748210616928255], [35.214358844339436, 31.748208209663105], [35.21436185405107, 31.748205751898848], [35.214364806766106, 31.748203244537464], [35.214367703540134, 31.748200689382625], [35.21437054015158, 31.7481980864346], [35.21437331871143, 31.748195437496996], [35.21437603605353, 31.748192742569984], [35.214378691122555, 31.74819000255554], [35.214381284974195, 31.748187220159117], [35.21438381444219, 31.74818439447911], [35.21438627847144, 31.748181528221156], [35.21438867811733, 31.748178621385158], [35.214391011269306, 31.748175675775016], [35.21439327687195, 31.74817269139077], [35.21439547492548, 31.748169670036134], [35.2143976033193, 31.748166613514975], [35.2143996620534, 31.748163521827255], [35.21440165112791, 31.74816039587488], [35.21440356843242, 31.748157239265385], [35.21440541396677, 31.74815405019505], [35.21440718667583, 31.748150831369543], [35.21440888550446, 31.74814758459261], [35.21441051045251, 31.74814430896242], [35.21441216067003, 31.748140478695312], [35.21441373595216, 31.748136624986113], [35.21441523841002, 31.748132750540215], [35.21441666593281, 31.748128855357727], [35.214418018520654, 31.748124940340528], [35.214419297229114, 31.748121007292212], [35.214420499947536, 31.748117057114822], [35.21442162667594, 31.748113089808335], [35.21442267741461, 31.748109108078314], [35.214423652163575, 31.748105111924747], [35.21442455092299, 31.748101103151292], [35.21442537158216, 31.748097081758196], [35.214425915723275, 31.748093006276157], [35.21442638704179, 31.748088924486904], [35.21442678448231, 31.748084836390575], [35.21442710804503, 31.74808074379084], [35.21442735878546, 31.74807664758948], [35.214427535648305, 31.74807254868839], [35.21442763863366, 31.748068447989425], [35.21442766774167, 31.748064346394454], [35.21442762402769, 31.748060243903353], [35.214427505381394, 31.74805614412372], [35.21442731391333, 31.748052045251644], [35.214427048568346, 31.748047949090953], [35.21439602232116, 31.747970308058473], [35.21442163813752, 31.747965027541554], [35.214420075774, 31.747961423890544], [35.21407910740057, 31.74709193602328], [35.21394688303377, 31.746720160201892], [35.21387589632847, 31.74659480897885], [35.2138558413993, 31.746566853259058], [35.21383314926582, 31.746550847185535], [35.213807818778484, 31.746535517687292], [35.213787795717586, 31.746530159498814], [35.21364339201231, 31.74621952395032], [35.21364156558745, 31.74621312007732], [35.21361054561036, 31.746132713771935], [35.213467000535985, 31.745859279075873], [35.21339624862314, 31.745791009874445]]], [[[35.213276590806984, 31.745850063022587], [35.21322299920926, 31.745859085209435], [35.21335260667811, 31.74580722002344], [35.21339624862314, 31.745791009874445], [35.213276590806984, 31.745850063022587]]]]}, "properties": {"plane_name": "מתחם תלפיות", "land_use": "דרך מאושרת", "num_of_hel": " ", "feature_type": "landuse", "plan_short": "תלפיות"}}, {"type": "Feature", "geometry": {"type": "Polygon", "coordinates": [[[35.21152594304349, 31.748503166352233], [35.21111792316979, 31.748952557333514], [35.210932266698094, 31.749161105194442], [35.21090571898536, 31.749189289219334], [35.21089236186454, 31.749205072193668], [35.210877522528364, 31.749229873694098], [35.21086927823994, 31.74925242024406], [35.210868455463896, 31.749273839109225], [35.210870271510466, 31.749299767065903], [35.21089237085928, 31.749333585132796], [35.21091677865656, 31.749356130012558], [35.210943495133726, 31.749370783623387], [35.21132163642924, 31.749504913053844], [35.21156488152995, 31.7495928294731], [35.21192537870386, 31.749720194262263], [35.212170274070374, 31.749802472893123], [35.21229676072876, 31.749840793514814], [35.21249135805986, 31.749911801578246], [35.21254123923068, 31.749927999138613], [35.21255196250789, 31.749931481377153], [35.21258962485905, 31.749943711583153], [35.21255445372699, 31.750080758223106], [35.212496813694116, 31.750059478363912], [35.212473074707944, 31.750051911589924], [35.212289665021345, 31.7504344902864], [35.21226579735226, 31.75042877226455], [35.21224976419908, 31.750424930494095], [35.212231782709694, 31.750420622587807], [35.212263454014504, 31.750325420968856], [35.212272065542, 31.750317645629718], [35.21238187387282, 31.750082031760343], [35.21238170554446, 31.750039194129773], [35.21234806178258, 31.750009886272796], [35.212162535120825, 31.749945641276184], [35.21209970359218, 31.74992309897071], [35.21190114911438, 31.749856599768425], [35.211574952118575, 31.74974163335186], [35.21147353112084, 31.74970781984584], [35.211413173965994, 31.74968753167601], [35.21132676009289, 31.749655971836525], [35.2112167636819, 31.74961652206071], [35.21108170080827, 31.74956805505899], [35.21078997297978, 31.749464357874672], [35.210745117791646, 31.749457596284362], [35.21070224210745, 31.749459853031713], [35.210628531108306, 31.74950043969968], [35.210512115885685, 31.74963234020789], [35.210446129724005, 31.749713406617815], [35.21040170911327, 31.74976947102492], [35.210128144623106, 31.750070077648402], [35.210134582714346, 31.750071321904045], [35.21004152051187, 31.750172485132293], [35.21003941193542, 31.75017477681427], [35.209750015459285, 31.750485301800605], [35.20974939174652, 31.75048597099589], [35.209686249094744, 31.750556049703928], [35.20968477265882, 31.75055768841779], [35.209682167028205, 31.750561122752014], [35.20968068744417, 31.75056308252278], [35.20967921102647, 31.75056504499893], [35.209677739885905, 31.750567009278523], [35.20967627191164, 31.75056897536164], [35.20967480815914, 31.750570944150144], [35.20967334862835, 31.75057291474211], [35.20967189331932, 31.750574888039424], [35.209670441176584, 31.75057686314029], [35.20966899325557, 31.75057884004464], [35.20966754955631, 31.750580819654342], [35.20966611007877, 31.750582801067544], [35.20966467376757, 31.750584785186113], [35.20966324167803, 31.750586770206358], [35.20966181381027, 31.75058875793195], [35.20966039016426, 31.750590748362857], [35.209658970739966, 31.75059274059728], [35.20965755448197, 31.75059473463525], [35.209656143501114, 31.750596730476676], [35.209654735686584, 31.75059872902347], [35.209653332093794, 31.750600729373797], [35.20965193272269, 31.7506027315276], [35.209650536517906, 31.75060473548494], [35.209649145590305, 31.750606742147603], [35.209647757828975, 31.75060875061379], [35.20964637428944, 31.750610761785325], [35.20964499497156, 31.750612773858524], [35.209643619875465, 31.750614788637066], [35.20964224794566, 31.750616805219142], [35.209640881293026, 31.75061882450651], [35.209639517806636, 31.750620844695625], [35.209638159597446, 31.750622867589996], [35.20963680455454, 31.750624892287913], [35.20963545373338, 31.750626918789354], [35.20963410713395, 31.750628947996134], [35.20963276370079, 31.75063097810459], [35.20963142554482, 31.750633010918378], [35.20963009055514, 31.75063504553571], [35.209628760842605, 31.750637081956484], [35.20962743429641, 31.75063912108266], [35.20962611197187, 31.75064116111047], [35.20962479386912, 31.750643203843666], [35.20962347998808, 31.750645248380327], [35.20962217032878, 31.750647294720505], [35.20962086489117, 31.75064934286419], [35.20961956367528, 31.750651392811374], [35.209588990906305, 31.750699850196188], [35.20955289983747, 31.750776688858927], [35.20955166515531, 31.7507795576779], [35.209550853642654, 31.750781456094526], [35.20955004635176, 31.750783356314635], [35.20954924222714, 31.75078525743649], [35.20954844232421, 31.750787159459975], [35.20954764664302, 31.750789063287], [35.20954685412813, 31.750790968015714], [35.20954606583493, 31.750792873646112], [35.209545281763425, 31.750794780178175], [35.209544500858264, 31.750796688513795], [35.209543724174786, 31.75079859775108], [35.209542950657664, 31.75080050879191], [35.20954218136216, 31.750802419832574], [35.209541416288424, 31.750804332676765], [35.20954065438096, 31.75080624642265], [35.20953989669519, 31.7508081610702], [35.2095391432312, 31.750810077521294], [35.2095383939889, 31.750811994874017], [35.20953764791286, 31.75081391312849], [35.20953690500311, 31.750815832284662], [35.20953616737049, 31.750817752342453], [35.209535432904204, 31.75081967420379], [35.20953470265962, 31.75082159696683], [35.2095339755813, 31.750823520631553], [35.20953325272471, 31.750825445197957], [35.20953253408982, 31.75082737066602], [35.209531819676656, 31.750829297937607], [35.20953110842975, 31.750831225209065], [35.209530401404585, 31.750833154284027], [35.20952969754571, 31.750835084260697], [35.20952899790855, 31.750837015139062], [35.209528302493126, 31.75083894782092], [35.20952761129936, 31.750840880502626], [35.20952692327193, 31.75084281498785], [35.20952623946616, 31.750844749472947], [35.20952555988214, 31.75084668576152], [35.20952488346441, 31.750848622951814], [35.20952421232379, 31.75085056104375], [35.20952354329405, 31.75085250003745], [35.20952287954143, 31.75085443993275], [35.20952221895511, 31.75085638072978], [35.20952156259053, 31.75085832333031], [35.20952091044761, 31.750860265930687], [35.20952026147103, 31.750862210334624], [35.20951961671609, 31.75086415473837], [35.20951897618294, 31.750866100945633], [35.20951833987144, 31.75086804715274], [35.20951771727868, 31.750869962696516], [35.20951770672626, 31.750869995163377], [35.2095167496232, 31.75087296587927], [35.209516127032266, 31.75087491569316], [35.209515507607634, 31.750876866408806], [35.20951489240476, 31.75087881892794], [35.209514281423544, 31.750880771446905], [35.20951367466403, 31.750882724867527], [35.20951307107081, 31.750884679189888], [35.20951247169935, 31.750886635315734], [35.20951187654955, 31.750888591441434], [35.20951128562145, 31.750890548468803], [35.20951069785966, 31.75089250639787], [35.20951011431956, 31.75089446522862], [35.209509535001196, 31.750896424961038], [35.209508959904525, 31.75089838559513], [35.209508387974154, 31.750900347130955], [35.20950782026549, 31.75090230956844], [35.20950725677854, 31.750904272907565], [35.209506696457865, 31.75090623714843], [35.20950614141431, 31.750908201389088], [35.209505589537066, 31.750910167433293], [35.2095050418815, 31.750912133477343], [35.209504497392274, 31.75091410132493], [35.20950395818013, 31.750916069172305], [35.209503422134276, 31.750918037921398], [35.209502890310134, 31.750920007572166], [35.20950236165229, 31.75092197812467], [35.20950183827152, 31.750923948676927], [35.20950131805712, 31.750925921032742], [35.20950080206437, 31.750927893388415], [35.209500290293335, 31.750929866645738], [35.209499781688606, 31.750931840804775], [35.209499278361, 31.750933815865444], [35.20949877819967, 31.75093579182784], [35.20949828120467, 31.750937768691937], [35.20949778948675, 31.750939745555822], [35.20949730093511, 31.750941723321436], [35.20949681766063, 31.750943701988675], [35.20949633755244, 31.75094568155763], [35.20949586061048, 31.75094766112644], [35.20949538894567, 31.750949641596893], [35.209494920447156, 31.750951622969048], [35.20949445617036, 31.750953605242895], [35.2094939961153, 31.75095558841841], [35.20949354028188, 31.750957571593755], [35.20949308761478, 31.750959555670814], [35.2094926402248, 31.750961540649506], [35.209492196001094, 31.750963525628066], [35.20949175599913, 31.75096551241014], [35.2094913191634, 31.75096749829026], [35.209490887604844, 31.75096948597382], [35.209490459212525, 31.750971473657273], [35.20949003504198, 31.750973463144245], [35.20948961509307, 31.750975451729204], [35.20948919936592, 31.75097744211766], [35.20948878680502, 31.75097943250601], [35.20948837952127, 31.75098142379598], [35.209487975403775, 31.75098341508583], [35.20948757550799, 31.75098540727735], [35.20948717877851, 31.750987400370576], [35.20948678732613, 31.750989393463616], [35.20948639904003, 31.75099138745835], [35.20948601497568, 31.750993382354743], [35.209485635132985, 31.750995377250984], [35.20948525951203, 31.750997373048914], [35.20948209649804, 31.751056714572766], [35.20948283864297, 31.751117769445035], [35.209482898861985, 31.751118860674964], [35.209482956965715, 31.751119870738986], [35.209483016124814, 31.751120879901087], [35.209483078450184, 31.751121889063047], [35.20948314183098, 31.751122898225002], [35.20948320837806, 31.751123907386802], [35.20948327598054, 31.751124916548573], [35.20948334569385, 31.751125924808406], [35.20948341857347, 31.751126933969967], [35.20948349250852, 31.751127943131475], [35.209483568554354, 31.751128951391063], [35.20948364671105, 31.75112995965056], [35.20948372697861, 31.75113096790997], [35.20948380935702, 31.7511319761693], [35.20948389279082, 31.751132984428587], [35.209483979390924, 31.75113399268775], [35.20948406810182, 31.751135000044986], [35.209484157868204, 31.751136008304005], [35.2094842508008, 31.75113701566105], [35.20948434478882, 31.751138023018076], [35.209484440887714, 31.75113903037502], [35.209484540152864, 31.751140037731822], [35.209484640473434, 31.751141045088584], [35.209484742904806, 31.75114205154342], [35.209484847447044, 31.75114305799817], [35.20948495410017, 31.751144065354666], [35.20948498472306, 31.7511443494346], [35.2094850628641, 31.751145071809262], [35.209485173738834, 31.75114607736191], [35.20948528566906, 31.751147083816353], [35.20948540076549, 31.75114808936883], [35.20948551797283, 31.75114909582307], [35.20948563623555, 31.751150101375437], [35.20948575766448, 31.75115110602582], [35.2094858801489, 31.751152111577998], [35.20948590127249, 31.751152386639845], [35.209485918170365, 31.751152588652428], [35.20948593401276, 31.751152789763232], [35.209485950910626, 31.751152991775804], [35.209485968863945, 31.751153193788348], [35.2094859868172, 31.75115339489905], [35.20948600477051, 31.751153596911593], [35.20948602377918, 31.751153798022244], [35.20948604278786, 31.751153999132903], [35.20948606179658, 31.751154201145393], [35.20948608186068, 31.75115440225602], [35.20948610192478, 31.75115460336663], [35.20948612304436, 31.751154805379038], [35.2094861441639, 31.75115500648962], [35.2094861652834, 31.75115520760018], [35.20948618745836, 31.751155408710705], [35.20948620963331, 31.751155609821243], [35.20948623180832, 31.751155811833613], [35.2094862550387, 31.751156012944094], [35.20948627826908, 31.7511562140546], [35.20948630255487, 31.751156415165035], [35.20948632684067, 31.751156616275477], [35.209486352181905, 31.751156817385887], [35.209486376467645, 31.751157017594483], [35.20948640286429, 31.75115721870484], [35.20948642820553, 31.75115741981525], [35.20948645460218, 31.751157620925618], [35.20948648099878, 31.75115782113413], [35.20948650845085, 31.75115802224445], [35.20948653590293, 31.75115822335477], [35.20948656441038, 31.751158423563183], [35.20948659291787, 31.751158624673472], [35.209486621425334, 31.7511588248819], [35.209486650988254, 31.751159025992134], [35.20948668055113, 31.751159226200507], [35.20948671011401, 31.75115942640891], [35.209486740732366, 31.7511596275191], [35.209486771350655, 31.75115982772744], [35.20948680196895, 31.751160027935782], [35.209486833642686, 31.751160228144098], [35.20948686637184, 31.751160428352343], [35.20948689804557, 31.75116062856065], [35.209486931830135, 31.751160828768867], [35.20948696455929, 31.751161028977144], [35.20948699834386, 31.751161229185357], [35.20948703212845, 31.751161429393584], [35.20948706696843, 31.75116162960174], [35.2094871018084, 31.751161828908096], [35.20948713664839, 31.75116202911626], [35.20948717254382, 31.751162229324404], [35.209487208439185, 31.751162428630675], [35.20948724539004, 31.75116262883878], [35.209487281285405, 31.751162828145073], [35.20948731929165, 31.751163027451266], [35.20948735624249, 31.751163227659355], [35.20948739424872, 31.75116342696556], [35.209487433310365, 31.751163626271715], [35.20948747237201, 31.75116382557789], [35.20948751143367, 31.751164024884055], [35.209487550495325, 31.75116422419022], [35.2094875906124, 31.751164423496334], [35.209487631784896, 31.751164622802403], [35.20948767190198, 31.751164822108528], [35.20948771412984, 31.75116502051272], [35.20948775530234, 31.751165219818798], [35.20948779753022, 31.751165418222996], [35.20948783975816, 31.751165617529026], [35.209487883041454, 31.751165815933177], [35.209487926324805, 31.75116601523918], [35.209487969608105, 31.751166213643316], [35.20948801394684, 31.75116641204741], [35.20948805828556, 31.75116661045152], [35.2094881036797, 31.751166808855583], [35.20948814907386, 31.751167007259646], [35.209488194468015, 31.751167205663705], [35.209488239862154, 31.75116740406776], [35.20948828631174, 31.751167602471792], [35.20948833381673, 31.75116780087578], [35.20948838132169, 31.75116799837791], [35.209488428826695, 31.751168196781894], [35.20948847633166, 31.75116839428403], [35.20948852489207, 31.751168592687964], [35.20948857450789, 31.751168790190018], [35.20948862306826, 31.751168987692107], [35.20948867268406, 31.75116918519415], [35.20948872335529, 31.75116938269616], [35.20948877402651, 31.751169580198148], [35.20948882469775, 31.751169777700152], [35.209488875368976, 31.75116997520216], [35.20948892709563, 31.751170172704136], [35.20948897987765, 31.751170369304216], [35.20948903160431, 31.751170566806177], [35.20948908544177, 31.751170763406197], [35.20948913822384, 31.75117096090813], [35.20948919206129, 31.751171157508168], [35.20948924589876, 31.7511713541082], [35.209489300791624, 31.751171550708193], [35.20948935568451, 31.751171747308188], [35.20948941057738, 31.751171943908183], [35.209489466525696, 31.75117214050812], [35.20948952247399, 31.751172337108073], [35.20948957842229, 31.751172533708036], [35.20948963542598, 31.751172729406083], [35.20948969242972, 31.75117292600601], [35.20948975048882, 31.751173121704024], [35.209489808547914, 31.75117331740203], [35.20948986660708, 31.751173514001895], [35.20948992572161, 31.751173709699877], [35.20948998483615, 31.751173905397856], [35.20949004395068, 31.751174101095835], [35.209490104120576, 31.751174295891914], [35.20949016534596, 31.7511744915898], [35.20949022551591, 31.751174687287747], [35.20949028674125, 31.751174882083795], [35.20949034796663, 31.75117507778167], [35.2094904102474, 31.751175272577694], [35.20949047252815, 31.751175467373713], [35.20949053586432, 31.751175662169665], [35.20949059814508, 31.751175856965645], [35.209490662536695, 31.75117605176159], [35.20949072587288, 31.75117624655755], [35.209490790264496, 31.751176441353465], [35.20949085465605, 31.751176635247553], [35.20949092010308, 31.75117683004343], [35.20949098555006, 31.751177023937448], [35.20949105205249, 31.751177217831444], [35.20949111749952, 31.751177412627335], [35.20949118505735, 31.751177606521264], [35.20949125155976, 31.751177800415267], [35.209491319117554, 31.75117799340737], [35.20949138667538, 31.75117818730131], [35.20949145528865, 31.751178381195228], [35.20949152390185, 31.75117857418728], [35.209491592515114, 31.751178768081193], [35.20949166218375, 31.7511789610732], [35.20949173185239, 31.75117915406523], [35.20949180257645, 31.751179347057192], [35.20949187330051, 31.751179540049172], [35.20949194402458, 31.751179733041134], [35.20949201474864, 31.75117992603312], [35.20949208652809, 31.751180118123212], [35.209492159362995, 31.75118031111511], [35.20949223219785, 31.75118050320515], [35.20949230503272, 31.75118069529521], [35.20949237786759, 31.75118088738523], [35.209492451757875, 31.751181079475238], [35.20949252564816, 31.751181271565247], [35.209492600593876, 31.751181463655197], [35.20949267448417, 31.751181655745224], [35.20949275048527, 31.75118184693329], [35.20949282543093, 31.7511820381214], [35.20949290143207, 31.751182230211327], [35.20949297848859, 31.751182421399342], [35.209493055545096, 31.751182612587378], [35.209493132601615, 31.751182803775418], [35.20949320965809, 31.751182994061583], [35.20949328777002, 31.751183185249594], [35.20949336588198, 31.75118337643758], [35.20949344504929, 31.751183566723675], [35.20949352421661, 31.751183757009773], [35.20949360338393, 31.75118394729588], [35.209493683606674, 31.751184137581944], [35.20949376382942, 31.751184327868003], [35.209493844052155, 31.75118451815405], [35.20949392533029, 31.751184707538215], [35.20949400660845, 31.751184897824256], [35.20949408788657, 31.751185087208416], [35.20949417022013, 31.751185276592548], [35.20949425255366, 31.75118546597667], [35.209494335942644, 31.751185655360754], [35.20949441933163, 31.75118584474484], [35.20949450272059, 31.751186034128914], [35.20949458716493, 31.751186222611103], [35.20949467160933, 31.751186411995185], [35.20949475605368, 31.751186600477375], [35.20949484155345, 31.75118678895953], [35.209494927053235, 31.751186977441694], [35.209495012553006, 31.751187165923852], [35.2094950991082, 31.751187354405946], [35.20949518566336, 31.75118754198624], [35.20949527327394, 31.75118772956646], [35.20949536088456, 31.751187918048515], [35.20949544849514, 31.75118810562874], [35.20949553716113, 31.751188293208937], [35.20949562582714, 31.75118848078912], [35.20949571449309, 31.751188667467456], [35.20949580421452, 31.751188855047605], [35.2094958939359, 31.75118904172589], [35.209495983657284, 31.751189228404183], [35.209496074434085, 31.751189415082425], [35.20949616521088, 31.75118960176069], [35.20949625598769, 31.751189788438943], [35.20949634781992, 31.75118997511716], [35.209496439652106, 31.751190160893525], [35.20949653253976, 31.751190347571683], [35.20949662542736, 31.751190533348012], [35.209496718314966, 31.75119071912433], [35.20949681225801, 31.751190904900607], [35.20949690620099, 31.75119108977506], [35.209497000144026, 31.751191275551317], [35.20949709514244, 31.751191460425733], [35.20949719014089, 31.751191646201963], [35.20949728513931, 31.751191831076373], [35.20949738119314, 31.7511920159507], [35.20949747724698, 31.75119220082506], [35.209497573300766, 31.751192384797573], [35.209497670410016, 31.751192569671876], [35.20949776751922, 31.751192753644336], [35.20949786568387, 31.751192937616764], [35.20949796279307, 31.75119312158922], [35.20949806201315, 31.7511933055616], [35.20949816017778, 31.75119348953401], [35.20949825939779, 31.75119367260455], [35.20949835861786, 31.75119385657693], [35.20949845889331, 31.751194039647423], [35.20949855916873, 31.751194222717913], [35.209498659444165, 31.751194405788407], [35.209498760774984, 31.751194587957006], [35.20949886210586, 31.751194771027457], [35.20949896343669, 31.75119495319605], [35.20949906582297, 31.751195136266464], [35.2094991682092, 31.75119531843502], [35.2094992705954, 31.751195499701737], [35.20949937403707, 31.751195681870254], [35.209499477478744, 31.75119586403878], [35.20949958197579, 31.75119604530541], [35.20949968541741, 31.751196226572073], [35.20949978991446, 31.751196407838698], [35.20949989546691, 31.7511965891053], [35.209500001019386, 31.75119677037188], [35.2095001065718, 31.75119695073662], [35.20950021212429, 31.75119713200322], [35.20950031873213, 31.751197312367907], [35.20950042533997, 31.751197492732597], [35.20950053300325, 31.751197673097266], [35.209500640666484, 31.751197852560082], [35.20950074832974, 31.751198032924748], [35.209500857048404, 31.751198212387507], [35.209500965767056, 31.751198391850284], [35.20950107448571, 31.751198571313033], [35.20950118425979, 31.75119875077576], [35.20950129297837, 31.75119892933669], [35.209501403807884, 31.751199108799394], [35.209501513581905, 31.751199287360265], [35.20950162441137, 31.751199465921115], [35.20950173629624, 31.7511996444819], [35.20950184712569, 31.751199823042736], [35.20950195901054, 31.751200000701697], [35.20950207195078, 31.751200178360605], [35.20950218383566, 31.7512003569214], [35.20950229677587, 31.751200533678464], [35.20950241077155, 31.75120071133733], [35.2095025237118, 31.751200888996237], [35.209502637707445, 31.751201065753268], [35.209502752758496, 31.751201242510234], [35.20950286780956, 31.751201419267208], [35.209502982860606, 31.751201596024192], [35.20950309791167, 31.751201772781165], [35.209503214018106, 31.751201948636254], [35.2095033301246, 31.7512021253932], [35.20950344623105, 31.75120230124828], [35.20950356339285, 31.751202476201485], [35.20950368055471, 31.75120265205654], [35.209503797716565, 31.751202827911587], [35.20950391593381, 31.751203002864735], [35.209504034151045, 31.7512031778179], [35.209504153423715, 31.751203352771025], [35.20950427164094, 31.751203527724194], [35.209504390913565, 31.75120370177545], [35.20950451124165, 31.751203876728525], [35.2095046315697, 31.751204050779762], [35.20950475189775, 31.751204224830992], [35.20950487222572, 31.751204397980384], [35.209504993609194, 31.75120457203157], [35.209505114992616, 31.751204745180914], [35.20950523637604, 31.75120491833024], [35.20950535881488, 31.751205091479555], [35.20950548125372, 31.75120526462885], [35.20950560369256, 31.751205437778154], [35.209505727186794, 31.75120561002555], [35.20950585068102, 31.751205782272972], [35.20950597523066, 31.751205954520334], [35.20950609872489, 31.751206126767745], [35.20950622327448, 31.751206298113264], [35.20950634887955, 31.751206470360597], [35.20950647342916, 31.751206641706112], [35.209506600089604, 31.75120681305155], [35.209506725694574, 31.751206983495198], [35.20950685235503, 31.75120715484064], [35.20950697901543, 31.75120732528423], [35.20950710567583, 31.751207495727808], [35.20950723339166, 31.75120766617136], [35.209507361107484, 31.75120783661491], [35.20950748882326, 31.75120800615661], [35.20950761759451, 31.751208176600134], [35.209507745310304, 31.75120834614184], [35.20950787513693, 31.751208515683466], [35.20950800390809, 31.751208684323274], [35.20950813373472, 31.751208853864885], [35.20950826461673, 31.751209022504618], [35.209508394443304, 31.751209191144397], [35.20950852532531, 31.751209359784124], [35.20950865620728, 31.751209527522008], [35.20950878814467, 31.751209695259863], [35.209508920082094, 31.751209863899554], [35.20950905201949, 31.751210031637388], [35.209509183956825, 31.75121019847339], [35.20950931694963, 31.751210366211193], [35.20950944994239, 31.75121053304714], [35.20950958399058, 31.75121069988307], [35.209509718038774, 31.75121086671897], [35.20950985208692, 31.751211032653046], [35.209509986135096, 31.751211199488953], [35.209510121238665, 31.751211365422986], [35.20951025634223, 31.751211531357008], [35.20951039144579, 31.751211697291037], [35.20951052760474, 31.751211862323164], [35.20951066376374, 31.751212028257147], [35.209510799922676, 31.751212193289284], [35.20951093713699, 31.751212357419526], [35.20951107435136, 31.751212522451638], [35.20951121156568, 31.75121268658189], [35.20951134983549, 31.75121285161393], [35.209511488105214, 31.751213015744142], [35.20951162637492, 31.751213178972513], [35.20951176464467, 31.7512133431027], [35.20951190396979, 31.751213506331037], [35.20951204329491, 31.751213669559338], [35.20951218367546, 31.751213832787624], [35.209512323000574, 31.751213996015935], [35.209512464436514, 31.75121415834234], [35.20951260481702, 31.75121432066876], [35.20951274625295, 31.75121448299514], [35.20951288768887, 31.751214645321536], [35.20951302912476, 31.751214806746074], [35.209513325715484, 31.751215101637417], [35.2095135040921, 31.75121527839185], [35.20951368352409, 31.75121545424438], [35.20951386190063, 31.751215630096926], [35.209514042388044, 31.751215805949418], [35.20951422181998, 31.75121598090011], [35.20951440230739, 31.7512161567526], [35.209514582794746, 31.751216331703223], [35.20951476328206, 31.751216505752037], [35.20951494482486, 31.751216680702633], [35.20951512636758, 31.751216854751384], [35.20951530896569, 31.751217027898246], [35.209515490508444, 31.751217201946996], [35.20951567310656, 31.751217375093862], [35.209515856760106, 31.751217548240678], [35.20951604041358, 31.751217720485663], [35.209516224067144, 31.751217893632486], [35.20951640772057, 31.751218064975607], [35.20951659242948, 31.75121823722054], [35.20951677713836, 31.75121840856363], [35.20951696184729, 31.75121858080857], [35.209517147611535, 31.751218751249773], [35.20951733337583, 31.7512189225928], [35.209517520195504, 31.751219093033974], [35.209517705959755, 31.751219263475168], [35.20951789277939, 31.7512194330145], [35.209518080654426, 31.75121960255374], [35.20951826747407, 31.75121977209305], [35.209518455349105, 31.75121994163231], [35.209518644279534, 31.751220110269713], [35.20951883215454, 31.751220278907144], [35.20951902108498, 31.75122044754451], [35.2095192110708, 31.75122061528002], [35.209519400001156, 31.751220783015548], [35.20951958998698, 31.751220950751048], [35.2095197810282, 31.751221118486466], [35.209519971013975, 31.751221285320113], [35.20952016205509, 31.75122145125189], [35.209520353096295, 31.751221618085488], [35.209520545192845, 31.7512217840172], [35.20952073728942, 31.751221949948928], [35.20952092938597, 31.751222115880616], [35.209521121482496, 31.751222280910497], [35.209521314634415, 31.751222445940336], [35.20952150778632, 31.751222610068293], [35.20952170199368, 31.751222775098093], [35.20952189514558, 31.751222939226075], [35.20952209040827, 31.75122310245212], [35.209522284615595, 31.75122326658006], [35.20952247987829, 31.751223429806107], [35.20952267514098, 31.751223593032172], [35.20952287040363, 31.751223755356353], [35.209523066721715, 31.75122391768053], [35.20952326198435, 31.75122408000471], [35.20952345935781, 31.75122424142699], [35.20952365567582, 31.751224402849317], [35.20952385304928, 31.751224564271578], [35.209524050422715, 31.75122472569385], [35.20952424885155, 31.75122488621425], [35.20952444728039, 31.751225046734625], [35.20952464570915, 31.751225206353165], [35.209524844137945, 31.751225365971713], [35.20952504362214, 31.751225525590197], [35.20952524310635, 31.751225685208695], [35.20952544259051, 31.751225843925326], [35.20952564313009, 31.75122600264194], [35.209525843669624, 31.751226160456703], [35.20952604420917, 31.751226318271463], [35.209526244748695, 31.751226476086227], [35.20952644634366, 31.751226633900938], [35.209526647938574, 31.751226790813824], [35.20952685058891, 31.75122694772665], [35.20952705218383, 31.751227104639533], [35.209527254834114, 31.751227260650527], [35.209527458539824, 31.751227416661443], [35.20952766119008, 31.75122757177059], [35.20952786489578, 31.751227727781526], [35.20952806860146, 31.751227882890632], [35.20952827336251, 31.751228037097835], [35.209528478123545, 31.75122819130505], [35.20952868288459, 31.751228345512242], [35.20952888764562, 31.751228499719463], [35.209529093462066, 31.75122865302476], [35.20952929927847, 31.7512288063301], [35.209529505094906, 31.751228959635405], [35.20952971196671, 31.751229112038846], [35.2095299188385, 31.751229264442273], [35.20953012571025, 31.751229415943865], [35.20953033258205, 31.75122956834728], [35.20953054050918, 31.75122971894697], [35.20953074843636, 31.751229870448533], [35.209530956363494, 31.75123002104822], [35.20953116534605, 31.751230171647876], [35.209531374328606, 31.751230322247533], [35.20953158331111, 31.75123047194532], [35.20953179229361, 31.75123062164314], [35.20953200233148, 31.751230770439054], [35.20953221236939, 31.751230919234978], [35.20953242240726, 31.751231068030886], [35.20953263350052, 31.75123121592493], [35.20953284459383, 31.751231364720798], [35.20953305568704, 31.75123151171299], [35.20953326678032, 31.751231659607022], [35.209533478928954, 31.751231806599154], [35.209533691077574, 31.751231953591287], [35.20953390322618, 31.751232099681587], [35.2095341164302, 31.751232245771842], [35.20953432963422, 31.751232391862093], [35.20953454283817, 31.7512325370505], [35.20953475604214, 31.751232682238893], [35.20953497030153, 31.751232827427273], [35.20953518456088, 31.751232971713776], [35.20953539882022, 31.751233116000318], [35.209535614135014, 31.751233260286778], [35.20953582839431, 31.751233403671463], [35.20953604370903, 31.751233547056078], [35.20953626007912, 31.75123368953882], [35.2095364753938, 31.751233832021608], [35.20953669176389, 31.751233974504352], [35.209536908134, 31.75123411698709], [35.20953712555947, 31.75123425856793], [35.209537342984945, 31.7512344001488], [35.20953755935495, 31.751234540827845], [35.2095377778358, 31.751234681506805], [35.209537995261236, 31.751234822185804], [35.20953821374204, 31.751234961962915], [35.20953843222284, 31.751235101740043], [35.20953865070365, 31.751235241517158], [35.20953887023983, 31.751235380392394], [35.209539089776015, 31.751235519267617], [35.2095393093122, 31.751235658142843], [35.20953952884833, 31.751235796116234], [35.2095397494399, 31.751235934089568], [35.209539970031415, 31.751236071161056], [35.20954019062292, 31.751236208232566], [35.20954041121444, 31.751236345304047], [35.20954063286138, 31.751236482375496], [35.20954085450826, 31.7512366185451], [35.2095410761551, 31.75123675381287], [35.209541297802, 31.751236889982458], [35.20954152050427, 31.751237025250184], [35.20954174320648, 31.75123715961605], [35.2095419659087, 31.751237293981923], [35.20954218966635, 31.751237428347757], [35.20954241236856, 31.751237562713634], [35.209542636126166, 31.751237696177604], [35.20954286093918, 31.75123782964153], [35.209543084696726, 31.75123796220368], [35.209543309509705, 31.75123809476576], [35.20954353432267, 31.751238227327875], [35.209543759135606, 31.75123835898811], [35.20954398500393, 31.751238490648305], [35.20954421087229, 31.751238622308513], [35.2095444367406, 31.75123875306689], [35.2095446626089, 31.751238883825238], [35.209544888477154, 31.75123901368175], [35.20954511540082, 31.75123914353822], [35.209545342324525, 31.751239273394702], [35.20954556924813, 31.751239402349313], [35.20954579722719, 31.751239531303884], [35.20954602520626, 31.751239660258474], [35.20954625318525, 31.751239788311214], [35.20954648116427, 31.751239916363943], [35.209546709143225, 31.751240043514816], [35.2095469381776, 31.751240170665678], [35.209547167211994, 31.75124029781652], [35.209547396246386, 31.751240424967367], [35.209547626336146, 31.751240551216334], [35.20954785537043, 31.751240676563473], [35.20954808546015, 31.751240801910594], [35.20954831660527, 31.751240927257655], [35.209548546695, 31.751241052604758], [35.209548777840084, 31.75124117704999], [35.20954900898517, 31.751241301495217], [35.2095492401302, 31.751241425038575], [35.20954947127527, 31.751241548581962], [35.20954970347567, 31.75124167122344], [35.209549934620725, 31.751241794766845], [35.209550167876564, 31.751241917408283], [35.209550400076935, 31.751242039147904], [35.209550632277306, 31.75124216088756], [35.20955086553309, 31.751242282627146], [35.20955109878884, 31.751242403464904], [35.209551332044576, 31.751242524302647], [35.20955156635576, 31.75124264514037], [35.20955180066689, 31.75124276507623], [35.20955203392259, 31.75124288501214], [35.20955226928908, 31.751243004046117], [35.209552503600165, 31.75124312308014], [35.20955273580069, 31.751243247525295], [35.209552920505665, 31.751243346720734], [35.209553106266064, 31.751243445916128], [35.20955329202641, 31.751243544209693], [35.20955347778677, 31.75124364250324], [35.20955366354707, 31.751243739894957], [35.209553849307426, 31.751243838188508], [35.20955403612315, 31.751243935580174], [35.2095542218834, 31.75124403207004], [35.20955440869914, 31.75124412946171], [35.209554595514824, 31.751244225951513], [35.209554782330486, 31.751244322441345], [35.20955497020155, 31.751244418029277], [35.20955515701718, 31.751244513617227], [35.20955534488823, 31.751244609205173], [35.20955553275931, 31.751244704793105], [35.2095557206303, 31.751244799479185], [35.20955590955674, 31.75124489416524], [35.20955609742769, 31.75124498794946], [35.20955628635413, 31.751245082635506], [35.20955647528052, 31.75124517641973], [35.20955666420684, 31.751245269302057], [35.209556853133236, 31.75124536308624], [35.209557042059565, 31.7512454559686], [35.20955723204127, 31.75124554794907], [35.20955742202303, 31.75124564083137], [35.209557610949325, 31.75124573281189], [35.20955780198646, 31.751245824792296], [35.20955799196812, 31.751245915870907], [35.20955818194984, 31.751246007851382], [35.209558372986926, 31.75124609892995], [35.20955856402397, 31.751246189106677], [35.209558755061, 31.751246279283418], [35.20955894609804, 31.751246369460134], [35.20955913713508, 31.75124645963685], [35.2095593292275, 31.751246548911684], [35.20955952026449, 31.751246638186565], [35.2095597123569, 31.751246727461414], [35.209559904449264, 31.751246815834406], [35.209560096541686, 31.751246905109237], [35.20956028968942, 31.75124699258034], [35.20956048178179, 31.751247080953345], [35.20956067492953, 31.751247168424445], [35.20956086807728, 31.751247255895557], [35.209561061224974, 31.751247342464822], [35.209561254372666, 31.751247429034056], [35.20956144752036, 31.75124751560333], [35.20956164172348, 31.751247602172533], [35.20956183487113, 31.751247687839946], [35.20956202907419, 31.751247773507327], [35.20956222327726, 31.751247859174676], [35.20956241748029, 31.7512479439402], [35.20956261273872, 31.751248028705685], [35.209562806941754, 31.751248113471227], [35.20956300220016, 31.751248197334853], [35.20956319745854, 31.75124828119849], [35.209563392716944, 31.75124836506212], [35.2095635879753, 31.751248448023894], [35.20956378323364, 31.75124853098569], [35.209563978491985, 31.75124861394749], [35.20956417480571, 31.751248696007373], [35.20956437111944, 31.751248778067293], [35.20956456743316, 31.751248860127188], [35.20956476374689, 31.751248942187082], [35.20956496006057, 31.751249023345135], [35.20956515637425, 31.75124910450319], [35.209565353743294, 31.751249184759356], [35.209565551112355, 31.75124926501552], [35.20956574742598, 31.75124934527175], [35.20956594479503, 31.7512494255279], [35.209566143219455, 31.751249504882164], [35.20956634058847, 31.75124958423649], [35.20956653795743, 31.751249662688974], [35.20956673638184, 31.75124974204323], [35.20956693480617, 31.75124981959382], [35.20956713323056, 31.75124989804626], [35.209567331654874, 31.751249975596842], [35.20956753007921, 31.751250053147434], [35.20956772850353, 31.75125013069803], [35.20956792798325, 31.75125020734671], [35.209568126407525, 31.751250283995446], [35.20956832588724, 31.751250360644143], [35.20956852536688, 31.75125043639098], [35.20956872484656, 31.751250512137855], [35.2095689243262, 31.751250587884698], [35.20956912486125, 31.751250662729642], [35.20956932434084, 31.751250737574647], [35.209569524875874, 31.75125081241963], [35.20956972541087, 31.751250886362737], [35.20956992594585, 31.751250960305846], [35.209570126480834, 31.75125103424896], [35.20957032701576, 31.75125110729023], [35.2095705275507, 31.751251180331508], [35.20957072914107, 31.751251253372725], [35.20957092967595, 31.751251325512147], [35.2095711312663, 31.751251398553375], [35.20957133285656, 31.751251469790915], [35.20957153444688, 31.751251541930284], [35.209571736037134, 31.75125161316782], [35.209571938682814, 31.751251684405318], [35.20957214027303, 31.75125175474101], [35.20957234291868, 31.751251825076647], [35.20957254556431, 31.7512518954123], [35.20957274715448, 31.751251964846134], [35.20957294980007, 31.751252034279933], [35.209573153501076, 31.751252103713707], [35.20957335614662, 31.75125217224566], [35.20957355879222, 31.751252241679452], [35.209573762493115, 31.751252309309525], [35.20957396513865, 31.751252377841478], [35.209574168839566, 31.751252445471547], [35.2095743725405, 31.75125251310162], [35.20957457624136, 31.75125257982981], [35.209574779942216, 31.751252646558044], [35.20957498469851, 31.75125271328622], [35.209575188399334, 31.751252779112583], [35.20957539315561, 31.751252845840757], [35.20957559685638, 31.75125291076529], [35.20957580161263, 31.751252976591623], [35.20957600636881, 31.75125304151611], [35.209576211125, 31.751253106440604], [35.209576415881145, 31.75125317046323], [35.209576620637286, 31.751253234485862], [35.20957682644887, 31.751253298508463], [35.20957703120495, 31.75125336162926], [35.209577237016475, 31.751253424750022], [35.20957744282799, 31.75125348787074], [35.20957764863951, 31.75125355099149], [35.209577854450984, 31.751253613210416], [35.2095780602624, 31.751253674527472], [35.20957826607386, 31.751253736746353], [35.20957847294071, 31.751253798063384], [35.20957867875212, 31.751253859380444], [35.20957888561894, 31.75125391979561], [35.2095790914303, 31.751253980210837], [35.20957929829709, 31.751254040625994], [35.20957950516384, 31.751254100139317], [35.209579712030575, 31.751254159652635], [35.209579918897326, 31.75125421916597], [35.209580126819446, 31.751254277777406], [35.20958033368615, 31.75125433638887], [35.20958054160827, 31.751254395000313], [35.20958074847496, 31.751254453611782], [35.20958095639704, 31.751254511321385], [35.209581164319054, 31.751254568129113], [35.20958137224113, 31.751254625838698], [35.20958158016315, 31.751254682646447], [35.209581788085124, 31.751254738552333], [35.209581996007145, 31.75125479536008], [35.20958220498455, 31.751254851265937], [35.209582412906464, 31.75125490627], [35.209582621883825, 31.751254961273997], [35.20958283086117, 31.751255016277998], [35.20958303878309, 31.75125507128205], [35.209583247760385, 31.751255125384212], [35.2095834567377, 31.751255179486368], [35.20958366571499, 31.751255233588534], [35.20958387574766, 31.751255286788812], [35.20958408472491, 31.751255339989118], [35.20958429370216, 31.751255393189442], [35.20958450373479, 31.751255445487867], [35.20958471376742, 31.751255497786282], [35.20958492274457, 31.75125554918292], [35.209585132777136, 31.751255600579494], [35.20958534280971, 31.751255651976074], [35.20958555284229, 31.75125570337265], [35.209585762874816, 31.751255753867383], [35.20958597396278, 31.751255804362085], [35.20958618399525, 31.75125585395496], [35.20958639402771, 31.751255903547847], [35.209586605115625, 31.7512559531407], [35.2095868151481, 31.751256002733587], [35.20958702623594, 31.751256051424583], [35.20958723732381, 31.751256100115594], [35.209587448411604, 31.751256147904744], [35.209587659499405, 31.751256195693895], [35.2095878705872, 31.751256243483052], [35.20958808167496, 31.751256290370375], [35.20958829276271, 31.75125633725766], [35.20958850490589, 31.751256384144927], [35.20958871599359, 31.751256430130393], [35.20958892708128, 31.75125647611585], [35.20958913922443, 31.751256522101272], [35.2095893513675, 31.751256567184857], [35.20958956245516, 31.75125661226845], [35.209589774598214, 31.751256657352037], [35.20958998674124, 31.75125670153375], [35.209590198884285, 31.751256745715498], [35.209590411027314, 31.751256789897205], [35.20959062422571, 31.75125683317704], [35.209590836368704, 31.75125687645694], [35.20959104851162, 31.751256918834965], [35.209591261709974, 31.75125696121295], [35.209591473852896, 31.75125700359099], [35.209591687051265, 31.751257045968988], [35.209591900249556, 31.751257087445133], [35.209592112392436, 31.75125712892131], [35.20959232559069, 31.75125716949562], [35.20959253878894, 31.75125721006993], [35.209592751987195, 31.751257250644233], [35.2095929651854, 31.75125729031668], [35.20959317838361, 31.75125732998913], [35.20959339263723, 31.751257369661545], [35.20959360583543, 31.751257409333995], [35.209593819033586, 31.7512574481046], [35.20959403328712, 31.751257485973316], [35.20959424648528, 31.75125752474392], [35.209594460738806, 31.751257562612647], [35.20959467393686, 31.751257599579567], [35.20959488819034, 31.75125763654645], [35.20959510244381, 31.751257673513297], [35.2095953166973, 31.75125771048018], [35.20959553095072, 31.751257746545207], [35.20959574520416, 31.751257782610228], [35.20959595945753, 31.751257817773418], [35.20959617371095, 31.75125785383844], [35.20959638796429, 31.751257888099776], [35.2095966032731, 31.751257923262926], [35.20959681752643, 31.751257957524242], [35.20959703177976, 31.751257991785597], [35.20959724708846, 31.751258025145034], [35.209597461341744, 31.751258058504526], [35.20959767665044, 31.751258091863964], [35.20959805766113, 31.75125812792216], [35.209598419673995, 31.751258161275608], [35.20959878168687, 31.751258194629028], [35.20959914264426, 31.75125822708066], [35.209599504657085, 31.75125825953226], [35.209599867725295, 31.751258291081964], [35.20960022973801, 31.75125832172985], [35.20960059175073, 31.751258352377747], [35.20960095376339, 31.7512583821238], [35.20960131577606, 31.751258411869845], [35.209601678844116, 31.751258440714015], [35.20960204085668, 31.751258468656378], [35.20960240286926, 31.751258496598734], [35.209602765937206, 31.751258523639184], [35.20960312900514, 31.751258550679655], [35.20960349101762, 31.751258576818334], [35.20960385408546, 31.751258602055092], [35.20960421609788, 31.751258627291914], [35.20960457916567, 31.75125865162684], [35.20960494223346, 31.75125867596176], [35.20960530530121, 31.75125869939485], [35.209605668368894, 31.75125872192609], [35.20960603143661, 31.75125874445731], [35.2096063945043, 31.751258766988546], [35.20960675757188, 31.751258787716086], [35.20960712063947, 31.75125880844362], [35.20960748370706, 31.75125882917115], [35.20960784677462, 31.75125884899685], [35.20960820984211, 31.751258867920697], [35.209608572909595, 31.751258886844543], [35.20960893703246, 31.751258904866518], [35.2096093000999, 31.751258922888507], [35.20960966316729, 31.75125894000867], [35.20961002623464, 31.751258956226962], [35.2096103903574, 31.751258972445232], [35.209610753424705, 31.751258987761684], [35.20961111754741, 31.751259003078115], [35.20961148061461, 31.751259016590875], [35.209611844737275, 31.751259031005446], [35.20950134528995, 31.75145901509054], [35.20940962283266, 31.75139133348154], [35.209368066910244, 31.75136066968314], [35.20931487799774, 31.751347889004528], [35.209174212155084, 31.75131408962026], [35.20889471501264, 31.751353321063874], [35.20883285182283, 31.751366868950964], [35.208668747263, 31.751402807687626], [35.20858054482532, 31.751371050354113], [35.20839275528781, 31.751479760279306], [35.20840990137553, 31.75161676710877], [35.208437802297325, 31.75165557170566], [35.208481550449214, 31.751716418678836], [35.20853919744512, 31.75179659712938], [35.208330688435254, 31.751870669574608], [35.20827805825099, 31.751795527680688], [35.208237546271285, 31.751737687291165], [35.208215518127744, 31.751706237019032], [35.20819285353738, 31.7516738786042], [35.20802682047877, 31.751751084088262], [35.20791259072254, 31.751600715499446], [35.20809662746645, 31.751506016553595], [35.20826912145572, 31.751456409937575], [35.20810803134462, 31.751373653348733], [35.207987334306644, 31.751305777662697], [35.20798782189885, 31.751305398874035], [35.207933994111755, 31.75127787878569], [35.2078091419242, 31.751233427565445], [35.207784119573404, 31.751224518910444], [35.20774352135053, 31.751188844807288], [35.20769042337601, 31.75114218654512], [35.207568052128096, 31.75098605685874], [35.20754728578707, 31.750959561171946], [35.20753169558363, 31.75094299737223], [35.207458248290024, 31.75086496162136], [35.20737792697359, 31.750911945149582], [35.20737116605071, 31.750915327227045], [35.20733620409433, 31.750880381550683], [35.20722603910949, 31.750704524288416], [35.20698906638012, 31.75038658119643], [35.20697850185849, 31.750393393047826], [35.206931995647736, 31.75034153789807], [35.20688796422354, 31.750281791538054], [35.2068755951549, 31.750256991042015], [35.2068472300885, 31.750226554323774], [35.206794201510945, 31.750212727349155], [35.206760125936945, 31.750193801869724], [35.206724704573276, 31.75016886560854], [35.2067238623687, 31.750169470762064], [35.20666301001999, 31.750110820372743], [35.206645971820116, 31.750083160186588], [35.206659600487576, 31.750045307701857], [35.20666912343692, 31.750001096379552], [35.20681862245522, 31.74988004525206], [35.206831510358036, 31.7498910908036], [35.20683691835469, 31.749893932413375], [35.20685022932935, 31.749899260256914], [35.206874356197964, 31.749906364522673], [35.20689515526521, 31.749909916481723], [35.20691803343443, 31.749911337336], [35.20694132839363, 31.749909204908107], [35.20696670237189, 31.749902099659877], [35.20699559186654, 31.74989317711658], [35.207207896687976, 31.749809450693345], [35.20733456634962, 31.749758783062518], [35.20733897183815, 31.749765475552962], [35.207349361785276, 31.74978125760088], [35.207386962548995, 31.74983762203888], [35.20739982650247, 31.749856785943265], [35.20733351474284, 31.74987855803831], [35.20729290726484, 31.749893810075548], [35.207262252215585, 31.74990655745125], [35.2072473996095, 31.749912509963977], [35.207226994558695, 31.74992080288716], [35.20720867706173, 31.74992762665509], [35.20719065402335, 31.749934507230137], [35.207176322772476, 31.74994017203448], [35.20716661205725, 31.7499441358564], [35.20715447708273, 31.74994877431049], [35.20714013947209, 31.749953666229647], [35.20712861768668, 31.749958235225925], [35.2071177154688, 31.749964245356303], [35.20710877310645, 31.74996884495806], [35.20710141384145, 31.74997281593939], [35.20709543609463, 31.749976294483428], [35.20708891588629, 31.74998046926312], [35.20707886332591, 31.749988431866708], [35.207072136303786, 31.749994280474414], [35.20706588737623, 31.74999992345098], [35.20706054403553, 31.750007113072527], [35.207056185349884, 31.75001280561032], [35.207051929088294, 31.750020226982848], [35.207048487608276, 31.75002780255369], [35.207045946353304, 31.75003395950325], [35.20704386421621, 31.750040607948723], [35.207042324589295, 31.75004826103827], [35.20704123458453, 31.75005650392507], [35.20704105433677, 31.75006446631905], [35.20704083395952, 31.750071595409008], [35.20704137457176, 31.750080028551025], [35.207042096755586, 31.750089878487877], [35.20704397246313, 31.750098251178347], [35.207047734276074, 31.75010950973353], [35.20705321643238, 31.750121452752936], [35.20705842829649, 31.750129646807828], [35.20706311552017, 31.75013433540173], [35.207079184649395, 31.75015045734667], [35.207104882643556, 31.75017764472294], [35.20718296991627, 31.750261041150925], [35.20739718065447, 31.75047717785153], [35.20746686268243, 31.750548178440702], [35.20766123642792, 31.75074622415627], [35.20770938019145, 31.750797714648424], [35.207746163016814, 31.750837053061613], [35.20786689428403, 31.750966173271102], [35.20791752617716, 31.75102476834917], [35.20798394716488, 31.751080590689693], [35.20800618039217, 31.751099276286], [35.20815388374956, 31.751176230934107], [35.20833456644314, 31.751233249109113], [35.20850060889286, 31.75125173798168], [35.20860479948254, 31.75125242808866], [35.208732964820506, 31.75124668082659], [35.208800141002435, 31.751234104090532], [35.20914893389975, 31.75113383792399], [35.20917279442741, 31.75112405922609], [35.20917645724011, 31.75111310978899], [35.2091816433695, 31.751047412895737], [35.209182714089806, 31.751037061479167], [35.20920380458927, 31.75083308048878], [35.20922178709722, 31.750776996773446], [35.20923915393839, 31.75073469868096], [35.209263638656516, 31.750675062343298], [35.20931755057089, 31.750576643724724], [35.2093636167818, 31.75050500838224], [35.20942636598819, 31.750415774660723], [35.209456517246515, 31.750379490433847], [35.209582423137235, 31.750267596147026], [35.209845946093566, 31.750028866726918], [35.20989396721411, 31.750026970783374], [35.21044051124585, 31.749413445973953], [35.21056486241725, 31.74927385420593], [35.2106545395565, 31.74917303705653], [35.21066085671347, 31.749165934714345], [35.21073882065139, 31.74907828592276], [35.21079458582532, 31.74901559406279], [35.21082358068888, 31.748982996306022], [35.21085484028031, 31.74894839993838], [35.21125955707599, 31.748500486298205], [35.21142247001577, 31.7483212356433], [35.21143417665816, 31.748296434249333], [35.21143895650155, 31.7482682513181], [35.2114203200315, 31.748235560455733], [35.21140778615221, 31.74822090616086], [35.21147193611857, 31.748250212580288], [35.211490736410944, 31.748258102679277], [35.21167015916891, 31.748337004007173], [35.21177603155586, 31.74838547209221], [35.21171913900384, 31.748378711541665], [35.21167478022305, 31.748384350621937], [35.211627289730764, 31.748412535997712], [35.21158309740227, 31.74844184847593], [35.21152594304349, 31.748503166352233]]]}, "properties": {"plane_name": "מתחם תלפיות", "land_use": "דרך מאושרת", "num_of_hel": " ", "feature_type": "landuse", "plan_short": "תלפיות"}}, {"type": "Feature", "geometry": {"type": "Polygon", "coordinates": [[[35.2142464110004, 31.75293174525321], [35.21434639121462, 31.7534051535985], [35.2143580015742, 31.753458173937418], [35.21436881509624, 31.75351133322137], [35.214416246898026, 31.753744505015018], [35.21443522246155, 31.753838069890634], [35.21445172370833, 31.753928253040694], [35.21449798857405, 31.754161245413773], [35.214511514305784, 31.754229358849575], [35.21451261047345, 31.754234875345112], [35.21456756164906, 31.7545505165247], [35.21458472244471, 31.75463731767809], [35.21458508045782, 31.75463923947987], [35.21459051719247, 31.754668447981523], [35.21460171911535, 31.7547286280632], [35.214639337586355, 31.754887575115628], [35.21463819347212, 31.75498339617353], [35.214589541126, 31.754968745110045], [35.21456826600703, 31.754958601063706], [35.21455391674719, 31.754947329155485], [35.214543526056325, 31.754931547708033], [35.21453346251186, 31.75490562048425], [35.214542204956466, 31.754954031695707], [35.21433344188545, 31.75499324052768], [35.21431973128231, 31.75491352847492], [35.2142328796807, 31.754431626537333], [35.21421193508448, 31.754321631989658], [35.21420798969527, 31.75430091061359], [35.21418728910444, 31.754192201169182], [35.21417462398226, 31.754125686602702], [35.21389204544387, 31.75274575230437], [35.21384914709402, 31.752539458522207], [35.21382456211598, 31.752408692860463], [35.21381284724982, 31.752351201125617], [35.213779079711664, 31.75217505620354], [35.213767500771645, 31.75215660350928], [35.213755150386405, 31.752149355390234], [35.21373508245857, 31.75214013009121], [35.2137111565233, 31.7521374948514], [35.21338777640869, 31.75219287876565], [35.21301689438637, 31.75226529101467], [35.212855281717076, 31.752289320698065], [35.21276136600047, 31.752303981887405], [35.21273943652225, 31.75230846188901], [35.21272179827176, 31.75232271129024], [35.21271369473239, 31.752335738968], [35.212709405616586, 31.752349579859853], [35.212710360645524, 31.752371563165063], [35.212743584536675, 31.75252140068829], [35.212570209067394, 31.752552214456735], [35.2125630088259, 31.752515903043275], [35.212548811093576, 31.75244429928609], [35.212543697258134, 31.752429616679606], [35.21252882582342, 31.75241414197575], [35.21250837671268, 31.752402238029376], [35.212486535154504, 31.7523986681156], [35.21247026359787, 31.752400279844466], [35.212254506167575, 31.752432402640775], [35.212054988987646, 31.752468819580912], [35.21193467304985, 31.752480966503], [35.2118893226879, 31.75249111493692], [35.211816762023766, 31.752501264945657], [35.21173711072048, 31.752509160710826], [35.2115769838439, 31.752553134786012], [35.2114519818286, 31.7525824517384], [35.21120610158442, 31.752646721583496], [35.21117378040541, 31.752655741757962], [35.211047128873425, 31.75269069493007], [35.21102634773103, 31.7526534949215], [35.21101414270696, 31.75262531291026], [35.211001607658226, 31.752601640138472], [35.21128327284233, 31.752526095694773], [35.2116086382952, 31.752440402402673], [35.21163436409496, 31.752433637105113], [35.21166981980564, 31.752424616634244], [35.21169735875179, 31.752416723914273], [35.211740412826245, 31.752411156150668], [35.21205146524739, 31.75237093176103], [35.21222936059476, 31.752347926591113], [35.212420606190065, 31.75231390970839], [35.21242947787588, 31.752310177314648], [35.21243874730421, 31.752304635794562], [35.21244643135259, 31.75229780473614], [35.21245394102027, 31.752288296111217], [35.21245903797925, 31.752279044664608], [35.21246179824674, 31.752270338080212], [35.21246349671255, 31.752261269021517], [35.21246245922399, 31.752249189778553], [35.2124674873286, 31.752273509507287], [35.21242708833115, 31.75232198622083], [35.21247210849414, 31.75231521953406], [35.212583403076216, 31.752300274261025], [35.212560260794454, 31.752195605841493], [35.21256383486155, 31.752199696379886], [35.21257357946395, 31.75220894056443], [35.212589277173926, 31.75221125008038], [35.21260822323208, 31.752210324467462], [35.21282963900391, 31.75217523362673], [35.2129799410249, 31.752158220189877], [35.21302651569327, 31.75215110869745], [35.213114643054396, 31.752134845131053], [35.21323983036587, 31.752112512222386], [35.21338276008318, 31.752085493756518], [35.21345848403956, 31.752071178812653], [35.2135964586741, 31.75204728535205], [35.213614481909296, 31.75204303816187], [35.21363561318627, 31.752036667800763], [35.21365445270436, 31.752026205933134], [35.21367490028688, 31.75201160898701], [35.21368924444448, 31.75199857628251], [35.21369870407609, 31.751985804566804], [35.21371030001748, 31.751963649900635], [35.213715792085026, 31.75194905404202], [35.21371914784916, 31.7519334158071], [35.21372006260466, 31.751919862816244], [35.2137099616817, 31.75186297608708], [35.21370624762883, 31.75184205987202], [35.21368217847061, 31.751715136891548], [35.2136738477698, 31.751671021053344], [35.21365394345735, 31.75156562389534], [35.21363706593796, 31.75147923650076], [35.213628978298274, 31.75143783880079], [35.21362315782095, 31.751408045875593], [35.213615744954645, 31.751370105798685], [35.21360249920175, 31.75130475907697], [35.21358722117483, 31.75124402814231], [35.21357368799308, 31.751185401985403], [35.21357109089863, 31.7511671325984], [35.213561838922644, 31.751144489743144], [35.213549812059625, 31.75112000461766], [35.2135347024655, 31.751097099744804], [35.21352175173738, 31.75107946058773], [35.213501399894625, 31.7510568185236], [35.21348598304104, 31.75104312871828], [35.21347513995472, 31.751035726247608], [35.21345810109777, 31.751023824011284], [35.21344261183136, 31.751014235796596], [35.21342750901362, 31.751006300634355], [35.21340969593711, 31.750999026714727], [35.213386849360916, 31.75098976999145], [35.21337019853467, 31.75098481102012], [35.213353935113986, 31.750980513071653], [35.213251311201645, 31.75097043943482], [35.2129435808912, 31.75093877055766], [35.21273747312889, 31.750918935536788], [35.21254351972574, 31.750899515154902], [35.21254075100882, 31.750883536443276], [35.212578540247094, 31.750678502268073], [35.212690738857674, 31.750692271583898], [35.213217221202264, 31.75074972066001], [35.213281108554405, 31.750756782168697], [35.21339364890071, 31.75073354724024], [35.2136119952261, 31.75079778806261], [35.213632803828595, 31.751094268080713], [35.2136603423268, 31.7510875022411], [35.21373273613428, 31.751068332743305], [35.213764728390636, 31.751060439247944], [35.21386416551484, 31.75103337653761], [35.21387191872723, 31.75105479477754], [35.21387789558475, 31.751085762785323], [35.213889109067956, 31.75114387052312], [35.21404813738469, 31.75196789945969], [35.214051437372824, 31.751984808799328], [35.2140669387678, 31.75205804463413], [35.21406694721522, 31.752058082510977], [35.2140849316139, 31.75214713831509], [35.214157202038265, 31.752523652974546], [35.214178977069146, 31.75261619319592], [35.214289089575715, 31.75313570944119], [35.2142464110004, 31.75293174525321]]]}, "properties": {"plane_name": "מתחם תלפיות", "land_use": "דרך מאושרת", "num_of_hel": " ", "feature_type": "landuse", "plan_short": "תלפיות"}}, {"type": "Feature", "geometry": {"type": "Polygon", "coordinates": [[[35.20938525365703, 31.747832419931484], [35.20933227366634, 31.74786026557605], [35.20870433357962, 31.748188334684198], [35.20865750144052, 31.748206373171673], [35.20851552033217, 31.748244706285302], [35.208357543153376, 31.74827289398083], [35.208154381056225, 31.748293191680048], [35.2079711717248, 31.748303342734655], [35.20794033465323, 31.748314616666523], [35.20791279576101, 31.74832814511284], [35.20789135926825, 31.748345055305123], [35.20788031146555, 31.748374365581974], [35.207877345607244, 31.74842509446235], [35.207971021701326, 31.748682117765497], [35.20800598535436, 31.748775683221986], [35.20807888061031, 31.74896168670941], [35.208225003067376, 31.749325802387464], [35.20823506286766, 31.749343838987173], [35.208251059179496, 31.74935849348642], [35.20826870485766, 31.749367511400962], [35.208283052211634, 31.749372020188204], [35.20830564429036, 31.749374274107183], [35.208340109380806, 31.749369763814908], [35.20825139149091, 31.749405840348025], [35.20813447347307, 31.7494509361048], [35.20806438930959, 31.749477993505295], [35.208085991730506, 31.749461083282082], [35.20810759391779, 31.74943853652287], [35.208115013384415, 31.749411480950542], [35.20811319819392, 31.749387807567942], [35.20800616308792, 31.74911162056792], [35.20786680404911, 31.74875539558782], [35.20785064136321, 31.74871819491178], [35.20783365421642, 31.748675357722835], [35.20773338173082, 31.748402552199195], [35.20771738526058, 31.748376624566287], [35.20769297845526, 31.748352951763508], [35.20762091475428, 31.74834055324342], [35.207579853690056, 31.748341681587718], [35.207565671324645, 31.74834168194305], [35.20751372603345, 31.748343937844314], [35.207310729009656, 31.748355215740993], [35.20709965046404, 31.7483552204205], [35.207047869730616, 31.748355221515048], [35.206903907738386, 31.7483518425276], [35.20678501121555, 31.748343953680322], [35.20673488018114, 31.748348463843154], [35.20665622040055, 31.748378902551952], [35.2066544077589, 31.748400321410585], [35.20665242939211, 31.74842061296542], [35.20665737767667, 31.748488251275127], [35.20666001671469, 31.748510797360456], [35.2066636456866, 31.74853221612129], [35.206691352458535, 31.7486393097498], [35.20670141244977, 31.748679892604454], [35.20701039027728, 31.74912699892708], [35.207426343707304, 31.749728896459732], [35.20739916306722, 31.749739546093835], [35.20734655800823, 31.74976209345737], [35.20733897183815, 31.749765475552962], [35.20733456634962, 31.749758783062518], [35.207207896687976, 31.749809450693345], [35.20721543103294, 31.74980218255613], [35.207223937433824, 31.7497957440943], [35.20722992980887, 31.749787984485028], [35.20723534172829, 31.749780885940947], [35.20723901539363, 31.749773952473316], [35.20724288104632, 31.74976388238392], [35.207244814300914, 31.74975562775206], [35.20724558659565, 31.749747043070965], [35.207245168176065, 31.749731525933157], [35.20724203324281, 31.749719480960074], [35.20723733107045, 31.749708773458387], [35.20711898723013, 31.74953369184112], [35.20703339861939, 31.74940675984709], [35.20699656411022, 31.749337696403213], [35.20683065698268, 31.749026619922542], [35.20677667170334, 31.748925396938443], [35.20671478018272, 31.74880934954266], [35.206710319878255, 31.748801641552873], [35.206685418705106, 31.748754295129558], [35.206589132251956, 31.748735309384838], [35.20654821643154, 31.748727242179783], [35.206435090145106, 31.748709207148863], [35.20633894954933, 31.748695680983896], [35.206285355131925, 31.74867989950416], [35.206190864040934, 31.74865960936313], [35.20608548883735, 31.748647210444304], [35.205920747455814, 31.748623539103832], [35.2058981554884, 31.748613393615507], [35.205879026315, 31.748605502695703], [35.20583186388844, 31.748607757854927], [35.20580493744544, 31.748598927289787], [35.20581669109744, 31.748511936964572], [35.20596184637997, 31.748543920992695], [35.20603894743073, 31.748557045468775], [35.20607234550946, 31.748562730262368], [35.20620982672589, 31.748571679177047], [35.206274963973144, 31.74858971513093], [35.20645833995417, 31.748635931843122], [35.20654162784556, 31.748602015663867], [35.20656090482518, 31.748519646197526], [35.20655892472181, 31.748286465106887], [35.20654772859297, 31.748173059148296], [35.206625094035026, 31.748130538506107], [35.20668086434036, 31.74810087942504], [35.20673206999058, 31.748110602186884], [35.2068595428209, 31.748137655131025], [35.2069903127022, 31.748162453266673], [35.207119103629516, 31.748181614777167], [35.20726323155153, 31.74820077581136], [35.20739729954405, 31.74821993692107], [35.20746990235659, 31.748230221629296], [35.20752460671628, 31.748237970749987], [35.207524585589375, 31.748237406195333], [35.207554618996845, 31.748241351925877], [35.20757985039497, 31.74824586052152], [35.207684563546984, 31.74822669363575], [35.207825061508096, 31.748199634554755], [35.207966549257016, 31.748170320677517], [35.208104737856964, 31.748143261352904], [35.20826683820685, 31.748112819231157], [35.208429267732214, 31.74808237689259], [35.20854121461797, 31.748073354832638], [35.208605478106705, 31.74806817522378], [35.20862517371265, 31.74806658822318], [35.20865587644038, 31.748052175707787], [35.20865601051543, 31.748053059511747], [35.20869300106173, 31.748034749000574], [35.208849604415065, 31.747957231798086], [35.20900972176545, 31.74787605999707], [35.20910486911196, 31.747812927327296], [35.209170993091526, 31.74776783258842], [35.20923632911008, 31.747731860011275], [35.20950495038664, 31.747583963075776], [35.20988332011032, 31.74740199005895], [35.21001285708154, 31.74733969032567], [35.21015679772603, 31.747260610071088], [35.210323544681955, 31.747178507408915], [35.21033449693386, 31.747204065198677], [35.210379331986275, 31.74730869160049], [35.210349039292005, 31.747323623976577], [35.21023307578314, 31.747385135216103], [35.20988781954721, 31.747568270323736], [35.20968738284289, 31.747673620687728], [35.20960173665498, 31.74771863623242], [35.20948989434854, 31.747777420344267], [35.20938525365703, 31.747832419931484]]]}, "properties": {"plane_name": "מתחם תלפיות", "land_use": "דרך מאושרת", "num_of_hel": " ", "feature_type": "landuse", "plan_short": "תלפיות"}}, {"type": "Feature", "geometry": {"type": "Polygon", "coordinates": [[[35.20571059746671, 31.74902176928045], [35.2057691594115, 31.74880253819376], [35.20583340108208, 31.74884490616742], [35.2060225011046, 31.748969620951055], [35.20622722416877, 31.749118889765803], [35.206362086060494, 31.749245738580502], [35.20653000100983, 31.74953534720282], [35.206599288105195, 31.74965484771159], [35.20661010120172, 31.749673497680234], [35.20669859834217, 31.749764265009258], [35.20677026242945, 31.749835728597816], [35.20679874868937, 31.749864846835226], [35.20681862245522, 31.74988004525206], [35.20666912343692, 31.750001096379552], [35.20663932414037, 31.749967690765523], [35.20662789478491, 31.74995487755256], [35.20660117957903, 31.749927822668084], [35.20651212753015, 31.749850040048905], [35.206434619009606, 31.749789166776928], [35.20623507857754, 31.749653893068647], [35.206149820721265, 31.749602038185575], [35.20609881656486, 31.749571508719942], [35.20614718777353, 31.74950628842055], [35.20620308969074, 31.749410747058185], [35.206213736817084, 31.74936752687728], [35.20616581843831, 31.749319757720368], [35.206130150585274, 31.749293916743216], [35.20597540119845, 31.749181803183326], [35.20581441891476, 31.749064988184706], [35.20576773930391, 31.74904555664255], [35.20571059746671, 31.74902176928045]]]}, "properties": {"plane_name": "מתחם תלפיות", "land_use": "דרך מאושרת", "num_of_hel": " ", "feature_type": "landuse", "plan_short": "תלפיות"}}, {"type": "Feature", "geometry": {"type": "Polygon", "coordinates": [[[35.20883565706279, 31.752665373857678], [35.20869270618618, 31.752761789582117], [35.20864088919859, 31.752738144957338], [35.2083938439207, 31.752616403942923], [35.20837672706404, 31.75259850556882], [35.20860301272679, 31.75248658384904], [35.208798191337685, 31.75238363977046], [35.20883575186692, 31.752352968526267], [35.20897265249898, 31.752241180909298], [35.2090295200506, 31.75219015517526], [35.20908895951972, 31.752136821499604], [35.20921217098129, 31.751992775138074], [35.209257684837944, 31.751939564560292], [35.20929237162598, 31.751899012677523], [35.20935407976389, 31.75180294126372], [35.20940934491198, 31.751716902195074], [35.20946388071775, 31.75163199674941], [35.209503417953876, 31.75157044335231], [35.20950134528995, 31.75145901509054], [35.209566823765236, 31.751340510925548], [35.209611844737275, 31.751259031005446], [35.209612207804454, 31.751259044518203], [35.20961257192702, 31.75125905712908], [35.20961293499416, 31.75125906974001], [35.20961329911669, 31.75125908144904], [35.20961366218373, 31.751259092256277], [35.20961402630617, 31.75125910306345], [35.209614390428584, 31.751259112968786], [35.209614753495565, 31.75125912287416], [35.20961511761793, 31.75125913187765], [35.20961548174026, 31.751259139979297], [35.20961584480714, 31.75125914808099], [35.2096162089294, 31.75125915528078], [35.20961657305167, 31.75125916248059], [35.20961693717388, 31.75125916877854], [35.2096173002406, 31.75125917417468], [35.20961766436275, 31.7512591795708], [35.20961802848492, 31.75125918496688], [35.20961839260697, 31.7512591885593], [35.209618756729036, 31.75125919215169], [35.209619119795676, 31.751259195744154], [35.209619483917685, 31.751259198434717], [35.20961984803963, 31.751259200223444], [35.20962021216159, 31.751259202012154], [35.2096205762835, 31.75125920289903], [35.20962094040539, 31.7512592037859], [35.20962130347182, 31.751259203770957], [35.20962166759362, 31.751259202854136], [35.20962203171543, 31.751259201937316], [35.209622395837194, 31.75125920011865], [35.20962275995889, 31.751259197398138], [35.209623123025175, 31.75125919467765], [35.20962348714687, 31.751259191957136], [35.20962385126848, 31.75125918743295], [35.20962421539012, 31.751259183810564], [35.20962457951167, 31.75125917838452], [35.2096249425778, 31.751259172958502], [35.20962530669935, 31.751259167532456], [35.209625670820806, 31.751259160302705], [35.209626034942296, 31.751259153974793], [35.20962639800827, 31.751259145843242], [35.20962676212966, 31.75125913771165], [35.209627126251064, 31.75125912958006], [35.20962748931698, 31.751259120546642], [35.20962785343827, 31.751259110611358], [35.20962821755953, 31.751259099774234], [35.2096285806254, 31.751259089838985], [35.20962894474659, 31.751259078099995], [35.209629308867775, 31.751259066361], [35.20962967193349, 31.751259053720222], [35.209630036054634, 31.751259041079397], [35.20963039912031, 31.751259027536765], [35.209630763241336, 31.751259013092245], [35.209631126306974, 31.751258998647767], [35.20963149042799, 31.75125898420323], [35.209631853493505, 31.75125896795506], [35.209632216559015, 31.7512589517069], [35.20963258067996, 31.751258935458672], [35.20963294374542, 31.75125891830865], [35.20963330681083, 31.751258900256794], [35.20963366987623, 31.751258882204926], [35.20963403399701, 31.751258863251167], [35.20963439706237, 31.751258844297453], [35.209634760127685, 31.751258824441894], [35.209635123192946, 31.751258803684493], [35.2096354862582, 31.751258782927085], [35.209635849323405, 31.751258761267835], [35.20963621238857, 31.751258738706728], [35.20963657545372, 31.751258716145635], [35.20963693851886, 31.751258693584546], [35.20963730158397, 31.751258670121583], [35.20963766359361, 31.75125864575684], [35.20963802665859, 31.751258620490198], [35.209638389723644, 31.751258596125407], [35.209638751733166, 31.75125856995696], [35.20963911479812, 31.75125854378848], [35.209639477863014, 31.751258516718146], [35.209639839872494, 31.751258489647864], [35.20964020293733, 31.751258461675675], [35.2096405649467, 31.751258432801684], [35.20964092695607, 31.751258403927707], [35.2096412889654, 31.75125837415189], [35.209641652030136, 31.751258344376005], [35.20964201403939, 31.751258313698333], [35.20964237604866, 31.75125828302066], [35.20964273805788, 31.75125825144114], [35.20964310006705, 31.75125821895977], [35.2096434620762, 31.75125818647841], [35.20964382408531, 31.751258153095186], [35.20964418609439, 31.75125811881014], [35.209644547048015, 31.75125808452511], [35.20964490905708, 31.75125805024005], [35.20964527106608, 31.75125801505313], [35.20964563201961, 31.751257978964436], [35.20964599297309, 31.751257941973876], [35.209646354982006, 31.751257904983273], [35.209646715935484, 31.751257867992702], [35.209647076888906, 31.751257830100293], [35.20964743889771, 31.75125779130601], [35.20964779985108, 31.751257752511762], [35.20964816080441, 31.751257712815665], [35.209648521757686, 31.751257672217722], [35.20964888271096, 31.75125763161976], [35.20964924260876, 31.75125759012002], [35.20964960356198, 31.75125754862023], [35.20965016293349, 31.751257476449506], [35.20965052283093, 31.751257428636844], [35.20965088272837, 31.75125738082418], [35.209651242625796, 31.751257333011498], [35.20965160146775, 31.751257284297033], [35.20965196136509, 31.751257234680672], [35.20965232020701, 31.75125718506435], [35.20965267904886, 31.751257134546197], [35.20965303789066, 31.751257083126188], [35.20965339673247, 31.751257031706185], [35.20965375557429, 31.751256980286175], [35.20965411441603, 31.751256927964302], [35.20965447325773, 31.75125687474061], [35.209654832099375, 31.751256820615055], [35.20965518988561, 31.751256766489558], [35.209655548727255, 31.751256712363997], [35.20965590651342, 31.75125665733665], [35.20965626429954, 31.751256601407455], [35.209656623141086, 31.75125654547822], [35.20965698092715, 31.751256488647172], [35.20965733765775, 31.75125643091432], [35.20965769544376, 31.751256373181423], [35.20965805322973, 31.751256314546694], [35.20965841101569, 31.751256255911947], [35.20965876774618, 31.751256196375397], [35.20965912447667, 31.751256136838855], [35.20965948226252, 31.751256076400416], [35.209659838992906, 31.751256015060196], [35.209660195723295, 31.751255953719973], [35.20966055245361, 31.751255891477886], [35.20966090918397, 31.751255829235802], [35.209661264858795, 31.751255766091923], [35.20966162158909, 31.75125570294798], [35.20966197726389, 31.751255638902272], [35.20966233399407, 31.75125557395463], [35.20966268966882, 31.75125550900705], [35.20966304534352, 31.751255443157635], [35.20966340101816, 31.75125537640636], [35.20966375563743, 31.75125531055698], [35.209664111312016, 31.75125524290387], [35.20966446698662, 31.751255175250748], [35.20966482160573, 31.751255106695826], [35.20966517622484, 31.75125503814091], [35.209665531899326, 31.751254968684098], [35.209665886518344, 31.75125489832548], [35.20966624008193, 31.751254827966918], [35.209666594700934, 31.75125475760829], [35.209666949319896, 31.751254686347842], [35.20966730288338, 31.75125461418556], [35.20966765750223, 31.751254541121426], [35.2096680110657, 31.751254468959168], [35.20966836462908, 31.751254394993193], [35.209668718192475, 31.751254321027243], [35.2096690717558, 31.751254246159444], [35.209669424263694, 31.751254171291684], [35.20966977782696, 31.751254095522043], [35.20967013033481, 31.75125401975241], [35.209670482842604, 31.751253943080982], [35.20967083535034, 31.75125386550769], [35.209671187858085, 31.751253787934377], [35.20967154036577, 31.751253709459235], [35.20967189181805, 31.751253630984138], [35.20967224432568, 31.751253551607142], [35.209672595777896, 31.751253472230193], [35.20967294723004, 31.751253391951398], [35.209673298682155, 31.75125331077077], [35.20967365013427, 31.751253229590105], [35.20967400158637, 31.75125314840947], [35.20967435198293, 31.75125306542519], [35.209674703434956, 31.751252982440846], [35.209675053831525, 31.751252899456567], [35.20967540422804, 31.751252815570425], [35.20967575462452, 31.751252730782447], [35.209676105020996, 31.751252645994445], [35.20967645436199, 31.751252560304664], [35.2096768047584, 31.751252474614834], [35.20967715409933, 31.751252388023197], [35.20967750344029, 31.751252301431585], [35.20967785278116, 31.751252213938088], [35.20967820106658, 31.75125212554282], [35.20967855040741, 31.751252037147484], [35.20967889869277, 31.751251947850353], [35.20967924803355, 31.751251858553182], [35.20967959631887, 31.75125176835421], [35.20967994460418, 31.75125167815523], [35.20968029183399, 31.751251587054437], [35.2096806401192, 31.75125149505178], [35.20968098734897, 31.751251403049164], [35.2096813345787, 31.751251310144685], [35.20968168180842, 31.751251217240213], [35.20968202903809, 31.751251123433885], [35.20968237626776, 31.75125102962758], [35.20968272244195, 31.751250934919458], [35.209683069671506, 31.751250839309446], [35.20968341584566, 31.751250743699487], [35.20968376201977, 31.751250648089492], [35.2096841071384, 31.75125055067591], [35.209684453312484, 31.751250454164083], [35.209684798431034, 31.751250355848615], [35.20968514354959, 31.751250257533155], [35.20968548866816, 31.751250159217687], [35.20968583378665, 31.751250060000377], [35.20968617890509, 31.751249959881232], [35.209686522968134, 31.751249859762115], [35.2096868670311, 31.751249758741153], [35.209687211094085, 31.7512496577202], [35.209687555156975, 31.751249555797393], [35.209687899219894, 31.751249453874586], [35.20968824222734, 31.751249351049974], [35.20968858629016, 31.75124924732348], [35.20968892929754, 31.75124914359701], [35.20968927124945, 31.751249038968773], [35.20968961425679, 31.75124893434047], [35.20968995726406, 31.751248828810308], [35.209690299215914, 31.751248723280217], [35.20969064116772, 31.751248616848265], [35.20969098311948, 31.751248509514472], [35.209691324015786, 31.751248402180707], [35.20969166596755, 31.751248294846917], [35.209692006863825, 31.751248186611313], [35.20969234776004, 31.75124807747386], [35.20969252612284, 31.751248005318843], [35.20969266649118, 31.75124794849675], [35.209692805804075, 31.751247890772884], [35.209692945117, 31.75124783395083], [35.20969308442988, 31.75124777622695], [35.20969317941589, 31.751247736541828], [35.209693223742754, 31.751247718503077], [35.209693363055614, 31.75124766077919], [35.209693501313076, 31.75124760305534], [35.209693640625886, 31.751247544429624], [35.209693778883285, 31.751247485803944], [35.209693918196116, 31.751247427178225], [35.20969405645349, 31.751247368552526], [35.209694194710856, 31.751247309025], [35.20969433296825, 31.751247250399324], [35.20969447122559, 31.751247190871783], [35.20969460842746, 31.75124713044245], [35.209694746684804, 31.75124707091492], [35.209694884942095, 31.751247010485535], [35.20969502214401, 31.751246950958052], [35.20969515934583, 31.75124688962687], [35.20969529654769, 31.75124682919755], [35.20969543374955, 31.751246768768215], [35.20969557095138, 31.751246707437044], [35.20969561422269, 31.751246687594644], [35.20969566488188, 31.751246665948255], [35.209695708153184, 31.751246646105873], [35.20969584535501, 31.75124658477469], [35.20969598255677, 31.751246522541656], [35.20969611870309, 31.751246460308682], [35.2096962548495, 31.751246398977557], [35.209696392051214, 31.75124633584267], [35.20969652819755, 31.75124627360971], [35.20969666434389, 31.751246211376724], [35.20969680049017, 31.751246148241886], [35.20969693558102, 31.75124608510712], [35.20969707172731, 31.751246021972296], [35.209697206818106, 31.75124595793567], [35.209697342964354, 31.75124589389901], [35.209697478055205, 31.751245830764205], [35.209697613145956, 31.75124576582575], [35.20969774823676, 31.751245701789106], [35.209697883327564, 31.7512456377525], [35.20969801841832, 31.751245572814025], [35.20969815350908, 31.751245507875552], [35.209698287544406, 31.75124544293712], [35.20969842157969, 31.75124537709685], [35.20969855667043, 31.751245312158392], [35.20969869070571, 31.75124524631811], [35.20969882474097, 31.751245180477834], [35.20969895877621, 31.75124511373572], [35.20969909281149, 31.75124504789544], [35.20969922579129, 31.75124498115336], [35.2096993598265, 31.75124491441125], [35.2096994928063, 31.751244847669174], [35.209699625786044, 31.751244780025257], [35.20969975982128, 31.751244713283132], [35.20969989280102, 31.751244645639208], [35.20970002472534, 31.751244577995344], [35.20970015770508, 31.751244510351416], [35.209700290684786, 31.751244441805657], [35.20970042260905, 31.751244373259933], [35.20970055558881, 31.751244305616012], [35.20970068751302, 31.751244236168453], [35.209700819437266, 31.751244167622723], [35.209700951361484, 31.751244098175153], [35.209701083285765, 31.75124402962943], [35.209701214154556, 31.75124396018191], [35.20970134607872, 31.751243889832498], [35.20970147694751, 31.75124382038498], [35.209701608871676, 31.75124375003557], [35.20970173974044, 31.751243680588036], [35.20970187060915, 31.75124360933683], [35.20970200147788, 31.751243538987477], [35.209702132346614, 31.75124346863808], [35.20970226215988, 31.751243397386926], [35.20970239302856, 31.7512433261357], [35.209702522841816, 31.751243254884546], [35.20970265265507, 31.75124318363337], [35.2097027824683, 31.751243111480346], [35.2097028236286, 31.75124308893252], [35.20970287112119, 31.75124306187518], [35.20970295344179, 31.751243016779494], [35.209703042094695, 31.751242967174324], [35.20970317190791, 31.751242895021303], [35.20970330066568, 31.751242822868328], [35.20970343047884, 31.75124274981348], [35.209703559236566, 31.751242676758636], [35.20970364683405, 31.751242627153523], [35.209703687994285, 31.751242603703837], [35.209703816752025, 31.751242530649034], [35.209703945509695, 31.751242456692353], [35.209704073212016, 31.751242383637592], [35.20970416080944, 31.751242333130612], [35.20970420196967, 31.75124230968092], [35.209704329671936, 31.751242235724312], [35.2097044584296, 31.75124216176763], [35.20970458613181, 31.751242086909176], [35.20970462729206, 31.751242063459493], [35.20970467267375, 31.7512420355004], [35.209704713833986, 31.751242012050703], [35.20970484153621, 31.751241937192255], [35.20970496818297, 31.751241862333835], [35.20970509588517, 31.75124178747535], [35.20970522253189, 31.75124171171511], [35.20970534917866, 31.751241636856665], [35.20970543572061, 31.751241585447893], [35.20970547688081, 31.751241561096375], [35.209705603527524, 31.751241485336106], [35.20970572911877, 31.75124140867403], [35.2097058557655, 31.75124133291377], [35.20970598241215, 31.751241256251674], [35.209706108003395, 31.75124117958959], [35.20970623359464, 31.75124110292752], [35.20970635918584, 31.75124102536362], [35.20970648477707, 31.75124094870155], [35.20970661036828, 31.75124087113764], [35.20970673595945, 31.751240793573725], [35.20970686049515, 31.751240715108015], [35.209706986086346, 31.751240637544097], [35.20970711062206, 31.751240559078386], [35.209707235157836, 31.751240481514518], [35.209707359693546, 31.75124040304879], [35.20970748422919, 31.751240323681234], [35.20970760770948, 31.751240245215563], [35.209707732245136, 31.751240165848003], [35.20970785572537, 31.751240086480493], [35.20970801825491, 31.751239981859708], [35.20970810268584, 31.75123992774547], [35.20970822616607, 31.751239848377953], [35.20970834964626, 31.751239768108597], [35.209708472071014, 31.751239687839284], [35.209708594495766, 31.751239607569964], [35.20970871797594, 31.751239527300594], [35.20970884040065, 31.75123944612945], [35.2097089628254, 31.751239365860126], [35.20970908419468, 31.751239284689003], [35.20970920661939, 31.751239203517834], [35.209709329044024, 31.75123912144484], [35.20970945041331, 31.751239040273727], [35.209709571782525, 31.751238958200748], [35.20970969315176, 31.751238876127793], [35.20970981452098, 31.75123879405484], [35.20970993483478, 31.75123871198191], [35.209710056204, 31.751238629908944], [35.209710176517746, 31.751238546934182], [35.209710297886915, 31.751238463959368], [35.20971041820066, 31.75123838098462], [35.20971053745899, 31.75123829800988], [35.209710657772725, 31.751238215035112], [35.20971077808642, 31.75123813115853], [35.209710897344685, 31.751238047281955], [35.20971101660297, 31.751237963405384], [35.20971113691666, 31.75123787952877], [35.20971125511944, 31.751237794750416], [35.209711374377704, 31.751237710873827], [35.20971149363592, 31.751237626095428], [35.20971161183872, 31.751237541317057], [35.209711731096924, 31.75123745653864], [35.20971184929966, 31.75123737085844], [35.20971196750245, 31.751237286080055], [35.20971208464975, 31.751237200399913], [35.20971220285251, 31.75123711471969], [35.20971231999982, 31.75123702903951], [35.20971243820254, 31.751236943359316], [35.209712555349796, 31.751236856777282], [35.20971259228809, 31.75123682881855], [35.20971263555877, 31.75123679815401], [35.20971267249706, 31.751236770195263], [35.20971278964432, 31.751236683613264], [35.20971290573614, 31.751236597031305], [35.20971302288341, 31.751236510449274], [35.20971313897526, 31.751236423867297], [35.20971325506702, 31.75123633638349], [35.20971329200532, 31.751236308424755], [35.20971333422051, 31.751236276858403], [35.20971340809709, 31.751236220940957], [35.209713487250596, 31.75123616141588], [35.20971360334237, 31.75123607393204], [35.209713718378666, 31.751235985546437], [35.20971383341502, 31.75123589806266], [35.20971394950676, 31.75123580967699], [35.20971406454305, 31.751235721291387], [35.20971417852393, 31.75123563290579], [35.209714293560175, 31.75123554361834], [35.20971440754105, 31.751235455232774], [35.209714522577315, 31.751235365945316], [35.209714636558125, 31.751235276657884], [35.20971475053894, 31.751235187370483], [35.20971486346435, 31.751235098083097], [35.20971497744511, 31.751235007893833], [35.209715091425885, 31.751234917704572], [35.2097152043513, 31.7512348284172], [35.20971531727663, 31.751234738227996], [35.209715430201925, 31.75123464713691], [35.20971554312727, 31.751234556947683], [35.20971565499714, 31.751234465856673], [35.209715766867, 31.75123437476566], [35.20971587979229, 31.7512342836746], [35.209715991662165, 31.751234192583574], [35.20971610353203, 31.751234101492553], [35.209716214346415, 31.75123400949973], [35.20971632621628, 31.751233918408712], [35.20971643703068, 31.75123382641588], [35.20971647185806, 31.751233797555376], [35.20971654784506, 31.75123373442307], [35.20971665865945, 31.751233642430233], [35.2097167694738, 31.75123354953557], [35.20971688028817, 31.75123345754275], [35.20971699004709, 31.751233364648133], [35.20971710086142, 31.75123327175345], [35.20971721062033, 31.751233178858847], [35.20971732037918, 31.751233085062356], [35.20971742908268, 31.75123299216779], [35.209717538841545, 31.75123289837132], [35.209717647544956, 31.7512328045749], [35.20971775730383, 31.751232710778446], [35.20971786600726, 31.75123261698201], [35.209717973655266, 31.751232523185642], [35.20971800848253, 31.751232492521456], [35.209718047531354, 31.75123245915155], [35.20971808235864, 31.751232428487356], [35.209718191062024, 31.751232333789076], [35.209718298709966, 31.751232239090864], [35.209718440129826, 31.75123211463033], [35.209718480233974, 31.751232079456706], [35.20971851400588, 31.75123204969442], [35.20971862165383, 31.751231954996182], [35.20971872824631, 31.751231859396146], [35.20971883589421, 31.751231763796095], [35.20971894248668, 31.75123166819607], [35.20971904907916, 31.75123157259602], [35.209755353387486, 31.75119134878652], [35.209813714918624, 31.751132004915352], [35.20986996558677, 31.751073653137276], [35.209880107565304, 31.751062794486895], [35.209881257904335, 31.751061567928133], [35.209889006357685, 31.751053707112902], [35.20991745674214, 31.751024843234298], [35.20992348613468, 31.751020829762165], [35.20992952291514, 31.751016824406012], [35.20993556708362, 31.751012828969532], [35.20994162075088, 31.75100884164898], [35.20994768180612, 31.75100486334623], [35.20995375130477, 31.75100089406129], [35.209959828191444, 31.750996934696033], [35.20996591352148, 31.750992983446707], [35.20997200623949, 31.75098904121522], [35.20997810740085, 31.750985107099673], [35.20998421595026, 31.750981182903796], [35.209990332943065, 31.750977267725712], [35.20999645732388, 31.750973361565446], [35.210002590148086, 31.750969464422965], [35.2100087314157, 31.750965576298253], [35.210014879015894, 31.75096169719142], [35.21002103505949, 31.75095782710236], [35.2100271995465, 31.750953966031105], [35.21003337142151, 31.75095011397763], [35.210039550684506, 31.750946270941984], [35.2100457373355, 31.75094243692417], [35.21005193242994, 31.75093861282596], [35.21005813491234, 31.750934796843726], [35.21006434583821, 31.75093099078111], [35.21007056309666, 31.750927193736356], [35.210076788798524, 31.75092340570936], [35.21008302294381, 31.75091962670013], [35.21008926342173, 31.750915857610618], [35.21009551234302, 31.750912096637016], [35.210101767596946, 31.75090834558311], [35.2101080312943, 31.75090460354697], [35.210114302379644, 31.750900870528653], [35.210120581908456, 31.7508971474299], [35.21012686776987, 31.750893433349034], [35.21013316101931, 31.750889728285955], [35.21013946271215, 31.750886032240636], [35.21014577073763, 31.750882346115006], [35.21015208720655, 31.75087866900714], [35.21015841106349, 31.750875000917077], [35.210164741253, 31.750871341844846], [35.21017107988602, 31.750867692692225], [35.21017742485167, 31.75086405345928], [35.210183778260706, 31.750860422342235], [35.21019013800245, 31.75085680204673], [35.210196506187586, 31.750853189867097], [35.21020288070537, 31.7508495876072], [35.21021192956612, 31.750844497180378], [35.21021831150902, 31.750841506370236], [35.210224698729185, 31.750838524577958], [35.21023109333743, 31.75083555180348], [35.210231983031356, 31.750835140521325], [35.21023756498955, 31.750832555577176], [35.21024397120781, 31.750829601740257], [35.21025038270339, 31.75082665782307], [35.21025680053173, 31.750823723825572], [35.21026322363733, 31.75082079884594], [35.21026965307562, 31.750817882884128], [35.21027608884667, 31.750814976842026], [35.21028252989497, 31.750812079817788], [35.21028897622061, 31.750809192713252], [35.21029542993443, 31.750806315528354], [35.210301887870116, 31.750803447361392], [35.21030835213848, 31.750800588212257], [35.21031482273962, 31.750797738982783], [35.2103212986181, 31.750794899673032], [35.21032777977385, 31.75079206938116], [35.21033426726237, 31.750789249008953], [35.21034076002824, 31.75078643855647], [35.210347747772914, 31.750783426969022], [35.21034943217726, 31.75078270361045], [35.21035425214881, 31.75078063545404], [35.210360761802036, 31.750777853858775], [35.21036727778798, 31.750775081281322], [35.210373799051276, 31.750772318623582], [35.21038032559187, 31.750769564983706], [35.21038685846524, 31.750766821263497], [35.21039339661597, 31.750764087462997], [35.210399940044056, 31.750761363582193], [35.21040648874944, 31.750758648719277], [35.21041304273218, 31.750755943776046], [35.210419601992285, 31.750753248752535], [35.21042732429466, 31.750750091027], [35.21042954378423, 31.750749191782198], [35.21043176538477, 31.750748295242815], [35.210433988040926, 31.750747402310694], [35.21043621386354, 31.750746512985796], [35.21043844074169, 31.750745626366307], [35.21044066867545, 31.750744743354133], [35.210442899775614, 31.7507438630473], [35.21044513193139, 31.75074298634775], [35.21044736514277, 31.750742113255498], [35.210449601520615, 31.750741243770435], [35.21045183895401, 31.750740376990798], [35.21045407744302, 31.750739513818466], [35.210456318043, 31.750738653351547], [35.21045856075403, 31.750737796491848], [35.210460805576076, 31.750736943239385], [35.21046305145367, 31.750736092692385], [35.210465299442326, 31.7507352457526], [35.21046754848656, 31.750734402420125], [35.210469799641864, 31.75073356269488], [35.21047205290814, 31.750732725675036], [35.21047430723002, 31.75073189226248], [35.210476563662866, 31.75073106155531], [35.21047882220676, 31.75073023445538], [35.21048108180627, 31.750729410962744], [35.210483342461394, 31.750728591077387], [35.21048560522751, 31.750727773897452], [35.210487870104636, 31.750726960324744], [35.21049013603739, 31.750726150359302], [35.21049240408113, 31.750725343099266], [35.210494673180484, 31.75072453944653], [35.21049694439087, 31.75072373940102], [35.21049921771224, 31.750722942060897], [35.210501491033796, 31.75072214832812], [35.21050376752183, 31.750721358202533], [35.21050604506546, 31.750720571684248], [35.21050832366466, 31.750719787871365], [35.21051060437489, 31.750719007665754], [35.21051288719618, 31.7507182310674], [35.21051517001766, 31.75071745807635], [35.21051745600553, 31.750716687790653], [35.21051974304902, 31.750715921112228], [35.210522031148145, 31.750715158041114], [35.21052432135822, 31.750714397675377], [35.21052661262395, 31.75071364091693], [35.21052890600069, 31.750712887765722], [35.21053120043306, 31.750712138221818], [35.21053349592108, 31.750711392285176], [35.21053579352005, 31.75071064905393], [35.21053809217465, 31.750709909429983], [35.210540392940295, 31.750709173413263], [35.21054269476151, 31.750708440101988], [35.210544998693734, 31.750707710397943], [35.21054730368161, 31.750706984301207], [35.2105496097251, 31.75070626181173], [35.21055191787963, 31.750705542929516], [35.21055422708972, 31.750704826752724], [35.21055653735544, 31.75070411418323], [35.2105588497322, 31.750703405220957], [35.210561163164584, 31.750702699866], [35.210563478707954, 31.75070199721639], [35.210565795306955, 31.750701298174096], [35.21056811296156, 31.75070060273906], [35.21057043272723, 31.750699910911305], [35.210572752493086, 31.750699222690862], [35.21057507436994, 31.750698537175804], [35.21057739835784, 31.750697855267997], [35.21057972340136, 31.750697176967453], [35.210582049500516, 31.75069650227422], [35.21058437665522, 31.750695830286404], [35.21058670592105, 31.75069516280768], [35.210589036242425, 31.7506944980344], [35.21059136761942, 31.750693836868408], [35.21059370005208, 31.7506931793097], [35.21059603459571, 31.750692524456383], [35.210598370195015, 31.750691874112174], [35.21060070684989, 31.750691226473432], [35.21060304456041, 31.75069058244196], [35.21060538438196, 31.750689942017726], [35.210607725259145, 31.75068930520079], [35.21061006719189, 31.750688671089286], [35.21061241018027, 31.75068804058505], [35.21061475422434, 31.750687414589986], [35.2106171003794, 31.750686791300268], [35.21061944759003, 31.750686170716012], [35.21062179585634, 31.750685554640885], [35.21062414517831, 31.750684942173038], [35.210626495555815, 31.750684332410618], [35.21062884804439, 31.750683726255453], [35.21063120158858, 31.750683123707546], [35.21063384431293, 31.75068245170337], [35.21065171234103, 31.750679222220136], [35.21070308951207, 31.750669948714584], [35.210802054654, 31.750648272430197], [35.2108076598897, 31.750646922987464], [35.21081326723663, 31.750645581660994], [35.21081887669479, 31.75064424845077], [35.21082449037512, 31.75064292425854], [35.210830105111214, 31.75064160818261], [35.21083572406936, 31.750640299320978], [35.2108413440834, 31.750638999477484], [35.21084696726415, 31.750637708652036], [35.2108525936115, 31.75063642504095], [35.210858222070165, 31.75063515044795], [35.21086385369544, 31.75063388306931], [35.210869487432014, 31.75063262470875], [35.21087512327986, 31.750631374464437], [35.21088076229442, 31.750630133238175], [35.21088640342018, 31.750628899226303], [35.21089204665725, 31.75062767423252], [35.210897693061014, 31.75062645735495], [35.210903341576085, 31.750625249495464], [35.210908993257775, 31.75062404885032], [35.21091464599538, 31.75062285722331], [35.210920301899655, 31.7506216737125], [35.21092844961107, 31.750619984138396], [35.210934110793474, 31.75061882046728], [35.21093977514258, 31.750617664912365], [35.210945441603016, 31.75061651837555], [35.210951109119236, 31.750615379053176], [35.21095677980223, 31.750614248748846], [35.210962453651874, 31.750613126560694], [35.21096812855747, 31.750612013390686], [35.21097380662975, 31.750610908336874], [35.210979485757896, 31.750609811399364], [35.21098516805274, 31.750608722578026], [35.21099085140349, 31.750607642774845], [35.21099981600638, 31.750605956761163], [35.21100550569085, 31.75060489860126], [35.21101119748667, 31.75060384945944], [35.21101689139373, 31.750602807532037], [35.21102258846755, 31.750601774622673], [35.2110282865973, 31.75060075073142], [35.21103398683829, 31.75059973405457], [35.21103968919062, 31.75059872639583], [35.21104927226771, 31.750597052972147], [35.21114923770069, 31.750588688499615], [35.211229148283124, 31.75058330742959], [35.21130179453775, 31.750579581589857], [35.21136639316214, 31.750575019238003], [35.211446164596516, 31.750572158696293], [35.21152641434964, 31.75057215422097], [35.21159615556016, 31.75057541406768], [35.211697901590085, 31.750582751087226], [35.21172703985975, 31.750586419919696], [35.21185425057762, 31.750601134239414], [35.21212760341499, 31.750633429215174], [35.21216924332624, 31.7506391921717], [35.21224020284655, 31.750645812767694], [35.212460990841656, 31.750666412428245], [35.212578540247094, 31.750678502268073], [35.21256287791408, 31.750763483225743], [35.21255361890546, 31.750813717486864], [35.21254075100882, 31.750883536443276], [35.21254351972574, 31.750899515154902], [35.212544235663856, 31.750903643755244], [35.21238187860966, 31.75088568749886], [35.212364749290366, 31.750887674435965], [35.21234814673572, 31.75089094646691], [35.21232707479592, 31.75089803718605], [35.212321406497196, 31.75090237811922], [35.21230855757736, 31.750912216244135], [35.21229642551635, 31.75092475895621], [35.21228940321362, 31.750942754806484], [35.21228621204475, 31.750960205704327], [35.21229004517472, 31.75098310781888], [35.21232428315193, 31.751144617098284], [35.21232820668971, 31.751163121809558], [35.212370770102254, 31.751362652333107], [35.21238099953689, 31.751414507772314], [35.21239683784497, 31.751494545509868], [35.212407231955574, 31.751546400935528], [35.21241511073649, 31.751583109132287], [35.212447155962174, 31.751732403915167], [35.212457435823836, 31.751780608674142], [35.2124638132289, 31.751810512542473], [35.21249763994153, 31.751969134975102], [35.21250417086492, 31.75199215775489], [35.21255452221763, 31.752169650215276], [35.212560260794454, 31.752195605841493], [35.212583403076216, 31.752300274261025], [35.21247210849414, 31.75231521953406], [35.21242708833115, 31.75232198622083], [35.2124674873286, 31.752273509507287], [35.21246245922399, 31.752249189778553], [35.21241947758872, 31.752041287514636], [35.21240848073221, 31.751989073197755], [35.21236486931726, 31.75178201056413], [35.21234966924083, 31.751710996645798], [35.21231009699168, 31.751526115508096], [35.21229923224389, 31.751474581160377], [35.2122960741842, 31.751459605320562], [35.212255655315836, 31.75127022039777], [35.21222316184357, 31.751119051549686], [35.212209131875944, 31.751053780483698], [35.212199069036096, 31.751010943466955], [35.21218306737473, 31.750943306076802], [35.21217975697622, 31.750923620807832], [35.21191325397865, 31.75087791510617], [35.211913488383544, 31.750879166853114], [35.211401400039776, 31.75085103148082], [35.21098745192584, 31.750920082634643], [35.21103689314596, 31.750919871735203], [35.21109252597387, 31.750941270499332], [35.21113036028751, 31.750964073453993], [35.21115206020196, 31.75098450269805], [35.2111665259116, 31.75100018050283], [35.2111826617567, 31.75102203405096], [35.21119045227369, 31.751042463128226], [35.21122182325609, 31.751137257975873], [35.211242440905124, 31.75119362217477], [35.211315676219456, 31.751397660618903], [35.21138082978992, 31.751579153337122], [35.21144350822859, 31.75174148195126], [35.21150371260588, 31.75189930144467], [35.211558969495094, 31.75204584812459], [35.2116340189759, 31.75224424972631], [35.21169735875179, 31.752416723914273], [35.21166981980564, 31.752424616634244], [35.21163436409496, 31.752433637105113], [35.2116086382952, 31.752440402402673], [35.21151544414452, 31.752193527653002], [35.21142060076071, 31.751945525610683], [35.21132410930002, 31.751697523577864], [35.21123174093797, 31.751450648546765], [35.21113211391839, 31.75117559117023], [35.21107293132813, 31.751019080908424], [35.21105087005223, 31.75100756730902], [35.211040006179324, 31.751001897076293], [35.211017826322156, 31.750999821284683], [35.21099172701906, 31.751003275805864], [35.21088916815704, 31.751029650130295], [35.210786241283216, 31.751061675350932], [35.21073137946617, 31.7510793064602], [35.21062780793188, 31.751115990515668], [35.21049714252593, 31.751168899980435], [35.21043773488739, 31.75120291499773], [35.2104293320936, 31.75122684224435], [35.21043016610924, 31.75124660433231], [35.210485908431934, 31.75137562050687], [35.21049788512923, 31.75140333903693], [35.2105919006074, 31.75164232337924], [35.21068096854737, 31.751879053275864], [35.210768386675966, 31.75210676473624], [35.210787354665065, 31.75214847410519], [35.210735243525804, 31.752163131692566], [35.21070687914545, 31.752169896939904], [35.21067076394332, 31.752181171787715], [35.2106641675437, 31.752182299419157], [35.210533039135576, 31.751831713651622], [35.21051869026605, 31.751795640550483], [35.210514236061606, 31.751775349256217], [35.21046211580277, 31.751647966170385], [35.21039861514166, 31.751490146334213], [35.210367276436045, 31.751410109077337], [35.21033593905627, 31.751333453730048], [35.210314298521126, 31.751282715141844], [35.210272028768635, 31.751183607053033], [35.21016864660989, 31.75124933644504], [35.21011506295536, 31.751305586032863], [35.21009186508819, 31.75132930289016], [35.21007374872352, 31.751347049302986], [35.21005791201261, 31.751363790054576], [35.21003598474848, 31.751385826707814], [35.21002853395432, 31.751394411699806], [35.210010261438114, 31.751413421595032], [35.20999575455116, 31.751430293047463], [35.209993427496514, 31.751432998684646], [35.20997197227149, 31.751459934127247], [35.209956131593486, 31.751481549337612], [35.209944423763616, 31.751499782447247], [35.20993684019902, 31.751512237255902], [35.20992940862424, 31.751524861604285], [35.20992703942669, 31.751528884837388], [35.20989922959688, 31.751576557564626], [35.20986966488622, 31.751629779412458], [35.20981162793922, 31.751721650128825], [35.209728318748155, 31.751853525011693], [35.2097193857221, 31.751856206570984], [35.20961459937961, 31.752009061890515], [35.20952511422366, 31.752139595844948], [35.20939035781031, 31.752247910066913], [35.20934376543615, 31.752285360092465], [35.2090552279177, 31.752517280382236], [35.20885491508137, 31.752652385717145], [35.20883565706279, 31.752665373857678]]]}, "properties": {"plane_name": "מתחם תלפיות", "land_use": "דרך מאושרת", "num_of_hel": " ", "feature_type": "landuse", "plan_short": "תלפיות"}}, {"type": "Feature", "geometry": {"type": "Polygon", "coordinates": [[[35.21287286616001, 31.75314270450424], [35.21301289165849, 31.753761160277516], [35.21301700750598, 31.753779337577342], [35.21303592585412, 31.753862891288684], [35.21314646113154, 31.75435108913677], [35.213165720606455, 31.75445678217737], [35.2131714833065, 31.75447782632017], [35.21319729375282, 31.75459102044371], [35.21316160206802, 31.754600800705912], [35.21319876224029, 31.75459458352944], [35.2133310805616, 31.75517739124127], [35.21318738619937, 31.75520503466751], [35.21317458556481, 31.755172714352025], [35.213153900814106, 31.75512048997144], [35.213129156041184, 31.755049471429256], [35.21311628786019, 31.755005506497216], [35.21311205241571, 31.75497336415207], [35.21305117408648, 31.754724233794704], [35.213025279122824, 31.754688161777594], [35.21297926657544, 31.75468140105806], [35.21303698666326, 31.754668996788745], [35.21302626328111, 31.754625032601062], [35.212995412094386, 31.754499903774995], [35.21297446583164, 31.754481868300573], [35.212952027495135, 31.75437590308835], [35.21297808430002, 31.75437139211041], [35.212911430826544, 31.754071533298838], [35.21270668899174, 31.75316406574187], [35.21266626955035, 31.75298595405852], [35.21265851525072, 31.75295100808178], [35.21261529154056, 31.752759368888036], [35.212579491990105, 31.752603802985075], [35.2125754858201, 31.752595042723236], [35.21256877369109, 31.75255247067289], [35.212570209067394, 31.752552214456735], [35.212743584536675, 31.75252140068829], [35.21280013621231, 31.752511349511774], [35.212756436293205, 31.752529389286543], [35.21274308077175, 31.752553063587833], [35.2127434119946, 31.752574482378236], [35.21277657228631, 31.752719902656906], [35.212823591860726, 31.752925069215706], [35.21287286616001, 31.75314270450424]]]}, "properties": {"plane_name": "מתחם תלפיות", "land_use": "דרך מאושרת", "num_of_hel": " ", "feature_type": "landuse", "plan_short": "תלפיות"}}, {"type": "Feature", "geometry": {"type": "Polygon", "coordinates": [[[35.2133310805616, 31.75517739124127], [35.21365134400967, 31.755114239235365], [35.214147571110864, 31.75503641808531], [35.214229863502794, 31.75502288408479], [35.21424157262973, 31.755020628568154], [35.21427488316282, 31.755000334487292], [35.21429731111274, 31.754983423161573], [35.2143119252137, 31.755053487214397], [35.214299949637, 31.75510083136904], [35.21424903692304, 31.755130265209612], [35.213873165546104, 31.755185314390328], [35.21356617945123, 31.75523395983033], [35.21350028990294, 31.755248039648276], [35.213456861871336, 31.755251881900737], [35.21341642839264, 31.755246765906215], [35.21337898867037, 31.755235252905536], [35.2133310805616, 31.75517739124127]]]}, "properties": {"plane_name": "מתחם תלפיות", "land_use": "שטח ציבורי פתוח", "num_of_hel": " ", "feature_type": "landuse", "plan_short": "תלפיות"}}, {"type": "Feature", "geometry": {"type": "Polygon", "coordinates": [[[35.2149050209128, 31.749123395280115], [35.214858015655466, 31.749022184163604], [35.21484036716466, 31.74898385719153], [35.21480240461541, 31.748815897939316], [35.214800110098786, 31.748805746054956], [35.21478032935315, 31.748763688313765], [35.2147704199854, 31.748742619311333], [35.214782294337134, 31.74875276410175], [35.21490285984052, 31.74893086863899], [35.214930737438046, 31.748998504726067], [35.21527614327534, 31.749789844794503], [35.21527631121962, 31.74981802743983], [35.21526279274388, 31.749847338561054], [35.21524102781513, 31.749872141158313], [35.215207058773125, 31.749893562870206], [35.215201615504945, 31.749880035656098], [35.21518347093733, 31.74983494494059], [35.21512672249479, 31.749660217247484], [35.21506766516764, 31.749486617024388], [35.21500465173913, 31.749316399018518], [35.21496692027228, 31.749244551251177], [35.2149050209128, 31.749123395280115]]]}, "properties": {"plane_name": "מתחם תלפיות", "land_use": "דרך מאושרת", "num_of_hel": " ", "feature_type": "landuse", "plan_short": "תלפיות"}}, {"type": "Feature", "geometry": {"type": "Polygon", "coordinates": [[[35.21273158875131, 31.750138447686165], [35.2126917668703, 31.750125571040492], [35.21255445372699, 31.750080758223106], [35.21258962485905, 31.749943711583153], [35.21259303815521, 31.749944819730807], [35.21286274158292, 31.750032399177375], [35.21290363868471, 31.75003126914197], [35.21293117621544, 31.75000533925088], [35.21295096144143, 31.7499647548927], [35.212994701086444, 31.74997882884321], [35.21312637651038, 31.75002606843907], [35.21311172447481, 31.750062414702438], [35.2131110333401, 31.75006412194252], [35.21310997184159, 31.75006674458072], [35.21310874046498, 31.75006982897523], [35.213107918533666, 31.750072331651623], [35.2131072475293, 31.75007486678407], [35.21310663360073, 31.75007829293557], [35.213106328910705, 31.75008174882675], [35.21310633662364, 31.750085214616835], [35.2131066556822, 31.750088669563457], [35.21310771368551, 31.750093787461772], [35.21310912621765, 31.75009794757634], [35.213110180803454, 31.75010038519132], [35.21311184231956, 31.750103547848138], [35.21311377295518, 31.750106595050323], [35.213115971653096, 31.75010950785918], [35.21311842574652, 31.750112266434957], [35.213121121513865, 31.750114857250967], [35.21312404101136, 31.750117262271466], [35.21312798639978, 31.750119981965383], [35.21313134701641, 31.75012192160337], [35.21313577150552, 31.750124034322432], [35.21313947297155, 31.75012545086663], [35.21322595459809, 31.750148135314284], [35.21324121730764, 31.750152138445905], [35.21334624118152, 31.75017109058804], [35.21338242347083, 31.75043918221793], [35.21330161943363, 31.75045801481763], [35.213279716429774, 31.75042550303253], [35.21325883840161, 31.75040563954859], [35.21323301451812, 31.750383821204878], [35.21321719583892, 31.750371570738167], [35.21320137627231, 31.75036104820459], [35.21309344311686, 31.750304313344714], [35.21296510320519, 31.750242652989904], [35.21293057795987, 31.750225312830924], [35.212883703134544, 31.750205820783165], [35.21288993915077, 31.750189652088675], [35.21282021965391, 31.75016710789364], [35.21273158875131, 31.750138447686165]]]}, "properties": {"plane_name": "מתחם תלפיות", "land_use": "עיצוב מיוחד (מדרחוב)", "num_of_hel": " ", "feature_type": "landuse", "plan_short": "תלפיות"}}]}