{"type": "FeatureCollection", "features": [{"type": "Feature", "geometry": {"type": "Point", "coordinates": [35.201508, 31.757556]}, "properties": {"mkbz_id": 11.0, "name": "מתחם אילנות", "sub": "גוננים א-ו", "allocation": "קרקע למבני ציבור", "status": "שבצ מאושר", "status_cat": "קיים", "migrash": "1104 / 58,59,60,67,145\n1766 / 68,74,172,144", "yeud": "שטח לבניין ציבורי", "taba": "1104 / 58,59,60,67,145\n1766 / 68,74,172,144", "gush_helka": "30123 / 106\n30171 / 226", "address": "הורקניה 21", "dunam": 7.64, "future_m2": "מקודמת תכנית 101-1115484 ולפיה\nתא שטח מס' 1 - 6 קומות עיליות\nתא שטח מס' 2 - 9 קומות עיליות מעל 2 קומות תת קרקעיות", "allowed_uses": "במצב מאושר: בחלק הצפוני בית ספר ומדרום - לפי הוראות תכנית המתאר.\nבמצב מתוכנן: 1 מבני חינוך תרבות וספורט, בנוסף לבניינים המאושרים הקיימים בשטח.\n.2 כל שימוש ציבורי לפי סעיף 188 לחוק, בהתאם לתיאום ואישור המחלקה למדיניות תכנון\nומחלקת מבני ציבור בעיריית ירושלים.", "ownership": "רשות מקומית", "existing_built": "בי\"ס יסודי ממ\"ד \"גוננים\" (18 כ'); גני ילדים (ח\"מ + חרדים מנח\"ח (2 לדייק), מגרש כדורגל (חלקו בשטח רמ\"י בייעוד מגורים).\nבית ספר יסודי ח\"מ 'אילנות' (12 כ'); + תנועת נוער בני עקיבא (מיקום זמני), מרכז שיקום נוער (משהב\"ש). מרכז נוער של ארגון \"בצדק\".", "potential": "בי\"ס גוננים: הריסה ובינוי- לתוספת 6 כיתות (סה\"כ 24) ואולם ספורט. + 6 כיתות ח\"מ. בי\"ס אילנות: הריסה ובינוי- לתוספת 3 כיתות (סה\"כ 15).\nמבנה ציבור 9 קומות עתידי: בשטח של כ-3.5 דונם עם גמישות לשימושי ציבור מותרים.", "recommendations": "קידום בינוי-פינוי-בינוי של 2 בי\"ס בהתאם לשלביות המוצעת ע\"י מנח\"י לסוף החומש הראשון (2027-2029).\nבמבנה הציבור הכללי- לאפשר גמישות בהוראות התכנית לשילוב מס' פונקציות ציבוריות. מוצע לשלב, בין השאר, מקום לשירותי קהילה ורווחה, ותחנה לבריאות המשפחה. כמו כן, מומלץ לבחון שילוב שירותי חברה.", "position_source": "parcels_gush_helka", "_host_fids": [826, 827, 2632, 2633]}}, {"type": "Feature", "geometry": {"type": "Point", "coordinates": [35.200925, 31.757135]}, "properties": {"mkbz_id": 12.0, "name": "בית כנסת מגדל דוד בן ישי", "sub": "גוננים א-ו", "allocation": "קרקע למבני ציבור", "status": "שבצ מאושר", "status_cat": "קיים", "migrash": "2696 / 15", "yeud": "שטח לבניין ציבורי", "taba": "2696 / 15", "gush_helka": "30171 / 71,157,173", "address": "ברניקי 69", "dunam": 0.62, "future_m2": "לא רלוונטי", "allowed_uses": "לפי הוראות תכנית המתאר", "ownership": null, "existing_built": "בית כנסת \"מגדל דוד בן ישי\"", "potential": "שטח מוצה", "recommendations": "השטח נמצא במיצוי מלא, לא מוצע להתערבות.", "position_source": "parcels_gush_helka", "_host_fids": [3961]}}, {"type": "Feature", "geometry": {"type": "Point", "coordinates": [35.201004, 31.756502]}, "properties": {"mkbz_id": 13.0, "name": "גנ\"י ברניקי (תכנון עתידי)", "sub": "גוננים א-ו", "allocation": "קרקע למבני ציבור", "status": "שבצ מאושר", "status_cat": "קיים", "migrash": "2696 / 13", "yeud": "שטח לבניין ציבורי", "taba": "2696 / 13", "gush_helka": "30171 / 98,134,158", "address": "ברניקי", "dunam": 0.63, "future_m2": "לא רלוונטי", "allowed_uses": "לפי הוראות תכנית המתאר", "ownership": "רשות מקומית", "existing_built": "שטח פתוח מוקף עצים", "potential": "3 כיתות גן, גישה סטטוטורית מברניקי (התקבל ממנח\"י)", "recommendations": "תכנית בינוי 472ב' אושרה.\nהיתר בנייה במערכת המקוונת.\nהערכת מימוש ראשונית לספט' 24.", "position_source": "parcels_gush_helka", "_host_fids": [3958]}}, {"type": "Feature", "geometry": {"type": "Point", "coordinates": [35.19976, 31.757129]}, "properties": {"mkbz_id": 14.0, "name": "גן משחקים", "sub": "גוננים א-ו", "allocation": "קרקע למבני ציבור", "status": "שבצ מאושר", "status_cat": "קיים", "migrash": "2696 / 23", "yeud": "שטח לבניין ציבורי", "taba": "2696 / 23", "gush_helka": "30171 / 110", "address": "ניקנור", "dunam": 1.15, "future_m2": "לא רלוונטי", "allowed_uses": "לפי הוראות תכנית המתאר", "ownership": "רשות מקומית", "existing_built": "גינה מפותחת עם מתקנים ומדשאה.", "potential": "לא מוצע עיבוי/שינוי תפקוד בשלב זה בעקבות צורך קיים ועתידי בשצ\"פ והתפקוד כגינה בפועל.", "recommendations": "במידה ויקודם מתחם צמוד, לבחון תהליך הסדרה סטטוטורי של השטח לשצ\"פ.\nצוות היועצים ממליץ לבחון קידום מתחם תכנון – לתמצית ההצעה של מתחם 3 לחצו כאן.\nלמתחם המלא ראו מצגת מתחמים מוצעים של צוות התכנון", "position_source": "parcels_gush_helka", "_host_fids": [4045]}}, {"type": "Feature", "geometry": {"type": "Point", "coordinates": [35.200026, 31.756998]}, "properties": {"mkbz_id": 15.0, "name": "גן משחקים", "sub": "גוננים א-ו", "allocation": "קרקע למבני ציבור", "status": "שבצ מאושר", "status_cat": "קיים", "migrash": "2696 / 23", "yeud": "שטח לבניין ציבורי", "taba": "2696 / 23", "gush_helka": "30171 / 56,151", "address": "ברניקי", "dunam": 0.58, "future_m2": "לא רלוונטי", "allowed_uses": "לפי הוראות תכנית המתאר", "ownership": "רשות מקומית", "existing_built": "בחלק הצפוני-מזרחי קיימת פלישה של חצרות/מחסנים  פרטיים.\nבחלק הצפוני-מערבי כלוא ע\"י גדרות.\nחלק דרומי- שטח פתוח עם עצים.", "potential": "ראו המלצות", "recommendations": "הצעה 1: לבחון אפשרות שילוב השטח בקו כחול של פינוי בינוי עם מבני מגורים צמודים ובאמצעות כך לנסות לייצר שטח משמועתי ואפקטיבי יותר (האם ומה נרצה לשמר מבחינת העמדת המגרשים/בינוי).\nהצעה 2: בחינה אדר' לאפשרות בניית טיפת חלב ו/או מועדון לקשיש (מצריך בחינת נגישות). אפשרות זו מותנית בהתערבות בפלישות. \nהצעה 3: צוות היועצים ממליץ לבחון קידום מתחם תכנון – לתמצית ההצעה של מתחם 3  ראו מצגת מתחמים מוצעים של צוות התכנון", "position_source": "parcels_gush_helka", "_host_fids": [3975]}}, {"type": "Feature", "geometry": {"type": "Point", "coordinates": [35.19854, 31.756878]}, "properties": {"mkbz_id": 16.0, "name": "מרכזיית בזק", "sub": "גוננים א-ו", "allocation": "קרקע למבני ציבור", "status": "שבצ שצפוי להיגרע בתכנון עתידי", "status_cat": "קיים_משתנה", "migrash": "2534\nחלק מתכנית 627463 פינוי בינוי", "yeud": "שטח למקומות מיוחדים – מוסד", "taba": "2534\nחלק מתכנית 627463 פינוי בינוי", "gush_helka": "30171 / 217,219", "address": "יעקב פת", "dunam": 2.62, "future_m2": "לא רלוונטי", "allowed_uses": "מרכזית טלפונים", "ownership": "מדינה", "existing_built": "מרכזיית בזק לשעבר, כיום בי\"ס חרדי \"יראת ה'\" (משהב\"ש) – עתיד לעבור לגבעת גונן (בשלבי היתר לבנייה), בחלק המזרחי חנייה לא מוסדרת", "potential": "מתחם לתכנון מחדש – מקודמת כעת יוזמה תכנונית ראשונית, תכנית 101-0833038. בחינת שילוב בי\"ס יסודי.", "recommendations": "הצעה 1: קידום תב\"ע חדשה למתחם במטרה:\n- לייצר גריד וייעוד ציבורי בראייה מתכללת עם תכנית התכניות שמקודמות מצפון ודרום.\nהקצאת שירותי ציבור בראייה מתכללת עם תכנית 101-0110510 המקודמת בתחנת הדלק הצמודה ממערב. הצוות העירוני אישר לנסות לשלב בי\"ס במתחם בזק (יתרון של שב\"צ ייעודי ולא הפרשה מבונה), ואילו בתכנית ממערב להקצות את השטחים לטובת שירותי תרבות וקהילה (ניצול מיטבי של מיקום על רק\"ל ובצמוד עמק הצבאים). בכל אופן, מומלץ שילוב בי\"ס אחד ב-2 התכניות.\nהצעה 2: צוות היועצים ממליץ לבחון קידום מתחם תכנון רחב יותר – לתמצית ההצעה של מתחם 3 לחצו כאן. למתחם המלא ראו מצגת מתחמים מוצעים של צוות התכנון.", "position_source": "parcels_gush_helka", "_host_fids": [8230, 8231]}}, {"type": "Feature", "geometry": {"type": "Point", "coordinates": [35.198555, 31.756432]}, "properties": {"mkbz_id": 17.0, "name": "בית כנסת שערי רחמים (חלק ממתחם \"בזק\")", "sub": "גוננים א-ו", "allocation": "קרקע למבני ציבור", "status": "שבצ שצפוי להיגרע בתכנון עתידי", "status_cat": "קיים_משתנה", "migrash": "3692 / 29 א", "yeud": "שטח לבניין ציבורי", "taba": "3692 / 29 א", "gush_helka": "30171 / 108", "address": "פת", "dunam": 0.33, "future_m2": "לא רלוונטי", "allowed_uses": "לפי הוראות תכנית המתאר ותכנית 2696", "ownership": null, "existing_built": "בית כנסת", "potential": "שטח מוצה. צוות היועצים ממליץ לבחון קידום מתחם תכנון רחב יותר – לתמצית ההצעה של מתחם 3 ראו מצגת מתחמים מוצעים של צוות התכנון.", "recommendations": "השטח נמצא במיצוי מלא ו לא מוצע לעיבוי או התערבות נקודתית. ניתן לבחון שילוב בתכנית של מתחם בזק או \nצוות היועצים ממליץ לבחון קידום מתחם תכנון רחב יותר.", "position_source": "parcels_gush_helka", "_host_fids": [5104]}}, {"type": "Feature", "geometry": {"type": "Point", "coordinates": [35.198778, 31.756437]}, "properties": {"mkbz_id": 18.0, "name": "בית כנסת בית אל עולי לוב (חלק ממתחם \"בזק\")", "sub": "גוננים א-ו", "allocation": "קרקע למבני ציבור", "status": "שבצ מאושר", "status_cat": "קיים", "migrash": "2696 / 29", "yeud": "שטח לבניין ציבורי", "taba": "2696 / 29", "gush_helka": "30171 / 204", "address": "ניקנור 3א", "dunam": 0.29, "future_m2": "לא רלוונטי", "allowed_uses": "לפי הוראות תכנית המתאר", "ownership": "רשות מקומית", "existing_built": "בית כנסת \"בית אל\"", "potential": "שטח מוצה. צוות היועצים ממליץ לבחון קידום מתחם תכנון רחב יותר – לתמצית ההצעה של מתחם 3 ראו מצגת מתחמים מוצעים של צוות התכנון.", "recommendations": "השטח נמצא במיצוי מלא. לא מוצע לעיבוי או התערבות נקודתית. ניתן לבחון שילוב בתכנית של מתחם בזק או \nצוות היועצים ממליץ לבחון קידום מתחם תכנון רחב יותר.", "position_source": "parcels_gush_helka", "_host_fids": [4043]}}, {"type": "Feature", "geometry": {"type": "Point", "coordinates": [35.203123, 31.756464]}, "properties": {"mkbz_id": 19.0, "name": "בית כנסת", "sub": "גוננים א-ו", "allocation": "קרקע למבני ציבור", "status": "שבצ מאושר", "status_cat": "קיים", "migrash": "2231 / 1", "yeud": "שטח לבניין ציבורי", "taba": "2231 / 1", "gush_helka": "30123 / 16", "address": "מכוור", "dunam": 0.74, "future_m2": "לא רלוונטי", "allowed_uses": "בית כנסת", "ownership": "רשות מקומית", "existing_built": "ריק", "potential": "בית כנסת (בלבד) לקראת ביצוע", "recommendations": "השטח בתכנון לביצוע בית כנסת, לא מוצע להתערבות נוספת.", "position_source": "parcels_gush_helka", "_host_fids": [3445]}}, {"type": "Feature", "geometry": {"type": "Point", "coordinates": [35.203218, 31.756055]}, "properties": {"mkbz_id": 20.0, "name": "גני הורקניה", "sub": "גוננים א-ו", "allocation": "קרקע למבני ציבור", "status": "שבצ מאושר", "status_cat": "קיים", "migrash": "2696 / 6", "yeud": "שטח לבניין ציבורי", "taba": "2696 / 6", "gush_helka": "30143 / 9,149,150", "address": "הורקניה/מכוור", "dunam": 0.91, "future_m2": "לא רלוונטי", "allowed_uses": "לפי הוראות תכנית המתאר", "ownership": "רשות מקומית", "existing_built": "חנייה ארעית (ריק)", "potential": "הצעה 1- 3 כיתות מעון יום (מעונות מכוור). \nהצעה 2-  הצעה מתחמית -  לתמצית ההצעה של מתחם 4 ראו מצגת מתחמים מוצעים של צוות התכנון.", "recommendations": "הצעה 1- בהתנגדויות תושבים וסבירות נמוכה שתקודם. בהתאם, מוצעת הצעת הצוות:\nהצעה 2- מוצע שינוי מיקום השב\"צ במסגרת ראייה מתחמית.\nצוות היועצים ממליץ לבחון קידום מתחם תכנון רחב יותר – לתמצית ההצעה של מתחם 4 לחצו כאן. למתחם המלא ראו מצגת מתחמים מוצעים של צוות התכנון. מוצע לשלב במתחם חדש 3 כיתות מעון ו-3 כיתות גן, וכן שירותי נוספים נדרשים בעת קידום היתר עתידי.", "position_source": "parcels_gush_helka", "_host_fids": [4000, 4241, 7093]}}, {"type": "Feature", "geometry": {"type": "Point", "coordinates": [35.205436, 31.755912]}, "properties": {"mkbz_id": 21.0, "name": "בית כנסת \"זכות אבות\"", "sub": "גוננים א-ו", "allocation": "קרקע למבני ציבור", "status": "שבצ מאושר", "status_cat": "קיים", "migrash": 2734, "yeud": "שטח לבניין ציבורי", "taba": 2734, "gush_helka": "30143 / 25", "address": "יוחנן בן זכאי", "dunam": 0.68, "future_m2": "לא רלוונטי", "allowed_uses": "לפי הוראות תכנית המתאר", "ownership": "רשות מקומית", "existing_built": "בית כנסת \"זכות אבות\"", "potential": "שטח מוצה", "recommendations": "השטח נמצא במיצוי מלא, לא מוצע להתערבות.", "position_source": "parcels_gush_helka", "_host_fids": [4074]}}, {"type": "Feature", "geometry": {"type": "Point", "coordinates": [35.205124, 31.755502]}, "properties": {"mkbz_id": 22.0, "name": "רחבה", "sub": "גוננים א-ו", "allocation": "קרקע למבני ציבור", "status": "שבצ מאושר", "status_cat": "קיים", "migrash": 2734, "yeud": "שטח לבניין ציבורי", "taba": 2734, "gush_helka": "30143 / 21", "address": "אליעזר הגדול", "dunam": 0.41, "future_m2": "לא רלוונטי", "allowed_uses": "לפי הוראות תכנית המתאר", "ownership": "רשות מקומית", "existing_built": "מבואה  / שביל (ריק)", "potential": "בנוי בחלקו.\nלבחון שמירה על אופי המצב הקיים.", "recommendations": "מדובר בשטח קטן, כלוא, המשמש כמבואה למבני המגורים. מוצע להסדיר כשצ\"פ.", "position_source": "parcels_gush_helka", "_host_fids": [4072]}}, {"type": "Feature", "geometry": {"type": "Point", "coordinates": [35.206242, 31.756597]}, "properties": {"mkbz_id": 23.0, "name": "גן ילדים", "sub": "גוננים א-ו", "allocation": "קרקע למבני ציבור", "status": "שבצ מאושר", "status_cat": "קיים", "migrash": 2734, "yeud": "שטח לבניין ציבורי", "taba": 2734, "gush_helka": "30143 / 93", "address": "יוחנן בן זכאי", "dunam": 0.36, "future_m2": "לא רלוונטי", "allowed_uses": "לפי הוראות תכנית המתאר", "ownership": "רשות מקומית", "existing_built": "2 כיתות גן (כיתה אחת \"גונן\" דתי (מס' נכס 6295)  לפי משהב\"ש והנכסים.", "potential": "חו\"ד מדיניות תכנון: 4 כיתות גן (פינוי בינוי + תוספת שצ\"פ בצפון להגדלת השטח)", "recommendations": "בהתאם לחו\"ד מדיניות תכנון, לבחון תכלול השטח יחד עם השצ\"פ הצפוני. בנוסף, לבחינה אדריכלית (בהתייחס גם לטופוגרפיה) לעיבוי השטח ו/או פינוי בינוי לאפשרות בינוי 3 כיתות מעון יום ו-2 כיתות גן. חשוב לשמור קישוריות מיוחנן בן זכאי לאנטיגונוס.מידע מאדר' הנוף - תכנית הרק\"ל מצמצמת את שטח השצ\"פ ומשאירה אפשרות לפינת ישיבה בלבד. המעלית שתוכננה כאן לא תהיה. לבחון השלכה על היתכנות מימוש עיבוי השטח.", "position_source": "parcels_gush_helka", "_host_fids": [3643]}}, {"type": "Feature", "geometry": {"type": "Point", "coordinates": [35.207186, 31.757557]}, "properties": {"mkbz_id": 24.0, "name": "בית ספר לאמנויות", "sub": "גוננים א-ו", "allocation": "קרקע למבני ציבור", "status": "שבצ מאושר", "status_cat": "קיים", "migrash": 1410, "yeud": "שטח לבניין ציבורי", "taba": 1410, "gush_helka": "30133 / 129", "address": "יוחנן בן זכאי", "dunam": 7.57, "future_m2": "לא רלוונטי", "allowed_uses": "בית ספר", "ownership": "רשות מקומית", "existing_built": "בית כנסת \"בית יעקב\" יביל(?) + בי\"ס על יסודי עלמא אמונה (אולפנא תורנית) (15 כיתות אם במצב הקיים, 2 כיתות מתפקדות כמקדמות), מגרש כדורסל, אולם ספורט +  2גני ילדים יבילים (?) בשטח של כ-785 מ\"ר.", "potential": "עיבוי בי\"ס ל-24 כיתות (תוספת 9 כיתות) + 4 כיתות גנ\"י חטיבה צעירה. להתייחס להפרשי טופוגרפיה (התקבל מהאסטרטגית/מנח\"י).", "recommendations": "מומלץ לבצע תכנון מתחמי חדש לפינוי בינוי. במצב זה, נוכל לבצע ייעול של כלל השטח תוך ניצול מיטבי של הטופוגרפיה.\n1. ככל ויקודם, יש לתאם מול מדיניות תכנון את הפונקציות הנדרשות.\n2. יש לקחת בחשבון מעבר מצרני של הרק\"ל ממערב למתחם בין רחובות בן זכאי לאנטיגונוס.", "position_source": "parcels_gush_helka", "_host_fids": [1575]}}, {"type": "Feature", "geometry": {"type": "Point", "coordinates": [35.208129, 31.756763]}, "properties": {"mkbz_id": 25.0, "name": "מרכז החדשנות + מגרש", "sub": "גוננים א-ו", "allocation": "קרקע למבני ציבור", "status": "שבצ מאושר", "status_cat": "קיים", "migrash": "2734 / 8", "yeud": "שטח לבניין ציבורי", "taba": "2734 / 8", "gush_helka": "30133 / 138", "address": "אנטיגונוס", "dunam": 2.55, "future_m2": "לא רלוונטי", "allowed_uses": "על פי תכנית מתאר", "ownership": null, "existing_built": "מערבית למגרש הכדורגל (בבית הברר) ממוקם מרכז לחדשנות JLM SPARK (מועדון חוגים רב תכליתי), מגרשי ספורט (בשימוש פעיל).", "potential": null, "recommendations": "שטח פעיל בעל חשיבות קהילתית, מוצע לשמר בשלב זה (נכון לעשור הקרוב. בראייה ארוכת טווח, לבחון פינוי למקום אחר במסגרת פינוי בינוי במעטפת)\nהערה: לבחון יצירת שדרה ירוקה במקום.", "position_source": "parcels_gush_helka", "_host_fids": [4067]}}, {"type": "Feature", "geometry": {"type": "Point", "coordinates": [35.208867, 31.758703]}, "properties": {"mkbz_id": 26.0, "name": "בן זכאי 27 (הקצאה)", "sub": "גוננים א-ו", "allocation": "קרקע למבני ציבור", "status": "שבצ מאושר", "status_cat": "קיים", "migrash": "1450, 2734 / 35", "yeud": "שטח לבניין ציבורי", "taba": "1450, 2734 / 35", "gush_helka": "30133 / 35,36", "address": "יוחנן בן זכאי", "dunam": 1.92, "future_m2": "לא רלוונטי", "allowed_uses": "1450 - בית כנסת\n2734 – על פי תכנית מתאר", "ownership": "מדינה", "existing_built": "חלקו הצפוני – חניה (ריק)_x000B_חלקו הדרומי בנוי – בית כנסת \"משכן שילה\"", "potential": "הוקצה לחב\"ד למבנה תכליתי – גני ילדים, בית כנסת קיים ומרכז פינגר לאוכלוסיות מיוחדות", "recommendations": "צוות היועצים ממליץ לבחון קידום מתחם תכנון רחב יותר – לתמצית ההצעה של מתחם 1 ראו מצגת מתחמים מוצעים של צוות התכנון. \nככל ותקודם תב\"ע למתחם, מוצע לבחון את ההקצאה לחב\"ד והאם נדרשת המשך הקצאה לשימושים השונים, ובהתאם האם לכלול או לא בתחום הקו הכחול העתידי.", "position_source": "parcels_gush_helka", "_host_fids": [980, 7517]}}, {"type": "Feature", "geometry": {"type": "Point", "coordinates": [35.208867, 31.758703]}, "properties": {"mkbz_id": 27.0, "name": "גן ילדים ע\"ש אדוארד וג'ויס לינדי", "sub": "גוננים א-ו", "allocation": "קרקע למבני ציבור", "status": "שבצ מאושר", "status_cat": "קיים", "migrash": "1337 / 45", "yeud": "שטח לבניין ציבורי", "taba": "1337 / 45", "gush_helka": "30133 / 35,36", "address": "אנטיגונוס", "dunam": 1.45, "future_m2": "לא רלוונטי", "allowed_uses": "גן ילדים", "ownership": "מדינה; רשות מקומית", "existing_built": "2 גני ילדים (ממלכתי וממ\"ד)", "potential": "שטח לא מנוצל בצורה מיטבית. ניתן בפינוי בינוי לבנות אשכול גנים.\nלבחון אפשרות לשלב מעונות יום ו/או טיפת חלב, בכפוף לשינוי השימושים המותרים.\nלהתייחס לשצ\"פ ולחניה עם אפשרות לקישוריות לשב\"צ 26.", "recommendations": "א. צוות היועצים ממליץ לבחון קידום מתחם תכנון רחב יותר – לתמצית ההצעה של מתחם 1 ראו מצגת מתחמים מוצעים של צוות התכנון. המטרה לייצר ייעול בהיקף השטח החום + גריד והליכתיות טובים יותר. לבחון בראייה מרקמית. \nב. תיקון תבע להוספת שימושים נוספים ופינוי בינוי לתוספת מעונות יום/גני ילדים/טיפת חלב.\nג. עיבוי השטח מ-2 כיתות גן לכ-5-6 כיתות.", "position_source": "parcels_gush_helka", "_host_fids": [980, 7517]}}, {"type": "Feature", "geometry": {"type": "Point", "coordinates": [35.211328, 31.758109]}, "properties": {"mkbz_id": 28.0, "name": "בית כנסת משכן משה", "sub": "גוננים א-ו", "allocation": "קרקע למבני ציבור", "status": "שבצ מאושר", "status_cat": "קיים", "migrash": "8433 / 1", "yeud": "מבנים ומוסדות דת", "taba": "8433 / 1", "gush_helka": "30173 / 211", "address": "מעגלי יבנה", "dunam": 0.74, "future_m2": "לא רלוונטי", "allowed_uses": "בית כנסת", "ownership": "מדינה", "existing_built": "2 בתי כנסת (\"אוהל מועד\" ו-\"משכן משה\")", "potential": "שטח מוצה", "recommendations": "השטח נמצא במיצוי מלא, לא מוצע להתערבות.", "position_source": "parcels_gush_helka"}}, {"type": "Feature", "geometry": {"type": "Point", "coordinates": [35.210381, 31.757563]}, "properties": {"mkbz_id": 29.0, "name": "בית כנסת + מגרש חניה", "sub": "גוננים א-ו", "allocation": "קרקע למבני ציבור", "status": "שבצ מאושר", "status_cat": "קיים", "migrash": "1089 / 114\n1345 / 4, \n1345א / 2", "yeud": "שטח לבניין ציבורי", "taba": "1089 / 114\n1345 / 4, \n1345א / 2", "gush_helka": "30173 / 114,115,243", "address": "רשב\"ג", "dunam": 1.02, "future_m2": "לא רלוונטי", "allowed_uses": "שטח לבתי כנסת (תאי שטח 114+4), והשלמה למבנה ציבור (תא שטח 2).", "ownership": "מדינה; רשות מקומית", "existing_built": "במגרש הצפוני בית כנסת \"רמה\" \nהמגרש הדרומי ריק + חניה/פלישות", "potential": "מוצה/לא ניתן לקדם במצב מאושר", "recommendations": "השב\"צ הצפוני מוצה, ואילו הדרומי מהווה גישה לדרך פנימית/חניה על שטח שצ\"פ ובשלב זה נראה כי לא ניתן להשמיש את השב\"צ ללא תב\"ע וראייה מתחמית.\nמומלץ להכליל בתב\"ע שתקודם בצמוד ולנסות לקבל שטח משמעותי ואפקטיבי יותר.", "position_source": "parcels_gush_helka", "_host_fids": [798, 1380, 1555]}}, {"type": "Feature", "geometry": {"type": "Point", "coordinates": [35.209838, 31.756763]}, "properties": {"mkbz_id": 30.0, "name": "בתי כנסת", "sub": "גוננים א-ו", "allocation": "קרקע למבני ציבור", "status": "שבצ מאושר", "status_cat": "קיים", "migrash": "1089 / 1,2", "yeud": "שטח לבניין ציבורי", "taba": "1089 / 1,2", "gush_helka": "30173 / 32,112", "address": "האמוראים", "dunam": 1.12, "future_m2": "לא רלוונטי", "allowed_uses": "בית כנסת", "ownership": "מדינה", "existing_built": "2 בתי כנסת", "potential": "שטח מוצה", "recommendations": "השטח נמצא במיצוי מלא, לא מוצע להתערבות.", "position_source": "parcels_gush_helka", "_host_fids": [796, 797]}}, {"type": "Feature", "geometry": {"type": "Point", "coordinates": [35.210408, 31.755638]}, "properties": {"mkbz_id": 31.0, "name": "מגרש חניה/עפר (שב\"צ לגריעה)", "sub": "גוננים א-ו", "allocation": "קרקע למבני ציבור", "status": "שבצ שצפוי להיגרע בתכנון עתידי", "status_cat": "קיים_משתנה", "migrash": "2054 / 1, 2210 / 2, 2983 / 4", "yeud": "שטח לבניין ציבורי", "taba": "2054 / 1, 2210 / 2, 2983 / 4", "gush_helka": "30173 / 238", "address": "נהוראי", "dunam": 23.06, "future_m2": "לא רלוונטי", "allowed_uses": "גני ילדים (ע\"פ 2054 ו-2210 יוקם במגרש מאוחד של שני המגרשים (1 – צפוני, 2 – מזרחי) גן ילדים בן 4 כיתות. במגרש 4 (דרומי) יחולו הוראות לפי 2210.", "ownership": "מעורב", "existing_built": "דרך/חניה (ריק)", "potential": "לגריעה מהשטח הקיים והקצאת שטח גדול יותר במסגרת תכנית מעגלי יבנה.\nבמידה והתכנית לא תאושר, ניתן לבחון שילוב בית ספר 12 כיתות (במידה ויצורף שטח מתכנית התחדשות עירונית), במידה ולא תקודם, 8 כיתות גן ילדים על השטח הנתון.", "recommendations": "לבחון שימוש זמני בשטח בתהליך שיתוף ציבור ולעקוב אחר תחזית שנת מימוש התכנית.", "position_source": "parcels_gush_helka", "_host_fids": [3106, 3440, 3441, 4703]}}, {"type": "Feature", "geometry": {"type": "Point", "coordinates": [35.208548, 31.755542]}, "properties": {"mkbz_id": 32.0, "name": "מרכז מת\"נ", "sub": "גוננים א-ו", "allocation": "קרקע למבני ציבור", "status": "שבצ מאושר", "status_cat": "קיים", "migrash": "1134ב / 1,2", "yeud": "שטח לבניין ציבורי", "taba": "1134ב / 1,2", "gush_helka": "30173 / 244,245", "address": "רשב\"ג 30", "dunam": 1.47, "future_m2": "לא רלוונטי", "allowed_uses": "מגרש 1 – בית כנסת ומקלט ציבורי\nמגרש 2 – מעון יום, מועדון שכונתי, מרכז הדרכה לעבודה קהילתית", "ownership": "רשות מקומית", "existing_built": "מכון/מרכז תורני לנשים ירושלים על שם \"שרה רעננערט\" (משהב\"ש) + שני בתי כנסת  + מועדון נוער", "potential": null, "recommendations": "שטח מוצה. במידה ויהיה פיתוח, לנסות להרחיב את שביל המעבר מדרום מזרח-לצפון מערב.", "position_source": "parcels_gush_helka", "_host_fids": [903, 904]}}, {"type": "Feature", "geometry": {"type": "Point", "coordinates": [35.20633, 31.754787]}, "properties": {"mkbz_id": 33.0, "name": "מתחם \"פלא\"", "sub": "גוננים א-ו", "allocation": "קרקע למבני ציבור", "status": "שבצ מאושר", "status_cat": "קיים", "migrash": "1784ד / 1,2,3,4", "yeud": "שטח לבניין ציבורי", "taba": "1784ד / 1,2,3,4", "gush_helka": "30143 / 211,212,213,214", "address": "אלעזר הגדול", "dunam": 13.89, "future_m2": "לא רלוונטי", "allowed_uses": "לפי הוראות תכנית המתאר\nבית ספר (מגרש 1 – קיים), בית כנסת (מגרש 2 – קיים), בנין ציבורי (מגרש 3), מרכז לקשיש (מגרש 4)", "ownership": "רשות מקומית", "existing_built": "מרכז תברואה (לקראת פינוי); בי\"ס חינ\"מ חרדי \"הבן יקיר לי\" (8) (פונה מהשכונה), ביה\"ס יסודי ממ\"ד יונתן זקס (עובר למשתלה)  2 בתי כנסת (\"כתר תורה\", \"בית יוסף, , בית אבות, מקווה \"קטמון ו", "potential": "הריסה ובניה של 2 בתי ספר – פלא יסודי מכיל  (18 כיתות) + חדש עי\"ס גוננים (12 כיתות) + אולם ספורט\nקיים - בית כנסת, בית אבות.", "recommendations": "1. פינוי בי\"ס הבן יקיר לי – הושלם\n2. פינוי בי\"ס יונתן זקס למתחם המשתלה יושלם בשנת 2025 עם השלמת בניית בי\"ס.\n3. הריסה של הבן יקיר לי + תדהר + מתחם תברואה ובנייה של 2 בי\"ס (מכיל פלא ל-2024 וגוננים עי\"ס ל-2027 – מצריך קידום תב\"ע)\nקיימת חלופה לשילוב תנועת נוער בבי\"ס עי\"ס.", "position_source": "parcels_gush_helka", "_host_fids": [2236, 2237, 2238, 2243]}}, {"type": "Feature", "geometry": {"type": "Point", "coordinates": [35.20436, 31.753831]}, "properties": {"mkbz_id": 34.0, "name": "מתחם דנמרק", "sub": "גוננים א-ו", "allocation": "קרקע למבני ציבור", "status": "שבצ מאושר", "status_cat": "קיים", "migrash": "0989ב / 2 \n1365 / 1א,1ב,1ג, 70, 72, 74 \n1365א / 1, 2\n101-0181933 / 2\n8834א / 168\n4618 / 2", "yeud": "שטח לבניין ציבורי", "taba": "0989ב / 2 \n1365 / 1א,1ב,1ג, 70, 72, 74 \n1365א / 1, 2\n101-0181933 / 2\n8834א / 168\n4618 / 2", "gush_helka": "30143 / 136, 146, 165, 166, 167, 170, 186, 189, 201, 218, 219", "address": "אלעזר הגדול", "dunam": 55.86, "future_m2": "לא רלוונטי", "allowed_uses": "בתב\"ע מאושרת (יש חדשה בתכנון):\n1365 – בית ספר מקיף, מגרש לבית ספר ( 74), מגרש אם וילד (72)\n1365א – לפי הוראות תכנית המתאר, ליד התחנה לטיפול באם ובילד יוקם מרכז קהילתי, בן 2 קומות. (מתייחס למגרש 72 בתכנית 1365)\n8834א – על פי הוראות תכנית 1365 + 8834. שטח לביה\"ס, כולל אולם ספורט ושטחי ספורט פתוחים, עד 3 קומות (מתייחס לשטח הדרומי במתחם)\n4618 – שטח להקמת בית כנסת", "ownership": "רשות מקומית; מעורב", "existing_built": "מתחם דנמרק - בי\"ס על יסודי דנמרק (24), בי\"ס על יסודי רעות (שחרית) (12), מעון יום (3), טיפת חלב + תוספת מרכז לגיל הרך, ספריה עירונית, מרכז גוננים למוסיקה ומחול, מרכז לאומנויות ג'ינוגלי; אולם ספורט, מרכז פיס קהילתי, מרכז לקשיש הופמן\nמתחם קשת - בי\"ס עי\"ס קשת (15) + בי\"ס יסודי קשת (18) (סה\"כ 33 כיתות)", "potential": "מתחם דנמרק:\nשלב א'- תיכון חדש (דנמרק/ שחרית) - 30 כיתות.\nאפשרות לבניית מנהל קהילתי 1500 מ\"ר ב-4 קומות, עדיפות ביצועית לבנייה בשלב ב'.\nשלב ב'- הריסת מבנה בי\"ס רעות_x000B_ובינוי 6 כיתות גן, 6 כיתות מעון, לשכת רווחה 1,750 מ\"ר, שירותי קהילה 150 מ\"ר, תנועות נוער 300 מ\"ר (מענה ל\"בני עקיבא\" שנמצא זמנית במתחם אילנות), בית כנסת 500 מ\"ר, טיפת חלב ומרכז לגיל הרך.\nשלב ג'- הריסת  טיפת חלב + מעונות (רווחה) ובניית בי\"ס יסודי חדש דנמרק 18 כיתות (ואולם ספורט אופציונלי על הגג).\n*אפשרויות נוספות: תוספת אולם ספורט, הרחבת ספריה ומרכז המוזיקה, אולם אודיטוריום.\nמתחם קשת:\nעיבוי על יסודי לתוספת 9 כיתות, סה\"כ", "recommendations": "מוצע להתקדם את השלבים המוצעים למעלה באופן עקרוני. כמו-כן, מאחר ומדובר במתחם שכונתי/אזורי משמעותי, מוצע לשלב בעיקר שירותי ציבור הצורכים שטח רב ו/או משמשמים קהל רב, ושקול בזהירות שילוב של מעונות היום וגני הילדים במתחם זה, שכן את אלו עדיף לפזר מרחבית במתחמים קטנים והפרשות מבונות.", "position_source": "parcels_gush_helka", "_host_fids": [106, 1797, 1798, 1799, 1800, 1801, 1804, 1805, 2849, 6234, 7702]}}, {"type": "Feature", "geometry": {"type": "Point", "coordinates": [35.201517, 31.755282]}, "properties": {"mkbz_id": 35.0, "name": "אלכסנדריון", "sub": "גוננים א-ו", "allocation": "קרקע למבני ציבור", "status": "שבצ מאושר", "status_cat": "קיים", "migrash": "1666 / 72", "yeud": "שטח לבניין ציבורי", "taba": "1666 / 72", "gush_helka": "30172 / 35", "address": "יהודה הנשיא", "dunam": 0.81, "future_m2": "לא רלוונטי", "allowed_uses": "בית כנסת", "ownership": "מדינה", "existing_built": "גינה ציבורית פעילה", "potential": "שצ\"פ. לבחון אם קיימת המלצה בתכנית האב להסבה לגינה ציבורית.", "recommendations": "בהתאם למחסור בשצ\"פ האפשרי בשכונה, ובראייה מרחבית, מוצע להסדיר כשצ\"פ בפועל", "position_source": "parcels_gush_helka", "_host_fids": [2371]}}, {"type": "Feature", "geometry": {"type": "Point", "coordinates": [35.201066, 31.754733]}, "properties": {"mkbz_id": 36.0, "name": "בית כנסת משכן יעקב", "sub": "גוננים א-ו", "allocation": "קרקע למבני ציבור", "status": "שבצ מאושר", "status_cat": "קיים", "migrash": "2555 / 1", "yeud": "שטח לבניין ציבורי", "taba": "2555 / 1", "gush_helka": "30712 / 129", "address": "אלעזר בן יאיר", "dunam": 0.42, "future_m2": "לא רלוונטי", "allowed_uses": "לפי הוראות תכנית המתאר\nתתאפשר הרחבת הצריף של \"אור חיים\" בתנאי שישאר מבנה זמני", "ownership": "מדינה", "existing_built": "2 בתי כנסת (\"אור החיים\", \"משכן יעקב\")", "potential": "שטח מוצה", "recommendations": "השטח נמצא במיצוי מלא, לא מוצע להתערבות.", "position_source": "taba_migrash"}}, {"type": "Feature", "geometry": {"type": "Point", "coordinates": [35.200218, 31.755691]}, "properties": {"mkbz_id": 37.0, "name": "קנאי הגליל (תב\"ע)", "sub": "גוננים א-ו", "allocation": "קרקע למבני ציבור", "status": "שבצ מאושר", "status_cat": "קיים", "migrash": "1850א / 72_x000B_לעדכן מס' תכנית – לקראת דיון בהפקדה", "yeud": "שטח לבניין ציבורי", "taba": "1850א / 72_x000B_לעדכן מס' תכנית – לקראת דיון בהפקדה", "gush_helka": "30172 / 14", "address": "קנאי הגליל 3", "dunam": 1.43, "future_m2": "לא רלוונטי", "allowed_uses": "מעבדה לתרופות ומחסנים", "ownership": "מדינה", "existing_built": "ריק", "potential": "בית כנסת, גני ילדים – 3 כיתות, 1,050 מ\"ר לשימושי חברה, קהילה ורווחה", "recommendations": "ככל ולא ניתן לקדם עם חניון מסיבות כלכליות של חוסר מימון, מוצע לקדם את התכנית ללא חניון תת קרקעי.", "position_source": "parcels_gush_helka", "_host_fids": [760]}}, {"type": "Feature", "geometry": {"type": "Point", "coordinates": [35.199522, 31.755768]}, "properties": {"mkbz_id": 38.0, "name": "ניתאי הארבלי 7 (גן ילדים)", "sub": "גוננים א-ו", "allocation": "קרקע למבני ציבור", "status": "שבצ מאושר", "status_cat": "קיים", "migrash": "1871 / 72", "yeud": "שטח לבניין ציבורי", "taba": "1871 / 72", "gush_helka": "30172 / 5", "address": "ניתאי הארבלי 7", "dunam": 0.77, "future_m2": "לא רלוונטי", "allowed_uses": "•בהתאם לתכנית הבניין המצורפת (לא צורפה התכנית למסמכים)", "ownership": "מדינה", "existing_built": "מעון יום נעמת (מה מצב המבנה?)", "potential": null, "recommendations": "שטח במיצוי גבוה ובהתאם לא מוצע פוטנציאל נוסף בשלב זה (ככל ותהיה התחדשות עירונית במעטפת בעשורים הבאים, יש לשקול שילוב בקו הכחול והצבה שלו בצמוד לדרך/רק\"ל).", "position_source": "taba_migrash"}}, {"type": "Feature", "geometry": {"type": "Point", "coordinates": [35.203001, 31.75127]}, "properties": {"mkbz_id": 39.0, "name": "פלישות", "sub": "גוננים א-ו", "allocation": "קרקע למבני ציבור", "status": "שבצ מאושר", "status_cat": "קיים", "migrash": "2961 / ה", "yeud": "שטח לבניין ציבורי", "taba": "2961 / ה", "gush_helka": "30144 / 172", "address": "פת", "dunam": 0.75, "future_m2": "לא רלוונטי", "allowed_uses": "לפי הוראות תכנית המתאר\nתותר בניה רב תכליתית ושילוב מס' פונקציות במבנה אחד", "ownership": "רשות מקומית", "existing_built": "פלישות, לא משמש כשב\"צ בפועל.", "potential": "פוטנציאל מימוש השטח במצב הקיים נמוך, ומומלץ לשלב את השטח בתב\"ע חדשה באזור בכדי ליישם אותו, ובהתאם לאפשר לייעל/לעבות ולשלב אותו עם שטחי ציבור נוספים אחרים.", "recommendations": "בשטח השב\"צ מקודמת תכנית 1115450 בין רחוב פת לקנאי הגליל המקצה שב\"צ גדול יותר בשטח של 1.2 דונם. מוצע לבחון: \nהרחבה של הקו הכחול מזרחה (חלקות 166-169, 173, 174, 162, 163, 157, 155) והצמדת השב\"צ לשצ\"פ בחלקה 174 לצורך יצירת שטח ציבורי משמעותי יותר (שיתפקד כשצ\"פ או שב\"צ, להחלטת מדיניות תכנון).\nבמידה וסעיף 1 לא מתאפשר, מוצע לבחון שילוב אשכול מעון יום עם מינימום 3 כיתות ומעליו שטח לבית כנסת, שירותי קהילה ורווחה.", "position_source": "parcels_gush_helka", "_host_fids": [4148]}}, {"type": "Feature", "geometry": {"type": "Point", "coordinates": [35.204845, 31.7512]}, "properties": {"mkbz_id": 40.0, "name": "גני בן דוסא", "sub": "גוננים א-ו", "allocation": "קרקע למבני ציבור", "status": "שבצ מאושר", "status_cat": "קיים", "migrash": "4355 / 1", "yeud": "שטח לבניין ציבורי", "taba": "4355 / 1", "gush_helka": "30143 / 82,84,126,174", "address": "בן דוסא", "dunam": 2.93, "future_m2": "לא רלוונטי", "allowed_uses": "לפי הוראות תכנית המתאר \nמעון יום /גן ילדים / בי\"ס לחינוך מיוחד", "ownership": "מדינה", "existing_built": "8 כיתות גנ\"י", "potential": "שטח במיצוי גבוה ובהתאם לא מוצע פוטנציאל נוסף בשלב זה.", "recommendations": "היקף שטח משמעותי המנוצל בשלב זה בצורה טובה. במידה ויחול תכנון ממזרח לו, לשקול תכנון מתחמי רחב להגדלת השב\"צ והגדלת זכויות בניה לעירוב שימושים נוספים.", "position_source": "parcels_gush_helka", "_host_fids": [5784]}}, {"type": "Feature", "geometry": {"type": "Point", "coordinates": [35.206813, 31.755681]}, "properties": {"mkbz_id": 41.0, "name": "תבע 62 בית כנסת", "sub": "גוננים א-ו", "allocation": "קרקע למבני ציבור", "status": "שבצ מאושר", "status_cat": "קיים", "migrash": "תב\"ע 62\nבחלקה אושרה תרש\"ץ מס' 5/14/4 שקבעה את השטח כאזור לבנייני ציבור (יודגש כי תרש\"ץ לא קובעת יעודים והוראות בינוי)", "yeud": "מבנים ומוסדות ציבור", "taba": "תב\"ע 62\nבחלקה אושרה תרש\"ץ מס' 5/14/4 שקבעה את השטח כאזור לבנייני ציבור (יודגש כי תרש\"ץ לא קובעת יעודים והוראות בינוי)", "gush_helka": "30133 / 110", "address": "יוסי בן יועזר 30", "dunam": 0.4, "future_m2": "לא רלוונטי", "allowed_uses": "לפי הוראות תכנית המתאר", "ownership": "רשות מקומית", "existing_built": "בית כנסת\"אור ישרים\" (נעס מס' 5236 במידע הממוחשב של מחלקת נכסים)", "potential": null, "recommendations": "השטח נמצא במיצוי מלא, לא מוצע להתערבות.", "position_source": "parcels_gush_helka"}}, {"type": "Feature", "geometry": {"type": "Point", "coordinates": [35.207251, 31.756132]}, "properties": {"mkbz_id": 42.0, "name": "תבע 62 דרך", "sub": "גוננים א-ו", "allocation": "קרקע למבני ציבור", "status": "שבצ מאושר", "status_cat": "קיים", "migrash": "תב\"ע 62\nבחלקה אושרה תרש\"ץ מס' 5/14/4 שקבעה את השטח כאזור מגורים 2 קומות להשלמה (יודגש כי תרש\"ץ לא קובעת יעודים והוראות בינוי)", "yeud": "מבנים ומוסדות ציבור", "taba": "תב\"ע 62\nבחלקה אושרה תרש\"ץ מס' 5/14/4 שקבעה את השטח כאזור מגורים 2 קומות להשלמה (יודגש כי תרש\"ץ לא קובעת יעודים והוראות בינוי)", "gush_helka": "30133 / 108", "address": "יוסי בן יועזר", "dunam": 0.17, "future_m2": "לא רלוונטי", "allowed_uses": "לפי הוראות תכנית המתאר", "ownership": "מדינה", "existing_built": "אין בינוי. שביל הליכה", "potential": null, "recommendations": "שטח קטן, להסדיר כשצ\"פ/שביל או יעוד אחר בהתאם לתכנון עתידי של האזור.", "position_source": "parcels_gush_helka"}}, {"type": "Feature", "geometry": {"type": "Point", "coordinates": [35.20934, 31.756325]}, "properties": {"mkbz_id": 43.0, "name": "מגרש חניה ומבנה", "sub": "גוננים א-ו", "allocation": "קרקע למבני ציבור", "status": "שבצ מאושר", "status_cat": "קיים", "migrash": "תב\"ע 62", "yeud": "מבנים ומוסדות ציבור", "taba": "תב\"ע 62", "gush_helka": "30173 / 25", "address": "יוסי בן יועזר", "dunam": 0.82, "future_m2": "לא רלוונטי", "allowed_uses": "לפי הוראות תכנית המתאר", "ownership": "מדינה", "existing_built": "מנכסים: מקלט ציבורי (מס' נכס 4101)\nמבדיקה בשטח, קיים בית פרטי + פעוטון, כניסה למקלט מהפינה המזרחית.", "potential": "יש לבחון לאחר אישרור הבינוי הקיים במתחם.\nבמצב תיאורטי לפי גודל השטח, ניתן לייצר מועדון לקשיש, שירותי חינוך, טיפת חלב ועוד.", "recommendations": "לפנות את הפלישות ובינוי פונקציות ציבוריות נדרשות בתיאום מחלקת מדיניות תכנון (מועדון לקשיש, טיפת חלב, שירותי חינוך ועוד).\nלשלב במסגרת פינוי בינוי במעטפת בתיאום עם מחלקת מדיניות תכנון לבחינת שטח ציבורי לתמורה ופונקציות נדרשות לשילוב.", "position_source": "parcels_gush_helka"}}, {"type": "Feature", "geometry": {"type": "Point", "coordinates": [35.207079, 31.759221]}, "properties": {"mkbz_id": 55.0, "name": "שטח ריק במתחם משתלת חוות הנוער הציוני", "sub": "גוננים א-ו", "allocation": "קרקע למבני ציבור", "status": "שבצ מאושר", "status_cat": "קיים", "migrash": "101-0250563 / 4", "yeud": "מבנים ומוסדות ציבור", "taba": "101-0250563 / 4", "gush_helka": "30123 / 112", "address": "מעלה זאב", "dunam": 3.52, "future_m2": "לא רלוונטי", "allowed_uses": "בית כנסת, בית ספר, גני ילדים, מעונות יום, מרכז קהילתי, מבנים ומתקנים לפעילויות ספורט. לא יותרו שימושים ציבוריים המסתמכים באופן יומי על אוטובוסים, אין מניעה לשימושים ציבוריים המסתמכים על רכבי הסעות", "ownership": "רשות מקומית", "existing_built": "ריק", "potential": "בי\"ס 18 כיתות + 3 כיתות מעון יום", "recommendations": "בי\"ס 18 כיתות יונתן זקס חוקר יוצר (עובר ממתחם פלא) + אולם ספורט קטן + 3 כיתות מעון יום", "position_source": "parcels_gush_helka", "_host_fids": [3412]}}, {"type": "Feature", "geometry": {"type": "Point", "coordinates": [35.205926, 31.75814]}, "properties": {"mkbz_id": 56.0, "name": "בית כנסת שמעון הצדיק במתחם משתלת חוות הנוער הציוני", "sub": "גוננים א-ו", "allocation": "קרקע למבני ציבור", "status": "שבצ מאושר", "status_cat": "קיים", "migrash": "101-0250563 / 5", "yeud": "מבנים ומוסדות ציבור", "taba": "101-0250563 / 5", "gush_helka": "30123 / 113", "address": "בן בבא", "dunam": 0.96, "future_m2": "לא רלוונטי", "allowed_uses": "בית כנסת, בית ספר, גני ילדים, מעונות יום, מרכז קהילתי, מבנים ומתקנים לפעילויות ספורט.", "ownership": "רשות מקומית", "existing_built": "בית כנסת", "potential": "נספח בינוי מנחה", "recommendations": "השטח נמצא במיצוי מלא, לא מוצע להתערבות.", "position_source": "parcels_gush_helka", "_host_fids": [3413]}}, {"type": "Feature", "geometry": {"type": "Point", "coordinates": [35.208142, 31.757928]}, "properties": {"mkbz_id": 57.0, "name": "פינוי בינוי אנטיגנוס 14", "sub": "גוננים א-ו", "allocation": "הפרשה למבני ציבור בעירוב שימושים", "status": "הפרשה עתידית למבצ", "status_cat": "עתידי_הפרשה", "migrash": "101-0515635 / 1", "yeud": "מגורים ומבנים ומוסדות ציבור", "taba": "101-0515635 / 1", "gush_helka": "30133 / 131", "address": "אנטיגונוס 14", "dunam": 3.73, "future_m2": "הפרשה מבונה לצרכי ציבור– 230 מ\"ר\n(עיקרי – 203 מ\"ר, שירות 27 מ\"ר)", "allowed_uses": "גן ילדים כהפרשה מבונה\nדירה לעולים או אנשים עם מוגבלות", "ownership": null, "existing_built": null, "potential": "100 מ\"ר דירת קלט + 130 מ\"ר גן ילדים", "recommendations": "הקצאת דירת קלט אחת לעולים או לבעלי מוגבלויות וגן ילדים – בהתאם לשימושים המוצעים בתכנית", "position_source": "parcels_gush_helka", "_host_oids": [108463]}}, {"type": "Feature", "geometry": {"type": "Point", "coordinates": [35.198923, 31.756311]}, "properties": {"mkbz_id": 58.0, "name": "הריסת מבנה והקמת בנין חדש, מגורים ומסחר", "sub": "גוננים א-ו", "allocation": "הפרשה למבני ציבור בעירוב שימושים", "status": "הפרשה עתידית למבצ", "status_cat": "עתידי_הפרשה", "migrash": "101-0862904 / 1", "yeud": "מגורים ומסחר", "taba": "101-0862904 / 1", "gush_helka": "30171 / 203", "address": "יהודה הנשיא 1", "dunam": 0.94, "future_m2": 101, "allowed_uses": "2 יח\"ד ציבוריות בלבד", "ownership": "מדינה", "existing_built": "הפרשה מבונה לצרכי ציבור– 101 מ\"ר", "potential": "2 יח\"ד ציבוריות בלבד", "recommendations": "הערה: יש לוודא קבלת 2 יח\"ד ציבוריות כפי שאושר בהוראות התכנית.", "position_source": "parcels_gush_helka"}}, {"type": "Feature", "geometry": {"type": "Point", "coordinates": [35.199091, 31.755862]}, "properties": {"mkbz_id": 59.0, "name": "הרחבת בנין מאושר, 34 יח\"ד ומסחר", "sub": "גוננים א-ו", "allocation": "הפרשה למבני ציבור בעירוב שימושים", "status": "הפרשה עתידית למבצ", "status_cat": "עתידי_הפרשה", "migrash": "101-0912337 / 1", "yeud": "מגורים ומסחר", "taba": "101-0912337 / 1", "gush_helka": "30172 / 198", "address": "יהודה הנשיא 2", "dunam": 0.72, "future_m2": "הפרשה מבונה לצרכי ציבור – 150 מ\"ר", "allowed_uses": "צרכי קהילה עבור אנשים עם מוגבלויות", "ownership": "פרטית", "existing_built": null, "potential": "נספח בינוי מנחה – 2 יח\"ד ציבוריות", "recommendations": "2 יח\"ד ציבוריות  - בהתאם לשימושים במוצעים בתכנית ולנספח הבינוי המנחה", "position_source": "parcels_gush_helka"}}, {"type": "Feature", "geometry": {"type": "Point", "coordinates": [35.213302, 31.758707]}, "properties": {"mkbz_id": 60.0, "name": "התחדשות עירונית במעגלי יבנה", "sub": "גוננים א-ו", "allocation": "הפרשה למבני ציבור בעירוב שימושים", "status": "הפרשה עתידית למבצ", "status_cat": "עתידי_הפרשה", "migrash": "101-0836809 / 7", "yeud": "מגורים, תעסוקה ותיירות", "taba": "101-0836809 / 7", "gush_helka": "30198 / 1,2,3,11,12", "address": "מעגלי יבנה", "dunam": 2.87, "future_m2": "הפרשה מבונה לצרכי ציבור - 260 מ\"ר (230 עיקרי + 30 שירות) בקומת הקרקע לפי נספח בינוי", "allowed_uses": "חינוך, גני ילדים, מעונות, בתי כנסת", "ownership": "פרטית; רשות מקומית", "existing_built": null, "potential": "2 כיתות גני ילדים\nנספח הבינוי מנחה", "recommendations": "2 כיתות גני ילדים – בהתאם למוצע בתכנית\nהצעה: לבחון אפשרות להרחבת הגנים לגודל תקני של 260 מ\"ר עיקרי. (כרגע 230 מ\"ר).", "position_source": "parcels_gush_helka"}}, {"type": "Feature", "geometry": {"type": "Point", "coordinates": [35.213169, 31.758457]}, "properties": {"mkbz_id": 61.0, "name": "התחדשות עירונית במעגלי יבנה", "sub": "גוננים א-ו", "allocation": "הפרשה למבני ציבור בעירוב שימושים", "status": "הפרשה עתידית למבצ", "status_cat": "עתידי_הפרשה", "migrash": "101-0836809 / 6", "yeud": "מגורים ד'", "taba": "101-0836809 / 6", "gush_helka": "30198 / 3,4,5,11,15,16", "address": "מעגלי יבנה", "dunam": null, "future_m2": "הפרשה מבונה לצרכי ציבור, עיקרי: 410 שרות: 30", "allowed_uses": "צרכי חינוך, גני ילדים, מעונות יום, ובתי כנסת", "ownership": null, "existing_built": null, "potential": "3 כיתות מעון יום\nנספח הבינוי מנחה\n*בשטח קיימות 2 כיתות גן לגריעה", "recommendations": "3 כיתות מעון יום - בהתאם למוצע בתכנית\nהצעה: לבחון אפשרות להרחבת המעונות לגודל תקני של 440 מ\"ר עיקרי. (כרגע 410 מ\"ר).", "position_source": "parcels_gush_helka"}}, {"type": "Feature", "geometry": {"type": "Point", "coordinates": [35.212283, 31.758231]}, "properties": {"mkbz_id": 62.0, "name": "התחדשות עירונית במעגלי יבנה", "sub": "גוננים א-ו", "allocation": "הפרשה למבני ציבור בעירוב שימושים", "status": "הפרשה עתידית למבצ", "status_cat": "עתידי_הפרשה", "migrash": "101-0836809 / 5", "yeud": "מגורים ד'", "taba": "101-0836809 / 5", "gush_helka": "30173 / 149,150,151,163", "address": "מעגלי יבנה", "dunam": null, "future_m2": "הפרשה מבונה לצרכי ציבור, עיקרי: 755 מ\"ר שרות: 40 מ\"ר", "allowed_uses": "צרכי חינוך, גני ילדים, מעונות יום, ובתי כנסת", "ownership": "פרטית", "existing_built": null, "potential": "נספח הבינוי מנחה - 3 כיתות מעון יום ו-355 מ\"ר בית כנסת", "recommendations": "3 כיתות מעון יום ו-355 מ\"ר בית כנסת - בהתאם למוצע בתכנית\nהצעה: לבחון אפשרות להרחבת המעונות לגודל תקני של 440 מ\"ר עיקרי. (כרגע 400 מ\"ר).", "position_source": "parcels_gush_helka"}}, {"type": "Feature", "geometry": {"type": "Point", "coordinates": [35.213335, 31.758326]}, "properties": {"mkbz_id": 63.0, "name": "התחדשות עירונית במעגלי יבנה", "sub": "גוננים א-ו", "allocation": "הפרשה למבני ציבור בעירוב שימושים", "status": "הפרשה עתידית למבצ", "status_cat": "עתידי_הפרשה", "migrash": "101-0836809 / 4", "yeud": "מגורים ד'", "taba": "101-0836809 / 4", "gush_helka": "30198 / 5,6,13 30173 / 151,152,153,162,163,170", "address": "מעגלי יבנה", "dunam": null, "future_m2": "הפרשה מבונה לצרכי ציבור, עיקרי: 230 מ\"ר שרות: 30", "allowed_uses": "צרכי חינוך, גני ילדים, מעונות יום, ובתי כנסת", "ownership": "רשות מקומית; פרטית", "existing_built": null, "potential": "2 כיתות גן\nנספח הבינוי מנחה", "recommendations": "2 כיתות גן - בהתאם למוצע בתכנית\nהצעה: לבחון אפשרות להרחבת הגנים לגודל תקני של 260 מ\"ר עיקרי. (כרגע 220 מ\"ר).", "position_source": "parcels_gush_helka"}}, {"type": "Feature", "geometry": {"type": "Point", "coordinates": [35.211565, 31.756996]}, "properties": {"mkbz_id": 64.0, "name": "התחדשות עירונית במעגלי יבנה", "sub": "גוננים א-ו", "allocation": "קרקע למבני ציבור", "status": "שבצ עתידי", "status_cat": "עתידי", "migrash": "101-0836809  / 401", "yeud": "מבנים ומוסדות ציבור", "taba": "101-0836809  / 401", "gush_helka": "30173 / 170", "address": "מעגלי יבנה", "dunam": 6.06, "future_m2": "שטח בנייה מותר: 12,118 מ\"ר_x000B_(עיקרי – 9,690 מ\"ר, שירות – 2,422 מ\"ר)", "allowed_uses": "בית ספר, גני ילדים, מעונות יום, שימושי תרבות, ספורט, קהילה ורווחה", "ownership": "פרטית", "existing_built": null, "potential": "בית ספר 24 כיתות (כ-4500 מ\"ר)\nאולם ספורט (כ-1000 מ\"ר) \nנותרו כ-4000 מ\"ר שיועדו תחילה למתנ\"ס. עם זאת, מאחר ומקודם מתנ\"ס גם במזהה 82  שקיבל תיעדוף מבחינת מיקום על-ידי הצוות העירוני, הפוטנציאל הנותר יכול לשמש לשירותי ציבור המצריכים שטח משמעותי דוגמת שירותי תרבות, ספורט, קהילה ועוד.", "recommendations": "בית ספר 24 כיתות – בהתאם למוצע בתכנית\n בחינת שילוב תנועת נוער בחלק המזרחי של השב\"צ עם מפנה לפארק המסילה בכדי למנוע מפגע רעש למגורים באזור.\nיתרת שטח של כ-3500 מ\"ר לשירותי תרבות וספורט (העצמה לפארק המסילה).", "position_source": "parcels_gush_helka", "_host_oids": [459238]}}, {"type": "Feature", "geometry": {"type": "Point", "coordinates": [35.211519, 31.756867]}, "properties": {"mkbz_id": 65.0, "name": "התחדשות עירונית במעגלי יבנה", "sub": "גוננים א-ו", "allocation": "הפרשה למבני ציבור בעירוב שימושים", "status": "הפרשה עתידית למבצ", "status_cat": "עתידי_הפרשה", "migrash": "101-0836809 / 2", "yeud": "מגורים ד'", "taba": "101-0836809 / 2", "gush_helka": "30173 / 170,173", "address": "מעגלי יבנה", "dunam": null, "future_m2": "הפרשה מבונה לצרכי ציבור, עיקרי: 575 שרות: 40", "allowed_uses": "צרכי חינוך, גני ילדים, מעונות יום, ובתי כנסת", "ownership": "פרטית", "existing_built": null, "potential": "נספח הבינוי מנחה - 2 כיתות גן ו-355 מר לבית כנסת", "recommendations": "2 כיתות גן ו-355 מר לבית כנסת - בהתאם למוצע בתכנית\nהצעה: לבחון אפשרות להרחבת הגנים לגודל תקני של 260 מ\"ר עיקרי. (כרגע 220 מ\"ר).", "position_source": "parcels_gush_helka"}}, {"type": "Feature", "geometry": {"type": "Point", "coordinates": [35.211395, 31.75673]}, "properties": {"mkbz_id": 66.0, "name": "התחדשות עירונית במעגלי יבנה", "sub": "גוננים א-ו", "allocation": "הפרשה למבני ציבור בעירוב שימושים", "status": "הפרשה עתידית למבצ", "status_cat": "עתידי_הפרשה", "migrash": "101-0836809 / 1", "yeud": "מגורים ד'", "taba": "101-0836809 / 1", "gush_helka": "30173 / 170,173,238", "address": "מעגלי יבנה", "dunam": null, "future_m2": "הפרשה מבונה לצרכי ציבור, עיקרי: 230 שרות: 30", "allowed_uses": "צרכי חינוך, גני ילדים, מעונות יום, ובתי כנסת", "ownership": "פרטית; מעורב", "existing_built": null, "potential": "2 כיתות גן\nנספח הבינוי מנחה – 2 כיתות גן + מבואה", "recommendations": "2 כיתות גן – בהתאם למוצע בתכנית\nהערה: לבחון אפשרות להרחבת הגנים לגודל תקני של 260 מ\"ר עיקרי.", "position_source": "parcels_gush_helka"}}, {"type": "Feature", "geometry": {"type": "Point", "coordinates": [35.208682, 31.754265]}, "properties": {"mkbz_id": 67.0, "name": "חם נהוראי 5-11, 18-28", "sub": "גוננים א-ו", "allocation": "הפרשה למבני ציבור בעירוב שימושים", "status": "הפרשה עתידית למבצ", "status_cat": "עתידי_הפרשה", "migrash": "101-0778035 / 1", "yeud": "מגורים ד'", "taba": "101-0778035 / 1", "gush_helka": "30173 / 267,268,269", "address": "מתחם נהוראי 5-11 ו-18-28", "dunam": 6.28, "future_m2": "הפרשה מבונה לצרכי ציבור-\nתא שטח 1: 700 מ\"ר עיקרי + 260 מ\"ר שירות (מעונות יום וגני ילדים, הערה 4 בטבלה 5). \nתא שטח 2: 940 מ\"ר עיקרי + 400 מ\"ר שירות (בית כנסת ומתנ\"ס, הערה 5 בטבלה 5).", "allowed_uses": "גני ילדים, מעונות יום, בית כנסת, מועדון נוער וקהילה.", "ownership": null, "existing_built": null, "potential": "שימושים מותרים:\nתא שטח 1: 2 כיתות גן ו-3 מעון.\nתא שטח 2: 2 בתי כנסת ומועדון נוער וקהילה (במקום המתנ\"ס בהערה 5 בטבלה 5).", "recommendations": "התערבות בשלב התכנון, להסיר מטבלה 5 שימושי ציבור.\nמוצע לשלב:\n- מעונות+גנים\n- מועדון לגיל השלישי\n- בתי כנסת\n- שטחי קהילה/תרבות משלימים", "position_source": "parcels_gush_helka"}}, {"type": "Feature", "geometry": {"type": "Point", "coordinates": [35.20701, 31.752345]}, "properties": {"mkbz_id": 68.0, "name": "רשב\"ג, שצ\"פ משולב שב\"צ, צפונית לפארק המסילה", "sub": "גוננים א-ו", "allocation": "קרקע למבני ציבור", "status": "שבצ עתידי", "status_cat": "עתידי", "migrash": "101-0857086 / 17", "yeud": "שב\"צ שצ\"פ", "taba": "101-0857086 / 17", "gush_helka": "30143 / 195", "address": "רשב\"ג", "dunam": 3.65, "future_m2": "עיקרי: 8,666 שרות: 2,380", "allowed_uses": "חינוך, תרבות וקהילה", "ownership": "מעורב", "existing_built": null, "potential": "חוו\"ד מחלקת מדיניות תכנון: הפרשת מגרש – בית ספר בקומת הקרקע ושימושים נוספים מעל – 4000 מ\"ר (+חלקה 196,110)\nנספח בינוי מחייב", "recommendations": "הקמת מרכז ספורט אזורי שיתמוך גם בשכונת תלפיות והאזור, לנסות לשלב קאנטרי (כ-2000 מ\"ר בנוי עיקרי + 800 מ\"ר שטחי חוץ).\nככל ונדרש לצורך מימוש ההמלצה לעיל, להוסיף להוראות התכנית אפשרות שילוב שימושי ספורט", "position_source": "parcels_gush_helka", "_host_oids": [270500]}}, {"type": "Feature", "geometry": {"type": "Point", "coordinates": [35.20309, 31.75344]}, "properties": {"mkbz_id": 69.0, "name": "פינוי ובינוי אלכסנדריון", "sub": "גוננים א-ו", "allocation": "קרקע למבני ציבור", "status": "שבצ מאושר", "status_cat": "קיים", "migrash": "101-0110510 / 60", "yeud": "מבנים ומוסדות ציבור", "taba": "101-0110510 / 60", "gush_helka": "30143 / 203", "address": "אלכסנדריון", "dunam": 0.5, "future_m2": "לא רלוונטי", "allowed_uses": "בית כנסת", "ownership": "רשות מקומית", "existing_built": "בית כנסת", "potential": "בית כנסת", "recommendations": "השטח נמצא במיצוי מלא, לא מוצע להתערבות.", "position_source": "parcels_gush_helka", "_host_fids": [564]}}, {"type": "Feature", "geometry": {"type": "Point", "coordinates": [35.20307, 31.752648]}, "properties": {"mkbz_id": 70.0, "name": "מגורים ומעונות יום בין הרחובות אלעזר בן יאיר ואלכסנדריון", "sub": "גוננים א-ו", "allocation": "קרקע למבני ציבור", "status": "שבצ עתידי", "status_cat": "עתידי", "migrash": "101-0798306 / 3", "yeud": "מבנים ומוסדות ציבור", "taba": "101-0798306 / 3", "gush_helka": "30144 / 43,87", "address": "אלעזר בן יאיר", "dunam": 0.94, "future_m2": "2251 מ\"ר (עיקרי: 2000 שרות: 251)", "allowed_uses": "חינוך לרבות מעונות יום, דת, רווחה וקהילה, חניה", "ownership": "מדינה", "existing_built": null, "potential": "הפרשת מגרש: 3 מעונות יום, גן ילדים וקהילה/רווחה. הוועדה המקומית תוכל להוסיף שימושים לאחר מימוש 3 כיתות מעון יום בקומת הקרקע. מבנה 6 קומות. \nסה\"כ שטח בנייה כולל 3,345 מ\"ר, עיקרי 2,300 מ\"ר (בהתאם למעקב מטלות ציבוריות שהתקבל מאגף תכנון עיר ובוצע עם מח' מדיניות תכנון).", "recommendations": "ראשית, מעון יום 440 מ\"ר. עם בניית מעון היום מומלץ לבחון בניית מעטפת בקומות מעל מאחר ובעתיד יהיה קשה יותר לבנות מעל מעון יום. שילוב עתידי אפשרי - הרחבת מעונות ו/או שילוב בית כנסת ושירותי קהילה ורווחה שלא מצריכים נגישות גבוהה.", "position_source": "parcels_gush_helka", "_host_oids": [272374]}}, {"type": "Feature", "geometry": {"type": "Point", "coordinates": [35.201918, 31.752654]}, "properties": {"mkbz_id": 71.0, "name": "פינוי בינוי – אלעזר בן יאיר וקנאי הגליל", "sub": "גוננים א-ו", "allocation": "קרקע למבני ציבור", "status": "שבצ עתידי", "status_cat": "עתידי", "migrash": "101-0112557 / 90,91", "yeud": "מבנים ומוסדות ציבור", "taba": "101-0112557 / 90,91", "gush_helka": "30144 / 216,217", "address": "קנאי הגליל", "dunam": 1.46, "future_m2": "מגרש 90: 1500 מ\"ר (1250 עיקרי + 250 שירות)\nמגרש 91: 1750 מ\"ר (1500 עיקרי + 250 שירות)", "allowed_uses": "גני ילדים, מעונות יום, בית כנסת, ו/או כל ייעוד ע\"פי דרישות העירייה", "ownership": "מדינה", "existing_built": "2 כיתות גן", "potential": "גנ\"י, מעונות יום, בי\"כ ושימוש אחר באישור העירייה - בחלקות 54,53 יחדיו הקמת מעון יום 3 כיתות ושלוש כיתות גנ\"י - בשתי קומות. בקומה שלישית שימוש עירוני אחר.", "recommendations": "המלצה תינתן בכפוף להמלצות במזהים 72 , 73 ו-70.\nבהיתנן ולא ניתן יהיה לשלב בפרויקטים הצמודים שירותי חברה, קהילה, רווחה. לשלב כאן יחד או ללא גנים/מעונות", "position_source": "parcels_gush_helka", "_host_oids": [8498, 8550]}}, {"type": "Feature", "geometry": {"type": "Point", "coordinates": [35.204404, 31.75209]}, "properties": {"mkbz_id": 72.0, "name": "התחדשות עירונית ברחוב יוסי בן יועזר", "sub": "גוננים א-ו", "allocation": "הפרשה למבני ציבור בעירוב שימושים", "status": "הפרשה עתידית למבצ", "status_cat": "עתידי_הפרשה", "migrash": "101-0944512 / 1", "yeud": "מגורים ד'", "taba": "101-0944512 / 1", "gush_helka": "30143 / 187", "address": "יוסי בן יועזר – רבי תנחומא - אלכסנדריון", "dunam": 6.44, "future_m2": "הפרשה מבונה לצרכי ציבור – 985 מ\"ר\n(עיקרי ושירות) +355 מ\"ר (עיקרי ושירות) מתחת לכניסה הקובעת", "allowed_uses": "מעונות יום ציבוריים\nגני ילדים\nבית כנסת", "ownership": "מדינה", "existing_built": null, "potential": "מבנה A קומת קרקע: 2 כיתות גני ילדים – 260 מ\"ר (כולל 350 מ\"ר חצרות לפי סעיף 4.1.ו'  רישום שטחים ציבוריים)_x000B_מבנה A קומה 1: 300 מ\"ר ציבורי\nמבנה B קומת קרקע: 250 מ\"ר ציבורי (ללא חצר)\nמבנה C קומת קרקע: 330 מ\"ר ציבורי (ללא חצר)\nמבנה D קומת קרקע: 160 מ\"ר ציבורי (ללא חצר)", "recommendations": "בפועל התכנית מאפשר שילוב 2 כיתות גן ו-4 בתי כנסת, זאת מאחר ועיקר השטחים ללא שטחי חוץ ומאחר והשימושים המותרים הם למעונות וגני ילדים, ובתי כנסת.\nלבחון אפשרות תיקון שימושים מותרים בתב\"ע ומתן גמישות לשימושים נוספים – סוג השירות יתואם עם מחלקת מדיניות תכנון", "position_source": "parcels_gush_helka"}}, {"type": "Feature", "geometry": {"type": "Point", "coordinates": [35.201479, 31.752075]}, "properties": {"mkbz_id": 73.0, "name": "בנין חדש למגורים ברחוב ניתאי הארבלי 42", "sub": "גוננים א-ו", "allocation": "הפרשה למבני ציבור בעירוב שימושים", "status": "הפרשה עתידית למבצ", "status_cat": "עתידי_הפרשה", "migrash": "101-0721902 / 1", "yeud": "מגורים ד'", "taba": "101-0721902 / 1", "gush_helka": "30144 / 192", "address": "ניתאי הארבלי 42", "dunam": 0.75, "future_m2": "הפרשה מבונה לצרכי ציבור – 200 מ\"ר מתחת לכניסה הקובעת", "allowed_uses": "טיפת חלב או מועדון לקשישים", "ownership": null, "existing_built": null, "potential": "טיפת חלב או מועדון קשישים", "recommendations": "מועדון לגיל השלישי (בהתאם למעקב מטלות ציבוריות שהתקבל מאגף תכנון עיר ובוצע עם מח' מדיניות תכנון)", "position_source": "parcels_gush_helka"}}, {"type": "Feature", "geometry": {"type": "Point", "coordinates": [35.198603, 31.756719]}, "properties": {"mkbz_id": 78.0, "name": "מתחם בזק", "sub": "גוננים א-ו", "allocation": "קרקע למבני ציבור", "status": "שבצ עתידי", "status_cat": "עתידי", "migrash": 2, "yeud": "מבנים ומוסדות ציבור", "taba": "101-0833038", "gush_helka": "30171 / 202,217,218,123,108", "address": "ניקנור", "dunam": 2.5, "future_m2": "לא קיים פירוט בשלב זה", "allowed_uses": "לפי הוראות תכנית המתאר ותכנית 101-0833038", "ownership": null, "existing_built": "מתחם בזק ובי\"ס יראת השם בנות שמפונה למתחם גונן בקטמונים ח-ט. בית כנסת בשטח", "potential": "הגדלה של המגרש בשלב התכנון ושילוב בי\"ס יסודי", "recommendations": "הצעה 1: קידום תב\"ע חדשה למתחם במטרה:\n- לייצר גריד וייעוד ציבורי בראייה מתכללת עם תכנית התכניות שמקודמות מצפון ודרום.\nהקצאת שירותי ציבור בראייה מתכללת עם תכנית 101-0110510 המקודמת בתחנת הדלק הצמודה ממערב. הצוות העירוני אישר לנסות לשלב בי\"ס במתחם בזק (יתרון של שב\"צ ייעודי ולא הפרשה מבונה), ואילו בתכנית ממערב להקצות את השטחים לטובת שירותי תרבות וקהילה (ניצול מיטבי של מיקום על רק\"ל ובצמוד עמק הצבאים). בכל אופן, מומלץ שילוב בי\"ס אחד ב-2 התכניות.\nהצעה 2: צוות היועצים ממליץ לבחון קידום מתחם תכנון רחב יותר – לתמצית ההצעה של מתחם 3 לחצו כאן. למתחם המלא ראו מצגת מתחמים מוצעים של צוות התכנון.", "position_source": "parcels_gush_helka", "_host_oids": [532660]}}, {"type": "Feature", "geometry": {"type": "Point", "coordinates": [35.198224, 31.757554]}, "properties": {"mkbz_id": 80.0, "name": "הריסה ופינוי- מגדל עמק הצבאים- מגורים, מבנה ציבור מסחר ותעסוקה", "sub": "גוננים א-ו", "allocation": "הפרשה למבני ציבור בעירוב שימושים", "status": "הפרשה עתידית למבצ", "status_cat": "עתידי_הפרשה", "migrash": "101-1182146/ 101", "yeud": "מגורים תעסוקה ומבנים ומוסדות ציבור ושצ\"פ", "taba": "101-1182146/ 101", "gush_helka": "1234/ 5", "address": "פינת הרחובות הרב הרצוג ופת", "dunam": 4.35, "future_m2": "הפרשה מבונה למוסדות ציבור– 4,000 מ\"ר\n(עיקרי – 3,333 עיקרי, 667 שירות) + 1,500 מ\"ר מרפסות.\nהפרשה למוסדות ציבור לדת – 300 מ\"ר עיקרי (בבניין א')", "allowed_uses": "צרכי חינוך לבי\"ס, גני ילדים ומעונות יום, צרכי חברה, תרבות וקהילה.", "ownership": "רשות מקומית", "existing_built": null, "potential": "בניין א: בית כנסת.\nבניין ב: בניין עבור שטחים ציבורים בנויים עד 6 קומות ובגובה מקסימלי של 27.5 מ' מעל פני הקרקע. בבניין זה ישולבו 4,000 מ\"ר לשירותי ציבור.", "recommendations": "תב\"ע 101-0833038 הצמודה מדרום (מרכזיית בזק) מציעה בי\"ס יסודי על שטח עדיף לשילוב שימוש זה. בהתאם, לא מוצע לייצר בי\"ס יסודי גם בפרויקט זה. בנוסף, הפרויקט נמצא בצמוד לעמק הצבאים, רק\"ל ומוצע לשלב שירותים לתרבות, חברה וקהילה. \nעם זאת, חשוב לוודא כי אכן יקודם בי\"ס בתב\"ע 101-0833038 במתחם בזק, אחרת נפסיד אפשרות לייצר שטח לבי\"ס", "position_source": "plan_geometry"}}, {"type": "Feature", "geometry": {"type": "Point", "coordinates": [35.207937, 31.758377]}, "properties": {"mkbz_id": 81.0, "name": "התחדשות עירונית", "sub": "גוננים א-ו", "allocation": "הפרשה למבני ציבור בעירוב שימושים", "status": "הפרשה עתידית למבצ", "status_cat": "עתידי_הפרשה", "migrash": "101-1025295/ 101", "yeud": "מגורים מסחר ומבנים ומוסדות", "taba": "101-1025295/ 101", "gush_helka": "30133/ 7-10", "address": "בן זכאי 31", "dunam": 3.19, "future_m2": "הפרשה מבונה למוסדות ציבור– 400 מ\"ר\n(עיקרי – 300 מ\"ר, שירות 100 מ\"ר)", "allowed_uses": "מבנים ומוסדות ציבור: גני ילדים ומעונות יום, שטחים נלווים לרווחת הדיירים וכו'.\nהשימושים יקבעו בשלב ההיתר על-ידי הוועדה המקומית.", "ownership": "מדינה?", "existing_built": null, "potential": "ע\"פ מידע שנמסר מאגף תכנון עיר ב-6.12.2023, במסמכי התכנית המעודכנים מוצע 3 כיתות מעון יום וההקצאה בהתאם", "recommendations": "לוודא הקצאה בהתאם לתקן של 440 מ\"ר (בבדיקה מול שלום מ-6.12.23). מוצע לאפשר גמישות לשימושים נוספים", "position_source": "parcels_gush_helka"}}, {"type": "Feature", "geometry": {"type": "Point", "coordinates": [35.207273, 31.755811]}, "properties": {"mkbz_id": 82.0, "name": "מבנה משולב למגורים, למסחר ולמבני ציבור", "sub": "גוננים א-ו", "allocation": "הפרשה למבני ציבור בעירוב שימושים", "status": "הפרשה עתידית למבצ", "status_cat": "עתידי_הפרשה", "migrash": "101-0926105/ 101", "yeud": "מגורים תעסוקה ומבנים ומוסדות ציבור ושצ\"פ", "taba": "101-0926105/ 101", "gush_helka": "30133/ 128", "address": "בן-יועזר 22", "dunam": 4.35, "future_m2": "הפרשה מבונה למוסדות ציבור– 440 מ\"ר במגדל המגורים + 2,500 מ\"ר שלוחת מתנ\"ס", "allowed_uses": "מוסדות ציבור בהתאם להנחיות מחלקת פרוגרמות ואגף מבני ציבור של עיריית ירושלים.\nסעיף 4.2.2 : תותר הקמתו של מבנה המורכב ממסד ומעליו מגדל מגורים ושלוחת מתנ\"ס עירונית... במפלס הכניסה הראשית ימוקמו מעונות יום.", "ownership": "מדינה?", "existing_built": null, "potential": "3 כיתות מעון יום ושלוחת מתנ\"ס", "recommendations": "הקמת 3 כיתות מעון יום.\nהגדרת השימושים המותרים בשטח הנותר לחברה וקהילה (שירותי מנהל תרבות, ספורט וחברה) לצורך שילוב מתנ\"ס.", "position_source": "parcels_gush_helka", "_host_oids": [531973]}}, {"type": "Feature", "geometry": {"type": "Point", "coordinates": [35.202094, 31.750693]}, "properties": {"mkbz_id": 44.0, "name": "גן ילדים", "sub": "פת", "allocation": "קרקע למבני ציבור", "status": "שבצ מאושר", "status_cat": "קיים", "migrash": "1599 / ג", "yeud": "שטח לבניין ציבורי", "taba": "1599 / ג", "gush_helka": "30501 / 11", "address": "ארסט אברהם", "dunam": 1.39, "future_m2": "לא רלוונטי", "allowed_uses": "גן ילדים (2 כיתות).", "ownership": "רשות מקומית", "existing_built": "3 כיתות גני ילדים", "potential": "פרוגרמה פת – הצעה לפינוי בינוי לסה\"כ 5 כיתות גן.", "recommendations": "תכנון המתחם מחדש – שילוב 3 כיתות מעון ו-5 כיתות גן (תוספת של 2 כיתות גן).\nעם הריסת 3 כיתות גן ברח' אברהם ארנסט 10 יש למצוא פתרון זמני עד להקמת האשכול החדש.(ניתן לבחון כיתות מארחות באזור מזהה 39, שם מקודמת תכנית 101-1115450)", "position_source": "parcels_gush_helka", "_host_fids": [1730]}}, {"type": "Feature", "geometry": {"type": "Point", "coordinates": [35.199771, 31.75056]}, "properties": {"mkbz_id": 45.0, "name": "בית ספר דו-לשוני", "sub": "פת", "allocation": "קרקע למבני ציבור", "status": "שבצ מאושר", "status_cat": "קיים", "migrash": "1599 / א, 1599 / ד", "yeud": "שטח לבניין ציבורי", "taba": "1599 / א, 1599 / ד", "gush_helka": "30501 / 82,83", "address": "מוריס פישר / אריה בעהם", "dunam": 1.08, "future_m2": "לא רלוונטי", "allowed_uses": "מגרש א' (צפוני) – בית ספר ושתי כיתות ילדים. מגרש ד' (דרומי) – בית כנסת, מועדון, ומעון לתינוקות.", "ownership": "רשות מקומית", "existing_built": "שטח צפוני: בית ספר דו לשוני ע\"ש מקס ריין \"יד ביד\" (לאחר עיבוי) (12 כיתות – חדש) + בי\"ס תיכון ממלכתי \"יד ביד\" + 4 כיתות גן(?). \nבחלק הדרומי: תחנה לבריאות המשפחה + מרכז קהילתי \"בית פאני קפלן\" + מעון יום \"נעמת\" + שטח נוסף שמשמש את המינהל הקהילתי בקומה העליונה.", "potential": "כלל השטח מוצה. שטח צפוני: אין יתרת שטח. שטח דרומי: בחצר האחורית הלא מוסדרת מוסיפים 3 פונקציות רווחה ב-2 קומות (מרכז לגיל הרך, מועדונית, לשכת רווחה). יתכן ומעון היום יורחב על חשבון טיפת החלב שתעבור למזרח השכונה להפרשה מבונה. צפי לאכלוס 2027 (ע\"פ מידע שהתקבל מאגף מבני ציבור)", "recommendations": "השטח מוצה", "position_source": "parcels_gush_helka", "_host_fids": [1732, 1738]}}, {"type": "Feature", "geometry": {"type": "Point", "coordinates": [35.201912, 31.748968]}, "properties": {"mkbz_id": 46.0, "name": "בית כנסת היכל דוד", "sub": "פת", "allocation": "קרקע למבני ציבור", "status": "שבצ מאושר", "status_cat": "קיים", "migrash": "1599 / ה", "yeud": "שטח לבניין ציבורי", "taba": "1599 / ה", "gush_helka": "30501 / 46", "address": "כרם וולי", "dunam": 0.85, "future_m2": "לא רלוונטי", "allowed_uses": "בית כנסת", "ownership": "רשות מקומית", "existing_built": "2 בתי כנסת: \"היכל דוד\" ו\"נועם פת\" (מדרשת \"נתיבות התורה\").", "potential": "מוצה", "recommendations": "השטח מוצה", "position_source": "parcels_gush_helka", "_host_fids": [1733]}}, {"type": "Feature", "geometry": {"type": "Point", "coordinates": [35.202562, 31.750776]}, "properties": {"mkbz_id": 74.0, "name": "פינוי בינוי ברל לוקר", "sub": "פת", "allocation": "הפרשה למבני ציבור בעירוב שימושים", "status": "הפרשה עתידית למבצ", "status_cat": "עתידי_הפרשה", "migrash": "101-0397752 / 100", "yeud": "מגורים, מסחר ומבנים ומוסדות ציבור", "taba": "101-0397752 / 100", "gush_helka": "30501 / 10", "address": "ברל לוקר 13", "dunam": 2.49, "future_m2": "הפרשה מבונה לצרכי ציבור – 787 מ\"ר \n( 611 מ\"ר עיקרי , 176 מ\"ר שירות)", "allowed_uses": "מועדונית פעילות לגיל הרך, תחנה לבריאות המשפחה, מועדון נוער ו/או בית כנסת. מוסדות הציבור (והמסחר) יוקמו בקומת המסד בלבד.", "ownership": "פרטית", "existing_built": null, "potential": "א. 300 מ\"ר שטח בנוי עבור תחנה לבריאות המשפחה; ב. 150 מ\"ר שטח בנוי עבור מועדונית פעילות לגיל הרך; ג. 150 מ\"ר שטח בנוי עבור מועדון נוער ו/או בית כנסת\nנספח בינוי מחייב למיקום שטחי הציבור", "recommendations": "א. 311 מ\"ר עיקרי לתחנה לבריאות המשפחה; ב.150 מ\"ר עיקרי למועדונית; ג. 150 מ\"ר לבית כנסת, לבחון הגדלת בית כנסת בכ-50-100 מ\"ר ע\"ח טיפת חלב", "position_source": "parcels_gush_helka", "_host_oids": [147713]}}, {"type": "Feature", "geometry": {"type": "Point", "coordinates": [35.203753, 31.764425]}, "properties": {"mkbz_id": 75.0, "name": "התחדשות עירונית טשרניחובסקי 52-54-55", "sub": "פת", "allocation": "הפרשה למבני ציבור בעירוב שימושים", "status": "הפרשה עתידית למבצ", "status_cat": "עתידי_הפרשה", "migrash": "101-0899880", "yeud": "מגורים ד'", "taba": "101-0899880", "gush_helka": "30185 / 40,41", "address": "טשרניחובסקי", "dunam": 1.64, "future_m2": "נספח בינוי מנחה – בקומה B בית כנסת (310 מ\"ר), בקומת הקרקע מינהל קהילתי – (205.7 מ\"ר).", "allowed_uses": "מנהל קהילתי ובית כנסת", "ownership": "פרטית", "existing_built": null, "potential": "נספח בינוי מנחה – בקומה B בית כנסת (310 מ\"ר), בקומת הקרקע מינהל קהילתי – (205.7 מ\"ר).", "recommendations": "בהתאם להוראות התכנית שובצו בית כנסת ומינהל קהילתי, לעקוב אחר קידום התכנית.", "position_source": "parcels_gush_helka"}}, {"type": "Feature", "geometry": {"type": "Point", "coordinates": [35.199984, 31.752648]}, "properties": {"mkbz_id": 76.0, "name": "התחדשות עירונית משולש פת, ירושלים", "sub": "פת", "allocation": "הפרשה למבני ציבור בעירוב שימושים", "status": "הפרשה עתידית למבצ", "status_cat": "עתידי_הפרשה", "migrash": "101-1121920/ 1", "yeud": "מגורים ומבנים ומוסדות ציבור", "taba": "101-1121920/ 1", "gush_helka": "1,2/30501", "address": "פת יעקב 6", "dunam": 2.457, "future_m2": "מ\"ר בשטחי בניה בהפרשה מבונה לצרכי ציבור – 1,450 מ\"ר (1,250 עיקרי + 200 שירות", "allowed_uses": "מוסדות חינוך וקהילה", "ownership": "רשות מקומית", "existing_built": null, "potential": "בהנחה ויסופקו שטחי חוץ מספקים (אין פירוט בהוראות):\nמעון יום 3 כיתות (440 מ\"ר + שטחי חוץ).\n6 כיתות גן (780 מ\"ר + שטחי חוץ).", "recommendations": "הקצאת שטחי חוץ בהוראות התכנית.\nמימוש הפוטנציאל לעיל.\nבחינת תוספת של מינימום 200 מ\"ר לשטחי קהילה שכונתיים.", "position_source": "parcels_gush_helka"}}, {"type": "Feature", "geometry": {"type": "Point", "coordinates": [35.19939, 31.752179]}, "properties": {"mkbz_id": 77.0, "name": "התחדשות עירונית משולש פת, ירושלים", "sub": "פת", "allocation": "הפרשה למבני ציבור בעירוב שימושים", "status": "הפרשה עתידית למבצ", "status_cat": "עתידי_הפרשה", "migrash": "101-1121920/ 2", "yeud": "מגורים ומבנים ומוסדות ציבור", "taba": "101-1121920/ 2", "gush_helka": "12,13/30501", "address": "שדרות דב יוסף 3א, 3ב, 2", "dunam": 1.412, "future_m2": "600 מ\"ר (570 עיקרי + 30 שירות)", "allowed_uses": "מוסדות חינוך וקהילה", "ownership": "רשות מקומית", "existing_built": null, "potential": "שילוב שירותי קהילה וחברה שייספקו מענה שכונתי, אך בשל קרבתם לרק\"ל יוכלו לספק רמת שירות גם אזורית.", "recommendations": "הקצאת שטחי חוץ בהוראות התכנית.\nמימוש הפוטנציאל לעיל.\nבחינת תוספת של כ-200-300 מ\"ר לטובת שילוב בית כנסת שכונתי.", "position_source": "parcels_gush_helka"}}, {"type": "Feature", "geometry": {"type": "Point", "coordinates": [35.199778, 31.752006]}, "properties": {"mkbz_id": 79.0, "name": "התחדשות עירונית משולש פת, ירושלים", "sub": "פת", "allocation": "קרקע למבני ציבור", "status": "שבצ עתידי", "status_cat": "עתידי", "migrash": "101-112192/ 4", "yeud": "מבנים ומוסדות ציבור", "taba": "101-112192/ 4", "gush_helka": "14/30501", "address": "בעהם אריה 7,5,3", "dunam": 1.87, "future_m2": "4,500 מ\"ר (3,375 עיקרי + 1,125 שירות)\nבהתאם לטבלה 5 (קובעת), גובה מקסימלי של 6 קומות.", "allowed_uses": "מבנים ומוסדות ציבור. הוראות הבינוי בסעיף 4.1.2.א. מאפשרות בי\"ס/מתנ\"ס.", "ownership": "רשות מקומית", "existing_built": null, "potential": "בי\"ס יסודי 12 כיתות (2,250 מ\"ר) + כ-1,125 מ\"ר לאולם ספורט הכולל חדרי חוגים וקהילה. שילוב שטחי חוץ גם על גגות המבנים.", "recommendations": "תכנית האב של פת מנחה להקצאת כ-2 דונם שב\"צ.\nשטח המגרש קטן ומאפשר שילוב של בי\"ס 12 כיתות בלבד, וזאת בהקצאת שטחי חוץ לתלמידים שתכלול גם את גג המבנה (לא אידיאלי). \nההמלצה היא לבחון הגדלת המגרש לשטח של כ-3 דונם לפחות בכדי לאפשר בי\"ס של 12 כיתות + אולם ספורט קטן ושטחי חוץ תקניים שיישמו גם את תושבי השכונה שעות אחה\"צ.", "position_source": "parcels_gush_helka", "_host_oids": [463980]}}, {"type": "Feature", "geometry": {"type": "Point", "coordinates": [35.203368, 31.764884]}, "properties": {"mkbz_id": 1.0, "name": "מרכז חיב\"ה", "sub": "רסקו", "allocation": "קרקע למבני ציבור", "status": "שבצ מאושר", "status_cat": "קיים", "migrash": "1073א / 30", "yeud": "שטח לבניין ציבורי", "taba": "1073א / 30", "gush_helka": "30185 / 9,30,40,136", "address": "הרב הרצוג 75", "dunam": 2.24, "future_m2": "לא רלוונטי", "allowed_uses": "בנייני ציבור", "ownership": "מדינה; רשות מקומית (חכירה לעמותת חיב\"ה); פרטית", "existing_built": "בית כנסת \"משכן יוסף\" במבנה הדרום מזרחי + מרכז חיב\"ה (תנועה למורשת ישראל - במבנה חדש יחסית) שמפעילה כנראה את יתר הבניינים/שטח +מועדון לגיל השלישי + עמותת \"גשר\". גישה עם חניה מצפון.", "potential": "מיקום על ציר תנועה – לבחון המלצה לחיבוריות צפון-דרום מזרח-מערב", "recommendations": "מבנה חדש יחסית ובמיצוי בנייה גבוה, כ- 4 קומות מעל הקרקע. העמותה מבקשת להתרחב ולהוסיף קומות נוספות. מוצע לבחון תוספת קומות לשימוש עירוני בנוסף.", "position_source": "parcels_gush_helka", "_host_fids": [538]}}, {"type": "Feature", "geometry": {"type": "Point", "coordinates": [35.203925, 31.764674]}, "properties": {"mkbz_id": 2.0, "name": "גנ\"י שמעוני", "sub": "רסקו", "allocation": "קרקע למבני ציבור", "status": "שבצ מאושר", "status_cat": "קיים", "migrash": "1073א / 32", "yeud": "שטח לבניין ציבורי", "taba": "1073א / 32", "gush_helka": "30185 / 199,200", "address": "שמעוני", "dunam": 0.81, "future_m2": "לא רלוונטי", "allowed_uses": "בנייני ציבור", "ownership": "מדינה", "existing_built": "בית כנסת \"בית יוסף\" + גן ילדים ממ\"ד \"גבעת הוורדים\".", "potential": "מיקום על ציר תנועה – לבחון המלצה לחיבוריות צפון-דרום מזרח-מערב", "recommendations": "השטח נמצא במיצוי בנייה גבוה. לא מוצע להתערבות בשלב זה.", "position_source": "parcels_gush_helka", "_host_fids": [541]}}, {"type": "Feature", "geometry": {"type": "Point", "coordinates": [35.203556, 31.763669]}, "properties": {"mkbz_id": 3.0, "name": "מעון אמונה", "sub": "רסקו", "allocation": "קרקע למבני ציבור", "status": "שבצ מאושר", "status_cat": "קיים", "migrash": "4384 / 2", "yeud": "שטח לבניין ציבורי", "taba": "4384 / 2", "gush_helka": "30185 / 171", "address": "מבוא בנין", "dunam": 0.89, "future_m2": "לא רלוונטי", "allowed_uses": "(4384 מפנה להוראות 3151, 1097ד, 1739א)\n3151 – לפי הוראות תכנית המתאר, תותר בניה רב תכליתית ושילוב מספר פונקציות באותו בניין", "ownership": "רשות מקומית", "existing_built": "כיתת מעון יום + כיתת גן ילדים (בבעלות העירייה).\nשטח כיתת גן/מעון ריקים ומשמשים לקהילה. בפועל נראה כי קיימות כיתות/שטחים נוספים במבנה ללא שימוש מוגדר.", "potential": "3 כיתות מעון ו-2 כיתות גן", "recommendations": "לבחינה אדריכלית:\nניצול הפרשי הגבהים ובחינת ישימות לתוספת קומה או 2 מעל הבינוי הקיים, וכן בחינת תוספת חלקית מתחת למבנה הקיים. סה\"כ 3 כיתות מעון ו-2 כיתות גן.", "position_source": "parcels_gush_helka", "_host_fids": [6199]}}, {"type": "Feature", "geometry": {"type": "Point", "coordinates": [35.204522, 31.76303]}, "properties": {"mkbz_id": 4.0, "name": "מתחם לוריא", "sub": "רסקו", "allocation": "קרקע למבני ציבור", "status": "שבצ מאושר", "status_cat": "קיים", "migrash": "4384 / 14\n1097ד / 9", "yeud": "שטח לבניין ציבורי", "taba": "4384 / 14\n1097ד / 9", "gush_helka": "30185 / 178,203", "address": "ישראל אהרוני", "dunam": 6.32, "future_m2": "לא רלוונטי", "allowed_uses": "(4384 מפנה להוראות 3151, 1097ד, 1739א)\n1097ג – לפי הוראות תכנית המתאר, תותר בניה רב תכליתית ושילוב מספר פונקציות באותו בניין", "ownership": "רשות מקומית", "existing_built": "בית ספר יסודי למוסיקה ומחול ע\"ש לוריא 24 כיתות (10 בפועל) + 6 כיתות גני ילדים + 3 כיתות מעון יום, אולם ספורט ומגרש ספורט", "potential": "יסודי - 24 כיתות + מגרש,  גני ילדים – 7 כיתות, מעונות יום – 3 כיתות, בית כנסת (350 מ\"ר), אולם ספורט בתת הקרקע (1000 מ\"ר).", "recommendations": "יש להיערך ולספק מענה כיתות מארחות ל-12 כתות בזמן ההריסה (מוצע למתחם המשתלה)", "position_source": "parcels_gush_helka", "_host_fids": [812, 6194]}}, {"type": "Feature", "geometry": {"type": "Point", "coordinates": [35.202594, 31.762573]}, "properties": {"mkbz_id": 5.0, "name": "גן תקשורת", "sub": "רסקו", "allocation": "קרקע למבני ציבור", "status": "שבצ מאושר", "status_cat": "קיים", "migrash": "4384 / 4, 4384 / 5", "yeud": "שטח לבניין ציבורי", "taba": "4384 / 4, 4384 / 5", "gush_helka": "30185 / 173,174", "address": "יצחק קצנלסון (3-5)", "dunam": 1.62, "future_m2": "לא רלוונטי", "allowed_uses": "(4384 מפנה להוראות 3151, 1097ד, 1739א)\n1097ג - לפי הוראות תכנית המתאר, תותר בניה רב תכליתית ושילוב מספר פונקציות באותו בניין", "ownership": "רשות מקומית", "existing_built": "סה\"כ 4 גנים בשני מבנים נפרדים, במבנה הצפוני הישן נמצא גן תקשורת וגן בוסתן, ובמבנה הדרומי החדש גן ילדים לקויי ראייה וגן ברוש.", "potential": "הריסה ובניה של המגרש/מבנה הצפוני, ל-4-6 כיתות מעון/גן. בשלב זה הוטמע בפרוגרמה פוטנציאל של 4 כיתות (מחמיר).", "recommendations": "לבחינה אדריכלית:\n1. ישימות הריסה ובניה של המגרש/מבנה הצפוני, ל-4-6 כיתות מעון/גן.\n2. יש לקחת בחשבון את הגנים הדרומיים בראייה מתכללת.", "position_source": "parcels_gush_helka", "_host_fids": [6209, 6211]}}, {"type": "Feature", "geometry": {"type": "Point", "coordinates": [35.204502, 31.760344]}, "properties": {"mkbz_id": 6.0, "name": "עוטף מרכז מסחרי ש\"י עגנון", "sub": "רסקו", "allocation": "קרקע למבני ציבור", "status": "שבצ מאושר", "status_cat": "קיים", "migrash": "4384 / 36", "yeud": "שטח לבניין ציבורי", "taba": "4384 / 36", "gush_helka": "30006 / 133", "address": "מבוא מידב", "dunam": 9.3, "future_m2": "לא רלוונטי", "allowed_uses": "(4384 מפנה להוראות 3151, 1097ד, 1739א)\n1739א – על פי תכנית המתאר", "ownership": "העירייה בעלת המקרקעין– הקצאות לגופים המשתמשים והמחוברים מנוהלים במחלקת הקצאות (מידע ממחלקת נכסים). מופעל ע\"י הסוכנת היהודית", "existing_built": "מחולק לשניים – בחוות הנוער: מבנה חוות הנוער + בי\"ס ח\"מ מגשימים (לשעבר בי\"ס \"ארזים\" לח\"מ) (19 כיתות אם + הרחבה מתוכננת, לילדי חוות הנוער+ מהשכונה אך לא עירוני) ואולם ספורט._x000B_מבקשי דרך: בית כנסת ו-3-4 גני ילדים פרטיים \"מבקשי דרך\" (מי מתפעל?) + תנועת נוער צופים + מועדון קהילתי כולל \"מבקשי דרך\".\n(נכסים מס' 79, 5465, 6948, 7633).", "potential": "1-בשטח הצפוני בוצע שיפוץ והוסיפו אולם לפני מספר שנים.\n2-יש תכנון לשיפוץ והרחבה של תנועת הצופים.\n3-מבקשי דרך, לבדוק אם מבוצע פה שיפוץ.\nלגבי סטטוס פעילות הגנים, יצא מייל קרן (פעילות הגנים)", "recommendations": "בוצע עיבוי בשטח 1 ובשטחים 2-3 מבוצע עיבוי או במיצוי גבוה. אין המלצות להתערבות אחרת בשלב זה.", "position_source": "parcels_gush_helka", "_host_fids": [6208]}}, {"type": "Feature", "geometry": {"type": "Point", "coordinates": [35.205815, 31.759366]}, "properties": {"mkbz_id": 7.0, "name": "חוות הנוער הציוני", "sub": "רסקו", "allocation": "קרקע למבני ציבור", "status": "שבצ מאושר", "status_cat": "קיים", "migrash": "6961/א / 1", "yeud": "מבנים ומוסדות ציבור", "taba": "6961/א / 1", "gush_helka": "30006 / 186", "address": "מעלה זאב", "dunam": 9.5, "future_m2": "לא רלוונטי", "allowed_uses": "בית אבות, דיור מוגן, פעילויות התורמות לרווחת הקשישים בי-ם", "ownership": "פרטית - לעירייה אין נכסים בשטח זה והיא אינה הבעלים של החלקה.\nלפני תב\"ע זו היתה חלה בשטח תב\"ע 871 שקבעה את היעוד כ \"שטח פרטי מיועד להקמת בניין ציבורי\" ותוכנית המתאר מס' 62 שכנראה קבעה את היעוד כשפ\"פ.\nהמשמעות היא שמדובר בשטח שאינו בר הפקעה. אינו מיועד להפקעה ע\"י העירייה אלא למוסד פרטי.", "existing_built": "בית אבות \"נווה הורים\", גן אלי\"ע, 2 בתי קפה + בית כנסת \"מושב זקנים\" (משהב\"ש)", "potential": null, "recommendations": "בעלות פרטית. בתיאום עם הצוות העירוני, לא להתערבות בשלב זה", "position_source": "parcels_gush_helka", "_host_fids": [7018]}}, {"type": "Feature", "geometry": {"type": "Point", "coordinates": [35.202195, 31.763086]}, "properties": {"mkbz_id": 8.0, "name": "מתחם שנגרע לאחר בדיקה עם נכסים", "sub": "רסקו", "allocation": "קרקע למבני ציבור", "status": "שבצ מאושר", "status_cat": "קיים", "migrash": "תב\"ע 62", "yeud": "מגורים", "taba": "תב\"ע 62", "gush_helka": "30185 / 45", "address": "כצנלסון-טשרניחובסקי", "dunam": 2.5, "future_m2": "לא רלוונטי", "allowed_uses": "לפי הוראות תכנית המתאר", "ownership": "פרטית", "existing_built": "מבני מגורים", "potential": null, "recommendations": null, "position_source": "parcels_gush_helka"}}, {"type": "Feature", "geometry": {"type": "Point", "coordinates": [35.201538, 31.762984]}, "properties": {"mkbz_id": 9.0, "name": "מתחם שנגרע לאחר בדיקה עם נכסים", "sub": "רסקו", "allocation": "קרקע למבני ציבור", "status": "שבצ מאושר", "status_cat": "קיים", "migrash": "תב\"ע 62", "yeud": "מבנים ומוסדות ציבור", "taba": "תב\"ע 62", "gush_helka": "30185 / 34", "address": "טשרניחובסקי 66", "dunam": 0.2, "future_m2": "לא רלוונטי", "allowed_uses": "לפי הוראות תכנית המתאר", "ownership": "מדינה (העירייה חוכרת את השטח מרשות הפיתוח)", "existing_built": "חצר 2 גני ילדים (נכס מס' 1793).", "potential": null, "recommendations": "לבחון הגדלת השטח עם תכנית פינוי בינוי עם מגרש מצפון לסך של דונם לערך. בשיכון מצרני", "position_source": "parcels_gush_helka"}}, {"type": "Feature", "geometry": {"type": "Point", "coordinates": [35.199402, 31.758355]}, "properties": {"mkbz_id": 10.0, "name": "בית הנוער העברי", "sub": "רסקו", "allocation": "קרקע למבני ציבור", "status": "שבצ מאושר", "status_cat": "קיים", "migrash": "1093ג / 1", "yeud": "מוסד, שטח לבניין ציבורי", "taba": "1093ג / 1", "gush_helka": "30171 / 111, 30122 / 16, 30170 / 4", "address": "הרב הרצוג", "dunam": 24.08, "future_m2": "לא רלוונטי", "allowed_uses": "מצב מאושר: בחלק הצפוני בית ספר ומדרום - לפי הוראות תכנית המתאר.", "ownership": "בעיקר רשות מקומית + מדינה (השב\"צ בקצה הדרום המערבי – בצבע/יעוד אחר).", "existing_built": "בית הנוער העברי - מינהל קהילתי, בריכה, חדר כושר, מגרשי ספורט (כדורגל, כדורסל, קטרגל)", "potential": "מתחם בתכנון, כרגע מקודם:_x000B_חינוך: בי\"ס תיכון 24 כיתות  (+2 כיתות ח\"מ) +\nבי\"ס יסודי 18 כיתות (+2 כיתות ח\"מ) + אולם כדוריד (1500 מ\"ר) + 6 כיתות גן + 5 כיתות מעון\nתרבות וחברה: 3 אולמות מחול (750 מ\"ר) + אולם רב תכליתי (700 מ\"ר) + ג'ימבורי.\nדת: 2 בתי כנסת (600 מ\"ר)\nספורט: אולם בינוני (1040 מ\"ר) + 4 חדרי סטודיו (100 מ\"ר כ\"א) + חדר כושר (700 מ\"ר) \nשטחי חוץ: 3 מגרשי כדורסל קטנים + 2 מגרשי כדורסל תקניים מקוריים + בריכת שחייה + בריכת פעוטות + שטח נופש חיצוני (הכל 4000 מ\"ר)", "recommendations": "לעדכן בהתאם לקידום התכנית.", "position_source": "parcels_gush_helka", "_host_fids": [551]}}, {"type": "Feature", "geometry": {"type": "Point", "coordinates": [35.205743, 31.766607]}, "properties": {"mkbz_id": 47.0, "name": "התחדשות עירונית- טשרניחובסקי 32", "sub": "רסקו", "allocation": "הפרשה למבני ציבור בעירוב שימושים", "status": "הפרשה עתידית למבצ", "status_cat": "עתידי_הפרשה", "migrash": "101-0870865 / 2", "yeud": "מגורים ד'", "taba": "101-0870865 / 2", "gush_helka": "30121 / 17", "address": "טשרניחובסקי 32", "dunam": 0.85, "future_m2": "הפרשה מבונה לצרכי ציבור - 160 מ\"ר", "allowed_uses": "בקומת הקרקע ובקומה 1-, עבור קהילה ורווחה כגון: בית קפה קהילתי, מרכז פעילות שכונתי", "ownership": "פרטית", "existing_built": null, "potential": "נספח בינוי מנחה (מיקום שטח ציבורי מחייב)– שטח ציבורי", "recommendations": "מועדון יום לגיל השלישי במהלך היום\nלבחון שילוב שימוש אחר בשעות אחר הצהריים/ערב.", "position_source": "parcels_gush_helka"}}, {"type": "Feature", "geometry": {"type": "Point", "coordinates": [35.206386, 31.766488]}, "properties": {"mkbz_id": 48.0, "name": "פינוי בינוי דב קמחי-טשרניחובסקי", "sub": "רסקו", "allocation": "הפרשה למבני ציבור בעירוב שימושים", "status": "הפרשה עתידית למבצ", "status_cat": "עתידי_הפרשה", "migrash": "101-0502948 / 1", "yeud": "מגורים ד'", "taba": "101-0502948 / 1", "gush_helka": "30121 / 61,62,63,64,110", "address": ";", "dunam": 3.11, "future_m2": "הפרשה מבונה לצרכי ציבור– 441 מ\"ר", "allowed_uses": "מעונות יום", "ownership": "פרטית; רשות מקומית", "existing_built": null, "potential": "חוו\"ד מחלקת מדיניות תכנון: הקצאה מבונה: 3 כיתות מעון יום (441 מ\"ר+ 360 מ\"ר חצר) בחלקה 110 (פינה ימנית) נספח בינוי מחייב חלקית – מיקום שטחי הפרשה מבונה", "recommendations": "בהתאם למידע שעלה ממחלקת מדיניות תכנון וממנהל גינות העיר בנובמבר 2023, התכנית צפויה להשתנות ויש לעדכן את הפרוגרמה בהתאם.", "position_source": "parcels_gush_helka"}}, {"type": "Feature", "geometry": {"type": "Point", "coordinates": [35.203224, 31.764935]}, "properties": {"mkbz_id": 49.0, "name": "דוד שמעוני 22", "sub": "רסקו", "allocation": "הפרשה למבני ציבור בעירוב שימושים", "status": "הפרשה עתידית למבצ", "status_cat": "עתידי_הפרשה", "migrash": "101-0891747 / 1", "yeud": "מגורים ד'", "taba": "101-0891747 / 1", "gush_helka": "30185 / 18", "address": "דוד שמעוני 22", "dunam": 0.59, "future_m2": "דירת קלט עולים או דירת רווחה", "allowed_uses": "דירת קלט עולים או דירת רווחה", "ownership": "פרטית", "existing_built": null, "potential": "דירת קלט עולים או דירת רווחה", "recommendations": "דירת קלט עולים או דירת רווחה, בהתאם להחלטת אגף שירותי קהילה.", "position_source": "parcels_gush_helka"}}, {"type": "Feature", "geometry": {"type": "Point", "coordinates": [35.204605, 31.764297]}, "properties": {"mkbz_id": 50.0, "name": "התחדשות עירונית טשרניחובסקי 51 53", "sub": "רסקו", "allocation": "הפרשה למבני ציבור בעירוב שימושים", "status": "הפרשה עתידית למבצ", "status_cat": "עתידי_הפרשה", "migrash": "101-0794214 / 1", "yeud": "מגורים, מסחר ומבנים ומוסדות ציבור", "taba": "101-0794214 / 1", "gush_helka": "30185 / 49,50", "address": "טשרניחובסקי 51 53", "dunam": 0.59, "future_m2": "הפרשה מבונה לצרכי ציבור – 130 מ\"ר", "allowed_uses": "מבנה ציבור לגן ילדים", "ownership": "פרטית", "existing_built": null, "potential": "גן ילדים", "recommendations": "גן ילדים", "position_source": "plan_geometry"}}, {"type": "Feature", "geometry": {"type": "Point", "coordinates": [35.201072, 31.762494]}, "properties": {"mkbz_id": 51.0, "name": "התחדשות עירונית טשרניחובסקי 68-שמעוני 39", "sub": "רסקו", "allocation": "הפרשה למבני ציבור בעירוב שימושים", "status": "הפרשה עתידית למבצ", "status_cat": "עתידי_הפרשה", "migrash": "101-0690859 / 3", "yeud": "מגורים, תעסוקה ומבנים ומוסדות ציבור", "taba": "101-0690859 / 3", "gush_helka": "30122 / 62", "address": "שמעוני 39", "dunam": "לא רלוונטי", "future_m2": "הפרשה מבונה לצרכי ציבור של 450 מ\"ר עיקרי מעל לכניסה הקובעת.", "allowed_uses": "שימושים בעלי אופי ציבורי-תרבותי: שלוחת מתנ\"ס, ספריה, מבנה קהילתי ובית כנסת", "ownership": "פרטית", "existing_built": null, "potential": "200 מ\"ר למבנה קהילתי ו-250 מ\"ר לבית כנסת\nנספח הבינוי מנחה – בית כנסת ומבנה קהילה", "recommendations": "מוצע לשלב ספרייה", "position_source": "parcels_gush_helka", "_host_oids": [350870]}}, {"type": "Feature", "geometry": {"type": "Point", "coordinates": [35.201542, 31.762519]}, "properties": {"mkbz_id": 52.0, "name": "התחדשות עירונית טשרניחובסקי 68-שמעוני 39", "sub": "רסקו", "allocation": "הפרשה למבני ציבור בעירוב שימושים", "status": "הפרשה עתידית למבצ", "status_cat": "עתידי_הפרשה", "migrash": "101-0690859 / 2", "yeud": "מגורים, מסחר ומבנים ומוסדות ציבור", "taba": "101-0690859 / 2", "gush_helka": "30122 / 63", "address": "טשרניחובסקי 68", "dunam": "לא רלוונטי", "future_m2": "הפרשה מבונה לצרכי ציבור של 440 מ\"ר עיקרי מתחת לכניסה הקובעת.", "allowed_uses": "מעונות יום", "ownership": "פרטית", "existing_built": null, "potential": "נספח בינוי מנחה : מעונות יום", "recommendations": "א. לבחון האם נפל בוועדה מחוזית?\nב. אם נפל, מה מוצע במקום? (כרגע מוצג כשימוש יחיד מותר בהורואת התכנית)", "position_source": "parcels_gush_helka", "_host_oids": [350871, 350872]}}, {"type": "Feature", "geometry": {"type": "Point", "coordinates": [35.200484, 31.76186]}, "properties": {"mkbz_id": 53.0, "name": "התחדשות עירונית - התקופה 2-שמעוני 48-הרצוג", "sub": "רסקו", "allocation": "הפרשה למבני ציבור בעירוב שימושים", "status": "הפרשה עתידית למבצ", "status_cat": "עתידי_הפרשה", "migrash": "101-0550541 / 1", "yeud": "מגורים, מסחר ותעסוקה", "taba": "101-0550541 / 1", "gush_helka": "30122 / 5,6,7", "address": "התקופה 2-שמעוני 48", "dunam": "לא רלוונטי", "future_m2": "הפרשה מבונה לצרכי ציבור של 250 מ\"ר עיקרי", "allowed_uses": "שימושים בעלי אופי ציבורי תרבותי-קהילתי, כגון: שלוחת מתנ\"ס, ספריה, מבנה קהילתי ובית כנסת", "ownership": "פרטית; רשות מקומית", "existing_built": null, "potential": "חוו\"ד מחלקת מדיניות תכנון: שלוחת מתנ\"ס ו/או ספריה (גודל השטח שיופרש כפופים להחלטת היועמ\"ש והממונה על היטלי השבחה) נספח בינוי מנחה – קומה 4 (כניסה) – 245.8 מ\"ר", "recommendations": "מרכז קהילתי רב תכליתי לפי שעות", "position_source": "parcels_gush_helka"}}, {"type": "Feature", "geometry": {"type": "Point", "coordinates": [35.200483, 31.761631]}, "properties": {"mkbz_id": 54.0, "name": "התחדשות עירונית - התקופה 2-שמעוני 48-הרצוג", "sub": "רסקו", "allocation": "הפרשה למבני ציבור בעירוב שימושים", "status": "הפרשה עתידית למבצ", "status_cat": "עתידי_הפרשה", "migrash": "101-0550541 / 2", "yeud": "מגורים, מסחר ותעסוקה", "taba": "101-0550541 / 2", "gush_helka": "30122 / 6,7,8,106", "address": "התקופה 2-שמעוני 48", "dunam": "לא רלוונטי", "future_m2": "הפרשה מבונה לצרכי ציבור של 250 מ\"ר עיקרי", "allowed_uses": "שימושים בעלי אופי ציבורי תרבותי-קהילתי, כגון: שלוחת מתנ\"ס, ספריה, מבנה קהילתי ובית כנסת", "ownership": "פרטית; רשות מקומית", "existing_built": null, "potential": "חוו\"ד מחלקת מדיניות תכנון: שלוחת מתנ\"ס ו/או ספריה (גודל השטח שיופרש כפופים להחלטת היועמ\"ש והממונה על היטלי השבחה)\nנספח בינוי מנחה– קומה 4 (כניסה) – 245.8 מ\"ר", "recommendations": "מועדון לגיל השלישי + שילוב שימושים קהילתיים רב תכליתיים לפי שעות יחד עם מזהה 53.", "position_source": "parcels_gush_helka"}}, {"type": "Feature", "geometry": {"type": "Point", "coordinates": [35.204616, 31.760699]}, "properties": {"mkbz_id": 83.0, "name": "דיור להשכרה במרכז אורנים", "sub": "רסקו", "allocation": "הפרשה למבני ציבור בעירוב שימושים", "status": "הפרשה עתידית למבצ", "status_cat": "עתידי_הפרשה", "migrash": "101-0993139/ 1", "yeud": "מגורים ומסחר", "taba": "101-0993139/ 1", "gush_helka": "30006 / 132", "address": "שי עגנון 20", "dunam": 3.2, "future_m2": "הפרשה מבונה למוסדות ציבור: 220 מ\"ר (195 מ\"ר עיקרי + 25 מ\"ר שירות)", "allowed_uses": "שטחים מבונים לצרכי ציבור. \nהפרוגרמה תקבע לעת מתן היתר בניה ע\"י מהנדס העיר או מי מטעמו.\nמיקום מוסדות הציבור הינו לפי המסומן בנספח הבינוי. המיקום במפלס מחייב, ואילו המיקום הסופי במפלס עצמו ייקבע לעת מתן היתר בנייה בתאום עם מחלקת מבני ציבור.", "ownership": "רשות מקומית", "existing_built": null, "potential": "טיפת חלב", "recommendations": "טיפת חלב", "position_source": "parcels_gush_helka"}}, {"type": "Feature", "geometry": {"type": "Point", "coordinates": [35.194527, 31.753556]}, "properties": {"mkbz_id": 14.0, "name": "סן מרטין 23-25", "sub": "קטמונים ח-ט", "allocation": "הפרשה למבני ציבור בעירוב שימושים", "status": "הפרשה עתידית למבצ", "status_cat": "עתידי_הפרשה", "migrash": null, "yeud": "מגורים ד'", "taba": "101-0477240", "gush_helka": "1/30200", "address": "סן מרטין 23-25", "dunam": null, "future_m2": 200, "allowed_uses": "רווחה וקהילה", "ownership": "פרטית", "existing_built": null, "potential": null, "recommendations": "יש לוודא עם היזם הקצאת מוסדות הציבור ורישומם עבור העירייה עם מימוש התכנית על ידי אגף מבני ציבור", "position_source": "plan_geometry"}}, {"type": "Feature", "geometry": {"type": "Point", "coordinates": [35.194227, 31.755325]}, "properties": {"mkbz_id": 17.0, "name": "סן מרטין 3 פינוי בינוי", "sub": "קטמונים ח-ט", "allocation": "הפרשה למבני ציבור בעירוב שימושים", "status": "הפרשה עתידית למבצ", "status_cat": "עתידי_הפרשה", "migrash": null, "yeud": "מגורים ד'", "taba": "101-0565317", "gush_helka": "12/30199", "address": "סן מרטין 3", "dunam": null, "future_m2": 130, "allowed_uses": "גן ילדים", "ownership": "פרטית", "existing_built": null, "potential": "כיתת גן 1", "recommendations": "יש לוודא עם היזם הקצאת מוסדות הציבור ורישומם עבור העירייה עם מימוש התוכנית על ידי אגף מבני ציבור לרבות ביצוע מעבר ציבורי", "position_source": "plan_geometry"}}, {"type": "Feature", "geometry": {"type": "Point", "coordinates": [35.196001, 31.752704]}, "properties": {"mkbz_id": 13.0, "name": "קדמת גונן , בר יוחאי 5,7,11,13,15", "sub": "קטמונים ח-ט", "allocation": "הפרשה למבני ציבור בעירוב שימושים", "status": "הפרשה עתידית למבצ", "status_cat": "עתידי_הפרשה", "migrash": null, "yeud": "מגורים ד'", "taba": "101-0511923", "gush_helka": 30200, "address": "בר יוחאי 5,7,11,13,15", "dunam": 2.27, "future_m2": 1490, "allowed_uses": "חינוך, תרבות, דת, קהילה ובריאות", "ownership": "פרטית", "existing_built": null, "potential": "3 כיתות מעון, 4 כיתות גן בית כנסת 1 250 מ\"ר", "recommendations": "יש לוודא עם היזם הקצאת מוסדות הציבור ורישומם עבור העירייה בעת מתן היתר בנייה על ידי אגף מבני ציבור", "position_source": "plan_geometry"}}, {"type": "Feature", "geometry": {"type": "Point", "coordinates": [35.199189, 31.753831]}, "properties": {"mkbz_id": 23.0, "name": "בר יוחאי 1,3", "sub": "קטמונים ח-ט", "allocation": "הפרשה למבני ציבור בעירוב שימושים", "status": "הפרשה עתידית למבצ", "status_cat": "עתידי_הפרשה", "migrash": null, "yeud": "מגורים ד'", "taba": "101-1033869", "gush_helka": "17,18/30200", "address": "בר יוחאי 1,3", "dunam": null, "future_m2": 940, "allowed_uses": "מבנים ומוסדות חינוך, מבנים ומוסדות דת", "ownership": "פרטית", "existing_built": null, "potential": "4 כיתות גן, בית כנסת 300 מ\"ר", "recommendations": "יש לוודא עם היזם הקצאת שטח בעת אישור תכנית ולקראת הוצאת היתר בנייה. מחלקת מבני ציבור.", "position_source": "parcels_gush_helka"}}, {"type": "Feature", "geometry": {"type": "Point", "coordinates": [35.198794, 31.763292]}, "properties": {"mkbz_id": null, "name": "סן מרטין 18", "sub": "קטמונים ח-ט", "allocation": "הפרשה למבני ציבור בעירוב שימושים", "status": "הפרשה עתידית למבצ", "status_cat": "עתידי_הפרשה", "migrash": null, "yeud": null, "taba": null, "gush_helka": null, "address": "סן מרטין 18", "dunam": null, "future_m2": null, "allowed_uses": null, "ownership": null, "existing_built": null, "potential": null, "recommendations": null, "position_source": "street_avg"}}, {"type": "Feature", "geometry": {"type": "Point", "coordinates": [35.197112, 31.753958]}, "properties": {"mkbz_id": 18.0, "name": "בר יוחאי 4 ויצחק שדה 3", "sub": "קטמונים ח-ט", "allocation": "הפרשה למבני ציבור בעירוב שימושים", "status": "הפרשה עתידית למבצ", "status_cat": "עתידי_הפרשה", "migrash": null, "yeud": "מגורים מסחר ומבני ציבור", "taba": "101-0855668", "gush_helka": "31,121,123/30169", "address": "בר יוחאי 4 ויצחק שדה 3", "dunam": null, "future_m2": 2000, "allowed_uses": "מגורים, מסחר ומבני ציבור", "ownership": "פרטית", "existing_built": null, "potential": null, "recommendations": "יש לוודא עם היזם הקצאת מוסדות הציבור ורישומם עבור העירייה עם מימוש התוכנית על ידי אגף מבני ציבור לרבות ביצוע מעבר ציבורי לבי\"ס יסודי בתכנית", "position_source": "parcels_gush_helka", "_host_oids": [283059, 283060]}}, {"type": "Feature", "geometry": {"type": "Point", "coordinates": [35.196767, 31.754248]}, "properties": {"mkbz_id": 19.0, "name": "השומר 15 יצחק שדה 8", "sub": "קטמונים ח-ט", "allocation": "הפרשה למבני ציבור בעירוב שימושים", "status": "הפרשה עתידית למבצ", "status_cat": "עתידי_הפרשה", "migrash": null, "yeud": "מגורים ד'", "taba": "101-0950493", "gush_helka": "45,46/30169", "address": "השומר 15 יצחק שדה 8", "dunam": null, "future_m2": 530, "allowed_uses": null, "ownership": "פרטית", "existing_built": null, "potential": "4 כיתות מעון", "recommendations": "יש לוודא עם היזם הקצאת מוסדות ציבור ורישומם עבור העירייה עם הוצאת היתר בנייה על ידי אגף מבני ציבור לרבות ביצוע שצ\"פ בעת מימוש התכנית", "position_source": "parcels_gush_helka"}}, {"type": "Feature", "geometry": {"type": "Point", "coordinates": [35.192992, 31.752962]}, "properties": {"mkbz_id": 20.0, "name": "בר יוחאי / אלמליח", "sub": "קטמונים ח-ט", "allocation": "הפרשה למבני ציבור בעירוב שימושים", "status": "הפרשה עתידית למבצ", "status_cat": "עתידי_הפרשה", "migrash": null, "yeud": "מגורים ד'", "taba": "101-0855585", "gush_helka": "6,7,8,9,10,11,46/30199", "address": "בר יוחאי / אלמליח", "dunam": null, "future_m2": 3182, "allowed_uses": "מעון יום, בית כנסת, ושימושים נוספים", "ownership": null, "existing_built": null, "potential": "3 ממעון, בית כנסת 400 מ\"ר", "recommendations": null, "position_source": "parcels_gush_helka", "_host_oids": [341367]}}, {"type": "Feature", "geometry": {"type": "Point", "coordinates": [35.19578, 31.753889]}, "properties": {"mkbz_id": 15.0, "name": "יצחק שדה 16", "sub": "קטמונים ח-ט", "allocation": "הפרשה למבני ציבור בעירוב שימושים", "status": "הפרשה עתידית למבצ", "status_cat": "עתידי_הפרשה", "migrash": null, "yeud": "מגורים ד'", "taba": "101-1002054", "gush_helka": "90,93-95,97/30169", "address": "יצחק שדה 16", "dunam": null, "future_m2": 4000, "allowed_uses": "מעון יום, בית כנסת", "ownership": "פרטית", "existing_built": null, "potential": "3 כיתות מעון, בית כנסת 300 מ\"ר", "recommendations": "יש לוודא עם היזם הקצאת מוסדות הציבור ורישומם עבור העירייה עם מימוש התוכנית על ידי אגף מבני ציבור. היקף השטחים הציבורים מאפשר מיקום של שימוש�", "position_source": "plan_geometry"}}, {"type": "Feature", "geometry": {"type": "Point", "coordinates": [35.193266, 31.755817]}, "properties": {"mkbz_id": 22.0, "name": "סן מרטין 4-6", "sub": "קטמונים ח-ט", "allocation": "הפרשה למבני ציבור בעירוב שימושים", "status": "הפרשה עתידית למבצ", "status_cat": "עתידי_הפרשה", "migrash": null, "yeud": "עירוני מעורב", "taba": "101-1069764", "gush_helka": "3/30199", "address": "סן מרטין 4-6", "dunam": null, "future_m2": 2196, "allowed_uses": "עירוני מעורב", "ownership": "פרטית", "existing_built": null, "potential": "3 כיתות מעון, 2 כיתות גן, בית כנסת 500 מ\"ר", "recommendations": "יש לוודא עם היזם הקצאת שטח בעת  אישור תכנית ולקראת הוצאת היתר בנייה. מחלקת מבני ציבור..", "position_source": "parcels_gush_helka"}}, {"type": "Feature", "geometry": {"type": "Point", "coordinates": [35.196059, 31.753274]}, "properties": {"mkbz_id": 16.0, "name": "סן מרטין 28-30 ובר יוחאי 10", "sub": "קטמונים ח-ט", "allocation": "הפרשה למבני ציבור בעירוב שימושים", "status": "הפרשה עתידית למבצ", "status_cat": "עתידי_הפרשה", "migrash": null, "yeud": "מגורים ד'", "taba": "101-1008176", "gush_helka": "8,6,32,29,9,27-28/30200", "address": "סן מרטין 28-30 ובר יוחאי 10", "dunam": null, "future_m2": 510, "allowed_uses": "מגורים, חינוך, דת", "ownership": "פרטית", "existing_built": null, "potential": "2 כיתות גן, בית כנסת 250 מ\"ר", "recommendations": "יש לוודא עם היזם הקצאת מוסדות הציבור ורישומם עבור העירייה עם הוצאת היתר בנייה ומימוש התוכנית על ידי אגף מבני ציבור לרבות ביצוע מעבר ציבורי �", "position_source": "parcels_gush_helka"}}, {"type": "Feature", "geometry": {"type": "Point", "coordinates": [35.195129, 31.7564]}, "properties": {"mkbz_id": 21.0, "name": "סן-מרטין 1", "sub": "קטמונים ח-ט", "allocation": "הפרשה למבני ציבור בעירוב שימושים", "status": "הפרשה עתידית למבצ", "status_cat": "עתידי_הפרשה", "migrash": null, "yeud": "מגורים ד'", "taba": "101-0987016", "gush_helka": "9,84/30169", "address": "סן-מרטין 1", "dunam": null, "future_m2": 1230, "allowed_uses": "מגורים ד'", "ownership": "פרטית", "existing_built": null, "potential": "3 כיתות מעון, 2 כיתות גן, בית כנסת 400 מ\"ר", "recommendations": "לאחר אישור התכנית יש לוודא עם היזם הקצאת מוסדות ציבור ורישומם עבור העירייה עם הוצאת היתר בנייה בנייה על ידי אגף מבני ציבור", "position_source": "parcels_gush_helka"}}, {"type": "Feature", "geometry": {"type": "Point", "coordinates": [35.198794, 31.763292]}, "properties": {"mkbz_id": null, "name": "סן מרטין 13-17 / רבי צדוק 11", "sub": "קטמונים ח-ט", "allocation": "הפרשה למבני ציבור בעירוב שימושים", "status": "הפרשה עתידית למבצ", "status_cat": "עתידי_הפרשה", "migrash": null, "yeud": null, "taba": null, "gush_helka": null, "address": "סן מרטין 13-17 / רבי צדוק 11", "dunam": null, "future_m2": null, "allowed_uses": null, "ownership": null, "existing_built": null, "potential": null, "recommendations": null, "position_source": "street_avg"}}, {"type": "Feature", "geometry": {"type": "Point", "coordinates": [35.198794, 31.763292]}, "properties": {"mkbz_id": null, "name": "סן מרטין 7-11 / רבי צדוק 13-15", "sub": "קטמונים ח-ט", "allocation": "הפרשה למבני ציבור בעירוב שימושים", "status": "הפרשה עתידית למבצ", "status_cat": "עתידי_הפרשה", "migrash": null, "yeud": null, "taba": null, "gush_helka": null, "address": "סן מרטין 7-11 / רבי צדוק 13-15", "dunam": null, "future_m2": null, "allowed_uses": null, "ownership": null, "existing_built": null, "potential": null, "recommendations": null, "position_source": "street_avg"}}, {"type": "Feature", "geometry": {"type": "Point", "coordinates": [35.193603, 31.753921]}, "properties": {"mkbz_id": 24.0, "name": "סן מרטין 19-21", "sub": "קטמונים ח-ט", "allocation": "הפרשה למבני ציבור בעירוב שימושים", "status": "הפרשה עתידית למבצ", "status_cat": "עתידי_הפרשה", "migrash": null, "yeud": "מגורים ד'", "taba": "101-1019157", "gush_helka": "27-30,92/30199", "address": "סן מרטין 19-21", "dunam": null, "future_m2": 610, "allowed_uses": "חינוך", "ownership": "פרטית", "existing_built": null, "potential": "2 כיתות גן", "recommendations": "יש לוודא עם היזם הקצאת שטח בעת אישור תכנית ולקראת הוצאת היתר בנייה. מחלקת מבני ציבור.", "position_source": "parcels_gush_helka"}}, {"type": "Feature", "geometry": {"type": "Point", "coordinates": [35.196166, 31.75486]}, "properties": {"mkbz_id": 2.0, "name": "השומר 8", "sub": "קטמונים ח-ט", "allocation": "קרקע למבני ציבור", "status": "שבצ מאושר", "status_cat": "קיים", "migrash": null, "yeud": "מבנים ומוסדות ציבור", "taba": "Zg69/1448", "gush_helka": "30/30169", "address": "השומר 8", "dunam": 0.52, "future_m2": 436, "allowed_uses": null, "ownership": null, "existing_built": 152, "potential": null, "recommendations": null, "position_source": "parcels_gush_helka", "_host_fids": [1643]}}, {"type": "Feature", "geometry": {"type": "Point", "coordinates": [35.196166, 31.75486]}, "properties": {"mkbz_id": 3.0, "name": "מרגולין 3", "sub": "קטמונים ח-ט", "allocation": "קרקע למבני ציבור", "status": "שבצ מאושר", "status_cat": "קיים", "migrash": null, "yeud": "מבנים ומוסדות ציבור", "taba": "1448/Zc69", "gush_helka": "30/30169", "address": "מרגולין 3", "dunam": 0.52, "future_m2": 436, "allowed_uses": "שטח לבנייני ציבור", "ownership": "רמ\"י", "existing_built": 100, "potential": null, "recommendations": null, "position_source": "parcels_gush_helka", "_host_fids": [1643]}}, {"type": "Feature", "geometry": {"type": "Point", "coordinates": [35.19802, 31.753561]}, "properties": {"mkbz_id": 7.0, "name": "קדמת גונן , בר יוחאי 5,7,11,13,15", "sub": "קטמונים ח-ט", "allocation": "קרקע למבני ציבור", "status": "שבצ עתידי", "status_cat": "עתידי", "migrash": null, "yeud": "מבנים ומוסדות ציבור", "taba": "101-511923", "gush_helka": "14/30200", "address": "קדמת גונן , בר יוחאי 5,7,11,13,15", "dunam": 2.27, "future_m2": 5000, "allowed_uses": "חינוך, תרבות, דת, קהילה ובריאות", "ownership": "עיריית ירושלים", "existing_built": null, "potential": null, "recommendations": "יש לקדם תכנון מפורט של מבני הציבור כחלק מתכנית מתחם קנגורו לרבות בחינת השלביות ובהתחשב במימוש תכנית הפינוי בינוי. באחריות אגף מבני ציבור לת", "position_source": "parcels_gush_helka", "_host_oids": [165160, 429065, 471469]}}, {"type": "Feature", "geometry": {"type": "Point", "coordinates": [35.194388, 31.752948]}, "properties": {"mkbz_id": 6.0, "name": "בר יוחאי 12-16 סן מרטין 22-26", "sub": "קטמונים ח-ט", "allocation": "קרקע למבני ציבור", "status": "שבצ עתידי", "status_cat": "עתידי", "migrash": null, "yeud": "מבנים ומוסדות ציבור", "taba": "101-1063957", "gush_helka": "34/30199", "address": "בר יוחאי 12-16 סן מרטין 22-26", "dunam": 1.2, "future_m2": 2880, "allowed_uses": "שטחים פתוחים ומבנים למוסדות ציבור", "ownership": "עיריית ירושלים", "existing_built": 426, "potential": "3 כיתות גן, בית כנסת אחד", "recommendations": "לעת אישור התכנית יש לתאם תכנון מוסדות ציבור מול מנח\"י. מוצע לבחון אפשרות לתוספת של בית כנסת קטן נוסף", "position_source": "parcels_gush_helka"}}, {"type": "Feature", "geometry": {"type": "Point", "coordinates": [35.193266, 31.755817]}, "properties": {"mkbz_id": 10.0, "name": "סן מרטין 4-6", "sub": "קטמונים ח-ט", "allocation": "קרקע למבני ציבור", "status": "שבצ עתידי", "status_cat": "עתידי", "migrash": null, "yeud": "מבנים ומוסדות ציבור", "taba": "101-1069764", "gush_helka": "3/30199", "address": "סן מרטין 4-6", "dunam": 2.5, "future_m2": 9030, "allowed_uses": "בית ספר, קהילה, פנאי ותרבות", "ownership": "עיריית ירושלים", "existing_built": null, "potential": "12 כיתות יסודי", "recommendations": "לעת אישור תכנית ולקראת הוצאת היתר בנייה מחלקת מבני ציבור תתאם תכנון  מוסדות ציבור מול מנח\"י.", "position_source": "parcels_gush_helka", "_host_oids": [473748]}}, {"type": "Feature", "geometry": {"type": "Point", "coordinates": [35.197368, 31.756633]}, "properties": {"mkbz_id": 9.0, "name": "צומת פת (מתחם אגד)", "sub": "קטמונים ח-ט", "allocation": "קרקע למבני ציבור", "status": "שבצ עתידי", "status_cat": "עתידי", "migrash": null, "yeud": "מבנים ומוסדות ציבור", "taba": "101-0252379", "gush_helka": "68,69 (3/30170)/30169", "address": "צומת פת (מתחם אגד)", "dunam": 0.95, "future_m2": 3105, "allowed_uses": "מעונות יום, גני ילדים, בית כנסת, לשכת רווחה, שלוחת מתנ\"ס", "ownership": "עיריית ירושלים", "existing_built": null, "potential": "3 כיתות מעון, 2 כיתות גן, בית כנסת אחד", "recommendations": "לעת הוצאת היתר בנייה מחלקת מבני ציבור תתאם תכנון  מוסדות ציבור מול מנח\"י.", "position_source": "plan_geometry"}}, {"type": "Feature", "geometry": {"type": "Point", "coordinates": [35.194289, 31.754585]}, "properties": {"mkbz_id": 1.0, "name": "גבעת גונן", "sub": "קטמונים ח-ט", "allocation": "קרקע למבני ציבור", "status": "שבצ עתידי", "status_cat": "עתידי", "migrash": null, "yeud": null, "taba": "101-1166586", "gush_helka": 30199, "address": "גבעת גונן", "dunam": 2.28, "future_m2": 30508, "allowed_uses": null, "ownership": "עיריית ירושלים + רמ\"י", "existing_built": 10653, "potential": "6 כיתות מעון, 8 כיתות גן, 48 כיתות יסודי, 42 כיתות על-יסודי, 2 בתי כנסת", "recommendations": null, "position_source": "plan_geometry"}}, {"type": "Feature", "geometry": {"type": "Point", "coordinates": [35.193603, 31.753921]}, "properties": {"mkbz_id": 11.0, "name": "סן מרטין 19-21", "sub": "קטמונים ח-ט", "allocation": "קרקע למבני ציבור", "status": "שבצ עתידי", "status_cat": "עתידי", "migrash": null, "yeud": "מבנים ומוסדות ציבור", "taba": "101-1019157", "gush_helka": "27-30, 92/30199", "address": "סן מרטין 19-21", "dunam": 0.97, "future_m2": 1450, "allowed_uses": "בית כנסת", "ownership": "עיריית ירושלים", "existing_built": 1450, "potential": "2 בתי כנסת", "recommendations": "יש לוודא עם היזם הקצאת שטח בעת אישור תכנית ולקראת הוצאת היתר בנייה. מחלקת מבני ציבור.", "position_source": "parcels_gush_helka", "_host_oids": [496772, 496946]}}, {"type": "Feature", "geometry": {"type": "Point", "coordinates": [35.198505, 31.753079]}, "properties": {"mkbz_id": 5.0, "name": "מתחם קנגורו", "sub": "קטמונים ח-ט", "allocation": "קרקע למבני ציבור", "status": "שבצ עתידי", "status_cat": "עתידי", "migrash": null, "yeud": "מבנים ומוסדות ציבור", "taba": null, "gush_helka": "15,16/30200", "address": "מתחם קנגורו", "dunam": 2.4, "future_m2": 72316, "allowed_uses": null, "ownership": "עיריית ירושלים", "existing_built": null, "potential": "9 כיתות מעון, 6 כיתות גן, 24 כיתות יסודי, 42 כיתות על-יסודי, 2 בתי כנסת", "recommendations": "יש לקדם את תכנון שלביות הפרוייקט על ידי אגף מבני ציבור בשיתוף מנח\"י לרבות שילוב עם תכנית קדמת גונן\nמימוש בחומש 2 (2035)", "position_source": "parcels_gush_helka", "_host_oids": [165160, 429065, 471469, 471470, 471471]}}, {"type": "Feature", "geometry": {"type": "Point", "coordinates": [35.197464, 31.754813]}, "properties": {"mkbz_id": 4.0, "name": "השומר 5-7", "sub": "קטמונים ח-ט", "allocation": "קרקע למבני ציבור", "status": "שבצ עתידי", "status_cat": "עתידי", "migrash": null, "yeud": "מבנים ומוסדות ציבור", "taba": "2409", "gush_helka": "50,51,52/30169", "address": "השומר 5-7", "dunam": 1.93, "future_m2": null, "allowed_uses": null, "ownership": null, "existing_built": 645, "potential": null, "recommendations": "יש לפתור את הסוגיות הקנייניות שבעטיין קידום התכנית נעצר. לביצוע בחומש 1 באחריות מבני ציבור", "position_source": "parcels_gush_helka"}}, {"type": "Feature", "geometry": {"type": "Point", "coordinates": [35.198284, 31.754276]}, "properties": {"mkbz_id": 12.0, "name": "פת/בר יוחאי", "sub": "קטמונים ח-ט", "allocation": "הפרשה למבני ציבור בעירוב שימושים", "status": "הפרשה עתידית למבצ", "status_cat": "עתידי_הפרשה", "migrash": null, "yeud": "מגורים ד'", "taba": "101-666032", "gush_helka": "60, 61 ,98,99,100,109/30169", "address": "פת/בר יוחאי", "dunam": 4.75, "future_m2": 1490, "allowed_uses": "מגורים ד'", "ownership": "פרטית", "existing_built": null, "potential": "2 כיתות גן, בית כנסת 250 מ\"ר", "recommendations": "יש לוודא עם היזם את הקצאת מוסדות הציבור ורישומם עבור העירייה\nבית כנסת יינתן ברמת גמר\nאחריות מבני ציבור. ביצוע בעת מימוש התכנית", "position_source": "projector_gonenim"}}, {"type": "Feature", "geometry": {"type": "Point", "coordinates": [35.198684, 31.754476]}, "properties": {"mkbz_id": 8.0, "name": "פת/בר יוחאי", "sub": "קטמונים ח-ט", "allocation": "קרקע למבני ציבור", "status": "שבצ עתידי", "status_cat": "עתידי", "migrash": null, "yeud": "מבנים ומוסדות ציבור", "taba": "101-666032", "gush_helka": "60, 61 ,98,99,100,109/30169", "address": "פת/בר יוחאי", "dunam": 1.8, "future_m2": 3025, "allowed_uses": "שטח למבנים ומוסדות ציבור", "ownership": "עיריית ירושלים", "existing_built": null, "potential": "12 כיתות יסודי, בית כנסת 250 מ\"ר", "recommendations": "אגף מבני ציבור יקדם עם מנח\"י את תכנון ביה\"ס לאור המורכבות הרבה בשילוב עם פרוייקט המגורים והצורך בשילוב עם תכנית מצרנית 101-0855668.\n  ביצוע בעת מימ", "position_source": "projector_gonenim"}}, {"type": "Feature", "geometry": {"type": "Point", "coordinates": [35.19786, 31.755662]}, "properties": {"mkbz_id": 25.0, "name": "בית שוויץ", "sub": "קטמונים ח-ט", "allocation": "קרקע למבני ציבור", "status": "שבצ עתידי", "status_cat": "עתידי", "migrash": null, "yeud": null, "taba": null, "gush_helka": null, "address": "בית שוויץ", "dunam": null, "future_m2": null, "allowed_uses": null, "ownership": null, "existing_built": null, "potential": null, "recommendations": null, "position_source": "projector_gonenim"}}]}