{"type": "FeatureCollection", "name": "mosadot_moch", "features": [{"type": "Feature", "properties": {"id": "104380", "category": "דת", "type": "כנסייה, מנזר", "name": "רטיסבון", "address": "שמואל הנגיד 26", "target_population": "כללי", "use": "ציבורי", "gross_area": "5356", "taba_id": "9988", "planning_plot": "314", "information_source": "בנטל", "position_source": "landuse_xplan_any"}, "geometry": {"type": "Point", "coordinates": [35.20851904535361, 31.77962685043328]}}, {"type": "Feature", "properties": {"id": "104387", "category": "דת", "type": "כנסייה, מנזר", "name": "לזריסטי", "address": "גרשון אגרון 20", "target_population": "כללי", "use": "ציבורי", "gross_area": "598", "taba_id": "30036ג", "planning_plot": "5054", "information_source": "בנטל", "position_source": "landuse_xplan_any"}, "geometry": {"type": "Point", "coordinates": [35.20851904535361, 31.77962685043328]}}, {"type": "Feature", "properties": {"id": "104644", "category": "דת", "type": "בית כנסת", "name": "אוהל אברהם", "address": "אוסישקין 30", "target_population": "דתי", "use": "ציבורי", "gross_area": "616.6", "taba_id": "910", "planning_plot": "ו", "information_source": "בנטל", "position_source": "landuse_xplan_any"}, "geometry": {"type": "Point", "coordinates": [35.20851904535361, 31.77962685043328]}}, {"type": "Feature", "properties": {"id": "106223", "category": "דת", "type": "בית כנסת", "name": "בית כנסת", "address": "אפרתה 23", "target_population": "דתי", "use": "ציבורי", "gross_area": "607.9", "taba_id": "1721 1721", "planning_block": "30115", "planning_parcel": "112", "planning_plot": "4057 5156", "information_source": "בנטל", "position_source": "yiud_karka_any"}, "geometry": {"type": "Point", "coordinates": [35.222245313247875, 31.751855867110322]}}, {"type": "Feature", "properties": {"id": "106282", "category": "דת", "type": "בית כנסת", "name": "שבח חיים", "address": "שדה יצחק 1 ג", "target_population": "דתי", "use": "ציבורי", "gross_area": "35", "taba_id": "13246", "planning_block": "30169", "planning_parcel": "60", "planning_plot": "1", "information_source": "בנטל", "position_source": "yiud_karka_any"}, "geometry": {"type": "Point", "coordinates": [35.198521022535935, 31.754630455519003]}}, {"type": "Feature", "properties": {"id": "106337", "category": "תרבות וקהילה", "type": "אולם מופעים, היכל תרבות", "name": "מרכז העמים לנוער - בית יהודית", "address": "עמק רפאים 12", "target_population": "כללי", "use": "ציבורי", "gross_area": "2688", "taba_id": "2154", "planning_block": "30012", "planning_parcel": "35", "planning_plot": "5", "information_source": "בנטל", "position_source": "yiud_karka_taba"}, "geometry": {"type": "Point", "coordinates": [35.221512436242136, 31.76613650847521]}}, {"type": "Feature", "properties": {"id": "106621", "category": "תרבות וקהילה", "type": "מועדון נוער", "name": "השומר הצעיר קן גונן אליאב", "address": "אליעזר מרגולין 3", "target_population": "כללי", "use": "ציבורי", "gross_area": "291.7", "taba_id": "1448", "planning_block": "30169", "planning_parcel": "28", "planning_plot": "28", "information_source": "בנטל", "position_source": "yiud_karka_taba"}, "geometry": {"type": "Point", "coordinates": [35.1954592990339, 31.754673023234403]}}, {"type": "Feature", "properties": {"id": "107423", "category": "דת", "type": "בית כנסת", "name": "בית כנסת", "address": "דרך בית לחם 103", "target_population": "דתי", "use": "ציבורי", "gross_area": "694", "taba_id": "920", "planning_block": "30187", "planning_parcel": "68", "planning_plot": "2007", "information_source": "בנטל", "position_source": "yiud_karka_any"}, "geometry": {"type": "Point", "coordinates": [35.218150527762965, 31.75068129642254]}}, {"type": "Feature", "properties": {"id": "107426", "category": "דת", "type": "בית כנסת", "name": "בית שלמה", "address": "דרך בית לחם 120", "target_population": "דתי", "use": "ציבורי", "gross_area": "138.5", "taba_id": "974", "planning_block": "30187", "planning_parcel": "47", "planning_plot": "24", "information_source": "בנטל", "position_source": "yiud_karka_any"}, "geometry": {"type": "Point", "coordinates": [35.21817981065512, 31.752667746094442]}}, {"type": "Feature", "properties": {"id": "107672", "category": "דת", "type": "בית כנסת", "name": "בית כנסת קהל ישראל", "address": "שמעון 13", "target_population": "דתי", "use": "ציבורי", "gross_area": "245.6", "taba_id": "3770", "planning_block": "30014", "planning_parcel": "20", "planning_plot": "30014/20", "information_source": "בנטל", "position_source": "yiud_karka_taba"}, "geometry": {"type": "Point", "coordinates": [35.22183837679005, 31.76245683833458]}}, {"type": "Feature", "properties": {"id": "107689", "category": "דת", "type": "בית כנסת", "name": "חסדי אמת", "address": "הצפירה 20", "target_population": "דתי", "use": "ציבורי", "gross_area": "238", "taba_id": "2878", "planning_block": "30010", "planning_parcel": "24", "planning_plot": "30010/24", "information_source": "בנטל", "position_source": "yiud_karka_any"}, "geometry": {"type": "Point", "coordinates": [35.21744785662432, 31.76540931316536]}}, {"type": "Feature", "properties": {"id": "107702", "category": "דת", "type": "בית כנסת", "name": "כורש", "address": "יוסי בן יועזר 36", "target_population": "דתי", "use": "ציבורי", "gross_area": "383.4", "taba_id": "4618", "planning_block": "30143", "planning_parcel": "189", "planning_plot": "2", "information_source": "בנטל", "position_source": "yiud_karka_taba"}, "geometry": {"type": "Point", "coordinates": [35.20606295014623, 31.753328109340117]}}, {"type": "Feature", "properties": {"id": "107708", "category": "דת", "type": "בית כנסת", "name": "שערי השמים", "address": "אמציה 12", "target_population": "דתי", "use": "ציבורי", "gross_area": "521.2", "taba_id": "2878", "planning_block": "30004", "planning_parcel": "37", "planning_plot": "4/37", "information_source": "בנטל", "position_source": "yiud_karka_taba"}, "geometry": {"type": "Point", "coordinates": [35.20779471796562, 31.764299147656985]}}, {"type": "Feature", "properties": {"id": "107863", "category": "תרבות וקהילה", "type": "מועדון קהילתי כולל מרכז צעירים", "name": "מרכז פיס קהילתי", "address": "אליעזר הגדול 4", "target_population": "כללי", "use": "ציבורי", "gross_area": "1000", "taba_id": "1365", "planning_block": "30143", "planning_parcel": "165", "planning_plot": "70", "information_source": "בנטל", "position_source": "yiud_karka_taba"}, "geometry": {"type": "Point", "coordinates": [35.204044451839216, 31.75447684308311]}}, {"type": "Feature", "properties": {"id": "107869", "category": "דת", "type": "בית כנסת", "name": "אליהו הנביא", "address": "רבי שמעון בן גמליאל 3", "target_population": "דתי", "use": "ציבורי", "gross_area": "231", "taba_id": "3232", "planning_block": "30173", "planning_parcel": "33", "planning_plot": "3", "information_source": "בנטל", "position_source": "yiud_karka_taba"}, "geometry": {"type": "Point", "coordinates": [35.209800490379514, 31.756322207239663]}}, {"type": "Feature", "properties": {"id": "107985", "category": "דת", "type": "בית כנסת", "name": "בית כנסת", "address": "הסדנא 21", "target_population": "דתי", "use": "ציבורי", "gross_area": "227", "taba_id": "3302", "planning_block": "30142", "planning_parcel": "29", "planning_plot": "11", "information_source": "בנטל", "position_source": "yiud_karka_taba"}, "geometry": {"type": "Point", "coordinates": [35.211381985020815, 31.75009745991618]}}, {"type": "Feature", "properties": {"id": "108032", "category": "דת", "type": "בית כנסת", "name": "קהילת יעקב", "address": "יהודה 2", "target_population": "דתי", "use": "ציבורי", "gross_area": "310.9", "taba_id": "3770", "planning_block": "30013", "planning_parcel": "74", "planning_plot": "2008", "information_source": "בנטל", "position_source": "yiud_karka_taba"}, "geometry": {"type": "Point", "coordinates": [35.22195468312243, 31.75653924026906]}}, {"type": "Feature", "properties": {"id": "108040", "category": "דת", "type": "בית כנסת", "name": "בית כנסת תקוותינו", "address": "זרובבל ליד 2", "target_population": "דתי", "use": "ציבורי", "gross_area": "65", "taba_id": "3770", "planning_block": "30015", "planning_parcel": "69", "planning_plot": "30015/69", "information_source": "בנטל", "position_source": "yiud_karka_taba"}, "geometry": {"type": "Point", "coordinates": [35.221460891462634, 31.758792212189064]}}, {"type": "Feature", "properties": {"id": "108079", "category": "דת", "type": "בית כנסת", "name": "הנשיא", "address": "אוסישקין 24", "target_population": "דתי", "use": "ציבורי", "gross_area": "726", "taba_id": "2885", "planning_plot": "30038/144", "information_source": "בנטל", "position_source": "yiud_karka_any"}, "geometry": {"type": "Point", "coordinates": [35.213082949898656, 31.776200261629207]}}, {"type": "Feature", "properties": {"id": "109235", "category": "דת", "type": "מקווה טוהרה", "name": "מקווה", "address": "הורקניה 10", "target_population": "דתי", "use": "ציבורי", "gross_area": "171.6", "taba_id": "62", "planning_block": "30171", "planning_parcel": "89", "planning_plot": "2309", "information_source": "בנטל", "position_source": "yiud_karka_any"}, "geometry": {"type": "Point", "coordinates": [35.201487058535434, 31.75640956524911]}}, {"type": "Feature", "properties": {"id": "109514", "category": "דת", "type": "כנסייה, מנזר", "name": "האחיות רוזרי", "address": "אגרון 14", "target_population": "כללי", "use": "ציבורי", "gross_area": "4288", "taba_id": "30036ג", "planning_plot": "5059", "information_source": "בנטל", "position_source": "landuse_xplan_any"}, "geometry": {"type": "Point", "coordinates": [35.20851904535361, 31.77962685043328]}}, {"type": "Feature", "properties": {"id": "109695", "category": "דת", "type": "בית כנסת", "name": "ברית שלום", "address": "השומר 51", "target_population": "דתי", "use": "ציבורי", "gross_area": "152.5", "taba_id": "1448", "planning_block": "30169", "planning_parcel": "30", "planning_plot": "30", "information_source": "בנטל", "position_source": "yiud_karka_taba"}, "geometry": {"type": "Point", "coordinates": [35.19614161723118, 31.754883081257177]}}, {"type": "Feature", "properties": {"id": "111170", "category": "דת", "type": "בית כנסת", "name": "תפארת ישראל", "address": "יותם 5", "target_population": "דתי", "use": "ציבורי", "gross_area": "584.3", "taba_id": "2878", "planning_block": "30004", "planning_parcel": "39", "planning_plot": "30004/39", "information_source": "בנטל", "position_source": "yiud_karka_taba"}, "geometry": {"type": "Point", "coordinates": [35.21476966929105, 31.76322147505169]}}, {"type": "Feature", "properties": {"id": "111505", "category": "דת", "type": "בית כנסת", "name": "בי\"כ הגדול היכל שלמה", "address": "המלך ג'ורג' 58", "target_population": "דתי", "use": "ציבורי", "gross_area": "2888.5", "taba_id": "9988", "planning_plot": "312", "information_source": "בנטל", "position_source": "landuse_xplan_any"}, "geometry": {"type": "Point", "coordinates": [35.20851904535361, 31.77962685043328]}}, {"type": "Feature", "properties": {"id": "112114", "category": "דת", "type": "בית כנסת", "name": "בית יהודה", "address": "ניתאי הארבלי 38", "target_population": "דתי", "use": "ציבורי", "gross_area": "102.7", "taba_id": "4565א", "planning_block": "30144", "planning_parcel": "188", "planning_plot": "2002", "information_source": "בנטל", "position_source": "yiud_karka_taba"}, "geometry": {"type": "Point", "coordinates": [35.20103685353038, 31.752418498155635]}}, {"type": "Feature", "properties": {"id": "114225", "category": "דת", "type": "כנסייה, מנזר", "name": "היווני", "address": "מעלה זאב 8", "target_population": "כללי", "use": "ציבורי", "gross_area": "780", "taba_id": "62", "planning_block": "30006", "planning_parcel": "76", "planning_plot": "2304", "information_source": "בנטל", "position_source": "yiud_karka_any"}, "geometry": {"type": "Point", "coordinates": [35.205892806364034, 31.761172778722504]}}, {"type": "Feature", "properties": {"id": "114390", "category": "דת", "type": "בית כנסת", "name": "בית כנסת מרדכי היהודי", "address": "מרדכי היהודי ליד 12", "target_population": "דתי", "use": "ציבורי", "gross_area": "38.6", "taba_id": "3770", "planning_block": "30013", "planning_parcel": "55", "planning_plot": "2035", "information_source": "בנטל", "position_source": "yiud_karka_taba"}, "geometry": {"type": "Point", "coordinates": [35.22080577462886, 31.762282208359487]}}, {"type": "Feature", "properties": {"id": "114533", "category": "תרבות וקהילה", "type": "מועדון נוער", "name": "מועדון דלת פתוחה", "address": "רד\"ק 2", "target_population": "כללי", "use": "ציבורי", "gross_area": "304.4", "taba_id": "9988", "planning_block": "30025", "planning_parcel": "36", "planning_plot": "34", "information_source": "בנטל", "position_source": "yiud_karka_taba"}, "geometry": {"type": "Point", "coordinates": [35.213435904010886, 31.773225568206673]}}, {"type": "Feature", "properties": {"id": "114602", "category": "דת", "type": "בית כנסת", "name": "היכל דוד", "address": "ברל לוקר 26", "target_population": "דתי", "use": "ציבורי", "gross_area": "314", "taba_id": "1599ב", "planning_block": "30501", "planning_parcel": "46", "planning_plot": "9", "information_source": "בנטל", "position_source": "yiud_karka_any"}, "geometry": {"type": "Point", "coordinates": [35.201926337960245, 31.748981042873503]}}, {"type": "Feature", "properties": {"id": "114704", "category": "דת", "type": "בית כנסת", "name": "בית אל", "address": "ברניקי 13", "target_population": "דתי", "use": "ציבורי", "gross_area": "291", "taba_id": "2696", "planning_block": "30171", "planning_parcel": "48", "planning_plot": "30171/48", "information_source": "בנטל", "position_source": "yiud_karka_taba"}, "geometry": {"type": "Point", "coordinates": [35.20016552721655, 31.757957558782387]}}, {"type": "Feature", "properties": {"id": "114790", "category": "דת", "type": "בית כנסת", "name": "בית כנסת-מאיר", "address": "אלכסנדריון 19", "target_population": "דתי", "use": "ציבורי", "gross_area": "116", "taba_id": "101-0110510", "planning_block": "30143", "planning_parcel": "203", "planning_plot": "60", "information_source": "בנטל", "position_source": "yiud_karka_taba"}, "geometry": {"type": "Point", "coordinates": [35.20315809273563, 31.753500904885655]}}, {"type": "Feature", "properties": {"id": "121488", "category": "ספורט", "type": "אולם ספורט, התעמלות", "name": "סטודיו התעמלות- בי''ס ליפתא", "address": "רחל אמנו 27", "target_population": "כללי", "use": "ציבורי", "gross_area": "200", "taba_id": "2878", "planning_block": "30004", "planning_parcel": "2", "planning_plot": "30004/2", "information_source": "משרד התרבות והספורט", "position_source": "yiud_karka_taba"}, "geometry": {"type": "Point", "coordinates": [35.21370141445291, 31.76365394858886]}}, {"type": "Feature", "properties": {"id": "121494", "category": "ספורט", "type": "אולם ספורט, התעמלות", "name": "אולם כדורסל פיס - תיכון דנמרק", "address": "אליעזר הגדול 4", "target_population": "כללי", "use": "ציבורי", "gross_area": "1000", "taba_id": "1365", "planning_block": "30143", "planning_parcel": "165", "planning_plot": "70", "information_source": "משרד התרבות והספורט", "position_source": "yiud_karka_taba"}, "geometry": {"type": "Point", "coordinates": [35.204044451839216, 31.75447684308311]}}, {"type": "Feature", "properties": {"id": "121496", "category": "ספורט", "type": "אולם ספורט, התעמלות", "name": "המרכז לאומניות לחימה", "address": "דרך דוד בנבנישתי צפונית לרחוב", "target_population": "כללי", "use": "ציבורי", "gross_area": "200", "taba_id": "3420ב", "planning_block": "30460", "planning_parcel": "27", "planning_plot": "1", "information_source": "משרד התרבות והספורט", "position_source": "yiud_karka_any"}, "geometry": {"type": "Point", "coordinates": [35.19187719409316, 31.751603637011883]}}, {"type": "Feature", "properties": {"id": "121512", "category": "ספורט", "type": "מגרש ספורט", "name": "מגרש כדורגל  -  דנמרק", "address": "רבי תנחומא פינת יוסי בן יעזר", "target_population": "כללי", "use": "ציבורי", "gross_area": "4050", "taba_id": "1365 1365", "planning_block": "30143", "planning_parcel": "170", "planning_plot": "74 א1", "information_source": "משרד התרבות והספורט", "position_source": "yiud_karka_any"}, "geometry": {"type": "Point", "coordinates": [35.204559217682174, 31.75301852869038]}}, {"type": "Feature", "properties": {"id": "121539", "category": "ספורט", "type": "מגרש ספורט", "name": "מגרש משולב -  תיכון עיוני ומכל", "address": "טוביה 3", "target_population": "כללי", "use": "ציבורי", "gross_area": "1176", "taba_id": "1365", "planning_block": "30143", "planning_parcel": "204", "planning_plot": "א1", "information_source": "משרד התרבות והספורט", "position_source": "yiud_karka_any"}, "geometry": {"type": "Point", "coordinates": [35.20328577993747, 31.753638566134068]}}, {"type": "Feature", "properties": {"id": "121545", "category": "ספורט", "type": "מגרש ספורט", "name": "מגרש כללי  -  כרמלי - אדם", "address": "עמק רפאים 22", "target_population": "כללי", "use": "ציבורי", "gross_area": "608", "taba_id": "1175א", "planning_block": "30012", "planning_parcel": "81", "planning_plot": "212", "information_source": "משרד התרבות והספורט", "position_source": "yiud_karka_any"}, "geometry": {"type": "Point", "coordinates": [35.22088643692764, 31.765332904011267]}}, {"type": "Feature", "properties": {"id": "121570", "category": "ספורט", "type": "מגרש ספורט", "name": "מגרש משולב  -  מרכז קהילתי ע''ש", "address": "רבי צדוק 12", "target_population": "כללי", "use": "ציבורי", "gross_area": "1376", "taba_id": "2004-05-06 00:00:00", "planning_block": "30199", "planning_parcel": "15", "planning_plot": "901", "information_source": "משרד התרבות והספורט", "position_source": "landuse_xplan_any"}, "geometry": {"type": "Point", "coordinates": [35.194357294809095, 31.754384052137482]}}, {"type": "Feature", "properties": {"id": "124255", "category": "דת", "type": "בית כנסת", "name": "גאולי ד'", "address": "דרך בית לחם 83", "target_population": "דתי", "use": "ציבורי", "gross_area": "250", "taba_id": "920", "planning_block": "30001", "planning_parcel": "77", "planning_plot": "2009", "information_source": "משרד הדתות", "position_source": "yiud_karka_any"}, "geometry": {"type": "Point", "coordinates": [35.21964686145152, 31.753595863348384]}}, {"type": "Feature", "properties": {"id": "128097", "category": "ספורט", "type": "איצטדיון", "name": "איצטדיון טדי", "address": "דרך דוד בנבנישתי צפונית לרחוב", "target_population": "כללי", "use": "ציבורי", "gross_area": "7349.9", "taba_id": "3420ב", "planning_block": "30460", "planning_parcel": "40", "planning_plot": "1", "information_source": "משרד התרבות והספורט", "position_source": "yiud_karka_any"}, "geometry": {"type": "Point", "coordinates": [35.190788320426016, 31.751116164429867]}}, {"type": "Feature", "properties": {"id": "128778", "category": "ספורט", "type": "מגרש ספורט", "name": "מגרש קטרגל - בית ספר גבעת גונן", "address": "רבי צדוק 12", "target_population": "כללי", "use": "ציבורי", "gross_area": "530", "taba_id": "2004-05-06 00:00:00", "planning_block": "30199", "planning_parcel": "13", "planning_plot": "900", "information_source": "משרד התרבות והספורט", "position_source": "yiud_karka_any"}, "geometry": {"type": "Point", "coordinates": [35.19425933956673, 31.7551875067965]}}, {"type": "Feature", "properties": {"id": "128983", "category": "דת", "type": "בית כנסת", "name": "מושב זקנים", "address": "מעלה זאב 3", "target_population": "כללי", "use": "ציבורי", "gross_area": "6439.9", "taba_id": "6961/א", "planning_block": "30006", "planning_parcel": "186", "planning_plot": "1", "information_source": "משרד הדתות", "position_source": "yiud_karka_any"}, "geometry": {"type": "Point", "coordinates": [35.20581920880973, 31.759369611570893]}}, {"type": "Feature", "properties": {"id": "129423", "category": "דת", "type": "בית כנסת", "name": "מגן אברהם - מרכז משען", "address": "יהושוע בן גמלא 7", "target_population": "דתי", "use": "ציבורי", "gross_area": "300", "taba_id": "822 822 822", "planning_block": "30005", "planning_parcel": "165", "planning_plot": "A E F", "information_source": "משרד הדתות", "position_source": "yiud_karka_any"}, "geometry": {"type": "Point", "coordinates": [35.21216205746938, 31.76066438384888]}}, {"type": "Feature", "properties": {"id": "129460", "category": "דת", "type": "בית כנסת", "name": "משגב לדך", "address": "כרמיה 5", "target_population": "דתי", "use": "ציבורי", "gross_area": "406", "taba_id": "2154", "planning_block": "30011", "planning_parcel": "10", "planning_plot": "10", "information_source": "משרד הדתות", "position_source": "yiud_karka_taba"}, "geometry": {"type": "Point", "coordinates": [35.22316598097448, 31.765767630383248]}}, {"type": "Feature", "properties": {"id": "129816", "category": "דת", "type": "בית כנסת", "name": "נצח ישראל", "address": "אבן עזרא 22", "target_population": "דתי", "use": "ציבורי", "gross_area": "395", "taba_id": "9988", "planning_plot": "303", "information_source": "משרד הדתות", "position_source": "yiud_karka_any"}, "geometry": {"type": "Point", "coordinates": [35.21380547900924, 31.774672063883802]}}, {"type": "Feature", "properties": {"id": "130397", "category": "דת", "type": "בית כנסת", "name": "פורת יוסף", "address": "מחלקי המים 13", "target_population": "דתי", "use": "ציבורי", "gross_area": "482", "taba_id": "2878", "planning_block": "30006", "planning_parcel": "33", "planning_plot": "6/33", "information_source": "משרד הדתות", "position_source": "yiud_karka_any"}, "geometry": {"type": "Point", "coordinates": [35.20808894618665, 31.762283917113002]}}, {"type": "Feature", "properties": {"id": "132579", "category": "תרבות וקהילה", "type": "אולם מופעים, היכל תרבות", "name": "תיאטרון החאן", "address": "דוד רמז 2", "target_population": "כללי", "use": "ציבורי", "gross_area": "2734", "taba_id": "2679", "planning_block": "30017", "planning_parcel": "5", "planning_plot": "10", "information_source": "Here", "position_source": "yiud_karka_taba"}, "geometry": {"type": "Point", "coordinates": [35.22472575670038, 31.768444313181007]}}, {"type": "Feature", "properties": {"id": "132886", "category": "דת", "type": "בית כנסת", "name": "בית כנסת תפילת אליהו", "address": "דרך בית לחם 124", "target_population": "דתי", "use": "ציבורי", "gross_area": "138.5", "taba_id": "974", "planning_block": "30187", "planning_parcel": "2", "planning_plot": "24", "information_source": "Here", "position_source": "yiud_karka_taba"}, "geometry": {"type": "Point", "coordinates": [35.218005200803894, 31.75231674626572]}}, {"type": "Feature", "properties": {"id": "132891", "category": "דת", "type": "בית כנסת", "name": "בית כנסת הקשיבה שועתי", "address": "רבדים 32", "target_population": "דתי", "use": "ציבורי", "gross_area": "65", "taba_id": "2966", "planning_block": "30139", "planning_parcel": "289", "planning_plot": "139", "information_source": "Here", "position_source": "yiud_karka_any"}, "geometry": {"type": "Point", "coordinates": [35.21862517770048, 31.74804396476316]}}, {"type": "Feature", "properties": {"id": "133395", "category": "ספורט", "type": "מגרש ספורט", "name": "מרכז הטניס בישראל", "address": "אלמליח אברהם 1", "target_population": "כללי", "use": "ציבורי", "gross_area": "26999.8", "taba_id": "2960", "planning_block": "30199", "planning_parcel": "84", "planning_plot": "1", "information_source": "Here", "position_source": "yiud_karka_any"}, "geometry": {"type": "Point", "coordinates": [35.1914164531826, 31.752913393842697]}}, {"type": "Feature", "properties": {"id": "150697", "category": "חירום וכללי", "type": "מבנה עירייה", "name": "מרכז שרה רעננערט", "address": "רשב\"ג 30", "target_population": "כללי", "use": "ציבורי", "gross_area": "1518", "taba_id": "1134א", "planning_block": "30173", "planning_parcel": "245", "planning_plot": "14", "information_source": "סיסטם", "position_source": "yiud_karka_any"}, "geometry": {"type": "Point", "coordinates": [35.20861489702519, 31.75550344038645]}}, {"type": "Feature", "properties": {"id": "151131", "category": "חירום וכללי", "type": "מבנה עירייה", "name": "בית לוי אשכול", "address": "שדרות בן מימון 46", "target_population": "כללי", "use": "ציבורי", "gross_area": "720.8", "taba_id": "9988", "planning_block": "30025", "planning_parcel": "222", "planning_plot": "310", "information_source": "סיסטם", "position_source": "yiud_karka_taba"}, "geometry": {"type": "Point", "coordinates": [35.21274616117215, 31.773848972749303]}}, {"type": "Feature", "properties": {"id": "154568", "category": "חירום וכללי", "type": "מבנה עירייה", "name": "מרכז עולמי ירושלים", "address": "קרן היסוד 22", "target_population": "כללי", "use": "ציבורי", "gross_area": "1421.8", "planning_block": "30027", "planning_parcel": "54", "information_source": "סיסטם", "position_source": "yiud_karka_any"}, "geometry": {"type": "Point", "coordinates": [35.22049051212051, 31.772889267155072]}}, {"type": "Feature", "properties": {"id": "146821", "category": "חירום וכללי", "type": "מקלט", "name": "מקלט 976", "address": "אלמליח 41", "target_population": "כללי", "use": "ציבורי", "gross_area": "50", "taba_id": "2004-05-06 00:00:00", "planning_block": "30199", "planning_parcel": "4", "planning_plot": "2001", "information_source": "סיסטם", "position_source": "yiud_karka_any"}, "geometry": {"type": "Point", "coordinates": [35.192278149725865, 31.75481022042372]}}, {"type": "Feature", "properties": {"id": "146829", "category": "חירום וכללי", "type": "מקלט", "name": "מקלט 817", "address": "יהושע בן גמלא 7", "target_population": "כללי", "use": "ציבורי", "gross_area": "120", "taba_id": "822", "planning_block": "30005", "planning_parcel": "162", "planning_plot": "A", "information_source": "סיסטם", "position_source": "yiud_karka_any"}, "geometry": {"type": "Point", "coordinates": [35.211524063720056, 31.760504264738408]}}, {"type": "Feature", "properties": {"id": "146839", "category": "חירום וכללי", "type": "מקלט", "name": "מקלט 949", "address": "הטייסים 33", "target_population": "כללי", "use": "ציבורי", "gross_area": "100", "taba_id": "1165", "planning_block": "30121", "planning_parcel": "108", "planning_plot": "שטח פתוח ציבורי", "information_source": "סיסטם", "position_source": "yiud_karka_taba"}, "geometry": {"type": "Point", "coordinates": [35.20756621384239, 31.765267995746218]}}, {"type": "Feature", "properties": {"id": "146849", "category": "חירום וכללי", "type": "מקלט", "name": "מקלט 828", "address": "רבי חסדא 10", "target_population": "כללי", "use": "ציבורי", "gross_area": "100", "taba_id": "3195", "planning_block": "30004", "planning_parcel": "159", "planning_plot": "131", "information_source": "סיסטם", "position_source": "yiud_karka_taba"}, "geometry": {"type": "Point", "coordinates": [35.21332589772455, 31.7596065479126]}}, {"type": "Feature", "properties": {"id": "146916", "category": "חירום וכללי", "type": "מקלט", "name": "מקלט 939", "address": "נוה שאנן 17", "target_population": "כללי", "use": "ציבורי", "gross_area": "100", "taba_id": "4029", "planning_block": "30180", "planning_parcel": "94", "planning_plot": "11", "information_source": "סיסטם", "position_source": "yiud_karka_taba"}, "geometry": {"type": "Point", "coordinates": [35.20113144955779, 31.772114383780128]}}, {"type": "Feature", "properties": {"id": "146919", "category": "חירום וכללי", "type": "מקלט", "name": "מקלט 756", "address": "סן מרטין 1", "target_population": "כללי", "use": "ציבורי", "gross_area": "100", "taba_id": "6571", "planning_block": "30169", "planning_parcel": "9", "planning_plot": "9", "information_source": "סיסטם", "position_source": "yiud_karka_any"}, "geometry": {"type": "Point", "coordinates": [35.195183178425616, 31.756434519214746]}}, {"type": "Feature", "properties": {"id": "149908", "category": "ספורט", "type": "אולם ספורט, התעמלות", "name": "היכל פיס ארנה", "address": "דרך דוד בנבנישתי 1", "target_population": "כללי", "use": "ציבורי", "gross_area": "47454.7", "taba_id": "8585", "planning_block": "30503", "planning_parcel": "54", "planning_plot": "1", "information_source": "סיסטם", "position_source": "yiud_karka_taba"}, "geometry": {"type": "Point", "coordinates": [35.19403784538559, 31.751032939214376]}}, {"type": "Feature", "properties": {"id": "150187", "category": "רווחה", "type": "לשכת רווחה של הרשות המקומית", "name": "תחנה לבריאות הנפש", "address": "שלום יהודה 31", "target_population": "כללי", "use": "ציבורי", "gross_area": "690", "taba_id": "1721", "planning_block": "30116", "planning_parcel": "33", "planning_plot": "za16", "information_source": "סיסטם", "position_source": "yiud_karka_taba"}, "geometry": {"type": "Point", "coordinates": [35.21976205555958, 31.749685594522823]}}, {"type": "Feature", "properties": {"id": "150194", "category": "ספורט", "type": "מגרש ספורט", "name": "מגרש כדורסל", "address": "החרושת 168", "target_population": "כללי", "use": "ציבורי", "gross_area": "588.8", "taba_id": "4539/ב", "planning_block": "30129", "planning_parcel": "65", "planning_plot": "100", "information_source": "סיסטם", "position_source": "yiud_karka_any"}, "geometry": {"type": "Point", "coordinates": [35.214926314158376, 31.746332455480687]}}, {"type": "Feature", "properties": {"id": "150410", "category": "תרבות וקהילה", "type": "מועדון נוער", "name": "בקעה-בני עקיבא", "address": "יהודה 37", "target_population": "כללי", "use": "ציבורי", "gross_area": "586.4", "taba_id": "3770", "planning_block": "30002", "planning_parcel": "9", "planning_plot": "30002/9", "information_source": "סיסטם", "position_source": "yiud_karka_taba"}, "geometry": {"type": "Point", "coordinates": [35.216501089108974, 31.757478126233632]}}, {"type": "Feature", "properties": {"id": "150453", "category": "בריאות", "type": "מרפאה", "name": "שירותי בריאות כללית", "address": "חנניה 8", "target_population": "כללי", "use": "ציבורי", "gross_area": "1364", "taba_id": "2154", "planning_block": "30003", "planning_parcel": "18", "planning_plot": "18", "information_source": "סיסטם", "position_source": "yiud_karka_taba"}, "geometry": {"type": "Point", "coordinates": [35.220012603872966, 31.762781273986494]}}, {"type": "Feature", "properties": {"id": "150513", "category": "בריאות", "type": "מרפאה", "name": "קופ\"ח כללית", "address": "רבי מאיר 20", "target_population": "כללי", "use": "ציבורי", "gross_area": "532", "taba_id": "822", "planning_block": "30005", "planning_parcel": "82", "planning_plot": "29", "information_source": "סיסטם", "position_source": "yiud_karka_taba"}, "geometry": {"type": "Point", "coordinates": [35.20985548254376, 31.75995778585175]}}, {"type": "Feature", "properties": {"id": "150698", "category": "ספורט", "type": "מגרש ספורט", "name": "מגרש ספורט משולב", "address": "נהוראי 14", "target_population": "כללי", "use": "ציבורי", "gross_area": "458.8", "taba_id": "3727", "planning_block": "30141", "planning_parcel": "27", "planning_plot": "4", "information_source": "סיסטם", "position_source": "yiud_karka_any"}, "geometry": {"type": "Point", "coordinates": [35.207603809718144, 31.75246801921555]}}, {"type": "Feature", "properties": {"id": "150768", "category": "דת", "type": "בית כנסת", "name": "גיבורי ישראל", "address": "מרגולין 3", "target_population": "דתי", "use": "ציבורי", "gross_area": "177", "taba_id": "2001-05-06 00:00:00", "planning_block": "30169", "planning_parcel": "35", "planning_plot": "916", "information_source": "סיסטם", "position_source": "landuse_xplan_any"}, "geometry": {"type": "Point", "coordinates": [35.19420710544157, 31.7548356338175]}}, {"type": "Feature", "properties": {"id": "150916", "category": "ספורט", "type": "מגרש ספורט", "name": "מגרש טניס", "address": "הורקניה 17", "target_population": "כללי", "use": "ציבורי", "gross_area": "1584.6", "taba_id": "62", "planning_block": "30122", "planning_parcel": "49", "planning_plot": "2303", "information_source": "סיסטם", "position_source": "yiud_karka_any"}, "geometry": {"type": "Point", "coordinates": [35.203110923907644, 31.759327034072864]}}, {"type": "Feature", "properties": {"id": "150975", "category": "תרבות וקהילה", "type": "אולם מופעים, היכל תרבות", "name": "בית הנסן", "address": "גדליהו אלון 14", "target_population": "כללי", "use": "ציבורי", "gross_area": "3430", "taba_id": "3653", "planning_plot": "1", "information_source": "סיסטם", "position_source": "yiud_karka_taba"}, "geometry": {"type": "Point", "coordinates": [35.21694488283351, 31.767535303381692]}}, {"type": "Feature", "properties": {"id": "151073", "category": "דת", "type": "בית כנסת", "name": "יקהיל שלמה", "address": "יוסי בן יועזר 51", "target_population": "דתי", "use": "ציבורי", "gross_area": "30", "taba_id": "62", "planning_block": "30143", "planning_parcel": "46", "planning_plot": "2318", "information_source": "סיסטם", "position_source": "landuse_xplan_any"}, "geometry": {"type": "Point", "coordinates": [35.20851904535361, 31.77962685043328]}}, {"type": "Feature", "properties": {"id": "151143", "category": "דת", "type": "בית כנסת", "name": "אהבת שלום", "address": "רבי שמעון בן גמליאל 21א", "target_population": "דתי", "use": "ציבורי", "gross_area": "328", "taba_id": "1089", "planning_block": "30173", "planning_parcel": "32", "planning_plot": "1", "information_source": "סיסטם", "position_source": "yiud_karka_taba"}, "geometry": {"type": "Point", "coordinates": [35.20979307848619, 31.756656895802646]}}, {"type": "Feature", "properties": {"id": "152318", "category": "דת", "type": "בית כנסת", "name": "בית הכנסת הגדול", "address": "אלחריזי 56", "target_population": "דתי", "use": "ציבורי", "gross_area": "2888.5", "taba_id": "9988", "planning_plot": "312", "information_source": "סיסטם", "position_source": "landuse_xplan_any"}, "geometry": {"type": "Point", "coordinates": [35.20851904535361, 31.77962685043328]}}, {"type": "Feature", "properties": {"id": "154517", "category": "דת", "type": "בית כנסת", "name": "חורב", "address": "אבן גבירול 20", "target_population": "דתי", "use": "ציבורי", "gross_area": "175", "taba_id": "9988", "planning_plot": "32", "information_source": "סיסטם", "position_source": "yiud_karka_taba"}, "geometry": {"type": "Point", "coordinates": [35.214956787451484, 31.775055338225833]}}, {"type": "Feature", "properties": {"id": "155714", "category": "רווחה", "type": "מעון טיפולי", "name": "מעון לנכים סן סימון", "address": "מעלה זאב 9", "target_population": "כללי", "use": "ציבורי", "gross_area": "1366", "taba_id": "62", "planning_block": "30006", "planning_parcel": "74", "planning_plot": "2304", "information_source": "סיסטם", "position_source": "yiud_karka_any"}, "geometry": {"type": "Point", "coordinates": [35.205892806364034, 31.761172778722504]}}, {"type": "Feature", "properties": {"id": "176742", "category": "ספורט", "type": "מגרש ספורט", "name": "מגרש משולב", "address": "אל נהדה 24", "target_population": "כללי", "use": "ציבורי", "gross_area": "602", "taba_id": "1760", "planning_block": "30283", "planning_parcel": "14", "planning_plot": "4", "information_source": "סיסטם", "position_source": "yiud_karka_taba"}, "geometry": {"type": "Point", "coordinates": [35.20476628726588, 31.7436418603674]}}, {"type": "Feature", "properties": {"id": "129520", "category": "דת", "type": "בית כנסת", "name": "משכן יוסף", "address": "שמעוני 20", "target_population": "דתי", "use": "ציבורי", "gross_area": "382", "taba_id": "1073א", "planning_block": "30185", "planning_parcel": "30", "planning_plot": "2007", "information_source": "משרד הדתות", "position_source": "yiud_karka_taba"}, "geometry": {"type": "Point", "coordinates": [35.20358974532822, 31.765139756297486]}}, {"type": "Feature", "properties": {"id": "150412", "category": "דת", "type": "בית כנסת", "name": "זכור לאברהם", "address": "הרכבת 57", "target_population": "דתי", "use": "ציבורי", "gross_area": "731.1", "taba_id": "3770", "planning_block": "30014", "planning_parcel": "164", "planning_plot": "2063", "information_source": "סיסטם", "position_source": "yiud_karka_taba"}, "geometry": {"type": "Point", "coordinates": [35.2160975378255, 31.759200846080812]}}, {"type": "Feature", "properties": {"id": "150445", "category": "תרבות וקהילה", "type": "מועדון נוער", "name": "מועדון הבקעה", "address": "גדעון 7", "target_population": "כללי", "use": "ציבורי", "gross_area": "124", "taba_id": "3770", "planning_block": "30015", "planning_parcel": "120", "planning_plot": "2075", "information_source": "סיסטם", "position_source": "yiud_karka_taba"}, "geometry": {"type": "Point", "coordinates": [35.22030841881996, 31.759803328118203]}}, {"type": "Feature", "properties": {"id": "151119", "category": "דת", "type": "בית כנסת", "name": "יד הרב ניסים", "address": "ז'בוטינסקי 44", "target_population": "כללי", "use": "ציבורי", "gross_area": "1075", "taba_id": "9988", "planning_block": "30026", "planning_parcel": "93", "planning_plot": "308", "information_source": "סיסטם", "position_source": "yiud_karka_taba"}, "geometry": {"type": "Point", "coordinates": [35.21553080748426, 31.771158779455295]}}, {"type": "Feature", "properties": {"id": "151126", "category": "ספורט", "type": "אולם ספורט, התעמלות", "name": "אולם ספורט", "address": "בן לברט 15", "target_population": "כללי", "use": "ציבורי", "gross_area": "200", "taba_id": "9988", "planning_block": "30025", "planning_parcel": "210", "planning_plot": "307", "information_source": "סיסטם", "position_source": "yiud_karka_taba"}, "geometry": {"type": "Point", "coordinates": [35.20962300940452, 31.770831556038484]}}, {"type": "Feature", "properties": {"id": "151151", "category": "דת", "type": "בית כנסת", "name": "משכן משה", "address": "מעגלי יבנה 8", "target_population": "דתי", "use": "ציבורי", "gross_area": "255.8", "taba_id": "62", "planning_block": "30173", "planning_parcel": "211", "planning_plot": "2332", "information_source": "סיסטם", "position_source": "yiud_karka_any"}, "geometry": {"type": "Point", "coordinates": [35.21131997947641, 31.758098346836096]}}, {"type": "Feature", "properties": {"id": "151325", "category": "רווחה", "type": "לשכת רווחה של הרשות המקומית", "name": "אגף הרווחה לשכה אזורית דרום", "address": "חזקיהו המלך 36", "target_population": "כללי", "use": "ציבורי", "gross_area": "515.9", "taba_id": "2878", "planning_block": "30006", "planning_parcel": "69", "planning_plot": "6/69", "information_source": "סיסטם", "position_source": "yiud_karka_taba"}, "geometry": {"type": "Point", "coordinates": [35.21011823419521, 31.761700459437282]}}, {"type": "Feature", "properties": {"id": "151483", "category": "תרבות וקהילה", "type": "מועדון נוער", "name": "מועדון הנוער הפלמ\"ח 14", "address": "הפלמ\"ח 14", "target_population": "כללי", "use": "ציבורי", "gross_area": "100", "taba_id": "62", "planning_block": "30023", "planning_parcel": "149", "planning_plot": "2996", "information_source": "סיסטם", "position_source": "landuse_xplan_any"}, "geometry": {"type": "Point", "coordinates": [35.20851904535361, 31.77962685043328]}}, {"type": "Feature", "properties": {"id": "151624", "category": "דת", "type": "בית כנסת", "name": "עזרת ישראל", "address": "היילדסהיימר 17", "target_population": "דתי", "use": "ציבורי", "gross_area": "395", "taba_id": "2878", "planning_block": "30010", "planning_parcel": "107", "planning_plot": "30010/29", "information_source": "סיסטם", "position_source": "yiud_karka_any"}, "geometry": {"type": "Point", "coordinates": [35.21872853629336, 31.765101518218117]}}, {"type": "Feature", "properties": {"id": "151769", "category": "חירום וכללי", "type": "מקלט", "name": "מקלט 664", "address": "חובבי ציון 14", "target_population": "כללי", "use": "ציבורי", "gross_area": "140", "taba_id": "3137", "planning_block": "30021", "planning_parcel": "39", "planning_plot": "30021/39", "information_source": "סיסטם", "position_source": "yiud_karka_taba"}, "geometry": {"type": "Point", "coordinates": [35.21896033270532, 31.77027737552294]}}, {"type": "Feature", "properties": {"id": "152213", "category": "תרבות וקהילה", "type": "מועדון נוער", "name": "מצדה", "address": "ניות 62", "target_population": "כללי", "use": "ציבורי", "gross_area": "410", "taba_id": "889ב", "planning_block": "30145", "planning_parcel": "37", "planning_plot": "5", "information_source": "סיסטם", "position_source": "yiud_karka_taba"}, "geometry": {"type": "Point", "coordinates": [35.207386184402296, 31.770419812124217]}}, {"type": "Feature", "properties": {"id": "155223", "category": "תרבות וקהילה", "type": "מועדון נוער", "name": "בית נחמיה", "address": "ישי 14", "target_population": "כללי", "use": "ציבורי", "gross_area": "680", "taba_id": "1066", "planning_block": "30018", "planning_parcel": "42", "planning_plot": "1", "information_source": "סיסטם", "position_source": "yiud_karka_taba"}, "geometry": {"type": "Point", "coordinates": [35.22660100363545, 31.76440327365454]}}, {"type": "Feature", "properties": {"id": "155871", "category": "תרבות וקהילה", "type": "אולם מופעים, היכל תרבות", "name": "תיאטרון הקרון", "address": "דרך בית לחם ממערב לרחוב", "target_population": "כללי", "use": "ציבורי", "gross_area": "912.1", "taba_id": "מק/4366א", "planning_block": "30197", "planning_parcel": "198", "planning_plot": "7", "information_source": "סיסטם", "position_source": "yiud_karka_taba"}, "geometry": {"type": "Point", "coordinates": [35.22249103846995, 31.768463847494253]}}, {"type": "Feature", "properties": {"id": "155950", "category": "תרבות וקהילה", "type": "מועדון קהילתי כולל מרכז צעירים", "name": "מנהל קהילתי בקעה- רבתי", "address": "יששכר 3", "target_population": "כללי", "use": "ציבורי", "gross_area": "584.4", "taba_id": "3770", "planning_block": "30014", "planning_parcel": "51", "planning_plot": "30014/51", "information_source": "סיסטם", "position_source": "yiud_karka_taba"}, "geometry": {"type": "Point", "coordinates": [35.218826382410235, 31.757954514106473]}}, {"type": "Feature", "properties": {"id": "156226", "category": "תרבות וקהילה", "type": "מועדון קהילתי כולל מרכז צעירים", "name": "מרכז השערה-קרן היסוד ג'נבה", "address": "שד דב יוסף ליד 5 ג", "target_population": "כללי", "use": "ציבורי", "gross_area": "160", "taba_id": "1599", "planning_block": "30200", "planning_parcel": "21", "planning_plot": "1ב", "information_source": "סיסטם", "position_source": "yiud_karka_taba"}, "geometry": {"type": "Point", "coordinates": [35.19842826636122, 31.752475911304728]}}, {"type": "Feature", "properties": {"id": "162044", "category": "תרבות וקהילה", "type": "מועדון קהילתי כולל מרכז צעירים", "name": "בית אנוש מרכז ענת לאומנות", "address": "שלום יהודה 27", "target_population": "כללי", "use": "ציבורי", "gross_area": "279", "taba_id": "1721א", "planning_block": "30116", "planning_parcel": "30", "planning_plot": "46", "information_source": "סיסטם", "position_source": "yiud_karka_any"}, "geometry": {"type": "Point", "coordinates": [35.21997488562316, 31.74999245578865]}}, {"type": "Feature", "properties": {"id": "176740", "category": "בריאות", "type": "מרפאה", "name": "מכבי", "address": "אל נהדה 1", "target_population": "כללי", "use": "ציבורי", "gross_area": "205", "taba_id": "2317", "planning_block": "30284", "planning_parcel": "59", "planning_plot": "2028", "information_source": "סיסטם", "position_source": "yiud_karka_any"}, "geometry": {"type": "Point", "coordinates": [35.20156862678064, 31.745736163812623]}}, {"type": "Feature", "properties": {"id": "105585", "category": "דת", "type": "בית כנסת", "name": "בית כנסת היכל אברהם", "address": "שמעון 6", "target_population": "דתי", "use": "ציבורי", "gross_area": "620", "taba_id": "3770", "planning_block": "30014", "planning_parcel": "11", "planning_plot": "30014/11", "information_source": "בנטל", "position_source": "yiud_karka_taba"}, "geometry": {"type": "Point", "coordinates": [35.220792032584335, 31.75820984355195]}}, {"type": "Feature", "properties": {"id": "105612", "category": "ספורט", "type": "אולם ספורט, התעמלות", "name": "מרכז ספורט", "address": "יצחק אלחנן 4", "target_population": "כללי", "use": "ציבורי", "gross_area": "200", "taba_id": "62", "planning_block": "30197", "planning_parcel": "12", "planning_plot": "2262", "information_source": "בנטל", "position_source": "landuse_xplan_any"}, "geometry": {"type": "Point", "coordinates": [35.20851904535361, 31.77962685043328]}}, {"type": "Feature", "properties": {"id": "105637", "category": "דת", "type": "בית כנסת", "name": "בית כנסת- הרמב\"ן", "address": "אמציה 4", "target_population": "דתי", "use": "ציבורי", "gross_area": "518", "taba_id": "2878", "planning_block": "30008", "planning_parcel": "76", "planning_plot": "30008/76", "information_source": "בנטל", "position_source": "yiud_karka_any"}, "geometry": {"type": "Point", "coordinates": [35.21544214787789, 31.762226247449476]}}, {"type": "Feature", "properties": {"id": "107448", "category": "דת", "type": "בית כנסת", "name": "שמעון הצדיק", "address": "בן בבא 4", "target_population": "דתי", "use": "ציבורי", "gross_area": "1020", "taba_id": "3128", "planning_block": "30123", "planning_parcel": "113", "planning_plot": "14", "information_source": "בנטל", "position_source": "yiud_karka_any"}, "geometry": {"type": "Point", "coordinates": [35.20628075262105, 31.758486560887096]}}, {"type": "Feature", "properties": {"id": "106115", "category": "תרבות וקהילה", "type": "מועדון קהילתי כולל מרכז צעירים", "name": "מרכז קהילתי", "address": "יהושע יבין 13", "target_population": "כללי", "use": "ציבורי", "gross_area": "469", "taba_id": "889ב", "planning_block": "30145", "planning_parcel": "37", "planning_plot": "1", "information_source": "בנטל", "position_source": "yiud_karka_any"}, "geometry": {"type": "Point", "coordinates": [35.20506994930791, 31.76904054207736]}}, {"type": "Feature", "properties": {"id": "106124", "category": "דת", "type": "בית כנסת", "name": "בית כנסת-נצח ישראל", "address": "עוזיה 3", "target_population": "דתי", "use": "ציבורי", "gross_area": "309", "taba_id": "2878", "planning_block": "30008", "planning_parcel": "23", "planning_plot": "30008/23", "information_source": "בנטל", "position_source": "yiud_karka_taba"}, "geometry": {"type": "Point", "coordinates": [35.2165394403384, 31.761694353886227]}}, {"type": "Feature", "properties": {"id": "106132", "category": "תרבות וקהילה", "type": "מועדון נוער", "name": "אקי\"ם", "address": "הרכבת 29", "target_population": "כללי", "use": "ציבורי", "gross_area": "250.4", "taba_id": "3770", "planning_block": "30016", "planning_parcel": "82", "planning_plot": "30016/82", "information_source": "בנטל", "position_source": "yiud_karka_taba"}, "geometry": {"type": "Point", "coordinates": [35.21683347568823, 31.758998383403032]}}, {"type": "Feature", "properties": {"id": "106238", "category": "דת", "type": "מקווה טוהרה", "name": "מקווה (קטמון הישנה)", "address": "המצור 7", "target_population": "דתי", "use": "ציבורי", "gross_area": "139.8", "taba_id": "2878", "planning_block": "30007", "planning_parcel": "50", "planning_plot": "7/50", "information_source": "בנטל", "position_source": "yiud_karka_any"}, "geometry": {"type": "Point", "coordinates": [35.207603310027, 31.763590633030248]}}, {"type": "Feature", "properties": {"id": "106241", "category": "דת", "type": "בית כנסת", "name": "כתר תורה", "address": "אלעזר בן יאיר 28", "target_population": "דתי", "use": "ציבורי", "gross_area": "107.1", "taba_id": "101-0112557", "planning_block": "30144", "planning_parcel": "46", "planning_plot": "67", "information_source": "בנטל", "position_source": "yiud_karka_taba"}, "geometry": {"type": "Point", "coordinates": [35.20176048113963, 31.75337247874159]}}, {"type": "Feature", "properties": {"id": "106264", "category": "דת", "type": "בית כנסת", "name": "אור חיים", "address": "קנאי הגליל 5", "target_population": "דתי", "use": "ציבורי", "gross_area": "184", "taba_id": "62", "planning_block": "30172", "planning_parcel": "18", "planning_plot": "2318", "information_source": "בנטל", "position_source": "landuse_xplan_any"}, "geometry": {"type": "Point", "coordinates": [35.20851904535361, 31.77962685043328]}}, {"type": "Feature", "properties": {"id": "106291", "category": "תרבות וקהילה", "type": "ספרייה", "name": "ספרייה ע\"ש יוסף מאירהוף", "address": "יהודה הנשיא 2", "target_population": "כללי", "use": "ציבורי", "gross_area": "730", "taba_id": "1365", "planning_block": "30143", "planning_parcel": "165", "planning_plot": "70", "information_source": "בנטל", "position_source": "yiud_karka_taba"}, "geometry": {"type": "Point", "coordinates": [35.20471245836468, 31.75482089527481]}}, {"type": "Feature", "properties": {"id": "106344", "category": "תרבות וקהילה", "type": "מועדון נוער", "name": "מועדון נוער ע\"ש אירן ופרד לואי", "address": "ריש לקיש 9", "target_population": "כללי", "use": "ציבורי", "gross_area": "75", "taba_id": "982", "planning_block": "30004", "planning_parcel": "52", "planning_plot": "52", "information_source": "בנטל", "position_source": "yiud_karka_taba"}, "geometry": {"type": "Point", "coordinates": [35.21368510771936, 31.76153936619597]}}, {"type": "Feature", "properties": {"id": "106409", "category": "דת", "type": "בית כנסת", "name": "קודש", "address": "רבי צדוק 7", "target_population": "דתי", "use": "ציבורי", "gross_area": "134", "taba_id": "2004-05-06 00:00:00", "planning_block": "30199", "planning_parcel": "27", "planning_plot": "903", "information_source": "בנטל", "position_source": "landuse_xplan_any"}, "geometry": {"type": "Point", "coordinates": [35.20851904535361, 31.77962685043328]}}, {"type": "Feature", "properties": {"id": "106448", "category": "דת", "type": "בית כנסת", "name": "גאולה", "address": "ברניקי 18", "target_population": "דתי", "use": "ציבורי", "gross_area": "148", "taba_id": "62", "planning_block": "30171", "planning_parcel": "62", "planning_plot": "2309", "information_source": "בנטל", "position_source": "landuse_xplan_any"}, "geometry": {"type": "Point", "coordinates": [35.20851904535361, 31.77962685043328]}}, {"type": "Feature", "properties": {"id": "106649", "category": "דת", "type": "מסגד", "name": "אלרחמאן", "address": "אל תוחיד 89", "target_population": "כללי", "use": "ציבורי", "gross_area": "780", "taba_id": "3801", "planning_plot": "79", "information_source": "בנטל", "position_source": "yiud_karka_taba"}, "geometry": {"type": "Point", "coordinates": [35.20454080635826, 31.748700713592342]}}, {"type": "Feature", "properties": {"id": "106965", "category": "תרבות וקהילה", "type": "מועדון קהילתי כולל מרכז צעירים", "name": "פיס", "address": "אוסישקין 34", "target_population": "כללי", "use": "ציבורי", "gross_area": "1080", "taba_id": "910", "planning_plot": "ו", "information_source": "בנטל", "position_source": "landuse_xplan_any"}, "geometry": {"type": "Point", "coordinates": [35.20851904535361, 31.77962685043328]}}, {"type": "Feature", "properties": {"id": "107117", "category": "דת", "type": "כנסייה, מנזר", "name": "מנזר", "address": "עמינדב פינת ישי", "target_population": "כללי", "use": "ציבורי", "gross_area": "158", "taba_id": "עמ/9", "planning_block": "30019", "planning_parcel": "6", "planning_plot": "2168", "information_source": "בנטל", "position_source": "yiud_karka_taba"}, "geometry": {"type": "Point", "coordinates": [35.22800967985338, 31.76554315126886]}}, {"type": "Feature", "properties": {"id": "107177", "category": "דת", "type": "בית כנסת", "name": "בית כנסת בית יעקב", "address": "יוחנן בן זכאי 33", "target_population": "כללי", "use": "ציבורי", "gross_area": "416", "taba_id": "1410", "planning_block": "30133", "planning_parcel": "129", "planning_plot": "שטח הקמה בניןציב", "information_source": "בנטל", "position_source": "yiud_karka_taba"}, "geometry": {"type": "Point", "coordinates": [35.207212200617214, 31.75752645295582]}}, {"type": "Feature", "properties": {"id": "107193", "category": "תרבות וקהילה", "type": "מועדון קהילתי כולל מרכז צעירים", "name": "הקהילה האדבנטיסית", "address": "לינקול 6", "target_population": "כללי", "use": "ציבורי", "gross_area": "500", "information_source": "בנטל", "position_source": "landuse_xplan_any"}, "geometry": {"type": "Point", "coordinates": [35.20851904535361, 31.77962685043328]}}, {"type": "Feature", "properties": {"id": "107414", "category": "דת", "type": "בית כנסת", "name": "ישועת ישראל", "address": "הצפירה 23", "target_population": "דתי", "use": "ציבורי", "gross_area": "780", "taba_id": "2878", "planning_block": "30010", "planning_parcel": "31", "planning_plot": "30010/31", "information_source": "בנטל", "position_source": "yiud_karka_taba"}, "geometry": {"type": "Point", "coordinates": [35.21463047411511, 31.766389906951606]}}, {"type": "Feature", "properties": {"id": "107676", "category": "דת", "type": "בית כנסת", "name": "אוהל מועד", "address": "מעגלי יבנה 8", "target_population": "דתי", "use": "ציבורי", "gross_area": "295.9", "taba_id": "62", "planning_block": "30173", "planning_parcel": "211", "planning_plot": "2332", "information_source": "בנטל", "position_source": "yiud_karka_any"}, "geometry": {"type": "Point", "coordinates": [35.21136119184255, 31.758048852733367]}}, {"type": "Feature", "properties": {"id": "107726", "category": "דת", "type": "בית כנסת", "name": "בית כנסת", "address": "פת יעקב 3", "target_population": "דתי", "use": "ציבורי", "gross_area": "226", "taba_id": "2696", "planning_block": "30171", "planning_parcel": "108", "planning_plot": "29", "information_source": "בנטל", "position_source": "yiud_karka_any"}, "geometry": {"type": "Point", "coordinates": [35.19878748374195, 31.756761515293054]}}, {"type": "Feature", "properties": {"id": "107733", "category": "דת", "type": "כנסייה, מנזר", "name": "סנט קלייר", "address": "טיילת גבריאל שרובר 1", "target_population": "כללי", "use": "ציבורי", "gross_area": "2661", "taba_id": "עמ/9", "planning_block": "30511", "planning_parcel": "26", "planning_plot": "2088", "information_source": "בנטל", "position_source": "yiud_karka_any"}, "geometry": {"type": "Point", "coordinates": [35.22618743171636, 31.760666262225385]}}, {"type": "Feature", "properties": {"id": "107838", "category": "דת", "type": "בית כנסת", "name": "קול הנשמה", "address": "הרכבת 57", "target_population": "דתי", "use": "ציבורי", "gross_area": "1272", "taba_id": "3770", "planning_block": "30014", "planning_parcel": "164", "planning_plot": "2063", "information_source": "בנטל", "position_source": "yiud_karka_taba"}, "geometry": {"type": "Point", "coordinates": [35.2160975378255, 31.759200846080812]}}, {"type": "Feature", "properties": {"id": "107858", "category": "דת", "type": "בית כנסת", "name": "אוהל נחמה", "address": "שופן 3", "target_population": "דתי", "use": "ציבורי", "gross_area": "310", "taba_id": "1837", "planning_block": "30022", "planning_parcel": "61", "planning_plot": "2", "information_source": "בנטל", "position_source": "yiud_karka_taba"}, "geometry": {"type": "Point", "coordinates": [35.214280614081595, 31.769038449133262]}}, {"type": "Feature", "properties": {"id": "107981", "category": "תרבות וקהילה", "type": "מועדון קהילתי כולל מרכז צעירים", "name": "נוה קהילות בלגיה", "address": "סן מרטין 802", "target_population": "דתי", "use": "ציבורי", "gross_area": "390", "taba_id": "2005-05-06 00:00:00", "planning_block": "30199", "planning_parcel": "5", "planning_plot": "1", "information_source": "בנטל", "position_source": "landuse_xplan_any"}, "geometry": {"type": "Point", "coordinates": [35.20851904535361, 31.77962685043328]}}, {"type": "Feature", "properties": {"id": "108061", "category": "תרבות וקהילה", "type": "מועדון נוער", "name": "בית הנוער העברי", "address": "הרב הרצוג 105", "target_population": "כללי", "use": "ציבורי", "gross_area": "4735.7", "taba_id": "1093ג", "planning_block": "30122", "planning_parcel": "16", "planning_plot": "2002", "information_source": "בנטל", "position_source": "yiud_karka_taba"}, "geometry": {"type": "Point", "coordinates": [35.20073179823114, 31.7597688222014]}}, {"type": "Feature", "properties": {"id": "108173", "category": "דת", "type": "בית כנסת", "name": "בית כנסת- המאוחדים באמריקה", "address": "אגרון 6", "target_population": "דתי", "use": "ציבורי", "gross_area": "282", "taba_id": "3896/א", "planning_plot": "1", "information_source": "בנטל", "position_source": "yiud_karka_any"}, "geometry": {"type": "Point", "coordinates": [35.21846886539375, 31.775508002866587]}}, {"type": "Feature", "properties": {"id": "108248", "category": "דת", "type": "בית כנסת", "name": "אהל רבקה", "address": "חרל\"פ 15", "target_population": "דתי", "use": "ציבורי", "gross_area": "900", "taba_id": "9988", "planning_block": "30023", "planning_parcel": "55", "planning_plot": "305", "information_source": "בנטל", "position_source": "yiud_karka_taba"}, "geometry": {"type": "Point", "coordinates": [35.212433942624564, 31.76964214971145]}}, {"type": "Feature", "properties": {"id": "108296", "category": "דת", "type": "בית כנסת", "name": "ערי אחים", "address": "המליץ 2", "target_population": "דתי", "use": "ציבורי", "gross_area": "290", "taba_id": "2878", "planning_block": "30012", "planning_parcel": "54", "planning_plot": "12/54", "information_source": "בנטל", "position_source": "yiud_karka_taba"}, "geometry": {"type": "Point", "coordinates": [35.20942087990253, 31.761731140453943]}}, {"type": "Feature", "properties": {"id": "108505", "category": "דת", "type": "בית כנסת", "name": "חזון יחזקאל", "address": "הפלמ\"ח 53", "target_population": "דתי", "use": "ציבורי", "gross_area": "206", "taba_id": "2878", "planning_block": "30007", "planning_parcel": "36", "planning_plot": "30007/35", "information_source": "בנטל", "position_source": "yiud_karka_taba"}, "geometry": {"type": "Point", "coordinates": [35.20779471796562, 31.764299147656985]}}, {"type": "Feature", "properties": {"id": "108545", "category": "דת", "type": "בית כנסת", "name": "יקר", "address": "הל\"ה 10", "target_population": "דתי", "use": "ציבורי", "gross_area": "903", "taba_id": "1164", "planning_block": "30023", "planning_parcel": "131", "planning_plot": "10", "information_source": "בנטל", "position_source": "landuse_xplan_any"}, "geometry": {"type": "Point", "coordinates": [35.20851904535361, 31.77962685043328]}}, {"type": "Feature", "properties": {"id": "109956", "category": "דת", "type": "בית כנסת", "name": "הכללי", "address": "חזקיהו המלך 37", "target_population": "דתי", "use": "ציבורי", "gross_area": "209", "taba_id": "5046", "planning_block": "30005", "planning_parcel": "167", "planning_plot": "2", "information_source": "בנטל", "position_source": "yiud_karka_any"}, "geometry": {"type": "Point", "coordinates": [35.21062501439408, 31.76114911292113]}}, {"type": "Feature", "properties": {"id": "110104", "category": "דת", "type": "בית כנסת", "name": "מאור חיים", "address": "בר יוחאי 15", "target_population": "דתי", "use": "ציבורי", "gross_area": "82", "taba_id": "2001-05-06 00:00:00", "planning_block": "30199", "planning_parcel": "40", "planning_plot": "106", "information_source": "בנטל", "position_source": "yiud_karka_any"}, "geometry": {"type": "Point", "coordinates": [35.19440126968981, 31.752492729827672]}}, {"type": "Feature", "properties": {"id": "110687", "category": "תרבות וקהילה", "type": "ספרייה", "name": "ספרייה מוריס וולך", "address": "דוד שמעוני 6", "target_population": "כללי", "use": "ציבורי", "gross_area": "424", "taba_id": "1603", "planning_block": "30121", "planning_parcel": "25", "planning_plot": "1", "information_source": "בנטל", "position_source": "yiud_karka_taba"}, "geometry": {"type": "Point", "coordinates": [35.20486931824871, 31.766226120891144]}}, {"type": "Feature", "properties": {"id": "111057", "category": "דת", "type": "בית כנסת", "name": "ישורון", "address": "המלך ג'ורג' 44", "target_population": "דתי", "use": "ציבורי", "gross_area": "6281.9", "taba_id": "9988", "planning_block": "30042", "planning_parcel": "2", "planning_plot": "315", "information_source": "בנטל", "position_source": "landuse_xplan_any"}, "geometry": {"type": "Point", "coordinates": [35.20851904535361, 31.77962685043328]}}, {"type": "Feature", "properties": {"id": "111264", "category": "דת", "type": "בית כנסת", "name": "כוכב ישראל", "address": "דב הוז 5", "target_population": "דתי", "use": "ציבורי", "gross_area": "60", "taba_id": "10985", "planning_block": "30169", "planning_parcel": "15", "planning_plot": "30169/15", "information_source": "בנטל", "position_source": "yiud_karka_taba"}, "geometry": {"type": "Point", "coordinates": [35.195621918017345, 31.755938178373874]}}, {"type": "Feature", "properties": {"id": "111759", "category": "בריאות", "type": "טיפת חלב", "name": "תחנה לבריאות המשפחה", "address": "ברל לוקר 17", "target_population": "כללי", "use": "ציבורי", "gross_area": "392.6", "taba_id": "1599א", "planning_block": "30501", "planning_parcel": "83", "planning_plot": "2005", "information_source": "בנטל", "position_source": "yiud_karka_any"}, "geometry": {"type": "Point", "coordinates": [35.20055120335252, 31.750055882456934]}}, {"type": "Feature", "properties": {"id": "112129", "category": "דת", "type": "בית כנסת", "name": "שערי ציון", "address": "הנוטרים 18", "target_population": "דתי", "use": "ציבורי", "gross_area": "534.5", "taba_id": "62", "planning_block": "30169", "planning_parcel": "19", "planning_plot": "2236", "information_source": "בנטל", "position_source": "landuse_xplan_any"}, "geometry": {"type": "Point", "coordinates": [35.20851904535361, 31.77962685043328]}}, {"type": "Feature", "properties": {"id": "112300", "category": "תרבות וקהילה", "type": "מועדון נוער", "name": "תנועת בית\"ר מעוז בית מרידור", "address": "ניות 26", "target_population": "כללי", "use": "ציבורי", "gross_area": "280", "taba_id": "889ב", "planning_block": "30145", "planning_parcel": "37", "planning_plot": "5", "information_source": "בנטל", "position_source": "yiud_karka_taba"}, "geometry": {"type": "Point", "coordinates": [35.2067197877993, 31.77043220596646]}}, {"type": "Feature", "properties": {"id": "113959", "category": "תרבות וקהילה", "type": "מועדון נוער", "name": "בני עקיבה", "address": "יוסי בן יועזר 20", "target_population": "כללי", "use": "ציבורי", "gross_area": "698.4", "taba_id": "2734", "planning_block": "30133", "planning_parcel": "73", "planning_plot": "8", "information_source": "בנטל", "position_source": "yiud_karka_taba"}, "geometry": {"type": "Point", "coordinates": [35.20811948986511, 31.756754137853733]}}, {"type": "Feature", "properties": {"id": "114054", "category": "בריאות", "type": "מרפאה", "name": "לאומית", "address": "אל מדרסה 15", "target_population": "כללי", "use": "ציבורי", "gross_area": "175", "taba_id": "2317", "planning_block": "30283", "planning_parcel": "44", "planning_plot": "44", "information_source": "בנטל", "position_source": "yiud_karka_taba"}, "geometry": {"type": "Point", "coordinates": [35.205628591780126, 31.743601156470973]}}, {"type": "Feature", "properties": {"id": "114162", "category": "דת", "type": "מסגד", "name": "מסגד", "address": "אל נהדה פינת אל טאלנה", "target_population": "כללי", "use": "ציבורי", "gross_area": "170", "taba_id": "2317", "planning_block": "30284", "planning_parcel": "61", "planning_plot": "2028", "information_source": "בנטל", "position_source": "yiud_karka_any"}, "geometry": {"type": "Point", "coordinates": [35.20156862678064, 31.745736163812623]}}, {"type": "Feature", "properties": {"id": "114721", "category": "דת", "type": "בית כנסת", "name": "כתר תורה", "address": "אנטיגונוס 35 א", "target_population": "דתי", "use": "ציבורי", "gross_area": "620", "taba_id": "ג1784", "planning_block": "30143", "planning_parcel": "212", "planning_plot": "2", "information_source": "בנטל", "position_source": "yiud_karka_any"}, "geometry": {"type": "Point", "coordinates": [35.205847314782396, 31.75482631418565]}}, {"type": "Feature", "properties": {"id": "115687", "category": "דת", "type": "בית כנסת", "name": "תפארת שלום", "address": "רשב\"ג 39", "target_population": "דתי", "use": "ציבורי", "gross_area": "280", "taba_id": "3422", "planning_block": "30173", "planning_parcel": "37", "planning_plot": "37א", "information_source": "בנטל", "position_source": "yiud_karka_any"}, "geometry": {"type": "Point", "coordinates": [35.208291072981346, 31.75465442611388]}}, {"type": "Feature", "properties": {"id": "117222", "category": "תרבות וקהילה", "type": "מועדון קהילתי כולל מרכז צעירים", "name": "היוונית", "address": "יהושע בן נון 8", "target_population": "כללי", "use": "ציבורי", "gross_area": "702", "taba_id": "2878", "planning_block": "30008", "planning_parcel": "46", "planning_plot": "30008/46", "information_source": "בנטל", "position_source": "yiud_karka_taba"}, "geometry": {"type": "Point", "coordinates": [35.21635216703289, 31.762440022284967]}}, {"type": "Feature", "properties": {"id": "121489", "category": "ספורט", "type": "אולם ספורט, התעמלות", "name": "אולם התעמלות - מנהל קהילתי", "address": "אלעזר הגדול 4", "target_population": "כללי", "use": "ציבורי", "gross_area": "363.1", "taba_id": "1365", "planning_block": "30143", "planning_parcel": "201", "planning_plot": "72", "information_source": "משרד התרבות והספורט", "position_source": "yiud_karka_any"}, "geometry": {"type": "Point", "coordinates": [35.20500489230639, 31.75414826769738]}}, {"type": "Feature", "properties": {"id": "121559", "category": "ספורט", "type": "מגרש ספורט", "name": "מגרש משולב  -  חורב - בי''ס ממ''", "address": "כובשי קטמון 15", "target_population": "כללי", "use": "ציבורי", "gross_area": "1376", "taba_id": "1514", "planning_block": "30009", "planning_parcel": "183", "planning_plot": "2", "information_source": "משרד התרבות והספורט", "position_source": "yiud_karka_taba"}, "geometry": {"type": "Point", "coordinates": [35.212499822426494, 31.76515553488834]}}, {"type": "Feature", "properties": {"id": "121586", "category": "ספורט", "type": "מגרש ספורט", "name": "מגרש משולב  -  תיכון דנמרק", "address": "אלכסנדריון ליד 23", "target_population": "כללי", "use": "ציבורי", "gross_area": "1376", "taba_id": "1365", "planning_block": "30143", "planning_parcel": "201", "planning_plot": "א1", "information_source": "משרד התרבות והספורט", "position_source": "yiud_karka_any"}, "geometry": {"type": "Point", "coordinates": [35.204559217682174, 31.75301852869038]}}, {"type": "Feature", "properties": {"id": "126441", "category": "דת", "type": "בית כנסת", "name": "הצבי ישראל", "address": "חובבי ציון 14", "target_population": "דתי", "use": "ציבורי", "gross_area": "940.7", "taba_id": "3137", "planning_block": "30021", "planning_parcel": "39", "planning_plot": "30021/39", "information_source": "משרד הדתות", "position_source": "yiud_karka_taba"}, "geometry": {"type": "Point", "coordinates": [35.21896033270532, 31.77027737552294]}}, {"type": "Feature", "properties": {"id": "132880", "category": "תרבות וקהילה", "type": "מועדון קהילתי כולל מרכז צעירים", "name": "בית קהילת ידידיה", "address": "ליפשיץ נחום 12", "target_population": "כללי", "use": "ציבורי", "gross_area": "944.1", "taba_id": "12827", "planning_block": "30002", "planning_parcel": "92", "planning_plot": "30", "information_source": "Here", "position_source": "yiud_karka_taba"}, "geometry": {"type": "Point", "coordinates": [35.21653624161192, 31.75591363954859]}}, {"type": "Feature", "properties": {"id": "146963", "category": "חירום וכללי", "type": "מקלט", "name": "מקלט 965", "address": "שדה יצחק 7", "target_population": "כללי", "use": "ציבורי", "gross_area": "100", "taba_id": "5179", "planning_block": "30169", "planning_parcel": "124", "planning_plot": "4", "information_source": "סיסטם", "position_source": "yiud_karka_taba"}, "geometry": {"type": "Point", "coordinates": [35.196336746309115, 31.753599296572165]}}, {"type": "Feature", "properties": {"id": "150901", "category": "תרבות וקהילה", "type": "מועדון קהילתי כולל מרכז צעירים", "name": "מועדון פיס לנוער", "address": "מבוא מידב 8", "target_population": "כללי", "use": "ציבורי", "gross_area": "424", "taba_id": "4384", "planning_block": "30006", "planning_parcel": "133", "planning_plot": "36", "information_source": "סיסטם", "position_source": "yiud_karka_taba"}, "geometry": {"type": "Point", "coordinates": [35.204508317809385, 31.760349286356842]}}, {"type": "Feature", "properties": {"id": "106211", "category": "דת", "type": "כנסייה, מנזר", "name": "ארמנית", "address": "עמק רפאים 1", "target_population": "כללי", "use": "ציבורי", "gross_area": "276", "taba_id": "2154", "planning_block": "30011", "planning_parcel": "1", "planning_plot": "1", "information_source": "בנטל", "position_source": "yiud_karka_taba"}, "geometry": {"type": "Point", "coordinates": [35.22351857506253, 31.76711266748867]}}, {"type": "Feature", "properties": {"id": "106635", "category": "דת", "type": "בית כנסת", "name": "אליהו הנביא", "address": "רבי צדוק 5", "target_population": "דתי", "use": "ציבורי", "gross_area": "140", "taba_id": "2004-05-06 00:00:00", "planning_block": "30199", "planning_parcel": "29", "planning_plot": "904", "information_source": "בנטל", "position_source": "landuse_xplan_any"}, "geometry": {"type": "Point", "coordinates": [35.20851904535361, 31.77962685043328]}}, {"type": "Feature", "properties": {"id": "106788", "category": "דת", "type": "בית כנסת", "name": "אמת לאמונה", "address": "נרקיס 1", "target_population": "דתי", "use": "ציבורי", "gross_area": "392", "taba_id": "9988", "planning_plot": "1", "information_source": "בנטל", "position_source": "landuse_xplan_any"}, "geometry": {"type": "Point", "coordinates": [35.20851904535361, 31.77962685043328]}}, {"type": "Feature", "properties": {"id": "106903", "category": "תרבות וקהילה", "type": "מועדון קהילתי כולל מרכז צעירים", "name": "בית הקהילה", "address": "הקצין סילבר 117", "target_population": "כללי", "use": "ציבורי", "gross_area": "214", "taba_id": "920", "planning_block": "30187", "planning_parcel": "38", "planning_plot": "2005", "information_source": "בנטל", "position_source": "yiud_karka_any"}, "geometry": {"type": "Point", "coordinates": [35.21734348804242, 31.748239042081174]}}, {"type": "Feature", "properties": {"id": "106957", "category": "תרבות וקהילה", "type": "מועדון קהילתי כולל מרכז צעירים", "name": "בית לזרוס", "address": "דרך חברון 134", "target_population": "כללי", "use": "ציבורי", "gross_area": "1780.1", "taba_id": "920", "planning_block": "30187", "planning_parcel": "40", "planning_plot": "2007", "information_source": "בנטל", "position_source": "yiud_karka_any"}, "geometry": {"type": "Point", "coordinates": [35.2177058585709, 31.748515211440367]}}, {"type": "Feature", "properties": {"id": "107603", "category": "דת", "type": "בית כנסת", "name": "אוילנה דה רוטשילד", "address": "בן לברט 15", "target_population": "דתי", "use": "ציבורי", "gross_area": "225", "taba_id": "9988", "planning_block": "30025", "planning_parcel": "210", "planning_plot": "307", "information_source": "בנטל", "position_source": "yiud_karka_taba"}, "geometry": {"type": "Point", "coordinates": [35.20962300940452, 31.770831556038484]}}, {"type": "Feature", "properties": {"id": "107658", "category": "דת", "type": "בית כנסת", "name": "בית כנסת", "address": "האר''י 5", "target_population": "דתי", "use": "ציבורי", "gross_area": "426", "planning_block": "30026", "planning_parcel": "112", "information_source": "בנטל", "position_source": "yiud_karka_any"}, "geometry": {"type": "Point", "coordinates": [35.213970643497184, 31.771660569222522]}}, {"type": "Feature", "properties": {"id": "107714", "category": "דת", "type": "בית כנסת", "name": "חסידים - קול שדי", "address": "שמשון 10", "target_population": "דתי", "use": "ציבורי", "gross_area": "354", "taba_id": "3770", "planning_block": "30016", "planning_parcel": "44", "planning_plot": "30016/44", "information_source": "בנטל", "position_source": "yiud_karka_taba"}, "geometry": {"type": "Point", "coordinates": [35.22209030677655, 31.758405900108052]}}, {"type": "Feature", "properties": {"id": "107724", "category": "ספורט", "type": "אולם ספורט, התעמלות", "name": "אולם ספורט", "address": "שד דב יוסף 2 ג", "target_population": "כללי", "use": "ציבורי", "gross_area": "622", "taba_id": "2004-05-06 00:00:00", "planning_block": "30200", "planning_parcel": "15", "planning_plot": "908", "information_source": "בנטל", "position_source": "yiud_karka_any"}, "geometry": {"type": "Point", "coordinates": [35.19842826636122, 31.752475911304728]}}, {"type": "Feature", "properties": {"id": "107748", "category": "תרבות וקהילה", "type": "ספרייה", "name": "ספרייה", "address": "שמשון 4", "target_population": "כללי", "use": "ציבורי", "gross_area": "475", "taba_id": "3770", "planning_block": "30015", "planning_parcel": "102", "planning_plot": "30015/102", "information_source": "בנטל", "position_source": "yiud_karka_taba"}, "geometry": {"type": "Point", "coordinates": [35.219583377522746, 31.76017176138828]}}, {"type": "Feature", "properties": {"id": "108071", "category": "דת", "type": "בית כנסת", "name": "רמה", "address": "יוסי בן יועזר 11", "target_population": "דתי", "use": "ציבורי", "gross_area": "285", "taba_id": "1345", "planning_block": "30173", "planning_parcel": "115", "planning_plot": "115", "information_source": "בנטל", "position_source": "yiud_karka_taba"}, "geometry": {"type": "Point", "coordinates": [35.21024218323229, 31.75763172283102]}}, {"type": "Feature", "properties": {"id": "109111", "category": "דת", "type": "בית כנסת", "name": "שלום ורעות", "address": "אביגיל 1", "target_population": "דתי", "use": "ציבורי", "gross_area": "185", "taba_id": "עמ/9", "planning_block": "30019", "planning_parcel": "6", "planning_plot": "2168", "information_source": "בנטל", "position_source": "yiud_karka_taba"}, "geometry": {"type": "Point", "coordinates": [35.22800967985338, 31.76554315126886]}}, {"type": "Feature", "properties": {"id": "111409", "category": "תרבות וקהילה", "type": "ספרייה", "name": "ספרייה", "address": "אלחריזי 10", "target_population": "כללי", "use": "ציבורי", "gross_area": "307", "taba_id": "9988", "planning_plot": "14", "information_source": "בנטל", "position_source": "yiud_karka_taba"}, "geometry": {"type": "Point", "coordinates": [35.21495717847001, 31.776007406536458]}}, {"type": "Feature", "properties": {"id": "112281", "category": "דת", "type": "בית כנסת", "name": "בית כנסת- זכות אבות", "address": "יוחנן בן זכאי 53", "target_population": "דתי", "use": "ציבורי", "gross_area": "494.4", "taba_id": "1402", "planning_block": "30143", "planning_parcel": "25", "planning_plot": "שטח בנין ציבורי", "information_source": "בנטל", "position_source": "yiud_karka_any"}, "geometry": {"type": "Point", "coordinates": [35.20523003819837, 31.756068273069484]}}, {"type": "Feature", "properties": {"id": "112781", "category": "רווחה", "type": "לשכת רווחה של הרשות המקומית", "name": "לשכת הרווחה גונן", "address": "בר יוחאי 16", "target_population": "כללי", "use": "ציבורי", "gross_area": "426", "taba_id": "2004-05-06 00:00:00", "planning_block": "30199", "planning_parcel": "34", "planning_plot": "905", "information_source": "בנטל", "position_source": "landuse_xplan_any"}, "geometry": {"type": "Point", "coordinates": [35.19443004000843, 31.753053836537195]}}, {"type": "Feature", "properties": {"id": "112783", "category": "דת", "type": "כנסייה, מנזר", "name": "סנט אנטוניו", "address": "ז'בוטינסקי 46", "target_population": "כללי", "use": "ציבורי", "gross_area": "2557.1", "taba_id": "9988", "planning_block": "30026", "planning_parcel": "101", "planning_plot": "47", "information_source": "בנטל", "position_source": "yiud_karka_taba"}, "geometry": {"type": "Point", "coordinates": [35.214836994409644, 31.771352239852124]}}, {"type": "Feature", "properties": {"id": "114340", "category": "תרבות וקהילה", "type": "אולם מופעים, היכל תרבות", "name": "מנורה מרכז תרבות", "address": "ניות 62", "target_population": "כללי", "use": "ציבורי", "gross_area": "1740.5", "taba_id": "889ב", "planning_block": "30145", "planning_parcel": "37", "planning_plot": "5", "information_source": "בנטל", "position_source": "yiud_karka_taba"}, "geometry": {"type": "Point", "coordinates": [35.2067197877993, 31.77043220596646]}}, {"type": "Feature", "properties": {"id": "114697", "category": "תרבות וקהילה", "type": "אולם מופעים, היכל תרבות", "name": "הקרון", "address": "דוד המלך 1", "target_population": "כללי", "use": "ציבורי", "gross_area": "1000", "taba_id": "מק/4366א", "planning_block": "30197", "planning_parcel": "188", "planning_plot": "6", "information_source": "בנטל", "position_source": "yiud_karka_taba"}, "geometry": {"type": "Point", "coordinates": [35.22250479603931, 31.77087356792431]}}, {"type": "Feature", "properties": {"id": "114698", "category": "דת", "type": "בית כנסת", "name": "תפילה למשה", "address": "דרך בית לחם 123", "target_population": "דתי", "use": "ציבורי", "gross_area": "109.3", "taba_id": "11401", "planning_block": "30092", "planning_parcel": "13", "planning_plot": "4", "information_source": "בנטל", "position_source": "yiud_karka_any"}, "geometry": {"type": "Point", "coordinates": [35.21673131253161, 31.747401775836945]}}, {"type": "Feature", "properties": {"id": "115138", "category": "בריאות", "type": "מרפאה", "name": "שירותי בריאות כללית", "address": "קנאי הגליל 4", "target_population": "כללי", "use": "ציבורי", "gross_area": "176", "taba_id": "4565א", "planning_block": "30172", "planning_parcel": "190", "planning_plot": "2021", "information_source": "בנטל", "position_source": "yiud_karka_any"}, "geometry": {"type": "Point", "coordinates": [35.19973007441194, 31.755821026283876]}}, {"type": "Feature", "properties": {"id": "115847", "category": "דת", "type": "בית כנסת", "name": "אור ישרים", "address": "יוסי בן יועזר 24", "target_population": "דתי", "use": "ציבורי", "gross_area": "310", "taba_id": "2004-05-14 00:00:00", "planning_block": "30133", "planning_parcel": "110", "planning_plot": "93/1", "information_source": "בנטל", "position_source": "yiud_karka_any"}, "geometry": {"type": "Point", "coordinates": [35.20726408732241, 31.755823113473916]}}, {"type": "Feature", "properties": {"id": "115914", "category": "דת", "type": "בית כנסת", "name": "ניצנים", "address": "נפתלי 11", "target_population": "דתי", "use": "ציבורי", "gross_area": "701", "taba_id": "3770", "planning_block": "30014", "planning_parcel": "164", "planning_plot": "2063", "information_source": "בנטל", "position_source": "yiud_karka_taba"}, "geometry": {"type": "Point", "coordinates": [35.2160975378255, 31.759200846080812]}}, {"type": "Feature", "properties": {"id": "115981", "category": "דת", "type": "בית כנסת", "name": "בית אל", "address": "פת יעקב 3", "target_population": "דתי", "use": "ציבורי", "gross_area": "180", "taba_id": "2011-05-14 00:00:00", "planning_block": "30171", "planning_parcel": "204", "planning_plot": "900", "information_source": "בנטל", "position_source": "yiud_karka_any"}, "geometry": {"type": "Point", "coordinates": [35.19880033614005, 31.756587028804994]}}, {"type": "Feature", "properties": {"id": "116871", "category": "תרבות וקהילה", "type": "מועדון נוער", "name": "מעדון פיס לנוער", "address": "ברניקי 24", "target_population": "כללי", "use": "ציבורי", "gross_area": "169", "taba_id": "1104", "planning_block": "30123", "planning_parcel": "106", "planning_plot": "143", "information_source": "בנטל", "position_source": "yiud_karka_taba"}, "geometry": {"type": "Point", "coordinates": [35.201538646962575, 31.758079842856308]}}, {"type": "Feature", "properties": {"id": "105616", "category": "חירום וכללי", "type": "מבנה עירייה", "name": "הורה ירושלים", "address": "יהושע ייבין 19", "target_population": "כללי", "use": "ציבורי", "gross_area": "1240", "taba_id": "889ב", "planning_block": "30145", "planning_parcel": "37", "planning_plot": "5", "information_source": "בנטל", "position_source": "yiud_karka_taba"}, "geometry": {"type": "Point", "coordinates": [35.20663270901119, 31.769866301674178]}}, {"type": "Feature", "properties": {"id": "121505", "category": "ספורט", "type": "מגרש ספורט", "name": "גלגיליות  -  גן הפעמון", "address": "יצחק אלחנן מקביל לדרך בית לחם", "target_population": "כללי", "use": "ציבורי", "gross_area": "2625", "taba_id": "מק/4366א", "planning_block": "30197", "planning_parcel": "197", "planning_plot": "2021-03-04 00:00:00", "information_source": "משרד התרבות והספורט", "position_source": "yiud_karka_taba"}, "geometry": {"type": "Point", "coordinates": [35.22287905938137, 31.769191030083828]}}, {"type": "Feature", "properties": {"id": "121515", "category": "ספורט", "type": "מגרש ספורט", "name": "מגרש כדורסל  -  גן הפעמון", "address": "יצחק אלחנן מקביל לדוד המלך", "target_population": "כללי", "use": "ציבורי", "gross_area": "608", "taba_id": "מק/4366א", "planning_block": "30197", "planning_parcel": "197", "planning_plot": "2021-03-04 00:00:00", "information_source": "משרד התרבות והספורט", "position_source": "yiud_karka_taba"}, "geometry": {"type": "Point", "coordinates": [35.22287905938137, 31.769191030083828]}}, {"type": "Feature", "properties": {"id": "121522", "category": "ספורט", "type": "מגרש ספורט", "name": "מגרש כדורסל  -  יהודה הלוי - בי'", "address": "הצפירה 29", "target_population": "כללי", "use": "ציבורי", "gross_area": "608", "taba_id": "2878", "planning_block": "30009", "planning_parcel": "138", "planning_plot": "30009/138", "information_source": "משרד התרבות והספורט", "position_source": "yiud_karka_taba"}, "geometry": {"type": "Point", "coordinates": [35.21506756859184, 31.7650955818186]}}, {"type": "Feature", "properties": {"id": "121529", "category": "ספורט", "type": "מגרש ספורט", "name": "מגרש כדורסל  -  סאלד - בי''ס", "address": "כ\"ט בנובמבר 10", "target_population": "כללי", "use": "ציבורי", "gross_area": "608", "taba_id": "2878", "planning_block": "30009", "planning_parcel": "173", "planning_plot": "30009/35", "information_source": "משרד התרבות והספורט", "position_source": "yiud_karka_taba"}, "geometry": {"type": "Point", "coordinates": [35.21546715807769, 31.766676104040457]}}, {"type": "Feature", "properties": {"id": "121542", "category": "ספורט", "type": "מגרש ספורט", "name": "מגרש כללי  -  גן הפעמון", "address": "יצחק אלחנן מקביל לרחוב דוד המלך", "target_population": "כללי", "use": "ציבורי", "gross_area": "1376", "taba_id": "מק/4366א", "planning_block": "30197", "planning_parcel": "196", "planning_plot": "2021-03-04 00:00:00", "information_source": "משרד התרבות והספורט", "position_source": "yiud_karka_taba"}, "geometry": {"type": "Point", "coordinates": [35.222987821886576, 31.770334434911163]}}, {"type": "Feature", "properties": {"id": "121548", "category": "ספורט", "type": "מגרש ספורט", "name": "מגרש כללי  -  מרכז שכונתי נווה פ", "address": "ברל לוקר 12", "target_population": "כללי", "use": "ציבורי", "gross_area": "982.3", "taba_id": "62", "planning_block": "30501", "planning_parcel": "77", "planning_plot": "2244", "information_source": "משרד התרבות והספורט", "position_source": "yiud_karka_any"}, "geometry": {"type": "Point", "coordinates": [35.20022843198083, 31.751023978256384]}}, {"type": "Feature", "properties": {"id": "121601", "category": "ספורט", "type": "מגרש ספורט", "name": "מגרש קטרגל  -  לוריא - בי''ס", "address": "הפלמ\"ח 79", "target_population": "כללי", "use": "ציבורי", "gross_area": "1376", "taba_id": "1097", "planning_block": "30185", "planning_parcel": "203", "planning_plot": "4", "information_source": "משרד התרבות והספורט", "position_source": "yiud_karka_any"}, "geometry": {"type": "Point", "coordinates": [35.20454882748116, 31.76312146777353]}}, {"type": "Feature", "properties": {"id": "122609", "category": "דת", "type": "בית כנסת", "name": "אהל משה", "address": "רבן יוחנן בן זכאי 38", "target_population": "דתי", "use": "ציבורי", "gross_area": "152", "taba_id": "א0822", "planning_block": "30005", "planning_parcel": "32", "planning_plot": "32", "information_source": "משרד הדתות", "position_source": "landuse_xplan_any"}, "geometry": {"type": "Point", "coordinates": [35.20851904535361, 31.77962685043328]}}, {"type": "Feature", "properties": {"id": "124187", "category": "ספורט", "type": "בריכת שחייה ציבורית או עירונית", "name": "בריכת שחייה - בית הנוער העברי", "address": "הרב הרצוג 105", "target_population": "כללי", "use": "ציבורי", "gross_area": "312.5", "taba_id": "1093ג", "planning_block": "30122", "planning_parcel": "16", "planning_plot": "2002", "information_source": "משרד התרבות והספורט", "position_source": "yiud_karka_taba"}, "geometry": {"type": "Point", "coordinates": [35.20073179823114, 31.7597688222014]}}, {"type": "Feature", "properties": {"id": "126394", "category": "דת", "type": "בית כנסת", "name": "המרכזי מקור חיים", "address": "מקור חיים 42", "target_population": "דתי", "use": "ציבורי", "gross_area": "100", "taba_id": "3045", "planning_block": "30141", "planning_parcel": "156", "planning_plot": "2009", "information_source": "משרד הדתות", "position_source": "yiud_karka_taba"}, "geometry": {"type": "Point", "coordinates": [35.21073896249174, 31.75382397689008]}}, {"type": "Feature", "properties": {"id": "128102", "category": "ספורט", "type": "מגרש ספורט", "name": "מגרש כדורגל - בית ספר גאולים א'", "address": "קיבוץ גלויות מאחורי 6", "target_population": "כללי", "use": "ציבורי", "gross_area": "4050", "taba_id": "3770", "planning_block": "30001", "planning_parcel": "21", "planning_plot": "30001/21", "information_source": "משרד התרבות והספורט", "position_source": "yiud_karka_taba"}, "geometry": {"type": "Point", "coordinates": [35.21859919161553, 31.755947990575365]}}, {"type": "Feature", "properties": {"id": "130092", "category": "דת", "type": "בית כנסת", "name": "בית כנסת ע\"ש ש\"י עגנון", "address": "לייב יפה 11", "target_population": "דתי", "use": "ציבורי", "gross_area": "992.7", "taba_id": "1013א", "planning_block": "30118", "planning_parcel": "79", "planning_plot": "ג", "information_source": "משרד הדתות", "position_source": "yiud_karka_taba"}, "geometry": {"type": "Point", "coordinates": [35.22290269584477, 31.747679117052122]}}, {"type": "Feature", "properties": {"id": "132888", "category": "דת", "type": "בית כנסת", "name": "בית כנסת קול ששון", "address": "ליפשיץ נחום ליד 6", "target_population": "דתי", "use": "ציבורי", "gross_area": "530", "taba_id": "12827", "planning_block": "30002", "planning_parcel": "92", "planning_plot": "30", "information_source": "Here", "position_source": "yiud_karka_taba"}, "geometry": {"type": "Point", "coordinates": [35.21653624161192, 31.75591363954859]}}, {"type": "Feature", "properties": {"id": "150163", "category": "חירום וכללי", "type": "מבנה עירייה", "name": "הקרן לידידות", "address": "חנוך אלבק פינת מרדכי כספי", "target_population": "כללי", "use": "ציבורי", "gross_area": "7230.9", "taba_id": "במ/2954ג", "planning_block": "30300", "planning_parcel": "9", "planning_plot": "9", "information_source": "סיסטם", "position_source": "yiud_karka_any"}, "geometry": {"type": "Point", "coordinates": [35.224967715402144, 31.759315235255915]}}, {"type": "Feature", "properties": {"id": "146968", "category": "חירום וכללי", "type": "מקלט", "name": "מקלט 940", "address": "שלום יהודה 17", "target_population": "כללי", "use": "ציבורי", "gross_area": "100", "taba_id": "62", "planning_block": "30116", "planning_parcel": "120", "planning_plot": "2255", "information_source": "סיסטם", "position_source": "yiud_karka_any"}, "geometry": {"type": "Point", "coordinates": [35.22040856225643, 31.751054943503945]}}, {"type": "Feature", "properties": {"id": "150160", "category": "דת", "type": "בית כנסת", "name": "בית כנסת", "address": "קדושי שלוניקי ליד 91", "target_population": "דתי", "use": "ציבורי", "gross_area": "2105.4", "taba_id": "במ/2954ג", "planning_block": "30300", "planning_parcel": "7", "planning_plot": "7", "information_source": "סיסטם", "position_source": "yiud_karka_any"}, "geometry": {"type": "Point", "coordinates": [35.2239296614289, 31.7574828553899]}}, {"type": "Feature", "properties": {"id": "150703", "category": "דת", "type": "בית כנסת", "name": "מגדל דוד בן ישי", "address": "ברניקי 10", "target_population": "דתי", "use": "ציבורי", "gross_area": "383", "taba_id": "2696", "planning_block": "30171", "planning_parcel": "71", "planning_plot": "15", "information_source": "סיסטם", "position_source": "yiud_karka_taba"}, "geometry": {"type": "Point", "coordinates": [35.200884687029095, 31.757097883497597]}}, {"type": "Feature", "properties": {"id": "107239", "category": "דת", "type": "בית כנסת", "name": "פאר ירושלים", "address": "אמציה 4", "target_population": "דתי", "use": "ציבורי", "gross_area": "518", "taba_id": "2878", "planning_block": "30008", "planning_parcel": "75", "planning_plot": "30008/76", "information_source": "בנטל", "position_source": "yiud_karka_any"}, "geometry": {"type": "Point", "coordinates": [35.21544214787789, 31.762226247449476]}}, {"type": "Feature", "properties": {"id": "107813", "category": "רווחה", "type": "מועדון קשישים, מרכז לאזרחים ותיקים,מרכז יום לקשישים", "name": "לקשישים", "address": "דרך בית לחם 80", "target_population": "כללי", "use": "ציבורי", "gross_area": "1247.4", "taba_id": "3770", "planning_block": "30014", "planning_parcel": "28", "planning_plot": "30014/28", "information_source": "בנטל", "position_source": "yiud_karka_taba"}, "geometry": {"type": "Point", "coordinates": [35.221039000813334, 31.757753696175254]}}, {"type": "Feature", "properties": {"id": "107868", "category": "דת", "type": "בית כנסת", "name": "היכל ברוך", "address": "יהודה 18", "target_population": "כללי", "use": "ציבורי", "gross_area": "226", "taba_id": "3770", "planning_block": "30014", "planning_parcel": "35", "planning_plot": "2089", "information_source": "בנטל", "position_source": "yiud_karka_taba"}, "geometry": {"type": "Point", "coordinates": [35.220139319621026, 31.757304590249394]}}, {"type": "Feature", "properties": {"id": "107893", "category": "דת", "type": "בית כנסת", "name": "שלמי חיים", "address": "חייל נשים 4", "target_population": "דתי", "use": "ציבורי", "gross_area": "343", "taba_id": "2878", "planning_block": "30006", "planning_parcel": "41", "planning_plot": "6/41", "information_source": "בנטל", "position_source": "yiud_karka_any"}, "geometry": {"type": "Point", "coordinates": [35.20936228963813, 31.762826019703752]}}, {"type": "Feature", "properties": {"id": "109654", "category": "דת", "type": "בית כנסת", "name": "אוהל אהרון", "address": "חרל\"פ 29", "target_population": "דתי", "use": "ציבורי", "gross_area": "308", "taba_id": "9988", "planning_block": "30023", "planning_parcel": "162", "planning_plot": "58", "information_source": "בנטל", "position_source": "yiud_karka_taba"}, "geometry": {"type": "Point", "coordinates": [35.21220486915377, 31.769124281419366]}}, {"type": "Feature", "properties": {"id": "111275", "category": "תרבות וקהילה", "type": "מועדון קהילתי כולל מרכז צעירים", "name": "בית הפיס לקהילה", "address": "דרך בית לחם 115", "target_population": "כללי", "use": "ציבורי", "gross_area": "3645", "taba_id": "920", "planning_block": "30187", "planning_parcel": "37", "planning_plot": "2007", "information_source": "בנטל", "position_source": "yiud_karka_any"}, "geometry": {"type": "Point", "coordinates": [35.217241274755786, 31.74887840557256]}}, {"type": "Feature", "properties": {"id": "112563", "category": "רווחה", "type": "מועדון קשישים, מרכז לאזרחים ותיקים,מרכז יום לקשישים", "name": "מועדון לגיל השלישי גונן", "address": "הפלמ\"ח 53", "target_population": "כללי", "use": "ציבורי", "gross_area": "206", "taba_id": "2878", "planning_block": "30007", "planning_parcel": "36", "planning_plot": "30007/35", "information_source": "בנטל", "position_source": "yiud_karka_taba"}, "geometry": {"type": "Point", "coordinates": [35.20779471796562, 31.764299147656985]}}, {"type": "Feature", "properties": {"id": "113341", "category": "דת", "type": "בית כנסת", "name": "בית כנסת", "address": "חזקיהו המלך 40", "target_population": "דתי", "use": "ציבורי", "gross_area": "316", "taba_id": "8679", "planning_block": "30006", "planning_parcel": "71", "planning_plot": "3006/71", "information_source": "בנטל", "position_source": "yiud_karka_taba"}, "geometry": {"type": "Point", "coordinates": [35.20958668267798, 31.76163854633659]}}, {"type": "Feature", "properties": {"id": "117222", "category": "תרבות וקהילה", "type": "מועדון קהילתי כולל מרכז צעירים", "name": "היוונית", "address": "יהושע בן נון 8", "target_population": "כללי", "use": "ציבורי", "gross_area": "702", "taba_id": "2878", "planning_block": "30008", "planning_parcel": "46", "planning_plot": "30008/46", "information_source": "בנטל", "position_source": "yiud_karka_taba"}, "geometry": {"type": "Point", "coordinates": [35.21692002616149, 31.762949006092963]}}, {"type": "Feature", "properties": {"id": "118146", "category": "תרבות וקהילה", "type": "מועדון קהילתי כולל מרכז צעירים", "name": "ויצ\"ו לתקשורת", "address": "רבי צדוק 6", "target_population": "כללי", "use": "ציבורי", "gross_area": "1483.7", "taba_id": "2004-05-06 00:00:00", "planning_block": "30199", "planning_parcel": "15", "planning_plot": "901", "information_source": "בנטל", "position_source": "landuse_xplan_any"}, "geometry": {"type": "Point", "coordinates": [35.194357294809095, 31.754384052137482]}}, {"type": "Feature", "properties": {"id": "109807", "category": "חירום וכללי", "type": "מבנה עירייה", "name": "מנהלת שכונת מרחביה", "address": "אוסישקין 38", "target_population": "כללי", "use": "ציבורי", "gross_area": "327", "taba_id": "910", "planning_plot": "ו", "information_source": "בנטל", "position_source": "landuse_xplan_any"}, "geometry": {"type": "Point", "coordinates": [35.20851904535361, 31.77962685043328]}}, {"type": "Feature", "properties": {"id": "121510", "category": "ספורט", "type": "מגרש ספורט", "name": "מגרש כדורגל  -  פת - בי''ס", "address": "בר יוחאי ליד 5", "target_population": "כללי", "use": "ציבורי", "gross_area": "4050", "taba_id": "2004-05-06 00:00:00", "planning_block": "30200", "planning_parcel": "23", "planning_plot": "709", "information_source": "משרד התרבות והספורט", "position_source": "yiud_karka_any"}, "geometry": {"type": "Point", "coordinates": [35.19761400343489, 31.752611695118613]}}, {"type": "Feature", "properties": {"id": "121517", "category": "ספורט", "type": "מגרש ספורט", "name": "מגרש כדורסל  -  הגמנסיה העברית -", "address": "אוסישקין 34", "target_population": "כללי", "use": "ציבורי", "gross_area": "608", "taba_id": "910", "planning_plot": "ו", "information_source": "משרד התרבות והספורט", "position_source": "landuse_xplan_any"}, "geometry": {"type": "Point", "coordinates": [35.20851904535361, 31.77962685043328]}}, {"type": "Feature", "properties": {"id": "121557", "category": "ספורט", "type": "מגרש ספורט", "name": "מגרש משולב  -  הרטמן - בי''ס", "address": "גדליהו אלון 12", "target_population": "כללי", "use": "ציבורי", "gross_area": "1376", "taba_id": "3653", "planning_block": "30010", "planning_parcel": "131", "planning_plot": "4", "information_source": "משרד התרבות והספורט", "position_source": "yiud_karka_taba"}, "geometry": {"type": "Point", "coordinates": [35.21696168540822, 31.76642681373232]}}, {"type": "Feature", "properties": {"id": "121561", "category": "ספורט", "type": "מגרש ספורט", "name": "מגרש משולב  -  כרמלי - אדם", "address": "עמק רפאים 22", "target_population": "כללי", "use": "ציבורי", "gross_area": "1376", "taba_id": "1175א", "planning_block": "30012", "planning_parcel": "81", "planning_plot": "212", "information_source": "משרד התרבות והספורט", "position_source": "yiud_karka_taba"}, "geometry": {"type": "Point", "coordinates": [35.22033026480533, 31.765012076237422]}}, {"type": "Feature", "properties": {"id": "121580", "category": "ספורט", "type": "מגרש ספורט", "name": "מגרש משולב  -  פת - בי''ס", "address": "בר יוחאי 5", "target_population": "כללי", "use": "ציבורי", "gross_area": "1376", "taba_id": "2004-05-06 00:00:00", "planning_block": "30200", "planning_parcel": "15", "planning_plot": "908", "information_source": "משרד התרבות והספורט", "position_source": "landuse_xplan_any"}, "geometry": {"type": "Point", "coordinates": [35.19817656182694, 31.753340196230553]}}, {"type": "Feature", "properties": {"id": "121593", "category": "ספורט", "type": "מגרש ספורט", "name": "מגרש כדורגל  -  גן הפעמון", "address": "יצחק אלחנן מקביל לרחוב דוד המלך", "target_population": "כללי", "use": "ציבורי", "gross_area": "1567", "taba_id": "מק/4366א", "planning_block": "30197", "planning_parcel": "197", "planning_plot": "2021-03-04 00:00:00", "information_source": "משרד התרבות והספורט", "position_source": "yiud_karka_taba"}, "geometry": {"type": "Point", "coordinates": [35.22287905938137, 31.769191030083828]}}, {"type": "Feature", "properties": {"id": "121595", "category": "ספורט", "type": "מגרש ספורט", "name": "מגרש כדורגל", "address": "יצחק אלחנן 4", "target_population": "כללי", "use": "ציבורי", "gross_area": "1376", "taba_id": "62", "planning_block": "30197", "planning_parcel": "127", "planning_plot": "2264", "information_source": "משרד התרבות והספורט", "position_source": "landuse_xplan_any"}, "geometry": {"type": "Point", "coordinates": [35.20851904535361, 31.77962685043328]}}, {"type": "Feature", "properties": {"id": "121598", "category": "ספורט", "type": "מגרש ספורט", "name": "מגרש קטרגל  -  חורב - בי''ס ממ''", "address": "כובשי הקטמון 15", "target_population": "כללי", "use": "ציבורי", "gross_area": "608", "taba_id": "1514", "planning_block": "30009", "planning_parcel": "183", "planning_plot": "2", "information_source": "משרד התרבות והספורט", "position_source": "yiud_karka_any"}, "geometry": {"type": "Point", "coordinates": [35.2120506146132, 31.76518995113875]}}, {"type": "Feature", "properties": {"id": "121604", "category": "ספורט", "type": "מגרש ספורט", "name": "מגרש קטרגל  -  מרכז הנוער בית אל", "address": "ריש לקיש 9", "target_population": "כללי", "use": "ציבורי", "gross_area": "608", "taba_id": "982", "planning_block": "30004", "planning_parcel": "52", "planning_plot": "52", "information_source": "משרד התרבות והספורט", "position_source": "yiud_karka_taba"}, "geometry": {"type": "Point", "coordinates": [35.21426634606107, 31.7612770042104]}}, {"type": "Feature", "properties": {"id": "121605", "category": "ספורט", "type": "מגרש ספורט", "name": "מגרש קטרגל  -  סאלד - בי''ס", "address": "כ\"ט בנובמבר 6", "target_population": "כללי", "use": "ציבורי", "gross_area": "1376", "taba_id": "2878", "planning_block": "30009", "planning_parcel": "173", "planning_plot": "30009/39", "information_source": "משרד התרבות והספורט", "position_source": "yiud_karka_taba"}, "geometry": {"type": "Point", "coordinates": [35.21546715807769, 31.766676104040457]}}, {"type": "Feature", "properties": {"id": "121617", "category": "ספורט", "type": "מגרש ספורט", "name": "מסלול ריצה הקפי  -  תיכון עיוני", "address": "רבי תנחומאא פינת יוסי בן יעזר", "target_population": "כללי", "use": "ציבורי", "gross_area": "4252", "taba_id": "1365 1365", "planning_block": "30143", "planning_parcel": "201", "planning_plot": "74 א1", "information_source": "משרד התרבות והספורט", "position_source": "yiud_karka_any"}, "geometry": {"type": "Point", "coordinates": [35.204559217682174, 31.75301852869038]}}, {"type": "Feature", "properties": {"id": "122648", "category": "ספורט", "type": "אולם ספורט, התעמלות", "name": "אולם כדורסל - בית ספר בן יהודה מ\"מ", "address": "נחשון 11", "target_population": "כללי", "use": "ציבורי", "gross_area": "200", "taba_id": "62", "planning_block": "30018", "planning_parcel": "40", "planning_plot": "2395", "information_source": "משרד התרבות והספורט", "position_source": "yiud_karka_any"}, "geometry": {"type": "Point", "coordinates": [35.22660100363545, 31.76440327365454]}}, {"type": "Feature", "properties": {"id": "126772", "category": "דת", "type": "בית כנסת", "name": "חורב", "address": "אלרואי 7", "target_population": "דתי", "use": "ציבורי", "gross_area": "554.5", "taba_id": "2878", "planning_block": "30009", "planning_parcel": "66", "planning_plot": "30009/66", "information_source": "משרד הדתות", "position_source": "yiud_karka_any"}, "geometry": {"type": "Point", "coordinates": [35.21453506745684, 31.764644881484802]}}, {"type": "Feature", "properties": {"id": "127283", "category": "דת", "type": "בית כנסת", "name": "ישא ברכה", "address": "ז'בוטינסקי 31", "target_population": "דתי", "use": "ציבורי", "gross_area": "215", "taba_id": "3137", "planning_block": "30021", "planning_parcel": "5", "planning_plot": "30021/5", "information_source": "משרד הדתות", "position_source": "yiud_karka_taba"}, "geometry": {"type": "Point", "coordinates": [35.218312250875044, 31.7708272356214]}}, {"type": "Feature", "properties": {"id": "127654", "category": "דת", "type": "בית כנסת", "name": "מגדל שושנים", "address": "פינסקר 22", "target_population": "דתי", "use": "ציבורי", "gross_area": "527", "taba_id": "3599/א", "planning_plot": "21", "information_source": "משרד הדתות", "position_source": "yiud_karka_any"}, "geometry": {"type": "Point", "coordinates": [35.220861649047805, 31.768721194059193]}}, {"type": "Feature", "properties": {"id": "128103", "category": "ספורט", "type": "מגרש ספורט", "name": "מגרש כדורגל - מנהל קהילתי בית צפ", "address": "אל תוחיד ליד 89", "target_population": "כללי", "use": "ציבורי", "gross_area": "5867", "taba_id": "3801", "planning_plot": "78", "information_source": "משרד התרבות והספורט", "position_source": "yiud_karka_taba"}, "geometry": {"type": "Point", "coordinates": [35.20412202685089, 31.74845967536728]}}, {"type": "Feature", "properties": {"id": "128215", "category": "ספורט", "type": "מגרש ספורט", "name": "מגרש כדורסל - בית ספר אופק", "address": "כ\"ט בנובמבר 15", "target_population": "כללי", "use": "ציבורי", "gross_area": "608", "taba_id": "2878", "planning_block": "30009", "planning_parcel": "174", "planning_plot": "30009/51", "information_source": "משרד התרבות והספורט", "position_source": "yiud_karka_taba"}, "geometry": {"type": "Point", "coordinates": [35.216132600045164, 31.76623110179197]}}, {"type": "Feature", "properties": {"id": "128219", "category": "ספורט", "type": "מגרש ספורט", "name": "מגרש כדורסל - בית ספר בית חינוך עיר", "address": "כ\"ט בנובמבר 13", "target_population": "כללי", "use": "ציבורי", "gross_area": "1376", "taba_id": "2878", "planning_block": "30009", "planning_parcel": "174", "planning_plot": "30009/48", "information_source": "משרד התרבות והספורט", "position_source": "yiud_karka_taba"}, "geometry": {"type": "Point", "coordinates": [35.216132600045164, 31.76623110179197]}}, {"type": "Feature", "properties": {"id": "128220", "category": "ספורט", "type": "מגרש ספורט", "name": "מגרש כדורסל - בית רחל שטראוס - מ", "address": "גנרל קניג פייר 14", "target_population": "כללי", "use": "ציבורי", "gross_area": "1216", "taba_id": "1718", "planning_block": "30198", "planning_parcel": "46", "planning_plot": "2154", "information_source": "משרד התרבות והספורט", "position_source": "yiud_karka_any"}, "geometry": {"type": "Point", "coordinates": [35.21380389359196, 31.755773852587218]}}, {"type": "Feature", "properties": {"id": "128367", "category": "ספורט", "type": "מגרש ספורט", "name": "מגרש כללי - בית ספר גאולים א'", "address": "קיבוץ גלויות 4", "target_population": "כללי", "use": "ציבורי", "gross_area": "608", "taba_id": "3770", "planning_block": "30001", "planning_parcel": "20", "planning_plot": "30001/20", "information_source": "משרד התרבות והספורט", "position_source": "yiud_karka_taba"}, "geometry": {"type": "Point", "coordinates": [35.21859919161553, 31.755947990575365]}}, {"type": "Feature", "properties": {"id": "128468", "category": "ספורט", "type": "מגרש ספורט", "name": "מגרש משולב - בית ספר אורט קנדי", "address": "מקור חיים 1", "target_population": "כללי", "use": "ציבורי", "gross_area": "1376", "taba_id": "1969", "planning_block": "30198", "planning_parcel": "41", "planning_plot": "124", "information_source": "משרד התרבות והספורט", "position_source": "yiud_karka_taba"}, "geometry": {"type": "Point", "coordinates": [35.214191398910145, 31.75693315910734]}}, {"type": "Feature", "properties": {"id": "128777", "category": "ספורט", "type": "מגרש ספורט", "name": "מגרש כדוסל - בית ספר גאולים א'", "address": "קיבוץ גלויות 4", "target_population": "כללי", "use": "ציבורי", "gross_area": "1376", "taba_id": "3770", "planning_block": "30001", "planning_parcel": "20", "planning_plot": "30001/20", "information_source": "משרד התרבות והספורט", "position_source": "yiud_karka_taba"}, "geometry": {"type": "Point", "coordinates": [35.21859919161553, 31.755947990575365]}}, {"type": "Feature", "properties": {"id": "128780", "category": "ספורט", "type": "מגרש ספורט", "name": "מגרש קטרגל - בית הנוער העברי", "address": "הרצוג 105", "target_population": "כללי", "use": "ציבורי", "gross_area": "1376", "taba_id": "1093ג", "planning_block": "30122", "planning_parcel": "16", "planning_plot": "2002", "information_source": "משרד התרבות והספורט", "position_source": "yiud_karka_taba"}, "geometry": {"type": "Point", "coordinates": [35.20073179823114, 31.7597688222014]}}, {"type": "Feature", "properties": {"id": "129286", "category": "דת", "type": "מקווה טוהרה", "name": "מקווה נשים/גברים (בקעה)", "address": "גדעון 7", "target_population": "דתי", "use": "ציבורי", "gross_area": "124", "taba_id": "3770", "planning_block": "30015", "planning_parcel": "120", "planning_plot": "2075", "information_source": "משרד הדתות", "position_source": "yiud_karka_taba"}, "geometry": {"type": "Point", "coordinates": [35.22030841881996, 31.759803328118203]}}, {"type": "Feature", "properties": {"id": "129288", "category": "דת", "type": "מקווה טוהרה", "name": "מקווה נשים/גברים (רחביה)", "address": "האר''י 5", "target_population": "דתי", "use": "ציבורי", "gross_area": "142", "planning_block": "30026", "planning_parcel": "112", "information_source": "משרד הדתות", "position_source": "yiud_karka_any"}, "geometry": {"type": "Point", "coordinates": [35.213970643497184, 31.771660569222522]}}, {"type": "Feature", "properties": {"id": "129774", "category": "דת", "type": "בית כנסת", "name": "ניצוצי אורות", "address": "בר יוחאי 146", "target_population": "כללי", "use": "ציבורי", "gross_area": "115.5", "taba_id": "2005-05-06 00:00:00", "planning_block": "30199", "planning_parcel": "11", "planning_plot": "4", "information_source": "משרד הדתות", "position_source": "yiud_karka_any"}, "geometry": {"type": "Point", "coordinates": [35.19311581955709, 31.752920298366288]}}, {"type": "Feature", "properties": {"id": "131956", "category": "בריאות", "type": "טיפת חלב", "name": "תחנה ט' - גוננים", "address": "אלעזר הגדול 4", "target_population": "כללי", "use": "ציבורי", "gross_area": "377", "taba_id": "1365", "planning_block": "30143", "planning_parcel": "218", "planning_plot": "72", "information_source": "משרד הבריאות", "position_source": "yiud_karka_any"}, "geometry": {"type": "Point", "coordinates": [35.20519462134356, 31.754449186705912]}}, {"type": "Feature", "properties": {"id": "132877", "category": "דת", "type": "בית כנסת", "name": "בית כנסת ביתי יבנה", "address": "לייב יפה 11ב", "target_population": "דתי", "use": "ציבורי", "gross_area": "181", "taba_id": "1013א", "planning_block": "30118", "planning_parcel": "79", "planning_plot": "ג", "information_source": "Here", "position_source": "yiud_karka_taba"}, "geometry": {"type": "Point", "coordinates": [35.22287169739201, 31.747859162787663]}}, {"type": "Feature", "properties": {"id": "146832", "category": "חירום וכללי", "type": "מקלט", "name": "מקלט 755", "address": "דב הוז 3", "target_population": "כללי", "use": "ציבורי", "gross_area": "100", "taba_id": "1276", "planning_block": "30169", "planning_parcel": "88", "planning_plot": "דרך חדשה /הרחבה", "information_source": "סיסטם", "position_source": "yiud_karka_taba"}, "geometry": {"type": "Point", "coordinates": [35.19606011816114, 31.756070006471838]}}, {"type": "Feature", "properties": {"id": "146867", "category": "חירום וכללי", "type": "מקלט", "name": "מקלט 969", "address": "יוסי בן יועזר 16", "target_population": "כללי", "use": "ציבורי", "gross_area": "100", "taba_id": "2734", "planning_block": "30133", "planning_parcel": "73", "planning_plot": "9", "information_source": "סיסטם", "position_source": "yiud_karka_taba"}, "geometry": {"type": "Point", "coordinates": [35.20870948501842, 31.757230763875775]}}, {"type": "Feature", "properties": {"id": "146869", "category": "חירום וכללי", "type": "מקלט", "name": "מקלט 984", "address": "יעל 11", "target_population": "כללי", "use": "ציבורי", "gross_area": "120", "taba_id": "3770", "planning_block": "30016", "planning_parcel": "55", "planning_plot": "30016/55", "information_source": "סיסטם", "position_source": "yiud_karka_taba"}, "geometry": {"type": "Point", "coordinates": [35.221081391049545, 31.76177397406359]}}, {"type": "Feature", "properties": {"id": "146959", "category": "חירום וכללי", "type": "מקלט", "name": "מקלט 825", "address": "קנאי הגליל 7", "target_population": "כללי", "use": "ציבורי", "gross_area": "150", "taba_id": "101-0112557", "planning_block": "30144", "planning_parcel": "211", "planning_plot": "81", "information_source": "סיסטם", "position_source": "yiud_karka_taba"}, "geometry": {"type": "Point", "coordinates": [35.2012040577161, 31.753606932180737]}}, {"type": "Feature", "properties": {"id": "146962", "category": "חירום וכללי", "type": "מקלט", "name": "מקלט 980", "address": "רבקה 22", "target_population": "כללי", "use": "ציבורי", "gross_area": "100", "taba_id": "3770", "planning_block": "30002", "planning_parcel": "45", "planning_plot": "30002/34", "information_source": "סיסטם", "position_source": "yiud_karka_taba"}, "geometry": {"type": "Point", "coordinates": [35.21701795189304, 31.755253101374173]}}, {"type": "Feature", "properties": {"id": "150415", "category": "דת", "type": "כנסייה, מנזר", "name": "כנסיית סנט-אנדריו", "address": "דוד רמז 1", "target_population": "כללי", "use": "ציבורי", "gross_area": "1402.2", "taba_id": "1598", "planning_block": "30017", "planning_parcel": "3", "planning_plot": "3", "information_source": "סיסטם", "position_source": "yiud_karka_any"}, "geometry": {"type": "Point", "coordinates": [35.225279598821565, 31.76896800789228]}}, {"type": "Feature", "properties": {"id": "150527", "category": "תרבות וקהילה", "type": "אולם מופעים, היכל תרבות", "name": "מרכז מוסיקה ומחול", "address": "אליעזר הגדול 2", "target_population": "כללי", "use": "ציבורי", "gross_area": "1118.1", "taba_id": "1365", "planning_block": "30143", "planning_parcel": "136", "planning_plot": "ב1", "information_source": "סיסטם", "position_source": "yiud_karka_any"}, "geometry": {"type": "Point", "coordinates": [35.20908770310328, 31.757681630222184]}}, {"type": "Feature", "properties": {"id": "150630", "category": "דת", "type": "בית כנסת", "name": "חניכי ישיבות", "address": "שדה יצחק 7", "target_population": "דתי", "use": "ציבורי", "gross_area": "100", "taba_id": "5179", "planning_block": "30169", "planning_parcel": "117", "planning_plot": "4", "information_source": "סיסטם", "position_source": "yiud_karka_taba"}, "geometry": {"type": "Point", "coordinates": [35.19665463421042, 31.75374026163365]}}, {"type": "Feature", "properties": {"id": "150707", "category": "ספורט", "type": "מגרש ספורט", "name": "מגרש ספורט", "address": "בעהם אריה 7", "target_population": "כללי", "use": "ציבורי", "gross_area": "402.7", "taba_id": "62", "planning_block": "30501", "planning_parcel": "82", "planning_plot": "2244", "information_source": "סיסטם", "position_source": "yiud_karka_any"}, "geometry": {"type": "Point", "coordinates": [35.20039534612318, 31.750336029459834]}}, {"type": "Feature", "properties": {"id": "154071", "category": "ספורט", "type": "מגרש ספורט", "name": "מגרש משולב", "address": "הורקניה 19", "target_population": "כללי", "use": "ציבורי", "gross_area": "540", "taba_id": "62 62", "planning_block": "30171", "planning_parcel": "226", "planning_plot": "2305 2309", "information_source": "סיסטם", "position_source": "yiud_karka_any"}, "geometry": {"type": "Point", "coordinates": [35.20145071340531, 31.757007038611768]}}, {"type": "Feature", "properties": {"id": "155665", "category": "תרבות וקהילה", "type": "ספרייה", "name": "ספרייה", "address": "חנוך אלבק מול 16", "target_population": "כללי", "use": "ציבורי", "gross_area": "192.9", "taba_id": "13443", "planning_block": "30300", "planning_parcel": "29", "planning_plot": "204", "information_source": "סיסטם", "position_source": "yiud_karka_taba"}, "geometry": {"type": "Point", "coordinates": [35.224576626398836, 31.758543777833918]}}, {"type": "Feature", "properties": {"id": "107817", "category": "דת", "type": "בית כנסת", "name": "בית כנסת", "address": "לוי 4", "target_population": "דתי", "use": "ציבורי", "gross_area": "100", "taba_id": "3770", "planning_block": "30014", "planning_parcel": "170", "planning_plot": "2083", "information_source": "בנטל", "position_source": "yiud_karka_taba"}, "geometry": {"type": "Point", "coordinates": [35.220241394901564, 31.757467382705794]}}, {"type": "Feature", "properties": {"id": "109502", "category": "תרבות וקהילה", "type": "אולם מופעים, היכל תרבות", "name": "תאטרון ירושלים", "address": "דוד מרכוס 20", "target_population": "כללי", "use": "ציבורי", "gross_area": "10259.9", "taba_id": "0867ב", "planning_block": "30022", "planning_parcel": "43", "planning_plot": "1", "information_source": "בנטל", "position_source": "yiud_karka_any"}, "geometry": {"type": "Point", "coordinates": [35.21567557468287, 31.769038561808813]}}, {"type": "Feature", "properties": {"id": "112287", "category": "דת", "type": "בית כנסת", "name": "בית הכנסת פאר ישראל", "address": "הפורצים 13", "target_population": "דתי", "use": "ציבורי", "gross_area": "78.5", "taba_id": "2564", "planning_block": "30007", "planning_parcel": "16", "planning_plot": "16", "information_source": "בנטל", "position_source": "landuse_xplan_any"}, "geometry": {"type": "Point", "coordinates": [35.20851904535361, 31.77962685043328]}}, {"type": "Feature", "properties": {"id": "112663", "category": "דת", "type": "בית כנסת", "name": "עוזר דלים", "address": "המצור 11א", "target_population": "דתי", "use": "ציבורי", "gross_area": "128.6", "taba_id": "2878", "planning_block": "30007", "planning_parcel": "52", "planning_plot": "7/52", "information_source": "בנטל", "position_source": "yiud_karka_taba"}, "geometry": {"type": "Point", "coordinates": [35.21832187812124, 31.7647261138542]}}, {"type": "Feature", "properties": {"id": "114794", "category": "תרבות וקהילה", "type": "מועדון נוער", "name": "מרכז תנועת בני עקיבא", "address": "יהושע יבין 15", "target_population": "דתי", "use": "ציבורי", "gross_area": "1457", "taba_id": "889ב", "planning_block": "30145", "planning_parcel": "37", "planning_plot": "2", "information_source": "בנטל", "position_source": "yiud_karka_taba"}, "geometry": {"type": "Point", "coordinates": [35.20561160043142, 31.769348548730584]}}, {"type": "Feature", "properties": {"id": "115105", "category": "דת", "type": "בית כנסת", "name": "מורשת ישראל", "address": "אגרון 4", "target_population": "דתי", "use": "ציבורי", "gross_area": "470", "taba_id": "3896/א", "planning_plot": "1", "information_source": "בנטל", "position_source": "yiud_karka_any"}, "geometry": {"type": "Point", "coordinates": [35.218242212634266, 31.775236052283834]}}, {"type": "Feature", "properties": {"id": "117222", "category": "תרבות וקהילה", "type": "מועדון קהילתי כולל מרכז צעירים", "name": "היוונית", "address": "יהושע בן נון 8", "target_population": "כללי", "use": "ציבורי", "gross_area": "702", "taba_id": "2878", "planning_block": "30008", "planning_parcel": "46", "planning_plot": "30008/46", "information_source": "בנטל", "position_source": "yiud_karka_taba"}, "geometry": {"type": "Point", "coordinates": [35.21674247990254, 31.762537971631087]}}, {"type": "Feature", "properties": {"id": "118146", "category": "תרבות וקהילה", "type": "מועדון קהילתי כולל מרכז צעירים", "name": "ויצ\"ו לתקשורת", "address": "רבי צדוק 6", "target_population": "כללי", "use": "ציבורי", "gross_area": "1483.7", "taba_id": "2004-05-06 00:00:00", "planning_block": "30199", "planning_parcel": "15", "planning_plot": "901", "information_source": "בנטל", "position_source": "landuse_xplan_any"}, "geometry": {"type": "Point", "coordinates": [35.194357294809095, 31.754384052137482]}}, {"type": "Feature", "properties": {"id": "118146", "category": "תרבות וקהילה", "type": "מועדון קהילתי כולל מרכז צעירים", "name": "ויצ\"ו לתקשורת", "address": "רבי צדוק 6", "target_population": "כללי", "use": "ציבורי", "gross_area": "1483.7", "taba_id": "2004-05-06 00:00:00", "planning_block": "30199", "planning_parcel": "15", "planning_plot": "901", "information_source": "בנטל", "position_source": "landuse_xplan_any"}, "geometry": {"type": "Point", "coordinates": [35.194357294809095, 31.754384052137482]}}, {"type": "Feature", "properties": {"id": "121420", "category": "דת", "type": "מקווה טוהרה", "name": "מקווה נשים (קטמון ו')", "address": "אנטיגונוס 33", "target_population": "דתי", "use": "ציבורי", "gross_area": "175", "taba_id": "2734", "planning_block": "30143", "planning_parcel": "34", "planning_plot": "4", "information_source": "משרד הדתות", "position_source": "yiud_karka_taba"}, "geometry": {"type": "Point", "coordinates": [35.206293420454685, 31.755584508832452]}}, {"type": "Feature", "properties": {"id": "121507", "category": "ספורט", "type": "מגרש ספורט", "name": "טניס  -  חוות הנוער הציוני ע''ש", "address": "שמעוני 82", "target_population": "כללי", "use": "ציבורי", "gross_area": "673", "taba_id": "62", "planning_block": "30122", "planning_parcel": "83", "planning_plot": "2303", "information_source": "משרד התרבות והספורט", "position_source": "yiud_karka_any"}, "geometry": {"type": "Point", "coordinates": [35.203767959434224, 31.76007200985284]}}, {"type": "Feature", "properties": {"id": "121538", "category": "ספורט", "type": "מגרש ספורט", "name": "מגרש כדורסל  -  תדהר - ממ''ד", "address": "יוסי בן יועזר 24", "target_population": "כללי", "use": "ציבורי", "gross_area": "608", "taba_id": "ג1784", "planning_block": "30143", "planning_parcel": "211", "planning_plot": "1", "information_source": "משרד התרבות והספורט", "position_source": "yiud_karka_any"}, "geometry": {"type": "Point", "coordinates": [35.20654503445352, 31.75506465410047]}}, {"type": "Feature", "properties": {"id": "121569", "category": "ספורט", "type": "מגרש ספורט", "name": "מגרש משולב  -  מצדה - בי''ס ע''ש", "address": "יוחנן בן זכאי 33", "target_population": "כללי", "use": "ציבורי", "gross_area": "1376", "taba_id": "62", "planning_block": "30133", "planning_parcel": "129", "planning_plot": "2332", "information_source": "משרד התרבות והספורט", "position_source": "yiud_karka_any"}, "geometry": {"type": "Point", "coordinates": [35.207212200617214, 31.75752645295582]}}, {"type": "Feature", "properties": {"id": "121594", "category": "ספורט", "type": "מגרש ספורט", "name": "מגרש קטרגל  -  הגמנסיה העברית -", "address": "אוסישקין 34", "target_population": "כללי", "use": "ציבורי", "gross_area": "1376", "taba_id": "910", "planning_plot": "ו", "information_source": "משרד התרבות והספורט", "position_source": "landuse_xplan_any"}, "geometry": {"type": "Point", "coordinates": [35.20851904535361, 31.77962685043328]}}, {"type": "Feature", "properties": {"id": "123690", "category": "דת", "type": "בית כנסת", "name": "בית יוסף", "address": "שמעוני 17", "target_population": "דתי", "use": "ציבורי", "gross_area": "386.9", "taba_id": "1073א", "planning_block": "30185", "planning_parcel": "199", "planning_plot": "2006", "information_source": "משרד הדתות", "position_source": "yiud_karka_taba"}, "geometry": {"type": "Point", "coordinates": [35.204249032167766, 31.764783661803385]}}, {"type": "Feature", "properties": {"id": "125999", "category": "בריאות", "type": "טיפת חלב", "name": "ד' - בקעה - טיפת חלב", "address": "יהודה 26", "target_population": "כללי", "use": "ציבורי", "gross_area": "399", "taba_id": "7294/א", "planning_block": "30014", "planning_parcel": "69", "planning_plot": "2000", "information_source": "משרד הבריאות", "position_source": "yiud_karka_any"}, "geometry": {"type": "Point", "coordinates": [35.218251179817116, 31.75769213426388]}}, {"type": "Feature", "properties": {"id": "126485", "category": "דת", "type": "בית כנסת", "name": "הר רפאים", "address": "נחשון 14", "target_population": "דתי", "use": "ציבורי", "gross_area": "233", "taba_id": "62", "planning_block": "30018", "planning_parcel": "33", "planning_plot": "2395", "information_source": "משרד הדתות", "position_source": "landuse_xplan_any"}, "geometry": {"type": "Point", "coordinates": [35.20851904535361, 31.77962685043328]}}, {"type": "Feature", "properties": {"id": "127259", "category": "דת", "type": "בית כנסת", "name": "יקהל שלמה", "address": "השומר 5", "target_population": "דתי", "use": "ציבורי", "gross_area": "492", "taba_id": "2049", "planning_block": "30169", "planning_parcel": "51", "planning_plot": "1", "information_source": "משרד הדתות", "position_source": "yiud_karka_any"}, "geometry": {"type": "Point", "coordinates": [35.1974614636615, 31.754810952805652]}}, {"type": "Feature", "properties": {"id": "128212", "category": "ספורט", "type": "מגרש ספורט", "name": "מגרש כדורסל - בית ספר א.ד רוטשילד", "address": "בן לברט 15", "target_population": "כללי", "use": "ציבורי", "gross_area": "608", "taba_id": "9988", "planning_block": "30025", "planning_parcel": "210", "planning_plot": "307", "information_source": "משרד התרבות והספורט", "position_source": "yiud_karka_taba"}, "geometry": {"type": "Point", "coordinates": [35.20962300940452, 31.770831556038484]}}, {"type": "Feature", "properties": {"id": "128365", "category": "ספורט", "type": "מגרש ספורט", "name": "מגרש כללי - בית ספר אהבת ישראל", "address": "דרך בית לחם 115", "target_population": "כללי", "use": "ציבורי", "gross_area": "1376", "taba_id": "920", "planning_block": "30187", "planning_parcel": "37", "planning_plot": "2007", "information_source": "משרד התרבות והספורט", "position_source": "yiud_karka_any"}, "geometry": {"type": "Point", "coordinates": [35.217241274755786, 31.74887840557256]}}, {"type": "Feature", "properties": {"id": "128366", "category": "ספורט", "type": "מגרש ספורט", "name": "מגרש כללי - בית ספר בית חינוך עירונ", "address": "כ\"ט בנובמבר 13", "target_population": "כללי", "use": "ציבורי", "gross_area": "1376", "taba_id": "2878", "planning_block": "30009", "planning_parcel": "174", "planning_plot": "30009/47", "information_source": "משרד התרבות והספורט", "position_source": "yiud_karka_taba"}, "geometry": {"type": "Point", "coordinates": [35.216132600045164, 31.76623110179197]}}, {"type": "Feature", "properties": {"id": "128470", "category": "ספורט", "type": "מגרש ספורט", "name": "מגרש משולב - בית ספר אפרתה", "address": "יהודה מאחורי 27", "target_population": "כללי", "use": "ציבורי", "gross_area": "1376", "taba_id": "3770", "planning_block": "30002", "planning_parcel": "83", "planning_plot": "2116", "information_source": "משרד התרבות והספורט", "position_source": "yiud_karka_taba"}, "geometry": {"type": "Point", "coordinates": [35.21762915827161, 31.757251021491243]}}, {"type": "Feature", "properties": {"id": "128472", "category": "ספורט", "type": "מגרש ספורט", "name": "מגרש משולב - בית ספר בית צפפה", "address": "אל תוחיד מאחורי 91", "target_population": "כללי", "use": "ציבורי", "gross_area": "485", "taba_id": "3801", "planning_plot": "79", "information_source": "משרד התרבות והספורט", "position_source": "yiud_karka_taba"}, "geometry": {"type": "Point", "coordinates": [35.20454080635826, 31.748700713592342]}}, {"type": "Feature", "properties": {"id": "128473", "category": "ספורט", "type": "מגרש ספורט", "name": "מגרש משולב - בית ספר בן יהודה מ\"מ", "address": "נחשון 11", "target_population": "כללי", "use": "ציבורי", "gross_area": "1376", "taba_id": "62", "planning_block": "30018", "planning_parcel": "42", "planning_plot": "2395", "information_source": "משרד התרבות והספורט", "position_source": "yiud_karka_any"}, "geometry": {"type": "Point", "coordinates": [35.22660100363545, 31.76440327365454]}}, {"type": "Feature", "properties": {"id": "128475", "category": "ספורט", "type": "מגרש ספורט", "name": "מגרש משולב - בית ספר המסורתי", "address": "בית\"ר 8", "target_population": "כללי", "use": "ציבורי", "gross_area": "1675.6", "taba_id": "במ/2954ג", "planning_block": "30114", "planning_parcel": "91", "planning_plot": "29", "information_source": "משרד התרבות והספורט", "position_source": "yiud_karka_any"}, "geometry": {"type": "Point", "coordinates": [35.22343744492629, 31.754588162607764]}}, {"type": "Feature", "properties": {"id": "128477", "category": "ספורט", "type": "מגרש ספורט", "name": "מגרש משולב - בית נוער לזרוס", "address": "דרך חברון 136", "target_population": "כללי", "use": "ציבורי", "gross_area": "1376", "taba_id": "920", "planning_block": "30187", "planning_parcel": "41", "planning_plot": "2050", "information_source": "משרד התרבות והספורט", "position_source": "yiud_karka_any"}, "geometry": {"type": "Point", "coordinates": [35.217241274755786, 31.74887840557256]}}, {"type": "Feature", "properties": {"id": "128479", "category": "ספורט", "type": "מגרש ספורט", "name": "מגרש משולב - בית נוער, עמק רפאים", "address": "הצפירה 12", "target_population": "כללי", "use": "ציבורי", "gross_area": "1376", "taba_id": "2878", "planning_block": "30009", "planning_parcel": "139", "planning_plot": "30009/139", "information_source": "משרד התרבות והספורט", "position_source": "yiud_karka_taba"}, "geometry": {"type": "Point", "coordinates": [35.21533654604467, 31.765661360890128]}}, {"type": "Feature", "properties": {"id": "128782", "category": "ספורט", "type": "מגרש ספורט", "name": "מגרש קטרגל - בית ניקנור", "address": "ניקנור 26", "target_population": "כללי", "use": "ציבורי", "gross_area": "1376", "taba_id": "62", "planning_block": "30123", "planning_parcel": "106", "planning_plot": "2309", "information_source": "משרד התרבות והספורט", "position_source": "yiud_karka_any"}, "geometry": {"type": "Point", "coordinates": [35.201538646962575, 31.758079842856308]}}, {"type": "Feature", "properties": {"id": "129525", "category": "דת", "type": "בית כנסת", "name": "משכן שילה", "address": "יוחנן בן זכאי 23", "target_population": "דתי", "use": "ציבורי", "gross_area": "276", "taba_id": "1450", "planning_block": "30133", "planning_parcel": "36", "planning_plot": "36", "information_source": "משרד הדתות", "position_source": "yiud_karka_any"}, "geometry": {"type": "Point", "coordinates": [35.20936982505473, 31.75846709637134]}}, {"type": "Feature", "properties": {"id": "130270", "category": "דת", "type": "בית כנסת", "name": "ענף החיים", "address": "אלעזר המודעי 8", "target_population": "דתי", "use": "ציבורי", "gross_area": "159", "taba_id": "62", "planning_block": "30004", "planning_parcel": "85", "planning_plot": "2309", "information_source": "משרד הדתות", "position_source": "landuse_xplan_any"}, "geometry": {"type": "Point", "coordinates": [35.20851904535361, 31.77962685043328]}}, {"type": "Feature", "properties": {"id": "114171", "category": "חירום וכללי", "type": "מבנה עירייה", "name": "מינהל קהילתי דרום גוננים", "address": "אלעזר הגדול 4", "target_population": "כללי", "use": "ציבורי", "gross_area": "363.1", "taba_id": "1365", "planning_block": "30143", "planning_parcel": "219", "planning_plot": "72", "information_source": "בנטל", "position_source": "yiud_karka_any"}, "geometry": {"type": "Point", "coordinates": [35.20519462134356, 31.754449186705912]}}, {"type": "Feature", "properties": {"id": "132583", "category": "תרבות וקהילה", "type": "מועדון נוער", "name": "תנועת השומר", "address": "הרכבת 57", "target_population": "כללי", "use": "ציבורי", "gross_area": "210", "taba_id": "3770", "planning_block": "30014", "planning_parcel": "164", "planning_plot": "2063", "information_source": "Here", "position_source": "yiud_karka_taba"}, "geometry": {"type": "Point", "coordinates": [35.2160975378255, 31.759200846080812]}}, {"type": "Feature", "properties": {"id": "132585", "category": "תרבות וקהילה", "type": "אולם מופעים, היכל תרבות", "name": "בית אבי חי", "address": "המלך ג'ורג' 44", "target_population": "כללי", "use": "ציבורי", "gross_area": "2730", "taba_id": "9988", "planning_block": "30042", "planning_parcel": "2", "planning_plot": "315", "information_source": "Here", "position_source": "landuse_xplan_any"}, "geometry": {"type": "Point", "coordinates": [35.20851904535361, 31.77962685043328]}}, {"type": "Feature", "properties": {"id": "132687", "category": "ספורט", "type": "אולם ספורט, התעמלות", "name": "מועדון הספורט הירושלמי", "address": "הצפירה 32", "target_population": "כללי", "use": "ציבורי", "gross_area": "475", "taba_id": "2878", "planning_block": "30009", "planning_parcel": "139", "planning_plot": "30009/139", "information_source": "Here", "position_source": "yiud_karka_taba"}, "geometry": {"type": "Point", "coordinates": [35.21533654604467, 31.765661360890128]}}, {"type": "Feature", "properties": {"id": "132890", "category": "תרבות וקהילה", "type": "מועדון נוער", "name": "מועדון פיס לנוער", "address": "שדמי נחום פינת אפרתה", "target_population": "כללי", "use": "ציבורי", "gross_area": "198.7", "taba_id": "במ/2954ג", "planning_block": "30114", "planning_parcel": "92", "planning_plot": "30", "information_source": "Here", "position_source": "yiud_karka_any"}, "geometry": {"type": "Point", "coordinates": [35.222778229219685, 31.754196294003616]}}, {"type": "Feature", "properties": {"id": "132995", "category": "תרבות וקהילה", "type": "מועדון קהילתי כולל מרכז צעירים", "name": "מינהל קהילתי בית צפאפא שראפת", "address": "איחוד הכפר 91", "target_population": "כללי", "use": "ציבורי", "gross_area": "420", "taba_id": "3801", "planning_plot": "79", "information_source": "Here", "position_source": "yiud_karka_taba"}, "geometry": {"type": "Point", "coordinates": [35.20454080635826, 31.748700713592342]}}, {"type": "Feature", "properties": {"id": "146820", "category": "חירום וכללי", "type": "מקלט", "name": "מקלט 981", "address": "אלמליח 27", "target_population": "כללי", "use": "ציבורי", "gross_area": "50", "taba_id": "2004-05-06 00:00:00", "planning_block": "30199", "planning_parcel": "4", "planning_plot": "2001", "information_source": "סיסטם", "position_source": "yiud_karka_any"}, "geometry": {"type": "Point", "coordinates": [35.192278149725865, 31.75481022042372]}}, {"type": "Feature", "properties": {"id": "146825", "category": "חירום וכללי", "type": "מקלט", "name": "מקלט 967", "address": "אנטיגנוס 2", "target_population": "כללי", "use": "ציבורי", "gross_area": "100", "taba_id": "1337", "planning_block": "30133", "planning_parcel": "53", "planning_plot": "2002", "information_source": "סיסטם", "position_source": "yiud_karka_any"}, "geometry": {"type": "Point", "coordinates": [35.209612318655594, 31.757976939789412]}}, {"type": "Feature", "properties": {"id": "146826", "category": "חירום וכללי", "type": "מקלט", "name": "מקלט 923", "address": "אלעזר המודעי 15", "target_population": "כללי", "use": "ציבורי", "gross_area": "150", "taba_id": "982", "planning_block": "30004", "planning_parcel": "52", "planning_plot": "52", "information_source": "סיסטם", "position_source": "yiud_karka_taba"}, "geometry": {"type": "Point", "coordinates": [35.21368510771936, 31.76153936619597]}}, {"type": "Feature", "properties": {"id": "146833", "category": "חירום וכללי", "type": "מקלט", "name": "מקלט 831", "address": "דב הוז 7", "target_population": "כללי", "use": "ציבורי", "gross_area": "150", "taba_id": "62", "planning_block": "30169", "planning_parcel": "70", "planning_plot": "2239", "information_source": "סיסטם", "position_source": "landuse_xplan_any"}, "geometry": {"type": "Point", "coordinates": [35.20851904535361, 31.77962685043328]}}, {"type": "Feature", "properties": {"id": "146847", "category": "חירום וכללי", "type": "מקלט", "name": "מקלט 971", "address": "הפלמ\"ח 14", "target_population": "כללי", "use": "ציבורי", "gross_area": "100", "taba_id": "62", "planning_block": "30023", "planning_parcel": "146", "planning_plot": "2296", "information_source": "סיסטם", "position_source": "landuse_xplan_any"}, "geometry": {"type": "Point", "coordinates": [35.20851904535361, 31.77962685043328]}}, {"type": "Feature", "properties": {"id": "146861", "category": "חירום וכללי", "type": "מקלט", "name": "מקלט 937", "address": "חזקיהו המלך 38", "target_population": "כללי", "use": "ציבורי", "gross_area": "100", "taba_id": "2878", "planning_block": "30006", "planning_parcel": "70", "planning_plot": "2139", "information_source": "סיסטם", "position_source": "yiud_karka_taba"}, "geometry": {"type": "Point", "coordinates": [35.21011823419521, 31.761700459437282]}}, {"type": "Feature", "properties": {"id": "146926", "category": "חירום וכללי", "type": "מקלט", "name": "מקלט 816", "address": "עזה 50", "target_population": "כללי", "use": "ציבורי", "gross_area": "120", "taba_id": "1210", "planning_block": "30025", "planning_parcel": "151", "planning_plot": "208", "information_source": "סיסטם", "position_source": "yiud_karka_any"}, "geometry": {"type": "Point", "coordinates": [35.21259600594671, 31.771397198468016]}}, {"type": "Feature", "properties": {"id": "146942", "category": "חירום וכללי", "type": "מקלט", "name": "מקלט 988", "address": "קיבוץ גלויות 5", "target_population": "כללי", "use": "ציבורי", "gross_area": "140", "taba_id": "62", "planning_block": "30001", "planning_parcel": "96", "planning_plot": "2362", "information_source": "סיסטם", "position_source": "yiud_karka_any"}, "geometry": {"type": "Point", "coordinates": [35.21945596901438, 31.75570190568614]}}, {"type": "Feature", "properties": {"id": "150166", "category": "ספורט", "type": "אולם ספורט, התעמלות", "name": "אולם ספורט", "address": "בית\"ר 8", "target_population": "כללי", "use": "ציבורי", "gross_area": "956.9", "taba_id": "במ/2954ג", "planning_block": "30114", "planning_parcel": "91", "planning_plot": "29", "information_source": "סיסטם", "position_source": "yiud_karka_any"}, "geometry": {"type": "Point", "coordinates": [35.22343744492629, 31.754588162607764]}}, {"type": "Feature", "properties": {"id": "150169", "category": "תרבות וקהילה", "type": "מועדון נוער", "name": "שבט צופים להבות", "address": "נחום שדמי פינת אפרתה", "target_population": "כללי", "use": "ציבורי", "gross_area": "198.7", "taba_id": "במ/2954ג", "planning_block": "30114", "planning_parcel": "92", "planning_plot": "30", "information_source": "סיסטם", "position_source": "yiud_karka_any"}, "geometry": {"type": "Point", "coordinates": [35.222778229219685, 31.754196294003616]}}, {"type": "Feature", "properties": {"id": "150180", "category": "ספורט", "type": "מגרש ספורט", "name": "מגרש כדורסל", "address": "דרך בית לחם 124", "target_population": "כללי", "use": "ציבורי", "gross_area": "282", "taba_id": "1503", "planning_block": "30001", "planning_parcel": "118", "planning_plot": "5", "information_source": "סיסטם", "position_source": "yiud_karka_any"}, "geometry": {"type": "Point", "coordinates": [35.218418097918885, 31.753057833401407]}}, {"type": "Feature", "properties": {"id": "150189", "category": "רווחה", "type": "לשכת רווחה של הרשות המקומית", "name": "לשכת רווחה", "address": "השופט חיים כהן מול 16", "target_population": "כללי", "use": "ציבורי", "gross_area": "620", "taba_id": "5303", "planning_block": "30139", "planning_parcel": "381", "planning_plot": "22", "information_source": "סיסטם", "position_source": "yiud_karka_taba"}, "geometry": {"type": "Point", "coordinates": [35.218391155889364, 31.744908852476893]}}, {"type": "Feature", "properties": {"id": "150200", "category": "תרבות וקהילה", "type": "מועדון נוער", "name": "תנועת עזרא", "address": "שלום יהודה 17", "target_population": "כללי", "use": "ציבורי", "gross_area": "100", "taba_id": "11407", "planning_block": "30116", "planning_parcel": "120", "planning_plot": "4", "information_source": "סיסטם", "position_source": "yiud_karka_any"}, "geometry": {"type": "Point", "coordinates": [35.22040856225643, 31.751054943503945]}}, {"type": "Feature", "properties": {"id": "150281", "category": "דת", "type": "מקווה טוהרה", "name": "מקור חיים", "address": "מקור חיים 42", "target_population": "דתי", "use": "ציבורי", "gross_area": "100", "taba_id": "3045", "planning_block": "30141", "planning_parcel": "156", "planning_plot": "2009", "information_source": "סיסטם", "position_source": "yiud_karka_taba"}, "geometry": {"type": "Point", "coordinates": [35.21073896249174, 31.75382397689008]}}, {"type": "Feature", "properties": {"id": "150331", "category": "חירום וכללי", "type": "מקלט", "name": "מקלט מס' 695", "address": "אמציה 2", "target_population": "כללי", "use": "ציבורי", "gross_area": "150", "taba_id": "2878", "planning_block": "30008", "planning_parcel": "95", "planning_plot": "2122", "information_source": "סיסטם", "position_source": "yiud_karka_any"}, "geometry": {"type": "Point", "coordinates": [35.21544214787789, 31.762226247449476]}}, {"type": "Feature", "properties": {"id": "150411", "category": "ספורט", "type": "אולם ספורט, התעמלות", "name": "אולם ספורט", "address": "דן 3", "target_population": "כללי", "use": "ציבורי", "gross_area": "693.4", "taba_id": "3770", "planning_block": "30014", "planning_parcel": "48", "planning_plot": "30014/48", "information_source": "סיסטם", "position_source": "yiud_karka_taba"}, "geometry": {"type": "Point", "coordinates": [35.218826382410235, 31.757954514106473]}}, {"type": "Feature", "properties": {"id": "150413", "category": "ספורט", "type": "מגרש ספורט", "name": "מגרש ספורט", "address": "גדעון 9", "target_population": "כללי", "use": "ציבורי", "gross_area": "1225.4", "taba_id": "3770", "planning_block": "30015", "planning_parcel": "119", "planning_plot": "2073", "information_source": "סיסטם", "position_source": "yiud_karka_taba"}, "geometry": {"type": "Point", "coordinates": [35.2198391839267, 31.75978223788063]}}, {"type": "Feature", "properties": {"id": "150416", "category": "תרבות וקהילה", "type": "אולם מופעים, היכל תרבות", "name": "מרכז מורשת בגין", "address": "דרך חברון 6", "target_population": "כללי", "use": "ציבורי", "gross_area": "2660", "taba_id": "1598/ג", "planning_block": "30017", "planning_parcel": "17", "planning_plot": "2001", "information_source": "סיסטם", "position_source": "yiud_karka_any"}, "geometry": {"type": "Point", "coordinates": [35.225416470273636, 31.769360421358684]}}, {"type": "Feature", "properties": {"id": "150484", "category": "ספורט", "type": "מגרש ספורט", "name": "מגרש כדורסל", "address": "הצפירה 27", "target_population": "כללי", "use": "ציבורי", "gross_area": "497.8", "taba_id": "2787", "planning_block": "30009", "planning_parcel": "71", "planning_plot": "30009/71", "information_source": "סיסטם", "position_source": "yiud_karka_any"}, "geometry": {"type": "Point", "coordinates": [35.21583112102469, 31.765122635519536]}}, {"type": "Feature", "properties": {"id": "150561", "category": "רווחה", "type": "לשכת רווחה של הרשות המקומית", "name": "מרכז הורים וילדים טליה", "address": "דרך חברון 144", "target_population": "כללי", "use": "ציבורי", "gross_area": "202.9", "taba_id": "11401", "planning_block": "30092", "planning_parcel": "15", "planning_plot": "8", "information_source": "סיסטם", "position_source": "yiud_karka_any"}, "geometry": {"type": "Point", "coordinates": [35.21649374295929, 31.74697823273926]}}, {"type": "Feature", "properties": {"id": "150626", "category": "דת", "type": "בית כנסת", "name": "וקהל שלמה הקטן", "address": "שדה יצחק ליד 1", "target_population": "דתי", "use": "ציבורי", "gross_area": "87", "taba_id": "4253", "planning_block": "30169", "planning_parcel": "100", "planning_plot": "3", "information_source": "סיסטם", "position_source": "yiud_karka_any"}, "geometry": {"type": "Point", "coordinates": [35.198292197224326, 31.75430891390987]}}, {"type": "Feature", "properties": {"id": "150633", "category": "חירום וכללי", "type": "מקלט", "name": "מקלט 906", "address": "בר יוחאי ליד 10", "target_population": "כללי", "use": "ציבורי", "gross_area": "150", "taba_id": "2004-05-06 00:00:00", "planning_block": "30200", "planning_parcel": "32", "planning_plot": "2000", "information_source": "סיסטם", "position_source": "yiud_karka_any"}, "geometry": {"type": "Point", "coordinates": [35.19715317210044, 31.753725156925903]}}, {"type": "Feature", "properties": {"id": "150639", "category": "ספורט", "type": "מגרש ספורט", "name": "מגרש ספורט", "address": "מרגולין 3", "target_population": "כללי", "use": "ציבורי", "gross_area": "160", "taba_id": "2001-05-06 00:00:00", "planning_block": "30169", "planning_parcel": "35", "planning_plot": "916", "information_source": "סיסטם", "position_source": "yiud_karka_any"}, "geometry": {"type": "Point", "coordinates": [35.19530255609298, 31.754686009982994]}}, {"type": "Feature", "properties": {"id": "150650", "category": "בריאות", "type": "מרפאה", "name": "קופ\"ח כללית", "address": "הנוטרים 10", "target_population": "כללי", "use": "ציבורי", "gross_area": "610", "taba_id": "1276", "planning_block": "30169", "planning_parcel": "87", "planning_plot": "14", "information_source": "סיסטם", "position_source": "yiud_karka_any"}, "geometry": {"type": "Point", "coordinates": [35.196573800312265, 31.755928891323794]}}, {"type": "Feature", "properties": {"id": "150652", "category": "ספורט", "type": "מגרש ספורט", "name": "מגרש כדורסל גן אלמליח", "address": "בר יוחאי 13", "target_population": "כללי", "use": "ציבורי", "gross_area": "455.4", "taba_id": "62", "planning_block": "30200", "planning_parcel": "37", "planning_plot": "2244", "information_source": "סיסטם", "position_source": "yiud_karka_any"}, "geometry": {"type": "Point", "coordinates": [35.195273722955115, 31.75229018541318]}}, {"type": "Feature", "properties": {"id": "150695", "category": "תרבות וקהילה", "type": "מועדון נוער", "name": "בני עקיבא סניף גוננים", "address": "יוסי בן יועזר 14", "target_population": "כללי", "use": "ציבורי", "gross_area": "100", "taba_id": "2734", "planning_block": "30133", "planning_parcel": "73", "planning_plot": "9", "information_source": "סיסטם", "position_source": "yiud_karka_taba"}, "geometry": {"type": "Point", "coordinates": [35.20870948501842, 31.757230763875775]}}, {"type": "Feature", "properties": {"id": "150700", "category": "ספורט", "type": "מגרש ספורט", "name": "מגרש קטרגל", "address": "קנאי הגליל 19", "target_population": "כללי", "use": "ציבורי", "gross_area": "441.3", "taba_id": "101-0112557", "planning_block": "30144", "planning_parcel": "211", "planning_plot": "81", "information_source": "סיסטם", "position_source": "yiud_karka_taba"}, "geometry": {"type": "Point", "coordinates": [35.2012040577161, 31.753606932180737]}}, {"type": "Feature", "properties": {"id": "150708", "category": "ספורט", "type": "אולם ספורט, התעמלות", "name": "אולם ספורט רב תכליתי", "address": "בעהם אריה 7", "target_population": "כללי", "use": "ציבורי", "gross_area": "657", "taba_id": "1599", "planning_block": "30501", "planning_parcel": "82", "planning_plot": "1ד", "information_source": "סיסטם", "position_source": "yiud_karka_taba"}, "geometry": {"type": "Point", "coordinates": [35.19964404011842, 31.750768289397655]}}, {"type": "Feature", "properties": {"id": "150893", "category": "ספורט", "type": "אולם ספורט, התעמלות", "name": "אולם ספורט לוריא", "address": "פלמ\"ח 79", "target_population": "כללי", "use": "ציבורי", "gross_area": "1080", "taba_id": "1097", "planning_block": "30185", "planning_parcel": "203", "planning_plot": "4", "information_source": "סיסטם", "position_source": "yiud_karka_any"}, "geometry": {"type": "Point", "coordinates": [35.20454882748116, 31.76312146777353]}}, {"type": "Feature", "properties": {"id": "150920", "category": "ספורט", "type": "מגרש ספורט", "name": "מגרש כדורסל", "address": "הרב הרצוג 105", "target_population": "כללי", "use": "ציבורי", "gross_area": "245.7", "taba_id": "1093ג", "planning_block": "30122", "planning_parcel": "16", "planning_plot": "2002", "information_source": "סיסטם", "position_source": "yiud_karka_taba"}, "geometry": {"type": "Point", "coordinates": [35.20073179823114, 31.7597688222014]}}, {"type": "Feature", "properties": {"id": "150921", "category": "ספורט", "type": "מגרש ספורט", "name": "מגרש כדורגל", "address": "הרב הרצוג 105", "target_population": "כללי", "use": "ציבורי", "gross_area": "1086.2", "taba_id": "1093ג", "planning_block": "30122", "planning_parcel": "16", "planning_plot": "2002", "information_source": "סיסטם", "position_source": "yiud_karka_taba"}, "geometry": {"type": "Point", "coordinates": [35.20073179823114, 31.7597688222014]}}, {"type": "Feature", "properties": {"id": "151053", "category": "דת", "type": "בית כנסת", "name": "אור החיים", "address": "בן יאיר אלעזר ליד 6", "target_population": "כללי", "use": "ציבורי", "gross_area": "142", "taba_id": "2555", "planning_block": "30172", "planning_parcel": "129", "planning_plot": "1", "information_source": "סיסטם", "position_source": "yiud_karka_any"}, "geometry": {"type": "Point", "coordinates": [35.20097178845673, 31.754961223983333]}}, {"type": "Feature", "properties": {"id": "152207", "category": "תרבות וקהילה", "type": "מועדון נוער", "name": "תנועת צופים", "address": "יהושע ייבין 8", "target_population": "כללי", "use": "ציבורי", "gross_area": "360", "taba_id": "889ב", "planning_block": "30145", "planning_parcel": "37", "planning_plot": "5", "information_source": "סיסטם", "position_source": "yiud_karka_taba"}, "geometry": {"type": "Point", "coordinates": [35.20728618479472, 31.76995721186934]}}, {"type": "Feature", "properties": {"id": "152208", "category": "ספורט", "type": "מגרש ספורט", "name": "כדורסל", "address": "ניות 62", "target_population": "כללי", "use": "ציבורי", "gross_area": "722", "taba_id": "889ב", "planning_block": "30145", "planning_parcel": "37", "planning_plot": "5", "information_source": "סיסטם", "position_source": "yiud_karka_taba"}, "geometry": {"type": "Point", "coordinates": [35.2067197877993, 31.77043220596646]}}, {"type": "Feature", "properties": {"id": "154523", "category": "תרבות וקהילה", "type": "מועדון קהילתי כולל מרכז צעירים", "name": "המרכז לחינוך ותרבות", "address": "שדרות ש\"י עגנון 22", "target_population": "כללי", "use": "ציבורי", "gross_area": "1218", "taba_id": "4384", "planning_block": "30006", "planning_parcel": "133", "planning_plot": "36", "information_source": "סיסטם", "position_source": "yiud_karka_taba"}, "geometry": {"type": "Point", "coordinates": [35.204508317809385, 31.760349286356842]}}, {"type": "Feature", "properties": {"id": "154530", "category": "רווחה", "type": "לשכת רווחה של הרשות המקומית", "name": "מרכז שיקום נוער", "address": "הרקוניה 19", "target_population": "כללי", "use": "ציבורי", "gross_area": "1680", "taba_id": "1766", "planning_block": "30171", "planning_parcel": "226", "planning_plot": "שטח לבניני ציבור", "information_source": "סיסטם", "position_source": "yiud_karka_taba"}, "geometry": {"type": "Point", "coordinates": [35.20145071340531, 31.757007038611768]}}, {"type": "Feature", "properties": {"id": "154530", "category": "רווחה", "type": "לשכת רווחה של הרשות המקומית", "name": "מרכז שיקום נוער", "address": "הרקוניה 19", "target_population": "כללי", "use": "ציבורי", "gross_area": "1680", "taba_id": "1766", "planning_block": "30171", "planning_parcel": "226", "planning_plot": "שטח לבניני ציבור", "information_source": "סיסטם", "position_source": "yiud_karka_taba"}, "geometry": {"type": "Point", "coordinates": [35.20145071340531, 31.757007038611768]}}, {"type": "Feature", "properties": {"id": "155670", "category": "תרבות וקהילה", "type": "מועדון קהילתי כולל מרכז צעירים", "name": "מתנ\"ס בבניה", "address": "חנוך אלבק מול 16", "target_population": "כללי", "use": "ציבורי", "gross_area": "192.9", "taba_id": "13443", "planning_block": "30300", "planning_parcel": "29", "planning_plot": "204", "information_source": "סיסטם", "position_source": "yiud_karka_taba"}, "geometry": {"type": "Point", "coordinates": [35.224576626398836, 31.758543777833918]}}, {"type": "Feature", "properties": {"id": "158756", "category": "דת", "type": "בית כנסת", "name": "היכל יוסף", "address": "הס 4", "target_population": "דתי", "use": "ציבורי", "gross_area": "223", "taba_id": "8437", "planning_plot": "45", "information_source": "סיסטם", "position_source": "yiud_karka_any"}, "geometry": {"type": "Point", "coordinates": [35.22136666086069, 31.776006986469625]}}, {"type": "Feature", "properties": {"id": "117222", "category": "תרבות וקהילה", "type": "מועדון קהילתי כולל מרכז צעירים", "name": "היוונית", "address": "יהושע בן נון 8", "target_population": "כללי", "use": "ציבורי", "gross_area": "702", "taba_id": "2878", "planning_block": "30008", "planning_parcel": "46", "planning_plot": "30008/46", "information_source": "בנטל", "position_source": "yiud_karka_taba"}, "geometry": {"type": "Point", "coordinates": [35.21674247990254, 31.762537971631087]}}, {"type": "Feature", "properties": {"id": "117850", "category": "ספורט", "type": "בריכת שחייה ציבורית או עירונית", "name": "בריכת השחייה", "address": "הרוקניה 21", "target_population": "כללי", "use": "ציבורי", "gross_area": "312.5", "taba_id": "62", "planning_block": "30122", "planning_parcel": "46", "planning_plot": "2303", "information_source": "בנטל", "position_source": "yiud_karka_any"}, "geometry": {"type": "Point", "coordinates": [35.20331717233746, 31.759505301075354]}}, {"type": "Feature", "properties": {"id": "121499", "category": "ספורט", "type": "אולם ספורט, התעמלות", "name": "אולם משולב  -  חוות הנוער הציוני", "address": "שד שי עגנון 19", "target_population": "כללי", "use": "ציבורי", "gross_area": "1080", "taba_id": "62", "planning_block": "30122", "planning_parcel": "48", "planning_plot": "2303", "information_source": "משרד התרבות והספורט", "position_source": "yiud_karka_any"}, "geometry": {"type": "Point", "coordinates": [35.203110923907644, 31.759327034072864]}}, {"type": "Feature", "properties": {"id": "121558", "category": "ספורט", "type": "מגרש ספורט", "name": "מגרש משולב  -  חוות הנוער הציוני", "address": "שד שי עגנון 22", "target_population": "כללי", "use": "ציבורי", "gross_area": "1376", "taba_id": "62", "planning_block": "30006", "planning_parcel": "133", "planning_plot": "2303", "information_source": "משרד התרבות והספורט", "position_source": "yiud_karka_any"}, "geometry": {"type": "Point", "coordinates": [35.204508317809385, 31.760349286356842]}}, {"type": "Feature", "properties": {"id": "123981", "category": "דת", "type": "בית כנסת", "name": "בני עקיבא", "address": "יהושוע יבין 15", "target_population": "דתי", "use": "ציבורי", "gross_area": "198", "taba_id": "889ב", "planning_block": "30145", "planning_parcel": "37", "planning_plot": "2", "information_source": "משרד הדתות", "position_source": "yiud_karka_taba"}, "geometry": {"type": "Point", "coordinates": [35.20561160043142, 31.769348548730584]}}, {"type": "Feature", "properties": {"id": "133021", "category": "דת", "type": "בית כנסת", "name": "בתי הכנסת המאוחדים באמריקה", "address": "קרן היסוד 2", "target_population": "דתי", "use": "ציבורי", "gross_area": "870", "taba_id": "3896/א", "planning_plot": "1", "information_source": "Here", "position_source": "yiud_karka_any"}, "geometry": {"type": "Point", "coordinates": [35.218242212634266, 31.775236052283834]}}, {"type": "Feature", "properties": {"id": "146857", "category": "חירום וכללי", "type": "מקלט", "name": "מקלט 757", "address": "השומר 5", "target_population": "כללי", "use": "ציבורי", "gross_area": "100", "taba_id": "2409", "planning_block": "30169", "planning_parcel": "51", "planning_plot": "1", "information_source": "סיסטם", "position_source": "landuse_xplan_any"}, "geometry": {"type": "Point", "coordinates": [35.20851904535361, 31.77962685043328]}}, {"type": "Feature", "properties": {"id": "146990", "category": "חירום וכללי", "type": "מקלט", "name": "מקלט 987", "address": "רבן יוחנן בן זכאי 38", "target_population": "כללי", "use": "ציבורי", "gross_area": "152", "taba_id": "א0822", "planning_block": "30005", "planning_parcel": "32", "planning_plot": "32", "information_source": "סיסטם", "position_source": "yiud_karka_any"}, "geometry": {"type": "Point", "coordinates": [35.20845864880603, 31.759111072010704]}}, {"type": "Feature", "properties": {"id": "147013", "category": "חירום וכללי", "type": "מקלט", "name": "מקלט 995", "address": "לוי 3", "target_population": "כללי", "use": "ציבורי", "gross_area": "100", "taba_id": "62", "planning_block": "30014", "planning_parcel": "170", "planning_plot": "2362", "information_source": "סיסטם", "position_source": "yiud_karka_any"}, "geometry": {"type": "Point", "coordinates": [35.22015225175379, 31.755544576128713]}}, {"type": "Feature", "properties": {"id": "150176", "category": "רווחה", "type": "מועדון קשישים, מרכז לאזרחים ותיקים,מרכז יום לקשישים", "name": "ירושלים של זהב", "address": "קורא הדורות 26", "target_population": "כללי", "use": "ציבורי", "gross_area": "917.9", "taba_id": "5313", "planning_block": "30117", "planning_parcel": "14", "planning_plot": "1", "information_source": "סיסטם", "position_source": "yiud_karka_any"}, "geometry": {"type": "Point", "coordinates": [35.22183138573652, 31.749430358105784]}}, {"type": "Feature", "properties": {"id": "150181", "category": "דת", "type": "בית כנסת", "name": "בית כנסת", "address": "דרך בית לחם 103", "target_population": "דתי", "use": "ציבורי", "gross_area": "150", "taba_id": "3553א", "planning_block": "30187", "planning_parcel": "71", "planning_plot": "4", "information_source": "סיסטם", "position_source": "yiud_karka_any"}, "geometry": {"type": "Point", "coordinates": [35.21862324302627, 31.7510433465061]}}, {"type": "Feature", "properties": {"id": "150184", "category": "דת", "type": "בית כנסת", "name": "הקהילה האתיופית", "address": "דרך בית לחם 113", "target_population": "דתי", "use": "קהילתי", "gross_area": "300", "taba_id": "2182", "planning_block": "30187", "planning_parcel": "37", "planning_plot": "5", "information_source": "סיסטם", "position_source": "yiud_karka_taba"}, "geometry": {"type": "Point", "coordinates": [35.217241274755786, 31.74887840557256]}}, {"type": "Feature", "properties": {"id": "150193", "category": "בריאות", "type": "מרפאה", "name": "קופ\"ח כללית", "address": "דרך חברון 126", "target_population": "כללי", "use": "ציבורי", "gross_area": "1002", "taba_id": "920", "planning_block": "30187", "planning_parcel": "34", "planning_plot": "2007", "information_source": "סיסטם", "position_source": "yiud_karka_any"}, "geometry": {"type": "Point", "coordinates": [35.2184181813991, 31.749754984491023]}}, {"type": "Feature", "properties": {"id": "150207", "category": "דת", "type": "בית כנסת", "name": "בית כנסת בויאר", "address": "בן גבריאל 14", "target_population": "דתי", "use": "ציבורי", "gross_area": "266", "taba_id": "6976/ב", "planning_block": "30116", "planning_parcel": "112", "planning_plot": "2", "information_source": "סיסטם", "position_source": "yiud_karka_any"}, "geometry": {"type": "Point", "coordinates": [35.2208921613109, 31.75044281811072]}}, {"type": "Feature", "properties": {"id": "150276", "category": "ספורט", "type": "מגרש ספורט", "name": "מיגרש דשא", "address": "בית\"ר 8", "target_population": "כללי", "use": "ציבורי", "gross_area": "1111.6", "taba_id": "במ/2954ג", "planning_block": "30114", "planning_parcel": "91", "planning_plot": "29", "information_source": "סיסטם", "position_source": "yiud_karka_any"}, "geometry": {"type": "Point", "coordinates": [35.22343744492629, 31.754588162607764]}}, {"type": "Feature", "properties": {"id": "150408", "category": "דת", "type": "בית כנסת", "name": "בית יוסף", "address": "מקור חיים מול 11", "target_population": "דתי", "use": "ציבורי", "gross_area": "818.1", "taba_id": "3532", "planning_block": "30198", "planning_parcel": "83", "planning_plot": "8", "information_source": "סיסטם", "position_source": "yiud_karka_taba"}, "geometry": {"type": "Point", "coordinates": [35.21351569324208, 31.757162312568497]}}, {"type": "Feature", "properties": {"id": "150409", "category": "ספורט", "type": "אולם ספורט, התעמלות", "name": "מרכז פיס קהילתי", "address": "יהודה 29", "target_population": "כללי", "use": "ציבורי", "gross_area": "733", "taba_id": "3770", "planning_block": "30002", "planning_parcel": "83", "planning_plot": "2116", "information_source": "סיסטם", "position_source": "yiud_karka_taba"}, "geometry": {"type": "Point", "coordinates": [35.21762915827161, 31.757251021491243]}}, {"type": "Feature", "properties": {"id": "150414", "category": "דת", "type": "בית כנסת", "name": "אהל שלום", "address": "גדעון 14", "target_population": "דתי", "use": "ציבורי", "gross_area": "300", "taba_id": "3770", "planning_block": "30015", "planning_parcel": "21", "planning_plot": "30015/21", "information_source": "סיסטם", "position_source": "yiud_karka_taba"}, "geometry": {"type": "Point", "coordinates": [35.220164586038095, 31.760269987460717]}}, {"type": "Feature", "properties": {"id": "150417", "category": "תרבות וקהילה", "type": "אולם מופעים, היכל תרבות", "name": "בית אות האוצר ירושלמי", "address": "דרך חברון 12", "target_population": "כללי", "use": "ציבורי", "gross_area": "2154", "taba_id": "עמ/9", "planning_block": "30017", "planning_parcel": "2", "planning_plot": "2066", "information_source": "סיסטם", "position_source": "yiud_karka_taba"}, "geometry": {"type": "Point", "coordinates": [35.22575064282989, 31.768871228988655]}}, {"type": "Feature", "properties": {"id": "150517", "category": "רווחה", "type": "לשכת רווחה של הרשות המקומית", "name": "תחנה לטיפול בילד ובנוער", "address": "החי\"ש 2", "target_population": "כללי", "use": "ציבורי", "gross_area": "314", "taba_id": "6266", "planning_block": "30006", "planning_parcel": "115", "planning_plot": "1", "information_source": "סיסטם", "position_source": "yiud_karka_taba"}, "geometry": {"type": "Point", "coordinates": [35.209175727744345, 31.761673017864435]}}, {"type": "Feature", "properties": {"id": "150521", "category": "ספורט", "type": "מגרש ספורט", "name": "מגרש ספורט משולב", "address": "הל\"ה 23", "target_population": "כללי", "use": "ציבורי", "gross_area": "351.3", "taba_id": "2878", "planning_block": "30007", "planning_parcel": "82", "planning_plot": "30007/82", "information_source": "סיסטם", "position_source": "yiud_karka_any"}, "geometry": {"type": "Point", "coordinates": [35.20962280439502, 31.76478660403236]}}, {"type": "Feature", "properties": {"id": "150562", "category": "רווחה", "type": "לשכת רווחה של הרשות המקומית", "name": "לשכת הרווחה בקעה תלפיות", "address": "דרך חברון 144", "target_population": "כללי", "use": "ציבורי", "gross_area": "202.9", "taba_id": "11401", "planning_block": "30092", "planning_parcel": "15", "planning_plot": "8", "information_source": "סיסטם", "position_source": "yiud_karka_any"}, "geometry": {"type": "Point", "coordinates": [35.21649374295929, 31.74697823273926]}}, {"type": "Feature", "properties": {"id": "150616", "category": "ספורט", "type": "מגרש ספורט", "name": "מגרש כדורסל", "address": "אלכסנדריון 23", "target_population": "כללי", "use": "ציבורי", "gross_area": "495", "taba_id": "1365", "planning_block": "30143", "planning_parcel": "201", "planning_plot": "א1", "information_source": "סיסטם", "position_source": "yiud_karka_any"}, "geometry": {"type": "Point", "coordinates": [35.204559217682174, 31.75301852869038]}}, {"type": "Feature", "properties": {"id": "150619", "category": "רווחה", "type": "מועדון קשישים, מרכז לאזרחים ותיקים,מרכז יום לקשישים", "name": "מרכז לקשיש הופמן", "address": "אליעזר הגדול 4", "target_population": "כללי", "use": "ציבורי", "gross_area": "804", "taba_id": "1365", "planning_block": "30143", "planning_parcel": "201", "planning_plot": "א1", "information_source": "סיסטם", "position_source": "yiud_karka_taba"}, "geometry": {"type": "Point", "coordinates": [35.20464127905228, 31.75386847185292]}}, {"type": "Feature", "properties": {"id": "150620", "category": "תרבות וקהילה", "type": "מועדון קהילתי כולל מרכז צעירים", "name": "מרכז אומנות ג'ינוגלי", "address": "טוביה 3", "target_population": "כללי", "use": "ציבורי", "gross_area": "1414", "taba_id": "1365", "planning_block": "30143", "planning_parcel": "201", "planning_plot": "א1", "information_source": "סיסטם", "position_source": "yiud_karka_taba"}, "geometry": {"type": "Point", "coordinates": [35.20333097780384, 31.75420984356496]}}, {"type": "Feature", "properties": {"id": "150637", "category": "ספורט", "type": "מגרש ספורט", "name": "מגרש משולב", "address": "מרגולין 3", "target_population": "כללי", "use": "ציבורי", "gross_area": "300", "taba_id": "2001-05-06 00:00:00", "planning_block": "30169", "planning_parcel": "36", "planning_plot": "916", "information_source": "סיסטם", "position_source": "landuse_xplan_any"}, "geometry": {"type": "Point", "coordinates": [35.194357294809095, 31.754384052137482]}}, {"type": "Feature", "properties": {"id": "150640", "category": "ספורט", "type": "מגרש ספורט", "name": "מגרש כדורסל", "address": "מרגולין 3", "target_population": "כללי", "use": "ציבורי", "gross_area": "300", "taba_id": "2001-05-06 00:00:00", "planning_block": "30169", "planning_parcel": "35", "planning_plot": "916", "information_source": "סיסטם", "position_source": "landuse_xplan_any"}, "geometry": {"type": "Point", "coordinates": [35.194357294809095, 31.754384052137482]}}, {"type": "Feature", "properties": {"id": "150658", "category": "ספורט", "type": "מגרש ספורט", "name": "מגרש ספורט משולב", "address": "בר יוחאי מאחורי 5", "target_population": "כללי", "use": "ציבורי", "gross_area": "608", "taba_id": "2004-05-06 00:00:00", "planning_block": "30200", "planning_parcel": "15", "planning_plot": "908", "information_source": "סיסטם", "position_source": "landuse_xplan_any"}, "geometry": {"type": "Point", "coordinates": [35.19817656182694, 31.753340196230553]}}, {"type": "Feature", "properties": {"id": "150659", "category": "ספורט", "type": "מגרש ספורט", "name": "מגרש ספורט משולב", "address": "בר יוחאי 5", "target_population": "כללי", "use": "ציבורי", "gross_area": "410.9", "taba_id": "2004-05-06 00:00:00", "planning_block": "30200", "planning_parcel": "15", "planning_plot": "908", "information_source": "סיסטם", "position_source": "landuse_xplan_any"}, "geometry": {"type": "Point", "coordinates": [35.19879374597878, 31.753251510591028]}}, {"type": "Feature", "properties": {"id": "150696", "category": "ספורט", "type": "מגרש ספורט", "name": "מגרש דשא סינתטי", "address": "יוסי בן יועזר 16", "target_population": "כללי", "use": "ציבורי", "gross_area": "1376", "taba_id": "2734", "planning_block": "30133", "planning_parcel": "73", "planning_plot": "8", "information_source": "סיסטם", "position_source": "yiud_karka_taba"}, "geometry": {"type": "Point", "coordinates": [35.20811948986511, 31.756754137853733]}}, {"type": "Feature", "properties": {"id": "150709", "category": "תרבות וקהילה", "type": "מועדון קהילתי כולל מרכז צעירים", "name": "מתנס בית פאני קפלן -  פת", "address": "מוריס פישר 20", "target_population": "כללי", "use": "ציבורי", "gross_area": "392.6", "taba_id": "1599א", "planning_block": "30501", "planning_parcel": "83", "planning_plot": "2005", "information_source": "סיסטם", "position_source": "yiud_karka_taba"}, "geometry": {"type": "Point", "coordinates": [35.200207179901696, 31.749895561785042]}}, {"type": "Feature", "properties": {"id": "150744", "category": "דת", "type": "בית כנסת", "name": "אוהל לוונגרט", "address": "חוזה סן מרטין 801", "target_population": "דתי", "use": "ציבורי", "gross_area": "123", "taba_id": "2005-05-06 00:00:00", "planning_block": "30199", "planning_parcel": "5", "planning_plot": "1", "information_source": "סיסטם", "position_source": "yiud_karka_any"}, "geometry": {"type": "Point", "coordinates": [35.192281157386454, 31.753736844137013]}}, {"type": "Feature", "properties": {"id": "150761", "category": "דת", "type": "בית כנסת", "name": "בית כנסת ניסים כהן", "address": "דב הוז 3", "target_population": "דתי", "use": "ציבורי", "gross_area": "100", "taba_id": "1276", "planning_block": "30169", "planning_parcel": "88", "planning_plot": "דרך חדשה/רחבה", "information_source": "סיסטם", "position_source": "yiud_karka_taba"}, "geometry": {"type": "Point", "coordinates": [35.19606011816114, 31.756070006471838]}}, {"type": "Feature", "properties": {"id": "150777", "category": "דת", "type": "בית כנסת", "name": "היכל יעקב", "address": "בר יוחאי 16", "target_population": "דתי", "use": "ציבורי", "gross_area": "426", "taba_id": "2004-05-06 00:00:00", "planning_block": "30199", "planning_parcel": "34", "planning_plot": "905", "information_source": "סיסטם", "position_source": "landuse_xplan_any"}, "geometry": {"type": "Point", "coordinates": [35.19443004000843, 31.753053836537195]}}, {"type": "Feature", "properties": {"id": "150782", "category": "חירום וכללי", "type": "מקלט", "name": "מקלט 842", "address": "בר יוחאי 8", "target_population": "כללי", "use": "ציבורי", "gross_area": "174", "taba_id": "2004-05-06 00:00:00", "planning_block": "30200", "planning_parcel": "28", "planning_plot": "707", "information_source": "סיסטם", "position_source": "yiud_karka_any"}, "geometry": {"type": "Point", "coordinates": [35.19599409949213, 31.753192960367176]}}, {"type": "Feature", "properties": {"id": "150786", "category": "דת", "type": "בית כנסת", "name": "בית כנסת לעדה האתיופית", "address": "בר יוחאי 8", "target_population": "דתי", "use": "ציבורי", "gross_area": "174", "taba_id": "2004-05-06 00:00:00", "planning_block": "30200", "planning_parcel": "28", "planning_plot": "707", "information_source": "סיסטם", "position_source": "yiud_karka_any"}, "geometry": {"type": "Point", "coordinates": [35.19599409949213, 31.753192960367176]}}, {"type": "Feature", "properties": {"id": "150798", "category": "חירום וכללי", "type": "מקלט", "name": "מקלט718", "address": "רבי צדוק 6", "target_population": "כללי", "use": "ציבורי", "gross_area": "120", "taba_id": "2004-05-06 00:00:00", "planning_block": "30199", "planning_parcel": "15", "planning_plot": "901", "information_source": "סיסטם", "position_source": "landuse_xplan_any"}, "geometry": {"type": "Point", "coordinates": [35.194357294809095, 31.754384052137482]}}, {"type": "Feature", "properties": {"id": "150828", "category": "חירום וכללי", "type": "מקלט", "name": "מקלט 714", "address": "קנאי הגליל 3", "target_population": "כללי", "use": "ציבורי", "gross_area": "40", "taba_id": "1850א", "planning_block": "30172", "planning_parcel": "14", "planning_plot": "2001", "information_source": "סיסטם", "position_source": "yiud_karka_any"}, "geometry": {"type": "Point", "coordinates": [35.20024476046388, 31.755714388821296]}}, {"type": "Feature", "properties": {"id": "150842", "category": "ספורט", "type": "מגרש ספורט", "name": "מגרש כדורסל", "address": "מנחם אושסקין ליד תיכון עירוני יב", "target_population": "כללי", "use": "ציבורי", "gross_area": "483", "taba_id": "910", "planning_plot": "I", "information_source": "סיסטם", "position_source": "landuse_xplan_any"}, "geometry": {"type": "Point", "coordinates": [35.20851904535361, 31.77962685043328]}}, {"type": "Feature", "properties": {"id": "150857", "category": "חירום וכללי", "type": "מקלט", "name": "מקלט 972", "address": "אלחריזי 26", "target_population": "כללי", "use": "ציבורי", "gross_area": "100", "taba_id": "9988", "planning_plot": "10", "information_source": "סיסטם", "position_source": "yiud_karka_taba"}, "geometry": {"type": "Point", "coordinates": [35.21425328899777, 31.776310084835117]}}, {"type": "Feature", "properties": {"id": "150860", "category": "דת", "type": "בית כנסת", "name": "הרמבם", "address": "קנאי הגליל 26", "target_population": "דתי", "use": "ציבורי", "gross_area": "115", "taba_id": "4565א", "planning_block": "30144", "planning_parcel": "197", "planning_plot": "2042", "information_source": "סיסטם", "position_source": "yiud_karka_taba"}, "geometry": {"type": "Point", "coordinates": [35.20082508969272, 31.753220856223848]}}, {"type": "Feature", "properties": {"id": "150871", "category": "חירום וכללי", "type": "מקלט", "name": "מקלט 658", "address": "אבן עזרא 13", "target_population": "כללי", "use": "ציבורי", "gross_area": "100", "taba_id": "9988", "planning_plot": "15", "information_source": "סיסטם", "position_source": "yiud_karka_taba"}, "geometry": {"type": "Point", "coordinates": [35.21401834825351, 31.77569880674037]}}, {"type": "Feature", "properties": {"id": "150922", "category": "ספורט", "type": "מגרש ספורט", "name": "מגרש ספורט", "address": "הרב הרצוג 105", "target_population": "כללי", "use": "ציבורי", "gross_area": "481.9", "taba_id": "1093ג", "planning_block": "30122", "planning_parcel": "16", "planning_plot": "2002", "information_source": "סיסטם", "position_source": "yiud_karka_taba"}, "geometry": {"type": "Point", "coordinates": [35.20073179823114, 31.7597688222014]}}, {"type": "Feature", "properties": {"id": "151062", "category": "ספורט", "type": "מגרש ספורט", "name": "מיגרש משולב", "address": "אליעזר הגדול 4", "target_population": "כללי", "use": "ציבורי", "gross_area": "360", "taba_id": "1365", "planning_block": "30143", "planning_parcel": "166", "planning_plot": "70", "information_source": "סיסטם", "position_source": "yiud_karka_taba"}, "geometry": {"type": "Point", "coordinates": [35.20471245836468, 31.75482089527481]}}, {"type": "Feature", "properties": {"id": "151064", "category": "חירום וכללי", "type": "מקלט", "name": "מקלט 712", "address": "אליעזר הגדול 4", "target_population": "כללי", "use": "ציבורי", "gross_area": "230", "taba_id": "1365", "planning_block": "30143", "planning_parcel": "218", "planning_plot": "72", "information_source": "סיסטם", "position_source": "yiud_karka_any"}, "geometry": {"type": "Point", "coordinates": [35.20519462134356, 31.754449186705912]}}, {"type": "Feature", "properties": {"id": "151091", "category": "דת", "type": "בית כנסת", "name": "בית יוסף", "address": "אנטיגונוס 33", "target_population": "דתי", "use": "ציבורי", "gross_area": "175", "taba_id": "2734", "planning_block": "30143", "planning_parcel": "34", "planning_plot": "4", "information_source": "סיסטם", "position_source": "yiud_karka_taba"}, "geometry": {"type": "Point", "coordinates": [35.206293420454685, 31.755584508832452]}}, {"type": "Feature", "properties": {"id": "151099", "category": "חירום וכללי", "type": "מקלט", "name": "מקלט 703", "address": "יוחנן בן זכאי 53", "target_population": "כללי", "use": "ציבורי", "gross_area": "170", "taba_id": "1402", "planning_block": "30143", "planning_parcel": "25", "planning_plot": "שטח לבנין ציבורי", "information_source": "סיסטם", "position_source": "yiud_karka_any"}, "geometry": {"type": "Point", "coordinates": [35.20553209026162, 31.756202079004115]}}, {"type": "Feature", "properties": {"id": "151107", "category": "ספורט", "type": "מגרש ספורט", "name": "מגרש כדורעף", "address": "אוסישקין 38", "target_population": "כללי", "use": "ציבורי", "gross_area": "348.6", "taba_id": "910", "planning_plot": "I", "information_source": "סיסטם", "position_source": "landuse_xplan_any"}, "geometry": {"type": "Point", "coordinates": [35.20851904535361, 31.77962685043328]}}, {"type": "Feature", "properties": {"id": "151110", "category": "ספורט", "type": "אולם ספורט, התעמלות", "name": "אולם ספורט", "address": "אוסישקין 34", "target_population": "כללי", "use": "ציבורי", "gross_area": "200", "taba_id": "910", "planning_plot": "ו", "information_source": "סיסטם", "position_source": "landuse_xplan_any"}, "geometry": {"type": "Point", "coordinates": [35.20851904535361, 31.77962685043328]}}, {"type": "Feature", "properties": {"id": "151125", "category": "ספורט", "type": "מגרש ספורט", "name": "מגרש כדורסל", "address": "בן לברט 15", "target_population": "כללי", "use": "ציבורי", "gross_area": "600", "taba_id": "9988", "planning_block": "30025", "planning_parcel": "210", "planning_plot": "307", "information_source": "סיסטם", "position_source": "yiud_karka_taba"}, "geometry": {"type": "Point", "coordinates": [35.20962300940452, 31.770831556038484]}}, {"type": "Feature", "properties": {"id": "151264", "category": "דת", "type": "בית כנסת", "name": "שטיבלך", "address": "המצור 9", "target_population": "דתי", "use": "ציבורי", "gross_area": "260", "taba_id": "2878", "planning_block": "30007", "planning_parcel": "50", "planning_plot": "7/50", "information_source": "סיסטם", "position_source": "yiud_karka_taba"}, "geometry": {"type": "Point", "coordinates": [35.218620192077815, 31.764933672943695]}}, {"type": "Feature", "properties": {"id": "151280", "category": "דת", "type": "בית כנסת", "name": "הראל", "address": "השיירות 4", "target_population": "דתי", "use": "ציבורי", "gross_area": "354", "taba_id": "2878", "planning_block": "30007", "planning_parcel": "34", "planning_plot": "30007/34", "information_source": "סיסטם", "position_source": "yiud_karka_taba"}, "geometry": {"type": "Point", "coordinates": [35.21693170965384, 31.764645333095075]}}, {"type": "Feature", "properties": {"id": "151300", "category": "חירום וכללי", "type": "מקלט", "name": "מקלט 986", "address": "חיים יחיל 1", "target_population": "כללי", "use": "ציבורי", "gross_area": "100", "taba_id": "1682", "planning_block": "30122", "planning_parcel": "42", "planning_plot": "t49", "information_source": "סיסטם", "position_source": "yiud_karka_taba"}, "geometry": {"type": "Point", "coordinates": [35.203110923907644, 31.759327034072864]}}, {"type": "Feature", "properties": {"id": "151378", "category": "דת", "type": "בית כנסת", "name": "בית כנסת הפתוח חב\"ד", "address": "אמציה 4", "target_population": "דתי", "use": "ציבורי", "gross_area": "259", "taba_id": "2878", "planning_block": "30008", "planning_parcel": "95", "planning_plot": "30008/76", "information_source": "סיסטם", "position_source": "yiud_karka_any"}, "geometry": {"type": "Point", "coordinates": [35.21544214787789, 31.762226247449476]}}, {"type": "Feature", "properties": {"id": "151484", "category": "תרבות וקהילה", "type": "מועדון קהילתי כולל מרכז צעירים", "name": "מרכז קהילתי", "address": "שופן 3", "target_population": "כללי", "use": "ציבורי", "gross_area": "974", "taba_id": "1837", "planning_block": "30022", "planning_parcel": "61", "planning_plot": "2", "information_source": "סיסטם", "position_source": "yiud_karka_taba"}, "geometry": {"type": "Point", "coordinates": [35.214280614081595, 31.769038449133262]}}, {"type": "Feature", "properties": {"id": "151662", "category": "דת", "type": "בית כנסת", "name": "משכן ישראל", "address": "הצפירה 28", "target_population": "דתי", "use": "ציבורי", "gross_area": "1320", "taba_id": "2878", "planning_block": "30010", "planning_parcel": "29", "planning_plot": "30010/29", "information_source": "סיסטם", "position_source": "yiud_karka_taba"}, "geometry": {"type": "Point", "coordinates": [35.21635671152402, 31.765618107513294]}}, {"type": "Feature", "properties": {"id": "151696", "category": "ספורט", "type": "אולם ספורט, התעמלות", "name": "בית הפיס לחינוך גופני", "address": "כובשי קטמון מול 16", "target_population": "כללי", "use": "ציבורי", "gross_area": "200", "taba_id": "975", "planning_block": "30009", "planning_parcel": "183", "planning_plot": "3", "information_source": "סיסטם", "position_source": "yiud_karka_taba"}, "geometry": {"type": "Point", "coordinates": [35.2120506146132, 31.76518995113875]}}, {"type": "Feature", "properties": {"id": "153718", "category": "דת", "type": "בית כנסת", "name": "נהר המטהר", "address": "ניקנור 4", "target_population": "דתי", "use": "ציבורי", "gross_area": "122", "taba_id": "2696 2696", "planning_block": "30171", "planning_parcel": "104", "planning_plot": "2028 30171/104", "information_source": "סיסטם", "position_source": "yiud_karka_any"}, "geometry": {"type": "Point", "coordinates": [35.199402314491344, 31.756971854137053]}}, {"type": "Feature", "properties": {"id": "154221", "category": "תרבות וקהילה", "type": "מועדון נוער", "name": "תנועת תורה בציון-צדק", "address": "ניקנור 20", "target_population": "דתי", "use": "ציבורי", "gross_area": "102", "taba_id": "1104", "planning_block": "30123", "planning_parcel": "106", "planning_plot": "143", "information_source": "סיסטם", "position_source": "yiud_karka_taba"}, "geometry": {"type": "Point", "coordinates": [35.201538646962575, 31.758079842856308]}}, {"type": "Feature", "properties": {"id": "154232", "category": "בריאות", "type": "מרפאה", "name": "אגף שירותי בריאות הציבור", "address": "יהודה 26", "target_population": "כללי", "use": "ציבורי", "gross_area": "399", "taba_id": "7294/א", "planning_block": "30014", "planning_parcel": "69", "planning_plot": "2000", "information_source": "סיסטם", "position_source": "yiud_karka_any"}, "geometry": {"type": "Point", "coordinates": [35.218251179817116, 31.75769213426388]}}, {"type": "Feature", "properties": {"id": "154530", "category": "רווחה", "type": "לשכת רווחה של הרשות המקומית", "name": "מרכז שיקום נוער", "address": "הרקוניה 19", "target_population": "כללי", "use": "ציבורי", "gross_area": "1680", "taba_id": "1766", "planning_block": "30171", "planning_parcel": "226", "planning_plot": "שטח לבניני ציבור", "information_source": "סיסטם", "position_source": "yiud_karka_taba"}, "geometry": {"type": "Point", "coordinates": [35.20145071340531, 31.757007038611768]}}, {"type": "Feature", "properties": {"id": "154580", "category": "ספורט", "type": "אולם ספורט, התעמלות", "name": "אולם כדורסל  -  מצדה - בי''ס ע''", "address": "יוחנן בן זכאי 33", "target_population": "כללי", "use": "ציבורי", "gross_area": "1080", "taba_id": "1410", "planning_block": "30133", "planning_parcel": "129", "planning_plot": "שטח הקמת בנין צב", "information_source": "סיסטם", "position_source": "yiud_karka_taba"}, "geometry": {"type": "Point", "coordinates": [35.207212200617214, 31.75752645295582]}}, {"type": "Feature", "properties": {"id": "154582", "category": "ספורט", "type": "אולם ספורט, התעמלות", "name": "אולם כדורסל  -  מנהל קהילתי בקעה", "address": "יששכר 3", "target_population": "כללי", "use": "ציבורי", "gross_area": "200", "taba_id": "3770", "planning_block": "30014", "planning_parcel": "51", "planning_plot": "30014/51", "information_source": "סיסטם", "position_source": "yiud_karka_taba"}, "geometry": {"type": "Point", "coordinates": [35.218826382410235, 31.757954514106473]}}, {"type": "Feature", "properties": {"id": "155309", "category": "דת", "type": "בית כנסת", "name": "משכן יעקב", "address": "בן יאיר אלעזר ליד 6", "target_population": "דתי", "use": "ציבורי", "gross_area": "284", "taba_id": "2555", "planning_block": "30172", "planning_parcel": "129", "planning_plot": "1", "information_source": "סיסטם", "position_source": "yiud_karka_taba"}, "geometry": {"type": "Point", "coordinates": [35.201070929135916, 31.75473726027821]}}, {"type": "Feature", "properties": {"id": "159081", "category": "דת", "type": "בית כנסת", "name": "היכל ברוך", "address": "דוד המלך 18", "target_population": "דתי", "use": "ציבורי", "gross_area": "15", "taba_id": "30028ג", "planning_plot": "5068", "information_source": "סיסטם", "position_source": "landuse_xplan_any"}, "geometry": {"type": "Point", "coordinates": [35.20851904535361, 31.77962685043328]}}, {"type": "Feature", "properties": {"id": "159210", "category": "ספורט", "type": "אולם ספורט, התעמלות", "name": "אולם כדורסל - בית נוער לזרוס", "address": "דרך חברון 134", "target_population": "כללי", "use": "ציבורי", "gross_area": "360", "taba_id": "920", "planning_block": "30187", "planning_parcel": "37", "planning_plot": "2007", "information_source": "סיסטם", "position_source": "yiud_karka_any"}, "geometry": {"type": "Point", "coordinates": [35.217241274755786, 31.74887840557256]}}, {"type": "Feature", "properties": {"id": "176741", "category": "דת", "type": "מסגד", "name": "מסגד", "address": "אל רחמה סנטה 2 4", "target_population": "כללי", "use": "ציבורי", "gross_area": "202", "taba_id": "2317", "planning_block": "30280", "planning_parcel": "17", "planning_plot": "2020", "information_source": "סיסטם", "position_source": "yiud_karka_any"}, "geometry": {"type": "Point", "coordinates": [35.199461281417456, 31.745496535959816]}}, {"type": "Feature", "properties": {"id": "178760", "category": "תרבות וקהילה", "type": "ספרייה", "name": "בקעה", "address": "צילה 8", "target_population": "כללי", "use": "ציבורי", "planning_block": "30014", "planning_parcel": "52", "information_source": "משרד הבינוי והשיכון", "position_source": "yiud_karka_any"}, "geometry": {"type": "Point", "coordinates": [35.218826382410235, 31.757954514106473]}}, {"type": "Feature", "properties": {"id": "178762", "category": "תרבות וקהילה", "type": "ספרייה", "name": "ספרית מוזיקה", "address": "עמק רפאים 22", "target_population": "כללי", "planning_block": "30012", "planning_parcel": "79", "information_source": "משרד הבינוי והשיכון", "position_source": "yiud_karka_any"}, "geometry": {"type": "Point", "coordinates": [35.22088643692764, 31.765332904011267]}}, {"type": "Feature", "geometry": {"type": "Point", "coordinates": [35.208902, 31.753653]}, "properties": {"id": null, "category": "ספורט", "type": "מגרש ספורט", "name": "מגרש ספורט משולב", "address": "נהוראי 14", "target_population": "כללי", "use": "ציבורי", "gross_area": 458.8, "taba_id": 3727, "planning_block": 30141.0, "planning_parcel": 27, "planning_plot": 4, "information_source": "yotam_tracking", "position_source": "yotam_itm", "_added_from_yotam": true}}, {"type": "Feature", "geometry": {"type": "Point", "coordinates": [35.193819, 31.753833]}, "properties": {"id": null, "category": "דת", "type": "בית כנסת", "name": "אליהו הנביא", "address": "רבי צדוק 5", "target_population": "כללי", "use": "ציבורי", "gross_area": 140.0, "taba_id": null, "planning_block": 30199.0, "planning_parcel": 29, "planning_plot": 904, "information_source": "yotam_tracking", "position_source": "yotam_itm", "_added_from_yotam": true}}, {"type": "Feature", "geometry": {"type": "Point", "coordinates": [35.193651, 31.753941]}, "properties": {"id": null, "category": "דת", "type": "בית כנסת", "name": "קודש", "address": "רבי צדוק 7", "target_population": "כללי", "use": "ציבורי", "gross_area": 134.0, "taba_id": null, "planning_block": 30199.0, "planning_parcel": 27, "planning_plot": 903, "information_source": "yotam_tracking", "position_source": "yotam_itm", "_added_from_yotam": true}}, {"type": "Feature", "geometry": {"type": "Point", "coordinates": [35.194432, 31.752967]}, "properties": {"id": null, "category": "רווחה", "type": "משרדי שירותים חברתיים ", "name": "לשכת הרווחה גונן", "address": "בר יוחאי 16", "target_population": "כללי", "use": "ציבורי", "gross_area": 426.0, "taba_id": null, "planning_block": 30199.0, "planning_parcel": 34, "planning_plot": 905, "information_source": "yotam_tracking", "position_source": "yotam_itm", "_added_from_yotam": true}}, {"type": "Feature", "geometry": {"type": "Point", "coordinates": [35.19268, 31.753815]}, "properties": {"id": null, "category": "תרבות וקהילה", "type": "מועדון קהילתי כולל מרכז צעירים", "name": "נוה קהילות בלגיה", "address": "סן מרטין 802", "target_population": "כללי", "use": "ציבורי", "gross_area": 390.0, "taba_id": null, "planning_block": 30199.0, "planning_parcel": 5, "planning_plot": 1, "information_source": "yotam_tracking", "position_source": "yotam_itm", "_added_from_yotam": true}}, {"type": "Feature", "geometry": {"type": "Point", "coordinates": [35.203086, 31.761021]}, "properties": {"id": null, "category": "ספורט", "type": "מגרש ספורט", "name": "טניס  -  חוות הנוער הציוני ע''ש", "address": "שמעוני 82", "target_population": "כללי", "use": "ציבורי", "gross_area": 673.0, "taba_id": 62, "planning_block": 30122.0, "planning_parcel": 83, "planning_plot": 2303, "information_source": "yotam_tracking", "position_source": "yotam_itm", "_added_from_yotam": true}}, {"type": "Feature", "geometry": {"type": "Point", "coordinates": [35.204427, 31.758893]}, "properties": {"id": null, "category": "רווחה", "type": "פנימייה, כפר נוער", "name": "חוות הנוער ע\"ש ישראל גולדשטיין", "address": "שדרות שי עגנון 24", "target_population": "כללי", "use": "ציבורי", "gross_area": 6773.9, "taba_id": 1682, "planning_block": 30006.0, "planning_parcel": 95, "planning_plot": "בנין ציבורי", "information_source": "yotam_tracking", "position_source": "yotam_itm", "_added_from_yotam": true}}]}