{"type": "FeatureCollection", "features": [{"type": "Feature", "properties": {"permit_tik": "2014/0205.00", "taba": "50971", "plan_name": "101-00050971", "migrash_nums": ["1"], "source": "landuse_xplan+parcels(dominant)"}, "geometry": {"type": "Polygon", "coordinates": [[[35.20407647938575, 31.740488356392614], [35.20407716213138, 31.740499340883808], [35.20407571210844, 31.740510271259136], [35.20407216730812, 31.740520846301898], [35.2040666269293, 31.740530774715737], [35.2040592418809, 31.74053978504505], [35.20405021689245, 31.740547627478552], [35.2040397989059, 31.740554088278948], [35.204028273909564, 31.7405589879793], [35.20401596060627, 31.740562193106925], [35.20400319669437, 31.740563615281634], [35.20383820615788, 31.74056882916304], [35.203829334019545, 31.740423254877225], [35.20406361354832, 31.740363914177827], [35.20407647938575, 31.740488356392614]]]}}, {"type": "Feature", "properties": {"permit_tik": "2004/0773.02", "taba": "54676", "plan_name": "101-00054676", "migrash_nums": ["1"], "source": "landuse_xplan+parcels(dominant)"}, "geometry": {"type": "Polygon", "coordinates": [[[35.21128860235368, 31.773052575891736], [35.21130415674156, 31.77308228532403], [35.21098213649458, 31.773204682353565], [35.21090442843633, 31.773056551625555], [35.21122652004679, 31.772933999669025], [35.21128860235368, 31.773052575891736]]]}}, {"type": "Feature", "properties": {"permit_tik": "2004/0773.03", "taba": "54676", "plan_name": "101-00054676", "migrash_nums": ["1"], "source": "landuse_xplan+parcels(dominant)"}, "geometry": {"type": "Polygon", "coordinates": [[[35.21128860235368, 31.773052575891736], [35.21130415674156, 31.77308228532403], [35.21098213649458, 31.773204682353565], [35.21090442843633, 31.773056551625555], [35.21122652004679, 31.772933999669025], [35.21128860235368, 31.773052575891736]]]}}, {"type": "Feature", "properties": {"permit_tik": "2017/0332.00", "taba": "57596", "plan_name": "101-00057596", "migrash_nums": ["100"], "source": "landuse_xplan+parcels(dominant)"}, "geometry": {"type": "Polygon", "coordinates": [[[35.20223719747074, 31.758714540716635], [35.20205589455522, 31.75896909738942], [35.201824670764616, 31.758850715136738], [35.201817522951664, 31.75884661521108], [35.20204037472767, 31.758532171798226], [35.20223719747074, 31.758714540716635]]]}}, {"type": "Feature", "properties": {"permit_tik": "2017/0332.01", "taba": "57596", "plan_name": "101-00057596", "migrash_nums": ["100"], "source": "landuse_xplan+parcels(dominant)"}, "geometry": {"type": "Polygon", "coordinates": [[[35.20223719747074, 31.758714540716635], [35.20205589455522, 31.75896909738942], [35.201824670764616, 31.758850715136738], [35.201817522951664, 31.75884661521108], [35.20204037472767, 31.758532171798226], [35.20223719747074, 31.758714540716635]]]}}, {"type": "Feature", "properties": {"permit_tik": "2006/0283.05", "taba": "59576", "plan_name": "101-00059576", "migrash_nums": ["1"], "source": "landuse_xplan+parcels(dominant)"}, "geometry": {"type": "Polygon", "coordinates": [[[35.21337184801646, 31.771846838367637], [35.21322951739704, 31.77173285370284], [35.213358519987764, 31.771613877284807], [35.21352782963083, 31.771541375176845], [35.213595847387744, 31.771666524302713], [35.21349937923309, 31.771751804014425], [35.213454348957335, 31.771772235755098], [35.21337184801646, 31.771846838367637]]]}}, {"type": "Feature", "properties": {"permit_tik": "1996/0206.01", "taba": "59873", "plan_name": "101-00059873", "migrash_nums": ["1"], "source": "landuse_xplan+parcels(dominant)"}, "geometry": {"type": "Polygon", "coordinates": [[[35.196905819604275, 31.746599859535383], [35.19691028069555, 31.746599481021807], [35.19691475651308, 31.746599712156552], [35.1969191320217, 31.746600548423668], [35.196923296409096, 31.74660196817233], [35.19692714414097, 31.746603934420765], [35.196930577071626, 31.74660639846359], [35.19693350866553, 31.746609297166568], [35.19693586505252, 31.74661255657412], [35.19693758502745, 31.74661609461471], [35.196961223686564, 31.74666384150076], [35.19696586413014, 31.746677511945762], [35.19701343638892, 31.746781201690993], [35.197034871585046, 31.746827934760333], [35.197056454531044, 31.74687497626541], [35.19702392509606, 31.74688304590919], [35.19699605638956, 31.746888680831876], [35.19694608940333, 31.74690446022337], [35.19687204551547, 31.746940529703046], [35.19675437287142, 31.74663457342029], [35.19676444340829, 31.746632548477393], [35.19680396177525, 31.746620592360877], [35.196905819604275, 31.746599859535383]]]}}, {"type": "Feature", "properties": {"permit_tik": "2013/0364.00", "taba": "60434", "plan_name": "101-00060434", "migrash_nums": ["1"], "source": "landuse_xplan+parcels(dominant)"}, "geometry": {"type": "Polygon", "coordinates": [[[35.20342228547943, 31.76884158979132], [35.203472973419274, 31.76884325406185], [35.203523388980884, 31.768848029666714], [35.20348793426475, 31.768898550635132], [35.20344908909531, 31.768923388900568], [35.20344449248926, 31.768964087210843], [35.20342873176509, 31.768985466169912], [35.203371814011575, 31.769028314067658], [35.20313219477843, 31.768891387016517], [35.20319514092695, 31.768872666271296], [35.20325951209672, 31.768857897380908], [35.20332496732738, 31.768847158800703], [35.20337351346856, 31.768842934062075], [35.20342228547943, 31.76884158979132]]]}}, {"type": "Feature", "properties": {"permit_tik": "2013/0364.01", "taba": "60434", "plan_name": "101-00060434", "migrash_nums": ["1"], "source": "landuse_xplan+parcels(dominant)"}, "geometry": {"type": "Polygon", "coordinates": [[[35.20342228547943, 31.76884158979132], [35.203472973419274, 31.76884325406185], [35.203523388980884, 31.768848029666714], [35.20348793426475, 31.768898550635132], [35.20344908909531, 31.768923388900568], [35.20344449248926, 31.768964087210843], [35.20342873176509, 31.768985466169912], [35.203371814011575, 31.769028314067658], [35.20313219477843, 31.768891387016517], [35.20319514092695, 31.768872666271296], [35.20325951209672, 31.768857897380908], [35.20332496732738, 31.768847158800703], [35.20337351346856, 31.768842934062075], [35.20342228547943, 31.76884158979132]]]}}, {"type": "Feature", "properties": {"permit_tik": "2013/0364.02", "taba": "60434", "plan_name": "101-00060434", "migrash_nums": ["1"], "source": "landuse_xplan+parcels(dominant)"}, "geometry": {"type": "Polygon", "coordinates": [[[35.20342228547943, 31.76884158979132], [35.203472973419274, 31.76884325406185], [35.203523388980884, 31.768848029666714], [35.20348793426475, 31.768898550635132], [35.20344908909531, 31.768923388900568], [35.20344449248926, 31.768964087210843], [35.20342873176509, 31.768985466169912], [35.203371814011575, 31.769028314067658], [35.20313219477843, 31.768891387016517], [35.20319514092695, 31.768872666271296], [35.20325951209672, 31.768857897380908], [35.20332496732738, 31.768847158800703], [35.20337351346856, 31.768842934062075], [35.20342228547943, 31.76884158979132]]]}}, {"type": "Feature", "properties": {"permit_tik": "2000/0960.02", "taba": "62919", "plan_name": "101-00062919", "migrash_nums": ["1"], "source": "landuse_xplan+parcels(dominant)"}, "geometry": {"type": "Polygon", "coordinates": [[[35.21021940457863, 31.751912218962392], [35.21014789150732, 31.751723460685646], [35.210459612103584, 31.751644614132537], [35.21053218961914, 31.751833323485673], [35.21021940457863, 31.751912218962392]]]}}, {"type": "Feature", "properties": {"permit_tik": "2000/0960.03", "taba": "62919", "plan_name": "101-00062919", "migrash_nums": ["1"], "source": "landuse_xplan+parcels(dominant)"}, "geometry": {"type": "Polygon", "coordinates": [[[35.21021940457863, 31.751912218962392], [35.21014789150732, 31.751723460685646], [35.210459612103584, 31.751644614132537], [35.21053218961914, 31.751833323485673], [35.21021940457863, 31.751912218962392]]]}}, {"type": "Feature", "properties": {"permit_tik": "2015/0073.00", "taba": "68593", "plan_name": "101-00068593", "migrash_nums": ["1"], "source": "landuse_xplan+parcels(dominant)"}, "geometry": {"type": "Polygon", "coordinates": [[[35.21857607527754, 31.772150142948984], [35.218422693551545, 31.772190362260126], [35.21819143231166, 31.772252546097796], [35.21817702168897, 31.772218636599323], [35.2181356881227, 31.77207516703538], [35.218567881910005, 31.772002467242704], [35.21857607527754, 31.772150142948984]]]}}, {"type": "Feature", "properties": {"permit_tik": "2015/0073.03", "taba": "68593", "plan_name": "101-00068593", "migrash_nums": ["1"], "source": "landuse_xplan+parcels(dominant)"}, "geometry": {"type": "Polygon", "coordinates": [[[35.21857607527754, 31.772150142948984], [35.218422693551545, 31.772190362260126], [35.21819143231166, 31.772252546097796], [35.21817702168897, 31.772218636599323], [35.2181356881227, 31.77207516703538], [35.218567881910005, 31.772002467242704], [35.21857607527754, 31.772150142948984]]]}}, {"type": "Feature", "properties": {"permit_tik": "2010/0928.00", "taba": "71951", "plan_name": "101-00071951", "migrash_nums": ["301"], "source": "landuse_xplan+parcels(dominant)"}, "geometry": {"type": "Polygon", "coordinates": [[[35.21177909796086, 31.747820899587097], [35.21162384127052, 31.747999537022064], [35.211610881667056, 31.748006867957255], [35.21159078346391, 31.748014877482976], [35.21156936155985, 31.748019784732158], [35.21154727028617, 31.748021436353586], [35.21152517664744, 31.748019787217295], [35.21150375609839, 31.74801488237778], [35.211483656661514, 31.74800687511292], [35.211473710262474, 31.748001428520986], [35.211434315509294, 31.74798409543617], [35.21140411953317, 31.74796673297335], [35.21130491877659, 31.74790212298502], [35.211518985252106, 31.747655822604482], [35.21177909796086, 31.747820899587097]]]}}, {"type": "Feature", "properties": {"permit_tik": "2018/0713.01", "taba": "71951", "plan_name": "101-00071951", "migrash_nums": ["301"], "source": "landuse_xplan+parcels(dominant)"}, "geometry": {"type": "Polygon", "coordinates": [[[35.21177909796086, 31.747820899587097], [35.21162384127052, 31.747999537022064], [35.211610881667056, 31.748006867957255], [35.21159078346391, 31.748014877482976], [35.21156936155985, 31.748019784732158], [35.21154727028617, 31.748021436353586], [35.21152517664744, 31.748019787217295], [35.21150375609839, 31.74801488237778], [35.211483656661514, 31.74800687511292], [35.211473710262474, 31.748001428520986], [35.211434315509294, 31.74798409543617], [35.21140411953317, 31.74796673297335], [35.21130491877659, 31.74790212298502], [35.211518985252106, 31.747655822604482], [35.21177909796086, 31.747820899587097]]]}}, {"type": "Feature", "properties": {"permit_tik": "2023/0160.00", "taba": "71951", "plan_name": "101-00071951", "migrash_nums": ["301"], "source": "landuse_xplan+parcels(dominant)"}, "geometry": {"type": "Polygon", "coordinates": [[[35.21177909796086, 31.747820899587097], [35.21162384127052, 31.747999537022064], [35.211610881667056, 31.748006867957255], [35.21159078346391, 31.748014877482976], [35.21156936155985, 31.748019784732158], [35.21154727028617, 31.748021436353586], [35.21152517664744, 31.748019787217295], [35.21150375609839, 31.74801488237778], [35.211483656661514, 31.74800687511292], [35.211473710262474, 31.748001428520986], [35.211434315509294, 31.74798409543617], [35.21140411953317, 31.74796673297335], [35.21130491877659, 31.74790212298502], [35.211518985252106, 31.747655822604482], [35.21177909796086, 31.747820899587097]]]}}, {"type": "Feature", "properties": {"permit_tik": "2017/0384.00", "taba": "95612", "plan_name": "101-00095612", "migrash_nums": ["201"], "source": "landuse_xplan+parcels(dominant)"}, "geometry": {"type": "Polygon", "coordinates": [[[35.21931552659157, 31.762487617338337], [35.21930971748343, 31.762491703369392], [35.219079562182365, 31.762328974469096], [35.21904699690531, 31.762305948751003], [35.21884701184323, 31.76216787595345], [35.218796650392854, 31.762132985735473], [35.218852034708, 31.762090080571202], [35.21883551991063, 31.762078528028912], [35.21899452103596, 31.761955352353887], [35.21900598697541, 31.761945665240162], [35.21900786364313, 31.76193164136005], [35.218945212052354, 31.76187345619149], [35.218911546324975, 31.761872559996167], [35.218889820550565, 31.76185566553449], [35.21888963223479, 31.761825856024213], [35.21905953453975, 31.761943568608555], [35.219260828459426, 31.762082544571573], [35.219294909650905, 31.762106641448266], [35.21958068183305, 31.762308692729363], [35.219549316132905, 31.76232810052894], [35.21949104191777, 31.76237113259559], [35.21948659108616, 31.762367282252445], [35.21931552659157, 31.762487617338337]]]}}, {"type": "Feature", "properties": {"permit_tik": "2017/0384.02", "taba": "95612", "plan_name": "101-00095612", "migrash_nums": ["201"], "source": "landuse_xplan+parcels(dominant)"}, "geometry": {"type": "Polygon", "coordinates": [[[35.21931552659157, 31.762487617338337], [35.21930971748343, 31.762491703369392], [35.219079562182365, 31.762328974469096], [35.21904699690531, 31.762305948751003], [35.21884701184323, 31.76216787595345], [35.218796650392854, 31.762132985735473], [35.218852034708, 31.762090080571202], [35.21883551991063, 31.762078528028912], [35.21899452103596, 31.761955352353887], [35.21900598697541, 31.761945665240162], [35.21900786364313, 31.76193164136005], [35.218945212052354, 31.76187345619149], [35.218911546324975, 31.761872559996167], [35.218889820550565, 31.76185566553449], [35.21888963223479, 31.761825856024213], [35.21905953453975, 31.761943568608555], [35.219260828459426, 31.762082544571573], [35.219294909650905, 31.762106641448266], [35.21958068183305, 31.762308692729363], [35.219549316132905, 31.76232810052894], [35.21949104191777, 31.76237113259559], [35.21948659108616, 31.762367282252445], [35.21931552659157, 31.762487617338337]]]}}, {"type": "Feature", "properties": {"permit_tik": "2017/0384.03", "taba": "95612", "plan_name": "101-00095612", "migrash_nums": ["201"], "source": "landuse_xplan+parcels(dominant)"}, "geometry": {"type": "Polygon", "coordinates": [[[35.21931552659157, 31.762487617338337], [35.21930971748343, 31.762491703369392], [35.219079562182365, 31.762328974469096], [35.21904699690531, 31.762305948751003], [35.21884701184323, 31.76216787595345], [35.218796650392854, 31.762132985735473], [35.218852034708, 31.762090080571202], [35.21883551991063, 31.762078528028912], [35.21899452103596, 31.761955352353887], [35.21900598697541, 31.761945665240162], [35.21900786364313, 31.76193164136005], [35.218945212052354, 31.76187345619149], [35.218911546324975, 31.761872559996167], [35.218889820550565, 31.76185566553449], [35.21888963223479, 31.761825856024213], [35.21905953453975, 31.761943568608555], [35.219260828459426, 31.762082544571573], [35.219294909650905, 31.762106641448266], [35.21958068183305, 31.762308692729363], [35.219549316132905, 31.76232810052894], [35.21949104191777, 31.76237113259559], [35.21948659108616, 31.762367282252445], [35.21931552659157, 31.762487617338337]]]}}, {"type": "Feature", "properties": {"permit_tik": "2020/0375.00", "taba": "98251", "plan_name": "101-00098251", "migrash_nums": ["3"], "source": "landuse_xplan+parcels(dominant)"}, "geometry": {"type": "Polygon", "coordinates": [[[35.21813793902003, 31.74968571417079], [35.217877473173026, 31.749149800698607], [35.217943962534406, 31.749128820326536], [35.218267589347214, 31.749005627681633], [35.21841679669809, 31.74933550991305], [35.218519535417016, 31.74956753970559], [35.21820292376888, 31.749665235253627], [35.21813793902003, 31.74968571417079]]]}}, {"type": "Feature", "properties": {"permit_tik": "2020/0375.01", "taba": "98251", "plan_name": "101-00098251", "migrash_nums": ["3"], "source": "landuse_xplan+parcels(dominant)"}, "geometry": {"type": "Polygon", "coordinates": [[[35.21813793902003, 31.74968571417079], [35.217877473173026, 31.749149800698607], [35.217943962534406, 31.749128820326536], [35.218267589347214, 31.749005627681633], [35.21841679669809, 31.74933550991305], [35.218519535417016, 31.74956753970559], [35.21820292376888, 31.749665235253627], [35.21813793902003, 31.74968571417079]]]}}, {"type": "Feature", "properties": {"permit_tik": "2020/0376.00", "taba": "98251", "plan_name": "101-00098251", "migrash_nums": ["21", "22"], "source": "landuse_xplan+parcels(dominant)"}, "geometry": {"type": "Polygon", "coordinates": [[[35.21816745101881, 31.750074941913198], [35.2183219308297, 31.750026833314575], [35.218186147813746, 31.749727552766537], [35.21816227352506, 31.74973536713339], [35.218154281669655, 31.74971906083411], [35.217881978236235, 31.749808556620632], [35.21782967829032, 31.749908076786728], [35.21779762562426, 31.7498957775592], [35.21758697530886, 31.74997799192367], [35.21762104674305, 31.750041903952162], [35.21766777601113, 31.750129554821033], [35.217692438621064, 31.75018662641312], [35.21770244573578, 31.75018441945427], [35.21773568582469, 31.75019066936826], [35.21791748134173, 31.750150824706637], [35.217990067321864, 31.750128804740346], [35.21816745101881, 31.750074941913198]]]}}, {"type": "Feature", "properties": {"permit_tik": "2020/0376.01", "taba": "98251", "plan_name": "101-00098251", "migrash_nums": ["21", "22"], "source": "landuse_xplan+parcels(dominant)"}, "geometry": {"type": "Polygon", "coordinates": [[[35.21816745101881, 31.750074941913198], [35.2183219308297, 31.750026833314575], [35.218186147813746, 31.749727552766537], [35.21816227352506, 31.74973536713339], [35.218154281669655, 31.74971906083411], [35.217881978236235, 31.749808556620632], [35.21782967829032, 31.749908076786728], [35.21779762562426, 31.7498957775592], [35.21758697530886, 31.74997799192367], [35.21762104674305, 31.750041903952162], [35.21766777601113, 31.750129554821033], [35.217692438621064, 31.75018662641312], [35.21770244573578, 31.75018441945427], [35.21773568582469, 31.75019066936826], [35.21791748134173, 31.750150824706637], [35.217990067321864, 31.750128804740346], [35.21816745101881, 31.750074941913198]]]}}, {"type": "Feature", "properties": {"permit_tik": "2020/0377.00", "taba": "98251", "plan_name": "101-00098251", "migrash_nums": ["3", "1"], "source": "landuse_xplan+parcels(dominant)"}, "geometry": {"type": "MultiPolygon", "coordinates": [[[[35.21820292376888, 31.749665235253627], [35.218519535417016, 31.74956753970559], [35.21841679669809, 31.74933550991305], [35.218267589347214, 31.749005627681633], [35.217943962534406, 31.749128820326536], [35.217877473173026, 31.749149800698607], [35.21813793902003, 31.74968571417079], [35.21820292376888, 31.749665235253627]]], [[[35.21782967809895, 31.749908077150888], [35.217881978236235, 31.749808556620632], [35.21758256320716, 31.749245679702145], [35.217563640652706, 31.749251453470478], [35.21744132472663, 31.74928898282619], [35.21731372968998, 31.749312173261917], [35.21723025415623, 31.749362053745376], [35.217350777244235, 31.74959030215023], [35.21750439320994, 31.749885371946952], [35.21753912700006, 31.749961723981198], [35.2175740177463, 31.749953688540955], [35.21758697530886, 31.74997799192367], [35.21779762562426, 31.7498957775592], [35.21782967809895, 31.749908077150888]]]]}}, {"type": "Feature", "properties": {"permit_tik": "2020/0377.01", "taba": "98251", "plan_name": "101-00098251", "migrash_nums": ["21", "3", "22", "1"], "source": "landuse_xplan+parcels(dominant)"}, "geometry": {"type": "MultiPolygon", "coordinates": [[[[35.218519535417016, 31.74956753970559], [35.21841679669809, 31.74933550991305], [35.218267589347214, 31.749005627681633], [35.217943962534406, 31.749128820326536], [35.217877473173026, 31.749149800698607], [35.21813793902003, 31.74968571417079], [35.21820292376888, 31.749665235253627], [35.218519535417016, 31.74956753970559]]], [[[35.21758256320716, 31.749245679702145], [35.217563640652706, 31.749251453470478], [35.21744132472663, 31.74928898282619], [35.21731372968998, 31.749312173261917], [35.21723025415623, 31.749362053745376], [35.217350777244235, 31.74959030215023], [35.21750439320994, 31.749885371946952], [35.21753912700006, 31.749961723981198], [35.2175740177463, 31.749953688540955], [35.21758697530886, 31.74997799192367], [35.21762104674305, 31.750041903952162], [35.21766777601113, 31.750129554821033], [35.217692438621064, 31.75018662641312], [35.21770244573578, 31.75018441945427], [35.21773568582469, 31.75019066936826], [35.21791748134173, 31.750150824706637], [35.217990067321864, 31.750128804740346], [35.21816745101881, 31.750074941913198], [35.2183219308297, 31.750026833314575], [35.218186147813746, 31.749727552766537], [35.21816227352506, 31.74973536713339], [35.218154281669655, 31.74971906083411], [35.217881978236235, 31.749808556620632], [35.21758256320716, 31.749245679702145]]]]}}, {"type": "Feature", "properties": {"permit_tik": "2020/0377.02", "taba": "98251", "plan_name": "101-00098251", "migrash_nums": ["3", "1"], "source": "landuse_xplan+parcels(dominant)"}, "geometry": {"type": "MultiPolygon", "coordinates": [[[[35.21820292376888, 31.749665235253627], [35.218519535417016, 31.74956753970559], [35.21841679669809, 31.74933550991305], [35.218267589347214, 31.749005627681633], [35.217943962534406, 31.749128820326536], [35.217877473173026, 31.749149800698607], [35.21813793902003, 31.74968571417079], [35.21820292376888, 31.749665235253627]]], [[[35.21782967809895, 31.749908077150888], [35.217881978236235, 31.749808556620632], [35.21758256320716, 31.749245679702145], [35.217563640652706, 31.749251453470478], [35.21744132472663, 31.74928898282619], [35.21731372968998, 31.749312173261917], [35.21723025415623, 31.749362053745376], [35.217350777244235, 31.74959030215023], [35.21750439320994, 31.749885371946952], [35.21753912700006, 31.749961723981198], [35.2175740177463, 31.749953688540955], [35.21758697530886, 31.74997799192367], [35.21779762562426, 31.7498957775592], [35.21782967809895, 31.749908077150888]]]]}}, {"type": "Feature", "properties": {"permit_tik": "2021/0479.00", "taba": "98251", "plan_name": "101-00098251", "migrash_nums": ["21", "3", "22", "1"], "source": "landuse_xplan+parcels(dominant)"}, "geometry": {"type": "MultiPolygon", "coordinates": [[[[35.218519535417016, 31.74956753970559], [35.21841679669809, 31.74933550991305], [35.218267589347214, 31.749005627681633], [35.217943962534406, 31.749128820326536], [35.217877473173026, 31.749149800698607], [35.21813793902003, 31.74968571417079], [35.21820292376888, 31.749665235253627], [35.218519535417016, 31.74956753970559]]], [[[35.21758256320716, 31.749245679702145], [35.217563640652706, 31.749251453470478], [35.21744132472663, 31.74928898282619], [35.21731372968998, 31.749312173261917], [35.21723025415623, 31.749362053745376], [35.217350777244235, 31.74959030215023], [35.21750439320994, 31.749885371946952], [35.21753912700006, 31.749961723981198], [35.2175740177463, 31.749953688540955], [35.21758697530886, 31.74997799192367], [35.21762104674305, 31.750041903952162], [35.21766777601113, 31.750129554821033], [35.217692438621064, 31.75018662641312], [35.21770244573578, 31.75018441945427], [35.21773568582469, 31.75019066936826], [35.21791748134173, 31.750150824706637], [35.217990067321864, 31.750128804740346], [35.21816745101881, 31.750074941913198], [35.2183219308297, 31.750026833314575], [35.218186147813746, 31.749727552766537], [35.21816227352506, 31.74973536713339], [35.218154281669655, 31.74971906083411], [35.217881978236235, 31.749808556620632], [35.21758256320716, 31.749245679702145]]]]}}, {"type": "Feature", "properties": {"permit_tik": "2022/0248.01", "taba": "98251", "plan_name": "101-00098251", "migrash_nums": ["21", "22"], "source": "landuse_xplan+parcels(dominant)"}, "geometry": {"type": "Polygon", "coordinates": [[[35.21816745101881, 31.750074941913198], [35.2183219308297, 31.750026833314575], [35.218186147813746, 31.749727552766537], [35.21816227352506, 31.74973536713339], [35.218154281669655, 31.74971906083411], [35.217881978236235, 31.749808556620632], [35.21782967829032, 31.749908076786728], [35.21779762562426, 31.7498957775592], [35.21758697530886, 31.74997799192367], [35.21762104674305, 31.750041903952162], [35.21766777601113, 31.750129554821033], [35.217692438621064, 31.75018662641312], [35.21770244573578, 31.75018441945427], [35.21773568582469, 31.75019066936826], [35.21791748134173, 31.750150824706637], [35.217990067321864, 31.750128804740346], [35.21816745101881, 31.750074941913198]]]}}, {"type": "Feature", "properties": {"permit_tik": "2016/0312.00", "taba": "98897", "plan_name": "101-00098897", "migrash_nums": ["100"], "source": "landuse_xplan+parcels(dominant)"}, "geometry": {"type": "Polygon", "coordinates": [[[35.211312187061694, 31.76711902985461], [35.21132319614222, 31.767135431969358], [35.21127770742841, 31.76727036453002], [35.21099479345294, 31.7672019765729], [35.2110401770622, 31.767068144365343], [35.21104392575941, 31.767056813418037], [35.211312187061694, 31.76711902985461]]]}}, {"type": "Feature", "properties": {"permit_tik": "2017/0783.00", "taba": "104273", "plan_name": "101-00104273", "migrash_nums": ["1"], "source": "landuse_xplan+parcels(dominant)"}, "geometry": {"type": "Polygon", "coordinates": [[[35.223349977600066, 31.750928117365426], [35.223293494746, 31.751162529686184], [35.22296014219536, 31.751105035613698], [35.222953123085084, 31.7511023238875], [35.22294637829182, 31.75109914316158], [35.22293994792642, 31.751095516878124], [35.22293387632107, 31.751091466674975], [35.22292819936522, 31.751087017798653], [35.222922952948686, 31.751082197299322], [35.22291817085115, 31.75107703583484], [35.222913882631254, 31.751071567671037], [35.22291011784729, 31.75106582527013], [35.22290689550397, 31.751059844703185], [35.2229042388288, 31.75105366745172], [35.22290216260408, 31.751047325980064], [35.222887173912724, 31.75094337068929], [35.22321813733524, 31.750911845997756], [35.22322173474891, 31.750914495086327], [35.223325922694585, 31.750887981629685], [35.223349977600066, 31.750928117365426]]]}}, {"type": "Feature", "properties": {"permit_tik": "1979/0273.09", "taba": "110510", "plan_name": "101-00110510", "migrash_nums": ["10"], "source": "landuse_xplan+parcels(dominant)"}, "geometry": {"type": "Polygon", "coordinates": [[[35.20248952428492, 31.754835289252885], [35.20242076345494, 31.755103406549043], [35.20241405667808, 31.755118782892108], [35.202308687622846, 31.755140504849397], [35.20220460926116, 31.755166374323682], [35.2021020453412, 31.75519633630962], [35.202112899330785, 31.755042308700975], [35.2021414621496, 31.754878205994537], [35.20219653927992, 31.75475567876221], [35.20248952428492, 31.754835289252885]]]}}, {"type": "Feature", "properties": {"permit_tik": "1979/0273.10", "taba": "110510", "plan_name": "101-00110510", "migrash_nums": ["10"], "source": "landuse_xplan+parcels(dominant)"}, "geometry": {"type": "Polygon", "coordinates": [[[35.20248952428492, 31.754835289252885], [35.20242076345494, 31.755103406549043], [35.20241405667808, 31.755118782892108], [35.202308687622846, 31.755140504849397], [35.20220460926116, 31.755166374323682], [35.2021020453412, 31.75519633630962], [35.202112899330785, 31.755042308700975], [35.2021414621496, 31.754878205994537], [35.20219653927992, 31.75475567876221], [35.20248952428492, 31.754835289252885]]]}}, {"type": "Feature", "properties": {"permit_tik": "1979/0273.12", "taba": "110510", "plan_name": "101-00110510", "migrash_nums": ["10"], "source": "landuse_xplan+parcels(dominant)"}, "geometry": {"type": "Polygon", "coordinates": [[[35.20248952428492, 31.754835289252885], [35.20242076345494, 31.755103406549043], [35.20241405667808, 31.755118782892108], [35.202308687622846, 31.755140504849397], [35.20220460926116, 31.755166374323682], [35.2021020453412, 31.75519633630962], [35.202112899330785, 31.755042308700975], [35.2021414621496, 31.754878205994537], [35.20219653927992, 31.75475567876221], [35.20248952428492, 31.754835289252885]]]}}, {"type": "Feature", "properties": {"permit_tik": "1979/0273.13", "taba": "110510", "plan_name": "101-00110510", "migrash_nums": ["10"], "source": "landuse_xplan+parcels(dominant)"}, "geometry": {"type": "Polygon", "coordinates": [[[35.20248952428492, 31.754835289252885], [35.20242076345494, 31.755103406549043], [35.20241405667808, 31.755118782892108], [35.202308687622846, 31.755140504849397], [35.20220460926116, 31.755166374323682], [35.2021020453412, 31.75519633630962], [35.202112899330785, 31.755042308700975], [35.2021414621496, 31.754878205994537], [35.20219653927992, 31.75475567876221], [35.20248952428492, 31.754835289252885]]]}}, {"type": "Feature", "properties": {"permit_tik": "1988/0030.06", "taba": "110510", "plan_name": "101-00110510", "migrash_nums": ["12"], "source": "landuse_xplan+parcels(dominant)"}, "geometry": {"type": "Polygon", "coordinates": [[[35.20296906994654, 31.754079755433338], [35.20292374367262, 31.754124446729616], [35.20287819354564, 31.754172375628517], [35.20283167016238, 31.754224862421033], [35.20273208954731, 31.754351876948313], [35.20246203201461, 31.754196160700385], [35.20260592819163, 31.754020950631393], [35.20272434196726, 31.75390553416295], [35.20296906994654, 31.754079755433338]]]}}, {"type": "Feature", "properties": {"permit_tik": "1989/0416.06", "taba": "110510", "plan_name": "101-00110510", "migrash_nums": ["13"], "source": "landuse_xplan+parcels(dominant)"}, "geometry": {"type": "Polygon", "coordinates": [[[35.20314425434633, 31.75363808790782], [35.20317723655636, 31.753691096843568], [35.20320836327376, 31.753747466026084], [35.20323054623255, 31.75379368576155], [35.203256100161454, 31.75385438914596], [35.20318369108088, 31.75390399173977], [35.203118009410915, 31.75395287288328], [35.20303858961911, 31.75401751448341], [35.20296906994654, 31.754079755433338], [35.20272434196726, 31.75390553416295], [35.202754874750944, 31.753873403639], [35.20293130685002, 31.753733033663615], [35.20312208183551, 31.753605659163593], [35.20314425434633, 31.75363808790782]]]}}, {"type": "Feature", "properties": {"permit_tik": "1989/0416.07", "taba": "110510", "plan_name": "101-00110510", "migrash_nums": ["13"], "source": "landuse_xplan+parcels(dominant)"}, "geometry": {"type": "Polygon", "coordinates": [[[35.20314425434633, 31.75363808790782], [35.20317723655636, 31.753691096843568], [35.20320836327376, 31.753747466026084], [35.20323054623255, 31.75379368576155], [35.203256100161454, 31.75385438914596], [35.20318369108088, 31.75390399173977], [35.203118009410915, 31.75395287288328], [35.20303858961911, 31.75401751448341], [35.20296906994654, 31.754079755433338], [35.20272434196726, 31.75390553416295], [35.202754874750944, 31.753873403639], [35.20293130685002, 31.753733033663615], [35.20312208183551, 31.753605659163593], [35.20314425434633, 31.75363808790782]]]}}, {"type": "Feature", "properties": {"permit_tik": "1999/0112.01", "taba": "110510", "plan_name": "101-00110510", "migrash_nums": ["10"], "source": "landuse_xplan+parcels(dominant)"}, "geometry": {"type": "Polygon", "coordinates": [[[35.20248952428492, 31.754835289252885], [35.20242076345494, 31.755103406549043], [35.20241405667808, 31.755118782892108], [35.202308687622846, 31.755140504849397], [35.20220460926116, 31.755166374323682], [35.2021020453412, 31.75519633630962], [35.202112899330785, 31.755042308700975], [35.2021414621496, 31.754878205994537], [35.20219653927992, 31.75475567876221], [35.20248952428492, 31.754835289252885]]]}}, {"type": "Feature", "properties": {"permit_tik": "1999/0415.00", "taba": "110510", "plan_name": "101-00110510", "migrash_nums": ["20"], "source": "landuse_xplan+parcels(dominant)"}, "geometry": {"type": "Polygon", "coordinates": [[[35.20221362615909, 31.754712477098995], [35.20219653927992, 31.75475567876221], [35.2021414621496, 31.754878205994537], [35.20183605429687, 31.754805093147386], [35.20186268519291, 31.75471099072111], [35.20189555589801, 31.754618340379253], [35.20189960492163, 31.754608420169387], [35.20221362615909, 31.754712477098995]]]}}, {"type": "Feature", "properties": {"permit_tik": "1999/0415.02", "taba": "110510", "plan_name": "101-00110510", "migrash_nums": ["20"], "source": "landuse_xplan+parcels(dominant)"}, "geometry": {"type": "Polygon", "coordinates": [[[35.20221362615909, 31.754712477098995], [35.20219653927992, 31.75475567876221], [35.2021414621496, 31.754878205994537], [35.20183605429687, 31.754805093147386], [35.20186268519291, 31.75471099072111], [35.20189555589801, 31.754618340379253], [35.20189960492163, 31.754608420169387], [35.20221362615909, 31.754712477098995]]]}}, {"type": "Feature", "properties": {"permit_tik": "1999/0415.06", "taba": "110510", "plan_name": "101-00110510", "migrash_nums": ["20"], "source": "landuse_xplan+parcels(dominant)"}, "geometry": {"type": "Polygon", "coordinates": [[[35.20221362615909, 31.754712477098995], [35.20219653927992, 31.75475567876221], [35.2021414621496, 31.754878205994537], [35.20183605429687, 31.754805093147386], [35.20186268519291, 31.75471099072111], [35.20189555589801, 31.754618340379253], [35.20189960492163, 31.754608420169387], [35.20221362615909, 31.754712477098995]]]}}, {"type": "Feature", "properties": {"permit_tik": "1999/0589.00", "taba": "110510", "plan_name": "101-00110510", "migrash_nums": ["15"], "source": "landuse_xplan+parcels(dominant)"}, "geometry": {"type": "Polygon", "coordinates": [[[35.20293130685002, 31.753733033663615], [35.202754874750944, 31.753873403639], [35.202522910455464, 31.753689270866555], [35.202614823021335, 31.753605652242815], [35.202711284348595, 31.753525861039797], [35.20293130685002, 31.753733033663615]]]}}, {"type": "Feature", "properties": {"permit_tik": "2016/0519.00", "taba": "110510", "plan_name": "101-00110510", "migrash_nums": ["20"], "source": "landuse_xplan+parcels(dominant)"}, "geometry": {"type": "Polygon", "coordinates": [[[35.20221362615909, 31.754712477098995], [35.20219653927992, 31.75475567876221], [35.2021414621496, 31.754878205994537], [35.20183605429687, 31.754805093147386], [35.20186268519291, 31.75471099072111], [35.20189555589801, 31.754618340379253], [35.20189960492163, 31.754608420169387], [35.20221362615909, 31.754712477098995]]]}}, {"type": "Feature", "properties": {"permit_tik": "1977/0105.03", "taba": "112557", "plan_name": "101-00112557", "migrash_nums": ["63"], "source": "landuse_xplan+parcels(dominant)"}, "geometry": {"type": "Polygon", "coordinates": [[[35.20113975256535, 31.754026637668034], [35.20129191187281, 31.754078320745037], [35.20119758331206, 31.75426924431443], [35.20103540344808, 31.754211072994405], [35.20090286677771, 31.754169397015747], [35.20092387196035, 31.754127552002547], [35.20095148879951, 31.75407788817182], [35.2010053713168, 31.753980993631984], [35.20113975256535, 31.754026637668034]]]}}, {"type": "Feature", "properties": {"permit_tik": "1981/0084.03", "taba": "112557", "plan_name": "101-00112557", "migrash_nums": ["69"], "source": "landuse_xplan+parcels(dominant)"}, "geometry": {"type": "Polygon", "coordinates": [[[35.20150490421948, 31.752953516299563], [35.2016843596778, 31.753089727625447], [35.20164983504466, 31.753123124001245], [35.201521754094244, 31.753272511755792], [35.201431166920536, 31.753210309467296], [35.20126460842213, 31.75309594078083], [35.2013689217356, 31.75298672809736], [35.20144446244926, 31.752907639886505], [35.20150490421948, 31.752953516299563]]]}}, {"type": "Feature", "properties": {"permit_tik": "1981/0916.03", "taba": "112557", "plan_name": "101-00112557", "migrash_nums": ["73"], "source": "landuse_xplan+parcels(dominant)"}, "geometry": {"type": "Polygon", "coordinates": [[[35.200830807139326, 31.754094473394886], [35.20092387196035, 31.754127552002547], [35.20090286677771, 31.754169397015747], [35.20082785231147, 31.754303688608772], [35.20055213828402, 31.75421030725278], [35.2005923169242, 31.754120840068513], [35.2006404728151, 31.754026818789924], [35.200830807139326, 31.754094473394886]]]}}, {"type": "Feature", "properties": {"permit_tik": "1987/0608.05", "taba": "112557", "plan_name": "101-00112557", "migrash_nums": ["65"], "source": "landuse_xplan+parcels(dominant)"}, "geometry": {"type": "Polygon", "coordinates": [[[35.20170526406994, 31.753449122167087], [35.2015522749744, 31.753638773172124], [35.201349381361084, 31.753500775464218], [35.201328728754724, 31.753486729643615], [35.20136295831867, 31.75344695911215], [35.20149114299958, 31.753303969209433], [35.20170526406994, 31.753449122167087]]]}}, {"type": "Feature", "properties": {"permit_tik": "1994/0417.00", "taba": "112557", "plan_name": "101-00112557", "migrash_nums": ["62"], "source": "landuse_xplan+parcels(dominant)"}, "geometry": {"type": "Polygon", "coordinates": [[[35.20103540344808, 31.754211072994405], [35.20119758331206, 31.75426924431443], [35.20113963047145, 31.754380469136287], [35.20112142468448, 31.754414558392657], [35.20110765010672, 31.754437457674104], [35.20109519076972, 31.75445633836903], [35.20109235986921, 31.754460627468223], [35.20109062249018, 31.75446313274728], [35.20082317367417, 31.75432559428054], [35.20082785231147, 31.754303688608772], [35.20090286677771, 31.754169397015747], [35.20103540344808, 31.754211072994405]]]}}, {"type": "Feature", "properties": {"permit_tik": "1996/0938.01", "taba": "112557", "plan_name": "101-00112557", "migrash_nums": ["72"], "source": "landuse_xplan+parcels(dominant)"}, "geometry": {"type": "Polygon", "coordinates": [[[35.2010162517057, 31.753960453508842], [35.2010053713168, 31.753980993631984], [35.20095148879951, 31.75407788817182], [35.20092387196035, 31.754127552002547], [35.200830807139326, 31.754094473394886], [35.2006404728151, 31.754026818789924], [35.20073029725197, 31.753844556811792], [35.2010162517057, 31.753960453508842]]]}}, {"type": "Feature", "properties": {"permit_tik": "2016/0245.00", "taba": "112557", "plan_name": "101-00112557", "migrash_nums": ["68"], "source": "landuse_xplan+parcels(dominant)"}, "geometry": {"type": "Polygon", "coordinates": [[[35.20185946309475, 31.752910624860178], [35.201821888291846, 31.75294633716025], [35.2016843596778, 31.753089727625447], [35.20150490421948, 31.752953516299563], [35.20144446244926, 31.752907639886505], [35.20154623787829, 31.752804233072194], [35.20162695426848, 31.75272222469271], [35.20185946309475, 31.752910624860178]]]}}, {"type": "Feature", "properties": {"permit_tik": "1996/0016.03", "taba": "113381", "plan_name": "101-00113381", "migrash_nums": ["1"], "source": "landuse_xplan+parcels(dominant)"}, "geometry": {"type": "Polygon", "coordinates": [[[35.21162819350074, 31.773541743060765], [35.21141866552496, 31.77352705298628], [35.21141912974991, 31.77352344018256], [35.211452472858014, 31.773197792289203], [35.211662880549405, 31.77321273297062], [35.21162819350074, 31.773541743060765]]]}}, {"type": "Feature", "properties": {"permit_tik": "2016/0212.00", "taba": "113381", "plan_name": "101-00113381", "migrash_nums": ["1"], "source": "landuse_xplan+parcels(dominant)"}, "geometry": {"type": "Polygon", "coordinates": [[[35.21162819350074, 31.773541743060765], [35.21141866552496, 31.77352705298628], [35.21141912974991, 31.77352344018256], [35.211452472858014, 31.773197792289203], [35.211662880549405, 31.77321273297062], [35.21162819350074, 31.773541743060765]]]}}, {"type": "Feature", "properties": {"permit_tik": "2016/0896.00", "taba": "120220", "plan_name": "101-00120220", "migrash_nums": ["1"], "source": "landuse_xplan+parcels(dominant)"}, "geometry": {"type": "Polygon", "coordinates": [[[35.21891923695504, 31.74842004999817], [35.21891749158362, 31.7484351561061], [35.218912927186835, 31.74844982694418], [35.218905664018635, 31.748463680116078], [35.21889589093751, 31.748476356665368], [35.218883860130454, 31.74848752558551], [35.218869886059814, 31.748496898249705], [35.2188489231891, 31.748506429528984], [35.2187443662688, 31.748553964997235], [35.21865526020479, 31.748353675170094], [35.2185903312838, 31.748207854038732], [35.21883253655886, 31.748176570643345], [35.21891923695504, 31.74842004999817]]]}}, {"type": "Feature", "properties": {"permit_tik": "2016/0896.01", "taba": "120220", "plan_name": "101-00120220", "migrash_nums": ["1"], "source": "landuse_xplan+parcels(dominant)"}, "geometry": {"type": "Polygon", "coordinates": [[[35.21891923695504, 31.74842004999817], [35.21891749158362, 31.7484351561061], [35.218912927186835, 31.74844982694418], [35.218905664018635, 31.748463680116078], [35.21889589093751, 31.748476356665368], [35.218883860130454, 31.74848752558551], [35.218869886059814, 31.748496898249705], [35.2188489231891, 31.748506429528984], [35.2187443662688, 31.748553964997235], [35.21865526020479, 31.748353675170094], [35.2185903312838, 31.748207854038732], [35.21883253655886, 31.748176570643345], [35.21891923695504, 31.74842004999817]]]}}, {"type": "Feature", "properties": {"permit_tik": "2016/0896.02", "taba": "120220", "plan_name": "101-00120220", "migrash_nums": ["1"], "source": "landuse_xplan+parcels(dominant)"}, "geometry": {"type": "Polygon", "coordinates": [[[35.21891923695504, 31.74842004999817], [35.21891749158362, 31.7484351561061], [35.218912927186835, 31.74844982694418], [35.218905664018635, 31.748463680116078], [35.21889589093751, 31.748476356665368], [35.218883860130454, 31.74848752558551], [35.218869886059814, 31.748496898249705], [35.2188489231891, 31.748506429528984], [35.2187443662688, 31.748553964997235], [35.21865526020479, 31.748353675170094], [35.2185903312838, 31.748207854038732], [35.21883253655886, 31.748176570643345], [35.21891923695504, 31.74842004999817]]]}}, {"type": "Feature", "properties": {"permit_tik": "1989/0156.04", "taba": "123117", "plan_name": "101-00123117", "migrash_nums": ["1"], "source": "landuse_xplan+parcels(dominant)"}, "geometry": {"type": "Polygon", "coordinates": [[[35.21893009287625, 31.746693139227496], [35.218769481009474, 31.746510192841402], [35.218968497260555, 31.74637920059075], [35.21911899324036, 31.746540215015973], [35.219053045365776, 31.74658845513098], [35.21899002440884, 31.74663947256025], [35.21893009287625, 31.746693139227496]]]}}, {"type": "Feature", "properties": {"permit_tik": "2018/0667.01", "taba": "132746", "plan_name": "101-00132746", "migrash_nums": ["1"], "source": "landuse_xplan+parcels(dominant)"}, "geometry": {"type": "Polygon", "coordinates": [[[35.20260200157349, 31.74199841748798], [35.20261667021489, 31.742015065773], [35.20263777222411, 31.742025002604894], [35.20266411502357, 31.742031608084], [35.202677120606076, 31.74204219232564], [35.202746119311925, 31.742059306662703], [35.202765948686846, 31.742065811030287], [35.202790282036936, 31.742080491588766], [35.2028312832857, 31.742086786980185], [35.20286126472674, 31.742101905890856], [35.20286901062114, 31.742112233925663], [35.20291762040593, 31.74214111521557], [35.20297316353171, 31.74218048503479], [35.203045305011074, 31.742207014518428], [35.20307777508456, 31.742214492962987], [35.203170907001855, 31.742241056858283], [35.20320943443974, 31.74226557300471], [35.203283088993885, 31.742325454442618], [35.203111072475934, 31.742381219405715], [35.203079904911064, 31.7423523708363], [35.20286059009742, 31.742183614952324], [35.202830946382704, 31.742165534382874], [35.2026488483253, 31.74205442819416], [35.202508118401916, 31.7419853465881], [35.20256384994268, 31.741981976293356], [35.20260200157349, 31.74199841748798]]]}}, {"type": "Feature", "properties": {"permit_tik": "2018/0667.03", "taba": "132746", "plan_name": "101-00132746", "migrash_nums": ["1"], "source": "landuse_xplan+parcels(dominant)"}, "geometry": {"type": "Polygon", "coordinates": [[[35.20260200157349, 31.74199841748798], [35.20261667021489, 31.742015065773], [35.20263777222411, 31.742025002604894], [35.20266411502357, 31.742031608084], [35.202677120606076, 31.74204219232564], [35.202746119311925, 31.742059306662703], [35.202765948686846, 31.742065811030287], [35.202790282036936, 31.742080491588766], [35.2028312832857, 31.742086786980185], [35.20286126472674, 31.742101905890856], [35.20286901062114, 31.742112233925663], [35.20291762040593, 31.74214111521557], [35.20297316353171, 31.74218048503479], [35.203045305011074, 31.742207014518428], [35.20307777508456, 31.742214492962987], [35.203170907001855, 31.742241056858283], [35.20320943443974, 31.74226557300471], [35.203283088993885, 31.742325454442618], [35.203111072475934, 31.742381219405715], [35.203079904911064, 31.7423523708363], [35.20286059009742, 31.742183614952324], [35.202830946382704, 31.742165534382874], [35.2026488483253, 31.74205442819416], [35.202508118401916, 31.7419853465881], [35.20256384994268, 31.741981976293356], [35.20260200157349, 31.74199841748798]]]}}, {"type": "Feature", "properties": {"permit_tik": "1982/0295.02", "taba": "132977", "plan_name": "101-00132977", "migrash_nums": ["1"], "source": "landuse_xplan+parcels(dominant)"}, "geometry": {"type": "Polygon", "coordinates": [[[35.210991609233375, 31.767402649350085], [35.210911823034955, 31.76765651313984], [35.21071905454777, 31.767609228448492], [35.21079882856883, 31.767355424299804], [35.210991609233375, 31.767402649350085]]]}}, {"type": "Feature", "properties": {"permit_tik": "2009/0288.01", "taba": "136804", "plan_name": "101-00136804", "migrash_nums": ["1"], "source": "landuse_xplan+parcels(dominant)"}, "geometry": {"type": "Polygon", "coordinates": [[[35.214545997607296, 31.76052000505596], [35.21455541229324, 31.76052372711476], [35.214564247594836, 31.76052837451069], [35.21457237684124, 31.760533880517592], [35.21458126124805, 31.76054353314031], [35.214588492800324, 31.76055414545643], [35.21459450625733, 31.76056463161169], [35.21459843195143, 31.76057581686289], [35.21460016218467, 31.760587400003086], [35.214599652589605, 31.76059906899807], [35.21459691579735, 31.760610510005222], [35.21455414307647, 31.760702773829276], [35.21455129170694, 31.760708993170166], [35.214219258876575, 31.760587544522757], [35.21425473423868, 31.76043845260261], [35.214545997607296, 31.76052000505596]]]}}, {"type": "Feature", "properties": {"permit_tik": "2022/0210.00", "taba": "136804", "plan_name": "101-00136804", "migrash_nums": ["1"], "source": "landuse_xplan+parcels(dominant)"}, "geometry": {"type": "Polygon", "coordinates": [[[35.214545997607296, 31.76052000505596], [35.21455541229324, 31.76052372711476], [35.214564247594836, 31.76052837451069], [35.21457237684124, 31.760533880517592], [35.21458126124805, 31.76054353314031], [35.214588492800324, 31.76055414545643], [35.21459450625733, 31.76056463161169], [35.21459843195143, 31.76057581686289], [35.21460016218467, 31.760587400003086], [35.214599652589605, 31.76059906899807], [35.21459691579735, 31.760610510005222], [35.21455414307647, 31.760702773829276], [35.21455129170694, 31.760708993170166], [35.214219258876575, 31.760587544522757], [35.21425473423868, 31.76043845260261], [35.214545997607296, 31.76052000505596]]]}}, {"type": "Feature", "properties": {"permit_tik": "2023/0117.00", "taba": "141010", "plan_name": "101-00141010", "migrash_nums": ["1"], "source": "landuse_xplan+parcels(dominant)"}, "geometry": {"type": "Polygon", "coordinates": [[[35.22152433607889, 31.751855043330753], [35.22149433885871, 31.751868039339616], [35.221094730422436, 31.75204115640194], [35.221007738967906, 31.75188521176303], [35.22140377637857, 31.75171788709402], [35.22143224336604, 31.751705859892315], [35.22152433607889, 31.751855043330753]]]}}, {"type": "Feature", "properties": {"permit_tik": "2010/1030.01", "taba": "141929", "plan_name": "101-00141929", "migrash_nums": ["1"], "source": "landuse_xplan+parcels(dominant)"}, "geometry": {"type": "Polygon", "coordinates": [[[35.21981609731142, 31.74743831108016], [35.21976973558582, 31.74725425003092], [35.22004053556734, 31.747191358409726], [35.22011159320774, 31.74737235004128], [35.21981609731142, 31.74743831108016]]]}}, {"type": "Feature", "properties": {"permit_tik": "2010/1030.02", "taba": "141929", "plan_name": "101-00141929", "migrash_nums": ["1"], "source": "landuse_xplan+parcels(dominant)"}, "geometry": {"type": "Polygon", "coordinates": [[[35.21981609731142, 31.74743831108016], [35.21976973558582, 31.74725425003092], [35.22004053556734, 31.747191358409726], [35.22011159320774, 31.74737235004128], [35.21981609731142, 31.74743831108016]]]}}, {"type": "Feature", "properties": {"permit_tik": "2025/0133.00", "taba": "141929", "plan_name": "101-00141929", "migrash_nums": ["1"], "source": "landuse_xplan+parcels(dominant)"}, "geometry": {"type": "Polygon", "coordinates": [[[35.21981609731142, 31.74743831108016], [35.21976973558582, 31.74725425003092], [35.22004053556734, 31.747191358409726], [35.22011159320774, 31.74737235004128], [35.21981609731142, 31.74743831108016]]]}}, {"type": "Feature", "properties": {"permit_tik": "2005/0802.02", "taba": "151571", "plan_name": "101-00151571", "migrash_nums": ["1"], "source": "landuse_xplan+parcels(dominant)"}, "geometry": {"type": "Polygon", "coordinates": [[[35.20803308373325, 31.76202670743967], [35.20776939851496, 31.7617697254311], [35.20793684550518, 31.761647908874956], [35.20819793411126, 31.761902816379845], [35.20803308373325, 31.76202670743967]]]}}, {"type": "Feature", "properties": {"permit_tik": "2016/0023.00", "taba": "152322", "plan_name": "101-00152322", "migrash_nums": ["1"], "source": "landuse_xplan+parcels(dominant)"}, "geometry": {"type": "Polygon", "coordinates": [[[35.21358077684446, 31.7695119667394], [35.21351088010325, 31.76941395232982], [35.21347708258381, 31.769366559325682], [35.21347561085475, 31.7693431457999], [35.21348071375828, 31.76934297949648], [35.21349207852939, 31.76934143653364], [35.2135029871124, 31.769338311771058], [35.21351314393848, 31.769333690003098], [35.21352226822225, 31.769327701115454], [35.213530108739384, 31.76932050745798], [35.213536452271875, 31.76931230564787], [35.21354112360746, 31.769303321158556], [35.21354399398417, 31.769293802907963], [35.21354498742254, 31.76928400882856], [35.213767524909265, 31.769284766404695], [35.21376831791957, 31.76948569681885], [35.21375798020775, 31.769518061093777], [35.21358077684446, 31.7695119667394]]]}}, {"type": "Feature", "properties": {"permit_tik": "2018/0170.00", "taba": "161257", "plan_name": "101-00161257", "migrash_nums": ["1"], "source": "landuse_xplan+parcels(dominant)"}, "geometry": {"type": "Polygon", "coordinates": [[[35.21142385847815, 31.769724140013587], [35.21139099796451, 31.769686857862187], [35.211358135365955, 31.76964957570222], [35.21141924489266, 31.769606523799638], [35.21150934238329, 31.7695402027168], [35.21159943974538, 31.769473881569528], [35.211641571309535, 31.76951724336118], [35.21168558408205, 31.769534121529297], [35.21165459149429, 31.769544339372633], [35.21142385847815, 31.769724140013587]]]}}, {"type": "Feature", "properties": {"permit_tik": "2018/0170.01", "taba": "161257", "plan_name": "101-00161257", "migrash_nums": ["1"], "source": "landuse_xplan+parcels(dominant)"}, "geometry": {"type": "Polygon", "coordinates": [[[35.21142385847815, 31.769724140013587], [35.21139099796451, 31.769686857862187], [35.211358135365955, 31.76964957570222], [35.21141924489266, 31.769606523799638], [35.21150934238329, 31.7695402027168], [35.21159943974538, 31.769473881569528], [35.211641571309535, 31.76951724336118], [35.21168558408205, 31.769534121529297], [35.21165459149429, 31.769544339372633], [35.21142385847815, 31.769724140013587]]]}}, {"type": "Feature", "properties": {"permit_tik": "2017/0088.00", "taba": "163139", "plan_name": "101-00163139", "migrash_nums": ["1"], "source": "landuse_xplan+parcels(dominant)"}, "geometry": {"type": "Polygon", "coordinates": [[[35.20750432015987, 31.744188225355046], [35.20749582336875, 31.744465801102756], [35.207212842235485, 31.74446727230496], [35.20722370336203, 31.74417390159412], [35.20750432015987, 31.744188225355046]]]}}, {"type": "Feature", "properties": {"permit_tik": "2021/0479.00", "taba": "178129", "plan_name": "101-00178129", "migrash_nums": ["4500"], "source": "landuse_xplan+parcels(dominant)"}, "geometry": {"type": "Polygon", "coordinates": [[[35.219747494121826, 31.753948474927522], [35.2197405864096, 31.753949979135275], [35.21973348327342, 31.75395048772982], [35.219726379970844, 31.753949988061837], [35.21971946965263, 31.75394849273391], [35.21971294336343, 31.75394604320786], [35.219706980542064, 31.753942707100546], [35.21970174374385, 31.75393857547881], [35.21969737652945, 31.753933761055983], [35.21969400029818, 31.75392839729061], [35.21966772174583, 31.753891015383434], [35.21961005722605, 31.753808990510525], [35.21960718768864, 31.75380403070854], [35.21961985433264, 31.753798407095335], [35.219703037301066, 31.753916729943448], [35.21970820526522, 31.75391947634028], [35.21973880219718, 31.753927823736056], [35.219761811585464, 31.753930539119846], [35.220151102167016, 31.75380853870214], [35.220155253095896, 31.75380751279106], [35.22015915695394, 31.753805930472357], [35.22016271348012, 31.753803834145174], [35.22016583085887, 31.753801277029737], [35.22016842783167, 31.753798326774497], [35.22017043791764, 31.753795058240794], [35.22017180730299, 31.75379155620875], [35.2201725032842, 31.753787911768715], [35.220172504768335, 31.75378421961698], [35.2201718138826, 31.753780575348845], [35.220170447530265, 31.753777072753973], [35.22016458565133, 31.753765302605313], [35.22017784565517, 31.75376105507787], [35.220183420611626, 31.75377376498351], [35.22018518953463, 31.753779870251652], [35.220185738381076, 31.75378614251234], [35.22018505339973, 31.75379240500577], [35.220183151447614, 31.75379848096832], [35.22018008737916, 31.753804199944522], [35.22017594665865, 31.753809400493523], [35.22017084747203, 31.753813936501707], [35.22016493228394, 31.753817679889483], [35.2200953707062, 31.75383804492278], [35.21990045977048, 31.753900846211053], [35.21985630817913, 31.753914907730117], [35.21984870929563, 31.75391730214821], [35.219809790346986, 31.7539296008116], [35.219747494121826, 31.753948474927522]]]}}, {"type": "Feature", "properties": {"permit_tik": "2016/0946.00", "taba": "181818", "plan_name": "101-00181818", "migrash_nums": ["1"], "source": "landuse_xplan+parcels(dominant)"}, "geometry": {"type": "Polygon", "coordinates": [[[35.19747652224126, 31.74086270298303], [35.19717468350641, 31.74080314998453], [35.19716745092359, 31.74079680238054], [35.19723967743999, 31.740724770565162], [35.19728472845864, 31.740669432178688], [35.197351533025724, 31.740620104881824], [35.197563550358765, 31.740530563048633], [35.19762837652121, 31.740517480707762], [35.19747652224126, 31.74086270298303]]]}}, {"type": "Feature", "properties": {"permit_tik": "2018/0184.00", "taba": "181933", "plan_name": "101-00181933", "migrash_nums": ["1"], "source": "landuse_xplan+parcels(dominant)"}, "geometry": {"type": "Polygon", "coordinates": [[[35.20305414254354, 31.75507428333933], [35.20296761306419, 31.755075838090804], [35.202881203862944, 31.755080027974188], [35.20278631705449, 31.75508841397502], [35.202605936973576, 31.755109875486525], [35.2025441918293, 31.755119343977473], [35.20261090229247, 31.75486736960163], [35.202673388409394, 31.754731462501887], [35.20276152305521, 31.754541084292843], [35.202801947295114, 31.754540453508916], [35.20283648417872, 31.754538845041587], [35.20285408701274, 31.754549562773033], [35.20287997302038, 31.754566791916695], [35.20292289403909, 31.754595359239318], [35.20300876359743, 31.75465251007431], [35.20316344052451, 31.754755457186135], [35.20335300074428, 31.754878109694715], [35.20339817435838, 31.75491238013792], [35.203383819561175, 31.75495386486832], [35.20333769412752, 31.75508769820466], [35.20319614846269, 31.755077444800957], [35.20305414254354, 31.75507428333933]]]}}, {"type": "Feature", "properties": {"permit_tik": "2022/0095.00", "taba": "181933", "plan_name": "101-00181933", "migrash_nums": ["2"], "source": "landuse_xplan+parcels(dominant)"}, "geometry": {"type": "Polygon", "coordinates": [[[35.203407039012035, 31.75503376845991], [35.20340536050803, 31.75506325875804], [35.203403774896195, 31.75509161092916], [35.20333769412752, 31.75508769820466], [35.203383819561175, 31.75495386486832], [35.20339817435838, 31.75491238013792], [35.20335300074428, 31.754878109694715], [35.20316344052451, 31.754755457186135], [35.20300876359743, 31.75465251007431], [35.20292289403909, 31.754595359239318], [35.202879954022244, 31.754566779290638], [35.20285408701274, 31.754549562773033], [35.20283646095876, 31.754538830611793], [35.202801947295114, 31.754540453508916], [35.20276152305521, 31.754541084292843], [35.202795138296125, 31.754490713095713], [35.202824745826035, 31.754508618680337], [35.20282388666338, 31.754509583643408], [35.202845635291546, 31.75452371039866], [35.202934987747554, 31.754582006668336], [35.20301039986507, 31.754632263684442], [35.2030558795096, 31.754653093164297], [35.20310142235495, 31.754684643754967], [35.20314696945308, 31.75471619252557], [35.20317960839186, 31.75473614163587], [35.20320087162734, 31.754749135608805], [35.20327926461039, 31.754803540976308], [35.203457217146095, 31.75491669139556], [35.20344515702784, 31.75495154578953], [35.20343401940676, 31.754983727122305], [35.203415303871935, 31.754981564359095], [35.203407039012035, 31.75503376845991]]]}}, {"type": "Feature", "properties": {"permit_tik": "2009/0060.02", "taba": "185421", "plan_name": "101-00185421", "migrash_nums": ["1"], "source": "landuse_xplan+parcels(dominant)"}, "geometry": {"type": "Polygon", "coordinates": [[[35.21908718817405, 31.756606077060997], [35.219103483751134, 31.75665227304674], [35.219076361601054, 31.75667671615403], [35.21889382925596, 31.756726834518748], [35.21877626386032, 31.756475153978695], [35.21901107983043, 31.756408987783345], [35.21908718817405, 31.756606077060997]]]}}, {"type": "Feature", "properties": {"permit_tik": "2015/0873.00", "taba": "194688", "plan_name": "101-00194688", "migrash_nums": ["1"], "source": "landuse_xplan+parcels(dominant)"}, "geometry": {"type": "Polygon", "coordinates": [[[35.216998388772396, 31.764289629742386], [35.21669648939711, 31.764344907995923], [35.216660896278206, 31.764159451013928], [35.2166466307691, 31.764123587892826], [35.21662710685103, 31.76401088463691], [35.21661406698823, 31.763935616260923], [35.21689941780194, 31.763863289580737], [35.216998388772396, 31.764289629742386]]]}}, {"type": "Feature", "properties": {"permit_tik": "2019/0084.00", "taba": "195032", "plan_name": "101-00195032", "migrash_nums": ["1"], "source": "landuse_xplan+parcels(dominant)"}, "geometry": {"type": "Polygon", "coordinates": [[[35.2093639554088, 31.7649615377897], [35.20910019093917, 31.765084937988327], [35.20901921582781, 31.765015102244206], [35.20896884268622, 31.764956523956933], [35.208926690379506, 31.76485294158774], [35.20924386387378, 31.764756328060503], [35.2093639554088, 31.7649615377897]]]}}, {"type": "Feature", "properties": {"permit_tik": "1983/0630.06", "taba": "204461", "plan_name": "101-00204461", "migrash_nums": ["1"], "source": "landuse_xplan+parcels(dominant)"}, "geometry": {"type": "Polygon", "coordinates": [[[35.21974407616833, 31.746135919559908], [35.21954920593685, 31.746260273145747], [35.219397042284726, 31.746099872673103], [35.21941396434158, 31.74608866614775], [35.21958807472276, 31.7459733697749], [35.21974407616833, 31.746135919559908]]]}}, {"type": "Feature", "properties": {"permit_tik": "1973/0818.00", "taba": "205054", "plan_name": "101-00205054", "migrash_nums": ["2"], "source": "landuse_xplan+parcels(dominant)"}, "geometry": {"type": "Polygon", "coordinates": [[[35.21167444193932, 31.754394597603444], [35.21165069014122, 31.754344438371735], [35.211567321759304, 31.754376233119032], [35.211482786805384, 31.75419765461566], [35.21198844306546, 31.754024651649807], [35.21207222307666, 31.75425371512241], [35.21197751911778, 31.754283526764507], [35.21186170668251, 31.754323169681992], [35.21167444193932, 31.754394597603444]]]}}, {"type": "Feature", "properties": {"permit_tik": "1973/0818.01", "taba": "205054", "plan_name": "101-00205054", "migrash_nums": ["2"], "source": "landuse_xplan+parcels(dominant)"}, "geometry": {"type": "Polygon", "coordinates": [[[35.21167444193932, 31.754394597603444], [35.21165069014122, 31.754344438371735], [35.211567321759304, 31.754376233119032], [35.211482786805384, 31.75419765461566], [35.21198844306546, 31.754024651649807], [35.21207222307666, 31.75425371512241], [35.21197751911778, 31.754283526764507], [35.21186170668251, 31.754323169681992], [35.21167444193932, 31.754394597603444]]]}}, {"type": "Feature", "properties": {"permit_tik": "1973/0818.02", "taba": "205054", "plan_name": "101-00205054", "migrash_nums": ["2"], "source": "landuse_xplan+parcels(dominant)"}, "geometry": {"type": "Polygon", "coordinates": [[[35.21167444193932, 31.754394597603444], [35.21165069014122, 31.754344438371735], [35.211567321759304, 31.754376233119032], [35.211482786805384, 31.75419765461566], [35.21198844306546, 31.754024651649807], [35.21207222307666, 31.75425371512241], [35.21197751911778, 31.754283526764507], [35.21186170668251, 31.754323169681992], [35.21167444193932, 31.754394597603444]]]}}, {"type": "Feature", "properties": {"permit_tik": "1973/0818.03", "taba": "205054", "plan_name": "101-00205054", "migrash_nums": ["2"], "source": "landuse_xplan+parcels(dominant)"}, "geometry": {"type": "Polygon", "coordinates": [[[35.21167444193932, 31.754394597603444], [35.21165069014122, 31.754344438371735], [35.211567321759304, 31.754376233119032], [35.211482786805384, 31.75419765461566], [35.21198844306546, 31.754024651649807], [35.21207222307666, 31.75425371512241], [35.21197751911778, 31.754283526764507], [35.21186170668251, 31.754323169681992], [35.21167444193932, 31.754394597603444]]]}}, {"type": "Feature", "properties": {"permit_tik": "1973/0818.04", "taba": "205054", "plan_name": "101-00205054", "migrash_nums": ["2"], "source": "landuse_xplan+parcels(dominant)"}, "geometry": {"type": "Polygon", "coordinates": [[[35.21167444193932, 31.754394597603444], [35.21165069014122, 31.754344438371735], [35.211567321759304, 31.754376233119032], [35.211482786805384, 31.75419765461566], [35.21198844306546, 31.754024651649807], [35.21207222307666, 31.75425371512241], [35.21197751911778, 31.754283526764507], [35.21186170668251, 31.754323169681992], [35.21167444193932, 31.754394597603444]]]}}, {"type": "Feature", "properties": {"permit_tik": "1973/0818.05", "taba": "205054", "plan_name": "101-00205054", "migrash_nums": ["2"], "source": "landuse_xplan+parcels(dominant)"}, "geometry": {"type": "Polygon", "coordinates": [[[35.21167444193932, 31.754394597603444], [35.21165069014122, 31.754344438371735], [35.211567321759304, 31.754376233119032], [35.211482786805384, 31.75419765461566], [35.21198844306546, 31.754024651649807], [35.21207222307666, 31.75425371512241], [35.21197751911778, 31.754283526764507], [35.21186170668251, 31.754323169681992], [35.21167444193932, 31.754394597603444]]]}}, {"type": "Feature", "properties": {"permit_tik": "1973/0818.06", "taba": "205054", "plan_name": "101-00205054", "migrash_nums": ["2"], "source": "landuse_xplan+parcels(dominant)"}, "geometry": {"type": "Polygon", "coordinates": [[[35.21167444193932, 31.754394597603444], [35.21165069014122, 31.754344438371735], [35.211567321759304, 31.754376233119032], [35.211482786805384, 31.75419765461566], [35.21198844306546, 31.754024651649807], [35.21207222307666, 31.75425371512241], [35.21197751911778, 31.754283526764507], [35.21186170668251, 31.754323169681992], [35.21167444193932, 31.754394597603444]]]}}, {"type": "Feature", "properties": {"permit_tik": "1973/0818.07", "taba": "205054", "plan_name": "101-00205054", "migrash_nums": ["2"], "source": "landuse_xplan+parcels(dominant)"}, "geometry": {"type": "Polygon", "coordinates": [[[35.21167444193932, 31.754394597603444], [35.21165069014122, 31.754344438371735], [35.211567321759304, 31.754376233119032], [35.211482786805384, 31.75419765461566], [35.21198844306546, 31.754024651649807], [35.21207222307666, 31.75425371512241], [35.21197751911778, 31.754283526764507], [35.21186170668251, 31.754323169681992], [35.21167444193932, 31.754394597603444]]]}}, {"type": "Feature", "properties": {"permit_tik": "1973/0818.08", "taba": "205054", "plan_name": "101-00205054", "migrash_nums": ["2"], "source": "landuse_xplan+parcels(dominant)"}, "geometry": {"type": "Polygon", "coordinates": [[[35.21167444193932, 31.754394597603444], [35.21165069014122, 31.754344438371735], [35.211567321759304, 31.754376233119032], [35.211482786805384, 31.75419765461566], [35.21198844306546, 31.754024651649807], [35.21207222307666, 31.75425371512241], [35.21197751911778, 31.754283526764507], [35.21186170668251, 31.754323169681992], [35.21167444193932, 31.754394597603444]]]}}, {"type": "Feature", "properties": {"permit_tik": "2022/0289.00", "taba": "215509", "plan_name": "101-00215509", "migrash_nums": ["10"], "source": "landuse_xplan+parcels(dominant)"}, "geometry": {"type": "Polygon", "coordinates": [[[35.200883504200256, 31.756560928914773], [35.20083104251742, 31.756722059957582], [35.20082647097093, 31.75672806611209], [35.200820891458214, 31.75673341389203], [35.20081443064248, 31.756737979748205], [35.20080723629602, 31.756741660874376], [35.200799475189335, 31.756744371599943], [35.20079132359151, 31.756746049702514], [35.200652334047334, 31.75676560310318], [35.20064217921546, 31.756765116711666], [35.20063227670543, 31.756763139578396], [35.20062292099649, 31.75675973033205], [35.200614397066666, 31.75675499088947], [35.20060695822747, 31.756749065553443], [35.20060082929072, 31.756742130190414], [35.200596193902626, 31.75673439583756], [35.200593193488906, 31.756726092469478], [35.200591915644424, 31.756717471703393], [35.20063100019383, 31.75651187043045], [35.200883504200256, 31.756560928914773]]]}}, {"type": "Feature", "properties": {"permit_tik": "1998/0329.02", "taba": "217505", "plan_name": "101-00217505", "migrash_nums": ["1"], "source": "landuse_xplan+parcels(dominant)"}, "geometry": {"type": "Polygon", "coordinates": [[[35.206361510482644, 31.743329528549786], [35.20631247435243, 31.743382499229313], [35.20626050850904, 31.743433388472212], [35.20620573325729, 31.74348207993506], [35.20612166607002, 31.743535243130143], [35.20592376125666, 31.743318315639492], [35.206109033295014, 31.743174043145054], [35.206361510482644, 31.743329528549786]]]}}, {"type": "Feature", "properties": {"permit_tik": "2016/0846.00", "taba": "225276", "plan_name": "101-00225276", "migrash_nums": ["1"], "source": "landuse_xplan+parcels(dominant)"}, "geometry": {"type": "Polygon", "coordinates": [[[35.22129124395705, 31.74992799055293], [35.22130718554181, 31.74993163910514], [35.2213221417947, 31.74993759650977], [35.221335660968, 31.749945682458275], [35.22134733140729, 31.74995565170405], [35.22135615024421, 31.749966254423914], [35.22145361223881, 31.750110404943754], [35.221252948925546, 31.750192860310218], [35.22117875315029, 31.750063139702032], [35.22117363257573, 31.75005302347904], [35.22116869251737, 31.750037277915148], [35.22116702625822, 31.75002103770866], [35.221168686656725, 31.75000479886754], [35.22117362102911, 31.749989052002352], [35.22118168170258, 31.749974275110038], [35.22119262179152, 31.749960920948823], [35.22120610996897, 31.749949391784682], [35.221221734688285, 31.749940039390708], [35.22122963274082, 31.74993649950648], [35.22123437328657, 31.74993451842775], [35.221242427660194, 31.7499316476911], [35.221258365808346, 31.749927994912095], [35.22127480465964, 31.74992676442059], [35.22129124395705, 31.74992799055293]]]}}, {"type": "Feature", "properties": {"permit_tik": "2016/0846.01", "taba": "225276", "plan_name": "101-00225276", "migrash_nums": ["1"], "source": "landuse_xplan+parcels(dominant)"}, "geometry": {"type": "Polygon", "coordinates": [[[35.22129124395705, 31.74992799055293], [35.22130718554181, 31.74993163910514], [35.2213221417947, 31.74993759650977], [35.221335660968, 31.749945682458275], [35.22134733140729, 31.74995565170405], [35.22135615024421, 31.749966254423914], [35.22145361223881, 31.750110404943754], [35.221252948925546, 31.750192860310218], [35.22117875315029, 31.750063139702032], [35.22117363257573, 31.75005302347904], [35.22116869251737, 31.750037277915148], [35.22116702625822, 31.75002103770866], [35.221168686656725, 31.75000479886754], [35.22117362102911, 31.749989052002352], [35.22118168170258, 31.749974275110038], [35.22119262179152, 31.749960920948823], [35.22120610996897, 31.749949391784682], [35.221221734688285, 31.749940039390708], [35.22122963274082, 31.74993649950648], [35.22123437328657, 31.74993451842775], [35.221242427660194, 31.7499316476911], [35.221258365808346, 31.749927994912095], [35.22127480465964, 31.74992676442059], [35.22129124395705, 31.74992799055293]]]}}, {"type": "Feature", "properties": {"permit_tik": "2018/0132.00", "taba": "225490", "plan_name": "101-00225490", "migrash_nums": ["4"], "source": "landuse_xplan+parcels(dominant)"}, "geometry": {"type": "Polygon", "coordinates": [[[35.20089041378159, 31.742200464205016], [35.20090116635676, 31.74228810771503], [35.20090422182002, 31.742364833263494], [35.2006090468944, 31.74232710064569], [35.200614941779904, 31.742278794331334], [35.20062071216666, 31.742255734294794], [35.20063042414326, 31.74223366189555], [35.20064386029109, 31.742213065025055], [35.20065901763259, 31.742193266337242], [35.20067287863064, 31.742183530409708], [35.20068093746601, 31.74217369330556], [35.20089041378159, 31.742200464205016]]]}}, {"type": "Feature", "properties": {"permit_tik": "2018/0132.01", "taba": "225490", "plan_name": "101-00225490", "migrash_nums": ["2"], "source": "landuse_xplan+parcels(dominant)"}, "geometry": {"type": "Polygon", "coordinates": [[[35.20079511202866, 31.742523017664315], [35.20076727632373, 31.742751090157146], [35.20056749538077, 31.74266755174198], [35.200588378855144, 31.742496436078866], [35.20079511202866, 31.742523017664315]]]}}, {"type": "Feature", "properties": {"permit_tik": "2018/0132.02", "taba": "225490", "plan_name": "101-00225490", "migrash_nums": ["2"], "source": "landuse_xplan+parcels(dominant)"}, "geometry": {"type": "Polygon", "coordinates": [[[35.20079511202866, 31.742523017664315], [35.20076727632373, 31.742751090157146], [35.20056749538077, 31.74266755174198], [35.200588378855144, 31.742496436078866], [35.20079511202866, 31.742523017664315]]]}}, {"type": "Feature", "properties": {"permit_tik": "2016/1300.00", "taba": "228379", "plan_name": "101-00228379", "migrash_nums": ["1"], "source": "landuse_xplan+parcels(dominant)"}, "geometry": {"type": "Polygon", "coordinates": [[[35.19749138320135, 31.746022260424446], [35.19722511009894, 31.746076807413477], [35.19717151369071, 31.745867305647362], [35.197433142677774, 31.74581203703883], [35.19749138320135, 31.746022260424446]]]}}, {"type": "Feature", "properties": {"permit_tik": "1980/0698.02", "taba": "229252", "plan_name": "101-00229252", "migrash_nums": ["2"], "source": "landuse_xplan+parcels(dominant)"}, "geometry": {"type": "Polygon", "coordinates": [[[35.20686119062359, 31.743875419807463], [35.2068346951986, 31.744115082271474], [35.206526696684676, 31.74409764252418], [35.206549646899674, 31.743855833790594], [35.20686119062359, 31.743875419807463]]]}}, {"type": "Feature", "properties": {"permit_tik": "1998/0195.02", "taba": "229252", "plan_name": "101-00229252", "migrash_nums": ["1"], "source": "landuse_xplan+parcels(dominant)"}, "geometry": {"type": "Polygon", "coordinates": [[[35.20688451583658, 31.743641828618465], [35.20686171618473, 31.743875452263687], [35.206549646899674, 31.743855833790594], [35.20656894981136, 31.743616889369225], [35.20688451583658, 31.743641828618465]]]}}, {"type": "Feature", "properties": {"permit_tik": "2011/1106.03", "taba": "243865", "plan_name": "101-00243865", "migrash_nums": ["101"], "source": "landuse_xplan+parcels(dominant)"}, "geometry": {"type": "Polygon", "coordinates": [[[35.217842332154824, 31.770717922489204], [35.217708288849785, 31.770721953389607], [35.21760201103141, 31.77072514977156], [35.217593885482934, 31.770493238296297], [35.2178320188037, 31.77048663533494], [35.217842332154824, 31.770717922489204]]]}}, {"type": "Feature", "properties": {"permit_tik": "2020/0355.00", "taba": "250563", "plan_name": "101-00250563", "migrash_nums": ["2"], "source": "landuse_xplan+parcels(dominant)"}, "geometry": {"type": "Polygon", "coordinates": [[[35.20784112136896, 31.758951519909953], [35.20784717188632, 31.758960027740034], [35.2075339991153, 31.75921087290768], [35.207519561324766, 31.759197713559754], [35.207491221974166, 31.759171885448804], [35.20716944351629, 31.758878609685194], [35.20683376570276, 31.758572666064705], [35.20715008354589, 31.75831930457661], [35.20715385690165, 31.758316708987746], [35.207158049308546, 31.758314635557287], [35.207162563661576, 31.75831313298683], [35.20716729230027, 31.758312236450628], [35.20717212650827, 31.758311966693466], [35.207177195058605, 31.758312365197312], [35.20718212324742, 31.75831345181096], [35.207186783357876, 31.75831519948189], [35.20719105611646, 31.75831756221874], [35.20719483069332, 31.75832047960046], [35.207298657422676, 31.75841475241874], [35.207496148764854, 31.758594124490404], [35.20760381406322, 31.758691971871063], [35.20766226814411, 31.758750007638003], [35.20767670588534, 31.758763166970688], [35.20769287050262, 31.758777899072495], [35.20769785271992, 31.75878365992135], [35.207704568128854, 31.758790589514373], [35.207747837372246, 31.758838410451318], [35.207787760762635, 31.75888831111462], [35.20784112136896, 31.758951519909953]]]}}, {"type": "Feature", "properties": {"permit_tik": "2020/0355.01", "taba": "250563", "plan_name": "101-00250563", "migrash_nums": ["2"], "source": "landuse_xplan+parcels(dominant)"}, "geometry": {"type": "Polygon", "coordinates": [[[35.20784112136896, 31.758951519909953], [35.20784717188632, 31.758960027740034], [35.2075339991153, 31.75921087290768], [35.207519561324766, 31.759197713559754], [35.207491221974166, 31.759171885448804], [35.20716944351629, 31.758878609685194], [35.20683376570276, 31.758572666064705], [35.20715008354589, 31.75831930457661], [35.20715385690165, 31.758316708987746], [35.207158049308546, 31.758314635557287], [35.207162563661576, 31.75831313298683], [35.20716729230027, 31.758312236450628], [35.20717212650827, 31.758311966693466], [35.207177195058605, 31.758312365197312], [35.20718212324742, 31.75831345181096], [35.207186783357876, 31.75831519948189], [35.20719105611646, 31.75831756221874], [35.20719483069332, 31.75832047960046], [35.207298657422676, 31.75841475241874], [35.207496148764854, 31.758594124490404], [35.20760381406322, 31.758691971871063], [35.20766226814411, 31.758750007638003], [35.20767670588534, 31.758763166970688], [35.20769287050262, 31.758777899072495], [35.20769785271992, 31.75878365992135], [35.207704568128854, 31.758790589514373], [35.207747837372246, 31.758838410451318], [35.207787760762635, 31.75888831111462], [35.20784112136896, 31.758951519909953]]]}}, {"type": "Feature", "properties": {"permit_tik": "2020/0383.00", "taba": "250563", "plan_name": "101-00250563", "migrash_nums": ["1"], "source": "landuse_xplan+parcels(dominant)"}, "geometry": {"type": "Polygon", "coordinates": [[[35.20669379595506, 31.758623107007036], [35.206415986575124, 31.758845621878006], [35.20640845213668, 31.75883665225938], [35.20638976908953, 31.758813926090696], [35.206366547247754, 31.758786239848895], [35.20635905295412, 31.758778484108436], [35.20587793569802, 31.75834968555383], [35.20589748128951, 31.758333078768914], [35.20614492377892, 31.758122841334483], [35.206361730527945, 31.758320450187785], [35.206365868205, 31.758324870962188], [35.20636914671132, 31.758329790469595], [35.20637148265927, 31.7583350878642], [35.20637282115958, 31.758340631477786], [35.206373127377475, 31.75834628603429], [35.20637239497675, 31.758351912649857], [35.20637064084233, 31.75835737063657], [35.20636790930247, 31.75836252832449], [35.20636426790671, 31.758367256748848], [35.20635980425951, 31.75837144047213], [35.20632130003076, 31.75840228051851], [35.20637905004534, 31.758454914842666], [35.20639348755922, 31.75846807432139], [35.20643199179132, 31.758437236057198], [35.206437779050894, 31.758433351722246], [35.206444268242535, 31.75843038545274], [35.20645126093306, 31.758428426534323], [35.206458546022546, 31.75842753449207], [35.20646590185543, 31.758427738188608], [35.20647310360875, 31.758429028609132], [35.20647993490304, 31.75843136878165], [35.206486185690885, 31.758434686562172], [35.206491668089924, 31.758438881849234], [35.20652054314862, 31.758465198975852], [35.20669379595506, 31.758623107007036]]]}}, {"type": "Feature", "properties": {"permit_tik": "2020/0384.00", "taba": "250563", "plan_name": "101-00250563", "migrash_nums": ["3"], "source": "landuse_xplan+parcels(dominant)"}, "geometry": {"type": "Polygon", "coordinates": [[[35.207032346078954, 31.75817053890872], [35.20707984718178, 31.758215601248494], [35.20708313202003, 31.758219316775794], [35.20708562313145, 31.758223457990248], [35.207087246627005, 31.75822790314445], [35.20708795394957, 31.758232519668447], [35.20708772398497, 31.75823717228614], [35.207086563062006, 31.75824172211337], [35.20708450706383, 31.758246033872812], [35.20708161615042, 31.75824998130494], [35.207077975814215, 31.75825344626643], [35.206761579892635, 31.75850687070864], [35.20662450017764, 31.758381933547817], [35.20642590476233, 31.758200924191875], [35.20610438212526, 31.75790787295401], [35.20609768694777, 31.757900617709723], [35.20609253489774, 31.75789249487043], [35.2060890748049, 31.75788374161929], [35.206087408001544, 31.75787461317696], [35.2060875830451, 31.75786537468496], [35.20608959466247, 31.757856296696552], [35.206093383749995, 31.75784764435456], [35.20609884159533, 31.757839668372938], [35.20610580776645, 31.757832601429385], [35.20615753703493, 31.75779078762399], [35.206249140263715, 31.757716824284106], [35.20632050345618, 31.75765920620802], [35.20633220240886, 31.75765013708603], [35.20634550575423, 31.757642860804108], [35.20636004090614, 31.757637578478754], [35.20637540466829, 31.757634439821967], [35.206391164289364, 31.757633531417312], [35.206405130662425, 31.757634616114462], [35.206418756148395, 31.757637454000285], [35.20643173992969, 31.757641984656175], [35.2064437949092, 31.757648107080463], [35.2064546572098, 31.757655686902943], [35.20646246807042, 31.75766344263397], [35.20653002129559, 31.757721069343578], [35.206764087773784, 31.757930051288344], [35.20677163055963, 31.75793678611771], [35.206812479420215, 31.75797331002491], [35.206932598524965, 31.758082430793316], [35.207032346078954, 31.75817053890872]]]}}, {"type": "Feature", "properties": {"permit_tik": "2020/0384.01", "taba": "250563", "plan_name": "101-00250563", "migrash_nums": ["3"], "source": "landuse_xplan+parcels(dominant)"}, "geometry": {"type": "Polygon", "coordinates": [[[35.207032346078954, 31.75817053890872], [35.20707984718178, 31.758215601248494], [35.20708313202003, 31.758219316775794], [35.20708562313145, 31.758223457990248], [35.207087246627005, 31.75822790314445], [35.20708795394957, 31.758232519668447], [35.20708772398497, 31.75823717228614], [35.207086563062006, 31.75824172211337], [35.20708450706383, 31.758246033872812], [35.20708161615042, 31.75824998130494], [35.207077975814215, 31.75825344626643], [35.206761579892635, 31.75850687070864], [35.20662450017764, 31.758381933547817], [35.20642590476233, 31.758200924191875], [35.20610438212526, 31.75790787295401], [35.20609768694777, 31.757900617709723], [35.20609253489774, 31.75789249487043], [35.2060890748049, 31.75788374161929], [35.206087408001544, 31.75787461317696], [35.2060875830451, 31.75786537468496], [35.20608959466247, 31.757856296696552], [35.206093383749995, 31.75784764435456], [35.20609884159533, 31.757839668372938], [35.20610580776645, 31.757832601429385], [35.20615753703493, 31.75779078762399], [35.206249140263715, 31.757716824284106], [35.20632050345618, 31.75765920620802], [35.20633220240886, 31.75765013708603], [35.20634550575423, 31.757642860804108], [35.20636004090614, 31.757637578478754], [35.20637540466829, 31.757634439821967], [35.206391164289364, 31.757633531417312], [35.206405130662425, 31.757634616114462], [35.206418756148395, 31.757637454000285], [35.20643173992969, 31.757641984656175], [35.2064437949092, 31.757648107080463], [35.2064546572098, 31.757655686902943], [35.20646246807042, 31.75766344263397], [35.20653002129559, 31.757721069343578], [35.206764087773784, 31.757930051288344], [35.20677163055963, 31.75793678611771], [35.206812479420215, 31.75797331002491], [35.206932598524965, 31.758082430793316], [35.207032346078954, 31.75817053890872]]]}}, {"type": "Feature", "properties": {"permit_tik": "2026/0149.00", "taba": "250563", "plan_name": "101-00250563", "migrash_nums": ["4"], "source": "landuse_xplan+parcels(dominant)"}, "geometry": {"type": "Polygon", "coordinates": [[[35.207265865841194, 31.75953267876025], [35.2072438057659, 31.759541878064063], [35.20716263756735, 31.759584086149147], [35.207110179005724, 31.759610962227004], [35.207072180612016, 31.75962277718831], [35.20704041895169, 31.759586190055405], [35.20701965781071, 31.75954493835115], [35.206992569983825, 31.7595064590408], [35.2069316328103, 31.759431823687173], [35.206810381500226, 31.75928211999299], [35.20674930740217, 31.759207457496846], [35.20670732419172, 31.759162578916328], [35.20684876299742, 31.759073587719893], [35.206752628128804, 31.75896204589633], [35.2068327550287, 31.758912008280326], [35.20695590589744, 31.75883588121262], [35.20700452824866, 31.758805827176396], [35.207200892554766, 31.758984835373003], [35.20737396582723, 31.75913937318185], [35.2074005043563, 31.75916305136609], [35.207384571551266, 31.759169218550618], [35.20737007326021, 31.75917757988542], [35.20735742218156, 31.759187899980102], [35.20734697401459, 31.759199885727714], [35.20733941164226, 31.759212400789757], [35.20733426009403, 31.759225780663634], [35.20733164813304, 31.759239687155254], [35.20733164224687, 31.759253772151492], [35.207334241369914, 31.75926768032598], [35.20733938005021, 31.759281063568324], [35.20734693056043, 31.75929358368982], [35.207356702898295, 31.759304927754712], [35.20736845006401, 31.759314808981905], [35.20738187756038, 31.759322979370825], [35.207384324296406, 31.759324442103743], [35.20738650610675, 31.75932618441444], [35.207388377603046, 31.759328172935763], [35.20738990184091, 31.759330367085656], [35.20743647597941, 31.75940968854675], [35.207393370034296, 31.759453403743755], [35.207385138474756, 31.75949939796916], [35.20733120248678, 31.759532226341875], [35.207312836506475, 31.759534120637802], [35.207302127031106, 31.75952858536696], [35.20729573681253, 31.759525282961597], [35.207265865841194, 31.75953267876025]]]}}, {"type": "Feature", "properties": {"permit_tik": "2003/0235.05", "taba": "255448", "plan_name": "101-00255448", "migrash_nums": ["1"], "source": "landuse_xplan+parcels(dominant)"}, "geometry": {"type": "Polygon", "coordinates": [[[35.22171701572321, 31.756000136349215], [35.22149884543905, 31.756111729389097], [35.22139265534906, 31.756167870788033], [35.22132032093653, 31.756062642421725], [35.22133572090236, 31.75601911917504], [35.22138384594331, 31.75599268872595], [35.22162669084968, 31.755868612822773], [35.22171701572321, 31.756000136349215]]]}}, {"type": "Feature", "properties": {"permit_tik": "1992/0214.10", "taba": "256131", "plan_name": "101-00256131", "migrash_nums": ["1"], "source": "landuse_xplan+parcels(dominant)"}, "geometry": {"type": "Polygon", "coordinates": [[[35.20883630023731, 31.759944891524352], [35.2088392443693, 31.759972642954935], [35.20884315522799, 31.760085553645027], [35.20884155127492, 31.760094855316684], [35.208838324963025, 31.760103844105327], [35.20883355227997, 31.760112316191528], [35.20882733982426, 31.76012007677317], [35.20881983008331, 31.76012694908373], [35.2088076581992, 31.760136298920404], [35.2087941868928, 31.760144242826705], [35.20877963676321, 31.76015064912536], [35.208769482756125, 31.760154006137657], [35.208752476321806, 31.76015847806321], [35.208734835398154, 31.760160469036304], [35.208717053970354, 31.7601599222237], [35.20869962602713, 31.760156854743652], [35.208683039227076, 31.76015135135311], [35.208667756954505, 31.760143565350244], [35.20865420354182, 31.760133714065535], [35.20864275899143, 31.760122072549247], [35.20863374314249, 31.760108966356736], [35.20862740617065, 31.760094759825034], [35.208551370129534, 31.759949626831947], [35.20882530094257, 31.759841224976935], [35.20883630023731, 31.759944891524352]]]}}, {"type": "Feature", "properties": {"permit_tik": "2012/0233.02", "taba": "257592", "plan_name": "101-00257592", "migrash_nums": ["1"], "source": "landuse_xplan+parcels(dominant)"}, "geometry": {"type": "Polygon", "coordinates": [[[35.216720179101614, 31.74514165314235], [35.2165670455748, 31.74485749266334], [35.216579387939234, 31.74473681549348], [35.216598094786164, 31.744734401263724], [35.21661606676045, 31.744729348300897], [35.21663279836618, 31.744721800047394], [35.216647816832825, 31.74471196848297], [35.21666070111109, 31.7447001296136], [35.21667108925964, 31.744686617157846], [35.21667868794156, 31.744671810821654], [35.21668328403215, 31.74465612727892], [35.21668474672772, 31.744640008447004], [35.2166830370418, 31.744623907056443], [35.21667820147125, 31.744608275829165], [35.216670376215994, 31.744593555754353], [35.21665978295527, 31.744580160757334], [35.21669603179917, 31.744513988828977], [35.21694482485289, 31.744441917879424], [35.217092986226646, 31.74440303813732], [35.217241920298, 31.744366380293016], [35.217515046337205, 31.74493464157047], [35.21749967492823, 31.74497079995553], [35.21748704230124, 31.7450005188779], [35.21747440755546, 31.745030237799135], [35.2172256878315, 31.744938581470045], [35.216720179101614, 31.74514165314235]]]}}, {"type": "Feature", "properties": {"permit_tik": "2017/0976.01", "taba": "257592", "plan_name": "101-00257592", "migrash_nums": ["1"], "source": "landuse_xplan+parcels(dominant)"}, "geometry": {"type": "Polygon", "coordinates": [[[35.216720179101614, 31.74514165314235], [35.2165670455748, 31.74485749266334], [35.216579387939234, 31.74473681549348], [35.216598094786164, 31.744734401263724], [35.21661606676045, 31.744729348300897], [35.21663279836618, 31.744721800047394], [35.216647816832825, 31.74471196848297], [35.21666070111109, 31.7447001296136], [35.21667108925964, 31.744686617157846], [35.21667868794156, 31.744671810821654], [35.21668328403215, 31.74465612727892], [35.21668474672772, 31.744640008447004], [35.2166830370418, 31.744623907056443], [35.21667820147125, 31.744608275829165], [35.216670376215994, 31.744593555754353], [35.21665978295527, 31.744580160757334], [35.21669603179917, 31.744513988828977], [35.21694482485289, 31.744441917879424], [35.217092986226646, 31.74440303813732], [35.217241920298, 31.744366380293016], [35.217515046337205, 31.74493464157047], [35.21749967492823, 31.74497079995553], [35.21748704230124, 31.7450005188779], [35.21747440755546, 31.745030237799135], [35.2172256878315, 31.744938581470045], [35.216720179101614, 31.74514165314235]]]}}, {"type": "Feature", "properties": {"permit_tik": "2016/1166.00", "taba": "262717", "plan_name": "101-00262717", "migrash_nums": ["1"], "source": "landuse_xplan+parcels(dominant)"}, "geometry": {"type": "Polygon", "coordinates": [[[35.20311495112882, 31.757955740995936], [35.20341540246018, 31.757890623276882], [35.203482370116035, 31.758073524935682], [35.20315917400379, 31.758157123180673], [35.20311495112882, 31.757955740995936]]]}}, {"type": "Feature", "properties": {"permit_tik": "2016/1166.01", "taba": "262717", "plan_name": "101-00262717", "migrash_nums": ["1"], "source": "landuse_xplan+parcels(dominant)"}, "geometry": {"type": "Polygon", "coordinates": [[[35.20311495112882, 31.757955740995936], [35.20341540246018, 31.757890623276882], [35.203482370116035, 31.758073524935682], [35.20315917400379, 31.758157123180673], [35.20311495112882, 31.757955740995936]]]}}, {"type": "Feature", "properties": {"permit_tik": "2016/1166.02", "taba": "262717", "plan_name": "101-00262717", "migrash_nums": ["1"], "source": "landuse_xplan+parcels(dominant)"}, "geometry": {"type": "Polygon", "coordinates": [[[35.20311495112882, 31.757955740995936], [35.20341540246018, 31.757890623276882], [35.203482370116035, 31.758073524935682], [35.20315917400379, 31.758157123180673], [35.20311495112882, 31.757955740995936]]]}}, {"type": "Feature", "properties": {"permit_tik": "2017/0324.00", "taba": "278655", "plan_name": "101-00278655", "migrash_nums": ["1", "2"], "source": "landuse_xplan+parcels(dominant)"}, "geometry": {"type": "Polygon", "coordinates": [[[35.19909028551624, 31.746110485024122], [35.199054233504405, 31.74604836439471], [35.19898348309565, 31.74606121452225], [35.19864357520901, 31.746088951268174], [35.19864356792719, 31.746207071401212], [35.198687194744366, 31.7462070733577], [35.19902923037958, 31.746221119093054], [35.19902292624892, 31.746356639168216], [35.19925690545337, 31.746405126598166], [35.19927681974611, 31.746415166742423], [35.199305751477276, 31.746418867268403], [35.19930615262329, 31.74641693913849], [35.199309264213404, 31.746391018416258], [35.19930791792431, 31.74636498658945], [35.19930214433506, 31.746339400999766], [35.199292065842215, 31.746314808169927], [35.1992778987707, 31.746291734785405], [35.19923648654385, 31.74624513115029], [35.199110062067355, 31.746128697714298], [35.19909028551624, 31.746110485024122]]]}}, {"type": "Feature", "properties": {"permit_tik": "2017/0324.01", "taba": "278655", "plan_name": "101-00278655", "migrash_nums": ["1", "2"], "source": "landuse_xplan+parcels(dominant)"}, "geometry": {"type": "Polygon", "coordinates": [[[35.19909028551624, 31.746110485024122], [35.199054233504405, 31.74604836439471], [35.19898348309565, 31.74606121452225], [35.19864357520901, 31.746088951268174], [35.19864356792719, 31.746207071401212], [35.198687194744366, 31.7462070733577], [35.19902923037958, 31.746221119093054], [35.19902292624892, 31.746356639168216], [35.19925690545337, 31.746405126598166], [35.19927681974611, 31.746415166742423], [35.199305751477276, 31.746418867268403], [35.19930615262329, 31.74641693913849], [35.199309264213404, 31.746391018416258], [35.19930791792431, 31.74636498658945], [35.19930214433506, 31.746339400999766], [35.199292065842215, 31.746314808169927], [35.1992778987707, 31.746291734785405], [35.19923648654385, 31.74624513115029], [35.199110062067355, 31.746128697714298], [35.19909028551624, 31.746110485024122]]]}}, {"type": "Feature", "properties": {"permit_tik": "1993/0957.07", "taba": "290049", "plan_name": "101-00290049", "migrash_nums": ["1"], "source": "landuse_xplan+parcels(dominant)"}, "geometry": {"type": "Polygon", "coordinates": [[[35.21720436242944, 31.76595526437941], [35.217131484373624, 31.765970996226308], [35.21694277525176, 31.766011734982], [35.216750362493244, 31.766033228492102], [35.21668207563675, 31.765773942666147], [35.21679750101231, 31.765748237964957], [35.21678180922838, 31.76568955657905], [35.21693849463412, 31.765674260404143], [35.21694454150842, 31.765708906806765], [35.21701550950738, 31.76569857549067], [35.21710539122069, 31.76568589925942], [35.217126101805555, 31.765793137125883], [35.217166521564245, 31.765786472064146], [35.21720436242944, 31.76595526437941]]]}}, {"type": "Feature", "properties": {"permit_tik": "1989/0346.03", "taba": "296889", "plan_name": "101-00296889", "migrash_nums": ["1"], "source": "landuse_xplan+parcels(dominant)"}, "geometry": {"type": "Polygon", "coordinates": [[[35.216386136608534, 31.763222759788817], [35.21623478518594, 31.76334894182565], [35.21600855427463, 31.763158673760028], [35.21615684407037, 31.763028524161044], [35.216386136608534, 31.763222759788817]]]}}, {"type": "Feature", "properties": {"permit_tik": "2017/0879.00", "taba": "296889", "plan_name": "101-00296889", "migrash_nums": ["1"], "source": "landuse_xplan+parcels(dominant)"}, "geometry": {"type": "Polygon", "coordinates": [[[35.216386136608534, 31.763222759788817], [35.21623478518594, 31.76334894182565], [35.21600855427463, 31.763158673760028], [35.21615684407037, 31.763028524161044], [35.216386136608534, 31.763222759788817]]]}}, {"type": "Feature", "properties": {"permit_tik": "2017/0879.01", "taba": "296889", "plan_name": "101-00296889", "migrash_nums": ["1"], "source": "landuse_xplan+parcels(dominant)"}, "geometry": {"type": "Polygon", "coordinates": [[[35.216386136608534, 31.763222759788817], [35.21623478518594, 31.76334894182565], [35.21600855427463, 31.763158673760028], [35.21615684407037, 31.763028524161044], [35.216386136608534, 31.763222759788817]]]}}, {"type": "Feature", "properties": {"permit_tik": "2018/0452.00", "taba": "299149", "plan_name": "101-00299149", "migrash_nums": ["2", "1"], "source": "landuse_xplan+parcels(dominant)"}, "geometry": {"type": "Polygon", "coordinates": [[[35.20111371206335, 31.742129125071177], [35.20110346614093, 31.741973565354847], [35.201063910627724, 31.741854971552144], [35.201058068200716, 31.74186004157953], [35.2010027302762, 31.741893495013123], [35.2009702277422, 31.74191548656988], [35.200912170848866, 31.741959668253745], [35.20087235232235, 31.741994041934653], [35.20090129096796, 31.74206001999338], [35.20088953391172, 31.742193280074154], [35.200900877286614, 31.74228573765538], [35.20090116635676, 31.74228810771503], [35.200908846139775, 31.74248105430423], [35.20093553044609, 31.74255617520493], [35.20095054520654, 31.742739717530267], [35.20094386209889, 31.742817579136002], [35.20122724557571, 31.742818950053216], [35.201230032145965, 31.742804201330927], [35.20121621651659, 31.74278219774732], [35.201208193644014, 31.742727825245698], [35.20120582016263, 31.74269825184867], [35.20117028860019, 31.742536696046102], [35.20114916935186, 31.74241652811993], [35.20112969566855, 31.74225868831133], [35.20111371206335, 31.742129125071177]]]}}, {"type": "Feature", "properties": {"permit_tik": "2017/0274.01", "taba": "303073", "plan_name": "101-00303073", "migrash_nums": ["01"], "source": "landuse_xplan+parcels(dominant)"}, "geometry": {"type": "Polygon", "coordinates": [[[35.22064597371954, 31.75809732478992], [35.22073995837509, 31.758376415408787], [35.22063403881689, 31.758403493300424], [35.220527604198196, 31.758431081612812], [35.22043601740313, 31.75815943435711], [35.22064597371954, 31.75809732478992]]]}}, {"type": "Feature", "properties": {"permit_tik": "2017/0374.00", "taba": "306944", "plan_name": "101-00306944", "migrash_nums": ["1"], "source": "landuse_xplan+parcels(dominant)"}, "geometry": {"type": "Polygon", "coordinates": [[[35.207283446821904, 31.76779113567265], [35.20730638577689, 31.767806331195086], [35.207336954886486, 31.767826928573427], [35.20735672274956, 31.7678407046601], [35.20741950544275, 31.767874814470716], [35.20745259720179, 31.76788582517456], [35.20745581897232, 31.76788689828946], [35.20747052381403, 31.76789091293665], [35.20747050903675, 31.767890952618096], [35.20740438290105, 31.76807534312678], [35.20717608899025, 31.76800682273837], [35.20706683602637, 31.767973689590526], [35.20705583002641, 31.767968331073767], [35.20726540182387, 31.767780034400555], [35.207283446821904, 31.76779113567265]]]}}, {"type": "Feature", "properties": {"permit_tik": "2017/0530.00", "taba": "315119", "plan_name": "101-00315119", "migrash_nums": ["1"], "source": "landuse_xplan+parcels(dominant)"}, "geometry": {"type": "Polygon", "coordinates": [[[35.20370902358516, 31.756167641203124], [35.203660823772324, 31.756193632090213], [35.20350851902208, 31.75628521882897], [35.20334908602753, 31.756114904359336], [35.20351513741324, 31.756002947045182], [35.20352330265332, 31.755997442243135], [35.20356376551296, 31.75599741184621], [35.20370902358516, 31.756167641203124]]]}}, {"type": "Feature", "properties": {"permit_tik": "2016/1280.01", "taba": "326751", "plan_name": "101-00326751", "migrash_nums": ["1"], "source": "landuse_xplan+parcels(dominant)"}, "geometry": {"type": "Polygon", "coordinates": [[[35.208448832865656, 31.76556073850731], [35.20823853091185, 31.7656291209731], [35.20814021675353, 31.765660437700706], [35.208011705839596, 31.76546277009462], [35.20830939005472, 31.765319424153756], [35.208448832865656, 31.76556073850731]]]}}, {"type": "Feature", "properties": {"permit_tik": "2016/1280.02", "taba": "326751", "plan_name": "101-00326751", "migrash_nums": ["1"], "source": "landuse_xplan+parcels(dominant)"}, "geometry": {"type": "Polygon", "coordinates": [[[35.208448832865656, 31.76556073850731], [35.20823853091185, 31.7656291209731], [35.20814021675353, 31.765660437700706], [35.208011705839596, 31.76546277009462], [35.20830939005472, 31.765319424153756], [35.208448832865656, 31.76556073850731]]]}}, {"type": "Feature", "properties": {"permit_tik": "2004/0656.01", "taba": "327288", "plan_name": "101-00327288", "migrash_nums": ["1", "2"], "source": "landuse_xplan+parcels(dominant)"}, "geometry": {"type": "Polygon", "coordinates": [[[35.204627345675604, 31.746036096716907], [35.20462272314937, 31.74602793051343], [35.20461656823414, 31.746020538096193], [35.20460905506604, 31.746014128692856], [35.20460039471878, 31.74600888177009], [35.20459083098211, 31.74600494523], [35.20458063086361, 31.746002429998928], [35.20457008247791, 31.746001404616564], [35.20455948238244, 31.74600190064703], [35.20454912818989, 31.746003902758538], [35.20449694035593, 31.746018013094172], [35.204470545587775, 31.745957291847574], [35.20446366038777, 31.745962564041967], [35.20435632969686, 31.746002696198886], [35.204288395749806, 31.74603782305623], [35.20424609239061, 31.746072975158384], [35.20409843380406, 31.746106251218013], [35.20413470830252, 31.74632754076122], [35.2041296023235, 31.746364777956355], [35.20414394261598, 31.746395179198938], [35.204364209000744, 31.746347383403634], [35.20445653907264, 31.74631807700685], [35.20459279986465, 31.746278348749367], [35.204702344979886, 31.746251150659358], [35.204712214784976, 31.746249882639095], [35.20472403279975, 31.74624836570341], [35.20471501987871, 31.74622857743081], [35.204627345675604, 31.746036096716907]]]}}, {"type": "Feature", "properties": {"permit_tik": "2018/0678.00", "taba": "330977", "plan_name": "101-00330977", "migrash_nums": ["1"], "source": "landuse_xplan+parcels(dominant)"}, "geometry": {"type": "Polygon", "coordinates": [[[35.20064908627752, 31.743054787030715], [35.20063950363873, 31.743165253874057], [35.20050810431012, 31.74315825703518], [35.200521581325326, 31.743046726141216], [35.20064908627752, 31.743054787030715]]]}}, {"type": "Feature", "properties": {"permit_tik": "2011/0490.01", "taba": "338335", "plan_name": "101-00338335", "migrash_nums": ["1"], "source": "landuse_xplan+parcels(dominant)"}, "geometry": {"type": "Polygon", "coordinates": [[[35.21574274309813, 31.774026048934346], [35.21570964937403, 31.77435405349511], [35.215602257529, 31.77434620976482], [35.21542353861381, 31.774333238865285], [35.21552415336986, 31.774010257157506], [35.21574274309813, 31.774026048934346]]]}}, {"type": "Feature", "properties": {"permit_tik": "2018/0122.00", "taba": "340976", "plan_name": "101-00340976", "migrash_nums": ["1"], "source": "landuse_xplan+parcels(dominant)"}, "geometry": {"type": "Polygon", "coordinates": [[[35.20816983484305, 31.74452785148117], [35.208169613517896, 31.74453517447617], [35.208164981908766, 31.74456897579664], [35.20815960334253, 31.744660513310127], [35.20816832064792, 31.744766856908694], [35.20799729526547, 31.74478605496085], [35.20790611327211, 31.744797691327545], [35.2078900719772, 31.744799315092862], [35.20788057202802, 31.74475205863277], [35.20787275280895, 31.744720818907634], [35.20786570826274, 31.744690643338764], [35.207859878950394, 31.744533271396993], [35.20797543961698, 31.744530923389853], [35.208062822443544, 31.744528395726135], [35.208111051846224, 31.74452686118527], [35.20816983484305, 31.74452785148117]]]}}, {"type": "Feature", "properties": {"permit_tik": "1988/0919.06", "taba": "342261", "plan_name": "101-00342261", "migrash_nums": ["1"], "source": "landuse_xplan+parcels(dominant)"}, "geometry": {"type": "Polygon", "coordinates": [[[35.221984517306495, 31.76625392312596], [35.221953016968904, 31.766224393928102], [35.22193645473128, 31.766235869455414], [35.22163664917185, 31.76596546219665], [35.22185493665835, 31.765804958528896], [35.22188693774544, 31.76578146293304], [35.22218913425021, 31.76608988555749], [35.22218581077841, 31.766109522746945], [35.221984517306495, 31.76625392312596]]]}}, {"type": "Feature", "properties": {"permit_tik": "2011/0783.02", "taba": "342261", "plan_name": "101-00342261", "migrash_nums": ["1"], "source": "landuse_xplan+parcels(dominant)"}, "geometry": {"type": "Polygon", "coordinates": [[[35.221984517306495, 31.76625392312596], [35.221953016968904, 31.766224393928102], [35.22193645473128, 31.766235869455414], [35.22163664917185, 31.76596546219665], [35.22185493665835, 31.765804958528896], [35.22188693774544, 31.76578146293304], [35.22218913425021, 31.76608988555749], [35.22218581077841, 31.766109522746945], [35.221984517306495, 31.76625392312596]]]}}, {"type": "Feature", "properties": {"permit_tik": "2017/0601.00", "taba": "346668", "plan_name": "101-00346668", "migrash_nums": ["1"], "source": "landuse_xplan+parcels(dominant)"}, "geometry": {"type": "Polygon", "coordinates": [[[35.22169252471134, 31.751181178346133], [35.22158106352195, 31.751136101195815], [35.2214248491539, 31.751072902859075], [35.2213517114137, 31.751089957490386], [35.22132131780558, 31.751104210684623], [35.22130556715049, 31.7509676734559], [35.221500391671675, 31.75093265584494], [35.2216592435076, 31.75099098377026], [35.2217774589652, 31.751034436610396], [35.22169252471134, 31.751181178346133]]]}}, {"type": "Feature", "properties": {"permit_tik": "2023/0026.00", "taba": "349811", "plan_name": "101-00349811", "migrash_nums": ["1"], "source": "landuse_xplan+parcels(dominant)"}, "geometry": {"type": "Polygon", "coordinates": [[[35.20680705269126, 31.746184034249705], [35.20683640554115, 31.746220107512357], [35.20697674119195, 31.746414001536248], [35.20708062954496, 31.746406108228044], [35.20707288304607, 31.74654927637895], [35.20685933543525, 31.746572954158818], [35.20676550668886, 31.746580847098485], [35.20663143487953, 31.74625731243021], [35.20680705269126, 31.746184034249705]]]}}, {"type": "Feature", "properties": {"permit_tik": "1987/1028.02", "taba": "351155", "plan_name": "101-00351155", "migrash_nums": ["1"], "source": "landuse_xplan+parcels(dominant)"}, "geometry": {"type": "Polygon", "coordinates": [[[35.219943956512346, 31.74782731917195], [35.22026097577369, 31.747753617326413], [35.22029874668991, 31.747844460910496], [35.22030212596208, 31.74785634771225], [35.22030325098087, 31.747868543226712], [35.220302090030465, 31.747880735419436], [35.22029867471864, 31.747892614953397], [35.22029309153448, 31.74790387879759], [35.22028548290567, 31.74791424014715], [35.22027604297813, 31.747923435638604], [35.220265011284646, 31.747931230761946], [35.220252668524864, 31.747937427977632], [35.22023933023296, 31.747941867619414], [35.22023105424863, 31.747944031274322], [35.220003714919656, 31.748005099851934], [35.219943956512346, 31.74782731917195]]]}}, {"type": "Feature", "properties": {"permit_tik": "2017/0572.00", "taba": "351155", "plan_name": "101-00351155", "migrash_nums": ["1"], "source": "landuse_xplan+parcels(dominant)"}, "geometry": {"type": "Polygon", "coordinates": [[[35.219943956512346, 31.74782731917195], [35.22026097577369, 31.747753617326413], [35.22029874668991, 31.747844460910496], [35.22030212596208, 31.74785634771225], [35.22030325098087, 31.747868543226712], [35.220302090030465, 31.747880735419436], [35.22029867471864, 31.747892614953397], [35.22029309153448, 31.74790387879759], [35.22028548290567, 31.74791424014715], [35.22027604297813, 31.747923435638604], [35.220265011284646, 31.747931230761946], [35.220252668524864, 31.747937427977632], [35.22023933023296, 31.747941867619414], [35.22023105424863, 31.747944031274322], [35.220003714919656, 31.748005099851934], [35.219943956512346, 31.74782731917195]]]}}, {"type": "Feature", "properties": {"permit_tik": "2020/0740.00", "taba": "352542", "plan_name": "101-00352542", "migrash_nums": ["2", "1"], "source": "landuse_xplan+parcels(dominant)"}, "geometry": {"type": "MultiPolygon", "coordinates": [[[[35.20375735691643, 31.74565456060289], [35.20376227913005, 31.745653835542907], [35.2037505670012, 31.74561250570055], [35.203738449434695, 31.74559863705676], [35.20371919812993, 31.745514292739475], [35.20369414012614, 31.745449709630766], [35.20365253140956, 31.745462766322486], [35.20364420678336, 31.745456081794135], [35.20362981832334, 31.74541687126138], [35.203604639534426, 31.74541978767976], [35.20346717032188, 31.745440500361923], [35.20350460375407, 31.745683475897607], [35.20375735691643, 31.74565456060289]]], [[[35.20350475782759, 31.745684475143698], [35.203507106999794, 31.74569135804619], [35.20350715765726, 31.745691350831777], [35.2035527439348, 31.745822003324587], [35.20360314071269, 31.74595067898214], [35.203624172098664, 31.745942905199023], [35.203611241995446, 31.745914673745], [35.203820075911075, 31.74584976358986], [35.20381351585864, 31.745834632394097], [35.20379711375179, 31.745776755471592], [35.20376232978628, 31.74565401050122], [35.20350460375407, 31.745683475897607], [35.20350475782759, 31.745684475143698]]]]}}, {"type": "Feature", "properties": {"permit_tik": "2004/0161.01", "taba": "356592", "plan_name": "101-00356592", "migrash_nums": ["1"], "source": "landuse_xplan+parcels(dominant)"}, "geometry": {"type": "Polygon", "coordinates": [[[35.197963331101995, 31.746929330688623], [35.1979690129751, 31.747055852684998], [35.197477999146315, 31.74718762453945], [35.19734362345967, 31.747222805397133], [35.19732354323788, 31.7471745790015], [35.19732243740172, 31.747171923907135], [35.19725913406622, 31.747028453000393], [35.197949776314886, 31.746861451700113], [35.197963331101995, 31.746929330688623]]]}}, {"type": "Feature", "properties": {"permit_tik": "2018/0020.01", "taba": "365767", "plan_name": "101-00365767", "migrash_nums": ["1"], "source": "landuse_xplan+parcels(dominant)"}, "geometry": {"type": "Polygon", "coordinates": [[[35.21331281788471, 31.75602500440733], [35.21295995056266, 31.75635261274376], [35.2129398052156, 31.75637131654339], [35.21271335719603, 31.756202668653835], [35.21276109285551, 31.75616071173025], [35.21302639752178, 31.75592168724545], [35.213117583153014, 31.75583953203213], [35.21319497961897, 31.755821498834415], [35.21331281788471, 31.75602500440733]]]}}, {"type": "Feature", "properties": {"permit_tik": "2019/0265.00", "taba": "367870", "plan_name": "101-00367870", "migrash_nums": ["102"], "source": "landuse_xplan+parcels(dominant)"}, "geometry": {"type": "Polygon", "coordinates": [[[35.19438649618943, 31.745034623882795], [35.194293207084705, 31.744995115687335], [35.19428705856161, 31.744995365913635], [35.19415451139901, 31.74475434787718], [35.19433404685138, 31.74472459402989], [35.19437191280544, 31.744784023238044], [35.194448572460374, 31.744893498887496], [35.19451799890511, 31.74498295836395], [35.19438649618943, 31.745034623882795]]]}}, {"type": "Feature", "properties": {"permit_tik": "1995/0504.01", "taba": "371153", "plan_name": "101-00371153", "migrash_nums": ["1"], "source": "landuse_xplan+parcels(dominant)"}, "geometry": {"type": "Polygon", "coordinates": [[[35.205613653593744, 31.74304463579648], [35.20530251340524, 31.74318406563359], [35.20529221126182, 31.743186909228374], [35.20528149330117, 31.743188212472155], [35.20527067295769, 31.7431879356815], [35.20526006472161, 31.743186087872626], [35.20524997991744, 31.743182723154227], [35.2052407140401, 31.743177939825674], [35.205232536201315, 31.74317187676961], [35.2052256870189, 31.74316471255015], [35.20518160895608, 31.743049911438366], [35.20515419460558, 31.7429258572682], [35.20550904515437, 31.7428986260814], [35.205613653593744, 31.74304463579648]]]}}, {"type": "Feature", "properties": {"permit_tik": "1995/0504.02", "taba": "371153", "plan_name": "101-00371153", "migrash_nums": ["1"], "source": "landuse_xplan+parcels(dominant)"}, "geometry": {"type": "Polygon", "coordinates": [[[35.205613653593744, 31.74304463579648], [35.20530251340524, 31.74318406563359], [35.20529221126182, 31.743186909228374], [35.20528149330117, 31.743188212472155], [35.20527067295769, 31.7431879356815], [35.20526006472161, 31.743186087872626], [35.20524997991744, 31.743182723154227], [35.2052407140401, 31.743177939825674], [35.205232536201315, 31.74317187676961], [35.2052256870189, 31.74316471255015], [35.20518160895608, 31.743049911438366], [35.20515419460558, 31.7429258572682], [35.20550904515437, 31.7428986260814], [35.205613653593744, 31.74304463579648]]]}}, {"type": "Feature", "properties": {"permit_tik": "2018/0451.00", "taba": "379040", "plan_name": "101-00379040", "migrash_nums": ["1"], "source": "landuse_xplan+parcels(dominant)"}, "geometry": {"type": "Polygon", "coordinates": [[[35.22056554333043, 31.761839712068806], [35.22081501618685, 31.76172568532066], [35.22101291321324, 31.762052480467293], [35.22097517296115, 31.762086939412757], [35.22091554701811, 31.762086274390498], [35.22060651403731, 31.7618803403131], [35.22056554333043, 31.761839712068806]]]}}, {"type": "Feature", "properties": {"permit_tik": "2021/0479.00", "taba": "383109", "plan_name": "101-00383109", "migrash_nums": ["1"], "source": "landuse_xplan+parcels(dominant)"}, "geometry": {"type": "Polygon", "coordinates": [[[35.22018017157775, 31.7537592998], [35.22018021381153, 31.753759391782907], [35.22018246399944, 31.75377158263836], [35.220182664857425, 31.753773476487005], [35.22018466246615, 31.75377753453967], [35.22018559637546, 31.753782759711097], [35.22018566165622, 31.753788045413817], [35.220184855123996, 31.753793286132463], [35.220183193648325, 31.753798378152815], [35.22018071098628, 31.753803219562176], [35.22017765194717, 31.753807480255087], [35.22017395745857, 31.753811355037186], [35.22016969189158, 31.753814775360336], [35.22016493228394, 31.753817679889483], [35.2200953707062, 31.75383804492278], [35.21990045977048, 31.753900846211053], [35.21985630817913, 31.753914907730117], [35.21984870929563, 31.75391730214821], [35.219809790346986, 31.7539296008116], [35.21978253139805, 31.753937859594352], [35.219747494121826, 31.753948474927522], [35.2197405864096, 31.753949979135275], [35.21973348327342, 31.75395048772982], [35.219726379970844, 31.753949988061837], [35.21971946965263, 31.75394849273391], [35.21971294336343, 31.75394604320786], [35.219706980542064, 31.753942707100546], [35.21970174374385, 31.75393857547881], [35.21969737652945, 31.753933761055983], [35.21969400029818, 31.75392839729061], [35.21967823865355, 31.753905973918137], [35.21966772174583, 31.753891015383434], [35.21961005722605, 31.753808990510525], [35.21960718768864, 31.75380403070854], [35.21960290005997, 31.75380175496525], [35.219570378312405, 31.753743409504686], [35.219814268864184, 31.75365736226211], [35.22009065439329, 31.75355985712306], [35.22018017157775, 31.7537592998]]]}}, {"type": "Feature", "properties": {"permit_tik": "1996/0493.01", "taba": "383299", "plan_name": "101-00383299", "migrash_nums": ["1"], "source": "landuse_xplan+parcels(dominant)"}, "geometry": {"type": "Polygon", "coordinates": [[[35.20038331670299, 31.739931099063895], [35.200231796102635, 31.739954190511337], [35.20029231589014, 31.739916750505152], [35.20034918552987, 31.73987534132805], [35.20040204831834, 31.739830221803714], [35.200450574990874, 31.739781674204842], [35.200494460556044, 31.739730001547414], [35.2006664458332, 31.73947442877076], [35.20072187934816, 31.739552932510684], [35.20074241745186, 31.739553108056775], [35.20079314363304, 31.73959849402097], [35.20061571923216, 31.739807939156908], [35.200616253769475, 31.739898538674517], [35.200531586969944, 31.739906645549887], [35.20049210828253, 31.73990735681041], [35.20049210406135, 31.739907356810285], [35.20038331670299, 31.739931099063895]]]}}, {"type": "Feature", "properties": {"permit_tik": "2017/0776.00", "taba": "387951", "plan_name": "101-00387951", "migrash_nums": ["1"], "source": "landuse_xplan+parcels(dominant)"}, "geometry": {"type": "Polygon", "coordinates": [[[35.221178780588396, 31.75006312526889], [35.22122279677077, 31.750140140633967], [35.22123104004768, 31.750154565457557], [35.221253105165026, 31.750193071321277], [35.221324473818285, 31.750317696835037], [35.2214016489542, 31.750450528320457], [35.22137895885126, 31.750457924674805], [35.22129632491822, 31.750486435777617], [35.22124746219132, 31.75050339694112], [35.22118722063513, 31.750524219483783], [35.22102263382006, 31.75022463734843], [35.22107642029145, 31.75020371652563], [35.22108445163132, 31.750142936527784], [35.22115329491261, 31.750018593713058], [35.221178780588396, 31.75006312526889]]]}}, {"type": "Feature", "properties": {"permit_tik": "2015/0320.01", "taba": "402925", "plan_name": "101-00402925", "migrash_nums": ["1"], "source": "landuse_xplan+parcels(dominant)"}, "geometry": {"type": "Polygon", "coordinates": [[[35.20979721456105, 31.756844064260783], [35.20956930480978, 31.757031206398196], [35.20945962795952, 31.756939899102917], [35.20938409182214, 31.756881282224814], [35.20958610766956, 31.756681741118], [35.20979721456105, 31.756844064260783]]]}}, {"type": "Feature", "properties": {"permit_tik": "2018/0416.00", "taba": "404905", "plan_name": "101-00404905", "migrash_nums": ["1"], "source": "landuse_xplan+parcels(dominant)"}, "geometry": {"type": "Polygon", "coordinates": [[[35.210910266825195, 31.751536716759517], [35.21091670402992, 31.75155379376386], [35.210593390098786, 31.75164651057229], [35.21050260937619, 31.751405684508576], [35.21081448848618, 31.751288425697805], [35.210910266825195, 31.751536716759517]]]}}, {"type": "Feature", "properties": {"permit_tik": "2017/1016.00", "taba": "406504", "plan_name": "101-00406504", "migrash_nums": ["1"], "source": "landuse_xplan+parcels(dominant)"}, "geometry": {"type": "Polygon", "coordinates": [[[35.208325178009844, 31.754483813282082], [35.20845518537009, 31.754622485810515], [35.20848382778423, 31.754653037576897], [35.20825033095368, 31.75483885549519], [35.20807813214015, 31.754639282439822], [35.208316879591074, 31.754474962837268], [35.208325178009844, 31.754483813282082]]]}}, {"type": "Feature", "properties": {"permit_tik": "1992/0686.01", "taba": "407353", "plan_name": "101-00407353", "migrash_nums": ["1"], "source": "landuse_xplan+parcels(dominant)"}, "geometry": {"type": "Polygon", "coordinates": [[[35.19935123099158, 31.746821148107568], [35.199048626386514, 31.746950153827346], [35.19903311798247, 31.746888827682042], [35.198930095868, 31.74686169760776], [35.198923778740664, 31.746783700324414], [35.19901795135264, 31.746794133263762], [35.1990601659666, 31.74680089887469], [35.19907781203087, 31.746797517689398], [35.19920907719479, 31.746726502747048], [35.19926118840802, 31.746707340633083], [35.199289308211476, 31.74669970673511], [35.19929792260158, 31.746730517730384], [35.19930772195444, 31.746746163337384], [35.19931913584957, 31.746765196339613], [35.19933816040894, 31.74679722704002], [35.19935123099158, 31.746821148107568]]]}}, {"type": "Feature", "properties": {"permit_tik": "2021/0467.00", "taba": "410282", "plan_name": "101-00410282", "migrash_nums": ["1"], "source": "landuse_xplan+parcels(dominant)"}, "geometry": {"type": "Polygon", "coordinates": [[[35.2195907878815, 31.765575324153176], [35.21959202925399, 31.76557532941603], [35.21963344040272, 31.765577930790325], [35.22027998422765, 31.76561675723747], [35.22027200940861, 31.765673238847054], [35.22023944791499, 31.765903802633606], [35.220073539531256, 31.765872783553483], [35.219811529919546, 31.765865274351153], [35.21941572141781, 31.765853929602926], [35.21942992541713, 31.76577543693639], [35.219436369548696, 31.765689156869776], [35.21943806096976, 31.765665348018505], [35.21943973761374, 31.76564155179465], [35.21944005566921, 31.76563702991698], [35.219440371615526, 31.765632520665328], [35.21944237661008, 31.765622151039032], [35.21944634084454, 31.765612201439794], [35.21944927038266, 31.765607415013232], [35.21945296951034, 31.76560303522664], [35.219457361183935, 31.76559915046976], [35.21947497282218, 31.76558738654951], [35.219477472248656, 31.765586114654877], [35.21948012794401, 31.765585100668723], [35.21948290402031, 31.76558435722114], [35.21949382695799, 31.76558257749159], [35.219542113940356, 31.765577057886464], [35.2195907878815, 31.765575324153176]]]}}, {"type": "Feature", "properties": {"permit_tik": "2019/0261.00", "taba": "430249", "plan_name": "101-00430249", "migrash_nums": ["1"], "source": "landuse_xplan+parcels(dominant)"}, "geometry": {"type": "Polygon", "coordinates": [[[35.21021857998372, 31.751924229769426], [35.210338916124115, 31.752251727331004], [35.21004705952813, 31.752341836740552], [35.210046244741456, 31.752342024360505], [35.20997361812488, 31.752169468591525], [35.20986090649509, 31.75181948736138], [35.2101526500433, 31.75173399041054], [35.21021857998372, 31.751924229769426]]]}}, {"type": "Feature", "properties": {"permit_tik": "2019/0261.01", "taba": "430249", "plan_name": "101-00430249", "migrash_nums": ["1"], "source": "landuse_xplan+parcels(dominant)"}, "geometry": {"type": "Polygon", "coordinates": [[[35.21021857998372, 31.751924229769426], [35.210338916124115, 31.752251727331004], [35.21004705952813, 31.752341836740552], [35.210046244741456, 31.752342024360505], [35.20997361812488, 31.752169468591525], [35.20986090649509, 31.75181948736138], [35.2101526500433, 31.75173399041054], [35.21021857998372, 31.751924229769426]]]}}, {"type": "Feature", "properties": {"permit_tik": "2019/0261.02", "taba": "430249", "plan_name": "101-00430249", "migrash_nums": ["1"], "source": "landuse_xplan+parcels(dominant)"}, "geometry": {"type": "Polygon", "coordinates": [[[35.21021857998372, 31.751924229769426], [35.210338916124115, 31.752251727331004], [35.21004705952813, 31.752341836740552], [35.210046244741456, 31.752342024360505], [35.20997361812488, 31.752169468591525], [35.20986090649509, 31.75181948736138], [35.2101526500433, 31.75173399041054], [35.21021857998372, 31.751924229769426]]]}}, {"type": "Feature", "properties": {"permit_tik": "2019/0261.03", "taba": "430249", "plan_name": "101-00430249", "migrash_nums": ["1"], "source": "landuse_xplan+parcels(dominant)"}, "geometry": {"type": "Polygon", "coordinates": [[[35.21021857998372, 31.751924229769426], [35.210338916124115, 31.752251727331004], [35.21004705952813, 31.752341836740552], [35.210046244741456, 31.752342024360505], [35.20997361812488, 31.752169468591525], [35.20986090649509, 31.75181948736138], [35.2101526500433, 31.75173399041054], [35.21021857998372, 31.751924229769426]]]}}, {"type": "Feature", "properties": {"permit_tik": "2005/0830.05", "taba": "433359", "plan_name": "101-00433359", "migrash_nums": ["1"], "source": "landuse_xplan+parcels(dominant)"}, "geometry": {"type": "Polygon", "coordinates": [[[35.205662064686706, 31.75322068130814], [35.20625906914872, 31.753787798875297], [35.205588864572775, 31.754313531843312], [35.2050637199961, 31.753986256373082], [35.2049988513125, 31.753303111245184], [35.205602070167366, 31.75316368892393], [35.205662064686706, 31.75322068130814]]]}}, {"type": "Feature", "properties": {"permit_tik": "2022/0024.00", "taba": "433359", "plan_name": "101-00433359", "migrash_nums": ["1"], "source": "landuse_xplan+parcels(dominant)"}, "geometry": {"type": "Polygon", "coordinates": [[[35.205662064686706, 31.75322068130814], [35.20625906914872, 31.753787798875297], [35.205588864572775, 31.754313531843312], [35.2050637199961, 31.753986256373082], [35.2049988513125, 31.753303111245184], [35.205602070167366, 31.75316368892393], [35.205662064686706, 31.75322068130814]]]}}, {"type": "Feature", "properties": {"permit_tik": "2024/0211.01", "taba": "433359", "plan_name": "101-00433359", "migrash_nums": ["1"], "source": "landuse_xplan+parcels(dominant)"}, "geometry": {"type": "Polygon", "coordinates": [[[35.205662064686706, 31.75322068130814], [35.20625906914872, 31.753787798875297], [35.205588864572775, 31.754313531843312], [35.2050637199961, 31.753986256373082], [35.2049988513125, 31.753303111245184], [35.205602070167366, 31.75316368892393], [35.205662064686706, 31.75322068130814]]]}}, {"type": "Feature", "properties": {"permit_tik": "2002/0131.01", "taba": "448670", "plan_name": "101-00448670", "migrash_nums": ["1"], "source": "landuse_xplan+parcels(dominant)"}, "geometry": {"type": "Polygon", "coordinates": [[[35.197133432974226, 31.747046293436483], [35.197142148783676, 31.747067014734085], [35.19675063435577, 31.74717986146522], [35.196726989082045, 31.747186595029394], [35.19666321955628, 31.746999714367487], [35.19687637280929, 31.74693743662779], [35.19695572506921, 31.746903450718136], [35.19700569205326, 31.74688767132289], [35.19703356075887, 31.746882036398073], [35.19705770823348, 31.746876045926264], [35.197133432974226, 31.747046293436483]]]}}, {"type": "Feature", "properties": {"permit_tik": "2002/0131.02", "taba": "448670", "plan_name": "101-00448670", "migrash_nums": ["1"], "source": "landuse_xplan+parcels(dominant)"}, "geometry": {"type": "Polygon", "coordinates": [[[35.197133432974226, 31.747046293436483], [35.197142148783676, 31.747067014734085], [35.19675063435577, 31.74717986146522], [35.196726989082045, 31.747186595029394], [35.19666321955628, 31.746999714367487], [35.19687637280929, 31.74693743662779], [35.19695572506921, 31.746903450718136], [35.19700569205326, 31.74688767132289], [35.19703356075887, 31.746882036398073], [35.19705770823348, 31.746876045926264], [35.197133432974226, 31.747046293436483]]]}}, {"type": "Feature", "properties": {"permit_tik": "2021/0361.00", "taba": "454553", "plan_name": "101-00454553", "migrash_nums": ["4"], "source": "landuse_xplan+parcels(dominant)"}, "geometry": {"type": "Polygon", "coordinates": [[[35.21640100428215, 31.747271951222565], [35.21642913317864, 31.747327781818626], [35.21645192894611, 31.747373018032942], [35.21652702825672, 31.747522127433], [35.21644807010757, 31.747549240801277], [35.216429074067555, 31.747555916255017], [35.21621937871272, 31.74762961668098], [35.216139014231096, 31.747486703266198], [35.21603768455234, 31.74729931089532], [35.21635579923738, 31.747182256124322], [35.21640100428215, 31.747271951222565]]]}}, {"type": "Feature", "properties": {"permit_tik": "2018/0561.00", "taba": "459339", "plan_name": "101-00459339", "migrash_nums": ["1"], "source": "landuse_xplan+parcels(dominant)"}, "geometry": {"type": "Polygon", "coordinates": [[[35.19890401967968, 31.755826337764333], [35.19899729786525, 31.75569239622121], [35.19903536576452, 31.7557099350877], [35.199198822675534, 31.755793993726005], [35.19925690393648, 31.75582385613833], [35.199264326308395, 31.755838420319538], [35.199273695030016, 31.755852140452053], [35.19928488239944, 31.755864828044942], [35.19925528423563, 31.75591134398427], [35.19918244982622, 31.756025810319354], [35.19905653250637, 31.75596422178464], [35.19889457880893, 31.755873664341102], [35.19889272651364, 31.755872500882226], [35.198891032549895, 31.75587117149084], [35.198891486802744, 31.755864438341213], [35.198892832022466, 31.755855270250425], [35.19889561069817, 31.755844109145567], [35.19889944690157, 31.75583396897382], [35.19890401967968, 31.755826337764333]]]}}, {"type": "Feature", "properties": {"permit_tik": "2018/0561.01", "taba": "459339", "plan_name": "101-00459339", "migrash_nums": ["1"], "source": "landuse_xplan+parcels(dominant)"}, "geometry": {"type": "Polygon", "coordinates": [[[35.19890401967968, 31.755826337764333], [35.19899729786525, 31.75569239622121], [35.19903536576452, 31.7557099350877], [35.199198822675534, 31.755793993726005], [35.19925690393648, 31.75582385613833], [35.199264326308395, 31.755838420319538], [35.199273695030016, 31.755852140452053], [35.19928488239944, 31.755864828044942], [35.19925528423563, 31.75591134398427], [35.19918244982622, 31.756025810319354], [35.19905653250637, 31.75596422178464], [35.19889457880893, 31.755873664341102], [35.19889272651364, 31.755872500882226], [35.198891032549895, 31.75587117149084], [35.198891486802744, 31.755864438341213], [35.198892832022466, 31.755855270250425], [35.19889561069817, 31.755844109145567], [35.19889944690157, 31.75583396897382], [35.19890401967968, 31.755826337764333]]]}}, {"type": "Feature", "properties": {"permit_tik": "2020/0752.00", "taba": "500033", "plan_name": "101-00500033", "migrash_nums": ["1"], "source": "landuse_xplan+parcels(dominant)"}, "geometry": {"type": "Polygon", "coordinates": [[[35.226003157456574, 31.75901569468989], [35.22569285473486, 31.758975755614962], [35.2256875922016, 31.758820219101942], [35.22603122812658, 31.758862989731195], [35.226003157456574, 31.75901569468989]]]}}, {"type": "Feature", "properties": {"permit_tik": "2022/0246.00", "taba": "511923", "plan_name": "101-00511923", "migrash_nums": ["1"], "source": "landuse_xplan+parcels(dominant)"}, "geometry": {"type": "Polygon", "coordinates": [[[35.1942719826958, 31.752700315629028], [35.19381256568038, 31.752700278354283], [35.19380281435111, 31.752636183442224], [35.19378751557208, 31.75253560484153], [35.193781173762126, 31.752504918145643], [35.19378119404243, 31.752326912033134], [35.19424563731951, 31.752326949820617], [35.19424562228801, 31.75246493206471], [35.19427200827126, 31.752464934160685], [35.1942719991092, 31.752549256641718], [35.194319493922116, 31.752549260400713], [35.1943194856321, 31.75262591720069], [35.19427199078003, 31.752625913441697], [35.1942719826958, 31.752700315629028]]]}}, {"type": "Feature", "properties": {"permit_tik": "2022/0246.01", "taba": "511923", "plan_name": "101-00511923", "migrash_nums": ["1"], "source": "landuse_xplan+parcels(dominant)"}, "geometry": {"type": "Polygon", "coordinates": [[[35.1942719826958, 31.752700315629028], [35.19381256568038, 31.752700278354283], [35.19380281435111, 31.752636183442224], [35.19378751557208, 31.75253560484153], [35.193781173762126, 31.752504918145643], [35.19378119404243, 31.752326912033134], [35.19424563731951, 31.752326949820617], [35.19424562228801, 31.75246493206471], [35.19427200827126, 31.752464934160685], [35.1942719991092, 31.752549256641718], [35.194319493922116, 31.752549260400713], [35.1943194856321, 31.75262591720069], [35.19427199078003, 31.752625913441697], [35.1942719826958, 31.752700315629028]]]}}, {"type": "Feature", "properties": {"permit_tik": "2022/0246.02", "taba": "511923", "plan_name": "101-00511923", "migrash_nums": ["1"], "source": "landuse_xplan+parcels(dominant)"}, "geometry": {"type": "Polygon", "coordinates": [[[35.1942719826958, 31.752700315629028], [35.19381256568038, 31.752700278354283], [35.19380281435111, 31.752636183442224], [35.19378751557208, 31.75253560484153], [35.193781173762126, 31.752504918145643], [35.19378119404243, 31.752326912033134], [35.19424563731951, 31.752326949820617], [35.19424562228801, 31.75246493206471], [35.19427200827126, 31.752464934160685], [35.1942719991092, 31.752549256641718], [35.194319493922116, 31.752549260400713], [35.1943194856321, 31.75262591720069], [35.19427199078003, 31.752625913441697], [35.1942719826958, 31.752700315629028]]]}}, {"type": "Feature", "properties": {"permit_tik": "2023/0326.00", "taba": "511923", "plan_name": "101-00511923", "migrash_nums": ["6", "3"], "source": "landuse_xplan+parcels(dominant)"}, "geometry": {"type": "MultiPolygon", "coordinates": [[[[35.19520457577287, 31.752654523790184], [35.195252070639675, 31.752654527201564], [35.19525207816128, 31.75257787040171], [35.19520458333362, 31.75257786699033], [35.195204593575795, 31.752474023178554], [35.19517820758989, 31.7524740212757], [35.19517822123821, 31.752336039031388], [35.195156584761854, 31.752336037466982], [35.19468863105168, 31.752336002732978], [35.194695085322046, 31.752404397325506], [35.194704941950576, 31.75251711603998], [35.19469373825867, 31.752691329942774], [35.195204572138906, 31.752691367753386], [35.19520457577287, 31.752654523790184]]], [[[35.196301502975814, 31.752429685202323], [35.19610129254222, 31.75242967235095], [35.19610129190015, 31.75243688710883], [35.195785715633974, 31.752436866213493], [35.195785682807276, 31.752792193027634], [35.19630147149261, 31.752792226774847], [35.196301502975814, 31.752429685202323]]]]}}, {"type": "Feature", "properties": {"permit_tik": "2023/0326.01", "taba": "511923", "plan_name": "101-00511923", "migrash_nums": ["6", "3"], "source": "landuse_xplan+parcels(dominant)"}, "geometry": {"type": "MultiPolygon", "coordinates": [[[[35.19520457577287, 31.752654523790184], [35.195252070639675, 31.752654527201564], [35.19525207816128, 31.75257787040171], [35.19520458333362, 31.75257786699033], [35.195204593575795, 31.752474023178554], [35.19517820758989, 31.7524740212757], [35.19517822123821, 31.752336039031388], [35.195156584761854, 31.752336037466982], [35.19468863105168, 31.752336002732978], [35.194695085322046, 31.752404397325506], [35.194704941950576, 31.75251711603998], [35.19469373825867, 31.752691329942774], [35.195204572138906, 31.752691367753386], [35.19520457577287, 31.752654523790184]]], [[[35.196301502975814, 31.752429685202323], [35.19610129254222, 31.75242967235095], [35.19610129190015, 31.75243688710883], [35.195785715633974, 31.752436866213493], [35.195785682807276, 31.752792193027634], [35.19630147149261, 31.752792226774847], [35.196301502975814, 31.752429685202323]]]]}}, {"type": "Feature", "properties": {"permit_tik": "2024/0402.00", "taba": "511923", "plan_name": "101-00511923", "migrash_nums": ["9", "8", "25"], "source": "landuse_xplan+parcels(dominant)"}, "geometry": {"type": "MultiPolygon", "coordinates": [[[[35.19753084952603, 31.752275177419296], [35.19741901912411, 31.752451105036062], [35.1972383757782, 31.752735282542186], [35.19764668575226, 31.75291838645978], [35.19764999041427, 31.752902894746576], [35.197656278765976, 31.752888092200124], [35.197665373461284, 31.752874396364643], [35.19767702010963, 31.75286219231387], [35.19769089044284, 31.752851823632696], [35.19770680102414, 31.752840358413728], [35.1977208140347, 31.752827209349583], [35.19773268670641, 31.7528126027912], [35.19795760921261, 31.75245876473285], [35.19790826679234, 31.752437538222058], [35.19753084952603, 31.752275177419296]]], [[[35.19693552278053, 31.75321170974192], [35.197365456535195, 31.753390311996814], [35.197631804367646, 31.752971309524877], [35.19763824779947, 31.75295758018283], [35.197218174274845, 31.75276706061158], [35.19693552278053, 31.75321170974192]]], [[[35.19755977432531, 31.75346263064298], [35.19838333052536, 31.753844516663193], [35.198389630042016, 31.753835801533903], [35.19852569197008, 31.753616659631152], [35.198415186912506, 31.75360402868161], [35.19767677319579, 31.75325683050154], [35.1976699573417, 31.753253624986975], [35.19755977432531, 31.75346263064298]]]]}}, {"type": "Feature", "properties": {"permit_tik": "2024/0527.00", "taba": "511923", "plan_name": "101-00511923", "migrash_nums": ["9", "8", "25"], "source": "landuse_xplan+parcels(dominant)"}, "geometry": {"type": "MultiPolygon", "coordinates": [[[[35.19753084952603, 31.752275177419296], [35.19741901912411, 31.752451105036062], [35.1972383757782, 31.752735282542186], [35.19764668575226, 31.75291838645978], [35.19764999041427, 31.752902894746576], [35.197656278765976, 31.752888092200124], [35.197665373461284, 31.752874396364643], [35.19767702010963, 31.75286219231387], [35.19769089044284, 31.752851823632696], [35.19770680102414, 31.752840358413728], [35.1977208140347, 31.752827209349583], [35.19773268670641, 31.7528126027912], [35.19795760921261, 31.75245876473285], [35.19790826679234, 31.752437538222058], [35.19753084952603, 31.752275177419296]]], [[[35.19693552278053, 31.75321170974192], [35.197365456535195, 31.753390311996814], [35.197631804367646, 31.752971309524877], [35.19763824779947, 31.75295758018283], [35.197218174274845, 31.75276706061158], [35.19693552278053, 31.75321170974192]]], [[[35.19755977432531, 31.75346263064298], [35.19838333052536, 31.753844516663193], [35.198389630042016, 31.753835801533903], [35.19852569197008, 31.753616659631152], [35.198415186912506, 31.75360402868161], [35.19767677319579, 31.75325683050154], [35.1976699573417, 31.753253624986975], [35.19755977432531, 31.75346263064298]]]]}}, {"type": "Feature", "properties": {"permit_tik": "1986/0580.00", "taba": "512301", "plan_name": "101-00512301", "migrash_nums": ["1"], "source": "landuse_xplan+parcels(dominant)"}, "geometry": {"type": "Polygon", "coordinates": [[[35.228977104522755, 31.766093048538544], [35.22909423241431, 31.766129694796337], [35.22906580862377, 31.766170207477128], [35.2290320395041, 31.76620760712278], [35.228993389378424, 31.766241380490893], [35.22895439758762, 31.766268588497773], [35.22891223800931, 31.766292097743772], [35.228758620317144, 31.76638493226295], [35.228673862495164, 31.766329542844346], [35.22867642825261, 31.766323979789007], [35.22868760892361, 31.766290880027384], [35.228739827895616, 31.766172818836093], [35.22876814743825, 31.7660844418447], [35.22877294646049, 31.766069461317333], [35.22876660840462, 31.76605232751797], [35.22877420276261, 31.766029779994415], [35.228977104522755, 31.766093048538544]]]}}, {"type": "Feature", "properties": {"permit_tik": "1973/0818.07", "taba": "518159", "plan_name": "101-00518159", "migrash_nums": ["2"], "source": "landuse_xplan+parcels(dominant)"}, "geometry": {"type": "Polygon", "coordinates": [[[35.21167444193932, 31.75439459760345], [35.21165069014122, 31.754344438371735], [35.21156732387008, 31.754376231315224], [35.211482786805384, 31.75419765461566], [35.21198844306546, 31.754024651649807], [35.21207222307666, 31.75425371512241], [35.21197751911778, 31.754283526764507], [35.21186170668251, 31.754323169681992], [35.21167444193932, 31.75439459760345]]]}}, {"type": "Feature", "properties": {"permit_tik": "1973/0818.08", "taba": "518159", "plan_name": "101-00518159", "migrash_nums": ["2"], "source": "landuse_xplan+parcels(dominant)"}, "geometry": {"type": "Polygon", "coordinates": [[[35.21167444193932, 31.75439459760345], [35.21165069014122, 31.754344438371735], [35.21156732387008, 31.754376231315224], [35.211482786805384, 31.75419765461566], [35.21198844306546, 31.754024651649807], [35.21207222307666, 31.75425371512241], [35.21197751911778, 31.754283526764507], [35.21186170668251, 31.754323169681992], [35.21167444193932, 31.75439459760345]]]}}, {"type": "Feature", "properties": {"permit_tik": "1993/0600.05", "taba": "521534", "plan_name": "101-00521534", "migrash_nums": ["1"], "source": "landuse_xplan+parcels(dominant)"}, "geometry": {"type": "Polygon", "coordinates": [[[35.22201213730092, 31.771627191844694], [35.22194232171397, 31.77166777716487], [35.22188904175728, 31.771606771280524], [35.22205800234037, 31.771343628317865], [35.22227921498044, 31.771444535194345], [35.22214865550291, 31.77165274189919], [35.222057154176355, 31.771635379741966], [35.22203857225704, 31.771611853261327], [35.22201213730092, 31.771627191844694]]]}}, {"type": "Feature", "properties": {"permit_tik": "1996/0564.03", "taba": "535591", "plan_name": "101-00535591", "migrash_nums": ["1"], "source": "landuse_xplan+parcels(dominant)"}, "geometry": {"type": "Polygon", "coordinates": [[[35.207865116269055, 31.74584759963395], [35.20782269532464, 31.745860533254], [35.20762460611872, 31.745877386732243], [35.207611770076156, 31.745796509537996], [35.207573198511334, 31.745546609066487], [35.20781456068517, 31.745520362687056], [35.207865116269055, 31.74584759963395]]]}}, {"type": "Feature", "properties": {"permit_tik": "2021/0426.00", "taba": "537480", "plan_name": "101-00537480", "migrash_nums": ["100"], "source": "landuse_xplan+parcels(dominant)"}, "geometry": {"type": "Polygon", "coordinates": [[[35.20690648669055, 31.765203509750624], [35.20693131126194, 31.765295215859524], [35.206951772111424, 31.76538770485005], [35.206593698859116, 31.765409599301304], [35.206593618597196, 31.76540803009606], [35.20658760230255, 31.765253178360823], [35.20690648669055, 31.765203509750624]]]}}, {"type": "Feature", "properties": {"permit_tik": "2015/0935.01", "taba": "540500", "plan_name": "101-00540500", "migrash_nums": ["1"], "source": "landuse_xplan+parcels(dominant)"}, "geometry": {"type": "Polygon", "coordinates": [[[35.22150991541882, 31.752868069427635], [35.2217289261047, 31.75317231316081], [35.22151897572327, 31.75327112782954], [35.221300993248775, 31.75296553264029], [35.22150991541882, 31.752868069427635]]]}}, {"type": "Feature", "properties": {"permit_tik": "2021/0168.00", "taba": "541102", "plan_name": "101-00541102", "migrash_nums": ["01"], "source": "landuse_xplan+parcels(dominant)"}, "geometry": {"type": "Polygon", "coordinates": [[[35.20649009926859, 31.752746521847723], [35.20656949744123, 31.752763367869093], [35.20664681762147, 31.75278620483224], [35.206721441328376, 31.752814852383253], [35.20679277329723, 31.752849079665907], [35.20660081871092, 31.753070846759744], [35.206446515183686, 31.752907765177326], [35.20649009926859, 31.752746521847723]]]}}, {"type": "Feature", "properties": {"permit_tik": "2008/0043.02", "taba": "542803", "plan_name": "101-00542803", "migrash_nums": ["1"], "source": "landuse_xplan+parcels(dominant)"}, "geometry": {"type": "Polygon", "coordinates": [[[35.21406306361995, 31.760386558999574], [35.2139676702725, 31.760664058076127], [35.21377267990472, 31.760624629569797], [35.21387241046853, 31.76033195950105], [35.21406306361995, 31.760386558999574]]]}}, {"type": "Feature", "properties": {"permit_tik": "2023/0311.02", "taba": "560805", "plan_name": "101-00560805", "migrash_nums": ["2"], "source": "landuse_xplan+parcels(dominant)"}, "geometry": {"type": "Polygon", "coordinates": [[[35.215677171510514, 31.743480847356416], [35.21567131923414, 31.743485999219455], [35.215666477001875, 31.74349186615665], [35.21566276193912, 31.743498306567954], [35.21566026478584, 31.743505161720474], [35.21565904673176, 31.74351226566923], [35.21565729966329, 31.743534395320985], [35.215692215749634, 31.743579673913814], [35.21571438981798, 31.74360854183742], [35.215773526551, 31.743675568070444], [35.21583660051494, 31.743739919046277], [35.21590344705844, 31.74380142612886], [35.215973890975995, 31.743859927897837], [35.215991161933985, 31.743870714206672], [35.216111306389976, 31.743938619417854], [35.21616454595436, 31.743969107720613], [35.21616795394636, 31.74397139358489], [35.216170964121886, 31.743974055555626], [35.21617352159677, 31.74397704403639], [35.21617557781805, 31.74398030221547], [35.21619147719672, 31.74401024924254], [35.216169959800794, 31.744018591506208], [35.216071893613645, 31.74405661515059], [35.21582913808817, 31.744150739401608], [35.215770732976445, 31.744097317479724], [35.21572554838033, 31.744053835401953], [35.215682109208934, 31.744009072531835], [35.21556960221834, 31.743886245632023], [35.21546145902127, 31.743760588258446], [35.215357778825236, 31.743632214046116], [35.215352913912724, 31.74362496813261], [35.21534924569668, 31.743617224296926], [35.21532572763603, 31.7435558484846], [35.21530555196798, 31.743540334857354], [35.21534714942265, 31.74351556929872], [35.21539270927404, 31.743496564376354], [35.215493570147714, 31.74346244419716], [35.21550205584001, 31.743460148258766], [35.21551083503998, 31.7434588921226], [35.21551973256497, 31.74345870105567], [35.21552857428486, 31.743459576876823], [35.215537185012145, 31.743461504270016], [35.21554559306638, 31.74347182245563], [35.21555582353658, 31.743480860761398], [35.21556761044982, 31.74348838653398], [35.21558065406678, 31.743494206804183], [35.21559461771616, 31.743498170993018], [35.215609143625564, 31.74350017812496], [35.215623857142944, 31.743500175925806], [35.21563838256727, 31.743498165330504], [35.21565234420373, 31.743494198679464], [35.21566538641484, 31.743488375207356], [35.215677171510514, 31.743480847356416]]]}}, {"type": "Feature", "properties": {"permit_tik": "1991/0584.08", "taba": "564583", "plan_name": "101-00564583", "migrash_nums": ["1"], "source": "landuse_xplan+parcels(dominant)"}, "geometry": {"type": "Polygon", "coordinates": [[[35.198314268942276, 31.755058383403174], [35.19816698665995, 31.75524889092581], [35.19770193807058, 31.75497944139621], [35.19784575887178, 31.754790061531168], [35.198314268942276, 31.755058383403174]]]}}, {"type": "Feature", "properties": {"permit_tik": "2020/0361.02", "taba": "565317", "plan_name": "101-00565317", "migrash_nums": ["1"], "source": "landuse_xplan+parcels(dominant)"}, "geometry": {"type": "Polygon", "coordinates": [[[35.19399033433885, 31.75575700645956], [35.19363600432595, 31.755612144489227], [35.19363642760386, 31.755602725663216], [35.1936466947239, 31.755461055808233], [35.193646999153714, 31.755457125596394], [35.193650635394896, 31.75541019753221], [35.19365880996852, 31.755364956298422], [35.193680020021546, 31.75531613764089], [35.19375252747362, 31.75534635910182], [35.193757886921404, 31.755348453631267], [35.194048965016556, 31.75546238411049], [35.19408863104762, 31.75539301024158], [35.19418057959439, 31.75539301763555], [35.19443923267225, 31.755501398280174], [35.194322098934336, 31.75571029410115], [35.1943101275234, 31.755731643416745], [35.19406045301471, 31.75563159087156], [35.19399033433885, 31.75575700645956]]]}}, {"type": "Feature", "properties": {"permit_tik": "2004/0030.02", "taba": "566729", "plan_name": "101-00566729", "migrash_nums": ["1"], "source": "landuse_xplan+parcels(dominant)"}, "geometry": {"type": "Polygon", "coordinates": [[[35.22100334924803, 31.75907220073208], [35.22090660555149, 31.759098902482936], [35.22084744089387, 31.75911736727858], [35.2207877400436, 31.759136016091947], [35.22070390889444, 31.758931340785423], [35.22091625474359, 31.7588714886908], [35.22100334924803, 31.75907220073208]]]}}, {"type": "Feature", "properties": {"permit_tik": "2008/0282.01", "taba": "569087", "plan_name": "101-00569087", "migrash_nums": ["1"], "source": "landuse_xplan+parcels(dominant)"}, "geometry": {"type": "Polygon", "coordinates": [[[35.20475758060053, 31.74722414084994], [35.204827369770975, 31.747237417593293], [35.20489823753102, 31.747245509584367], [35.20496965723404, 31.747248356400185], [35.20493225608268, 31.747504881097708], [35.2048991549593, 31.747489044830825], [35.204870174016854, 31.747464758247716], [35.20480801179067, 31.74742358020832], [35.20473951729463, 31.747373410757113], [35.20475721596846, 31.747354787597178], [35.20476100264348, 31.747346631295567], [35.204763297007204, 31.747338078186313], [35.20476404418097, 31.74732932667565], [35.20476322833538, 31.747320579678917], [35.20476086741316, 31.74731204011127], [35.20474322124995, 31.74726215908966], [35.20474165293477, 31.747257007752758], [35.2047410386829, 31.74725171121602], [35.2047413943254, 31.7472463966396], [35.20474271247494, 31.747241193889295], [35.204744958304325, 31.74723623012536], [35.20474808010025, 31.74723162348967], [35.20475199976498, 31.747227486713086], [35.20475662442545, 31.74722392080247], [35.20475758060053, 31.74722414084994]]]}}, {"type": "Feature", "properties": {"permit_tik": "2008/0282.02", "taba": "569087", "plan_name": "101-00569087", "migrash_nums": ["1"], "source": "landuse_xplan+parcels(dominant)"}, "geometry": {"type": "Polygon", "coordinates": [[[35.20475758060053, 31.74722414084994], [35.204827369770975, 31.747237417593293], [35.20489823753102, 31.747245509584367], [35.20496965723404, 31.747248356400185], [35.20493225608268, 31.747504881097708], [35.2048991549593, 31.747489044830825], [35.204870174016854, 31.747464758247716], [35.20480801179067, 31.74742358020832], [35.20473951729463, 31.747373410757113], [35.20475721596846, 31.747354787597178], [35.20476100264348, 31.747346631295567], [35.204763297007204, 31.747338078186313], [35.20476404418097, 31.74732932667565], [35.20476322833538, 31.747320579678917], [35.20476086741316, 31.74731204011127], [35.20474322124995, 31.74726215908966], [35.20474165293477, 31.747257007752758], [35.2047410386829, 31.74725171121602], [35.2047413943254, 31.7472463966396], [35.20474271247494, 31.747241193889295], [35.204744958304325, 31.74723623012536], [35.20474808010025, 31.74723162348967], [35.20475199976498, 31.747227486713086], [35.20475662442545, 31.74722392080247], [35.20475758060053, 31.74722414084994]]]}}, {"type": "Feature", "properties": {"permit_tik": "2017/0384.00", "taba": "571190", "plan_name": "101-00571190", "migrash_nums": ["301"], "source": "landuse_xplan+parcels(dominant)"}, "geometry": {"type": "Polygon", "coordinates": [[[35.21884701184323, 31.76216787595345], [35.21904699690531, 31.762305948751003], [35.219079562182365, 31.762328974469096], [35.21930971748344, 31.762491703369392], [35.21920298980726, 31.76256677805345], [35.219118567567854, 31.76262616340662], [35.21896422661619, 31.76273473243663], [35.2189193894223, 31.762766271413266], [35.21870063819604, 31.762561518243317], [35.21874140928634, 31.762529417050807], [35.2186520968266, 31.76244712125972], [35.21866103902806, 31.76223804050774], [35.218796650392854, 31.762132985735473], [35.21884701184323, 31.76216787595345]]]}}, {"type": "Feature", "properties": {"permit_tik": "2017/0384.02", "taba": "571190", "plan_name": "101-00571190", "migrash_nums": ["301"], "source": "landuse_xplan+parcels(dominant)"}, "geometry": {"type": "Polygon", "coordinates": [[[35.21884701184323, 31.76216787595345], [35.21904699690531, 31.762305948751003], [35.219079562182365, 31.762328974469096], [35.21930971748344, 31.762491703369392], [35.21920298980726, 31.76256677805345], [35.219118567567854, 31.76262616340662], [35.21896422661619, 31.76273473243663], [35.2189193894223, 31.762766271413266], [35.21870063819604, 31.762561518243317], [35.21874140928634, 31.762529417050807], [35.2186520968266, 31.76244712125972], [35.21866103902806, 31.76223804050774], [35.218796650392854, 31.762132985735473], [35.21884701184323, 31.76216787595345]]]}}, {"type": "Feature", "properties": {"permit_tik": "2017/0384.03", "taba": "571190", "plan_name": "101-00571190", "migrash_nums": ["301"], "source": "landuse_xplan+parcels(dominant)"}, "geometry": {"type": "Polygon", "coordinates": [[[35.21884701184323, 31.76216787595345], [35.21904699690531, 31.762305948751003], [35.219079562182365, 31.762328974469096], [35.21930971748344, 31.762491703369392], [35.21920298980726, 31.76256677805345], [35.219118567567854, 31.76262616340662], [35.21896422661619, 31.76273473243663], [35.2189193894223, 31.762766271413266], [35.21870063819604, 31.762561518243317], [35.21874140928634, 31.762529417050807], [35.2186520968266, 31.76244712125972], [35.21866103902806, 31.76223804050774], [35.218796650392854, 31.762132985735473], [35.21884701184323, 31.76216787595345]]]}}, {"type": "Feature", "properties": {"permit_tik": "2021/0481.00", "taba": "574251", "plan_name": "101-00574251", "migrash_nums": ["1"], "source": "landuse_xplan+parcels(dominant)"}, "geometry": {"type": "Polygon", "coordinates": [[[35.21119009255401, 31.752284953736833], [35.21127595275329, 31.7525178342916], [35.211277538343026, 31.75252213600513], [35.21123433369377, 31.752533570120285], [35.211179508848176, 31.752547897959232], [35.211125583195695, 31.75256187761492], [35.21104925516555, 31.752581727627682], [35.21099456958087, 31.752596049968595], [35.21099263149228, 31.752591840258052], [35.21087719309381, 31.75234118205915], [35.21117965211283, 31.752255314264332], [35.21119009255401, 31.752284953736833]]]}}, {"type": "Feature", "properties": {"permit_tik": "1973/0773.02", "taba": "600064", "plan_name": "101-00600064", "migrash_nums": ["1"], "source": "landuse_xplan+parcels(dominant)"}, "geometry": {"type": "Polygon", "coordinates": [[[35.21282777348512, 31.764546121431714], [35.212690988607044, 31.764580265186694], [35.21257716197238, 31.764609182041085], [35.212520514975715, 31.764482842876685], [35.212535051576246, 31.764473852375662], [35.21275615287829, 31.764338007842724], [35.21282777348512, 31.764546121431714]]]}}, {"type": "Feature", "properties": {"permit_tik": "1973/0773.03", "taba": "600064", "plan_name": "101-00600064", "migrash_nums": ["1"], "source": "landuse_xplan+parcels(dominant)"}, "geometry": {"type": "Polygon", "coordinates": [[[35.21282777348512, 31.764546121431714], [35.212690988607044, 31.764580265186694], [35.21257716197238, 31.764609182041085], [35.212520514975715, 31.764482842876685], [35.212535051576246, 31.764473852375662], [35.21275615287829, 31.764338007842724], [35.21282777348512, 31.764546121431714]]]}}, {"type": "Feature", "properties": {"permit_tik": "2022/0166.00", "taba": "600700", "plan_name": "101-00600700", "migrash_nums": ["1"], "source": "landuse_xplan+parcels(dominant)"}, "geometry": {"type": "Polygon", "coordinates": [[[35.197782591210114, 31.74755907654688], [35.19780326901482, 31.74760851137099], [35.197821042912, 31.747651001832217], [35.19757380569845, 31.747717932851316], [35.19755262716172, 31.747676363859696], [35.197530395522435, 31.747632725974267], [35.197519760895965, 31.747611854895457], [35.197448348479284, 31.747453851318202], [35.197709132209056, 31.747383465377805], [35.197782591210114, 31.74755907654688]]]}}, {"type": "Feature", "properties": {"permit_tik": "2024/0206.00", "taba": "608125", "plan_name": "101-00608125", "migrash_nums": ["101", "100", "400"], "source": "landuse_xplan+parcels(dominant)"}, "geometry": {"type": "Polygon", "coordinates": [[[35.2191909327746, 31.74922612045418], [35.21917982087615, 31.7492222230685], [35.21916811715056, 31.749219915703573], [35.2191561308399, 31.749219259648925], [35.21914417751164, 31.749220272002866], [35.219132574837, 31.749222925673365], [35.21901363645827, 31.749257829974162], [35.21890448757765, 31.74929059387156], [35.218884686499656, 31.749299924813528], [35.21886672219428, 31.749311660764683], [35.21885099356305, 31.749325541949055], [35.218837846731, 31.74934126350459], [35.218883652039935, 31.74944105377958], [35.21892733407831, 31.749541536896007], [35.21896779689741, 31.749639970470454], [35.21897369479922, 31.74965525065896], [35.2190117097343, 31.74975727925264], [35.21901914717291, 31.749777238034383], [35.21902487414142, 31.74979268237564], [35.21907283222992, 31.74992826565781], [35.219116978458956, 31.750064790886174], [35.21947925292769, 31.749960989394015], [35.21945013267443, 31.749886780009035], [35.21940182778969, 31.749763689267446], [35.219399906155076, 31.749758790671308], [35.219360136820065, 31.7496574460073], [35.21936014314873, 31.74965744419398], [35.21929603261186, 31.749494050001672], [35.21929276374655, 31.749485755212586], [35.219272694402775, 31.74943455439929], [35.2191909327746, 31.74922612045418]]]}}, {"type": "Feature", "properties": {"permit_tik": "2024/0206.01", "taba": "608125", "plan_name": "101-00608125", "migrash_nums": ["101", "100", "400"], "source": "landuse_xplan+parcels(dominant)"}, "geometry": {"type": "Polygon", "coordinates": [[[35.2191909327746, 31.74922612045418], [35.21917982087615, 31.7492222230685], [35.21916811715056, 31.749219915703573], [35.2191561308399, 31.749219259648925], [35.21914417751164, 31.749220272002866], [35.219132574837, 31.749222925673365], [35.21901363645827, 31.749257829974162], [35.21890448757765, 31.74929059387156], [35.218884686499656, 31.749299924813528], [35.21886672219428, 31.749311660764683], [35.21885099356305, 31.749325541949055], [35.218837846731, 31.74934126350459], [35.218883652039935, 31.74944105377958], [35.21892733407831, 31.749541536896007], [35.21896779689741, 31.749639970470454], [35.21897369479922, 31.74965525065896], [35.2190117097343, 31.74975727925264], [35.21901914717291, 31.749777238034383], [35.21902487414142, 31.74979268237564], [35.21907283222992, 31.74992826565781], [35.219116978458956, 31.750064790886174], [35.21947925292769, 31.749960989394015], [35.21945013267443, 31.749886780009035], [35.21940182778969, 31.749763689267446], [35.219399906155076, 31.749758790671308], [35.219360136820065, 31.7496574460073], [35.21936014314873, 31.74965744419398], [35.21929603261186, 31.749494050001672], [35.21929276374655, 31.749485755212586], [35.219272694402775, 31.74943455439929], [35.2191909327746, 31.74922612045418]]]}}, {"type": "Feature", "properties": {"permit_tik": "2022/0225.00", "taba": "613570", "plan_name": "101-00613570", "migrash_nums": ["1"], "source": "landuse_xplan+parcels(dominant)"}, "geometry": {"type": "Polygon", "coordinates": [[[35.21262500492705, 31.755916845696238], [35.21255433451283, 31.75579906578258], [35.212399959918656, 31.755866690464337], [35.21235871353283, 31.755787972872078], [35.2125492071463, 31.75570452758027], [35.2126087548005, 31.75567844241198], [35.21279957728032, 31.755595072478105], [35.21297069400087, 31.75551474280284], [35.213081954308144, 31.75565748818604], [35.21291114503364, 31.755754438978276], [35.21262500492705, 31.755916845696238]]]}}, {"type": "Feature", "properties": {"permit_tik": "2009/0061.02", "taba": "613679", "plan_name": "101-00613679", "migrash_nums": ["1"], "source": "landuse_xplan+parcels(dominant)"}, "geometry": {"type": "Polygon", "coordinates": [[[35.21301224819253, 31.760793950380013], [35.212888890078965, 31.76077106447769], [35.21267519730331, 31.760771078569938], [35.21256046514771, 31.760772492864156], [35.21254496385834, 31.760763627834464], [35.21253134968772, 31.760752732632316], [35.2125199825982, 31.760740095825216], [35.21248961906562, 31.76059410371646], [35.212458903519554, 31.76059897562317], [35.21244999578047, 31.760561241248382], [35.212722056473, 31.76055714378522], [35.21291701069947, 31.76055420709447], [35.21291087135708, 31.760527121535272], [35.21295035185373, 31.7605208438579], [35.21301224819253, 31.760793950380013]]]}}, {"type": "Feature", "properties": {"permit_tik": "2020/0358.00", "taba": "614586", "plan_name": "101-00614586", "migrash_nums": ["1"], "source": "landuse_xplan+parcels(dominant)"}, "geometry": {"type": "Polygon", "coordinates": [[[35.22366854965769, 31.75232974023451], [35.223676228106164, 31.752355851084424], [35.223370565431615, 31.75244171113996], [35.22331773655235, 31.75227612587972], [35.223331861828754, 31.752272714806452], [35.22363422377326, 31.75221302146419], [35.22366854965769, 31.75232974023451]]]}}, {"type": "Feature", "properties": {"permit_tik": "2010/1044.03", "taba": "618413", "plan_name": "101-00618413", "migrash_nums": ["1"], "source": "landuse_xplan+parcels(dominant)"}, "geometry": {"type": "Polygon", "coordinates": [[[35.203193296907926, 31.764396352728113], [35.203036991126275, 31.764576710763972], [35.20282863511487, 31.764445997070847], [35.20298483341424, 31.764265516635106], [35.203193296907926, 31.764396352728113]]]}}, {"type": "Feature", "properties": {"permit_tik": "2022/0115.00", "taba": "622621", "plan_name": "101-00622621", "migrash_nums": ["1"], "source": "landuse_xplan+parcels(dominant)"}, "geometry": {"type": "Polygon", "coordinates": [[[35.21567972247588, 31.76033220703645], [35.2156802608759, 31.760332868941912], [35.21568079294341, 31.760333536259], [35.21568131656714, 31.7603342071842], [35.215681833858135, 31.760334881717323], [35.21568234481663, 31.760335561662092], [35.215682847331124, 31.760336243411285], [35.2156833435131, 31.76033693057211], [35.215683831251084, 31.760337619537378], [35.21568431265654, 31.76033831391423], [35.21568478772931, 31.760339011899035], [35.21568525435826, 31.76033971349198], [35.215685712543205, 31.760340416889328], [35.21568616439567, 31.76034112569831], [35.215686609915394, 31.76034183811524], [35.215687046991114, 31.76034255233658], [35.21568747562307, 31.76034327016607], [35.21568789792226, 31.760343991603477], [35.215688311777676, 31.760344716649012], [35.215688719300395, 31.76034544530248], [35.215689118379075, 31.76034617576038], [35.21568951112504, 31.760346909826218], [35.21568989542699, 31.760347645696505], [35.215690271285396, 31.760348386978606], [35.2156906386998, 31.760349130065126], [35.21569099978123, 31.76034987495589], [35.21569135241889, 31.76035062345479], [35.21569169872359, 31.760351373757917], [35.21569203447346, 31.760352127669375], [35.21569236389036, 31.76035288338508], [35.215692684863285, 31.76035364090521], [35.21569299739241, 31.760354402033464], [35.21569330358858, 31.760355164965965], [35.215693601340945, 31.76035593150662], [35.21569389064934, 31.760356699851688], [35.21569417151372, 31.76035747000118], [35.21569444393408, 31.760358241955142], [35.2156947100215, 31.760359015713323], [35.21569496555385, 31.760359791276127], [35.21569521475348, 31.760360570446885], [35.215695455508865, 31.76036134961839], [35.21569568782025, 31.760362130594327], [35.21569591379891, 31.760362915178188], [35.21569612922229, 31.76036369976301], [35.21569633620186, 31.76036448795594], [35.21569653684826, 31.760365276149436], [35.215696726939605, 31.760366066147554], [35.21569691069778, 31.76036685614623], [35.21569708601216, 31.760367649753043], [35.215697252882315, 31.760368443360594], [35.21569741130845, 31.76036923877259], [35.21569755917932, 31.76037003418553], [35.215697700717435, 31.760370833206395], [35.215697833811106, 31.760371630424313], [35.21569795846099, 31.760372431250364], [35.2156980767777, 31.760373232076986], [35.21569818453912, 31.760374032904554], [35.215698283856526, 31.760374835536542], [35.215698374729705, 31.76037563816928], [35.215698457158666, 31.76037644080278], [35.215698531143595, 31.760377245240687], [35.21569859668429, 31.760378049679375], [35.215698655892034, 31.760378855922305], [35.21569870454428, 31.76037966036249], [35.21569874475251, 31.760380466607096], [35.215698776516504, 31.760381272852477], [35.21569880194732, 31.760382079098395], [35.21569881682286, 31.76038288534527], [35.21569882325415, 31.76038369159287], [35.21569882124143, 31.760384499644932], [35.21569881078426, 31.760385305894047], [35.2156987939939, 31.760386112143728], [35.21569876664826, 31.760386918394325], [35.21569873085839, 31.76038772464572], [35.21569868873513, 31.76038852909395], [35.215698636056786, 31.76038933534683], [35.21569857493399, 31.76039013979675], [35.215698505366944, 31.76039094424743], [35.21569842946674, 31.760391748698662], [35.21569834301102, 31.760392551347163], [35.21569824811107, 31.760393353996403], [35.21569814476686, 31.76039415664639], [35.215698035089275, 31.760394957493247], [35.21569791485638, 31.76039575834107], [35.215697788290086, 31.760396557385754], [35.21569765116829, 31.760397354627695], [35.215697507713315, 31.760398151870174], [35.21569735370282, 31.760398947309927], [35.21569719335914, 31.760399742750224], [35.215697022459935, 31.760400536387788], [35.21569684522737, 31.76040132822223], [35.21569665955055, 31.760402120057396], [35.21569646542903, 31.760402908285933], [35.21569626286329, 31.760403696515255], [35.2156960518531, 31.76040448294165], [35.21569583239844, 31.760405267565048], [35.21569560449931, 31.760406050385527], [35.215695370266786, 31.760406831402914], [35.21569512547876, 31.760407610617527], [35.21569487435733, 31.76040838802903], [35.215694614791445, 31.76040916363757], [35.21569434678108, 31.760409937443185], [35.215694070326045, 31.76041070764218], [35.215693785426765, 31.76041147784191], [35.21569349419387, 31.76041224443486], [35.21569319240546, 31.760413009225026], [35.2156928863947, 31.760413772211884], [35.215692569828214, 31.76041453159231], [35.21569224481726, 31.76041528916979], [35.215691913472874, 31.760416044944165], [35.21569157368386, 31.760416797111898], [35.21569122545034, 31.7604175474767], [35.215690868772164, 31.760418294234857], [35.21569050576058, 31.760419039189923], [35.21569013430431, 31.760419780538328], [35.215689756514635, 31.760420520083603], [35.21568937028007, 31.7604212542186], [35.21568897560126, 31.76042198835432], [35.21568857247777, 31.760422718883426], [35.21568816302043, 31.760423444002033], [35.21568774511863, 31.76042416731769], [35.21568732088341, 31.760424888830222], [35.215686888203315, 31.760425604932447], [35.21568644918981, 31.760426319231563], [35.215686001731626, 31.760427029924017], [35.21568554793981, 31.76042773700968], [35.2156850857033, 31.760428440488703], [35.21568461502212, 31.760429140361097], [35.21568413800731, 31.760429836626678], [35.21568365465889, 31.760430529285465], [35.21568316286556, 31.760431216533906], [35.21568266473882, 31.760431901979235], [35.21568216027846, 31.760432583817757], [35.21568164737341, 31.760433262049656], [35.21568112813453, 31.760433934871024], [35.21568060045095, 31.760434604085813], [35.21568006643376, 31.760435269693733], [35.21567952608272, 31.760435929891187], [35.21567897939828, 31.76043658828548], [35.21567842426894, 31.76043724126948], [35.21567786280574, 31.760437888842997], [35.215677295008916, 31.76043853280966], [35.21567672087847, 31.76043917316952], [35.21567613830313, 31.76043980811908], [35.215675549394156, 31.76044043946184], [35.21567495626239, 31.760441065393856], [35.215674354685966, 31.760441687719283], [35.21567374677588, 31.76044230643787], [35.215673132531755, 31.76044291794227], [35.21567251195401, 31.760443525839896], [35.215671885042624, 31.760444130130647], [35.21567125179719, 31.760444727207233], [35.215670612218126, 31.760445320677015], [35.21566996630543, 31.76044591053997], [35.21566931616973, 31.760446493188542], [35.21566865758935, 31.760447072230487], [35.21566799478617, 31.760447645861735], [35.2156673235381, 31.760448214082697], [35.21566664806725, 31.76044877689294], [35.21566596626276, 31.760449336096364], [35.21566528023527, 31.76044988808543], [35.2156645857631, 31.76045043646785], [35.215663887067926, 31.76045097763587], [35.215663182039144, 31.760451515197115], [35.21566247278755, 31.76045204734764], [35.21566175720189, 31.760452572283967], [35.21566103528264, 31.760453093613513], [35.215660309140354, 31.760453607728646], [35.21565957666447, 31.760454118236982], [35.215658839965556, 31.76045462153094], [35.215658099043864, 31.760455119414193], [35.2156573496775, 31.760455613690805], [35.215656598198954, 31.760456098949184], [35.215655840386795, 31.760456580600753], [35.21565507624059, 31.760457055038096], [35.21565430998285, 31.760457525868258], [35.21565353739106, 31.760457989484248], [35.215652758465204, 31.760458445886027], [35.21565197742785, 31.76045889868061], [35.21565119005642, 31.760459344261005], [35.215650398462, 31.76045978262704], [35.21564960264503, 31.76046021738606], [35.21564880049397, 31.76046064493086], [35.215647996230985, 31.76046106526112], [35.215647187745205, 31.760461480180656], [35.215646372925605, 31.760461889689715], [35.21564555599404, 31.760462291984197], [35.215644732728634, 31.760462688868163], [35.21564390735129, 31.760463078537583], [35.21564307564011, 31.7604634627965], [35.215642241816994, 31.760463839840813], [35.21564140377109, 31.760464211474442], [35.21564021741704, 31.760464722022807], [35.21542857107416, 31.760554519082074], [35.21536391318645, 31.76046283603836], [35.215646740879755, 31.760292821035357], [35.21567972247588, 31.76033220703645]]]}}, {"type": "Feature", "properties": {"permit_tik": "2022/0115.01", "taba": "622621", "plan_name": "101-00622621", "migrash_nums": ["1"], "source": "landuse_xplan+parcels(dominant)"}, "geometry": {"type": "Polygon", "coordinates": [[[35.21567972247588, 31.76033220703645], [35.2156802608759, 31.760332868941912], [35.21568079294341, 31.760333536259], [35.21568131656714, 31.7603342071842], [35.215681833858135, 31.760334881717323], [35.21568234481663, 31.760335561662092], [35.215682847331124, 31.760336243411285], [35.2156833435131, 31.76033693057211], [35.215683831251084, 31.760337619537378], [35.21568431265654, 31.76033831391423], [35.21568478772931, 31.760339011899035], [35.21568525435826, 31.76033971349198], [35.215685712543205, 31.760340416889328], [35.21568616439567, 31.76034112569831], [35.215686609915394, 31.76034183811524], [35.215687046991114, 31.76034255233658], [35.21568747562307, 31.76034327016607], [35.21568789792226, 31.760343991603477], [35.215688311777676, 31.760344716649012], [35.215688719300395, 31.76034544530248], [35.215689118379075, 31.76034617576038], [35.21568951112504, 31.760346909826218], [35.21568989542699, 31.760347645696505], [35.215690271285396, 31.760348386978606], [35.2156906386998, 31.760349130065126], [35.21569099978123, 31.76034987495589], [35.21569135241889, 31.76035062345479], [35.21569169872359, 31.760351373757917], [35.21569203447346, 31.760352127669375], [35.21569236389036, 31.76035288338508], [35.215692684863285, 31.76035364090521], [35.21569299739241, 31.760354402033464], [35.21569330358858, 31.760355164965965], [35.215693601340945, 31.76035593150662], [35.21569389064934, 31.760356699851688], [35.21569417151372, 31.76035747000118], [35.21569444393408, 31.760358241955142], [35.2156947100215, 31.760359015713323], [35.21569496555385, 31.760359791276127], [35.21569521475348, 31.760360570446885], [35.215695455508865, 31.76036134961839], [35.21569568782025, 31.760362130594327], [35.21569591379891, 31.760362915178188], [35.21569612922229, 31.76036369976301], [35.21569633620186, 31.76036448795594], [35.21569653684826, 31.760365276149436], [35.215696726939605, 31.760366066147554], [35.21569691069778, 31.76036685614623], [35.21569708601216, 31.760367649753043], [35.215697252882315, 31.760368443360594], [35.21569741130845, 31.76036923877259], [35.21569755917932, 31.76037003418553], [35.215697700717435, 31.760370833206395], [35.215697833811106, 31.760371630424313], [35.21569795846099, 31.760372431250364], [35.2156980767777, 31.760373232076986], [35.21569818453912, 31.760374032904554], [35.215698283856526, 31.760374835536542], [35.215698374729705, 31.76037563816928], [35.215698457158666, 31.76037644080278], [35.215698531143595, 31.760377245240687], [35.21569859668429, 31.760378049679375], [35.215698655892034, 31.760378855922305], [35.21569870454428, 31.76037966036249], [35.21569874475251, 31.760380466607096], [35.215698776516504, 31.760381272852477], [35.21569880194732, 31.760382079098395], [35.21569881682286, 31.76038288534527], [35.21569882325415, 31.76038369159287], [35.21569882124143, 31.760384499644932], [35.21569881078426, 31.760385305894047], [35.2156987939939, 31.760386112143728], [35.21569876664826, 31.760386918394325], [35.21569873085839, 31.76038772464572], [35.21569868873513, 31.76038852909395], [35.215698636056786, 31.76038933534683], [35.21569857493399, 31.76039013979675], [35.215698505366944, 31.76039094424743], [35.21569842946674, 31.760391748698662], [35.21569834301102, 31.760392551347163], [35.21569824811107, 31.760393353996403], [35.21569814476686, 31.76039415664639], [35.215698035089275, 31.760394957493247], [35.21569791485638, 31.76039575834107], [35.215697788290086, 31.760396557385754], [35.21569765116829, 31.760397354627695], [35.215697507713315, 31.760398151870174], [35.21569735370282, 31.760398947309927], [35.21569719335914, 31.760399742750224], [35.215697022459935, 31.760400536387788], [35.21569684522737, 31.76040132822223], [35.21569665955055, 31.760402120057396], [35.21569646542903, 31.760402908285933], [35.21569626286329, 31.760403696515255], [35.2156960518531, 31.76040448294165], [35.21569583239844, 31.760405267565048], [35.21569560449931, 31.760406050385527], [35.215695370266786, 31.760406831402914], [35.21569512547876, 31.760407610617527], [35.21569487435733, 31.76040838802903], [35.215694614791445, 31.76040916363757], [35.21569434678108, 31.760409937443185], [35.215694070326045, 31.76041070764218], [35.215693785426765, 31.76041147784191], [35.21569349419387, 31.76041224443486], [35.21569319240546, 31.760413009225026], [35.2156928863947, 31.760413772211884], [35.215692569828214, 31.76041453159231], [35.21569224481726, 31.76041528916979], [35.215691913472874, 31.760416044944165], [35.21569157368386, 31.760416797111898], [35.21569122545034, 31.7604175474767], [35.215690868772164, 31.760418294234857], [35.21569050576058, 31.760419039189923], [35.21569013430431, 31.760419780538328], [35.215689756514635, 31.760420520083603], [35.21568937028007, 31.7604212542186], [35.21568897560126, 31.76042198835432], [35.21568857247777, 31.760422718883426], [35.21568816302043, 31.760423444002033], [35.21568774511863, 31.76042416731769], [35.21568732088341, 31.760424888830222], [35.215686888203315, 31.760425604932447], [35.21568644918981, 31.760426319231563], [35.215686001731626, 31.760427029924017], [35.21568554793981, 31.76042773700968], [35.2156850857033, 31.760428440488703], [35.21568461502212, 31.760429140361097], [35.21568413800731, 31.760429836626678], [35.21568365465889, 31.760430529285465], [35.21568316286556, 31.760431216533906], [35.21568266473882, 31.760431901979235], [35.21568216027846, 31.760432583817757], [35.21568164737341, 31.760433262049656], [35.21568112813453, 31.760433934871024], [35.21568060045095, 31.760434604085813], [35.21568006643376, 31.760435269693733], [35.21567952608272, 31.760435929891187], [35.21567897939828, 31.76043658828548], [35.21567842426894, 31.76043724126948], [35.21567786280574, 31.760437888842997], [35.215677295008916, 31.76043853280966], [35.21567672087847, 31.76043917316952], [35.21567613830313, 31.76043980811908], [35.215675549394156, 31.76044043946184], [35.21567495626239, 31.760441065393856], [35.215674354685966, 31.760441687719283], [35.21567374677588, 31.76044230643787], [35.215673132531755, 31.76044291794227], [35.21567251195401, 31.760443525839896], [35.215671885042624, 31.760444130130647], [35.21567125179719, 31.760444727207233], [35.215670612218126, 31.760445320677015], [35.21566996630543, 31.76044591053997], [35.21566931616973, 31.760446493188542], [35.21566865758935, 31.760447072230487], [35.21566799478617, 31.760447645861735], [35.2156673235381, 31.760448214082697], [35.21566664806725, 31.76044877689294], [35.21566596626276, 31.760449336096364], [35.21566528023527, 31.76044988808543], [35.2156645857631, 31.76045043646785], [35.215663887067926, 31.76045097763587], [35.215663182039144, 31.760451515197115], [35.21566247278755, 31.76045204734764], [35.21566175720189, 31.760452572283967], [35.21566103528264, 31.760453093613513], [35.215660309140354, 31.760453607728646], [35.21565957666447, 31.760454118236982], [35.215658839965556, 31.76045462153094], [35.215658099043864, 31.760455119414193], [35.2156573496775, 31.760455613690805], [35.215656598198954, 31.760456098949184], [35.215655840386795, 31.760456580600753], [35.21565507624059, 31.760457055038096], [35.21565430998285, 31.760457525868258], [35.21565353739106, 31.760457989484248], [35.215652758465204, 31.760458445886027], [35.21565197742785, 31.76045889868061], [35.21565119005642, 31.760459344261005], [35.215650398462, 31.76045978262704], [35.21564960264503, 31.76046021738606], [35.21564880049397, 31.76046064493086], [35.215647996230985, 31.76046106526112], [35.215647187745205, 31.760461480180656], [35.215646372925605, 31.760461889689715], [35.21564555599404, 31.760462291984197], [35.215644732728634, 31.760462688868163], [35.21564390735129, 31.760463078537583], [35.21564307564011, 31.7604634627965], [35.215642241816994, 31.760463839840813], [35.21564140377109, 31.760464211474442], [35.21564021741704, 31.760464722022807], [35.21542857107416, 31.760554519082074], [35.21536391318645, 31.76046283603836], [35.215646740879755, 31.760292821035357], [35.21567972247588, 31.76033220703645]]]}}, {"type": "Feature", "properties": {"permit_tik": "1987/0059.01", "taba": "625574", "plan_name": "101-00625574", "migrash_nums": ["1"], "source": "landuse_xplan+parcels(dominant)"}, "geometry": {"type": "Polygon", "coordinates": [[[35.20366755699379, 31.740306995245565], [35.203647432004296, 31.740356632760495], [35.20340749808426, 31.74039993782205], [35.2033936530011, 31.740354096860546], [35.20338484153735, 31.740325300834662], [35.203361963382214, 31.74025353171239], [35.2036361837654, 31.740196383596857], [35.20366755699379, 31.740306995245565]]]}}, {"type": "Feature", "properties": {"permit_tik": "2023/0109.00", "taba": "630772", "plan_name": "101-00630772", "migrash_nums": ["1", "2"], "source": "landuse_xplan+parcels(dominant)"}, "geometry": {"type": "Polygon", "coordinates": [[[35.197949776314886, 31.746861451700113], [35.19794661137849, 31.74684422629072], [35.19794260254228, 31.74682122902716], [35.1979059896651, 31.746696952856375], [35.19753974117094, 31.746782729896875], [35.197505996030365, 31.74679063365899], [35.19718621161624, 31.746865600855905], [35.19725913406622, 31.747028453000393], [35.19759412317996, 31.746947451282846], [35.197949776314886, 31.746861451700113]]]}}, {"type": "Feature", "properties": {"permit_tik": "2023/0109.01", "taba": "630772", "plan_name": "101-00630772", "migrash_nums": ["1", "2"], "source": "landuse_xplan+parcels(dominant)"}, "geometry": {"type": "Polygon", "coordinates": [[[35.197949776314886, 31.746861451700113], [35.19794661137849, 31.74684422629072], [35.19794260254228, 31.74682122902716], [35.1979059896651, 31.746696952856375], [35.19753974117094, 31.746782729896875], [35.197505996030365, 31.74679063365899], [35.19718621161624, 31.746865600855905], [35.19725913406622, 31.747028453000393], [35.19759412317996, 31.746947451282846], [35.197949776314886, 31.746861451700113]]]}}, {"type": "Feature", "properties": {"permit_tik": "2016/1106.01", "taba": "638908", "plan_name": "101-00638908", "migrash_nums": ["1"], "source": "landuse_xplan+parcels(dominant)"}, "geometry": {"type": "Polygon", "coordinates": [[[35.20117533563745, 31.76372320930801], [35.20120837193838, 31.76374778716417], [35.2014399663727, 31.76392155624672], [35.20175684000895, 31.764140393591145], [35.20207478154895, 31.764347848899963], [35.20196962215411, 31.764467146358587], [35.20193878587042, 31.764498015858337], [35.201864345798164, 31.764451760684143], [35.201694380141184, 31.764344775180394], [35.20161962372865, 31.764295570828622], [35.20152898355968, 31.76423241997679], [35.20144894763284, 31.764174314214547], [35.20137069788979, 31.764114457064405], [35.20129334131038, 31.764053095613033], [35.201289938239654, 31.764050397215993], [35.20121815726227, 31.763989798812744], [35.20114423792639, 31.76392541798418], [35.20109538995888, 31.763878051933382], [35.20107498232581, 31.76385736492797], [35.201040610017955, 31.763823146299597], [35.201007878129694, 31.76378777334598], [35.20098748960014, 31.763765331340007], [35.200980438758904, 31.76375575267606], [35.20097522780322, 31.763745349776293], [35.20097198444688, 31.763734378767754], [35.200970788902424, 31.763723109303882], [35.200971670714836, 31.76371181915317], [35.20097656375746, 31.76369844224464], [35.20098385607168, 31.763685887880865], [35.20099336503234, 31.763674468094262], [35.20100485523738, 31.763664466056866], [35.20107468026019, 31.763624696604907], [35.20117533563745, 31.76372320930801]]]}}, {"type": "Feature", "properties": {"permit_tik": "2020/0131.00", "taba": "638908", "plan_name": "101-00638908", "migrash_nums": ["1"], "source": "landuse_xplan+parcels(dominant)"}, "geometry": {"type": "Polygon", "coordinates": [[[35.20117533563745, 31.76372320930801], [35.20120837193838, 31.76374778716417], [35.2014399663727, 31.76392155624672], [35.20175684000895, 31.764140393591145], [35.20207478154895, 31.764347848899963], [35.20196962215411, 31.764467146358587], [35.20193878587042, 31.764498015858337], [35.201864345798164, 31.764451760684143], [35.201694380141184, 31.764344775180394], [35.20161962372865, 31.764295570828622], [35.20152898355968, 31.76423241997679], [35.20144894763284, 31.764174314214547], [35.20137069788979, 31.764114457064405], [35.20129334131038, 31.764053095613033], [35.201289938239654, 31.764050397215993], [35.20121815726227, 31.763989798812744], [35.20114423792639, 31.76392541798418], [35.20109538995888, 31.763878051933382], [35.20107498232581, 31.76385736492797], [35.201040610017955, 31.763823146299597], [35.201007878129694, 31.76378777334598], [35.20098748960014, 31.763765331340007], [35.200980438758904, 31.76375575267606], [35.20097522780322, 31.763745349776293], [35.20097198444688, 31.763734378767754], [35.200970788902424, 31.763723109303882], [35.200971670714836, 31.76371181915317], [35.20097656375746, 31.76369844224464], [35.20098385607168, 31.763685887880865], [35.20099336503234, 31.763674468094262], [35.20100485523738, 31.763664466056866], [35.20107468026019, 31.763624696604907], [35.20117533563745, 31.76372320930801]]]}}, {"type": "Feature", "properties": {"permit_tik": "2024/0107.00", "taba": "638908", "plan_name": "101-00638908", "migrash_nums": ["1"], "source": "landuse_xplan+parcels(dominant)"}, "geometry": {"type": "Polygon", "coordinates": [[[35.20117533563745, 31.76372320930801], [35.20120837193838, 31.76374778716417], [35.2014399663727, 31.76392155624672], [35.20175684000895, 31.764140393591145], [35.20207478154895, 31.764347848899963], [35.20196962215411, 31.764467146358587], [35.20193878587042, 31.764498015858337], [35.201864345798164, 31.764451760684143], [35.201694380141184, 31.764344775180394], [35.20161962372865, 31.764295570828622], [35.20152898355968, 31.76423241997679], [35.20144894763284, 31.764174314214547], [35.20137069788979, 31.764114457064405], [35.20129334131038, 31.764053095613033], [35.201289938239654, 31.764050397215993], [35.20121815726227, 31.763989798812744], [35.20114423792639, 31.76392541798418], [35.20109538995888, 31.763878051933382], [35.20107498232581, 31.76385736492797], [35.201040610017955, 31.763823146299597], [35.201007878129694, 31.76378777334598], [35.20098748960014, 31.763765331340007], [35.200980438758904, 31.76375575267606], [35.20097522780322, 31.763745349776293], [35.20097198444688, 31.763734378767754], [35.200970788902424, 31.763723109303882], [35.200971670714836, 31.76371181915317], [35.20097656375746, 31.76369844224464], [35.20098385607168, 31.763685887880865], [35.20099336503234, 31.763674468094262], [35.20100485523738, 31.763664466056866], [35.20107468026019, 31.763624696604907], [35.20117533563745, 31.76372320930801]]]}}, {"type": "Feature", "properties": {"permit_tik": "2024/0134.00", "taba": "653840", "plan_name": "101-00653840", "migrash_nums": ["3C"], "source": "landuse_xplan+parcels(dominant)"}, "geometry": {"type": "Polygon", "coordinates": [[[35.22533493286316, 31.765114929664804], [35.22537726122923, 31.765617548594832], [35.22488855117624, 31.765617628207995], [35.22488522113048, 31.765202696245357], [35.22488369505054, 31.765012541106692], [35.225324913669894, 31.764994856337317], [35.22533493286316, 31.765114929664804]]]}}, {"type": "Feature", "properties": {"permit_tik": "2015/0519.01", "taba": "660738", "plan_name": "101-00660738", "migrash_nums": ["1"], "source": "landuse_xplan+parcels(dominant)"}, "geometry": {"type": "Polygon", "coordinates": [[[35.21604959893986, 31.75819726419328], [35.21609426226425, 31.758387296642667], [35.21606009249296, 31.758396832269643], [35.2157889442474, 31.75847266403162], [35.215753835046485, 31.7584824846431], [35.215709222781896, 31.758255701933308], [35.21574545962087, 31.758249479590408], [35.21604959893986, 31.75819726419328]]]}}, {"type": "Feature", "properties": {"permit_tik": "2005/0802.02", "taba": "665620", "plan_name": "101-00665620", "migrash_nums": ["1"], "source": "landuse_xplan+parcels(dominant)"}, "geometry": {"type": "Polygon", "coordinates": [[[35.20776939851496, 31.7617697254311], [35.20793684550518, 31.761647908874956], [35.20819793411126, 31.761902816379845], [35.20803308373325, 31.76202670743967], [35.20799725919249, 31.76199179630059], [35.20787395406896, 31.76187163091255], [35.20776939851496, 31.7617697254311]]]}}, {"type": "Feature", "properties": {"permit_tik": "2005/0802.03", "taba": "665620", "plan_name": "101-00665620", "migrash_nums": ["1"], "source": "landuse_xplan+parcels(dominant)"}, "geometry": {"type": "Polygon", "coordinates": [[[35.20776939851496, 31.7617697254311], [35.20793684550518, 31.761647908874956], [35.20819793411126, 31.761902816379845], [35.20803308373325, 31.76202670743967], [35.20799725919249, 31.76199179630059], [35.20787395406896, 31.76187163091255], [35.20776939851496, 31.7617697254311]]]}}, {"type": "Feature", "properties": {"permit_tik": "2021/0112.00", "taba": "666032", "plan_name": "101-00666032", "migrash_nums": ["1"], "source": "landuse_xplan+parcels(dominant)"}, "geometry": {"type": "Polygon", "coordinates": [[[35.198361600751745, 31.754432810449124], [35.19856101619355, 31.754117358121555], [35.1992209033653, 31.754421917788083], [35.19923162440992, 31.75442794885566], [35.19924096166308, 31.754435474222777], [35.19924863332917, 31.75444426661362], [35.19925440827645, 31.754454060876835], [35.19925811342503, 31.75446456120081], [35.19925963480184, 31.754475451033716], [35.19925892703929, 31.754486402102444], [35.19925601231957, 31.754497082529074], [35.199255970094825, 31.754497196159754], [35.19924931762406, 31.754514359795568], [35.199242715833954, 31.754531144658337], [35.19923603171854, 31.754547871799343], [35.19922926105625, 31.754564535807365], [35.199222389070655, 31.754581134878087], [35.19922156147874, 31.754583093650716], [35.199215403095046, 31.754597688851543], [35.199212122290064, 31.754605325537174], [35.19918589917276, 31.754664240163624], [35.199124031400366, 31.75478829714788], [35.19905445872555, 31.754909339813857], [35.19901340577762, 31.75497385603852], [35.199009673316034, 31.754979526678706], [35.19899948294299, 31.754994846781074], [35.19898919335725, 31.755010085712385], [35.1989787771132, 31.755025302993182], [35.198968246876284, 31.75504050042768], [35.198957608978965, 31.75505568342718], [35.198946869753904, 31.755070853795612], [35.19893603975541, 31.755086016944468], [35.19892512531615, 31.755101174677705], [35.19892132954155, 31.755106408819806], [35.1986046961722, 31.754918823856016], [35.19865804467488, 31.75483443707582], [35.198787636588555, 31.75462944096881], [35.198361600751745, 31.754432810449124]]]}}, {"type": "Feature", "properties": {"permit_tik": "2022/0418.00", "taba": "666032", "plan_name": "101-00666032", "migrash_nums": ["1"], "source": "landuse_xplan+parcels(dominant)"}, "geometry": {"type": "Polygon", "coordinates": [[[35.198361600751745, 31.754432810449124], [35.19856101619355, 31.754117358121555], [35.1992209033653, 31.754421917788083], [35.19923162440992, 31.75442794885566], [35.19924096166308, 31.754435474222777], [35.19924863332917, 31.75444426661362], [35.19925440827645, 31.754454060876835], [35.19925811342503, 31.75446456120081], [35.19925963480184, 31.754475451033716], [35.19925892703929, 31.754486402102444], [35.19925601231957, 31.754497082529074], [35.199255970094825, 31.754497196159754], [35.19924931762406, 31.754514359795568], [35.199242715833954, 31.754531144658337], [35.19923603171854, 31.754547871799343], [35.19922926105625, 31.754564535807365], [35.199222389070655, 31.754581134878087], [35.19922156147874, 31.754583093650716], [35.199215403095046, 31.754597688851543], [35.199212122290064, 31.754605325537174], [35.19918589917276, 31.754664240163624], [35.199124031400366, 31.75478829714788], [35.19905445872555, 31.754909339813857], [35.19901340577762, 31.75497385603852], [35.199009673316034, 31.754979526678706], [35.19899948294299, 31.754994846781074], [35.19898919335725, 31.755010085712385], [35.1989787771132, 31.755025302993182], [35.198968246876284, 31.75504050042768], [35.198957608978965, 31.75505568342718], [35.198946869753904, 31.755070853795612], [35.19893603975541, 31.755086016944468], [35.19892512531615, 31.755101174677705], [35.19892132954155, 31.755106408819806], [35.1986046961722, 31.754918823856016], [35.19865804467488, 31.75483443707582], [35.198787636588555, 31.75462944096881], [35.198361600751745, 31.754432810449124]]]}}, {"type": "Feature", "properties": {"permit_tik": "2024/0402.00", "taba": "666032", "plan_name": "101-00666032", "migrash_nums": ["3"], "source": "landuse_xplan+parcels(dominant)"}, "geometry": {"type": "Polygon", "coordinates": [[[35.198361600751745, 31.754432810449124], [35.19824890580282, 31.754611076274443], [35.19798626773998, 31.75446769354681], [35.19807528651139, 31.754326876774027], [35.19817765615838, 31.754350495694226], [35.198139824213214, 31.75422478574524], [35.198287532048866, 31.75399113400188], [35.19830068897479, 31.753997205847654], [35.19832438326635, 31.754008142742656], [35.198327747961876, 31.754009694075105], [35.19856101619355, 31.754117358121555], [35.198361600751745, 31.754432810449124]]]}}, {"type": "Feature", "properties": {"permit_tik": "2024/0568.00", "taba": "666032", "plan_name": "101-00666032", "migrash_nums": ["1"], "source": "landuse_xplan+parcels(dominant)"}, "geometry": {"type": "Polygon", "coordinates": [[[35.198361600751745, 31.754432810449124], [35.19856101619355, 31.754117358121555], [35.1992209033653, 31.754421917788083], [35.19923162440992, 31.75442794885566], [35.19924096166308, 31.754435474222777], [35.19924863332917, 31.75444426661362], [35.19925440827645, 31.754454060876835], [35.19925811342503, 31.75446456120081], [35.19925963480184, 31.754475451033716], [35.19925892703929, 31.754486402102444], [35.19925601231957, 31.754497082529074], [35.199255970094825, 31.754497196159754], [35.19924931762406, 31.754514359795568], [35.199242715833954, 31.754531144658337], [35.19923603171854, 31.754547871799343], [35.19922926105625, 31.754564535807365], [35.199222389070655, 31.754581134878087], [35.19922156147874, 31.754583093650716], [35.199215403095046, 31.754597688851543], [35.199212122290064, 31.754605325537174], [35.19918589917276, 31.754664240163624], [35.199124031400366, 31.75478829714788], [35.19905445872555, 31.754909339813857], [35.19901340577762, 31.75497385603852], [35.199009673316034, 31.754979526678706], [35.19899948294299, 31.754994846781074], [35.19898919335725, 31.755010085712385], [35.1989787771132, 31.755025302993182], [35.198968246876284, 31.75504050042768], [35.198957608978965, 31.75505568342718], [35.198946869753904, 31.755070853795612], [35.19893603975541, 31.755086016944468], [35.19892512531615, 31.755101174677705], [35.19892132954155, 31.755106408819806], [35.1986046961722, 31.754918823856016], [35.19865804467488, 31.75483443707582], [35.198787636588555, 31.75462944096881], [35.198361600751745, 31.754432810449124]]]}}, {"type": "Feature", "properties": {"permit_tik": "2024/0568.01", "taba": "666032", "plan_name": "101-00666032", "migrash_nums": ["1"], "source": "landuse_xplan+parcels(dominant)"}, "geometry": {"type": "Polygon", "coordinates": [[[35.198361600751745, 31.754432810449124], [35.19856101619355, 31.754117358121555], [35.1992209033653, 31.754421917788083], [35.19923162440992, 31.75442794885566], [35.19924096166308, 31.754435474222777], [35.19924863332917, 31.75444426661362], [35.19925440827645, 31.754454060876835], [35.19925811342503, 31.75446456120081], [35.19925963480184, 31.754475451033716], [35.19925892703929, 31.754486402102444], [35.19925601231957, 31.754497082529074], [35.199255970094825, 31.754497196159754], [35.19924931762406, 31.754514359795568], [35.199242715833954, 31.754531144658337], [35.19923603171854, 31.754547871799343], [35.19922926105625, 31.754564535807365], [35.199222389070655, 31.754581134878087], [35.19922156147874, 31.754583093650716], [35.199215403095046, 31.754597688851543], [35.199212122290064, 31.754605325537174], [35.19918589917276, 31.754664240163624], [35.199124031400366, 31.75478829714788], [35.19905445872555, 31.754909339813857], [35.19901340577762, 31.75497385603852], [35.199009673316034, 31.754979526678706], [35.19899948294299, 31.754994846781074], [35.19898919335725, 31.755010085712385], [35.1989787771132, 31.755025302993182], [35.198968246876284, 31.75504050042768], [35.198957608978965, 31.75505568342718], [35.198946869753904, 31.755070853795612], [35.19893603975541, 31.755086016944468], [35.19892512531615, 31.755101174677705], [35.19892132954155, 31.755106408819806], [35.1986046961722, 31.754918823856016], [35.19865804467488, 31.75483443707582], [35.198787636588555, 31.75462944096881], [35.198361600751745, 31.754432810449124]]]}}, {"type": "Feature", "properties": {"permit_tik": "2018/0568.01", "taba": "666131", "plan_name": "101-00666131", "migrash_nums": ["1"], "source": "landuse_xplan+parcels(dominant)"}, "geometry": {"type": "Polygon", "coordinates": [[[35.225678898129985, 31.75948933091212], [35.22566676691423, 31.759677823685056], [35.225356988590114, 31.759641491083993], [35.22536648492391, 31.759486296647292], [35.225678898129985, 31.75948933091212]]]}}, {"type": "Feature", "properties": {"permit_tik": "2018/0568.08", "taba": "666131", "plan_name": "101-00666131", "migrash_nums": ["1"], "source": "landuse_xplan+parcels(dominant)"}, "geometry": {"type": "Polygon", "coordinates": [[[35.225678898129985, 31.75948933091212], [35.22566676691423, 31.759677823685056], [35.225356988590114, 31.759641491083993], [35.22536648492391, 31.759486296647292], [35.225678898129985, 31.75948933091212]]]}}, {"type": "Feature", "properties": {"permit_tik": "2023/0236.00", "taba": "666289", "plan_name": "101-00666289", "migrash_nums": ["300"], "source": "landuse_xplan+parcels(dominant)"}, "geometry": {"type": "Polygon", "coordinates": [[[35.22313328064485, 31.767146821559024], [35.22317883274518, 31.76719674085342], [35.22322017460618, 31.76724926798087], [35.223257102438986, 31.7673041423431], [35.223289433563494, 31.767361094320094], [35.22336660976668, 31.767519478867246], [35.22338049522403, 31.76755028193592], [35.2233597368642, 31.767525509610945], [35.22335766310602, 31.76752286571743], [35.22334215616399, 31.76750202464074], [35.22333558412045, 31.767492572504793], [35.223328830377724, 31.767482454835726], [35.22332286851677, 31.76747318658426], [35.22331657924832, 31.767463085078568], [35.223311164259776, 31.767454132390135], [35.22330519800961, 31.76744402722849], [35.22330035739577, 31.76743566967033], [35.22329448611463, 31.767425376910797], [35.22329102246919, 31.76741924309166], [35.223284264126214, 31.76740721712184], [35.22321880750879, 31.767290522973756], [35.22321213366125, 31.767278635871126], [35.223208817859955, 31.767272740114212], [35.2232032950526, 31.767262955937937], [35.22319888948761, 31.767255191723855], [35.22319359268808, 31.767245930582458], [35.22318895694875, 31.767237901260266], [35.22318530750345, 31.76723163399279], [35.22318373410642, 31.767228950341394], [35.22317896957931, 31.767220893982543], [35.22317374890006, 31.767212190167797], [35.22316887671517, 31.767204195149716], [35.2231315389449, 31.76714706892029], [35.22312094470217, 31.76713569463624], [35.223106009052316, 31.7671205512873], [35.22310282473777, 31.767117532386173], [35.22309389048872, 31.767109014893343], [35.22309526680441, 31.767108051523188], [35.22313328064485, 31.767146821559024]]]}}, {"type": "Feature", "properties": {"permit_tik": "1993/0797.05", "taba": "705426", "plan_name": "101-00705426", "migrash_nums": ["1"], "source": "landuse_xplan+parcels(dominant)"}, "geometry": {"type": "Polygon", "coordinates": [[[35.216969827419426, 31.769515745993285], [35.21696113760001, 31.76932963004329], [35.217267624206656, 31.769322395488654], [35.217270279990565, 31.76938198896158], [35.21726503651568, 31.769510368550506], [35.217195573955706, 31.769511744554226], [35.216969827419426, 31.769515745993285]]]}}, {"type": "Feature", "properties": {"permit_tik": "2016/0948.01", "taba": "721589", "plan_name": "101-00721589", "migrash_nums": ["14"], "source": "landuse_xplan+parcels(dominant)"}, "geometry": {"type": "Polygon", "coordinates": [[[35.21912963297372, 31.757002135033535], [35.219084282605415, 31.757014540631534], [35.21882435387979, 31.757087015498975], [35.21876312298263, 31.757102555788173], [35.21865440126168, 31.756870552390325], [35.21898999649118, 31.75677830620127], [35.21901306414407, 31.756838415071545], [35.219063444733905, 31.756824984424046], [35.21912963297372, 31.757002135033535]]]}}, {"type": "Feature", "properties": {"permit_tik": "2022/0547.00", "taba": "721902", "plan_name": "101-00721902", "migrash_nums": ["1"], "source": "landuse_xplan+parcels(dominant)"}, "geometry": {"type": "Polygon", "coordinates": [[[35.20167553340335, 31.752094983694025], [35.20147287438465, 31.752252269978893], [35.20126919359157, 31.752076733707916], [35.2015026337748, 31.751901667669145], [35.20167553340335, 31.752094983694025]]]}}, {"type": "Feature", "properties": {"permit_tik": "2016/0824.02", "taba": "738096", "plan_name": "101-00738096", "migrash_nums": ["1"], "source": "landuse_xplan+parcels(dominant)"}, "geometry": {"type": "Polygon", "coordinates": [[[35.2207877400436, 31.759136016091947], [35.22068391457383, 31.75916764084856], [35.2205810938313, 31.75919896056951], [35.220486292339594, 31.758995821454423], [35.22070379903754, 31.758930864625956], [35.2207877400436, 31.759136016091947]]]}}, {"type": "Feature", "properties": {"permit_tik": "2014/0732.02", "taba": "740555", "plan_name": "101-00740555", "migrash_nums": ["1"], "source": "landuse_xplan+parcels(dominant)"}, "geometry": {"type": "Polygon", "coordinates": [[[35.20071144898211, 31.754485673915546], [35.20089618084273, 31.754637888798236], [35.20083826100845, 31.754670643994523], [35.20077736277517, 31.754699183859294], [35.200712828658865, 31.754721855288594], [35.20064734889748, 31.75474245421897], [35.2006035583745, 31.754750528945188], [35.20055899541353, 31.754754458756263], [35.20051419725429, 31.754754195869914], [35.20048940976942, 31.75475137053867], [35.20046542140845, 31.754745332857354], [35.20044279895237, 31.75473622713904], [35.2004220764592, 31.75472426713815], [35.20040374259823, 31.754709735148165], [35.2003924887835, 31.754695585759332], [35.20038422410913, 31.754680004334297], [35.200379190255774, 31.754663446312684], [35.20037753391043, 31.75464639779361], [35.20037930360118, 31.754629357498704], [35.20038444864245, 31.75461282414623], [35.200460619211306, 31.754415677905165], [35.20071144898211, 31.754485673915546]]]}}, {"type": "Feature", "properties": {"permit_tik": "2014/0732.03", "taba": "740555", "plan_name": "101-00740555", "migrash_nums": ["1"], "source": "landuse_xplan+parcels(dominant)"}, "geometry": {"type": "Polygon", "coordinates": [[[35.20071144898211, 31.754485673915546], [35.20089618084273, 31.754637888798236], [35.20083826100845, 31.754670643994523], [35.20077736277517, 31.754699183859294], [35.200712828658865, 31.754721855288594], [35.20064734889748, 31.75474245421897], [35.2006035583745, 31.754750528945188], [35.20055899541353, 31.754754458756263], [35.20051419725429, 31.754754195869914], [35.20048940976942, 31.75475137053867], [35.20046542140845, 31.754745332857354], [35.20044279895237, 31.75473622713904], [35.2004220764592, 31.75472426713815], [35.20040374259823, 31.754709735148165], [35.2003924887835, 31.754695585759332], [35.20038422410913, 31.754680004334297], [35.200379190255774, 31.754663446312684], [35.20037753391043, 31.75464639779361], [35.20037930360118, 31.754629357498704], [35.20038444864245, 31.75461282414623], [35.200460619211306, 31.754415677905165], [35.20071144898211, 31.754485673915546]]]}}, {"type": "Feature", "properties": {"permit_tik": "1999/0699.04", "taba": "758144", "plan_name": "101-00758144", "migrash_nums": ["1"], "source": "landuse_xplan+parcels(dominant)"}, "geometry": {"type": "Polygon", "coordinates": [[[35.221992972175094, 31.751525223459304], [35.22189506217997, 31.751592559673455], [35.22162008794432, 31.75171195633825], [35.221610245788035, 31.751716228806625], [35.22150327679206, 31.751538323668452], [35.221509560287416, 31.751535456760944], [35.22185361958667, 31.751378480018968], [35.221992972175094, 31.751525223459304]]]}}, {"type": "Feature", "properties": {"permit_tik": "1999/0699.05", "taba": "758144", "plan_name": "101-00758144", "migrash_nums": ["1"], "source": "landuse_xplan+parcels(dominant)"}, "geometry": {"type": "Polygon", "coordinates": [[[35.221992972175094, 31.751525223459304], [35.22189506217997, 31.751592559673455], [35.22162008794432, 31.75171195633825], [35.221610245788035, 31.751716228806625], [35.22150327679206, 31.751538323668452], [35.221509560287416, 31.751535456760944], [35.22185361958667, 31.751378480018968], [35.221992972175094, 31.751525223459304]]]}}, {"type": "Feature", "properties": {"permit_tik": "2022/0495.00", "taba": "758144", "plan_name": "101-00758144", "migrash_nums": ["1"], "source": "landuse_xplan+parcels(dominant)"}, "geometry": {"type": "Polygon", "coordinates": [[[35.221992972175094, 31.751525223459304], [35.22189506217997, 31.751592559673455], [35.22162008794432, 31.75171195633825], [35.221610245788035, 31.751716228806625], [35.22150327679206, 31.751538323668452], [35.221509560287416, 31.751535456760944], [35.22185361958667, 31.751378480018968], [35.221992972175094, 31.751525223459304]]]}}, {"type": "Feature", "properties": {"permit_tik": "2022/0564.00", "taba": "762898", "plan_name": "101-00762898", "migrash_nums": ["1"], "source": "landuse_xplan+parcels(dominant)"}, "geometry": {"type": "Polygon", "coordinates": [[[35.2230992841938, 31.752968114737406], [35.223192710635665, 31.753127453317838], [35.22308380489683, 31.75317740448738], [35.22298720604886, 31.753018701190285], [35.2230992841938, 31.752968114737406]]]}}, {"type": "Feature", "properties": {"permit_tik": "2016/0745.01", "taba": "764886", "plan_name": "101-00764886", "migrash_nums": ["1"], "source": "landuse_xplan+parcels(dominant)"}, "geometry": {"type": "Polygon", "coordinates": [[[35.20503311857626, 31.744731064972754], [35.20472211521116, 31.74481703914975], [35.20470555656821, 31.74477109916675], [35.20469504517418, 31.744745297383943], [35.204691467409106, 31.744708682451815], [35.20465447712523, 31.744634631974638], [35.20464492820603, 31.744596824813083], [35.20494569826764, 31.744515177923752], [35.20503311857626, 31.744731064972754]]]}}, {"type": "Feature", "properties": {"permit_tik": "2018/0667.03", "taba": "765347", "plan_name": "101-00765347", "migrash_nums": ["1"], "source": "landuse_xplan+parcels(dominant)"}, "geometry": {"type": "Polygon", "coordinates": [[[35.20260200157349, 31.74199841748798], [35.20261667021489, 31.742015065773], [35.20263777222411, 31.742025002604894], [35.20266411502357, 31.742031608084], [35.202677120606076, 31.74204219232564], [35.202746119311925, 31.742059306662703], [35.202765948686846, 31.742065811030287], [35.202790282036936, 31.742080491588766], [35.2028312832857, 31.742086786980185], [35.20286126472674, 31.742101905890856], [35.20286901062114, 31.742112233925663], [35.20291762040593, 31.74214111521557], [35.20297316353171, 31.74218048503479], [35.203045305011074, 31.742207014518428], [35.203077775084566, 31.742214492962997], [35.203170907001855, 31.742241056858283], [35.20320943443974, 31.74226557300471], [35.203283088993885, 31.742325454442618], [35.203111072475934, 31.742381219405715], [35.203079904911064, 31.7423523708363], [35.20286059009742, 31.742183614952324], [35.202830946382704, 31.742165534382874], [35.2026488483253, 31.74205442819416], [35.202508118401916, 31.7419853465881], [35.20256384994268, 31.741981976293356], [35.20260200157349, 31.74199841748798]]]}}, {"type": "Feature", "properties": {"permit_tik": "2023/0483.00", "taba": "768119", "plan_name": "101-00768119", "migrash_nums": ["1"], "source": "landuse_xplan+parcels(dominant)"}, "geometry": {"type": "Polygon", "coordinates": [[[35.208559802214054, 31.746289365868485], [35.2087249141425, 31.74641217548412], [35.208684103684334, 31.74645069830169], [35.20864083619528, 31.746487210072498], [35.20852235325452, 31.746568580290777], [35.208434247688345, 31.746546496926094], [35.20845317610632, 31.746192078215575], [35.208559802214054, 31.746289365868485]]]}}, {"type": "Feature", "properties": {"permit_tik": "2014/0425.01", "taba": "771550", "plan_name": "101-00771550", "migrash_nums": ["2"], "source": "landuse_xplan+parcels(dominant)"}, "geometry": {"type": "Polygon", "coordinates": [[[35.20956284016749, 31.764669256971565], [35.209359057212886, 31.76471935886998], [35.20932640823861, 31.764641219052574], [35.20929661777691, 31.764562249419978], [35.209263994624735, 31.764451158042736], [35.20953496822682, 31.764432385424463], [35.20956284016749, 31.764669256971565]]]}}, {"type": "Feature", "properties": {"permit_tik": "2025/0225.00", "taba": "771600", "plan_name": "101-00771600", "migrash_nums": ["1021", "1022"], "source": "landuse_xplan+parcels(dominant)"}, "geometry": {"type": "MultiPolygon", "coordinates": [[[[35.216285318035126, 31.745360796132296], [35.216264235377466, 31.745370972723762], [35.216323102106415, 31.745460385224646], [35.21634524643571, 31.74544994338126], [35.216313887721164, 31.745402482181028], [35.216285318035126, 31.745360796132296]]], [[[35.216448470328025, 31.745606167595394], [35.216425370270734, 31.745571207026618], [35.21640064892141, 31.745583135368566], [35.21645234936231, 31.745667588331187], [35.21647521774488, 31.745657454828187], [35.21654690317531, 31.74577821235647], [35.21655372262006, 31.745775810992008], [35.216448470328025, 31.745606167595394]]]]}}, {"type": "Feature", "properties": {"permit_tik": "2025/0319.00", "taba": "771600", "plan_name": "101-00771600", "migrash_nums": ["201", "200"], "source": "landuse_xplan+parcels(dominant)"}, "geometry": {"type": "MultiPolygon", "coordinates": [[[[35.21672332571714, 31.74609298100932], [35.216390608681884, 31.746208194721937], [35.216361253864314, 31.74621836128537], [35.21636609076865, 31.746227723791705], [35.21649181473796, 31.746471127246156], [35.21685318433975, 31.746344388493284], [35.21672332571714, 31.74609298100932]]], [[[35.21609703699849, 31.746309852838582], [35.21577410761688, 31.74642167670548], [35.21590580514681, 31.74667664546394], [35.216228110320245, 31.746563611048987], [35.21609703699849, 31.746309852838582]]]]}}, {"type": "Feature", "properties": {"permit_tik": "2025/0319.01", "taba": "771600", "plan_name": "101-00771600", "migrash_nums": ["201", "200"], "source": "landuse_xplan+parcels(dominant)"}, "geometry": {"type": "MultiPolygon", "coordinates": [[[[35.21672332571714, 31.74609298100932], [35.216390608681884, 31.746208194721937], [35.216361253864314, 31.74621836128537], [35.21636609076865, 31.746227723791705], [35.21649181473796, 31.746471127246156], [35.21685318433975, 31.746344388493284], [35.21672332571714, 31.74609298100932]]], [[[35.21609703699849, 31.746309852838582], [35.21577410761688, 31.74642167670548], [35.21590580514681, 31.74667664546394], [35.216228110320245, 31.746563611048987], [35.21609703699849, 31.746309852838582]]]]}}, {"type": "Feature", "properties": {"permit_tik": "2025/0333.00", "taba": "771600", "plan_name": "101-00771600", "migrash_nums": ["104", "100", "1021", "1022", "102"], "source": "landuse_xplan+parcels(dominant)"}, "geometry": {"type": "MultiPolygon", "coordinates": [[[[35.21562378967958, 31.74492460095131], [35.21578601283793, 31.74523867416807], [35.215799860416276, 31.745231983036064], [35.21609821920867, 31.745087806726254], [35.21604728687024, 31.74501349389591], [35.21598124936343, 31.74491403895944], [35.2159793409256, 31.74491116404873], [35.21597656693588, 31.74490698875513], [35.215963683279284, 31.74489083786852], [35.21594788182649, 31.744876706478205], [35.215929585821584, 31.744864975123747], [35.215909290263916, 31.74485596030711], [35.215887542910465, 31.744849904574423], [35.21586492844531, 31.74484697291011], [35.2158420568697, 31.744847241915668], [35.21581954556209, 31.744850706124506], [35.21579800133669, 31.744857271690435], [35.215635258728696, 31.744920168268578], [35.21562378967958, 31.74492460095131]]], [[[35.216313887721164, 31.745402482181028], [35.216285318035126, 31.745360796132296], [35.21620490167411, 31.745243464469457], [35.21588550838786, 31.74539780492417], [35.21629147058179, 31.746183760403436], [35.21648617721395, 31.746116265965313], [35.21669751115607, 31.74604300682928], [35.21662558437977, 31.745903754363177], [35.216589171373194, 31.745833258777584], [35.2165768294076, 31.745813053205296], [35.21655372262006, 31.745775810992008], [35.216448470328025, 31.745606167595394], [35.216425370270734, 31.745571207026618], [35.21634524643571, 31.74544994338126], [35.216313887721164, 31.745402482181028]]], [[[35.215517209390434, 31.74615823784788], [35.21559064960829, 31.746362531905902], [35.21561274954666, 31.746419032389934], [35.215997945314626, 31.74628550847243], [35.215867907518614, 31.74603375201805], [35.21551626980269, 31.74615564422197], [35.215517209390434, 31.74615823784788]]]]}}, {"type": "Feature", "properties": {"permit_tik": "2025/0333.01", "taba": "771600", "plan_name": "101-00771600", "migrash_nums": ["104", "100", "1021", "1022", "102"], "source": "landuse_xplan+parcels(dominant)"}, "geometry": {"type": "MultiPolygon", "coordinates": [[[[35.21562378967958, 31.74492460095131], [35.21578601283793, 31.74523867416807], [35.215799860416276, 31.745231983036064], [35.21609821920867, 31.745087806726254], [35.21604728687024, 31.74501349389591], [35.21598124936343, 31.74491403895944], [35.2159793409256, 31.74491116404873], [35.21597656693588, 31.74490698875513], [35.215963683279284, 31.74489083786852], [35.21594788182649, 31.744876706478205], [35.215929585821584, 31.744864975123747], [35.215909290263916, 31.74485596030711], [35.215887542910465, 31.744849904574423], [35.21586492844531, 31.74484697291011], [35.2158420568697, 31.744847241915668], [35.21581954556209, 31.744850706124506], [35.21579800133669, 31.744857271690435], [35.215635258728696, 31.744920168268578], [35.21562378967958, 31.74492460095131]]], [[[35.216313887721164, 31.745402482181028], [35.216285318035126, 31.745360796132296], [35.21620490167411, 31.745243464469457], [35.21588550838786, 31.74539780492417], [35.21629147058179, 31.746183760403436], [35.21648617721395, 31.746116265965313], [35.21669751115607, 31.74604300682928], [35.21662558437977, 31.745903754363177], [35.216589171373194, 31.745833258777584], [35.2165768294076, 31.745813053205296], [35.21655372262006, 31.745775810992008], [35.216448470328025, 31.745606167595394], [35.216425370270734, 31.745571207026618], [35.21634524643571, 31.74544994338126], [35.216313887721164, 31.745402482181028]]], [[[35.215517209390434, 31.74615823784788], [35.21559064960829, 31.746362531905902], [35.21561274954666, 31.746419032389934], [35.215997945314626, 31.74628550847243], [35.215867907518614, 31.74603375201805], [35.21551626980269, 31.74615564422197], [35.215517209390434, 31.74615823784788]]]]}}, {"type": "Feature", "properties": {"permit_tik": "2025/0550.00", "taba": "771600", "plan_name": "101-00771600", "migrash_nums": ["300"], "source": "landuse_xplan+parcels(dominant)"}, "geometry": {"type": "Polygon", "coordinates": [[[35.21567191301793, 31.74543988791826], [35.2153008692078, 31.745579836208133], [35.21525441046277, 31.745456545245617], [35.215247060582364, 31.745435435467794], [35.21523538659055, 31.745384548915432], [35.21523404616257, 31.74538350288854], [35.21520871839473, 31.745281962623583], [35.21520514241125, 31.745241967871895], [35.21520966946982, 31.74520204367733], [35.21522216461304, 31.7451633804869], [35.21524225648059, 31.745127129987026], [35.21526934469418, 31.745094372636647], [35.21530262307246, 31.745066084297648], [35.215341099680295, 31.745043110080015], [35.21540747586177, 31.745013175699277], [35.21544356716787, 31.744997794296633], [35.21567191301793, 31.74543988791826]]]}}, {"type": "Feature", "properties": {"permit_tik": "2007/0065.01", "taba": "784645", "plan_name": "101-00784645", "migrash_nums": ["1"], "source": "landuse_xplan+parcels(dominant)"}, "geometry": {"type": "Polygon", "coordinates": [[[35.19638632019411, 31.74589413381236], [35.19634980492214, 31.745890073211044], [35.19623709252641, 31.74588366295426], [35.1961364107036, 31.745884017219108], [35.196099018960155, 31.74588595376289], [35.196022434473036, 31.745848873887688], [35.195960382067156, 31.745815555623718], [35.196237009371345, 31.745627899512932], [35.196442679767046, 31.74585788313947], [35.19638632019411, 31.74589413381236]]]}}, {"type": "Feature", "properties": {"permit_tik": "2017/0315.07", "taba": "791913", "plan_name": "101-00791913", "migrash_nums": ["203"], "source": "landuse_xplan+parcels(dominant)"}, "geometry": {"type": "Polygon", "coordinates": [[[35.22628045294839, 31.75581233707886], [35.2263217146842, 31.75610302503394], [35.22605982666045, 31.756129908747837], [35.22600447645554, 31.756190089198263], [35.22592845403596, 31.756197894011923], [35.22550052722481, 31.756222416465455], [35.22518816214644, 31.756007982256193], [35.2251794761457, 31.755897358051204], [35.225891082824056, 31.755856564919565], [35.2262181801866, 31.75582302740689], [35.22628045294839, 31.75581233707886]]]}}, {"type": "Feature", "properties": {"permit_tik": "2017/0315.08", "taba": "791913", "plan_name": "101-00791913", "migrash_nums": ["202"], "source": "landuse_xplan+parcels(dominant)"}, "geometry": {"type": "Polygon", "coordinates": [[[35.225438440538554, 31.756450551831335], [35.22546000409014, 31.756553026619148], [35.22549405915856, 31.756640591848885], [35.225344248034204, 31.756904781154585], [35.225192715632865, 31.756952098701394], [35.22506993630431, 31.756636743815893], [35.22504035052925, 31.75649200263315], [35.225012566849564, 31.756381891964303], [35.224981820194806, 31.756237060765702], [35.2249630091458, 31.75613100692932], [35.22496199922768, 31.756127037174302], [35.224961058968965, 31.756123056585906], [35.22496018836927, 31.756119063360433], [35.224959389539954, 31.7561150593012], [35.224958658259496, 31.756111046212645], [35.22495799874935, 31.756107022290323], [35.225084488132744, 31.756090673007552], [35.22540707191052, 31.75631212393352], [35.225438440538554, 31.756450551831335]]]}}, {"type": "Feature", "properties": {"permit_tik": "2021/0550.00", "taba": "798439", "plan_name": "101-00798439", "migrash_nums": ["1"], "source": "landuse_xplan+parcels(dominant)"}, "geometry": {"type": "Polygon", "coordinates": [[[35.197795307717044, 31.74855558746791], [35.197773181030435, 31.748783185014073], [35.19732147769676, 31.748693156635575], [35.19736083616419, 31.748517073518514], [35.197795307717044, 31.74855558746791]]]}}, {"type": "Feature", "properties": {"permit_tik": "2025/0258.00", "taba": "800771", "plan_name": "101-00800771", "migrash_nums": ["570"], "source": "landuse_xplan+parcels(dominant)"}, "geometry": {"type": "Polygon", "coordinates": [[[35.20883953636944, 31.758621758535927], [35.20898375314293, 31.758673288372417], [35.209000577173995, 31.758699780328563], [35.20905244321968, 31.758791609588837], [35.20912962494942, 31.7589282577199], [35.20914003324755, 31.758946685608123], [35.20850385740451, 31.758773777427763], [35.20853945263597, 31.758755456214878], [35.2086104468209, 31.75872077076681], [35.2086474754044, 31.758702680347977], [35.20866842040166, 31.758690843846015], [35.20874972369427, 31.758589665024395], [35.20883953636944, 31.758621758535927]]]}}, {"type": "Feature", "properties": {"permit_tik": "2021/0558.00", "taba": "813329", "plan_name": "101-00813329", "migrash_nums": ["1"], "source": "landuse_xplan+parcels(dominant)"}, "geometry": {"type": "Polygon", "coordinates": [[[35.211463693492796, 31.75106412227089], [35.211221874712784, 31.75111938250482], [35.21122176703698, 31.751119075883327], [35.21118481216675, 31.751000193055294], [35.2111321745582, 31.750949526598813], [35.211102209039296, 31.75092068357411], [35.21109825411683, 31.750902509803126], [35.21139820345784, 31.750854854577717], [35.211463693492796, 31.75106412227089]]]}}, {"type": "Feature", "properties": {"permit_tik": "2021/0558.01", "taba": "813329", "plan_name": "101-00813329", "migrash_nums": ["1"], "source": "landuse_xplan+parcels(dominant)"}, "geometry": {"type": "Polygon", "coordinates": [[[35.211463693492796, 31.75106412227089], [35.211221874712784, 31.75111938250482], [35.21122176703698, 31.751119075883327], [35.21118481216675, 31.751000193055294], [35.2111321745582, 31.750949526598813], [35.211102209039296, 31.75092068357411], [35.21109825411683, 31.750902509803126], [35.21139820345784, 31.750854854577717], [35.211463693492796, 31.75106412227089]]]}}, {"type": "Feature", "properties": {"permit_tik": "1999/0071.05", "taba": "817627", "plan_name": "101-00817627", "migrash_nums": ["1"], "source": "landuse_xplan+parcels(dominant)"}, "geometry": {"type": "Polygon", "coordinates": [[[35.206306843552056, 31.74360930186206], [35.20631972281792, 31.743604978216982], [35.20633325643166, 31.743602512363335], [35.206347079248154, 31.74360197014129], [35.20636082084465, 31.74360336598604], [35.20637410974192, 31.743606662927764], [35.20638658923425, 31.74361177168944], [35.20640803927189, 31.743624338573795], [35.20642679298589, 31.743639736392428], [35.20644234274914, 31.743657551207395], [35.20645426852511, 31.743677300539087], [35.20646225053231, 31.743698452304603], [35.20643360419785, 31.743976899513694], [35.206316904305375, 31.743974231876766], [35.206161627033765, 31.743731339969894], [35.206134567313256, 31.74368914297194], [35.206306843552056, 31.74360930186206]]]}}, {"type": "Feature", "properties": {"permit_tik": "2017/0332.01", "taba": "834382", "plan_name": "101-00834382", "migrash_nums": ["1"], "source": "landuse_xplan+parcels(dominant)"}, "geometry": {"type": "Polygon", "coordinates": [[[35.202095004466045, 31.75858322977904], [35.20223718480379, 31.758714576790187], [35.20205461526831, 31.758969295771728], [35.201817048002134, 31.758845498718866], [35.202040362060664, 31.758532207871777], [35.202095004466045, 31.75858322977904]]]}}, {"type": "Feature", "properties": {"permit_tik": "2018/0611.01", "taba": "838219", "plan_name": "101-00838219", "migrash_nums": ["1"], "source": "landuse_xplan+parcels(dominant)"}, "geometry": {"type": "Polygon", "coordinates": [[[35.21168523058682, 31.769629976565085], [35.211743788513694, 31.769787249078416], [35.21169343784154, 31.76980061728153], [35.21155878256024, 31.769876808968714], [35.2114916551746, 31.769801443971247], [35.211421343831276, 31.76972250601437], [35.211653233926306, 31.769544036431128], [35.21168523058682, 31.769629976565085]]]}}, {"type": "Feature", "properties": {"permit_tik": "2025/0161.00", "taba": "842617", "plan_name": "101-00842617", "migrash_nums": ["1"], "source": "landuse_xplan+parcels(dominant)"}, "geometry": {"type": "Polygon", "coordinates": [[[35.21235986690363, 31.76116134444296], [35.21236080358249, 31.761227703832624], [35.21235977678559, 31.761242830517848], [35.21235628633683, 31.761257686804235], [35.212355159269286, 31.76126058179241], [35.212347041422056, 31.76127645745123], [35.21233589088688, 31.761290928226742], [35.21232203167764, 31.761303574740747], [35.212296573529194, 31.761320817768862], [35.21227857080399, 31.761327438417364], [35.21225956932222, 31.76133154298178], [35.21224004723637, 31.76133303042569], [35.21222049642641, 31.761331861939336], [35.21220140666707, 31.761328067253462], [35.212179079377655, 31.761321997411862], [35.211782018540205, 31.761103228455386], [35.21192150473474, 31.76088313798813], [35.2122741289811, 31.761077413405005], [35.21231633953651, 31.761073051271108], [35.21235116133056, 31.761068705818868], [35.212355617738524, 31.761067899291852], [35.21235991788606, 31.761066616601134], [35.21235986690363, 31.76116134444296]]]}}, {"type": "Feature", "properties": {"permit_tik": "1997/0115.04", "taba": "853150", "plan_name": "101-00853150", "migrash_nums": ["1"], "source": "landuse_xplan+parcels(dominant)"}, "geometry": {"type": "Polygon", "coordinates": [[[35.214049915151925, 31.761130164282733], [35.21361843086598, 31.76132661961761], [35.21365442109415, 31.761056821501892], [35.214049915151925, 31.761130164282733]]]}}, {"type": "Feature", "properties": {"permit_tik": "2016/0704.02", "taba": "853150", "plan_name": "101-00853150", "migrash_nums": ["1"], "source": "landuse_xplan+parcels(dominant)"}, "geometry": {"type": "Polygon", "coordinates": [[[35.214049915151925, 31.761130164282733], [35.21361843086598, 31.76132661961761], [35.21365442109415, 31.761056821501892], [35.214049915151925, 31.761130164282733]]]}}, {"type": "Feature", "properties": {"permit_tik": "2020/0502.00", "taba": "855585", "plan_name": "101-00855585", "migrash_nums": ["3"], "source": "landuse_xplan+parcels(dominant)"}, "geometry": {"type": "Polygon", "coordinates": [[[35.1929927424039, 31.7530127528163], [35.19282970903107, 31.753172281672832], [35.19258330860659, 31.752988427086244], [35.192746935183244, 31.752829342302153], [35.1929927424039, 31.7530127528163]]]}}, {"type": "Feature", "properties": {"permit_tik": "2025/0115.00", "taba": "855585", "plan_name": "101-00855585", "migrash_nums": ["4", "3", "2", "1"], "source": "landuse_xplan+parcels(dominant)"}, "geometry": {"type": "MultiPolygon", "coordinates": [[[[35.19363970498966, 31.75253917820233], [35.193616492297, 31.75247875264705], [35.19358753328301, 31.752450296996177], [35.19355381694395, 31.752425965070458], [35.19351614006838, 31.752406329605492], [35.1934753891672, 31.752391853320034], [35.19343252569922, 31.75238287809295], [35.1934338645919, 31.752377806233156], [35.193435028202515, 31.752373407134467], [35.19326170563288, 31.752343128022215], [35.193255573421624, 31.75234410418483], [35.19324967753719, 31.75234584242661], [35.193244144636594, 31.752348303979318], [35.193239097157075, 31.752351434743048], [35.19323464487225, 31.752355167089057], [35.1930477595353, 31.752536866906983], [35.19329427819231, 31.75271819906095], [35.193344238103364, 31.75266904384349], [35.19346945964135, 31.752761435990873], [35.19351763774515, 31.75271357920954], [35.193644966106525, 31.75258709726283], [35.19363970498966, 31.75253917820233]]], [[[35.19280970577499, 31.752768314777068], [35.19305528500257, 31.752951557408508], [35.19322519145307, 31.752785304705647], [35.19298023076146, 31.752602522393026], [35.19280970577499, 31.752768314777068]]], [[[35.19258330860659, 31.752988427086244], [35.19282970903107, 31.753172281672832], [35.1929927424039, 31.7530127528163], [35.192746935183244, 31.752829342302153], [35.19258330860659, 31.752988427086244]]], [[[35.19240570877106, 31.7531692772657], [35.19230728267843, 31.753261450927457], [35.19225116185769, 31.7533140087088], [35.1922381239732, 31.753337680887928], [35.19223829137371, 31.753348953961414], [35.192217918377374, 31.753370551196547], [35.19221345328183, 31.75337470827387], [35.19246256976611, 31.753483707111275], [35.192546386900084, 31.75352038031677], [35.19262457471276, 31.75355395060232], [35.19280150962207, 31.753629921957245], [35.192793009415475, 31.753558855832523], [35.192793013912805, 31.753522749583475], [35.192796974473964, 31.75350171892801], [35.19280536619552, 31.75346067313616], [35.19281661603932, 31.753419863886275], [35.19282475008169, 31.75339688562394], [35.19285308263633, 31.753345317108703], [35.19249507438466, 31.753079710816444], [35.19240570877106, 31.7531692772657]]]]}}, {"type": "Feature", "properties": {"permit_tik": "2025/0115.01", "taba": "855585", "plan_name": "101-00855585", "migrash_nums": ["4", "3", "2", "1"], "source": "landuse_xplan+parcels(dominant)"}, "geometry": {"type": "MultiPolygon", "coordinates": [[[[35.19363970498966, 31.75253917820233], [35.193616492297, 31.75247875264705], [35.19358753328301, 31.752450296996177], [35.19355381694395, 31.752425965070458], [35.19351614006838, 31.752406329605492], [35.1934753891672, 31.752391853320034], [35.19343252569922, 31.75238287809295], [35.1934338645919, 31.752377806233156], [35.193435028202515, 31.752373407134467], [35.19326170563288, 31.752343128022215], [35.193255573421624, 31.75234410418483], [35.19324967753719, 31.75234584242661], [35.193244144636594, 31.752348303979318], [35.193239097157075, 31.752351434743048], [35.19323464487225, 31.752355167089057], [35.1930477595353, 31.752536866906983], [35.19329427819231, 31.75271819906095], [35.193344238103364, 31.75266904384349], [35.19346945964135, 31.752761435990873], [35.19351763774515, 31.75271357920954], [35.193644966106525, 31.75258709726283], [35.19363970498966, 31.75253917820233]]], [[[35.19280970577499, 31.752768314777068], [35.19305528500257, 31.752951557408508], [35.19322519145307, 31.752785304705647], [35.19298023076146, 31.752602522393026], [35.19280970577499, 31.752768314777068]]], [[[35.19258330860659, 31.752988427086244], [35.19282970903107, 31.753172281672832], [35.1929927424039, 31.7530127528163], [35.192746935183244, 31.752829342302153], [35.19258330860659, 31.752988427086244]]], [[[35.19240570877106, 31.7531692772657], [35.19230728267843, 31.753261450927457], [35.19225116185769, 31.7533140087088], [35.1922381239732, 31.753337680887928], [35.19223829137371, 31.753348953961414], [35.192217918377374, 31.753370551196547], [35.19221345328183, 31.75337470827387], [35.19246256976611, 31.753483707111275], [35.192546386900084, 31.75352038031677], [35.19262457471276, 31.75355395060232], [35.19280150962207, 31.753629921957245], [35.192793009415475, 31.753558855832523], [35.192793013912805, 31.753522749583475], [35.192796974473964, 31.75350171892801], [35.19280536619552, 31.75346067313616], [35.19281661603932, 31.753419863886275], [35.19282475008169, 31.75339688562394], [35.19285308263633, 31.753345317108703], [35.19249507438466, 31.753079710816444], [35.19240570877106, 31.7531692772657]]]]}}, {"type": "Feature", "properties": {"permit_tik": "2024/0568.00", "taba": "855668", "plan_name": "101-00855668", "migrash_nums": ["5"], "source": "landuse_xplan+parcels(dominant)"}, "geometry": {"type": "Polygon", "coordinates": [[[35.19813979676825, 31.75422483083613], [35.198177630833094, 31.754350409115908], [35.19807542584696, 31.754326658534556], [35.19813979676825, 31.75422483083613]]]}}, {"type": "Feature", "properties": {"permit_tik": "2024/0568.01", "taba": "855668", "plan_name": "101-00855668", "migrash_nums": ["5"], "source": "landuse_xplan+parcels(dominant)"}, "geometry": {"type": "Polygon", "coordinates": [[[35.19813979676825, 31.75422483083613], [35.198177630833094, 31.754350409115908], [35.19807542584696, 31.754326658534556], [35.19813979676825, 31.75422483083613]]]}}, {"type": "Feature", "properties": {"permit_tik": "2020/0375.01", "taba": "876649", "plan_name": "101-00876649", "migrash_nums": ["3"], "source": "landuse_xplan+parcels(dominant)"}, "geometry": {"type": "Polygon", "coordinates": [[[35.21813793902003, 31.74968571417079], [35.21787680594174, 31.74914830190257], [35.217955281893786, 31.74912280922471], [35.21795697102295, 31.74912614587201], [35.218008745839626, 31.74910444194947], [35.21826748181027, 31.7490063906544], [35.21841679669809, 31.74933550991305], [35.218518988683854, 31.749567325127128], [35.21820046477723, 31.749665962407516], [35.21813793902003, 31.74968571417079]]]}}, {"type": "Feature", "properties": {"permit_tik": "2020/0376.01", "taba": "876649", "plan_name": "101-00876649", "migrash_nums": ["22"], "source": "landuse_xplan+parcels(dominant)"}, "geometry": {"type": "Polygon", "coordinates": [[[35.217881978236235, 31.749808556620632], [35.218154281669655, 31.74971906083411], [35.21816227352506, 31.74973536713339], [35.218186147813746, 31.749727552766537], [35.2183219308297, 31.750026833314575], [35.2181674510188, 31.750074941913187], [35.217990067321864, 31.750128804740346], [35.21790335407081, 31.74993634760781], [35.21782967809895, 31.749908077150888], [35.217881978236235, 31.749808556620632]]]}}, {"type": "Feature", "properties": {"permit_tik": "2022/0580.00", "taba": "891747", "plan_name": "101-00891747", "migrash_nums": ["1"], "source": "landuse_xplan+parcels(dominant)"}, "geometry": {"type": "Polygon", "coordinates": [[[35.2034003171653, 31.764908235171397], [35.20331329318467, 31.765075436157357], [35.20315326765157, 31.765017265845543], [35.20312604431499, 31.765008517703627], [35.20304211579294, 31.764954406271578], [35.20317154689675, 31.76479408333187], [35.2034003171653, 31.764908235171397]]]}}, {"type": "Feature", "properties": {"permit_tik": "2008/0317.01", "taba": "902015", "plan_name": "101-00902015", "migrash_nums": ["1"], "source": "landuse_xplan+parcels(dominant)"}, "geometry": {"type": "Polygon", "coordinates": [[[35.199023699846535, 31.746228102753225], [35.19901376955116, 31.746361965083057], [35.19901272584682, 31.746379278670943], [35.19867137962907, 31.74633434471053], [35.19868316107724, 31.746207877623704], [35.199023699846535, 31.746228102753225]]]}}, {"type": "Feature", "properties": {"permit_tik": "2022/0444.00", "taba": "918490", "plan_name": "101-00918490", "migrash_nums": ["1"], "source": "landuse_xplan+parcels(dominant)"}, "geometry": {"type": "Polygon", "coordinates": [[[35.22123437328657, 31.74993451842775], [35.221248880116335, 31.749929859380114], [35.22126408178327, 31.74992728620645], [35.22127957091204, 31.74992686569707], [35.221294932729634, 31.749928610532724], [35.22130975561848, 31.74993247387225], [35.22132364272609, 31.749938351154558], [35.22133622146473, 31.749946086410276], [35.221347155120796, 31.749955471358493], [35.22135615024421, 31.749966254423914], [35.22145361223881, 31.750110404943754], [35.22125307772689, 31.750193085754436], [35.22123101260954, 31.750154579890708], [35.22122276722116, 31.75014015146001], [35.22117875315029, 31.750063139702032], [35.22117208889907, 31.75004934235093], [35.22116809048792, 31.750034813251876], [35.22116686035765, 31.750019923951854], [35.221168429183216, 31.750005058632862], [35.2211727590373, 31.749990598780233], [35.22117973705662, 31.749976915066984], [35.22118918388406, 31.749964360137675], [35.2212008568328, 31.749953256884382], [35.22121445621737, 31.749943889427314], [35.22122963274082, 31.74993649950648], [35.22123437328657, 31.74993451842775]]]}}, {"type": "Feature", "properties": {"permit_tik": "1989/0855.02", "taba": "934745", "plan_name": "101-00934745", "migrash_nums": ["1"], "source": "landuse_xplan+parcels(dominant)"}, "geometry": {"type": "Polygon", "coordinates": [[[35.21611245549957, 31.761253164827497], [35.21595135918042, 31.761389330870493], [35.21560530932223, 31.76109768219801], [35.215820941988184, 31.761004250065337], [35.21611245549957, 31.761253164827497]]]}}, {"type": "Feature", "properties": {"permit_tik": "2025/0342.00", "taba": "935189", "plan_name": "101-00935189", "migrash_nums": ["1"], "source": "landuse_xplan+parcels(dominant)"}, "geometry": {"type": "Polygon", "coordinates": [[[35.21920599075514, 31.75140863418376], [35.21921086044208, 31.751421531802492], [35.21923049966415, 31.75147334591411], [35.21927179856541, 31.751578847924474], [35.21927345092669, 31.75158927937075], [35.21927312753892, 31.751599802134265], [35.21927083469052, 31.751610144758985], [35.21926663249751, 31.7516200393898], [35.219260629627925, 31.751629231693656], [35.21923870191867, 31.751641831221335], [35.21917686140556, 31.751663605344657], [35.219179175718295, 31.751668695088185], [35.21897112820053, 31.751742459326366], [35.21881353088356, 31.75133208555719], [35.21898943815135, 31.751287526998482], [35.219145826996574, 31.75124791257001], [35.21920599075514, 31.75140863418376]]]}}, {"type": "Feature", "properties": {"permit_tik": "2025/0342.01", "taba": "935189", "plan_name": "101-00935189", "migrash_nums": ["1"], "source": "landuse_xplan+parcels(dominant)"}, "geometry": {"type": "Polygon", "coordinates": [[[35.21920599075514, 31.75140863418376], [35.21921086044208, 31.751421531802492], [35.21923049966415, 31.75147334591411], [35.21927179856541, 31.751578847924474], [35.21927345092669, 31.75158927937075], [35.21927312753892, 31.751599802134265], [35.21927083469052, 31.751610144758985], [35.21926663249751, 31.7516200393898], [35.219260629627925, 31.751629231693656], [35.21923870191867, 31.751641831221335], [35.21917686140556, 31.751663605344657], [35.219179175718295, 31.751668695088185], [35.21897112820053, 31.751742459326366], [35.21881353088356, 31.75133208555719], [35.21898943815135, 31.751287526998482], [35.219145826996574, 31.75124791257001], [35.21920599075514, 31.75140863418376]]]}}, {"type": "Feature", "properties": {"permit_tik": "2025/0342.02", "taba": "935189", "plan_name": "101-00935189", "migrash_nums": ["1"], "source": "landuse_xplan+parcels(dominant)"}, "geometry": {"type": "Polygon", "coordinates": [[[35.21920599075514, 31.75140863418376], [35.21921086044208, 31.751421531802492], [35.21923049966415, 31.75147334591411], [35.21927179856541, 31.751578847924474], [35.21927345092669, 31.75158927937075], [35.21927312753892, 31.751599802134265], [35.21927083469052, 31.751610144758985], [35.21926663249751, 31.7516200393898], [35.219260629627925, 31.751629231693656], [35.21923870191867, 31.751641831221335], [35.21917686140556, 31.751663605344657], [35.219179175718295, 31.751668695088185], [35.21897112820053, 31.751742459326366], [35.21881353088356, 31.75133208555719], [35.21898943815135, 31.751287526998482], [35.219145826996574, 31.75124791257001], [35.21920599075514, 31.75140863418376]]]}}, {"type": "Feature", "properties": {"permit_tik": "2024/0027.00", "taba": "950493", "plan_name": "101-00950493", "migrash_nums": ["1"], "source": "landuse_xplan+parcels(dominant)"}, "geometry": {"type": "Polygon", "coordinates": [[[35.19666817311861, 31.75398172120371], [35.19713725814721, 31.754198231095057], [35.1968946778923, 31.754537875147545], [35.19637909365072, 31.75430626999761], [35.19639554501464, 31.75422129924287], [35.19644524475396, 31.75414385555032], [35.19646392885397, 31.754114636950835], [35.196478496090236, 31.754092091742535], [35.19657487200909, 31.7539416700181], [35.19666817311861, 31.75398172120371]]]}}, {"type": "Feature", "properties": {"permit_tik": "2024/0027.01", "taba": "950493", "plan_name": "101-00950493", "migrash_nums": ["1"], "source": "landuse_xplan+parcels(dominant)"}, "geometry": {"type": "Polygon", "coordinates": [[[35.19666817311861, 31.75398172120371], [35.19713725814721, 31.754198231095057], [35.1968946778923, 31.754537875147545], [35.19637909365072, 31.75430626999761], [35.19639554501464, 31.75422129924287], [35.19644524475396, 31.75414385555032], [35.19646392885397, 31.754114636950835], [35.196478496090236, 31.754092091742535], [35.19657487200909, 31.7539416700181], [35.19666817311861, 31.75398172120371]]]}}, {"type": "Feature", "properties": {"permit_tik": "1989/0162.01", "taba": "953612", "plan_name": "101-00953612", "migrash_nums": ["1", "2"], "source": "landuse_xplan+parcels(dominant)"}, "geometry": {"type": "Polygon", "coordinates": [[[35.195777918502664, 31.746838548389213], [35.19579268476436, 31.74695889345522], [35.1958002022392, 31.746970065121985], [35.19580967226875, 31.74698009428133], [35.19582086163769, 31.74698873381155], [35.19583349385654, 31.74699577266175], [35.19584725971536, 31.747001036754657], [35.19586181833853, 31.747004396201362], [35.19587681407066, 31.747005768008066], [35.19589187542089, 31.747005119683426], [35.19601849024179, 31.746991842066482], [35.19606323021389, 31.746987149986637], [35.19608822711576, 31.747090454410532], [35.19615649920665, 31.747070376539227], [35.196248320254824, 31.747034341078212], [35.19618405710844, 31.746760352684078], [35.19602862517888, 31.74679027845306], [35.195777918502664, 31.746838548389213]]]}}, {"type": "Feature", "properties": {"permit_tik": "1989/0168.01", "taba": "953612", "plan_name": "101-00953612", "migrash_nums": ["1", "2"], "source": "landuse_xplan+parcels(dominant)"}, "geometry": {"type": "Polygon", "coordinates": [[[35.195777918502664, 31.746838548389213], [35.19579268476436, 31.74695889345522], [35.1958002022392, 31.746970065121985], [35.19580967226875, 31.74698009428133], [35.19582086163769, 31.74698873381155], [35.19583349385654, 31.74699577266175], [35.19584725971536, 31.747001036754657], [35.19586181833853, 31.747004396201362], [35.19587681407066, 31.747005768008066], [35.19589187542089, 31.747005119683426], [35.19601849024179, 31.746991842066482], [35.19606323021389, 31.746987149986637], [35.19608822711576, 31.747090454410532], [35.19615649920665, 31.747070376539227], [35.196248320254824, 31.747034341078212], [35.19618405710844, 31.746760352684078], [35.19602862517888, 31.74679027845306], [35.195777918502664, 31.746838548389213]]]}}, {"type": "Feature", "properties": {"permit_tik": "2023/0270.00", "taba": "953612", "plan_name": "101-00953612", "migrash_nums": ["1", "2"], "source": "landuse_xplan+parcels(dominant)"}, "geometry": {"type": "Polygon", "coordinates": [[[35.195777918502664, 31.746838548389213], [35.19579268476436, 31.74695889345522], [35.1958002022392, 31.746970065121985], [35.19580967226875, 31.74698009428133], [35.19582086163769, 31.74698873381155], [35.19583349385654, 31.74699577266175], [35.19584725971536, 31.747001036754657], [35.19586181833853, 31.747004396201362], [35.19587681407066, 31.747005768008066], [35.19589187542089, 31.747005119683426], [35.19601849024179, 31.746991842066482], [35.19606323021389, 31.746987149986637], [35.19608822711576, 31.747090454410532], [35.19615649920665, 31.747070376539227], [35.196248320254824, 31.747034341078212], [35.19618405710844, 31.746760352684078], [35.19602862517888, 31.74679027845306], [35.195777918502664, 31.746838548389213]]]}}, {"type": "Feature", "properties": {"permit_tik": "2011/0684.02", "taba": "962720", "plan_name": "101-00962720", "migrash_nums": ["1"], "source": "landuse_xplan+parcels(dominant)"}, "geometry": {"type": "Polygon", "coordinates": [[[35.21047373077028, 31.761685239301165], [35.21049009452382, 31.761728193319925], [35.21038969412081, 31.761905092876837], [35.210182621669624, 31.761844365126326], [35.21023749687122, 31.761635107885862], [35.21047373077028, 31.761685239301165]]]}}, {"type": "Feature", "properties": {"permit_tik": "2011/0684.03", "taba": "962720", "plan_name": "101-00962720", "migrash_nums": ["1"], "source": "landuse_xplan+parcels(dominant)"}, "geometry": {"type": "Polygon", "coordinates": [[[35.21047373077028, 31.761685239301165], [35.21049009452382, 31.761728193319925], [35.21038969412081, 31.761905092876837], [35.210182621669624, 31.761844365126326], [35.21023749687122, 31.761635107885862], [35.21047373077028, 31.761685239301165]]]}}, {"type": "Feature", "properties": {"permit_tik": "1994/0087.03", "taba": "969519", "plan_name": "101-00969519", "migrash_nums": ["1"], "source": "landuse_xplan+parcels(dominant)"}, "geometry": {"type": "Polygon", "coordinates": [[[35.222346721867645, 31.752889208856985], [35.22233029455119, 31.752865339344023], [35.222325901936564, 31.75286607947539], [35.22232142581624, 31.752866168486506], [35.22231699706498, 31.752865604555268], [35.22231274656089, 31.75286440299459], [35.22230879674263, 31.75286260076295], [35.222305265829725, 31.752860248346966], [35.22230225515851, 31.75285741697824], [35.2222998534019, 31.752854187810275], [35.22219080219942, 31.752674411344874], [35.22236742660806, 31.75260037213954], [35.22247301955668, 31.752797345321174], [35.2224498547292, 31.752808407027764], [35.22246553276977, 31.752832628351296], [35.222346721867645, 31.752889208856985]]]}}, {"type": "Feature", "properties": {"permit_tik": "2025/0104.00", "taba": "972554", "plan_name": "101-00972554", "migrash_nums": ["1"], "source": "landuse_xplan+parcels(dominant)"}, "geometry": {"type": "Polygon", "coordinates": [[[35.20144929948851, 31.7631920970099], [35.201268996241986, 31.763340619095093], [35.20122255130395, 31.763283646713575], [35.20121859100935, 31.763278515127514], [35.20116898090464, 31.763209957569394], [35.20112379797082, 31.763139201410716], [35.20108317413854, 31.763066455887095], [35.20104722867021, 31.76299193384103], [35.20110144176338, 31.76297354666418], [35.20115651399134, 31.762957129111605], [35.20124652618023, 31.762942268980986], [35.20144929948851, 31.7631920970099]]]}}, {"type": "Feature", "properties": {"permit_tik": "1997/0231.02", "taba": "986547", "plan_name": "101-00986547", "migrash_nums": ["1"], "source": "landuse_xplan+parcels(dominant)"}, "geometry": {"type": "Polygon", "coordinates": [[[35.197236107650454, 31.747855635176947], [35.19692294013231, 31.74788703752811], [35.19687007783826, 31.747599977031783], [35.197112293261654, 31.74753904436263], [35.197236107650454, 31.747855635176947]]]}}, {"type": "Feature", "properties": {"permit_tik": "2024/0179.00", "taba": "1008390", "plan_name": "101-01008390", "migrash_nums": ["1"], "source": "landuse_xplan+parcels(dominant)"}, "geometry": {"type": "Polygon", "coordinates": [[[35.20298566312637, 31.764263413546185], [35.20284150703698, 31.764431693996368], [35.202605179249744, 31.764283871630944], [35.202751539577235, 31.764115237949994], [35.20298566312637, 31.764263413546185]]]}}, {"type": "Feature", "properties": {"permit_tik": "2025/0258.00", "taba": "1021344", "plan_name": "101-01021344", "migrash_nums": ["2", "3"], "source": "landuse_xplan+parcels(dominant)"}, "geometry": {"type": "MultiPolygon", "coordinates": [[[[35.206416674381366, 31.75767082586907], [35.206410113312195, 31.757666655847107], [35.206402839803474, 31.75766346163132], [35.20639505123516, 31.757661332501023], [35.20638695870785, 31.757660324367137], [35.20637878282107, 31.757660465183296], [35.20637074417354, 31.757661751338677], [35.20636306230785, 31.757664146756127], [35.20635594515564, 31.757667588303395], [35.20634958587091, 31.75767198128397], [35.2063441575528, 31.757677206651888], [35.2063390595815, 31.757681310120564], [35.2063209404251, 31.757658852678503], [35.20615753703493, 31.75779078762399], [35.20610580776645, 31.757832601429385], [35.20610423509691, 31.75783399570146], [35.20610272153616, 31.75783543506489], [35.20610126708427, 31.757836921323438], [35.20609987807414, 31.757838450869578], [35.206098552394735, 31.757840020095983], [35.206097294268055, 31.757841630806293], [35.20609610580507, 31.757843279393082], [35.2060949848947, 31.75784496224905], [35.20609393575891, 31.75784667757041], [35.206092958397704, 31.757848425357164], [35.20609205703299, 31.757850200198213], [35.20609122744279, 31.757852002093614], [35.20609047596003, 31.757853829239604], [35.20608980258467, 31.757855676225102], [35.206089205205714, 31.757857544853838], [35.20608868593406, 31.75785942971471], [35.206088246880704, 31.75786132900401], [35.2060878880456, 31.757863240918027], [35.20608760731769, 31.75786516184945], [35.206087408918975, 31.757867089994523], [35.20608729073839, 31.757869023549603], [35.20608725488687, 31.757870958907226], [35.206087299253426, 31.757872894263798], [35.206087423838, 31.757874827815638], [35.206087630751526, 31.757876755955273], [35.206087917882996, 31.757878676879074], [35.20608828523235, 31.75788058697967], [35.20608873279952, 31.757882484453397], [35.20608925847354, 31.757884367496548], [35.20608986225432, 31.75788623430548], [35.20609054414184, 31.757888081272768], [35.20609130413601, 31.757889904791075], [35.206092138014846, 31.75789170486044], [35.20609304788931, 31.757893477873466], [35.20609403164831, 31.75789522202645], [35.20609508718086, 31.757896935515788], [35.206096214486905, 31.757898614734103], [35.20609741145536, 31.757900257877694], [35.206098675975284, 31.7579018649466], [35.20610000804656, 31.757903432333432], [35.20610140344716, 31.75790495643089], [35.20610286217709, 31.75790643904266], [35.206104382125275, 31.757907874757713], [35.20642590476233, 31.758200924191875], [35.20662450017764, 31.758381933547817], [35.206761577781634, 31.75850687070867], [35.207065749126684, 31.758263238745982], [35.206416674381366, 31.75767082586907]]], [[[35.207787760762635, 31.75888831111462], [35.207782634947684, 31.758881543815495], [35.207782624392024, 31.758881529386283], [35.207749764851336, 31.758899852118734], [35.20765747210836, 31.75881573233707], [35.20766524256346, 31.758809505807083], [35.20713793707381, 31.758329032128497], [35.20683376781376, 31.758572666064662], [35.20716944351629, 31.758878609685194], [35.20749122197418, 31.759171885448822], [35.2075339991153, 31.75921087290768], [35.20784717188632, 31.758960027740034], [35.20784310794828, 31.758954311964427], [35.20784089125694, 31.758951245755686], [35.207787760762635, 31.75888831111462]]]]}}, {"type": "Feature", "properties": {"permit_tik": "2025/0261.00", "taba": "1033869", "plan_name": "101-01033869", "migrash_nums": ["1"], "source": "landuse_xplan+parcels(dominant)"}, "geometry": {"type": "Polygon", "coordinates": [[[35.19943375631099, 31.753863778276614], [35.19941767836862, 31.753966320981952], [35.199415967947225, 31.753977227822997], [35.19941196851585, 31.754002731830145], [35.19938955058789, 31.754121249555844], [35.199349561296295, 31.754240082228375], [35.199320477978674, 31.75426190390956], [35.199295583359856, 31.75427188453321], [35.198764737732596, 31.75402688339992], [35.19891213549019, 31.75379325796672], [35.19891701156775, 31.753795332418342], [35.19915955352524, 31.75340782538436], [35.1994276756671, 31.75352988091353], [35.19942947991473, 31.753540672455962], [35.19944647031654, 31.75366492565319], [35.199447508712666, 31.753707932856916], [35.199443235840675, 31.753794951672447], [35.19943375631099, 31.753863778276614]]]}}, {"type": "Feature", "properties": {"permit_tik": "2023/0178.00", "taba": "1037217", "plan_name": "101-01037217", "migrash_nums": ["1"], "source": "landuse_xplan+parcels(dominant)"}, "geometry": {"type": "Polygon", "coordinates": [[[35.22388501109959, 31.74876347490148], [35.22376994193035, 31.74891925917137], [35.22353311413325, 31.748783720594478], [35.2235021847395, 31.748753333054914], [35.223570701932275, 31.748654895363753], [35.223604696705586, 31.748606064337086], [35.22388501109959, 31.74876347490148]]]}}, {"type": "Feature", "properties": {"permit_tik": "2023/0178.01", "taba": "1037217", "plan_name": "101-01037217", "migrash_nums": ["1"], "source": "landuse_xplan+parcels(dominant)"}, "geometry": {"type": "Polygon", "coordinates": [[[35.22388501109959, 31.74876347490148], [35.22376994193035, 31.74891925917137], [35.22353311413325, 31.748783720594478], [35.2235021847395, 31.748753333054914], [35.223570701932275, 31.748654895363753], [35.223604696705586, 31.748606064337086], [35.22388501109959, 31.74876347490148]]]}}, {"type": "Feature", "properties": {"permit_tik": "2023/0109.01", "taba": "1037670", "plan_name": "101-01037670", "migrash_nums": ["2", "1"], "source": "landuse_xplan+parcels(dominant)"}, "geometry": {"type": "Polygon", "coordinates": [[[35.197949776314886, 31.746861451700113], [35.19794661137849, 31.74684422629072], [35.19794260254228, 31.74682122902716], [35.1979059896651, 31.746696952856375], [35.19753966518262, 31.74678274792973], [35.197505996030365, 31.74679063365899], [35.19718621161624, 31.746865600855905], [35.19725913406622, 31.747028453000393], [35.197594199168414, 31.746947433249986], [35.197949776314886, 31.746861451700113]]]}}, {"type": "Feature", "properties": {"permit_tik": "1993/0044.11", "taba": "1041037", "plan_name": "101-01041037", "migrash_nums": ["1"], "source": "landuse_xplan+parcels(dominant)"}, "geometry": {"type": "Polygon", "coordinates": [[[35.21210808856872, 31.75591709273581], [35.21174406683212, 31.756052154646948], [35.21158767187235, 31.755885342245964], [35.21201815732672, 31.755734077884455], [35.21210808856872, 31.75591709273581]]]}}, {"type": "Feature", "properties": {"permit_tik": "2025/0102.00", "taba": "1048347", "plan_name": "101-01048347", "migrash_nums": ["140"], "source": "landuse_xplan+parcels(dominant)"}, "geometry": {"type": "Polygon", "coordinates": [[[35.21397566630925, 31.756524054826595], [35.21373511405256, 31.756600047674613], [35.213584890548276, 31.756297688302386], [35.21370693898775, 31.756264046049374], [35.21388811794237, 31.756213538401283], [35.21397566630925, 31.756524054826595]]]}}, {"type": "Feature", "properties": {"permit_tik": "2026/0112.00", "taba": "1071448", "plan_name": "101-01071448", "migrash_nums": ["100"], "source": "landuse_xplan+parcels(dominant)"}, "geometry": {"type": "Polygon", "coordinates": [[[35.21022128800309, 31.765232443847292], [35.21017800004165, 31.765291137762127], [35.210145635848, 31.765325827716858], [35.210025014208135, 31.76543168783159], [35.20992469269466, 31.76534940989413], [35.20991716895681, 31.765339677532655], [35.20991150299845, 31.765329065793182], [35.20990783311603, 31.765317831695267], [35.209906245883026, 31.765306246690034], [35.20990678142759, 31.765294592150774], [35.20990942604308, 31.765283149453037], [35.20991411535456, 31.765272195465304], [35.20992073748524, 31.76526199623587], [35.20992913094485, 31.765252797072726], [35.210135864390516, 31.765071555347465], [35.2103685498243, 31.764862116845478], [35.21075849008355, 31.765177914305063], [35.2107697358703, 31.765202800999134], [35.210804886534866, 31.765229313413478], [35.210805099595774, 31.76525745090202], [35.210812602695796, 31.765288046446372], [35.2107263286181, 31.765271545244048], [35.210269474231296, 31.765180280837413], [35.21022128800309, 31.765232443847292]]]}}, {"type": "Feature", "properties": {"permit_tik": "2014/1008.04", "taba": "1114040", "plan_name": "101-01114040", "migrash_nums": ["1"], "source": "landuse_xplan+parcels(dominant)"}, "geometry": {"type": "Polygon", "coordinates": [[[35.22019240401582, 31.76056268000853], [35.22026889559622, 31.760719479444106], [35.219925622662956, 31.760814924213907], [35.21986690165551, 31.76079236002518], [35.21975594219368, 31.760539186295173], [35.21992014529365, 31.760491536405194], [35.22010866432933, 31.760436830886754], [35.2201282392227, 31.76043114865767], [35.22019240401582, 31.76056268000853]]]}}, {"type": "Feature", "properties": {"permit_tik": "2024/0005.00", "taba": "1134816", "plan_name": "101-01134816", "migrash_nums": ["1"], "source": "landuse_xplan+parcels(dominant)"}, "geometry": {"type": "Polygon", "coordinates": [[[35.22747995392064, 31.764624630785693], [35.22748631707872, 31.764650674857126], [35.22757051675833, 31.76463565469394], [35.227572613422055, 31.764645269762145], [35.22757305041359, 31.76464519933884], [35.22761460968065, 31.76473441109159], [35.227621786511854, 31.764763784611613], [35.22740464874504, 31.76480250949691], [35.227320887529984, 31.764652999043243], [35.22747995392064, 31.764624630785693]]]}}, {"type": "Feature", "properties": {"permit_tik": "2019/0438.02", "taba": "1222645", "plan_name": "101-01222645", "migrash_nums": ["1"], "source": "landuse_xplan+parcels(dominant)"}, "geometry": {"type": "Polygon", "coordinates": [[[35.20736574896304, 31.76444348065757], [35.20741190282258, 31.764472355679935], [35.20745644596115, 31.764503021784595], [35.20727006995138, 31.764729505985056], [35.207170024581146, 31.764597153734876], [35.207135955542775, 31.7645517538949], [35.2072690059798, 31.764391345537724], [35.20731808255178, 31.764416458038824], [35.20736574896304, 31.76444348065757]]]}}, {"type": "Feature", "properties": {"permit_tik": "1988/0624.04", "taba": "1274489", "plan_name": "101-01274489", "migrash_nums": ["1"], "source": "landuse_xplan+parcels(dominant)"}, "geometry": {"type": "Polygon", "coordinates": [[[35.22207581575898, 31.75772192204684], [35.22230976742026, 31.757646886582066], [35.22231048089907, 31.757646689879653], [35.222428860639035, 31.75791501683774], [35.22240207996596, 31.757923344648344], [35.22218833679793, 31.757989811742764], [35.22207581575898, 31.75772192204684]]]}}, {"type": "Feature", "properties": {"permit_tik": "2025/0268.00", "taba": "1277243", "plan_name": "101-01277243", "migrash_nums": ["1"], "source": "landuse_xplan+parcels(dominant)"}, "geometry": {"type": "Polygon", "coordinates": [[[35.21132618082764, 31.751693736618467], [35.21100513224306, 31.75179303059861], [35.21092185708202, 31.751560160524175], [35.21091058187359, 31.751544276007053], [35.21123285190566, 31.751445247338022], [35.21132618082764, 31.751693736618467]]]}}, {"type": "Feature", "properties": {"permit_tik": "1996/0943.05", "taba": "1278407", "plan_name": "101-01278407", "migrash_nums": ["1"], "source": "landuse_xplan+parcels(dominant)"}, "geometry": {"type": "Polygon", "coordinates": [[[35.22198984712861, 31.759782800426226], [35.22157850824927, 31.759898573983012], [35.22149195086583, 31.759690849552648], [35.22190093397543, 31.759568974721088], [35.22198984712861, 31.759782800426226]]]}}, {"type": "Feature", "properties": {"permit_tik": "2015/0320.03", "taba": "1329770", "plan_name": "101-01329770", "migrash_nums": ["1"], "source": "landuse_xplan+parcels(dominant)"}, "geometry": {"type": "Polygon", "coordinates": [[[35.20957129787151, 31.757036482104947], [35.209481295059234, 31.75695911833881], [35.20938784533198, 31.756884799269393], [35.20958774392968, 31.756686295364034], [35.20979937871025, 31.756850873091842], [35.20957129787151, 31.757036482104947]]]}}]}