{
  "type": "FeatureCollection",
  "features": [
    {
      "type": "Feature",
      "properties": {
        "id": 149050,
        "שם_פרוייקט": "בר יוחאי",
        "שכונה": "ח-ט",
        "מ_כתובת": "בר יוחאי 21",
        "אל_כתובת": "בר יוחאי 32",
        "סוג_שביל": "כביש",
        "רוחב_זכות_דרך": "15",
        "מס_נתיבים": 1,
        "היררכיה": "מאסף",
        "סטריות": "חד סטרי",
        "מיתון": "לא",
        "פירוט": "מקטע חד סטרי של הרחוב"
      },
      "geometry": {
        "type": "MultiLineString",
        "coordinates": [
          [
            [
              35.1927303,
              31.7541315
            ],
            [
              35.1927303,
              31.7539772
            ],
            [
              35.1928042,
              31.7538436
            ],
            [
              35.1928539,
              31.7537488
            ],
            [
              35.192899,
              31.753535
            ],
            [
              35.192905,
              31.753489
            ],
            [
              35.19292,
              31.753447
            ],
            [
              35.192938,
              31.753412
            ],
            [
              35.192979,
              31.753337
            ],
            [
              35.193083,
              31.753203
            ],
            [
              35.19313,
              31.753149
            ],
            [
              35.193171,
              31.753116
            ],
            [
              35.193222,
              31.753081
            ],
            [
              35.193273,
              31.753054
            ],
            [
              35.19331,
              31.753037
            ],
            [
              35.193418,
              31.752991
            ],
            [
              35.193483,
              31.752963
            ],
            [
              35.193594,
              31.752921
            ],
            [
              35.193722,
              31.752875
            ],
            [
              35.194056,
              31.752819
            ],
            [
              35.194138,
              31.752806
            ],
            [
              35.194285,
              31.752793
            ],
            [
              35.194419,
              31.752783
            ],
            [
              35.19454,
              31.75278
            ],
            [
              35.194648,
              31.75278
            ],
            [
              35.195081,
              31.75281
            ],
            [
              35.195208,
              31.752821
            ],
            [
              35.195572,
              31.75286
            ],
            [
              35.195645,
              31.752871
            ],
            [
              35.195704,
              31.752881
            ],
            [
              35.195869,
              31.752915
            ],
            [
              35.195969,
              31.75294
            ],
            [
              35.196226,
              31.753007
            ],
            [
              35.196435,
              31.75309
            ],
            [
              35.19652,
              31.753129
            ],
            [
              35.196619,
              31.75318
            ],
            [
              35.196807,
              31.753297
            ],
            [
              35.196922,
              31.753351
            ],
            [
              35.197144,
              31.753455
            ],
            [
              35.197237,
              31.753489
            ],
            [
              35.197325,
              31.753514
            ],
            [
              35.19738,
              31.753527
            ],
            [
              35.197439,
              31.753535
            ],
            [
              35.197523,
              31.753552
            ],
            [
              35.197571,
              31.753565
            ],
            [
              35.197604,
              31.753576
            ],
            [
              35.197706,
              31.753617
            ],
            [
              35.198281,
              31.753889
            ],
            [
              35.199222,
              31.754333
            ],
            [
              35.19929,
              31.754389
            ],
            [
              35.199328,
              31.754424
            ],
            [
              35.199334,
              31.754437
            ],
            [
              35.199356,
              31.754467
            ],
            [
              35.199414,
              31.754578
            ]
          ],
          [
            [
              35.199222,
              31.754333
            ],
            [
              35.199273,
              31.75433
            ],
            [
              35.199315,
              31.754323
            ],
            [
              35.199506,
              31.754273
            ]
          ]
        ]
      }
    },
    {
      "type": "Feature",
      "properties": {
        "id": 146186,
        "שם_פרוייקט": "סן מרטין דרום",
        "שכונה": "ח-ט",
        "מ_כתובת": "סן מרטין 15",
        "אל_כתובת": "סן מרטין 30",
        "סוג_שביל": "כביש",
        "רוחב_זכות_דרך": "11.5",
        "מס_נתיבים": 2,
        "היררכיה": "מאסף",
        "סטריות": "חד סטרי",
        "מיתון": "לא",
        "פירוט": "שינוי חתך לסלילת שביל אופניים"
      },
      "geometry": {
        "type": "LineString",
        "coordinates": [
          [
            35.1927348,
            31.7541118
          ],
          [
            35.192944,
            31.753881
          ],
          [
            35.193017,
            31.753807
          ],
          [
            35.193063,
            31.753765
          ],
          [
            35.193111,
            31.753725
          ],
          [
            35.193158,
            31.75369
          ],
          [
            35.193233,
            31.753637
          ],
          [
            35.193299,
            31.753598
          ],
          [
            35.193358,
            31.75357
          ],
          [
            35.193447,
            31.753535
          ],
          [
            35.193542,
            31.753501
          ],
          [
            35.193647,
            31.753473
          ],
          [
            35.194192,
            31.753375
          ],
          [
            35.194251,
            31.753369
          ],
          [
            35.194371,
            31.753363
          ],
          [
            35.194481,
            31.753361
          ],
          [
            35.194591,
            31.753362
          ],
          [
            35.194761,
            31.75337
          ],
          [
            35.194871,
            31.753378
          ],
          [
            35.195023,
            31.753395
          ],
          [
            35.195126,
            31.753408
          ],
          [
            35.195446,
            31.753435
          ],
          [
            35.195546,
            31.753455
          ],
          [
            35.19562,
            31.753473
          ],
          [
            35.195677,
            31.753491
          ],
          [
            35.1958,
            31.753537
          ],
          [
            35.196101,
            31.753657
          ],
          [
            35.196194,
            31.753699
          ]
        ]
      }
    },
    {
      "type": "Feature",
      "properties": {
        "id": 146187,
        "שם_פרוייקט": "סן מרטין צפון",
        "שכונה": "ח-ט",
        "מ_כתובת": "סן מרטין 15",
        "אל_כתובת": "סן מרטין 4",
        "סוג_שביל": "כביש",
        "רוחב_זכות_דרך": "15",
        "מס_נתיבים": 2,
        "היררכיה": "מאסף",
        "סטריות": "דו סטרי",
        "מיתון": "לא",
        "פירוט": "שינוי חתך לסלילת שביל אופניים"
      },
      "geometry": {
        "type": "MultiLineString",
        "coordinates": [
          [
            [
              35.1944939,
              31.7566104
            ],
            [
              35.1944939,
              31.7565053
            ],
            [
              35.1944617,
              31.7562631
            ],
            [
              35.194342,
              31.756042
            ],
            [
              35.194286,
              31.755996
            ],
            [
              35.194227,
              31.755955
            ],
            [
              35.194162,
              31.755919
            ],
            [
              35.194049,
              31.755867
            ],
            [
              35.193976,
              31.755838
            ],
            [
              35.193689,
              31.755718
            ],
            [
              35.193619,
              31.755689
            ],
            [
              35.193434,
              31.755607
            ],
            [
              35.193142,
              31.755461
            ],
            [
              35.193124,
              31.755451
            ],
            [
              35.193063,
              31.755417
            ],
            [
              35.19299,
              31.755372
            ],
            [
              35.19293,
              31.755327
            ],
            [
              35.192857,
              31.755268
            ],
            [
              35.192802,
              31.755211
            ],
            [
              35.192757,
              31.755154
            ],
            [
              35.192703,
              31.755071
            ],
            [
              35.1926238,
              31.754874
            ],
            [
              35.192597,
              31.7546912
            ]
          ],
          [
            [
              35.192602,
              31.75473
            ],
            [
              35.192596,
              31.754689
            ],
            [
              35.192593,
              31.754631
            ],
            [
              35.192595,
              31.754574
            ],
            [
              35.192602,
              31.754515
            ],
            [
              35.192614,
              31.754445
            ],
            [
              35.192637,
              31.754353
            ],
            [
              35.19267,
              31.754259
            ],
            [
              35.192731,
              31.754116
            ],
            [
              35.1927348,
              31.7541118
            ]
          ]
        ]
      }
    },
    {
      "type": "Feature",
      "properties": {
        "id": 146188,
        "שם_פרוייקט": "רבי צדוק",
        "שכונה": "ח-ט",
        "מ_כתובת": "רבי צדוק 25",
        "אל_כתובת": "רבי צדוק 15",
        "סוג_שביל": "כביש",
        "רוחב_זכות_דרך": "10",
        "מס_נתיבים": 1,
        "היררכיה": "מקומי",
        "סטריות": "דו סטרי",
        "מיתון": "לא",
        "פירוט": "רחוב ללא מוצא משמש גישה לבית ספר במצב הקיים"
      },
      "geometry": {
        "type": "LineString",
        "coordinates": [
          [
            35.1936147,
            31.7552838
          ],
          [
            35.1937087,
            31.7550988
          ],
          [
            35.1937077,
            31.7550688
          ],
          [
            35.1936997,
            31.7550418
          ],
          [
            35.1936857,
            31.7550228
          ],
          [
            35.1936647,
            31.7550078
          ],
          [
            35.1935687,
            31.7549618
          ],
          [
            35.1934677,
            31.7549078
          ],
          [
            35.1934357,
            31.7548848
          ],
          [
            35.1933987,
            31.7548498
          ],
          [
            35.1933817,
            31.7548308
          ],
          [
            35.1933607,
            31.7547978
          ],
          [
            35.1933427,
            31.7547588
          ],
          [
            35.1933137,
            31.7546798
          ],
          [
            35.1933007,
            31.7546228
          ],
          [
            35.1932967,
            31.7545598
          ],
          [
            35.1933017,
            31.7545248
          ],
          [
            35.1933137,
            31.7544888
          ],
          [
            35.1933417,
            31.7544368
          ],
          [
            35.1934077,
            31.7543428
          ],
          [
            35.1934707,
            31.7542648
          ],
          [
            35.1935137,
            31.7542178
          ],
          [
            35.1935807,
            31.7541488
          ],
          [
            35.1936467,
            31.7540918
          ],
          [
            35.1937087,
            31.7540408
          ],
          [
            35.1937697,
            31.7539988
          ],
          [
            35.1938557,
            31.7539528
          ],
          [
            35.1939247,
            31.7539198
          ],
          [
            35.1939987,
            31.7538868
          ],
          [
            35.1940697,
            31.7538588
          ],
          [
            35.1941657,
            31.7538248
          ],
          [
            35.1942287,
            31.7538058
          ],
          [
            35.1942877,
            31.7537898
          ],
          [
            35.1943987,
            31.7537628
          ],
          [
            35.1944717,
            31.7537468
          ],
          [
            35.1945957,
            31.7537258
          ],
          [
            35.1948597,
            31.7536898
          ],
          [
            35.1949127,
            31.7536768
          ],
          [
            35.1949477,
            31.7536648
          ],
          [
            35.1949767,
            31.7536528
          ],
          [
            35.1950107,
            31.7536358
          ],
          [
            35.1950397,
            31.7536168
          ],
          [
            35.1950657,
            31.7535888
          ],
          [
            35.1950877,
            31.7535538
          ],
          [
            35.1951037,
            31.7535118
          ],
          [
            35.1951267,
            31.7534108
          ]
        ]
      }
    },
    {
      "type": "Feature",
      "properties": {
        "id": 146190,
        "שם_פרוייקט": "הסטת רחוב בעהם",
        "שכונה": "פת",
        "מ_כתובת": "בעהם/ברל לוקר",
        "אל_כתובת": "בעהם 3",
        "סוג_שביל": "כביש",
        "רוחב_זכות_דרך": "14.5",
        "מס_נתיבים": 2,
        "היררכיה": "מקומי",
        "סטריות": "דו סטרי",
        "מיתון": "לא",
        "פירוט": "רחוב ללא מוצא, גישה לחניונים ובתי ספר"
      },
      "geometry": {
        "type": "LineString",
        "coordinates": [
          [
            35.2004487,
            31.7515937
          ],
          [
            35.2004217,
            31.7515807
          ],
          [
            35.2004007,
            31.7515747
          ],
          [
            35.2003787,
            31.7515727
          ],
          [
            35.2003547,
            31.7515727
          ],
          [
            35.2001727,
            31.7516307
          ],
          [
            35.1999987,
            31.7516877
          ],
          [
            35.1998507,
            31.7517387
          ],
          [
            35.1998037,
            31.7517457
          ],
          [
            35.1997217,
            31.7517417
          ],
          [
            35.1996847,
            31.7517337
          ],
          [
            35.1996657,
            31.7517287
          ],
          [
            35.1994647,
            31.7516027
          ]
        ]
      }
    },
    {
      "type": "Feature",
      "properties": {
        "id": 146185,
        "שם_פרוייקט": "ברל לוקר",
        "שכונה": "פת",
        "מ_כתובת": "ברל לוקר 3",
        "אל_כתובת": "ברל לוקר 13",
        "סוג_שביל": "כביש",
        "רוחב_זכות_דרך": "15",
        "מס_נתיבים": 2,
        "היררכיה": "מאסף",
        "סטריות": "דו סטרי",
        "מיתון": "לא",
        "פירוט": "שדרוג הרחוב והוספת שביל אופניים"
      },
      "geometry": {
        "type": "MultiLineString",
        "coordinates": [
          [
            [
              35.2006507,
              31.7522977
            ],
            [
              35.2006827,
              31.7522257
            ],
            [
              35.2007067,
              31.7521647
            ],
            [
              35.2007257,
              31.7520967
            ],
            [
              35.2007297,
              31.7520607
            ],
            [
              35.2007317,
              31.7520347
            ],
            [
              35.2007287,
              31.7520027
            ],
            [
              35.2007197,
              31.7519737
            ],
            [
              35.2006887,
              31.7518977
            ],
            [
              35.2007667,
              31.7519337
            ],
            [
              35.2008117,
              31.7519497
            ],
            [
              35.2008517,
              31.7519577
            ],
            [
              35.2008857,
              31.7519627
            ],
            [
              35.2009297,
              31.7519617
            ],
            [
              35.2009737,
              31.7519567
            ],
            [
              35.2010497,
              31.7519387
            ]
          ],
          [
            [
              35.2006887,
              31.7518977
            ],
            [
              35.2008707,
              31.7520917
            ]
          ],
          [
            [
              35.2006887,
              31.7518977
            ],
            [
              35.2006277,
              31.7518307
            ],
            [
              35.2005257,
              31.7517087
            ],
            [
              35.2004487,
              31.7515937
            ],
            [
              35.2006167,
              31.7513487
            ],
            [
              35.2009237,
              31.7508967
            ],
            [
              35.2009847,
              31.7507817
            ],
            [
              35.2010187,
              31.7506837
            ],
            [
              35.2010457,
              31.7505517
            ],
            [
              35.2010887,
              31.7503297
            ],
            [
              35.2011377,
              31.7500607
            ],
            [
              35.2011567,
              31.7499777
            ],
            [
              35.2011897,
              31.7498827
            ],
            [
              35.2012137,
              31.7498227
            ],
            [
              35.2012397,
              31.7497737
            ],
            [
              35.2012717,
              31.7497257
            ],
            [
              35.2013027,
              31.7496837
            ],
            [
              35.2014037,
              31.7495777
            ],
            [
              35.2014547,
              31.7495327
            ],
            [
              35.2015107,
              31.7494917
            ],
            [
              35.2015757,
              31.7494507
            ],
            [
              35.2016147,
              31.7494297
            ],
            [
              35.2016687,
              31.7494037
            ],
            [
              35.2017437,
              31.7493787
            ],
            [
              35.2017657,
              31.7493747
            ],
            [
              35.2018207,
              31.7493637
            ],
            [
              35.2019187,
              31.7493487
            ],
            [
              35.2019937,
              31.7493397
            ],
            [
              35.2020707,
              31.7493357
            ],
            [
              35.2022127,
              31.7493407
            ],
            [
              35.2023097,
              31.7493587
            ],
            [
              35.2024177,
              31.7493917
            ],
            [
              35.2024737,
              31.7494167
            ],
            [
              35.2026247,
              31.7494867
            ],
            [
              35.2026787,
              31.7495137
            ],
            [
              35.2027387,
              31.7495497
            ],
            [
              35.2028077,
              31.7495977
            ],
            [
              35.2028437,
              31.7496287
            ],
            [
              35.2028617,
              31.7496497
            ],
            [
              35.2028827,
              31.7496797
            ],
            [
              35.2028987,
              31.7497067
            ],
            [
              35.2029237,
              31.7497647
            ],
            [
              35.2029407,
              31.7498117
            ],
            [
              35.2029507,
              31.7498477
            ],
            [
              35.2029597,
              31.7498897
            ],
            [
              35.2029677,
              31.7499387
            ],
            [
              35.2029757,
              31.7500067
            ],
            [
              35.2029877,
              31.7505917
            ],
            [
              35.2029887,
              31.7506827
            ],
            [
              35.2030307,
              31.7507377
            ],
            [
              35.2030547,
              31.7507637
            ],
            [
              35.2030787,
              31.7507827
            ],
            [
              35.2031277,
              31.7508097
            ],
            [
              35.2031607,
              31.7508217
            ],
            [
              35.2031877,
              31.7508297
            ],
            [
              35.2032187,
              31.7508347
            ],
            [
              35.2032477,
              31.7508367
            ],
            [
              35.2032807,
              31.7508377
            ],
            [
              35.2033487,
              31.7508377
            ]
          ],
          [
            [
              35.2030257,
              31.7509127
            ],
            [
              35.2030097,
              31.7508657
            ],
            [
              35.2030027,
              31.7508257
            ],
            [
              35.2029957,
              31.7507787
            ],
            [
              35.2029887,
              31.7506827
            ]
          ]
        ]
      }
    },
    {
      "type": "Feature",
      "properties": {
        "id": 146183,
        "שם_פרוייקט": "בן יועזר - מיתון תנועה",
        "שכונה": "א-ו",
        "מ_כתובת": "צומת משה ברעם",
        "אל_כתובת": "צומת בן זכאי",
        "סוג_שביל": "כביש",
        "רוחב_זכות_דרך": "14.5",
        "מס_נתיבים": 2,
        "היררכיה": "מאסף",
        "סטריות": "דו סטרי",
        "מיתון": "לא",
        "פירוט": "שלב 1 - הרחבת מדרכות, מיתון תנועה ורכיבה משותפת"
      },
      "geometry": {
        "type": "MultiLineString",
        "coordinates": [
          [
            [
              35.2047857,
              31.7517027
            ],
            [
              35.2048677,
              31.7517897
            ],
            [
              35.2049287,
              31.7518537
            ],
            [
              35.2049697,
              31.7518937
            ],
            [
              35.2050107,
              31.7519297
            ],
            [
              35.2051037,
              31.7520047
            ],
            [
              35.2051957,
              31.7520757
            ],
            [
              35.2054777,
              31.7522767
            ],
            [
              35.2059297,
              31.7526697
            ],
            [
              35.2060207,
              31.7527657
            ],
            [
              35.2060707,
              31.7528427
            ],
            [
              35.2061687,
              31.7529857
            ],
            [
              35.2062877,
              31.7531767
            ],
            [
              35.2063627,
              31.7533317
            ],
            [
              35.2064167,
              31.7534567
            ],
            [
              35.2065417,
              31.7536747
            ],
            [
              35.2065537,
              31.7536817
            ],
            [
              35.2065677,
              31.7536937
            ],
            [
              35.2065767,
              31.7537037
            ],
            [
              35.2065867,
              31.7537207
            ],
            [
              35.2065937,
              31.7537397
            ],
            [
              35.2065967,
              31.7537597
            ],
            [
              35.2065977,
              31.7537817
            ],
            [
              35.2065947,
              31.7537967
            ],
            [
              35.2065927,
              31.7538097
            ],
            [
              35.2065847,
              31.7538307
            ],
            [
              35.2066337,
              31.7540297
            ],
            [
              35.2065897,
              31.7539737
            ],
            [
              35.2065727,
              31.7539547
            ],
            [
              35.2065517,
              31.7539337
            ],
            [
              35.2065017,
              31.7538967
            ],
            [
              35.2064847,
              31.7538977
            ],
            [
              35.2064667,
              31.7538947
            ],
            [
              35.2064497,
              31.7538887
            ],
            [
              35.2064377,
              31.7538807
            ],
            [
              35.2064257,
              31.7538697
            ],
            [
              35.2064177,
              31.7538597
            ],
            [
              35.2064107,
              31.7538477
            ],
            [
              35.2064027,
              31.7538297
            ],
            [
              35.2063987,
              31.7538087
            ],
            [
              35.2063977,
              31.7537947
            ],
            [
              35.2063997,
              31.7537737
            ],
            [
              35.2064027,
              31.7537587
            ],
            [
              35.2064067,
              31.7537457
            ],
            [
              35.2064127,
              31.7537327
            ],
            [
              35.2064197,
              31.7537197
            ],
            [
              35.2064307,
              31.7537057
            ],
            [
              35.2064427,
              31.7536937
            ],
            [
              35.2064527,
              31.7536857
            ],
            [
              35.2064647,
              31.7536787
            ],
            [
              35.2064827,
              31.7536717
            ],
            [
              35.2064997,
              31.7536687
            ],
            [
              35.2065137,
              31.7536677
            ],
            [
              35.2065257,
              31.7536697
            ],
            [
              35.2065417,
              31.7536747
            ]
          ],
          [
            [
              35.2048517,
              31.7508377
            ],
            [
              35.2047757,
              31.7510437
            ],
            [
              35.2047567,
              31.7510967
            ],
            [
              35.2047117,
              31.7512347
            ],
            [
              35.2047017,
              31.7512777
            ],
            [
              35.2046967,
              31.7513237
            ],
            [
              35.2046947,
              31.7513597
            ],
            [
              35.2047007,
              31.7514347
            ],
            [
              35.2047137,
              31.7514827
            ],
            [
              35.2047857,
              31.7517027
            ],
            [
              35.2046947,
              31.7516207
            ],
            [
              35.2046477,
              31.7515747
            ],
            [
              35.2045887,
              31.7515067
            ],
            [
              35.2045807,
              31.7514587
            ],
            [
              35.2045767,
              31.7514297
            ],
            [
              35.2045727,
              31.7513737
            ],
            [
              35.2045717,
              31.7512997
            ],
            [
              35.2045747,
              31.7512587
            ],
            [
              35.2045807,
              31.7512177
            ],
            [
              35.2046327,
              31.7510737
            ],
            [
              35.2047277,
              31.7508367
            ]
          ],
          [
            [
              35.2064167,
              31.7534567
            ],
            [
              35.2064307,
              31.7537057
            ]
          ],
          [
            [
              35.2065017,
              31.7538967
            ],
            [
              35.2065157,
              31.7538937
            ],
            [
              35.2065277,
              31.7538887
            ],
            [
              35.2065507,
              31.7538747
            ],
            [
              35.2065697,
              31.7538547
            ],
            [
              35.2065847,
              31.7538307
            ]
          ],
          [
            [
              35.2066337,
              31.7540297
            ],
            [
              35.2068317,
              31.7546017
            ],
            [
              35.2068597,
              31.7546737
            ],
            [
              35.2069017,
              31.7547727
            ],
            [
              35.2069367,
              31.7548527
            ],
            [
              35.2069737,
              31.7549237
            ],
            [
              35.2070527,
              31.7550647
            ],
            [
              35.2071357,
              31.7551857
            ],
            [
              35.2072307,
              31.7553227
            ],
            [
              35.2074517,
              31.7555777
            ],
            [
              35.2075397,
              31.7556727
            ],
            [
              35.2076017,
              31.7557337
            ],
            [
              35.2076837,
              31.7558097
            ],
            [
              35.2077687,
              31.7558837
            ],
            [
              35.2078347,
              31.7559317
            ],
            [
              35.2080347,
              31.7560767
            ],
            [
              35.2081927,
              31.7561827
            ],
            [
              35.2088417,
              31.7566106
            ],
            [
              35.2090947,
              31.7567776
            ],
            [
              35.2092287,
              31.7568646
            ],
            [
              35.2093527,
              31.7569566
            ],
            [
              35.2094327,
              31.7570186
            ],
            [
              35.2095597,
              31.7571296
            ],
            [
              35.2097117,
              31.7572876
            ],
            [
              35.2098447,
              31.7574416
            ],
            [
              35.2099737,
              31.7576146
            ],
            [
              35.2102447,
              31.7579226
            ],
            [
              35.2103147,
              31.7580126
            ],
            [
              35.2103357,
              31.7580736
            ],
            [
              35.2103737,
              31.7581996
            ],
            [
              35.2103877,
              31.7582656
            ],
            [
              35.2104107,
              31.7584576
            ],
            [
              35.2104647,
              31.7589966
            ],
            [
              35.2104627,
              31.7590046
            ],
            [
              35.2104137,
              31.7591306
            ]
          ],
          [
            [
              35.2104647,
              31.7589966
            ],
            [
              35.2104677,
              31.7590046
            ],
            [
              35.2105357,
              31.7591466
            ]
          ]
        ]
      }
    },
    {
      "type": "Feature",
      "properties": {
        "id": 146181,
        "שם_פרוייקט": "אנטיגונס - מיתון תנועה",
        "שכונה": "א-ו",
        "מ_כתובת": "צומת בן יועזר",
        "אל_כתובת": "צומת אליעזר הגדול",
        "סוג_שביל": "כביש",
        "רוחב_זכות_דרך": "12",
        "מס_נתיבים": 1,
        "היררכיה": "מקומי",
        "סטריות": "חד סטרי",
        "מיתון": "לא",
        "פירוט": "הפיכת רחוב חד סטרי לממותן תנועה עם רכיבה משותפת על בסיס מצב קיים"
      },
      "geometry": {
        "type": "LineString",
        "coordinates": [
          [
            35.2051317,
            31.7548167
          ],
          [
            35.2054877,
            31.7551447
          ],
          [
            35.2055207,
            31.7551757
          ],
          [
            35.2059017,
            31.7555057
          ],
          [
            35.2062547,
            31.7558267
          ],
          [
            35.2066497,
            31.7561667
          ],
          [
            35.2070847,
            31.7565537
          ],
          [
            35.2074327,
            31.7568567
          ],
          [
            35.2075177,
            31.7569377
          ],
          [
            35.2076737,
            31.7570706
          ],
          [
            35.2083277,
            31.7576466
          ],
          [
            35.2083707,
            31.7576796
          ],
          [
            35.2084177,
            31.7577076
          ],
          [
            35.2084927,
            31.7577456
          ],
          [
            35.2085667,
            31.7577756
          ],
          [
            35.2086357,
            31.7577996
          ],
          [
            35.2087177,
            31.7578206
          ],
          [
            35.2088277,
            31.7578446
          ],
          [
            35.2089167,
            31.7578486
          ],
          [
            35.2089777,
            31.7578476
          ],
          [
            35.2090437,
            31.7578426
          ],
          [
            35.2091427,
            31.7578306
          ],
          [
            35.2093507,
            31.7577886
          ],
          [
            35.2097587,
            31.7576706
          ],
          [
            35.2099737,
            31.7576146
          ]
        ]
      }
    },
    {
      "type": "Feature",
      "properties": {
        "id": 146180,
        "שם_פרוייקט": "רשב\"ג - מיתון תנועה",
        "שכונה": "א-ו",
        "מ_כתובת": "בן יועזר 55",
        "אל_כתובת": "בן יועזר 10",
        "סוג_שביל": "כביש",
        "רוחב_זכות_דרך": "12",
        "מס_נתיבים": 1,
        "היררכיה": "מקומי",
        "סטריות": "חד סטרי",
        "מיתון": "לא",
        "פירוט": "הפיכת רחוב חד סטרי לממותן תנועה על בסיס רוחב זכות דרך קיימת, הרחבת מדרכות, רצועת חניה מקבילה ורכיבה משולבת"
      },
      "geometry": {
        "type": "MultiLineString",
        "coordinates": [
          [
            [
              35.2060207,
              31.7527657
            ],
            [
              35.2063357,
              31.7526897
            ],
            [
              35.2063717,
              31.7526887
            ],
            [
              35.2064057,
              31.7526897
            ],
            [
              35.2064537,
              31.7526927
            ],
            [
              35.2065147,
              31.7527017
            ],
            [
              35.2065707,
              31.7527127
            ],
            [
              35.2066337,
              31.7527267
            ],
            [
              35.2066927,
              31.7527457
            ],
            [
              35.2067557,
              31.7527697
            ],
            [
              35.2068227,
              31.7528017
            ],
            [
              35.2068857,
              31.7528397
            ],
            [
              35.2069487,
              31.7528837
            ],
            [
              35.2070047,
              31.7529317
            ],
            [
              35.2070557,
              31.7529817
            ],
            [
              35.2071077,
              31.7530417
            ],
            [
              35.2071457,
              31.7530967
            ],
            [
              35.2071757,
              31.7531447
            ],
            [
              35.2072517,
              31.7532757
            ],
            [
              35.2072977,
              31.7533537
            ],
            [
              35.2075717,
              31.7538767
            ],
            [
              35.2077547,
              31.7542307
            ],
            [
              35.2078477,
              31.7544017
            ],
            [
              35.2079147,
              31.7545237
            ],
            [
              35.2079537,
              31.7545817
            ],
            [
              35.2081317,
              31.7547967
            ],
            [
              35.2082397,
              31.7548967
            ],
            [
              35.2083467,
              31.7550007
            ],
            [
              35.2086007,
              31.7552077
            ],
            [
              35.2087207,
              31.7553047
            ],
            [
              35.2088589,
              31.7554164
            ],
            [
              35.2089027,
              31.7554487
            ],
            [
              35.2090387,
              31.7555506
            ],
            [
              35.2098077,
              31.7560686
            ],
            [
              35.2100027,
              31.7562176
            ],
            [
              35.2101147,
              31.7563186
            ],
            [
              35.2101657,
              31.7563686
            ],
            [
              35.2102027,
              31.7564066
            ],
            [
              35.2102567,
              31.7564646
            ],
            [
              35.2103067,
              31.7565236
            ],
            [
              35.2104087,
              31.7566576
            ],
            [
              35.2104447,
              31.7567176
            ],
            [
              35.2104777,
              31.7567796
            ],
            [
              35.2105107,
              31.7568466
            ],
            [
              35.2105317,
              31.7568986
            ],
            [
              35.2105517,
              31.7569476
            ],
            [
              35.2105637,
              31.7569846
            ],
            [
              35.2105747,
              31.7570246
            ],
            [
              35.2105907,
              31.7571056
            ],
            [
              35.2105997,
              31.7571686
            ],
            [
              35.2106017,
              31.7572786
            ],
            [
              35.2105897,
              31.7574856
            ],
            [
              35.2105847,
              31.7575966
            ],
            [
              35.2105697,
              31.7576596
            ],
            [
              35.2105587,
              31.7576926
            ],
            [
              35.2105457,
              31.7577216
            ],
            [
              35.2105157,
              31.7577726
            ],
            [
              35.2104697,
              31.7578296
            ],
            [
              35.210283,
              31.75794
            ]
          ],
          [
            [
              35.2102447,
              31.7579226
            ],
            [
              35.2104697,
              31.7578296
            ],
            [
              35.2103147,
              31.7580126
            ]
          ]
        ]
      }
    },
    {
      "type": "Feature",
      "properties": {
        "id": 146101,
        "שם_פרוייקט": "קנאי הגליל - מיתון תנועה",
        "שכונה": "א-ו",
        "מ_כתובת": "צומת יהודה הנשיא",
        "אל_כתובת": "צומת משבה ברעם",
        "סוג_שביל": "כביש",
        "רוחב_זכות_דרך": "12",
        "מס_נתיבים": 2,
        "היררכיה": "מקומי",
        "סטריות": "דו סטרי",
        "מיתון": "לא",
        "פירוט": "שלב 1 - הרחבת מדרכות, מיתון תנועה ורכיבה משותפת"
      },
      "geometry": {
        "type": "MultiLineString",
        "coordinates": [
          [
            [
              35.1998747,
              31.7563027
            ],
            [
              35.1999367,
              31.7559887
            ],
            [
              35.1999847,
              31.7558017
            ],
            [
              35.2001737,
              31.7550727
            ],
            [
              35.2002727,
              31.7547617
            ],
            [
              35.2004637,
              31.7542687
            ],
            [
              35.2005447,
              31.7540767
            ],
            [
              35.2006407,
              31.7538797
            ],
            [
              35.2006957,
              31.7537787
            ],
            [
              35.2007567,
              31.7536817
            ],
            [
              35.2008407,
              31.7535547
            ],
            [
              35.2010687,
              31.7532377
            ],
            [
              35.2011477,
              31.7531397
            ],
            [
              35.2012987,
              31.7529617
            ],
            [
              35.2013887,
              31.7528647
            ],
            [
              35.2015257,
              31.7527227
            ],
            [
              35.2016997,
              31.7525617
            ],
            [
              35.2017837,
              31.7524897
            ],
            [
              35.2018667,
              31.7524237
            ],
            [
              35.2019707,
              31.7523507
            ],
            [
              35.2021077,
              31.7522547
            ],
            [
              35.2021977,
              31.7521937
            ],
            [
              35.2022907,
              31.7521357
            ],
            [
              35.2024057,
              31.7520707
            ],
            [
              35.2025237,
              31.7520147
            ],
            [
              35.2026397,
              31.7519637
            ],
            [
              35.2027457,
              31.7519217
            ],
            [
              35.2028237,
              31.7518927
            ],
            [
              35.2030807,
              31.7518127
            ],
            [
              35.2031777,
              31.7517887
            ],
            [
              35.2034007,
              31.7517487
            ],
            [
              35.2037767,
              31.7516897
            ],
            [
              35.2038337,
              31.7516807
            ],
            [
              35.2039017,
              31.7516667
            ],
            [
              35.2039797,
              31.7516447
            ],
            [
              35.2043577,
              31.7515307
            ],
            [
              35.2044887,
              31.7514767
            ],
            [
              35.2045807,
              31.7514587
            ]
          ],
          [
            [
              35.2045887,
              31.7515067
            ],
            [
              35.2045127,
              31.7515197
            ],
            [
              35.2043577,
              31.7515307
            ]
          ]
        ]
      }
    },
    {
      "type": "Feature",
      "properties": {
        "id": 146105,
        "שם_פרוייקט": "ניתאי הארבלי - הוספת חיבור מוטורי",
        "שכונה": "א-ו",
        "מ_כתובת": "ניתאי הארבלי 36",
        "אל_כתובת": "קנאי הגליל 30",
        "סוג_שביל": "כביש",
        "רוחב_זכות_דרך": "10",
        "מס_נתיבים": 1,
        "היררכיה": "מקומי",
        "סטריות": "חד סטרי",
        "מיתון": "כן",
        "פירוט": "הוספת חיבורים מוטוריים בין ניתאי הארבלי לקנאי הגליל עבבור פיזור התנועה מרחוב צר (ניתאי הארבלי) המקבל תוספת גדולה של מקומות חניה"
      },
      "geometry": {
        "type": "LineString",
        "coordinates": [
          [
            35.2013887,
            31.7528647
          ],
          [
            35.2011247,
            31.7526197
          ]
        ]
      }
    },
    {
      "type": "Feature",
      "properties": {
        "id": 146106,
        "שם_פרוייקט": "ניתאי הארבלי - הוספת חיבור מוטורי",
        "שכונה": "א-ו",
        "מ_כתובת": "ניתאי הארבלי 20",
        "אל_כתובת": "קנאי הגליל 18",
        "סוג_שביל": "כביש",
        "רוחב_זכות_דרך": "10",
        "מס_נתיבים": 1,
        "היררכיה": "מקומי",
        "סטריות": "חד סטרי",
        "מיתון": "כן",
        "פירוט": "הפיכת רחוב חד סטרי לממותן תנועה על בסיס רוחב זכות דרך קיימת, הרחבת מדרכות, רצועת חניה מקבילה ורכיבה משולבת"
      },
      "geometry": {
        "type": "LineString",
        "coordinates": [
          [
            35.2004702,
            31.7542502
          ],
          [
            35.1997647,
            31.7539967
          ]
        ]
      }
    },
    {
      "type": "Feature",
      "properties": {
        "id": 146107,
        "שם_פרוייקט": "ניתאי הארבלי - מיתון תנועה",
        "שכונה": "א-ו",
        "מ_כתובת": "ניתאי הארבלי 6",
        "אל_כתובת": "ניתאי הארבלי 44",
        "סוג_שביל": "כביש",
        "רוחב_זכות_דרך": "9",
        "מס_נתיבים": 1,
        "היררכיה": "מקומי",
        "סטריות": "חד סטרי",
        "מיתון": "כן",
        "פירוט": "הפיכת רחוב חד סטרי לממותן תנועה על בסיס רוחב זכות דרך קיימת, הרחבת מדרכות, רצועת חניה מקבילה ורכיבה משולבת"
      },
      "geometry": {
        "type": "MultiLineString",
        "coordinates": [
          [
            [
              35.2000227,
              31.7550747
            ],
            [
              35.1997807,
              31.7550157
            ],
            [
              35.2000657,
              31.7542677
            ],
            [
              35.2001777,
              31.7539937
            ],
            [
              35.2002127,
              31.7539167
            ],
            [
              35.2003167,
              31.7537117
            ],
            [
              35.2003757,
              31.7536097
            ],
            [
              35.2004447,
              31.7534987
            ],
            [
              35.2005417,
              31.7533507
            ],
            [
              35.2006877,
              31.7531367
            ],
            [
              35.2007697,
              31.7530227
            ],
            [
              35.2008177,
              31.7529517
            ],
            [
              35.2008737,
              31.7528807
            ],
            [
              35.2009897,
              31.7527477
            ],
            [
              35.2010457,
              31.7526937
            ],
            [
              35.2011247,
              31.7526197
            ],
            [
              35.2012597,
              31.7524987
            ],
            [
              35.2017397,
              31.7521067
            ]
          ],
          [
            [
              35.1999367,
              31.7559887
            ],
            [
              35.1996747,
              31.7559467
            ],
            [
              35.1994707,
              31.7559057
            ],
            [
              35.1993707,
              31.7558837
            ],
            [
              35.1993467,
              31.7558747
            ],
            [
              35.1993267,
              31.7558637
            ],
            [
              35.1993137,
              31.7558537
            ],
            [
              35.1993057,
              31.7558437
            ],
            [
              35.1992957,
              31.7558267
            ],
            [
              35.1992917,
              31.7558097
            ],
            [
              35.1992897,
              31.7557967
            ],
            [
              35.1992947,
              31.7557767
            ],
            [
              35.1993007,
              31.7557627
            ],
            [
              35.1993757,
              31.7556487
            ],
            [
              35.1994987,
              31.7554867
            ],
            [
              35.1997537,
              31.7550777
            ],
            [
              35.1997807,
              31.7550157
            ]
          ],
          [
            [
              35.2019707,
              31.7523507
            ],
            [
              35.2017397,
              31.7521067
            ]
          ],
          [
            [
              35.2033479,
              31.7517582
            ],
            [
              35.2031978,
              31.7513956
            ],
            [
              35.2026117,
              31.7516047
            ],
            [
              35.2025358,
              31.7516409
            ],
            [
              35.2022607,
              31.7517717
            ],
            [
              35.2021447,
              31.7518307
            ],
            [
              35.2020907,
              31.7518597
            ],
            [
              35.2019357,
              31.7519527
            ],
            [
              35.2018567,
              31.7520057
            ],
            [
              35.2018037,
              31.7520477
            ],
            [
              35.2017397,
              31.7521067
            ]
          ]
        ]
      }
    },
    {
      "type": "Feature",
      "properties": {
        "id": 146010,
        "שם_פרוייקט": "טוביה-אלכסנדריון - חיבור חדש",
        "שכונה": "א-ו",
        "מ_כתובת": "טוביה 8",
        "אל_כתובת": "אלכסנדריון 19",
        "סוג_שביל": "כביש",
        "רוחב_זכות_דרך": "10",
        "מס_נתיבים": 1,
        "היררכיה": "מקומי",
        "סטריות": "דו סטרי",
        "מיתון": "לא",
        "פירוט": "רחוב טוביה, ללא מוצא במצב הקיים, גישה למתחם דנמרק."
      },
      "geometry": {
        "type": "LineString",
        "coordinates": [
          [
            35.2032207,
            31.7539577
          ],
          [
            35.2033387,
            31.7538428
          ],
          [
            35.2034033,
            31.7537736
          ],
          [
            35.2034244,
            31.7537142
          ],
          [
            35.2034183,
            31.7536622
          ],
          [
            35.2033657,
            31.753585
          ],
          [
            35.2031027,
            31.7531967
          ]
        ]
      }
    },
    {
      "type": "Feature",
      "properties": {
        "id": 146011,
        "שם_פרוייקט": "הורקניה - מיתון תנועה",
        "שכונה": "א-ו",
        "מ_כתובת": "הורקניה 2",
        "אל_כתובת": "הורקניה 33",
        "סוג_שביל": "כביש",
        "רוחב_זכות_דרך": "14",
        "מס_נתיבים": 2,
        "היררכיה": "מקומי",
        "סטריות": "דו סטרי",
        "מיתון": "לא",
        "פירוט": "שלב 1 - הפיכת הרחוב לממותן תנועה, הרחבת מדרכות, הוספת הצללה ורכיבה משולבת על בסיס זכות דרך קיימת"
      },
      "geometry": {
        "type": "MultiLineString",
        "coordinates": [
          [
            [
              35.2025388,
              31.7600557
            ],
            [
              35.2026248,
              31.7600087
            ],
            [
              35.2026768,
              31.7599617
            ],
            [
              35.2027158,
              31.7599237
            ],
            [
              35.2027558,
              31.7598797
            ],
            [
              35.2028118,
              31.7598117
            ],
            [
              35.2028358,
              31.7597787
            ],
            [
              35.2028678,
              31.7597187
            ],
            [
              35.2028838,
              31.7596817
            ],
            [
              35.2029008,
              31.7596377
            ],
            [
              35.2029248,
              31.7594797
            ],
            [
              35.2029358,
              31.7593887
            ],
            [
              35.2029358,
              31.7593567
            ],
            [
              35.2029308,
              31.7592937
            ],
            [
              35.2029208,
              31.7592377
            ],
            [
              35.2028948,
              31.7591577
            ],
            [
              35.2028648,
              31.7590837
            ],
            [
              35.2027918,
              31.7589167
            ],
            [
              35.2026888,
              31.7587057
            ],
            [
              35.2026278,
              31.7585837
            ],
            [
              35.2025678,
              31.7584757
            ],
            [
              35.2025088,
              31.7583797
            ],
            [
              35.2024628,
              31.7583077
            ],
            [
              35.2023588,
              31.7581327
            ],
            [
              35.2023187,
              31.7580447
            ],
            [
              35.2022877,
              31.7579557
            ],
            [
              35.202256,
              31.7578536
            ],
            [
              35.2021837,
              31.7576367
            ],
            [
              35.2021727,
              31.7575887
            ],
            [
              35.2021637,
              31.7575477
            ],
            [
              35.2021347,
              31.7573817
            ],
            [
              35.2021227,
              31.7572997
            ],
            [
              35.2021137,
              31.7571507
            ],
            [
              35.2021177,
              31.7570407
            ],
            [
              35.2021257,
              31.7569227
            ],
            [
              35.2021437,
              31.7567917
            ],
            [
              35.2021707,
              31.7566717
            ],
            [
              35.2022137,
              31.7565497
            ],
            [
              35.2022707,
              31.7564227
            ],
            [
              35.2024797,
              31.7559797
            ],
            [
              35.2025827,
              31.7557997
            ],
            [
              35.2027497,
              31.7554597
            ],
            [
              35.2027627,
              31.7554307
            ],
            [
              35.2027147,
              31.7552037
            ]
          ],
          [
            [
              35.2028027,
              31.7551997
            ],
            [
              35.2028037,
              31.7553057
            ],
            [
              35.2028007,
              31.7553277
            ],
            [
              35.2027897,
              31.7553527
            ],
            [
              35.2027627,
              31.7554307
            ]
          ],
          [
            [
              35.2029337,
              31.7551947
            ],
            [
              35.2028897,
              31.7552417
            ],
            [
              35.2028307,
              31.7553157
            ],
            [
              35.2027897,
              31.7553527
            ]
          ]
        ]
      }
    },
    {
      "type": "Feature",
      "properties": {
        "id": 146012,
        "שם_פרוייקט": "הורקניה - מיתון תנועה",
        "שכונה": "א-ו",
        "מ_כתובת": "הורקניה 2",
        "אל_כתובת": "הורקניה 33",
        "סוג_שביל": "כביש",
        "רוחב_זכות_דרך": "",
        "מס_נתיבים": null,
        "היררכיה": "מקומי",
        "סטריות": "דו סטרי",
        "מיתון": "כן",
        "פירוט": "שלב 2 - הרחבת זכות הדרך עבור סלילת שביל אופניים דו סטרי"
      },
      "geometry": {
        "type": "MultiLineString",
        "coordinates": [
          [
            [
              35.2025388,
              31.7600557
            ],
            [
              35.2026248,
              31.7600087
            ],
            [
              35.2026768,
              31.7599617
            ],
            [
              35.2027158,
              31.7599237
            ],
            [
              35.2027558,
              31.7598797
            ],
            [
              35.2028118,
              31.7598117
            ],
            [
              35.2028358,
              31.7597787
            ],
            [
              35.2028678,
              31.7597187
            ],
            [
              35.2028838,
              31.7596817
            ],
            [
              35.2029008,
              31.7596377
            ],
            [
              35.2029248,
              31.7594797
            ],
            [
              35.2029358,
              31.7593887
            ],
            [
              35.2029358,
              31.7593567
            ],
            [
              35.2029308,
              31.7592937
            ],
            [
              35.2029208,
              31.7592377
            ],
            [
              35.2028948,
              31.7591577
            ],
            [
              35.2028648,
              31.7590837
            ],
            [
              35.2027918,
              31.7589167
            ],
            [
              35.2026888,
              31.7587057
            ],
            [
              35.2026278,
              31.7585837
            ],
            [
              35.2025678,
              31.7584757
            ],
            [
              35.2025088,
              31.7583797
            ],
            [
              35.2024628,
              31.7583077
            ],
            [
              35.2023588,
              31.7581327
            ],
            [
              35.2023187,
              31.7580447
            ],
            [
              35.2022877,
              31.7579557
            ],
            [
              35.202256,
              31.7578536
            ],
            [
              35.2021837,
              31.7576367
            ],
            [
              35.2021727,
              31.7575887
            ],
            [
              35.2021637,
              31.7575477
            ],
            [
              35.2021347,
              31.7573817
            ],
            [
              35.2021227,
              31.7572997
            ],
            [
              35.2021137,
              31.7571507
            ],
            [
              35.2021177,
              31.7570407
            ],
            [
              35.2021257,
              31.7569227
            ],
            [
              35.2021437,
              31.7567917
            ],
            [
              35.2021707,
              31.7566717
            ],
            [
              35.2022137,
              31.7565497
            ],
            [
              35.2022707,
              31.7564227
            ],
            [
              35.2024797,
              31.7559797
            ],
            [
              35.2025827,
              31.7557997
            ],
            [
              35.2027497,
              31.7554597
            ],
            [
              35.2027627,
              31.7554307
            ],
            [
              35.2027147,
              31.7552037
            ]
          ],
          [
            [
              35.2028027,
              31.7551997
            ],
            [
              35.2028037,
              31.7553057
            ],
            [
              35.2028007,
              31.7553277
            ],
            [
              35.2027897,
              31.7553527
            ],
            [
              35.2027627,
              31.7554307
            ]
          ],
          [
            [
              35.2029337,
              31.7551947
            ],
            [
              35.2028897,
              31.7552417
            ],
            [
              35.2028307,
              31.7553157
            ],
            [
              35.2027897,
              31.7553527
            ]
          ]
        ]
      }
    },
    {
      "type": "Feature",
      "properties": {
        "id": 146013,
        "שם_פרוייקט": "ניקונור - מיתון תנועה",
        "שכונה": "א-ו",
        "מ_כתובת": "ניקנור 1",
        "אל_כתובת": "ניקנור 43",
        "סוג_שביל": "כביש",
        "רוחב_זכות_דרך": "12",
        "מס_נתיבים": 2,
        "היררכיה": "מקומי",
        "סטריות": "דו סטרי",
        "מיתון": "לא",
        "פירוט": "הפיכת הרחוב לממותן תנועה"
      },
      "geometry": {
        "type": "MultiLineString",
        "coordinates": [
          [
            [
              35.2025388,
              31.7600557
            ],
            [
              35.2026168,
              31.7599007
            ],
            [
              35.2026348,
              31.7598597
            ],
            [
              35.2026478,
              31.7598227
            ],
            [
              35.2026558,
              31.7597967
            ],
            [
              35.2026628,
              31.7597507
            ],
            [
              35.2026658,
              31.7596897
            ],
            [
              35.2026648,
              31.7596517
            ],
            [
              35.2026618,
              31.7596037
            ],
            [
              35.2026568,
              31.7595577
            ],
            [
              35.2026488,
              31.7595147
            ],
            [
              35.2026318,
              31.7594607
            ],
            [
              35.2026028,
              31.7594057
            ],
            [
              35.2025628,
              31.7593477
            ],
            [
              35.2025218,
              31.7593017
            ],
            [
              35.2024718,
              31.7592537
            ],
            [
              35.2024348,
              31.7592237
            ],
            [
              35.2023878,
              31.7591927
            ],
            [
              35.2023258,
              31.7591567
            ],
            [
              35.2021268,
              31.7590457
            ],
            [
              35.2018648,
              31.7589037
            ],
            [
              35.2017978,
              31.7588747
            ],
            [
              35.2017198,
              31.7588467
            ],
            [
              35.2014278,
              31.7587557
            ],
            [
              35.2009188,
              31.7585927
            ],
            [
              35.2008668,
              31.7585757
            ],
            [
              35.2000138,
              31.7582957
            ],
            [
              35.1999568,
              31.7582777
            ],
            [
              35.1998928,
              31.7582557
            ],
            [
              35.1998028,
              31.7582217
            ],
            [
              35.1997098,
              31.7581777
            ],
            [
              35.1996498,
              31.7581467
            ],
            [
              35.1995858,
              31.7581067
            ],
            [
              35.1994898,
              31.7580337
            ],
            [
              35.1994388,
              31.7579877
            ],
            [
              35.1993718,
              31.7579257
            ],
            [
              35.1993158,
              31.7578617
            ],
            [
              35.1992398,
              31.7577747
            ],
            [
              35.1991548,
              31.7576507
            ],
            [
              35.1991127,
              31.7575747
            ],
            [
              35.1990737,
              31.7574837
            ],
            [
              35.1990467,
              31.7574107
            ],
            [
              35.1990257,
              31.7573477
            ],
            [
              35.1990047,
              31.7572687
            ],
            [
              35.1989907,
              31.7572087
            ],
            [
              35.1989807,
              31.7571437
            ],
            [
              35.1989767,
              31.7570767
            ],
            [
              35.1989957,
              31.7569537
            ],
            [
              35.1990097,
              31.7568587
            ],
            [
              35.1990237,
              31.7567897
            ],
            [
              35.1990617,
              31.7566637
            ],
            [
              35.1991067,
              31.7565377
            ],
            [
              35.1994987,
              31.7566087
            ],
            [
              35.1995887,
              31.7566207
            ],
            [
              35.1996467,
              31.7566247
            ]
          ],
          [
            [
              35.1991067,
              31.7565377
            ],
            [
              35.1991327,
              31.7564817
            ],
            [
              35.1991867,
              31.7564047
            ],
            [
              35.1991557,
              31.7562327
            ]
          ],
          [
            [
              35.1993227,
              31.7562757
            ],
            [
              35.1991867,
              31.7564047
            ]
          ]
        ]
      }
    },
    {
      "type": "Feature",
      "properties": {
        "id": 146014,
        "שם_פרוייקט": "חיבור כביש הברך",
        "שכונה": "א-ו",
        "מ_כתובת": "בן יועזר 49",
        "אל_כתובת": "כביש הברך",
        "סוג_שביל": "רחוב חדש",
        "רוחב_זכות_דרך": "20",
        "מס_נתיבים": 2,
        "היררכיה": "מקומי",
        "סטריות": "דו סטרי",
        "מיתון": "לא",
        "פירוט": "המשך רחוב אליעזר הגדול אל כביש הברך ליצירת ציר צפון דרום קריטי למרחב."
      },
      "geometry": {
        "type": "LineString",
        "coordinates": [
          [
            35.2065614,
            31.7537612
          ],
          [
            35.2084056,
            31.7527311
          ]
        ]
      }
    },
    {
      "type": "Feature",
      "properties": {
        "id": 146015,
        "שם_פרוייקט": "חיים יחיל - חיבור חדש",
        "שכונה": "א-ו",
        "מ_כתובת": "רב אשי 8",
        "אל_כתובת": "בני בתירא (כיכר הבנים)",
        "סוג_שביל": "כביש",
        "רוחב_זכות_דרך": "13",
        "מס_נתיבים": 1,
        "היררכיה": "מקומי",
        "סטריות": "חד סטרי",
        "מיתון": "כן",
        "פירוט": "חיבור קצה חיים יחיל אל בני בתירא (כיכר הבנים) חיבור חסר במצב הקיים. נמצא בשטח פרטי של החווה, נדרשת תב\"ע."
      },
      "geometry": {
        "type": "LineString",
        "coordinates": [
          [
            35.203899,
            31.7584749
          ],
          [
            35.2050245,
            31.7584595
          ]
        ]
      }
    },
    {
      "type": "Feature",
      "properties": {
        "id": 146016,
        "שם_פרוייקט": "רבנו חננאל - הארכת הרחוב",
        "שכונה": "א-ו",
        "מ_כתובת": "רבנו חננאל 35",
        "אל_כתובת": "רבנו חננאל 26/התקופה",
        "סוג_שביל": "כביש",
        "רוחב_זכות_דרך": "12",
        "מס_נתיבים": 1,
        "היררכיה": "מקומי",
        "סטריות": "חד סטרי",
        "מיתון": "לא",
        "פירוט": "רחוב ללא מוצא במצב הקיים, מומלץ להאריך את הרחוב עד חיבור לרחוב התקופה באמצעות התחדשות עירונית"
      },
      "geometry": {
        "type": "LineString",
        "coordinates": [
          [
            35.201621,
            31.759104
          ],
          [
            35.202344,
            31.7595049
          ]
        ]
      }
    },
    {
      "type": "Feature",
      "properties": {
        "id": 146017,
        "שם_פרוייקט": "מתחם אילנות - מעבר ציבורי",
        "שכונה": "א-ו",
        "מ_כתובת": "הורקניה 16",
        "אל_כתובת": "ברניקי 16",
        "סוג_שביל": "כביש",
        "רוחב_זכות_דרך": "8",
        "מס_נתיבים": 1,
        "היררכיה": "מקומי",
        "סטריות": "דו  סטרי",
        "מיתון": "לא",
        "פירוט": "דרך מוטורית קיימת בשטח מתחם אילנות, משמשת כדרך שירות לבית הספר. מומלץ לפתוח אותה לאחר ביצוע התב\"ע עבור מעבר ציבורי שיקל על תנועות בשכונה"
      },
      "geometry": {
        "type": "LineString",
        "coordinates": [
          [
            35.2021837,
            31.7576367
          ],
          [
            35.2011657,
            31.7576527
          ],
          [
            35.2005727,
            31.7577567
          ]
        ]
      }
    },
    {
      "type": "Feature",
      "properties": {
        "id": 146019,
        "שם_פרוייקט": "עיבוי רשת דרכים גונן ה' - 2",
        "שכונה": "א-ו",
        "מ_כתובת": "ברניקי 14",
        "אל_כתובת": "ניקנור 216",
        "סוג_שביל": "כביש",
        "רוחב_זכות_דרך": "10",
        "מס_נתיבים": 1,
        "היררכיה": "מקומי",
        "סטריות": "חד סטרי",
        "מיתון": "כן",
        "פירוט": "עיבוי רשת הדרכים בגונן ה', הוספת דרכים מוטוריות מקומיות לתנועה מקומית חד סטרית ממותנת תנועה."
      },
      "geometry": {
        "type": "LineString",
        "coordinates": [
          [
            35.2005727,
            31.7577567
          ],
          [
            35.1995858,
            31.7581067
          ]
        ]
      }
    },
    {
      "type": "Feature",
      "properties": {
        "id": 146021,
        "שם_פרוייקט": "עיבוי רשת דרכים גונן ה' - 4",
        "שכונה": "א-ו",
        "מ_כתובת": "יהודה הנשיא 11",
        "אל_כתובת": "ברניקי 16",
        "סוג_שביל": "כביש",
        "רוחב_זכות_דרך": "10",
        "מס_נתיבים": 1,
        "היררכיה": "מקומי",
        "סטריות": "חד סטרי",
        "מיתון": "כן",
        "פירוט": "עיבוי רשת הדרכים בגונן ה', הוספת דרכים מוטוריות מקומיות לתנועה מקומית חד סטרית ממותנת תנועה."
      },
      "geometry": {
        "type": "LineString",
        "coordinates": [
          [
            35.2012507,
            31.7578387
          ],
          [
            35.2012177,
            31.7577777
          ],
          [
            35.2011987,
            31.7577387
          ],
          [
            35.2011757,
            31.7576847
          ],
          [
            35.2011657,
            31.7576527
          ],
          [
            35.2011567,
            31.7576087
          ],
          [
            35.2011257,
            31.7574907
          ],
          [
            35.2011117,
            31.7574287
          ],
          [
            35.2010967,
            31.7573517
          ],
          [
            35.2010817,
            31.7572647
          ],
          [
            35.2010717,
            31.7570287
          ],
          [
            35.2010747,
            31.7569557
          ],
          [
            35.2010797,
            31.7568987
          ],
          [
            35.2010887,
            31.7568327
          ],
          [
            35.2011107,
            31.7567467
          ],
          [
            35.2011627,
            31.7566127
          ],
          [
            35.2012157,
            31.7564847
          ],
          [
            35.2014377,
            31.7558727
          ],
          [
            35.2014487,
            31.7558387
          ],
          [
            35.2014547,
            31.7558127
          ],
          [
            35.2014637,
            31.7556937
          ]
        ]
      }
    },
    {
      "type": "Feature",
      "properties": {
        "id": 146018,
        "שם_פרוייקט": "עיבוי רשת דרכים גונן ה' - 1",
        "שכונה": "א-ו",
        "מ_כתובת": "ברניקי 3",
        "אל_כתובת": "ניקנור 218",
        "סוג_שביל": "כביש",
        "רוחב_זכות_דרך": "10",
        "מס_נתיבים": 1,
        "היררכיה": "מקומי",
        "סטריות": "חד סטרי",
        "מיתון": "כן",
        "פירוט": "עיבוי רשת הדרכים בגונן ה', הוספת דרכים מוטוריות מקומיות לתנועה מקומית חד סטרית ממותנת תנועה."
      },
      "geometry": {
        "type": "LineString",
        "coordinates": [
          [
            35.2005107,
            31.7568167
          ],
          [
            35.1991547,
            31.7576507
          ]
        ]
      }
    },
    {
      "type": "Feature",
      "properties": {
        "id": 146020,
        "שם_פרוייקט": "עיבוי רשת דרכים גונן ה' - 3",
        "שכונה": "א-ו",
        "מ_כתובת": "יהודה הנשיא 5",
        "אל_כתובת": "חננאל 21",
        "סוג_שביל": "כביש",
        "רוחב_זכות_דרך": "10",
        "מס_נתיבים": 1,
        "היררכיה": "מקומי",
        "סטריות": "חד סטרי",
        "מיתון": "כן",
        "פירוט": "עיבוי רשת הדרכים בגונן ה', הוספת דרכים מוטוריות מקומיות לתנועה מקומית חד סטרית ממותנת תנועה."
      },
      "geometry": {
        "type": "LineString",
        "coordinates": [
          [
            35.2000138,
            31.7582957
          ],
          [
            35.2000818,
            31.7582097
          ],
          [
            35.2000988,
            31.7581697
          ],
          [
            35.2000578,
            31.7580157
          ],
          [
            35.1999978,
            31.7579067
          ],
          [
            35.1999247,
            31.7576007
          ],
          [
            35.1998567,
            31.7571967
          ],
          [
            35.1998687,
            31.7563657
          ]
        ]
      }
    },
    {
      "type": "Feature",
      "properties": {
        "id": 146022,
        "שם_פרוייקט": "עיבוי רשת דרכים גונן ה' - 5",
        "שכונה": "א-ו",
        "מ_כתובת": "הורקניה 18",
        "אל_כתובת": "בני בתירא 11",
        "סוג_שביל": "כביש",
        "רוחב_זכות_דרך": "10",
        "מס_נתיבים": 1,
        "היררכיה": "מקומי",
        "סטריות": "חד סטרי",
        "מיתון": "כן",
        "פירוט": "עיבוי רשת הדרכים בגונן ה', הוספת דרכים מוטוריות מקומיות לתנועה מקומית חד סטרית ממותנת תנועה."
      },
      "geometry": {
        "type": "LineString",
        "coordinates": [
          [
            35.2044657,
            31.757693
          ],
          [
            35.2037205,
            31.7577747
          ],
          [
            35.2030137,
            31.7576727
          ],
          [
            35.2021837,
            31.7576367
          ]
        ]
      }
    },
    {
      "type": "Feature",
      "properties": {
        "id": 146023,
        "שם_פרוייקט": "תכנון מחדש בבלוק בן בבא-בן טבאי\n- 1",
        "שכונה": "א-ו",
        "מ_כתובת": "בן בבא 3",
        "אל_כתובת": "בני בתירא 2",
        "סוג_שביל": "כביש",
        "רוחב_זכות_דרך": "10",
        "מס_נתיבים": 2,
        "היררכיה": "מקומי",
        "סטריות": "דו סטרי",
        "מיתון": "כן",
        "פירוט": "יצירת רשת רחובות חדשה בתוך הבלוק באמצעות יצירת דרך מוטורית בין רחוב בן בבא לבני בתירא."
      },
      "geometry": {
        "type": "LineString",
        "coordinates": [
          [
            35.2055962,
            31.7567686
          ],
          [
            35.2044657,
            31.757693
          ]
        ]
      }
    },
    {
      "type": "Feature",
      "properties": {
        "id": 146024,
        "שם_פרוייקט": "תכנון מחדש בבלוק בן בבא-בן טבאי\n- 2",
        "שכונה": "א-ו",
        "מ_כתובת": "בני בתירא 13",
        "אל_כתובת": "בן זכאי 62",
        "סוג_שביל": "כביש",
        "רוחב_זכות_דרך": "10",
        "מס_נתיבים": 2,
        "היררכיה": "מקומי",
        "סטריות": "דו סטרי",
        "מיתון": "כן",
        "פירוט": "יצירת רשת רחובות חדשה בתוך הבלוק באמצעות יצירת דרך מוטורית בין רחוב בן זכאי לבני בתירא דרך רחוב בן טבאי"
      },
      "geometry": {
        "type": "LineString",
        "coordinates": [
          [
            35.2041557,
            31.7562647
          ],
          [
            35.2059398,
            31.7578557
          ]
        ]
      }
    },
    {
      "type": "Feature",
      "properties": {
        "id": 146025,
        "שם_פרוייקט": "טוביה בן חפץ - חיבור חדש לבן יועזר",
        "שכונה": "א-ו",
        "מ_כתובת": "טוביה בן חפץ 11",
        "אל_כתובת": "בן יועזר 8",
        "סוג_שביל": "כביש",
        "רוחב_זכות_דרך": "3",
        "מס_נתיבים": 1,
        "היררכיה": "מקומי",
        "סטריות": "חד סטרי",
        "מיתון": "כן",
        "פירוט": "חיבור קצהו המזרחי של רחוב טוביה בן חפץ אל בן יועזר דרך אנטיגונס"
      },
      "geometry": {
        "type": "LineString",
        "coordinates": [
          [
            35.2085807,
            31.7582956
          ],
          [
            35.2091117,
            31.7583205
          ],
          [
            35.2095597,
            31.7582286
          ],
          [
            35.2103147,
            31.7580126
          ]
        ]
      }
    },
    {
      "type": "Feature",
      "properties": {
        "id": 146026,
        "שם_פרוייקט": "מתחם בזק - חיבור חדש",
        "שכונה": "א-ו",
        "מ_כתובת": "פת 29",
        "אל_כתובת": "ניקנור 3",
        "סוג_שביל": "כביש",
        "רוחב_זכות_דרך": "5",
        "מס_נתיבים": 1,
        "היררכיה": "מקומי",
        "סטריות": "חד סטרי",
        "מיתון": "כן",
        "פירוט": "דרך מתחם בזק, פתיחת דרך מוטורית משולבת עבור מתן גישה למגיעים אל ניקנור מרחוב פת אשר נאלצים לבצע עיקוף משמעותי במצב הקיים."
      },
      "geometry": {
        "type": "LineString",
        "coordinates": [
          [
            35.1982631,
            31.756546
          ],
          [
            35.1984831,
            31.7566399
          ],
          [
            35.1986515,
            31.7567163
          ],
          [
            35.1989058,
            31.7567809
          ],
          [
            35.1990227,
            31.7568015
          ]
        ]
      }
    },
    {
      "type": "Feature",
      "properties": {
        "id": 146100,
        "שם_פרוייקט": "שביל ה\"ר מפארק המסילה לבן זכאי",
        "שכונה": "א-ו",
        "מ_כתובת": "אנטיגונס 31",
        "אל_כתובת": "בן יועזר 39",
        "סוג_שביל": "שביל הליכה",
        "רוחב_זכות_דרך": "6",
        "מס_נתיבים": null,
        "היררכיה": "-",
        "סטריות": "-",
        "מיתון": "-",
        "פירוט": "מקטע חסר להשלמה והסדרה עבור יצירת שביל הליכה רציף בין בן זכאי לפארק המסילה"
      },
      "geometry": {
        "type": "LineString",
        "coordinates": [
          [
            35.2062401,
            31.7558399
          ],
          [
            35.2067614,
            31.7554387
          ],
          [
            35.2070086,
            31.7552495
          ],
          [
            35.2071302,
            31.7551715
          ]
        ]
      }
    },
    {
      "type": "Feature",
      "properties": {
        "id": 146101,
        "שם_פרוייקט": "שביל ה\"ר מפארק המסילה לבן זכאי",
        "שכונה": "א-ו",
        "מ_כתובת": "בן זכאי 49",
        "אל_כתובת": "אנטיגונס 26",
        "סוג_שביל": "שביל הליכה",
        "רוחב_זכות_דרך": "6",
        "מס_נתיבים": null,
        "היררכיה": "-",
        "סטריות": "-",
        "מיתון": "-",
        "פירוט": "מקטע חסר להשלמה והסדרה עבור יצירת שביל הליכה רציף בין בן זכאי לפארק המסילה"
      },
      "geometry": {
        "type": "LineString",
        "coordinates": [
          [
            35.2055962,
            31.7567686
          ],
          [
            35.2059177,
            31.7562487
          ]
        ]
      }
    },
    {
      "type": "Feature",
      "properties": {
        "id": 146000,
        "שם_פרוייקט": "טוביה בן חפץ - חיבור חדש לאנטיגונס",
        "שכונה": "א-ו",
        "מ_כתובת": "טוביה בן חפץ 11",
        "אל_כתובת": "אנטיגונס 9",
        "סוג_שביל": "כביש",
        "רוחב_זכות_דרך": "3",
        "מס_נתיבים": 1,
        "היררכיה": "מקומי",
        "סטריות": "חד סטרי",
        "מיתון": "כן",
        "פירוט": "חיבור טוביה בן חפץ בחיבור חסר במצב הקיים אל רחוב אנטיגונס"
      },
      "geometry": {
        "type": "LineString",
        "coordinates": [
          [
            35.2085828,
            31.7582418
          ],
          [
            35.2088218,
            31.7580806
          ],
          [
            35.2088382,
            31.7578073
          ]
        ]
      }
    },
    {
      "type": "Feature",
      "properties": {
        "id": 146001,
        "שם_פרוייקט": "אנטיגונס - חיבור לבן זכאי",
        "שכונה": "א-ו",
        "מ_כתובת": "אנטיגונס 3",
        "אל_כתובת": "בן זכאי 36",
        "סוג_שביל": "כביש",
        "רוחב_זכות_דרך": "10",
        "מס_נתיבים": 1,
        "היררכיה": "מקומי",
        "סטריות": "חד סטרי",
        "מיתון": "כן",
        "פירוט": "חלקו הזרחי של רחוב אנטיגונס, מקטע ללא מוצא משמש לחניה. פתיחת הרחוב כך שיתחבר לבן זכאי ויאפשר יציאה"
      },
      "geometry": {
        "type": "LineString",
        "coordinates": [
          [
            35.2096227,
            31.7585286
          ],
          [
            35.2095477,
            31.7590636
          ]
        ]
      }
    },
    {
      "type": "Feature",
      "properties": {
        "id": 146001,
        "שם_פרוייקט": "אנטיגונס - חיבור לבן זכאי",
        "שכונה": "א-ו",
        "מ_כתובת": "אנטיגונס 3",
        "אל_כתובת": "בן זכאי 36",
        "סוג_שביל": "כביש",
        "רוחב_זכות_דרך": "10",
        "מס_נתיבים": 1,
        "היררכיה": "מקומי",
        "סטריות": "חד סטרי",
        "מיתון": "כן",
        "פירוט": "חלקו הזרחי של רחוב אנטיגונס, מקטע ללא מוצא משמש לחניה. פתיחת הרחוב כך שיתחבר לבן זכאי ויאפשר יציאה"
      },
      "geometry": {
        "type": "LineString",
        "coordinates": [
          [
            35.2096227,
            31.7585286
          ],
          [
            35.2095477,
            31.7590636
          ]
        ]
      }
    },
    {
      "type": "Feature",
      "properties": {
        "id": 416002,
        "שם_פרוייקט": "קנאי הגליל - חיבור מוטורי חדש לאלכסנדריון",
        "שכונה": "א-ו",
        "מ_כתובת": "קנאי הגליל 36",
        "אל_כתובת": "אלכסנדריון 25",
        "סוג_שביל": "כביש",
        "רוחב_זכות_דרך": "10",
        "מס_נתיבים": 1,
        "היררכיה": "מקומי",
        "סטריות": "דו סטרי",
        "מיתון": "כן",
        "פירוט": "הוספת חיבור מוטורי המשכי לחיבור קיים בין ניתאי הארבלי לקנאי הגליל, עבור פיזור תנועות מקומיות ברחובות חד סטריים"
      },
      "geometry": {
        "type": "LineString",
        "coordinates": [
          [
            35.2019707,
            31.7523507
          ],
          [
            35.2024717,
            31.7528817
          ]
        ]
      }
    },
    {
      "type": "Feature",
      "properties": {
        "id": 146003,
        "שם_פרוייקט": "עיבוי רשת הליכה גונן ה' - 1",
        "שכונה": "א-ו",
        "מ_כתובת": "ניקנור 3",
        "אל_כתובת": "ברניקי 3",
        "סוג_שביל": "שביל הליכה",
        "רוחב_זכות_דרך": "6",
        "מס_נתיבים": null,
        "היררכיה": "-",
        "סטריות": "-",
        "מיתון": "-",
        "פירוט": "הוספת שבילים לחיבור בין מעברים קיימים עבור עיבוי רשת ההליכה וקישוריות לתחנות רקל ומוסדות ציבור"
      },
      "geometry": {
        "type": "LineString",
        "coordinates": [
          [
            35.1990097,
            31.7568587
          ],
          [
            35.1998716,
            31.7568837
          ],
          [
            35.2005107,
            31.7568167
          ]
        ]
      }
    },
    {
      "type": "Feature",
      "properties": {
        "id": 146004,
        "שם_פרוייקט": "עיבוי רשת הליכה גונן ה' -2",
        "שכונה": "א-ו",
        "מ_כתובת": "ניקנור 30",
        "אל_כתובת": "הורקניה 25",
        "סוג_שביל": "שביל הליכה",
        "רוחב_זכות_דרך": "6",
        "מס_נתיבים": null,
        "היררכיה": "-",
        "סטריות": "-",
        "מיתון": "-",
        "פירוט": "הוספת שבילים לחיבור בין מעברים קיימים עבור עיבוי רשת ההליכה וקישוריות לתחנות רקל ומוסדות ציבור"
      },
      "geometry": {
        "type": "LineString",
        "coordinates": [
          [
            35.2024628,
            31.7583077
          ],
          [
            35.2017978,
            31.7588747
          ]
        ]
      }
    },
    {
      "type": "Feature",
      "properties": {
        "id": 146005,
        "שם_פרוייקט": "מכוור - פריצת רחוב ללא מוצא",
        "שכונה": "א-ו",
        "מ_כתובת": "מכוור 5",
        "אל_כתובת": "בני בתירא",
        "סוג_שביל": "כביש",
        "רוחב_זכות_דרך": "10",
        "מס_נתיבים": 1,
        "היררכיה": "מקומי",
        "סטריות": "חד סטרי",
        "מיתון": "כן",
        "פירוט": "פריצת מעבר מוטורי חסום בקצה רחוב מכוור וחיבורו לבני בתירא כך שיתאפשר חיבור ממכוור לבני בתירא, יציאה מהשכונה"
      },
      "geometry": {
        "type": "LineString",
        "coordinates": [
          [
            35.2041887,
            31.7560027
          ],
          [
            35.2039537,
            31.7561007
          ]
        ]
      }
    },
    {
      "type": "Feature",
      "properties": {
        "id": 146006,
        "שם_פרוייקט": "תוספת מעברי ה\"ר",
        "שכונה": "א-ו",
        "מ_כתובת": "בן טבאי 7",
        "אל_כתובת": "בן זכאי 68",
        "סוג_שביל": "שביל הליכה",
        "רוחב_זכות_דרך": "6",
        "מס_נתיבים": null,
        "היררכיה": "-",
        "סטריות": "-",
        "מיתון": "-",
        "פירוט": "הסדרת שבילים חסרים קישוריות לרקל"
      },
      "geometry": {
        "type": "LineString",
        "coordinates": [
          [
            35.2043357,
            31.7569557
          ],
          [
            35.2051427,
            31.7563737
          ]
        ]
      }
    },
    {
      "type": "Feature",
      "properties": {
        "id": 146007,
        "שם_פרוייקט": "תוספת מעברי ה\"ר",
        "שכונה": "א-ו",
        "מ_כתובת": "בן זכאי 68",
        "אל_כתובת": "אנטיגונס 28 א",
        "סוג_שביל": "שביל הליכה",
        "רוחב_זכות_דרך": "6",
        "מס_נתיבים": null,
        "היררכיה": "-",
        "סטריות": "-",
        "מיתון": "-",
        "פירוט": "הסדרת שבילים חסרים קישוריות לרקל"
      },
      "geometry": {
        "type": "LineString",
        "coordinates": [
          [
            35.2051887,
            31.7563347
          ],
          [
            35.2055895,
            31.7559574
          ]
        ]
      }
    },
    {
      "type": "Feature",
      "properties": {
        "id": 146008,
        "שם_פרוייקט": "השלמת מעבר חסר",
        "שכונה": "א-ו",
        "מ_כתובת": "אנטיגונס 9",
        "אל_כתובת": "שביל בן בבא",
        "סוג_שביל": "שביל הליכה",
        "רוחב_זכות_דרך": "6",
        "מס_נתיבים": null,
        "היררכיה": "-",
        "סטריות": "-",
        "מיתון": "-",
        "פירוט": "השלמת שבילים חסרים ליצירת מערך שבילים מקושר"
      },
      "geometry": {
        "type": "LineString",
        "coordinates": [
          [
            35.2077109,
            31.7566109
          ],
          [
            35.2083945,
            31.7571444
          ],
          [
            35.2084413,
            31.7571816
          ],
          [
            35.2085668,
            31.7572001
          ],
          [
            35.2086147,
            31.7571986
          ]
        ]
      }
    },
    {
      "type": "Feature",
      "properties": {
        "id": 146009,
        "שם_פרוייקט": "כיכר מן/הלר - שדרוג המרחב",
        "שכונה": "גבעת מרדכי",
        "מ_כתובת": "כיכר מן",
        "אל_כתובת": "כיכר מן",
        "סוג_שביל": "תנועה משולבת",
        "רוחב_זכות_דרך": "13",
        "מס_נתיבים": 2,
        "היררכיה": "מקומי",
        "סטריות": "דו סטרי",
        "מיתון": "כן",
        "פירוט": "שדרוג מרחב כיכר מן/הלר - מרכז השכוונה - שדרוג מרחב כיכר מן/הלר - מרכז השכוונה - יצירת מרכז שכונתי חדש מעל הדרגנוע (מצרני) והמשכו ברב גולד עד הכנ�"
      },
      "geometry": {
        "type": "MultiLineString",
        "coordinates": [
          [
            [
              35.1972538,
              31.7619937
            ],
            [
              35.1977938,
              31.7620817
            ],
            [
              35.1977998,
              31.7620687
            ],
            [
              35.1978088,
              31.7620587
            ],
            [
              35.1978208,
              31.7620497
            ],
            [
              35.1978278,
              31.7620467
            ],
            [
              35.1978388,
              31.7620437
            ],
            [
              35.1978538,
              31.7620417
            ],
            [
              35.1978718,
              31.7620447
            ],
            [
              35.1978858,
              31.7620507
            ],
            [
              35.1978978,
              31.7620597
            ],
            [
              35.1979058,
              31.7620707
            ],
            [
              35.1979108,
              31.7620837
            ],
            [
              35.1979128,
              31.7620967
            ],
            [
              35.1979108,
              31.7621097
            ],
            [
              35.1979058,
              31.7621227
            ],
            [
              35.1978968,
              31.7621337
            ],
            [
              35.1978858,
              31.7621427
            ],
            [
              35.1978758,
              31.7621467
            ],
            [
              35.1978608,
              31.7621507
            ],
            [
              35.1978458,
              31.7621507
            ],
            [
              35.1978308,
              31.7621477
            ],
            [
              35.1978198,
              31.7621427
            ],
            [
              35.1978038,
              31.7621297
            ],
            [
              35.1977948,
              31.7621147
            ],
            [
              35.1977928,
              31.7621087
            ],
            [
              35.1977918,
              31.7620987
            ],
            [
              35.1977918,
              31.7620917
            ],
            [
              35.1977938,
              31.7620817
            ]
          ],
          [
            [
              35.1978968,
              31.7622247
            ],
            [
              35.1978758,
              31.7621467
            ]
          ],
          [
            [
              35.1978978,
              31.7620597
            ],
            [
              35.1981058,
              31.7617467
            ]
          ]
        ]
      }
    },
    {
      "type": "Feature",
      "properties": {
        "id": 145000,
        "שם_פרוייקט": "שדרוג מרחב הכניסה לשכונה",
        "שכונה": "גבעת מרדכי",
        "מ_כתובת": "תחנת רקל שח\"ל",
        "אל_כתובת": "תחנת רקל שח\"ל",
        "סוג_שביל": "שביל הליכה",
        "רוחב_זכות_דרך": "6",
        "מס_נתיבים": null,
        "היררכיה": "-",
        "סטריות": "-",
        "מיתון": "-",
        "פירוט": "יצירת מסלול ישיר וברור מהדרגנוע אל תחנת הרקל לרבות הוספת הצללה ותעדוף הולכי רגל בצמתים"
      },
      "geometry": {
        "type": "MultiLineString",
        "coordinates": [
          [
            [
              35.1985708,
              31.7636097
            ],
            [
              35.1986498,
              31.7635867
            ],
            [
              35.1986868,
              31.7635727
            ],
            [
              35.1987378,
              31.7635467
            ],
            [
              35.1987888,
              31.7635147
            ],
            [
              35.1988308,
              31.7634797
            ],
            [
              35.1988528,
              31.7634577
            ],
            [
              35.1988698,
              31.7634297
            ],
            [
              35.1988978,
              31.7633597
            ],
            [
              35.1989228,
              31.7632747
            ],
            [
              35.1989408,
              31.7631627
            ],
            [
              35.1989488,
              31.7630647
            ],
            [
              35.1989498,
              31.7629397
            ],
            [
              35.1989488,
              31.7628057
            ],
            [
              35.1989498,
              31.7626627
            ],
            [
              35.1989558,
              31.7625247
            ],
            [
              35.1989868,
              31.7623557
            ],
            [
              35.1990828,
              31.7620327
            ],
            [
              35.1991448,
              31.7618307
            ],
            [
              35.1991918,
              31.7616817
            ],
            [
              35.1992398,
              31.7616787
            ],
            [
              35.1992938,
              31.7616767
            ],
            [
              35.1993438,
              31.7616767
            ],
            [
              35.1994548,
              31.7616857
            ]
          ],
          [
            [
              35.1993308,
              31.7611347
            ],
            [
              35.1991918,
              31.7616817
            ]
          ],
          [
            [
              35.1994948,
              31.7617107
            ],
            [
              35.1995328,
              31.7617307
            ],
            [
              35.1995718,
              31.7617467
            ],
            [
              35.1995938,
              31.7617547
            ],
            [
              35.1996588,
              31.7617907
            ],
            [
              35.1997158,
              31.7618137
            ],
            [
              35.1998178,
              31.7618337
            ],
            [
              35.2000058,
              31.7618547
            ]
          ]
        ]
      }
    },
    {
      "type": "Feature",
      "properties": {
        "id": 145001,
        "שם_פרוייקט": "הנגשת גן נחצ'ה",
        "שכונה": "גבעת מרדכי",
        "מ_כתובת": "הלר 1",
        "אל_כתובת": "מחלף בייט",
        "סוג_שביל": "שביל הליכה",
        "רוחב_זכות_דרך": "6",
        "מס_נתיבים": null,
        "היררכיה": "-",
        "סטריות": "-",
        "מיתון": "-",
        "פירוט": "ביצוע עבודות הנגשה אל גן נחצ'ה העתיד לשמש כמרחב המעבר אל תחנת גבעת מרדכי במחלף בייט."
      },
      "geometry": {
        "type": "MultiLineString",
        "coordinates": [
          [
            [
              35.1953118,
              31.7663987
            ],
            [
              35.1956148,
              31.7662627
            ],
            [
              35.1955348,
              31.7658327
            ]
          ],
          [
            [
              35.1956148,
              31.7662627
            ],
            [
              35.1958868,
              31.7661367
            ]
          ]
        ]
      }
    },
    {
      "type": "Feature",
      "properties": {
        "id": 145007,
        "שם_פרוייקט": "פתיחת מעבר דרומי אל עמק הצבאים",
        "שכונה": "גבעת מרדכי",
        "מ_כתובת": "שח\"ל 15",
        "אל_כתובת": "גשר עמק הצבאים (מגדל)",
        "סוג_שביל": "שביל הליכה",
        "רוחב_זכות_דרך": "6",
        "מס_נתיבים": null,
        "היררכיה": "-",
        "סטריות": "-",
        "מיתון": "-",
        "פירוט": "פתיחת מעבר, הסדרת מדרגות ושביל במרחב לא מפותח שבין תחנת כיבוי אש לגדר עמק הצבאים בשטח של שני המוסדות."
      },
      "geometry": {
        "type": "LineString",
        "coordinates": [
          [
            35.1982448,
            31.7599683
          ],
          [
            35.1983437,
            31.7596669
          ],
          [
            35.1979481,
            31.7594217
          ],
          [
            35.1981047,
            31.7582164
          ]
        ]
      }
    },
    {
      "type": "Feature",
      "properties": {
        "id": 145002,
        "שם_פרוייקט": "חיבור רחוב מן לרחוב שח\"ל",
        "שכונה": "גבעת מרדכי",
        "מ_כתובת": "מן 5 א",
        "אל_כתובת": "שח\"ל 22",
        "סוג_שביל": "כביש",
        "רוחב_זכות_דרך": "14",
        "מס_נתיבים": 2,
        "היררכיה": "מקומי",
        "סטריות": "חד סטרי",
        "מיתון": "כן",
        "פירוט": "הארכת רחוב מן ויצירת צומת עם רחוב שח\"ל במסגרת תכנון מחדש של המרחב, הסדרת רחוב מן כחד סטרי"
      },
      "geometry": {
        "type": "LineString",
        "coordinates": [
          [
            35.1982489,
            31.7610719
          ],
          [
            35.1970704,
            31.760634
          ]
        ]
      }
    },
    {
      "type": "Feature",
      "properties": {
        "id": 145003,
        "שם_פרוייקט": "הלר-מן-אביעד-סרנא - מיתון תנועה ותוספת הצללה",
        "שכונה": "גבעת מרדכי",
        "מ_כתובת": "צומת הלר/מן",
        "אל_כתובת": "צומת סרנא/אביעד",
        "סוג_שביל": "תנועה משולבת",
        "רוחב_זכות_דרך": "13",
        "מס_נתיבים": 2,
        "היררכיה": "מקומי",
        "סטריות": "חד סטרי",
        "מיתון": "כן",
        "פירוט": "מיתון תנועה על בסיס גיאומטריה, הסדרת חניות, צמצום מרחב צמתים, הרחבת מדרכות, תוספת הצללה, מעברי חציה מוגבהים"
      },
      "geometry": {
        "type": "MultiLineString",
        "coordinates": [
          [
            [
              35.1941948,
              31.7656517
            ],
            [
              35.1946578,
              31.7657407
            ],
            [
              35.1950908,
              31.7658367
            ],
            [
              35.1951548,
              31.7658497
            ],
            [
              35.1952418,
              31.7658507
            ],
            [
              35.1953028,
              31.7658487
            ],
            [
              35.1954628,
              31.7658407
            ],
            [
              35.1955348,
              31.7658327
            ],
            [
              35.1957028,
              31.7657967
            ],
            [
              35.1958048,
              31.7657687
            ],
            [
              35.1958928,
              31.7657417
            ],
            [
              35.1959998,
              31.7656977
            ],
            [
              35.1960998,
              31.7656537
            ],
            [
              35.1961628,
              31.7656167
            ],
            [
              35.1962088,
              31.7655847
            ],
            [
              35.1962528,
              31.7655497
            ],
            [
              35.1963398,
              31.7654627
            ],
            [
              35.1964278,
              31.7653757
            ],
            [
              35.1965038,
              31.7652877
            ],
            [
              35.1965568,
              31.7652147
            ],
            [
              35.1966898,
              31.7649887
            ],
            [
              35.1967278,
              31.7649297
            ],
            [
              35.1967898,
              31.7648437
            ],
            [
              35.1968898,
              31.7647137
            ],
            [
              35.1970028,
              31.7645907
            ],
            [
              35.1972008,
              31.7643867
            ],
            [
              35.1972888,
              31.7642897
            ],
            [
              35.1974228,
              31.7641197
            ],
            [
              35.1975318,
              31.7639827
            ],
            [
              35.1977548,
              31.7636937
            ],
            [
              35.1978228,
              31.7636037
            ],
            [
              35.1978768,
              31.7635267
            ],
            [
              35.1979178,
              31.7634577
            ],
            [
              35.1979458,
              31.7634007
            ],
            [
              35.1979808,
              31.7633217
            ],
            [
              35.1980178,
              31.7632267
            ],
            [
              35.1980288,
              31.7631887
            ],
            [
              35.1980378,
              31.7631357
            ],
            [
              35.1980428,
              31.7630837
            ],
            [
              35.1980388,
              31.7630117
            ],
            [
              35.1978968,
              31.7622247
            ]
          ],
          [
            [
              35.1949518,
              31.7652327
            ],
            [
              35.1946578,
              31.7657407
            ]
          ],
          [
            [
              35.1972538,
              31.7619937
            ],
            [
              35.1971088,
              31.7624727
            ],
            [
              35.1969668,
              31.7628557
            ],
            [
              35.1969448,
              31.7629077
            ],
            [
              35.1969208,
              31.7629557
            ],
            [
              35.1968928,
              31.7630067
            ],
            [
              35.1967368,
              31.7632187
            ],
            [
              35.1966588,
              31.7633077
            ],
            [
              35.1965598,
              31.7634137
            ],
            [
              35.1963958,
              31.7635757
            ],
            [
              35.1963208,
              31.7636357
            ],
            [
              35.1962198,
              31.7637107
            ],
            [
              35.1959208,
              31.7639157
            ],
            [
              35.1958058,
              31.7639977
            ],
            [
              35.1957158,
              31.7640657
            ],
            [
              35.1956578,
              31.7641117
            ],
            [
              35.1955868,
              31.7641857
            ],
            [
              35.1955438,
              31.7642477
            ],
            [
              35.1955098,
              31.7643117
            ],
            [
              35.1954468,
              31.7644367
            ],
            [
              35.1953078,
              31.7647287
            ],
            [
              35.1949523,
              31.7652307
            ]
          ],
          [
            [
              35.1971388,
              31.7619687
            ],
            [
              35.1967198,
              31.7618677
            ]
          ]
        ]
      }
    },
    {
      "type": "Feature",
      "properties": {
        "id": 145004,
        "שם_פרוייקט": "שח\"ל - שביל אופניים",
        "שכונה": "גבעת מרדכי",
        "מ_כתובת": "צומת שח\"ל (תחנת רק,ל)",
        "אל_כתובת": "צומת מחלף בייט",
        "סוג_שביל": "שביל אופניים",
        "רוחב_זכות_דרך": "15",
        "מס_נתיבים": 2,
        "היררכיה": "מאסף",
        "סטריות": "2",
        "מיתון": "לא",
        "פירוט": "סלילת שביל אופניים דו סטרי ברחוב שח\"ל. נדרשת הרחבת זכות הדרך ב-2 מ' להפקעה בהתחדשות עירונית"
      },
      "geometry": {
        "type": "MultiLineString",
        "coordinates": [
          [
            [
              35.1944738,
              31.7665137
            ],
            [
              35.1943388,
              31.7663397
            ],
            [
              35.1942648,
              31.7662167
            ],
            [
              35.1942198,
              31.7661427
            ],
            [
              35.1941868,
              31.7660547
            ],
            [
              35.1941738,
              31.7659857
            ],
            [
              35.1941718,
              31.7658757
            ],
            [
              35.1941848,
              31.7658137
            ],
            [
              35.1941888,
              31.7657967
            ],
            [
              35.1941948,
              31.7656517
            ],
            [
              35.1941538,
              31.7657417
            ],
            [
              35.1941268,
              31.7657997
            ],
            [
              35.1941128,
              31.7658677
            ],
            [
              35.1941128,
              31.7659417
            ],
            [
              35.1941168,
              31.7659957
            ],
            [
              35.1941268,
              31.7660617
            ],
            [
              35.1941468,
              31.7661297
            ],
            [
              35.1941648,
              31.7661647
            ],
            [
              35.1942038,
              31.7662457
            ],
            [
              35.1942858,
              31.7663827
            ],
            [
              35.1943828,
              31.7665157
            ],
            [
              35.1944798,
              31.7666527
            ],
            [
              35.1945678,
              31.7667517
            ],
            [
              35.1945668,
              31.7666997
            ],
            [
              35.1945578,
              31.7666527
            ],
            [
              35.1945408,
              31.7666057
            ],
            [
              35.1944738,
              31.7665137
            ],
            [
              35.1945408,
              31.7665657
            ],
            [
              35.1945818,
              31.7665867
            ],
            [
              35.1946498,
              31.7666157
            ],
            [
              35.1947048,
              31.7666337
            ],
            [
              35.1947548,
              31.7666477
            ],
            [
              35.1948568,
              31.7666707
            ]
          ],
          [
            [
              35.1941948,
              31.7656517
            ],
            [
              35.1943628,
              31.7648657
            ],
            [
              35.1944208,
              31.7645787
            ],
            [
              35.1944358,
              31.7645147
            ],
            [
              35.1944678,
              31.7644277
            ],
            [
              35.1944828,
              31.7643947
            ],
            [
              35.1945508,
              31.7642637
            ],
            [
              35.1945968,
              31.7641987
            ],
            [
              35.1946378,
              31.7641487
            ],
            [
              35.1947028,
              31.7640827
            ],
            [
              35.1948158,
              31.7639787
            ],
            [
              35.1952988,
              31.7635607
            ],
            [
              35.1957408,
              31.7631797
            ],
            [
              35.1958888,
              31.7630387
            ],
            [
              35.1959978,
              31.7629347
            ],
            [
              35.1960608,
              31.7628707
            ],
            [
              35.1962218,
              31.7626877
            ],
            [
              35.1963098,
              31.7625777
            ],
            [
              35.1963738,
              31.7624887
            ],
            [
              35.1964238,
              31.7624127
            ],
            [
              35.1964768,
              31.7623247
            ],
            [
              35.1965538,
              31.7621897
            ],
            [
              35.1965968,
              31.7621137
            ],
            [
              35.1966418,
              31.7620267
            ],
            [
              35.1967198,
              31.7618677
            ],
            [
              35.1970258,
              31.7607137
            ],
            [
              35.1971218,
              31.7604347
            ],
            [
              35.1971518,
              31.7603647
            ],
            [
              35.1971838,
              31.7602967
            ],
            [
              35.1972178,
              31.7602407
            ],
            [
              35.1972678,
              31.7601707
            ],
            [
              35.1973098,
              31.7601287
            ],
            [
              35.1973588,
              31.7600897
            ],
            [
              35.1973968,
              31.7600627
            ],
            [
              35.1974598,
              31.7600297
            ],
            [
              35.1975378,
              31.7599937
            ],
            [
              35.1976068,
              31.7599697
            ],
            [
              35.1976838,
              31.7599467
            ],
            [
              35.1977248,
              31.7599377
            ],
            [
              35.1977788,
              31.7599307
            ],
            [
              35.1978408,
              31.7599237
            ],
            [
              35.1979438,
              31.7599167
            ],
            [
              35.1980218,
              31.7599187
            ],
            [
              35.1981038,
              31.7599267
            ],
            [
              35.1981788,
              31.7599377
            ],
            [
              35.1982738,
              31.7599547
            ],
            [
              35.1985968,
              31.7600407
            ],
            [
              35.1988398,
              31.7601087
            ],
            [
              35.1989238,
              31.7601337
            ],
            [
              35.1989978,
              31.7601617
            ],
            [
              35.1990498,
              31.7601837
            ],
            [
              35.1991118,
              31.7602157
            ],
            [
              35.1991658,
              31.7602547
            ],
            [
              35.1992128,
              31.7602907
            ],
            [
              35.1992678,
              31.7603407
            ],
            [
              35.1993098,
              31.7603867
            ],
            [
              35.1993438,
              31.7604277
            ],
            [
              35.1993918,
              31.7605007
            ],
            [
              35.1994158,
              31.7605507
            ],
            [
              35.1994328,
              31.7605967
            ],
            [
              35.1994488,
              31.7606537
            ],
            [
              35.1994618,
              31.7607917
            ],
            [
              35.1994718,
              31.7608317
            ],
            [
              35.1995848,
              31.7609487
            ]
          ],
          [
            [
              35.1994718,
              31.7608317
            ],
            [
              35.1995038,
              31.7609817
            ]
          ]
        ]
      }
    },
    {
      "type": "Feature",
      "properties": {
        "id": 145006,
        "שם_פרוייקט": "טיפול ברחוב הועד הלאומי",
        "שכונה": "גבעת מרדכי",
        "מ_כתובת": "צומת הועד הלאומי/שח\"ל",
        "אל_כתובת": "מכון לב",
        "סוג_שביל": "כביש",
        "רוחב_זכות_דרך": "17",
        "מס_נתיבים": 2,
        "היררכיה": "מקומי",
        "סטריות": "דו סטרי",
        "מיתון": "כן",
        "פירוט": "יישור תוואי הרחוב והסדרת חתך אחיד שכולל מדרכות מוצלות ושביל אופניים. אמור להיות כלול בתכנית עמק ציון. ככל שהתכנית אינה מתקדמת מומלץ לקדם סט�"
      },
      "geometry": {
        "type": "MultiLineString",
        "coordinates": [
          [
            [
              35.1941848,
              31.7658137
            ],
            [
              35.1941268,
              31.7657997
            ],
            [
              35.1940018,
              31.7657707
            ],
            [
              35.1939328,
              31.7657547
            ],
            [
              35.1938778,
              31.7657437
            ],
            [
              35.1938338,
              31.7657367
            ],
            [
              35.1937978,
              31.7657327
            ],
            [
              35.1937388,
              31.7657327
            ],
            [
              35.1937238,
              31.7657327
            ],
            [
              35.1935728,
              31.7657437
            ],
            [
              35.1934448,
              31.7657507
            ],
            [
              35.1932058,
              31.7657607
            ],
            [
              35.1931218,
              31.7657627
            ],
            [
              35.1930518,
              31.7657677
            ],
            [
              35.1929638,
              31.7657757
            ],
            [
              35.1928988,
              31.7657857
            ],
            [
              35.1928608,
              31.7657927
            ],
            [
              35.1928298,
              31.7658017
            ],
            [
              35.1927478,
              31.7658367
            ],
            [
              35.1926178,
              31.7658907
            ],
            [
              35.1925728,
              31.7659177
            ],
            [
              35.1925508,
              31.7659367
            ],
            [
              35.1925358,
              31.7659517
            ],
            [
              35.1925348,
              31.7659537
            ],
            [
              35.1925248,
              31.7659677
            ],
            [
              35.1924998,
              31.7660547
            ],
            [
              35.1924758,
              31.7662267
            ],
            [
              35.1924608,
              31.7663047
            ],
            [
              35.1924358,
              31.7663897
            ]
          ],
          [
            [
              35.1940018,
              31.7657707
            ],
            [
              35.1940368,
              31.7657697
            ],
            [
              35.1941358,
              31.7657467
            ],
            [
              35.1941538,
              31.7657417
            ]
          ]
        ]
      }
    },
    {
      "type": "Feature",
      "properties": {
        "id": null,
        "שם_פרוייקט": "כיכר שחל",
        "שכונה": "גבעת מרדכי",
        "מ_כתובת": "",
        "אל_כתובת": "",
        "סוג_שביל": "",
        "רוחב_זכות_דרך": "",
        "מס_נתיבים": null,
        "היררכיה": "",
        "סטריות": "",
        "מיתון": "",
        "פירוט": ""
      },
      "geometry": {
        "type": "MultiLineString",
        "coordinates": [
          [
            [
              35.1972538,
              31.7619937
            ],
            [
              35.1971388,
              31.7619687
            ]
          ],
          [
            [
              35.1981058,
              31.7617467
            ],
            [
              35.1981558,
              31.7616727
            ],
            [
              35.1981898,
              31.7616137
            ],
            [
              35.1982278,
              31.7615357
            ],
            [
              35.1982498,
              31.7614667
            ],
            [
              35.1982608,
              31.7614007
            ],
            [
              35.1982678,
              31.7613037
            ],
            [
              35.1982688,
              31.7612637
            ],
            [
              35.1982678,
              31.7612167
            ],
            [
              35.1982608,
              31.7611547
            ],
            [
              35.1982408,
              31.7610797
            ],
            [
              35.1982128,
              31.7610137
            ],
            [
              35.1981848,
              31.7609687
            ],
            [
              35.1981538,
              31.7609347
            ],
            [
              35.1980868,
              31.7608967
            ],
            [
              35.1979578,
              31.7608217
            ]
          ],
          [
            [
              35.1994118,
              31.7613577
            ],
            [
              35.1994458,
              31.7611297
            ],
            [
              35.1994788,
              31.7610667
            ],
            [
              35.1994768,
              31.7610597
            ],
            [
              35.1994758,
              31.7610477
            ],
            [
              35.1994788,
              31.7610237
            ],
            [
              35.1994878,
              31.7610017
            ],
            [
              35.1994948,
              31.7609917
            ],
            [
              35.1995038,
              31.7609817
            ],
            [
              35.1995128,
              31.7609737
            ],
            [
              35.1995238,
              31.7609657
            ],
            [
              35.1995418,
              31.7609577
            ],
            [
              35.1995618,
              31.7609517
            ],
            [
              35.1995848,
              31.7609487
            ],
            [
              35.1996038,
              31.7609497
            ],
            [
              35.1996168,
              31.7609527
            ],
            [
              35.1996428,
              31.7609617
            ],
            [
              35.1996538,
              31.7609677
            ],
            [
              35.1996648,
              31.7609757
            ],
            [
              35.1996738,
              31.7609847
            ],
            [
              35.1996848,
              31.7609977
            ],
            [
              35.1996918,
              31.7610097
            ],
            [
              35.1996978,
              31.7610267
            ],
            [
              35.1996998,
              31.7610447
            ],
            [
              35.1996978,
              31.7610627
            ],
            [
              35.1996918,
              31.7610797
            ],
            [
              35.1996828,
              31.7610957
            ],
            [
              35.1996698,
              31.7611097
            ],
            [
              35.1996548,
              31.7611207
            ],
            [
              35.1997408,
              31.7612117
            ],
            [
              35.1997568,
              31.7612367
            ],
            [
              35.1997718,
              31.7612797
            ],
            [
              35.1997778,
              31.7613687
            ],
            [
              35.1997628,
              31.7614967
            ],
            [
              35.1997528,
              31.7615387
            ],
            [
              35.1997298,
              31.7615997
            ],
            [
              35.1997008,
              31.7616297
            ],
            [
              35.1996638,
              31.7616457
            ],
            [
              35.1996308,
              31.7616507
            ],
            [
              35.1995918,
              31.7616497
            ],
            [
              35.1995478,
              31.7616367
            ],
            [
              35.1994998,
              31.7616087
            ],
            [
              35.1994468,
              31.7615567
            ],
            [
              35.1993998,
              31.7614817
            ],
            [
              35.1993988,
              31.7615027
            ],
            [
              35.1994028,
              31.7615567
            ],
            [
              35.1994078,
              31.7615947
            ],
            [
              35.1994138,
              31.7616177
            ],
            [
              35.1994248,
              31.7616437
            ],
            [
              35.1994548,
              31.7616857
            ],
            [
              35.1994948,
              31.7617107
            ]
          ],
          [
            [
              35.1995938,
              31.7611397
            ],
            [
              35.1995758,
              31.7611397
            ],
            [
              35.1995548,
              31.7611357
            ],
            [
              35.1995358,
              31.7611297
            ],
            [
              35.1995188,
              31.7611197
            ],
            [
              35.1995078,
              31.7611117
            ],
            [
              35.1994948,
              31.7610977
            ],
            [
              35.1994848,
              31.7610827
            ],
            [
              35.1994788,
              31.7610667
            ]
          ],
          [
            [
              35.1996548,
              31.7611207
            ],
            [
              35.1996428,
              31.7611277
            ],
            [
              35.1996238,
              31.7611347
            ],
            [
              35.1996098,
              31.7611387
            ],
            [
              35.1995938,
              31.7611397
            ],
            [
              35.1995028,
              31.7612127
            ],
            [
              35.1994788,
              31.7612367
            ],
            [
              35.1994618,
              31.7612607
            ],
            [
              35.1994118,
              31.7613577
            ],
            [
              35.1994028,
              31.7614387
            ],
            [
              35.1993998,
              31.7614817
            ]
          ],
          [
            [
              35.1995938,
              31.7617547
            ],
            [
              35.2000058,
              31.7617587
            ]
          ]
        ]
      }
    },
    {
      "type": "Feature",
      "properties": {
        "id": 145008,
        "שם_פרוייקט": "השומר-הנוטרים-מרגולין - שינוי סטריות",
        "שכונה": "ח-ט",
        "מ_כתובת": "צומת השומר הנוטרים",
        "אל_כתובת": "צומת השומר/הנוטרים",
        "סוג_שביל": "כביש",
        "רוחב_זכות_דרך": "13",
        "מס_נתיבים": 1,
        "היררכיה": "מקומי",
        "סטריות": "חד סטרי",
        "מיתון": "כן",
        "פירוט": "מרכז השכונה, ממותן תנועה באופיו, חד סטרי. מוצע שינוי הסטריות הקיימת."
      },
      "geometry": {
        "type": "MultiLineString",
        "coordinates": [
          [
            [
              35.1955067,
              31.7543417
            ],
            [
              35.1954797,
              31.7543517
            ],
            [
              35.1954567,
              31.7543637
            ],
            [
              35.1954357,
              31.7543777
            ],
            [
              35.1954207,
              31.7543937
            ],
            [
              35.1953567,
              31.7544907
            ],
            [
              35.1952227,
              31.7547137
            ],
            [
              35.1951777,
              31.7547857
            ],
            [
              35.1951107,
              31.7548867
            ],
            [
              35.1950987,
              31.7549137
            ],
            [
              35.1950957,
              31.7549307
            ],
            [
              35.1950937,
              31.7549567
            ],
            [
              35.1951287,
              31.7549987
            ],
            [
              35.1951577,
              31.7550207
            ],
            [
              35.1951877,
              31.7550407
            ],
            [
              35.1953487,
              31.7551157
            ],
            [
              35.1956957,
              31.7552947
            ],
            [
              35.1958807,
              31.7553987
            ],
            [
              35.1959597,
              31.7554397
            ],
            [
              35.1960457,
              31.7554797
            ],
            [
              35.1961557,
              31.7555277
            ],
            [
              35.1962297,
              31.7555507
            ],
            [
              35.1962687,
              31.7555647
            ],
            [
              35.1963097,
              31.7555817
            ],
            [
              35.1963497,
              31.7556027
            ],
            [
              35.1964307,
              31.7556427
            ],
            [
              35.1968557,
              31.7558697
            ],
            [
              35.1969027,
              31.7558887
            ],
            [
              35.1969417,
              31.7558987
            ],
            [
              35.1969777,
              31.7559067
            ],
            [
              35.1970137,
              31.7559107
            ],
            [
              35.1970707,
              31.7559147
            ],
            [
              35.1971237,
              31.7559137
            ],
            [
              35.1971827,
              31.7558997
            ],
            [
              35.1972157,
              31.7558847
            ],
            [
              35.1972447,
              31.7558677
            ],
            [
              35.1972737,
              31.7558457
            ],
            [
              35.1973017,
              31.7558147
            ],
            [
              35.1974747,
              31.7555847
            ],
            [
              35.1975687,
              31.7554667
            ],
            [
              35.1976797,
              31.7552867
            ],
            [
              35.1976307,
              31.7552487
            ],
            [
              35.1975197,
              31.7551657
            ],
            [
              35.1972817,
              31.7550227
            ],
            [
              35.1971127,
              31.7549297
            ],
            [
              35.1968217,
              31.7547817
            ],
            [
              35.1962917,
              31.7545967
            ],
            [
              35.1956877,
              31.7543807
            ],
            [
              35.1955907,
              31.7543467
            ],
            [
              35.1955033,
              31.7543395
            ]
          ],
          [
            [
              35.1977467,
              31.7553267
            ],
            [
              35.1976797,
              31.7552867
            ]
          ]
        ]
      }
    },
    {
      "type": "Feature",
      "properties": {
        "id": null,
        "שם_פרוייקט": "143003",
        "שכונה": "ח-ט",
        "מ_כתובת": "פארק הנוטרים",
        "אל_כתובת": "בי\"ס גונן",
        "סוג_שביל": "שביל הליכה",
        "רוחב_זכות_דרך": "6",
        "מס_נתיבים": null,
        "היררכיה": "",
        "סטריות": "",
        "מיתון": "",
        "פירוט": "תוספת מעבר להולכי רגל ורוכבי אופניים בין רח' השומר לפארק הנוטרים"
      },
      "geometry": {
        "type": "LineString",
        "coordinates": [
          [
            35.1974772,
            31.7555994
          ],
          [
            35.1966571,
            31.7552634
          ],
          [
            35.1952394,
            31.7547266
          ]
        ]
      }
    }
  ]
}