{
  "type": "FeatureCollection",
  "features": [
    {
      "type": "Feature",
      "geometry": {
        "type": "MultiLineString",
        "coordinates": [
          [
            [
              35.2047857,
              31.7517027
            ],
            [
              35.2048677,
              31.7517897
            ],
            [
              35.2049287,
              31.7518537
            ],
            [
              35.2049697,
              31.7518937
            ],
            [
              35.2050107,
              31.7519297
            ],
            [
              35.2051037,
              31.7520047
            ],
            [
              35.2051957,
              31.7520757
            ],
            [
              35.2054777,
              31.7522767
            ],
            [
              35.2059297,
              31.7526697
            ],
            [
              35.2060207,
              31.7527657
            ],
            [
              35.2060707,
              31.7528427
            ],
            [
              35.2061687,
              31.7529857
            ],
            [
              35.2062877,
              31.7531767
            ],
            [
              35.2063627,
              31.7533317
            ],
            [
              35.2064167,
              31.7534567
            ],
            [
              35.2065417,
              31.7536747
            ],
            [
              35.2065537,
              31.7536817
            ],
            [
              35.2065677,
              31.7536937
            ],
            [
              35.2065767,
              31.7537037
            ],
            [
              35.2065867,
              31.7537207
            ],
            [
              35.2065937,
              31.7537397
            ],
            [
              35.2065967,
              31.7537597
            ],
            [
              35.2065977,
              31.7537817
            ],
            [
              35.2065947,
              31.7537967
            ],
            [
              35.2065927,
              31.7538097
            ],
            [
              35.2065847,
              31.7538307
            ],
            [
              35.2066337,
              31.7540297
            ],
            [
              35.2065897,
              31.7539737
            ],
            [
              35.2065727,
              31.7539547
            ],
            [
              35.2065517,
              31.7539337
            ],
            [
              35.2065017,
              31.7538967
            ],
            [
              35.2064847,
              31.7538977
            ],
            [
              35.2064667,
              31.7538947
            ],
            [
              35.2064497,
              31.7538887
            ],
            [
              35.2064377,
              31.7538807
            ],
            [
              35.2064257,
              31.7538697
            ],
            [
              35.2064177,
              31.7538597
            ],
            [
              35.2064107,
              31.7538477
            ],
            [
              35.2064027,
              31.7538297
            ],
            [
              35.2063987,
              31.7538087
            ],
            [
              35.2063977,
              31.7537947
            ],
            [
              35.2063997,
              31.7537737
            ],
            [
              35.2064027,
              31.7537587
            ],
            [
              35.2064067,
              31.7537457
            ],
            [
              35.2064127,
              31.7537327
            ],
            [
              35.2064197,
              31.7537197
            ],
            [
              35.2064307,
              31.7537057
            ],
            [
              35.2064427,
              31.7536937
            ],
            [
              35.2064527,
              31.7536857
            ],
            [
              35.2064647,
              31.7536787
            ],
            [
              35.2064827,
              31.7536717
            ],
            [
              35.2064997,
              31.7536687
            ],
            [
              35.2065137,
              31.7536677
            ],
            [
              35.2065257,
              31.7536697
            ],
            [
              35.2065417,
              31.7536747
            ]
          ],
          [
            [
              35.2048517,
              31.7508377
            ],
            [
              35.2047757,
              31.7510437
            ],
            [
              35.2047567,
              31.7510967
            ],
            [
              35.2047117,
              31.7512347
            ],
            [
              35.2047017,
              31.7512777
            ],
            [
              35.2046967,
              31.7513237
            ],
            [
              35.2046947,
              31.7513597
            ],
            [
              35.2047007,
              31.7514347
            ],
            [
              35.2047137,
              31.7514827
            ],
            [
              35.2047857,
              31.7517027
            ],
            [
              35.2046947,
              31.7516207
            ],
            [
              35.2046477,
              31.7515747
            ],
            [
              35.2045887,
              31.7515067
            ],
            [
              35.2045807,
              31.7514587
            ],
            [
              35.2045767,
              31.7514297
            ],
            [
              35.2045727,
              31.7513737
            ],
            [
              35.2045717,
              31.7512997
            ],
            [
              35.2045747,
              31.7512587
            ],
            [
              35.2045807,
              31.7512177
            ],
            [
              35.2046327,
              31.7510737
            ],
            [
              35.2047277,
              31.7508367
            ]
          ],
          [
            [
              35.2064167,
              31.7534567
            ],
            [
              35.2064307,
              31.7537057
            ]
          ],
          [
            [
              35.2065017,
              31.7538967
            ],
            [
              35.2065157,
              31.7538937
            ],
            [
              35.2065277,
              31.7538887
            ],
            [
              35.2065507,
              31.7538747
            ],
            [
              35.2065697,
              31.7538547
            ],
            [
              35.2065847,
              31.7538307
            ]
          ],
          [
            [
              35.2066337,
              31.7540297
            ],
            [
              35.2068317,
              31.7546017
            ],
            [
              35.2068597,
              31.7546737
            ],
            [
              35.2069017,
              31.7547727
            ],
            [
              35.2069367,
              31.7548527
            ],
            [
              35.2069737,
              31.7549237
            ],
            [
              35.2070527,
              31.7550647
            ],
            [
              35.2071357,
              31.7551857
            ],
            [
              35.2072307,
              31.7553227
            ],
            [
              35.2074517,
              31.7555777
            ],
            [
              35.2075397,
              31.7556727
            ],
            [
              35.2076017,
              31.7557337
            ],
            [
              35.2076837,
              31.7558097
            ],
            [
              35.2077687,
              31.7558837
            ],
            [
              35.2078347,
              31.7559317
            ],
            [
              35.2080347,
              31.7560767
            ],
            [
              35.2081927,
              31.7561827
            ],
            [
              35.2088417,
              31.7566106
            ],
            [
              35.2090947,
              31.7567776
            ],
            [
              35.2092287,
              31.7568646
            ],
            [
              35.2093527,
              31.7569566
            ],
            [
              35.2094327,
              31.7570186
            ],
            [
              35.2095597,
              31.7571296
            ],
            [
              35.2097117,
              31.7572876
            ],
            [
              35.2098447,
              31.7574416
            ],
            [
              35.2099737,
              31.7576146
            ],
            [
              35.2102447,
              31.7579226
            ],
            [
              35.2103147,
              31.7580126
            ],
            [
              35.2103357,
              31.7580736
            ],
            [
              35.2103737,
              31.7581996
            ],
            [
              35.2103877,
              31.7582656
            ],
            [
              35.2104107,
              31.7584576
            ],
            [
              35.2104647,
              31.7589966
            ],
            [
              35.2104627,
              31.7590046
            ],
            [
              35.2104137,
              31.7591306
            ]
          ],
          [
            [
              35.2104647,
              31.7589966
            ],
            [
              35.2104677,
              31.7590046
            ],
            [
              35.2105357,
              31.7591466
            ]
          ]
        ]
      },
      "properties": {
        "project_id": "f374c4de65fc",
        "domain": "public_space",
        "domain_he": "מרחב ציבורי",
        "service_he": "הוספת מעבר ה\"ר",
        "service_key": null,
        "project_name": "מרח' בן יועזר לרח' פת",
        "project_num": "מעבר ה\"ר מס' 8",
        "description": "המשכי לציר ה\"ר מאושר בתב\"ע שיורד מקמפוס גוננים",
        "units_label": "מ'",
        "units_required": 100,
        "units_kind": "line",
        "plan_number": null,
        "plan_raw": "לא",
        "plan_status": "טרם תכנון",
        "year_planning": 2036,
        "year_execution": 2040,
        "chumash": 3,
        "chumash_raw": "חומש 3 (2036-2040)",
        "sub_neighborhood": "גוננים א-ו",
        "location_id": null,
        "managing_body": "תכנון עיר",
        "estimate_nis": 150000.0,
        "pdf_link": "עמ' 9 חוברת מרחב ציבורי גוננים",
        "pdf_excerpt": "[עמ' 9]\nH\n שחל\nת. פייר קניג\nת. הפרסה\nת. בני בתירה\nאלכסנדריון\nת. נחל רפאים\nת. בן יועזר\nת. אורנים\nיהודה הנשיא\nת. פת\nת. תלפיות\nאלעזר בן יאיר\nגן\n אלכסדריון\nגן\nניקנור\nברניקי\nחננאל\nניתאי הארבלי\nניתאי הארבלי\nקנאי הגליל\nקנאי הגליל\nאלעזר בן יאיר\nפארק מורדות גוננים\nאלכסנדריון\nברל לוקר\nמבוא רוזנשטיין\nגן גולדשטיין\nבר יוחאי\nפ. המסילה\nהשומר\nקנגרו\nיצחק ש\nכ\nחוות הנוער הציוני\nניקנור\nהתקופה\nבית הנוער\nסן סימון\nש”י עגנון\nמקור חיים\nמעגלי יבנה\nרשב”ג\nבן יועזר\nרשב”ג\nהאמוראים\nת. אורנים\n\nריש לקיש\nברוריה\nרבי חייא\nפת\nפת\nבן זכאי\nבן זכאי\nפייר קניג\nיהודה\nהנשיא\nהרצוג\nבני בתירא\nהורקניה\nאנטיגנוס\nאנטיגנוס\nאילנות\nטרפון\nבי”ס\n פלא\nבי”ס עלמא\nאמונה\nקמפוס\nגוננים\nקנאי הגליל\nבן יועזר\nאליעזר הגדול\n,לצורך מימוש סכמת החזון מס‘ פערים למימוש\nבשקופיות הבאות פירוט קבוצות הפערים:\n. מקטעים של מעברי הולכי רגל להשלמה1\n. שינוי ייעוד של שב”צים שמתפקדים כשצ”פים2\n. שצ”פים ומעברים בפלישה3\n. גשר לעמק הצבאים4\n. הוספת מעברי חציה בהשך למעברי הולכי רגל5\n  פרוט הצירים מומלצים להוספה\n1\n2\n4\n3\n6\n7\n5\n8\n9\n10\n10\n12\n11\n15\n13\n14\n פרק ג': המלצות\nגוננים\n פערים: מעברי הולכי רגל להשלמה- חזון\nמאיפה\nלאיפה\nמהות\nסטטוס מימוש\n1הורקניה\nניקנור\nחיבור רח\n'\nחיים יחיל עם אזור בית הנוער והרצוג\nכרגע בייעוד מגורים ,\n ניתן למימוש אם תהיה יוזמת\nבניה\n2גינת ניקנור\nרח\n'\nניקנור\nחיבור הגינה במתחם ניקנור עם רח '\n ניקנור באופן ישיר\nוהמשכי לאילנות\n.\nקיים מעבר ה\"ר קרוב אך הוא מייצר ציר מזוגזג ולא ישר\nכרגע בייעוד מגורים\n,\nניתן למימוש אם תהיה יוזמת\nבניה\n3גינת ניקנור\nרח\n'\nיהודה הנשיא\nחיבור הפארק ולב המתחם לציר רק\n\"ל\nכרגע בייעוד מגורים ,\n ניתן למימוש אם תהיה יוזמת\nבניה\n4גן אלכסנדריון\nרח\n'\nקנאי הגליל\nציר שיורד למטה לכיוון רח\n'\nפת חלק בייעוד מגורים(חלק שביל)\n ,\n ניתן למימוש אם\nתהיה יוזמת בניה\n5רח\n'\nיהודה הנשיא\nרח\n'\nאלכסנדריון שביל קיים ופעיל בייעוד מגורים שחוצה את פארק מורדות\nגוננים ,\n מוצע כחלק מהרעיון של\"שביל גוננים\"\nכרגע בייעוד מגורים ומשמש בפועל כשביל ,\n ניתן\nלמימוש אם תהי …",
        "match_quality": "shapefile",
        "overlap_plan_names": [],
        "geometry_source": "projector_official_layer3",
        "marker_kind": "passage_line",
        "lot_area_m2": null,
        "is_eivuy_brown": false,
        "is_shatzap_polygon": false,
        "is_metaham_polygon": false,
        "inner_shatzap_geom": null,
        "inner_shatzap_count": 0,
        "inner_shatzap_total_m2": 0,
        "is_metaham_pdf_tichnun": false,
        "road_bearing_deg": null,
        "obstacles": "יתאפשר רק במסגרת פרויקטים עתידיים של התחדשות עירונית (כרוך בשינוי ייעוד)",
        "related_projects_text": null,
        "shp_hierarchy": "מאסף",
        "shp_oneway": "דו סטרי",
        "shp_calming": "כן",
        "shp_path_kind": "כביש",
        "shp_element": "3: מדרכה + מסעה + שביל אופניים",
        "shp_essence": "הוספת שביל אופניים",
        "shp_chumash_text": "3 - 2036-2040",
        "shp_status": "טרום תכנון",
        "shp_park_n": "חניה בניצב",
        "shp_park_s": "חניה במקביל",
        "tik_title": "שקופית 53: בן יועזר | סיכום מצב מוצע",
        "tik_pdf_name": "25-12-29 גוננים א-ו - תיק שכונה.pdf",
        "tik_page": 51,
        "tik_label": "תיק שכונה — גוננים א-ו",
        "tik_excerpt": "בן יועזר |סיכום מצב מוצע\nקונספט תכנוני\nטיפול מוצע\nמיתון תנועה\nמיתון תנועה מסוג ב '\n– \n מיסעה דו סטרית5.5\n מ '\nהליכתיות\nביטול רצועת חניה אחת לטובת הרחבת מדרכות.\nשתילת עצים ב\"אוזניים\" בין כל שתי חניות.\nתשתית רכיבה\nשלב א' - על בסיס מצב קיים: \nרכיבה משולבת, רמת הפרדה א'\nשלב ב '- אסטרטגי:\n סלילת שביל אופניים ברמת הפרדה ג'\n מיתון תנועה ורכיבה משותפת(שלב א') \n חתך מוצע15מ '(מצב קיים)\n תנועה דו סטרית +שביל אופניים ברמת הפרדה ג '(שלב ב')\n חתך מוצע18מ '(אסטרטגי)",
        "display_point": [
          35.2067945,
          31.7544943
        ]
      }
    },
    {
      "type": "Feature",
      "geometry": {
        "type": "MultiLineString",
        "coordinates": [
          [
            [
              35.2047857,
              31.7517027
            ],
            [
              35.2048677,
              31.7517897
            ],
            [
              35.2049287,
              31.7518537
            ],
            [
              35.2049697,
              31.7518937
            ],
            [
              35.2050107,
              31.7519297
            ],
            [
              35.2051037,
              31.7520047
            ],
            [
              35.2051957,
              31.7520757
            ],
            [
              35.2054777,
              31.7522767
            ],
            [
              35.2059297,
              31.7526697
            ],
            [
              35.2060207,
              31.7527657
            ],
            [
              35.2060707,
              31.7528427
            ],
            [
              35.2061687,
              31.7529857
            ],
            [
              35.2062877,
              31.7531767
            ],
            [
              35.2063627,
              31.7533317
            ],
            [
              35.2064167,
              31.7534567
            ],
            [
              35.2065417,
              31.7536747
            ],
            [
              35.2065537,
              31.7536817
            ],
            [
              35.2065677,
              31.7536937
            ],
            [
              35.2065767,
              31.7537037
            ],
            [
              35.2065867,
              31.7537207
            ],
            [
              35.2065937,
              31.7537397
            ],
            [
              35.2065967,
              31.7537597
            ],
            [
              35.2065977,
              31.7537817
            ],
            [
              35.2065947,
              31.7537967
            ],
            [
              35.2065927,
              31.7538097
            ],
            [
              35.2065847,
              31.7538307
            ],
            [
              35.2066337,
              31.7540297
            ],
            [
              35.2065897,
              31.7539737
            ],
            [
              35.2065727,
              31.7539547
            ],
            [
              35.2065517,
              31.7539337
            ],
            [
              35.2065017,
              31.7538967
            ],
            [
              35.2064847,
              31.7538977
            ],
            [
              35.2064667,
              31.7538947
            ],
            [
              35.2064497,
              31.7538887
            ],
            [
              35.2064377,
              31.7538807
            ],
            [
              35.2064257,
              31.7538697
            ],
            [
              35.2064177,
              31.7538597
            ],
            [
              35.2064107,
              31.7538477
            ],
            [
              35.2064027,
              31.7538297
            ],
            [
              35.2063987,
              31.7538087
            ],
            [
              35.2063977,
              31.7537947
            ],
            [
              35.2063997,
              31.7537737
            ],
            [
              35.2064027,
              31.7537587
            ],
            [
              35.2064067,
              31.7537457
            ],
            [
              35.2064127,
              31.7537327
            ],
            [
              35.2064197,
              31.7537197
            ],
            [
              35.2064307,
              31.7537057
            ],
            [
              35.2064427,
              31.7536937
            ],
            [
              35.2064527,
              31.7536857
            ],
            [
              35.2064647,
              31.7536787
            ],
            [
              35.2064827,
              31.7536717
            ],
            [
              35.2064997,
              31.7536687
            ],
            [
              35.2065137,
              31.7536677
            ],
            [
              35.2065257,
              31.7536697
            ],
            [
              35.2065417,
              31.7536747
            ]
          ],
          [
            [
              35.2048517,
              31.7508377
            ],
            [
              35.2047757,
              31.7510437
            ],
            [
              35.2047567,
              31.7510967
            ],
            [
              35.2047117,
              31.7512347
            ],
            [
              35.2047017,
              31.7512777
            ],
            [
              35.2046967,
              31.7513237
            ],
            [
              35.2046947,
              31.7513597
            ],
            [
              35.2047007,
              31.7514347
            ],
            [
              35.2047137,
              31.7514827
            ],
            [
              35.2047857,
              31.7517027
            ],
            [
              35.2046947,
              31.7516207
            ],
            [
              35.2046477,
              31.7515747
            ],
            [
              35.2045887,
              31.7515067
            ],
            [
              35.2045807,
              31.7514587
            ],
            [
              35.2045767,
              31.7514297
            ],
            [
              35.2045727,
              31.7513737
            ],
            [
              35.2045717,
              31.7512997
            ],
            [
              35.2045747,
              31.7512587
            ],
            [
              35.2045807,
              31.7512177
            ],
            [
              35.2046327,
              31.7510737
            ],
            [
              35.2047277,
              31.7508367
            ]
          ],
          [
            [
              35.2064167,
              31.7534567
            ],
            [
              35.2064307,
              31.7537057
            ]
          ],
          [
            [
              35.2065017,
              31.7538967
            ],
            [
              35.2065157,
              31.7538937
            ],
            [
              35.2065277,
              31.7538887
            ],
            [
              35.2065507,
              31.7538747
            ],
            [
              35.2065697,
              31.7538547
            ],
            [
              35.2065847,
              31.7538307
            ]
          ],
          [
            [
              35.2066337,
              31.7540297
            ],
            [
              35.2068317,
              31.7546017
            ],
            [
              35.2068597,
              31.7546737
            ],
            [
              35.2069017,
              31.7547727
            ],
            [
              35.2069367,
              31.7548527
            ],
            [
              35.2069737,
              31.7549237
            ],
            [
              35.2070527,
              31.7550647
            ],
            [
              35.2071357,
              31.7551857
            ],
            [
              35.2072307,
              31.7553227
            ],
            [
              35.2074517,
              31.7555777
            ],
            [
              35.2075397,
              31.7556727
            ],
            [
              35.2076017,
              31.7557337
            ],
            [
              35.2076837,
              31.7558097
            ],
            [
              35.2077687,
              31.7558837
            ],
            [
              35.2078347,
              31.7559317
            ],
            [
              35.2080347,
              31.7560767
            ],
            [
              35.2081927,
              31.7561827
            ],
            [
              35.2088417,
              31.7566106
            ],
            [
              35.2090947,
              31.7567776
            ],
            [
              35.2092287,
              31.7568646
            ],
            [
              35.2093527,
              31.7569566
            ],
            [
              35.2094327,
              31.7570186
            ],
            [
              35.2095597,
              31.7571296
            ],
            [
              35.2097117,
              31.7572876
            ],
            [
              35.2098447,
              31.7574416
            ],
            [
              35.2099737,
              31.7576146
            ],
            [
              35.2102447,
              31.7579226
            ],
            [
              35.2103147,
              31.7580126
            ],
            [
              35.2103357,
              31.7580736
            ],
            [
              35.2103737,
              31.7581996
            ],
            [
              35.2103877,
              31.7582656
            ],
            [
              35.2104107,
              31.7584576
            ],
            [
              35.2104647,
              31.7589966
            ],
            [
              35.2104627,
              31.7590046
            ],
            [
              35.2104137,
              31.7591306
            ]
          ],
          [
            [
              35.2104647,
              31.7589966
            ],
            [
              35.2104677,
              31.7590046
            ],
            [
              35.2105357,
              31.7591466
            ]
          ]
        ]
      },
      "properties": {
        "project_id": "38352be1da18",
        "domain": "public_space",
        "domain_he": "מרחב ציבורי",
        "service_he": "תוספת שצ\"פ",
        "service_key": null,
        "project_name": "גינת בן יועזר פינת תנחומא",
        "project_num": "שב\"צ מס' 3",
        "description": "שב\"צ שמתפקד כשצ\"פ ובעל ערך. יש לערוך שינוי ייעוד לשצ\"פ.",
        "units_label": "מ\"ר",
        "units_required": 1700,
        "units_kind": "area",
        "plan_number": null,
        "plan_raw": "לא",
        "plan_status": "טרם תכנון",
        "year_planning": 2024,
        "year_execution": 2030,
        "chumash": 1,
        "chumash_raw": "חומש ראשון 2030",
        "sub_neighborhood": "גוננים א-ו",
        "location_id": "170/30143",
        "managing_body": "תכנון עיר",
        "estimate_nis": 150000.0,
        "pdf_link": "עמ' 10 חוברת מרחב ציבורי גוננים",
        "pdf_excerpt": "[עמ' 10]\nדונם1.15 גן ניקנור\n דונם1.7 גינת בן יועזר פינת תנחומא\n דונם1.1 חורשת חוג’ה  אורנים סמוך לבי”ס פלא\n דונם1.4 מגרש קט רגל צמוד לגן אנטיגנוס\n דונם0.8 גן אלכסנדריון\n פרוט שצ\"פ בייעוד שב\"צ:\n1\n1\n2\n2\n3\n3\n4\n4\n5\n5\n פרק ג': המלצות\nגוננים\n פערים: שצ\"פ בייעוד שב\"צ- חזון",
        "match_quality": "shapefile",
        "overlap_plan_names": [],
        "geometry_source": "projector_official_layer3",
        "marker_kind": "shatzap_rect",
        "lot_area_m2": null,
        "is_eivuy_brown": false,
        "is_shatzap_polygon": false,
        "is_metaham_polygon": false,
        "inner_shatzap_geom": null,
        "inner_shatzap_count": 0,
        "inner_shatzap_total_m2": 0,
        "is_metaham_pdf_tichnun": false,
        "road_bearing_deg": null,
        "obstacles": "מתואם מול יועצי הפרוגרמה של הפרויקטור מבחינת גריעת מגרשים בייעוד שב\"צ",
        "related_projects_text": null,
        "shp_hierarchy": "מאסף",
        "shp_oneway": "דו סטרי",
        "shp_calming": "כן",
        "shp_path_kind": "כביש",
        "shp_element": "3: מדרכה + מסעה + שביל אופניים",
        "shp_essence": "הוספת שביל אופניים",
        "shp_chumash_text": "3 - 2036-2040",
        "shp_status": "טרום תכנון",
        "shp_park_n": "חניה בניצב",
        "shp_park_s": "חניה במקביל",
        "tik_title": "שקופית 53: בן יועזר | סיכום מצב מוצע",
        "tik_pdf_name": "25-12-29 גוננים א-ו - תיק שכונה.pdf",
        "tik_page": 51,
        "tik_label": "תיק שכונה — גוננים א-ו",
        "tik_excerpt": "בן יועזר |סיכום מצב מוצע\nקונספט תכנוני\nטיפול מוצע\nמיתון תנועה\nמיתון תנועה מסוג ב '\n– \n מיסעה דו סטרית5.5\n מ '\nהליכתיות\nביטול רצועת חניה אחת לטובת הרחבת מדרכות.\nשתילת עצים ב\"אוזניים\" בין כל שתי חניות.\nתשתית רכיבה\nשלב א' - על בסיס מצב קיים: \nרכיבה משולבת, רמת הפרדה א'\nשלב ב '- אסטרטגי:\n סלילת שביל אופניים ברמת הפרדה ג'\n מיתון תנועה ורכיבה משותפת(שלב א') \n חתך מוצע15מ '(מצב קיים)\n תנועה דו סטרית +שביל אופניים ברמת הפרדה ג '(שלב ב')\n חתך מוצע18מ '(אסטרטגי)",
        "display_point": [
          35.2067945,
          31.7544943
        ]
      }
    },
    {
      "type": "Feature",
      "geometry": {
        "type": "LineString",
        "coordinates": [
          [
            35.201621,
            31.759104
          ],
          [
            35.202344,
            31.7595049
          ]
        ]
      },
      "properties": {
        "project_id": "6fa4d10ede8d",
        "domain": "public_space",
        "domain_he": "מרחב ציבורי",
        "service_he": "מעבר חציה",
        "service_key": null,
        "project_name": "חננאל",
        "project_num": "ממעבר חציה מס'4",
        "description": "המשכי למעבר ה\"ר. מומלץ מעבר חציה מוגבה",
        "units_label": "_",
        "units_required": "_",
        "units_kind": null,
        "plan_number": null,
        "plan_raw": "לא",
        "plan_status": "טרם תכנון",
        "year_planning": 2031,
        "year_execution": 2035,
        "chumash": 2,
        "chumash_raw": "חומש 2 (2031-2035)",
        "sub_neighborhood": "גוננים א-ו",
        "location_id": "190/30171",
        "managing_body": "תושיה",
        "estimate_nis": null,
        "pdf_link": "עמ' 13 חוברת מרחב ציבורי גוננים",
        "pdf_excerpt": "[עמ' 13]\n.פרק המסקנות מכיל המלצות לפרוייקטים שנולדו מתוך למידת העומק והניתוח של השכונות\nההמלצות נחלקות לסלי פרוייקטים לשדרוג פיזי ולמתחמים להתחדשות עירונית.\n מקרא אייקונים לסלי הפרוייקטים:\nהצעה מתחמית\nשימור\nהסדרה\nסטטוטורית\nיצירת מקום\nבמסגרת\nהתחדשות\nעירונית\nפינת ישיבה\nתצפית\nשדרוג הקיים\nמעבר חדש\nהנגשה מכאנית\n פרק ג': המלצות\nגוננים\nסלי פרוייקטים",
        "match_quality": "shapefile",
        "overlap_plan_names": [],
        "geometry_source": "projector_official_layer3",
        "marker_kind": "passage_line",
        "lot_area_m2": null,
        "is_eivuy_brown": false,
        "is_shatzap_polygon": false,
        "is_metaham_polygon": false,
        "inner_shatzap_geom": null,
        "inner_shatzap_count": 0,
        "inner_shatzap_total_m2": 0,
        "is_metaham_pdf_tichnun": false,
        "road_bearing_deg": null,
        "obstacles": "כרגע לא חלק מפרויקט",
        "related_projects_text": null,
        "shp_hierarchy": "מקומי",
        "shp_oneway": "חד סטרי",
        "shp_calming": "לא",
        "shp_path_kind": "כביש",
        "shp_element": "2: מדרכה + מיסעה",
        "shp_essence": "חיבור חדש",
        "shp_chumash_text": "3 - 2036-2040",
        "shp_status": "טרם תכנון",
        "shp_park_n": "חניה מקבילה",
        "tik_title": "שקופית 74: גישה מוטורית לניקנור-רבנו חננאל",
        "tik_pdf_name": "25-12-29 גוננים א-ו - תיק שכונה.pdf",
        "tik_page": 72,
        "tik_label": "תיק שכונה — גוננים א-ו",
        "tik_excerpt": "גישה מוטורית\nלניקנור-רבנו חננאל\n•\n כיום אסורה התנועה שמאלה מיהודה הנשיא\nלניקנור \n לבאים\nמכיוון פת ,\n מה שמחייב סיבוב באורך1.5\n ק\"מ .\n•בפועל נהגים מקצרים דרך פרסה לא מוסדרת בקנאי הגליל ,\n אך הסדרי הקו הסגול יביאו לסגירת הגישה מקנאי הגליל\nלניקנור ויחמירו את הנגישות .\n•\n לא ניתן לשנות את הסדרי התנועה באופן שיקל על הגישה\nלרחוב.\n•\n מומלץ לייצר גישה מוטורית חדשה לרחוב באמצעות\n התחברות לציר מוטורי חדש מתוכנן במסגרת תכניות מגדל\nעמק הצבאים ,\n מתחם בזק המוביל אל רמפות כניסה לחניוני\nשני הפרויקטים .\n הארכה של הציר עד לרחוב\nניקנור \n תקצר\n את הדרך עבור236\n יח\"\n ד ותצמצם את הנסועה העודפת\nבשכונה.\n•ככל שלא יקודם פתרון תחבורתי ,\n יש להביא בחשבון את\nמגבלות הגישה לרחוב בעת קידום תכניות חדשות באזור.",
        "display_point": [
          35.2019825,
          31.7593045
        ]
      }
    },
    {
      "type": "Feature",
      "geometry": {
        "type": "MultiLineString",
        "coordinates": [
          [
            [
              35.2000227,
              31.7550747
            ],
            [
              35.1997807,
              31.7550157
            ],
            [
              35.2000657,
              31.7542677
            ],
            [
              35.2001777,
              31.7539937
            ],
            [
              35.2002127,
              31.7539167
            ],
            [
              35.2003167,
              31.7537117
            ],
            [
              35.2003757,
              31.7536097
            ],
            [
              35.2004447,
              31.7534987
            ],
            [
              35.2005417,
              31.7533507
            ],
            [
              35.2006877,
              31.7531367
            ],
            [
              35.2007697,
              31.7530227
            ],
            [
              35.2008177,
              31.7529517
            ],
            [
              35.2008737,
              31.7528807
            ],
            [
              35.2009897,
              31.7527477
            ],
            [
              35.2010457,
              31.7526937
            ],
            [
              35.2011247,
              31.7526197
            ],
            [
              35.2012597,
              31.7524987
            ],
            [
              35.2017397,
              31.7521067
            ]
          ],
          [
            [
              35.1999367,
              31.7559887
            ],
            [
              35.1996747,
              31.7559467
            ],
            [
              35.1994707,
              31.7559057
            ],
            [
              35.1993707,
              31.7558837
            ],
            [
              35.1993467,
              31.7558747
            ],
            [
              35.1993267,
              31.7558637
            ],
            [
              35.1993137,
              31.7558537
            ],
            [
              35.1993057,
              31.7558437
            ],
            [
              35.1992957,
              31.7558267
            ],
            [
              35.1992917,
              31.7558097
            ],
            [
              35.1992897,
              31.7557967
            ],
            [
              35.1992947,
              31.7557767
            ],
            [
              35.1993007,
              31.7557627
            ],
            [
              35.1993757,
              31.7556487
            ],
            [
              35.1994987,
              31.7554867
            ],
            [
              35.1997537,
              31.7550777
            ],
            [
              35.1997807,
              31.7550157
            ]
          ],
          [
            [
              35.2019707,
              31.7523507
            ],
            [
              35.2017397,
              31.7521067
            ]
          ],
          [
            [
              35.2033479,
              31.7517582
            ],
            [
              35.2031978,
              31.7513956
            ],
            [
              35.2026117,
              31.7516047
            ],
            [
              35.2025358,
              31.7516409
            ],
            [
              35.2022607,
              31.7517717
            ],
            [
              35.2021447,
              31.7518307
            ],
            [
              35.2020907,
              31.7518597
            ],
            [
              35.2019357,
              31.7519527
            ],
            [
              35.2018567,
              31.7520057
            ],
            [
              35.2018037,
              31.7520477
            ],
            [
              35.2017397,
              31.7521067
            ]
          ]
        ]
      },
      "properties": {
        "project_id": "ddf4724ee7af",
        "domain": "public_space",
        "domain_he": "מרחב ציבורי",
        "service_he": "מעבר חציה",
        "service_key": null,
        "project_name": "ניתאי הארבלי",
        "project_num": "ממעבר חציה מס'7",
        "description": "המשכי למעבר ה\"ר מונגש. מומלץ גם להסדיר המדרכה עם הרחוב ללא מוצא כך שכ\"ר יכנסו דרך אבן עליה לרכב",
        "units_label": "_",
        "units_required": "_",
        "units_kind": null,
        "plan_number": null,
        "plan_raw": "לא",
        "plan_status": "טרם תכנון",
        "year_planning": 2031,
        "year_execution": 2035,
        "chumash": 2,
        "chumash_raw": "חומש 2 (2031-2035)",
        "sub_neighborhood": "גוננים א-ו",
        "location_id": "114/30172",
        "managing_body": "תושיה",
        "estimate_nis": null,
        "pdf_link": "עמ' 13 חוברת מרחב ציבורי גוננים",
        "pdf_excerpt": "[עמ' 13]\n.פרק המסקנות מכיל המלצות לפרוייקטים שנולדו מתוך למידת העומק והניתוח של השכונות\nההמלצות נחלקות לסלי פרוייקטים לשדרוג פיזי ולמתחמים להתחדשות עירונית.\n מקרא אייקונים לסלי הפרוייקטים:\nהצעה מתחמית\nשימור\nהסדרה\nסטטוטורית\nיצירת מקום\nבמסגרת\nהתחדשות\nעירונית\nפינת ישיבה\nתצפית\nשדרוג הקיים\nמעבר חדש\nהנגשה מכאנית\n פרק ג': המלצות\nגוננים\nסלי פרוייקטים",
        "match_quality": "shapefile",
        "overlap_plan_names": [],
        "geometry_source": "projector_official_layer3",
        "marker_kind": "passage_line",
        "lot_area_m2": null,
        "is_eivuy_brown": false,
        "is_shatzap_polygon": false,
        "is_metaham_polygon": false,
        "inner_shatzap_geom": null,
        "inner_shatzap_count": 0,
        "inner_shatzap_total_m2": 0,
        "is_metaham_pdf_tichnun": false,
        "road_bearing_deg": null,
        "obstacles": "כרגע לא חלק מפרויקט",
        "related_projects_text": null,
        "shp_hierarchy": "מקומי",
        "shp_oneway": "חד סטרי",
        "shp_calming": "כן",
        "shp_path_kind": "כביש",
        "shp_element": "2: מדרכה + מיסעה",
        "shp_essence": "מיתון תנועה",
        "shp_chumash_text": "1 - 2025-2030",
        "shp_status": "טרום תכנון",
        "shp_park_w": "חניה במקביל",
        "tik_title": "שקופית 65: ניתאי הארבלי | תכניות תנועה מקודמות",
        "tik_pdf_name": "25-12-29 גוננים א-ו - תיק שכונה.pdf",
        "tik_page": 63,
        "tik_label": "תיק שכונה — גוננים א-ו",
        "tik_excerpt": "ניתאי הארבלי |תכניות תנועה מקודמות\n מפלס ניתאי הארבלי מתוך נספח תנועה לתכנית101-1115450\n \n חיבור ניתאי הארבלי אל קנאי הגליל מתוך נספח תנועה לתכנית101-\n0721902",
        "display_point": [
          35.1998548,
          31.7559756
        ]
      }
    },
    {
      "type": "Feature",
      "geometry": {
        "type": "MultiLineString",
        "coordinates": [
          [
            [
              35.1998747,
              31.7563027
            ],
            [
              35.1999367,
              31.7559887
            ],
            [
              35.1999847,
              31.7558017
            ],
            [
              35.2001737,
              31.7550727
            ],
            [
              35.2002727,
              31.7547617
            ],
            [
              35.2004637,
              31.7542687
            ],
            [
              35.2005447,
              31.7540767
            ],
            [
              35.2006407,
              31.7538797
            ],
            [
              35.2006957,
              31.7537787
            ],
            [
              35.2007567,
              31.7536817
            ],
            [
              35.2008407,
              31.7535547
            ],
            [
              35.2010687,
              31.7532377
            ],
            [
              35.2011477,
              31.7531397
            ],
            [
              35.2012987,
              31.7529617
            ],
            [
              35.2013887,
              31.7528647
            ],
            [
              35.2015257,
              31.7527227
            ],
            [
              35.2016997,
              31.7525617
            ],
            [
              35.2017837,
              31.7524897
            ],
            [
              35.2018667,
              31.7524237
            ],
            [
              35.2019707,
              31.7523507
            ],
            [
              35.2021077,
              31.7522547
            ],
            [
              35.2021977,
              31.7521937
            ],
            [
              35.2022907,
              31.7521357
            ],
            [
              35.2024057,
              31.7520707
            ],
            [
              35.2025237,
              31.7520147
            ],
            [
              35.2026397,
              31.7519637
            ],
            [
              35.2027457,
              31.7519217
            ],
            [
              35.2028237,
              31.7518927
            ],
            [
              35.2030807,
              31.7518127
            ],
            [
              35.2031777,
              31.7517887
            ],
            [
              35.2034007,
              31.7517487
            ],
            [
              35.2037767,
              31.7516897
            ],
            [
              35.2038337,
              31.7516807
            ],
            [
              35.2039017,
              31.7516667
            ],
            [
              35.2039797,
              31.7516447
            ],
            [
              35.2043577,
              31.7515307
            ],
            [
              35.2044887,
              31.7514767
            ],
            [
              35.2045807,
              31.7514587
            ]
          ],
          [
            [
              35.2045887,
              31.7515067
            ],
            [
              35.2045127,
              31.7515197
            ],
            [
              35.2043577,
              31.7515307
            ]
          ]
        ]
      },
      "properties": {
        "project_id": "b4a9d000e79b",
        "domain": "public_space",
        "domain_he": "מרחב ציבורי",
        "service_he": "מעבר חציה",
        "service_key": null,
        "project_name": "קנאי הגליל",
        "project_num": "ממעבר חציה מס'8",
        "description": "המשכי למעבר ה\"ר. מומלץ מעבר מערבית לצומת כולל הסדרת צומת",
        "units_label": "_",
        "units_required": "_",
        "units_kind": null,
        "plan_number": null,
        "plan_raw": "לא",
        "plan_status": "טרם תכנון",
        "year_planning": 2031,
        "year_execution": 2035,
        "chumash": 2,
        "chumash_raw": "חומש 2 (2031-2035)",
        "sub_neighborhood": "גוננים א-ו",
        "location_id": "18/30144",
        "managing_body": "תושיה",
        "estimate_nis": null,
        "pdf_link": "עמ' 13 חוברת מרחב ציבורי גוננים",
        "pdf_excerpt": "[עמ' 13]\n.פרק המסקנות מכיל המלצות לפרוייקטים שנולדו מתוך למידת העומק והניתוח של השכונות\nההמלצות נחלקות לסלי פרוייקטים לשדרוג פיזי ולמתחמים להתחדשות עירונית.\n מקרא אייקונים לסלי הפרוייקטים:\nהצעה מתחמית\nשימור\nהסדרה\nסטטוטורית\nיצירת מקום\nבמסגרת\nהתחדשות\nעירונית\nפינת ישיבה\nתצפית\nשדרוג הקיים\nמעבר חדש\nהנגשה מכאנית\n פרק ג': המלצות\nגוננים\nסלי פרוייקטים",
        "match_quality": "shapefile",
        "overlap_plan_names": [],
        "geometry_source": "projector_official_layer3",
        "marker_kind": "passage_line",
        "lot_area_m2": null,
        "is_eivuy_brown": false,
        "is_shatzap_polygon": false,
        "is_metaham_polygon": false,
        "inner_shatzap_geom": null,
        "inner_shatzap_count": 0,
        "inner_shatzap_total_m2": 0,
        "is_metaham_pdf_tichnun": false,
        "road_bearing_deg": null,
        "obstacles": "כרגע לא חלק מפרויקט",
        "related_projects_text": null,
        "shp_hierarchy": "מקומי",
        "shp_oneway": "דו סטרי",
        "shp_calming": "כן",
        "shp_path_kind": "כביש",
        "shp_element": "3: מדרכה + מסעה + שביל אופניים",
        "shp_essence": "הוספת שביל אופניים",
        "shp_chumash_text": "3 - 2036-2040",
        "shp_status": "טרום תכנון",
        "shp_park_w": "חניה במקביל",
        "tik_title": "שקופית 63: קנאי הגליל| סיכום מצב מוצע",
        "tik_pdf_name": "25-12-29 גוננים א-ו - תיק שכונה.pdf",
        "tik_page": 61,
        "tik_label": "תיק שכונה — גוננים א-ו",
        "tik_excerpt": "קונספט ת כנוני\nטיפול מוצע\nמיתון תנועה\nשלב א '\n– על בסיס מצב קיים :\nמיתון תנועה מסוג ב '\n– \n מיסעה דו סטרית5.5\n מ '\nהלכתיות\nהרחבת מדרכות.\nנטיעות עצים ב\"אוזניים\" בין כל שתי חניות.\nתשתית רכיבה\nשלב א' - על בסיס מצב קיים: \nרכיבה משולבת, רמת הפרדה א'\nשלב ב '- אסטרטגי:\n סלילת שביל אופניים ברמת הפרדה ג'\nקנאי הגליל |סיכום מצב מוצע\n חתך מוצע12מ '\n–שלב א ,'זכות דרך קיימת\nמיתון תנועה ורכיבה משותפת \n חתך מוצע16מ '\n–שלב ב'\n תנועה דו סטרית ללא חניה +שביל אופניים ברמת הפרדה ג'\n חתך מתוך הנחיות לתכנון\n רחובות ממותני תנועה-דו סטרי\nכולל חניה ותח\"\n צ–\n16מ'",
        "display_point": [
          35.2013835,
          31.7528703
        ]
      }
    },
    {
      "type": "Feature",
      "geometry": {
        "type": "MultiLineString",
        "coordinates": [
          [
            [
              35.2047857,
              31.7517027
            ],
            [
              35.2048677,
              31.7517897
            ],
            [
              35.2049287,
              31.7518537
            ],
            [
              35.2049697,
              31.7518937
            ],
            [
              35.2050107,
              31.7519297
            ],
            [
              35.2051037,
              31.7520047
            ],
            [
              35.2051957,
              31.7520757
            ],
            [
              35.2054777,
              31.7522767
            ],
            [
              35.2059297,
              31.7526697
            ],
            [
              35.2060207,
              31.7527657
            ],
            [
              35.2060707,
              31.7528427
            ],
            [
              35.2061687,
              31.7529857
            ],
            [
              35.2062877,
              31.7531767
            ],
            [
              35.2063627,
              31.7533317
            ],
            [
              35.2064167,
              31.7534567
            ],
            [
              35.2065417,
              31.7536747
            ],
            [
              35.2065537,
              31.7536817
            ],
            [
              35.2065677,
              31.7536937
            ],
            [
              35.2065767,
              31.7537037
            ],
            [
              35.2065867,
              31.7537207
            ],
            [
              35.2065937,
              31.7537397
            ],
            [
              35.2065967,
              31.7537597
            ],
            [
              35.2065977,
              31.7537817
            ],
            [
              35.2065947,
              31.7537967
            ],
            [
              35.2065927,
              31.7538097
            ],
            [
              35.2065847,
              31.7538307
            ],
            [
              35.2066337,
              31.7540297
            ],
            [
              35.2065897,
              31.7539737
            ],
            [
              35.2065727,
              31.7539547
            ],
            [
              35.2065517,
              31.7539337
            ],
            [
              35.2065017,
              31.7538967
            ],
            [
              35.2064847,
              31.7538977
            ],
            [
              35.2064667,
              31.7538947
            ],
            [
              35.2064497,
              31.7538887
            ],
            [
              35.2064377,
              31.7538807
            ],
            [
              35.2064257,
              31.7538697
            ],
            [
              35.2064177,
              31.7538597
            ],
            [
              35.2064107,
              31.7538477
            ],
            [
              35.2064027,
              31.7538297
            ],
            [
              35.2063987,
              31.7538087
            ],
            [
              35.2063977,
              31.7537947
            ],
            [
              35.2063997,
              31.7537737
            ],
            [
              35.2064027,
              31.7537587
            ],
            [
              35.2064067,
              31.7537457
            ],
            [
              35.2064127,
              31.7537327
            ],
            [
              35.2064197,
              31.7537197
            ],
            [
              35.2064307,
              31.7537057
            ],
            [
              35.2064427,
              31.7536937
            ],
            [
              35.2064527,
              31.7536857
            ],
            [
              35.2064647,
              31.7536787
            ],
            [
              35.2064827,
              31.7536717
            ],
            [
              35.2064997,
              31.7536687
            ],
            [
              35.2065137,
              31.7536677
            ],
            [
              35.2065257,
              31.7536697
            ],
            [
              35.2065417,
              31.7536747
            ]
          ],
          [
            [
              35.2048517,
              31.7508377
            ],
            [
              35.2047757,
              31.7510437
            ],
            [
              35.2047567,
              31.7510967
            ],
            [
              35.2047117,
              31.7512347
            ],
            [
              35.2047017,
              31.7512777
            ],
            [
              35.2046967,
              31.7513237
            ],
            [
              35.2046947,
              31.7513597
            ],
            [
              35.2047007,
              31.7514347
            ],
            [
              35.2047137,
              31.7514827
            ],
            [
              35.2047857,
              31.7517027
            ],
            [
              35.2046947,
              31.7516207
            ],
            [
              35.2046477,
              31.7515747
            ],
            [
              35.2045887,
              31.7515067
            ],
            [
              35.2045807,
              31.7514587
            ],
            [
              35.2045767,
              31.7514297
            ],
            [
              35.2045727,
              31.7513737
            ],
            [
              35.2045717,
              31.7512997
            ],
            [
              35.2045747,
              31.7512587
            ],
            [
              35.2045807,
              31.7512177
            ],
            [
              35.2046327,
              31.7510737
            ],
            [
              35.2047277,
              31.7508367
            ]
          ],
          [
            [
              35.2064167,
              31.7534567
            ],
            [
              35.2064307,
              31.7537057
            ]
          ],
          [
            [
              35.2065017,
              31.7538967
            ],
            [
              35.2065157,
              31.7538937
            ],
            [
              35.2065277,
              31.7538887
            ],
            [
              35.2065507,
              31.7538747
            ],
            [
              35.2065697,
              31.7538547
            ],
            [
              35.2065847,
              31.7538307
            ]
          ],
          [
            [
              35.2066337,
              31.7540297
            ],
            [
              35.2068317,
              31.7546017
            ],
            [
              35.2068597,
              31.7546737
            ],
            [
              35.2069017,
              31.7547727
            ],
            [
              35.2069367,
              31.7548527
            ],
            [
              35.2069737,
              31.7549237
            ],
            [
              35.2070527,
              31.7550647
            ],
            [
              35.2071357,
              31.7551857
            ],
            [
              35.2072307,
              31.7553227
            ],
            [
              35.2074517,
              31.7555777
            ],
            [
              35.2075397,
              31.7556727
            ],
            [
              35.2076017,
              31.7557337
            ],
            [
              35.2076837,
              31.7558097
            ],
            [
              35.2077687,
              31.7558837
            ],
            [
              35.2078347,
              31.7559317
            ],
            [
              35.2080347,
              31.7560767
            ],
            [
              35.2081927,
              31.7561827
            ],
            [
              35.2088417,
              31.7566106
            ],
            [
              35.2090947,
              31.7567776
            ],
            [
              35.2092287,
              31.7568646
            ],
            [
              35.2093527,
              31.7569566
            ],
            [
              35.2094327,
              31.7570186
            ],
            [
              35.2095597,
              31.7571296
            ],
            [
              35.2097117,
              31.7572876
            ],
            [
              35.2098447,
              31.7574416
            ],
            [
              35.2099737,
              31.7576146
            ],
            [
              35.2102447,
              31.7579226
            ],
            [
              35.2103147,
              31.7580126
            ],
            [
              35.2103357,
              31.7580736
            ],
            [
              35.2103737,
              31.7581996
            ],
            [
              35.2103877,
              31.7582656
            ],
            [
              35.2104107,
              31.7584576
            ],
            [
              35.2104647,
              31.7589966
            ],
            [
              35.2104627,
              31.7590046
            ],
            [
              35.2104137,
              31.7591306
            ]
          ],
          [
            [
              35.2104647,
              31.7589966
            ],
            [
              35.2104677,
              31.7590046
            ],
            [
              35.2105357,
              31.7591466
            ]
          ]
        ]
      },
      "properties": {
        "project_id": "f7b6bfbb4ae2",
        "domain": "public_space",
        "domain_he": "מרחב ציבורי",
        "service_he": "מעבר חציה",
        "service_key": null,
        "project_name": "יוסי בן יועזר",
        "project_num": "ממעבר חציה מס'11",
        "description": "המשכי למעבר ה\"ר. מומלץ מעבר חציה מתומרר שלא בצומת",
        "units_label": "_",
        "units_required": "_",
        "units_kind": null,
        "plan_number": null,
        "plan_raw": "לא",
        "plan_status": "טרם תכנון",
        "year_planning": 2031,
        "year_execution": 2035,
        "chumash": 2,
        "chumash_raw": "חומש 2 (2031-2035)",
        "sub_neighborhood": "גוננים א-ו",
        "location_id": "117/30133",
        "managing_body": "תושיה",
        "estimate_nis": null,
        "pdf_link": "עמ' 13 חוברת מרחב ציבורי גוננים",
        "pdf_excerpt": "[עמ' 13]\n.פרק המסקנות מכיל המלצות לפרוייקטים שנולדו מתוך למידת העומק והניתוח של השכונות\nההמלצות נחלקות לסלי פרוייקטים לשדרוג פיזי ולמתחמים להתחדשות עירונית.\n מקרא אייקונים לסלי הפרוייקטים:\nהצעה מתחמית\nשימור\nהסדרה\nסטטוטורית\nיצירת מקום\nבמסגרת\nהתחדשות\nעירונית\nפינת ישיבה\nתצפית\nשדרוג הקיים\nמעבר חדש\nהנגשה מכאנית\n פרק ג': המלצות\nגוננים\nסלי פרוייקטים",
        "match_quality": "shapefile",
        "overlap_plan_names": [],
        "geometry_source": "projector_official_layer3",
        "marker_kind": "passage_line",
        "lot_area_m2": null,
        "is_eivuy_brown": false,
        "is_shatzap_polygon": false,
        "is_metaham_polygon": false,
        "inner_shatzap_geom": null,
        "inner_shatzap_count": 0,
        "inner_shatzap_total_m2": 0,
        "is_metaham_pdf_tichnun": false,
        "road_bearing_deg": null,
        "obstacles": "כרגע לא חלק מפרויקט",
        "related_projects_text": null,
        "shp_hierarchy": "מאסף",
        "shp_oneway": "דו סטרי",
        "shp_calming": "כן",
        "shp_path_kind": "כביש",
        "shp_element": "3: מדרכה + מסעה + שביל אופניים",
        "shp_essence": "הוספת שביל אופניים",
        "shp_chumash_text": "3 - 2036-2040",
        "shp_status": "טרום תכנון",
        "shp_park_n": "חניה בניצב",
        "shp_park_s": "חניה במקביל",
        "tik_title": "שקופית 53: בן יועזר | סיכום מצב מוצע",
        "tik_pdf_name": "25-12-29 גוננים א-ו - תיק שכונה.pdf",
        "tik_page": 51,
        "tik_label": "תיק שכונה — גוננים א-ו",
        "tik_excerpt": "בן יועזר |סיכום מצב מוצע\nקונספט תכנוני\nטיפול מוצע\nמיתון תנועה\nמיתון תנועה מסוג ב '\n– \n מיסעה דו סטרית5.5\n מ '\nהליכתיות\nביטול רצועת חניה אחת לטובת הרחבת מדרכות.\nשתילת עצים ב\"אוזניים\" בין כל שתי חניות.\nתשתית רכיבה\nשלב א' - על בסיס מצב קיים: \nרכיבה משולבת, רמת הפרדה א'\nשלב ב '- אסטרטגי:\n סלילת שביל אופניים ברמת הפרדה ג'\n מיתון תנועה ורכיבה משותפת(שלב א') \n חתך מוצע15מ '(מצב קיים)\n תנועה דו סטרית +שביל אופניים ברמת הפרדה ג '(שלב ב')\n חתך מוצע18מ '(אסטרטגי)",
        "display_point": [
          35.2067945,
          31.7544943
        ]
      }
    },
    {
      "type": "Feature",
      "geometry": {
        "type": "MultiLineString",
        "coordinates": [
          [
            [
              35.2047857,
              31.7517027
            ],
            [
              35.2048677,
              31.7517897
            ],
            [
              35.2049287,
              31.7518537
            ],
            [
              35.2049697,
              31.7518937
            ],
            [
              35.2050107,
              31.7519297
            ],
            [
              35.2051037,
              31.7520047
            ],
            [
              35.2051957,
              31.7520757
            ],
            [
              35.2054777,
              31.7522767
            ],
            [
              35.2059297,
              31.7526697
            ],
            [
              35.2060207,
              31.7527657
            ],
            [
              35.2060707,
              31.7528427
            ],
            [
              35.2061687,
              31.7529857
            ],
            [
              35.2062877,
              31.7531767
            ],
            [
              35.2063627,
              31.7533317
            ],
            [
              35.2064167,
              31.7534567
            ],
            [
              35.2065417,
              31.7536747
            ],
            [
              35.2065537,
              31.7536817
            ],
            [
              35.2065677,
              31.7536937
            ],
            [
              35.2065767,
              31.7537037
            ],
            [
              35.2065867,
              31.7537207
            ],
            [
              35.2065937,
              31.7537397
            ],
            [
              35.2065967,
              31.7537597
            ],
            [
              35.2065977,
              31.7537817
            ],
            [
              35.2065947,
              31.7537967
            ],
            [
              35.2065927,
              31.7538097
            ],
            [
              35.2065847,
              31.7538307
            ],
            [
              35.2066337,
              31.7540297
            ],
            [
              35.2065897,
              31.7539737
            ],
            [
              35.2065727,
              31.7539547
            ],
            [
              35.2065517,
              31.7539337
            ],
            [
              35.2065017,
              31.7538967
            ],
            [
              35.2064847,
              31.7538977
            ],
            [
              35.2064667,
              31.7538947
            ],
            [
              35.2064497,
              31.7538887
            ],
            [
              35.2064377,
              31.7538807
            ],
            [
              35.2064257,
              31.7538697
            ],
            [
              35.2064177,
              31.7538597
            ],
            [
              35.2064107,
              31.7538477
            ],
            [
              35.2064027,
              31.7538297
            ],
            [
              35.2063987,
              31.7538087
            ],
            [
              35.2063977,
              31.7537947
            ],
            [
              35.2063997,
              31.7537737
            ],
            [
              35.2064027,
              31.7537587
            ],
            [
              35.2064067,
              31.7537457
            ],
            [
              35.2064127,
              31.7537327
            ],
            [
              35.2064197,
              31.7537197
            ],
            [
              35.2064307,
              31.7537057
            ],
            [
              35.2064427,
              31.7536937
            ],
            [
              35.2064527,
              31.7536857
            ],
            [
              35.2064647,
              31.7536787
            ],
            [
              35.2064827,
              31.7536717
            ],
            [
              35.2064997,
              31.7536687
            ],
            [
              35.2065137,
              31.7536677
            ],
            [
              35.2065257,
              31.7536697
            ],
            [
              35.2065417,
              31.7536747
            ]
          ],
          [
            [
              35.2048517,
              31.7508377
            ],
            [
              35.2047757,
              31.7510437
            ],
            [
              35.2047567,
              31.7510967
            ],
            [
              35.2047117,
              31.7512347
            ],
            [
              35.2047017,
              31.7512777
            ],
            [
              35.2046967,
              31.7513237
            ],
            [
              35.2046947,
              31.7513597
            ],
            [
              35.2047007,
              31.7514347
            ],
            [
              35.2047137,
              31.7514827
            ],
            [
              35.2047857,
              31.7517027
            ],
            [
              35.2046947,
              31.7516207
            ],
            [
              35.2046477,
              31.7515747
            ],
            [
              35.2045887,
              31.7515067
            ],
            [
              35.2045807,
              31.7514587
            ],
            [
              35.2045767,
              31.7514297
            ],
            [
              35.2045727,
              31.7513737
            ],
            [
              35.2045717,
              31.7512997
            ],
            [
              35.2045747,
              31.7512587
            ],
            [
              35.2045807,
              31.7512177
            ],
            [
              35.2046327,
              31.7510737
            ],
            [
              35.2047277,
              31.7508367
            ]
          ],
          [
            [
              35.2064167,
              31.7534567
            ],
            [
              35.2064307,
              31.7537057
            ]
          ],
          [
            [
              35.2065017,
              31.7538967
            ],
            [
              35.2065157,
              31.7538937
            ],
            [
              35.2065277,
              31.7538887
            ],
            [
              35.2065507,
              31.7538747
            ],
            [
              35.2065697,
              31.7538547
            ],
            [
              35.2065847,
              31.7538307
            ]
          ],
          [
            [
              35.2066337,
              31.7540297
            ],
            [
              35.2068317,
              31.7546017
            ],
            [
              35.2068597,
              31.7546737
            ],
            [
              35.2069017,
              31.7547727
            ],
            [
              35.2069367,
              31.7548527
            ],
            [
              35.2069737,
              31.7549237
            ],
            [
              35.2070527,
              31.7550647
            ],
            [
              35.2071357,
              31.7551857
            ],
            [
              35.2072307,
              31.7553227
            ],
            [
              35.2074517,
              31.7555777
            ],
            [
              35.2075397,
              31.7556727
            ],
            [
              35.2076017,
              31.7557337
            ],
            [
              35.2076837,
              31.7558097
            ],
            [
              35.2077687,
              31.7558837
            ],
            [
              35.2078347,
              31.7559317
            ],
            [
              35.2080347,
              31.7560767
            ],
            [
              35.2081927,
              31.7561827
            ],
            [
              35.2088417,
              31.7566106
            ],
            [
              35.2090947,
              31.7567776
            ],
            [
              35.2092287,
              31.7568646
            ],
            [
              35.2093527,
              31.7569566
            ],
            [
              35.2094327,
              31.7570186
            ],
            [
              35.2095597,
              31.7571296
            ],
            [
              35.2097117,
              31.7572876
            ],
            [
              35.2098447,
              31.7574416
            ],
            [
              35.2099737,
              31.7576146
            ],
            [
              35.2102447,
              31.7579226
            ],
            [
              35.2103147,
              31.7580126
            ],
            [
              35.2103357,
              31.7580736
            ],
            [
              35.2103737,
              31.7581996
            ],
            [
              35.2103877,
              31.7582656
            ],
            [
              35.2104107,
              31.7584576
            ],
            [
              35.2104647,
              31.7589966
            ],
            [
              35.2104627,
              31.7590046
            ],
            [
              35.2104137,
              31.7591306
            ]
          ],
          [
            [
              35.2104647,
              31.7589966
            ],
            [
              35.2104677,
              31.7590046
            ],
            [
              35.2105357,
              31.7591466
            ]
          ]
        ]
      },
      "properties": {
        "project_id": "7b4c62fec99d",
        "domain": "public_space",
        "domain_he": "מרחב ציבורי",
        "service_he": "מעבר חציה",
        "service_key": null,
        "project_name": "יוסי בן יועזר",
        "project_num": "ממעבר חציה מס'15",
        "description": "במידה ויתוכננו מעברים לה\"ר משני צידי הכביש, יש לתכנן גם מעבר חציה.\nדיוק מיקום המעבר צריך לקחת בחשבון את חציית הכביש, יש לתאם בין אדר' נוף ליועץ תנועה",
        "units_label": "_",
        "units_required": "_",
        "units_kind": null,
        "plan_number": null,
        "plan_raw": "לא",
        "plan_status": "טרם תכנון",
        "year_planning": 2031,
        "year_execution": 2035,
        "chumash": 2,
        "chumash_raw": "חומש 2 (2031-2035)",
        "sub_neighborhood": "גוננים א-ו",
        "location_id": "130.104/30133",
        "managing_body": "תושיה",
        "estimate_nis": null,
        "pdf_link": "עמ' 13 חוברת מרחב ציבורי גוננים",
        "pdf_excerpt": "[עמ' 13]\n.פרק המסקנות מכיל המלצות לפרוייקטים שנולדו מתוך למידת העומק והניתוח של השכונות\nההמלצות נחלקות לסלי פרוייקטים לשדרוג פיזי ולמתחמים להתחדשות עירונית.\n מקרא אייקונים לסלי הפרוייקטים:\nהצעה מתחמית\nשימור\nהסדרה\nסטטוטורית\nיצירת מקום\nבמסגרת\nהתחדשות\nעירונית\nפינת ישיבה\nתצפית\nשדרוג הקיים\nמעבר חדש\nהנגשה מכאנית\n פרק ג': המלצות\nגוננים\nסלי פרוייקטים",
        "match_quality": "shapefile",
        "overlap_plan_names": [],
        "geometry_source": "projector_official_layer3",
        "marker_kind": "passage_line",
        "lot_area_m2": null,
        "is_eivuy_brown": false,
        "is_shatzap_polygon": false,
        "is_metaham_polygon": false,
        "inner_shatzap_geom": null,
        "inner_shatzap_count": 0,
        "inner_shatzap_total_m2": 0,
        "is_metaham_pdf_tichnun": false,
        "road_bearing_deg": null,
        "obstacles": "כרגע לא חלק מפרויקט",
        "related_projects_text": null,
        "shp_hierarchy": "מאסף",
        "shp_oneway": "דו סטרי",
        "shp_calming": "כן",
        "shp_path_kind": "כביש",
        "shp_element": "3: מדרכה + מסעה + שביל אופניים",
        "shp_essence": "הוספת שביל אופניים",
        "shp_chumash_text": "3 - 2036-2040",
        "shp_status": "טרום תכנון",
        "shp_park_n": "חניה בניצב",
        "shp_park_s": "חניה במקביל",
        "tik_title": "שקופית 53: בן יועזר | סיכום מצב מוצע",
        "tik_pdf_name": "25-12-29 גוננים א-ו - תיק שכונה.pdf",
        "tik_page": 51,
        "tik_label": "תיק שכונה — גוננים א-ו",
        "tik_excerpt": "בן יועזר |סיכום מצב מוצע\nקונספט תכנוני\nטיפול מוצע\nמיתון תנועה\nמיתון תנועה מסוג ב '\n– \n מיסעה דו סטרית5.5\n מ '\nהליכתיות\nביטול רצועת חניה אחת לטובת הרחבת מדרכות.\nשתילת עצים ב\"אוזניים\" בין כל שתי חניות.\nתשתית רכיבה\nשלב א' - על בסיס מצב קיים: \nרכיבה משולבת, רמת הפרדה א'\nשלב ב '- אסטרטגי:\n סלילת שביל אופניים ברמת הפרדה ג'\n מיתון תנועה ורכיבה משותפת(שלב א') \n חתך מוצע15מ '(מצב קיים)\n תנועה דו סטרית +שביל אופניים ברמת הפרדה ג '(שלב ב')\n חתך מוצע18מ '(אסטרטגי)",
        "display_point": [
          35.2067945,
          31.7544943
        ]
      }
    },
    {
      "type": "Feature",
      "geometry": {
        "type": "LineString",
        "coordinates": [
          [
            35.2021837,
            31.7576367
          ],
          [
            35.2011657,
            31.7576527
          ],
          [
            35.2005727,
            31.7577567
          ]
        ]
      },
      "properties": {
        "project_id": "21750068149a",
        "domain": "public_space",
        "domain_he": "מרחב ציבורי",
        "service_he": "הנגשה",
        "service_key": null,
        "project_name": "מתחם אילנות",
        "project_num": "10",
        "description": "מומלץ להוסיף כניסה נוספת לביה\"ס בפינה הדר'-מע' כדי לחבר את שביל ה\"ר החוצה את ביה\"ס עם השבילים שפוגשים את ביה\"ס",
        "units_label": "_",
        "units_required": "_",
        "units_kind": null,
        "plan_number": null,
        "plan_raw": "תב\"ע אילנות 1115484",
        "plan_status": "בתכנון",
        "year_planning": 2024,
        "year_execution": 2030,
        "chumash": 1,
        "chumash_raw": "חומש ראשון 2030",
        "sub_neighborhood": "גוננים א-ו",
        "location_id": "226/30171",
        "managing_body": "מבני ציבור",
        "estimate_nis": null,
        "pdf_link": null,
        "pdf_excerpt": "",
        "match_quality": "shapefile",
        "overlap_plan_names": [],
        "geometry_source": "projector_official_layer3",
        "marker_kind": "shatzap_rect",
        "lot_area_m2": null,
        "is_eivuy_brown": false,
        "is_shatzap_polygon": false,
        "is_metaham_polygon": false,
        "inner_shatzap_geom": null,
        "inner_shatzap_count": 0,
        "inner_shatzap_total_m2": 0,
        "is_metaham_pdf_tichnun": false,
        "road_bearing_deg": null,
        "obstacles": "תב\"ע בשלבים מקודמים",
        "related_projects_text": null,
        "shp_hierarchy": "מקומי",
        "shp_oneway": "דו  סטרי",
        "shp_calming": "לא",
        "shp_path_kind": "כביש",
        "shp_element": "2: מדרכה + מיסעה",
        "shp_essence": "יצירת דרך ציבורית",
        "shp_chumash_text": "2 - 2031-2035",
        "shp_status": "טרם תכנון",
        "display_point": [
          35.2013737,
          31.7576494
        ]
      }
    },
    {
      "type": "Feature",
      "geometry": {
        "type": "MultiLineString",
        "coordinates": [
          [
            [
              35.2047857,
              31.7517027
            ],
            [
              35.2048677,
              31.7517897
            ],
            [
              35.2049287,
              31.7518537
            ],
            [
              35.2049697,
              31.7518937
            ],
            [
              35.2050107,
              31.7519297
            ],
            [
              35.2051037,
              31.7520047
            ],
            [
              35.2051957,
              31.7520757
            ],
            [
              35.2054777,
              31.7522767
            ],
            [
              35.2059297,
              31.7526697
            ],
            [
              35.2060207,
              31.7527657
            ],
            [
              35.2060707,
              31.7528427
            ],
            [
              35.2061687,
              31.7529857
            ],
            [
              35.2062877,
              31.7531767
            ],
            [
              35.2063627,
              31.7533317
            ],
            [
              35.2064167,
              31.7534567
            ],
            [
              35.2065417,
              31.7536747
            ],
            [
              35.2065537,
              31.7536817
            ],
            [
              35.2065677,
              31.7536937
            ],
            [
              35.2065767,
              31.7537037
            ],
            [
              35.2065867,
              31.7537207
            ],
            [
              35.2065937,
              31.7537397
            ],
            [
              35.2065967,
              31.7537597
            ],
            [
              35.2065977,
              31.7537817
            ],
            [
              35.2065947,
              31.7537967
            ],
            [
              35.2065927,
              31.7538097
            ],
            [
              35.2065847,
              31.7538307
            ],
            [
              35.2066337,
              31.7540297
            ],
            [
              35.2065897,
              31.7539737
            ],
            [
              35.2065727,
              31.7539547
            ],
            [
              35.2065517,
              31.7539337
            ],
            [
              35.2065017,
              31.7538967
            ],
            [
              35.2064847,
              31.7538977
            ],
            [
              35.2064667,
              31.7538947
            ],
            [
              35.2064497,
              31.7538887
            ],
            [
              35.2064377,
              31.7538807
            ],
            [
              35.2064257,
              31.7538697
            ],
            [
              35.2064177,
              31.7538597
            ],
            [
              35.2064107,
              31.7538477
            ],
            [
              35.2064027,
              31.7538297
            ],
            [
              35.2063987,
              31.7538087
            ],
            [
              35.2063977,
              31.7537947
            ],
            [
              35.2063997,
              31.7537737
            ],
            [
              35.2064027,
              31.7537587
            ],
            [
              35.2064067,
              31.7537457
            ],
            [
              35.2064127,
              31.7537327
            ],
            [
              35.2064197,
              31.7537197
            ],
            [
              35.2064307,
              31.7537057
            ],
            [
              35.2064427,
              31.7536937
            ],
            [
              35.2064527,
              31.7536857
            ],
            [
              35.2064647,
              31.7536787
            ],
            [
              35.2064827,
              31.7536717
            ],
            [
              35.2064997,
              31.7536687
            ],
            [
              35.2065137,
              31.7536677
            ],
            [
              35.2065257,
              31.7536697
            ],
            [
              35.2065417,
              31.7536747
            ]
          ],
          [
            [
              35.2048517,
              31.7508377
            ],
            [
              35.2047757,
              31.7510437
            ],
            [
              35.2047567,
              31.7510967
            ],
            [
              35.2047117,
              31.7512347
            ],
            [
              35.2047017,
              31.7512777
            ],
            [
              35.2046967,
              31.7513237
            ],
            [
              35.2046947,
              31.7513597
            ],
            [
              35.2047007,
              31.7514347
            ],
            [
              35.2047137,
              31.7514827
            ],
            [
              35.2047857,
              31.7517027
            ],
            [
              35.2046947,
              31.7516207
            ],
            [
              35.2046477,
              31.7515747
            ],
            [
              35.2045887,
              31.7515067
            ],
            [
              35.2045807,
              31.7514587
            ],
            [
              35.2045767,
              31.7514297
            ],
            [
              35.2045727,
              31.7513737
            ],
            [
              35.2045717,
              31.7512997
            ],
            [
              35.2045747,
              31.7512587
            ],
            [
              35.2045807,
              31.7512177
            ],
            [
              35.2046327,
              31.7510737
            ],
            [
              35.2047277,
              31.7508367
            ]
          ],
          [
            [
              35.2064167,
              31.7534567
            ],
            [
              35.2064307,
              31.7537057
            ]
          ],
          [
            [
              35.2065017,
              31.7538967
            ],
            [
              35.2065157,
              31.7538937
            ],
            [
              35.2065277,
              31.7538887
            ],
            [
              35.2065507,
              31.7538747
            ],
            [
              35.2065697,
              31.7538547
            ],
            [
              35.2065847,
              31.7538307
            ]
          ],
          [
            [
              35.2066337,
              31.7540297
            ],
            [
              35.2068317,
              31.7546017
            ],
            [
              35.2068597,
              31.7546737
            ],
            [
              35.2069017,
              31.7547727
            ],
            [
              35.2069367,
              31.7548527
            ],
            [
              35.2069737,
              31.7549237
            ],
            [
              35.2070527,
              31.7550647
            ],
            [
              35.2071357,
              31.7551857
            ],
            [
              35.2072307,
              31.7553227
            ],
            [
              35.2074517,
              31.7555777
            ],
            [
              35.2075397,
              31.7556727
            ],
            [
              35.2076017,
              31.7557337
            ],
            [
              35.2076837,
              31.7558097
            ],
            [
              35.2077687,
              31.7558837
            ],
            [
              35.2078347,
              31.7559317
            ],
            [
              35.2080347,
              31.7560767
            ],
            [
              35.2081927,
              31.7561827
            ],
            [
              35.2088417,
              31.7566106
            ],
            [
              35.2090947,
              31.7567776
            ],
            [
              35.2092287,
              31.7568646
            ],
            [
              35.2093527,
              31.7569566
            ],
            [
              35.2094327,
              31.7570186
            ],
            [
              35.2095597,
              31.7571296
            ],
            [
              35.2097117,
              31.7572876
            ],
            [
              35.2098447,
              31.7574416
            ],
            [
              35.2099737,
              31.7576146
            ],
            [
              35.2102447,
              31.7579226
            ],
            [
              35.2103147,
              31.7580126
            ],
            [
              35.2103357,
              31.7580736
            ],
            [
              35.2103737,
              31.7581996
            ],
            [
              35.2103877,
              31.7582656
            ],
            [
              35.2104107,
              31.7584576
            ],
            [
              35.2104647,
              31.7589966
            ],
            [
              35.2104627,
              31.7590046
            ],
            [
              35.2104137,
              31.7591306
            ]
          ],
          [
            [
              35.2104647,
              31.7589966
            ],
            [
              35.2104677,
              31.7590046
            ],
            [
              35.2105357,
              31.7591466
            ]
          ]
        ]
      },
      "properties": {
        "project_id": "0e4202767709",
        "domain": "transport",
        "domain_he": "תנועה",
        "service_he": "תח\"צ",
        "service_key": null,
        "project_name": "תכנון תחנות תח\"צ קנאי הגליל יוסי בן יועזר",
        "project_num": null,
        "description": "תכנון תחנות תח\"צ קנאי הגליל יוסי בן יועזר",
        "units_label": "קומפלט",
        "units_required": 1,
        "units_kind": "point",
        "plan_number": null,
        "plan_raw": "לא",
        "plan_status": "טרם תכנון",
        "year_planning": 2024,
        "year_execution": 2030,
        "chumash": 1,
        "chumash_raw": "חומש 1 (2024-2030)",
        "sub_neighborhood": "גוננים א-ו",
        "location_id": "רח' קנאי הגליל ורח' יוסי בן יועזר",
        "managing_body": "צתא\"ל",
        "estimate_nis": null,
        "pdf_link": "גוננים א-ו כבישים ותנועה שקופית 5",
        "pdf_excerpt": "[עמ' 5]\nמפת קווים\nגוננים\nהתקופה\nהורקניה\nש\"י עגנון\nיצחק שדה\nבר יוחאי\nיעקב פת\nברל לוקר נת א'ר\n יוסי בן\nיועזר\nאליעזר הגדול\n יוסי בן\nיועזר\nבן זכאי\nיהודה הנשיא\nבן זכאי\nדוסתאי\nעמק רפאים\nפייר קניג\nהאומן\n קנאי\nהגליל\n קנאי\nהגליל\nברעם\nהפרסה\nהרצוג\nדב יוסף\nבנבנישתי\nבגין\n השינוי המשמעותי\n הצפוי בשכונה הוא\n רכבת קלה\n בירושלים-קו סגול\n101-0800771\n אשר בתהליך\nהפקדה.\n תכנון הקו במרכז\nהרחוב ,חיובית ,\n ומאפשרת את\n מירב החיבורים\nוהתנועות בצמתים.\nאורנים מערב\nאורנים\nסגול+\nתכלת\n יוסי בן\nיועזר\n בני\nבתירא\nנחל רפאים\nסגול+\nתכלת+\nירוק\nפייר קניג\nסגול+\nתכלת\n יהודה\nהנשיא\n400מ'\nתחנת אוטובוס\n תחנת\nרקל\"ה\n קישוריות\n אוטובוסים\nלרקל\"ה\nאלכסנדריון\nנבדקו:\n•\n מיקום תחנות\nרקל\"ה קו סגול בשכונה–מיקום נקבע לפי קישוריות לאוטובוסים ,\n מיקום תחנה בקטע ישר\nומרחקים סבירים בין התחנות ,אין הערות .\n•\n תחנות האוטובוס המתוכננות ביהודה הנשיא וביוסי בן\nיועזר :אופטימליות .אין הערות.\n•\n תחנות בקנאי הגליל ויוסי בן\nיועזר :לא אופטימליות ,יש לערוך תכנון וביצוע מחדש ,מוצגת הצעה.\n•רח 'אליעזר הגדול:אין תחנות ברחוב .יש צורך בתכנון תחנה אחת לכל צד .הההמלצה\nשלנו היא לתכנן נת\"\n צ\nשימשיך עד לכביש הברך ,ולהעביר קווים נוספים בשכונה.\n תחנת אוטובוס\n קיימת מומלצת\nלביטול\n תחנת אוטובוס\nמומלצת\n שינוי מתוכנן ברשת של\nכביש הברך-\n טרם עודכן\nברשת זו .\n ייערך שינוי\n ועדכון של מסלולי הקווים\nבהתאם.",
        "match_quality": "shapefile",
        "overlap_plan_names": [],
        "geometry_source": "projector_official_layer3",
        "marker_kind": "road_segment",
        "lot_area_m2": null,
        "is_eivuy_brown": false,
        "is_shatzap_polygon": false,
        "is_metaham_polygon": false,
        "inner_shatzap_geom": null,
        "inner_shatzap_count": 0,
        "inner_shatzap_total_m2": 0,
        "is_metaham_pdf_tichnun": false,
        "road_bearing_deg": null,
        "obstacles": null,
        "related_projects_text": null,
        "shp_hierarchy": "מאסף",
        "shp_oneway": "דו סטרי",
        "shp_calming": "כן",
        "shp_path_kind": "כביש",
        "shp_element": "3: מדרכה + מסעה + שביל אופניים",
        "shp_essence": "הוספת שביל אופניים",
        "shp_chumash_text": "3 - 2036-2040",
        "shp_status": "טרום תכנון",
        "shp_park_n": "חניה בניצב",
        "shp_park_s": "חניה במקביל",
        "tik_title": "שקופית 63: קנאי הגליל| סיכום מצב מוצע",
        "tik_pdf_name": "25-12-29 גוננים א-ו - תיק שכונה.pdf",
        "tik_page": 61,
        "tik_label": "תיק שכונה — גוננים א-ו",
        "tik_excerpt": "קונספט ת כנוני\nטיפול מוצע\nמיתון תנועה\nשלב א '\n– על בסיס מצב קיים :\nמיתון תנועה מסוג ב '\n– \n מיסעה דו סטרית5.5\n מ '\nהלכתיות\nהרחבת מדרכות.\nנטיעות עצים ב\"אוזניים\" בין כל שתי חניות.\nתשתית רכיבה\nשלב א' - על בסיס מצב קיים: \nרכיבה משולבת, רמת הפרדה א'\nשלב ב '- אסטרטגי:\n סלילת שביל אופניים ברמת הפרדה ג'\nקנאי הגליל |סיכום מצב מוצע\n חתך מוצע12מ '\n–שלב א ,'זכות דרך קיימת\nמיתון תנועה ורכיבה משותפת \n חתך מוצע16מ '\n–שלב ב'\n תנועה דו סטרית ללא חניה +שביל אופניים ברמת הפרדה ג'\n חתך מתוך הנחיות לתכנון\n רחובות ממותני תנועה-דו סטרי\nכולל חניה ותח\"\n צ–\n16מ'",
        "display_point": [
          35.2067945,
          31.7544943
        ]
      }
    },
    {
      "type": "Feature",
      "geometry": {
        "type": "LineString",
        "coordinates": [
          [
            35.2065614,
            31.7537612
          ],
          [
            35.2084056,
            31.7527311
          ]
        ]
      },
      "properties": {
        "project_id": "10a0351bad4b",
        "domain": "transport",
        "domain_he": "תנועה",
        "service_he": "רחוב חדש",
        "service_key": null,
        "project_name": "חיבור כביש הברך לאליעזר הגדול",
        "project_num": null,
        "description": "חיבור כביש הברך לאליעזר הגדול",
        "units_label": "מ'",
        "units_required": 150,
        "units_kind": "line",
        "plan_number": null,
        "plan_raw": "מחייב הכנת תב\"ע",
        "plan_status": "טרם תכנון",
        "year_planning": 2024,
        "year_execution": 2030,
        "chumash": 1,
        "chumash_raw": "חומש 1 (2024-2030)",
        "sub_neighborhood": "גוננים א-ו",
        "location_id": "רשב\"ג 47",
        "managing_body": "צתא\"ל",
        "estimate_nis": 300000.0,
        "pdf_link": "גוננים א-ו כבישים ותנועה שקופית 4 המלצה 6",
        "pdf_excerpt": "[עמ' 4]\nתאריך עדכון אחרון :\n29.05.2024גוננים א'-ו'-ניתוח תנועתיות בתוך השכונה ,קיימת ומתוכננת\nמקרא:\nרחוב מקומי חד סטרי\nרחוב מקומי דו סטרי\nרחוב מאסף\nגבול השכונות\nרבן יוחנן בן זכאי\n4\n השינוי המשמעותי הצפוי\n בשכונה הוא רכבת קלה\n בירושלים-קו סגול\n101-0800771\nאשר בתהליך הפקדה.\nתכנון הקו במרכז הרחוב ,\nחיובית ,\n ומאפשרת את מירב\nהחיבורים והתנועות בצמתים.\nרחוב סטטוטורי\nמעבר מתוכנן לה\"\n ר\nורכבי שירות וחירום\nרחוב מומלץ\n2\n3\n1\n2\n3\n כביש הברך-\n בביצוע\nאינפרא1\n–\nנבדק ונמצא כמועיל לשכונה.\nמוציא תנועה עוברת מתוך השכונה.\n מעגלי יבנה-התחדשות עירונית.\nנמצא כמועיל לפרויקט ולשכונה.\nהמקטע מייצר יציאה נוספת לשכונה.\nללא הוספת תנועה עוברת.\nצומת אורנים ,רקל\"ה ,\n יצירת\nאופרציה תנועתית חכמה ,\n אך\nפחות ידידותית לה\"ר.\n7\n8\n7\n9\n10\n טוביה בן חפץ-הפיכת שני רחובות ללא מוצא\nלרחוב אחד המשכי ,\n שיפור משמעותי של\nזרימת התנועה ברחוב.\nמוצג כחלק מתכנון מתחמי.\n8מכור–תב\"ע פורסמה להפקדה .הפיכת רחוב\nללא מוצא לרחוב המשכי ,שיפור משמעותי של\nזרימת התנועה ברחוב .והשלמת תנועה לאחר\nביצוע הקו הסגול.\n9\n מעונות יום גוננים–מכור .פיתרון לשטח\nשב\"צ\nללא אפשרות מימוש.\nמוצג כחלק מתכנון מתחמי.\n4\n כביש34קיים תכנון מוקדם.\nמומלץ אך ורק לתנועה פנים שכונתית\n ולא כחיבור המשכי מצומת אורנים\nועד לכביש הברך .\n מה שיגרום\nלתנועה עוברת.\n1\n6\n6חיבור כביש הברך לאליעזר הגדול.\nנושא שעולה לעיתים .קיים בית.\nלא מומלץ לתנועת רכב פרטי ,יכניס\nתנועה עוברת לשכונה .\n כן מומלץ\nלנת\"צ\nבלבד ,באכיפה יגדיל את\nהאפשרויות לשירות תח\"צ לשכונה.\n4\nסיכום והמלצות:\nרחוב בביצוע\nרחוב בתכנון\n טוביה–אלכסנדריון .מתוכנן במסגרת התחדשות עירונית.\nהפיכת רחוב ללא מוצא לרחוב המשכי ,\n שיפור משמעותי של זרימת\nהתנועה ברחוב .חובה לבצע במימוש תב\"\n ע מתחם גוננים(קשת ,דנמרק )\nמומלץ מאוד לביצוע במימוש מבנים צפון/מזרחיים ה.\n ע\nאלכסנדריון ,\n ואין\nהשפעה במימוש מבנים דרום/מערביים ה.ע .אלכסנדריון.\n10\n מתחם\nנהוראי ,\n מסתמך על מקטע\n מכביש34\n ומייצר חיבור\nלרשב\"ג.\nמומלץ לבצע אך ורק עד החיבור ,\nללא חיבור לכ …",
        "match_quality": "shapefile",
        "overlap_plan_names": [],
        "geometry_source": "projector_official_layer3",
        "marker_kind": "road_segment",
        "lot_area_m2": null,
        "is_eivuy_brown": false,
        "is_shatzap_polygon": false,
        "is_metaham_polygon": false,
        "inner_shatzap_geom": null,
        "inner_shatzap_count": 0,
        "inner_shatzap_total_m2": 0,
        "is_metaham_pdf_tichnun": false,
        "road_bearing_deg": null,
        "obstacles": "קיים מבנה, יש לערוך בדיקה לשיפור שירות תח\"צ לשכונה ע\"י ביצוע כביש חדש.",
        "related_projects_text": null,
        "shp_hierarchy": "מקומי",
        "shp_oneway": "דו סטרי",
        "shp_calming": "לא",
        "shp_path_kind": "רחוב חדש",
        "shp_element": "3: מדרכה + מסעה + שביל אופניים",
        "shp_chumash_text": "2 - 2031-2035",
        "shp_status": "טרום תכנון",
        "tik_title": "שקופית 78: אליעזר הגדול | חיבור לכביש הברך",
        "tik_pdf_name": "25-12-29 גוננים א-ו - תיק שכונה.pdf",
        "tik_page": 76,
        "tik_label": "תיק שכונה — גוננים א-ו",
        "tik_excerpt": "אליעזר הגדול |חיבור לכביש הברך\n•\n רחוב אליעזר הגדול מהווה קצה של ציר מאסף המתחיל בעמק\nהמצלבה ומסתיים בצומת עם רח '\n בן\nיועזר – \n ציר מאסף שכונתי\nבהיררכיה נמוכה יותר.\n•קווי תח\"צ בציר טשרניחובסקי–התקופה–\n בני\nבתירא \n נאלצים\n לבצע עיקוף(דרך יהודה הנשיא ופת )בדרכם לתלפיות.\n•חיבור רח '\n אליעזר הגדול אל כביש הברך ישלים מקטע חסר וייצר ציר\nרציף מעמק המצלבה לדרך חברון.\n•\n פתיחת הציר לרכב פרטי תקל על רחובות קטנים כמו אלעזר\nהמודעי ,\nהחי\"ש ודוסתאי ,שנמצאים כיום במסלול נסיעה לתלפיות.\n•רח '\n אליעזר הגדול בנוי מלכתחילה כציר מאסף– \n בעל מיסעה רחבה\nובינוי מרוחק מהכביש ,ולכן מתאים לכך.\n•חלק מהציר המוצע כבר מוסדר סטטוטורית ,\n אך בניין קיים(ברח '\nרשב\"ג \n47\n )מונע את הסדרתו בשל דרך גישה קיימת.\n•\n מומלץ לאשר התחדשות עירונית למבנה רק כחלק ממהלך מתחמי\nכולל ,שיאפשר הפקעת שטח להשלמת הציר.\nמגרש בנוי בייעוד דרך\nמתחם מומלץ להתחדשות",
        "display_point": [
          35.2074835,
          31.7532461
        ]
      }
    },
    {
      "type": "Feature",
      "geometry": {
        "type": "LineString",
        "coordinates": [
          [
            35.2021837,
            31.7576367
          ],
          [
            35.2011657,
            31.7576527
          ],
          [
            35.2005727,
            31.7577567
          ]
        ]
      },
      "properties": {
        "project_id": "1c383304b374",
        "domain": "transport",
        "domain_he": "תנועה",
        "service_he": "שיפור רמת שירות",
        "service_key": null,
        "project_name": "מתחם אילנות",
        "project_num": "1",
        "description": "חניון תת\"ק במתחם אילנות",
        "units_label": "קומפלט",
        "units_required": 1,
        "units_kind": "point",
        "plan_number": "101-1115484",
        "plan_raw": "101-1115484",
        "plan_status": "בתכנון",
        "year_planning": 2030,
        "year_execution": 2032,
        "chumash": 2,
        "chumash_raw": "חומש 2 (2031-2035)",
        "sub_neighborhood": "גוננים א-ו",
        "location_id": "ניקנור 24",
        "managing_body": "מבני ציבור",
        "estimate_nis": null,
        "pdf_link": "גוננים א-ו כבישים ותנועה שקופית 7",
        "pdf_excerpt": "[עמ' 7]\nתכנון תנועה מוגבל בגלל\nשהתב\"ע\nנקודתית.\n מומלץ לתכנן\nתב\"עות\nרחבות יותר\nכדוגמת המתחמים המוצעים .\n הוספת\nמגרש\n סמוך לתכנון תשפר לאין ערוך את\nהת\nנועה.\nתאריך עדכון אחרון :\n29.05.2024נושא7\n מעגלי יבנה\n101-0836809\nאלכסנדריון\n101-0110510\nאלעזר בן יאיר-\n קנאי\nהגלילי\n101-0112557\n יוסי בן\nיועזר-\n רבי\nתנחומא\n101-0944512\nמתחם נהוראי5-11\n ,\n18-28\n101-0778035\nנגנזה\nאנטיגונוס14\n101-0515635\n בן זכאי31\n101-1025295\nברניקי6\n101-0215509\n יהודה הנשיא15\n101-0605956\nיוחנן בן זכאי-\n15\n _\n יוסי בן\nיועזר\n101-1167410\n צפונית לפארק\nהמסילה\n101-0857086\n44\nחניות\n241\nחניות\n239\nחניות\n21\nחניות\n79\nחניות\n1837\nחניות\n448\nחניות\n449\nחניות\n410\nחניות\n368\nחניות\n491\nחניות\n יהודה הנשיא16\n101-1247485\n יהודה הנשיא15\nמעגלי יבנה\n תכנון מתחמי הכולל\n התייחסות לתנועת כלי\nרכב ,\n ולא רק נסמך על\nהרחובות הקיימים .\nדנמרק\n140-217\n חניות\nתת\"ק\n מתחם\nאילנות\nכ-\n40\nמ\"\n ח\n ואפשרות\n לחניון\nתת\"ק\n בית\nהנוער\nכ-\n350\nמ\"\n ח\n בחניון\nתת\"ק\n חוות\n הנוער\nהציוני\nמומלץ\nלהוספה\n יש לאפשר שימוש\nבחניון תת\"\n ק של\nמתחם דנמרק ,\n שעות היממה סביב כל ,\n יש לוודא מי הגוף המתחזק\nאת החניון ,\n ודואג לתחושת ביטחון\nלמשתמשים .\n ללא אחזקה וביטחון\nלמשתמשים ,\n החניון לא\nיהווה פתרון לתושבים\nאפשרות לחניון תת\"ק במתחם אילנות:\nרח 'ברניקי ,\n וחלקו הצפוני של\nניקנור ,\n סובלים\nממצוקת חניה ,וכן ממדרכות צרות מאוד ,\n הגדלת\n רוחב המדרכות ותכנון מעברי חציה חיוניים\n לתנועה מיטבית של\nה\"ר ,\n יקטין את מספר החניות\nלאורך הרחובות באופן דרסטי ,\n לצורך כך יש\nלהקים את החניון ולספק מענה כולל.",
        "match_quality": "shapefile",
        "overlap_plan_names": [],
        "geometry_source": "projector_official_layer3",
        "marker_kind": "road_segment",
        "lot_area_m2": null,
        "is_eivuy_brown": false,
        "is_shatzap_polygon": false,
        "is_metaham_polygon": false,
        "inner_shatzap_geom": null,
        "inner_shatzap_count": 0,
        "inner_shatzap_total_m2": 0,
        "is_metaham_pdf_tichnun": false,
        "road_bearing_deg": null,
        "obstacles": "רח' ברניקי, וחלקו הצפוני של ניקנור, סובלים ממצוקת חניה, וכן ממדרכות צרות מאוד, הגדלת רוחב המדרכות ותכנון מעברי חציה חיוניים לתנועה מיטבית של ה\"ר, יקטין את מספר החניות לאורך הרחובות באופן דרסטי, לצורך כך יש להקים את החניון ולספק מענה כולל",
        "related_projects_text": null,
        "shp_hierarchy": "מקומי",
        "shp_oneway": "דו  סטרי",
        "shp_calming": "לא",
        "shp_path_kind": "כביש",
        "shp_element": "2: מדרכה + מיסעה",
        "shp_essence": "יצירת דרך ציבורית",
        "shp_chumash_text": "2 - 2031-2035",
        "shp_status": "טרם תכנון",
        "display_point": [
          35.2013737,
          31.7576494
        ]
      }
    },
    {
      "type": "Feature",
      "geometry": {
        "type": "LineString",
        "coordinates": [
          [
            35.1936147,
            31.7552838
          ],
          [
            35.1937087,
            31.7550988
          ],
          [
            35.1937077,
            31.7550688
          ],
          [
            35.1936997,
            31.7550418
          ],
          [
            35.1936857,
            31.7550228
          ],
          [
            35.1936647,
            31.7550078
          ],
          [
            35.1935687,
            31.7549618
          ],
          [
            35.1934677,
            31.7549078
          ],
          [
            35.1934357,
            31.7548848
          ],
          [
            35.1933987,
            31.7548498
          ],
          [
            35.1933817,
            31.7548308
          ],
          [
            35.1933607,
            31.7547978
          ],
          [
            35.1933427,
            31.7547588
          ],
          [
            35.1933137,
            31.7546798
          ],
          [
            35.1933007,
            31.7546228
          ],
          [
            35.1932967,
            31.7545598
          ],
          [
            35.1933017,
            31.7545248
          ],
          [
            35.1933137,
            31.7544888
          ],
          [
            35.1933417,
            31.7544368
          ],
          [
            35.1934077,
            31.7543428
          ],
          [
            35.1934707,
            31.7542648
          ],
          [
            35.1935137,
            31.7542178
          ],
          [
            35.1935807,
            31.7541488
          ],
          [
            35.1936467,
            31.7540918
          ],
          [
            35.1937087,
            31.7540408
          ],
          [
            35.1937697,
            31.7539988
          ],
          [
            35.1938557,
            31.7539528
          ],
          [
            35.1939247,
            31.7539198
          ],
          [
            35.1939987,
            31.7538868
          ],
          [
            35.1940697,
            31.7538588
          ],
          [
            35.1941657,
            31.7538248
          ],
          [
            35.1942287,
            31.7538058
          ],
          [
            35.1942877,
            31.7537898
          ],
          [
            35.1943987,
            31.7537628
          ],
          [
            35.1944717,
            31.7537468
          ],
          [
            35.1945957,
            31.7537258
          ],
          [
            35.1948597,
            31.7536898
          ],
          [
            35.1949127,
            31.7536768
          ],
          [
            35.1949477,
            31.7536648
          ],
          [
            35.1949767,
            31.7536528
          ],
          [
            35.1950107,
            31.7536358
          ],
          [
            35.1950397,
            31.7536168
          ],
          [
            35.1950657,
            31.7535888
          ],
          [
            35.1950877,
            31.7535538
          ],
          [
            35.1951037,
            31.7535118
          ],
          [
            35.1951267,
            31.7534108
          ]
        ]
      },
      "properties": {
        "project_id": "25b06747e659",
        "domain": "public_space",
        "domain_he": "מרחב ציבורי",
        "service_he": "הוספת מעבר ה\"ר",
        "service_key": null,
        "project_name": "מרבי צדוק לסן מרטין",
        "project_num": "מעבר ה\"ר מס' 3",
        "description": "חיבור קמפוס גונן צפ' לרח' סן מרטין",
        "units_label": "מ'",
        "units_required": 35,
        "units_kind": "line",
        "plan_number": null,
        "plan_raw": "לא",
        "plan_status": "טרם תכנון",
        "year_planning": 2036,
        "year_execution": 2040,
        "chumash": 3,
        "chumash_raw": "חומש 3 (2036-2040)",
        "sub_neighborhood": "קטמונים ח-ט",
        "location_id": "95/30199",
        "managing_body": "תכנון עיר",
        "estimate_nis": 52500.0,
        "pdf_link": "עמ' 15 חוברת מרחב ציבורי קטמונים ופת",
        "pdf_excerpt": "[עמ' 15]\nפרק ג': המלצות\nקטמונים ופת\nפערים: מעברי הולכי רגל להשלמה\n1\n2\n3\n4\n5\n6\n7\n8\n9\n10\nמאיפה\nלאיפה\nמהות\nסטטוס מימוש\n1דב הוז\nגולומב\nגשר מעל גולומב מדב הוז\nתלוי החלטה עירונית\n2 דב הוז\nגולומב\nחיבור דב הוז לתחנת אוטובוס\nתלוי יוזמת התחדשות\n3רבי צדוק\nסן מרטין\nגישה מצ-מע 'השכונה לקמפוס גבעת גונן\nתלוי יוזמת התחדשות\n4רבי צדוק\nסן מרטין\nהמשך ציר גונן הראשי למערב השכונה\nתלוי יוזמת התחדשות\n5רבי צדוק\nסן מרטין\nהמשך ציר גונן הראשי לדר'-מע 'השכונה\nתלוי יוזמת התחדשות\n6דב יוסף\nמבוא רוזנשטיין\nחיבור מת .\n אוטובוס ראשית בדב יוסף ובהמשך\nלתחנת רק\"ל נחל רפאים\nתלוי יוזמת התחדשות\n7הכניסה לביה\n\"\nס הדו לשוני ולגן גולדשטיין\nדב יוסף\n.  ת(\nהאוטובוס\n)\nחיבור ביה\"ס  מת .\n אוטובוס ראשית בדב יוסף\nובהמשך ולמעבר חציה לתחנת רק\"ל נחל רפאים\nתלוי יוזמת התחדשות\n8גן גולדשטיין\nמרכז קהילתי פאני קפלן\nציר הליכה רציף לאורך שדרת מבני הציבור\nתלוי יוזמת התחדשות\n9מרכז קהילתי פאני קפלן\nברל לוקר\nחיבור מבנה הציבור לרחוב הראשי\nתלוי יוזמת התחדשות\n10גן אולריך\nמעבר שמואל פינלס\nיצירת חיבור רציף בין גן אולריך לדר 'מז '\n השכונה\n(כיום חוצה חניון)תלוי יוזמת התחדשות\n\n:מקרא\nציר/מעבר קיים\nציר/מעבר מוצע",
        "match_quality": "shapefile",
        "overlap_plan_names": [],
        "geometry_source": "projector_official_layer3",
        "marker_kind": "passage_line",
        "lot_area_m2": null,
        "is_eivuy_brown": false,
        "is_shatzap_polygon": false,
        "is_metaham_polygon": false,
        "inner_shatzap_geom": null,
        "inner_shatzap_count": 0,
        "inner_shatzap_total_m2": 0,
        "is_metaham_pdf_tichnun": false,
        "road_bearing_deg": null,
        "obstacles": "יתאפשר רק במסגרת פרויקטים עתידיים של התחדשות עירונית (כרוך בשינוי ייעוד)",
        "related_projects_text": null,
        "shp_hierarchy": "מקומי",
        "shp_oneway": "דו סטרי (רחוב ללא מוצא)",
        "shp_calming": "לא",
        "shp_path_kind": "כביש",
        "shp_element": "3: מדרכה + מסעה + שביל אופניים",
        "shp_essence": "שביל אופניים",
        "shp_chumash_text": "1 - 2025-2030",
        "shp_status": "טרום תכנון",
        "shp_park_w": "חניה במקביל",
        "tik_title": "שקופית 35: רבי צדוק| סיכום והמלצות",
        "tik_pdf_name": "גוננים ח-ט ופת- דוח מסכם.pdf",
        "tik_page": 32,
        "tik_label": "דוח מסכם — קטמונים ח-ט ופת",
        "tik_excerpt": "דרך חדשה מתוכננת\n במסגרת\nהתב\"ע\nרבי צדוק|סיכום והמלצות\nדיוקן הרחוב\nאפיון\nבמצב הקיים ,רחוב ללא מוצא המוביל למוסדות חינוך .\nדיוקן אורבני ובינוי\nרחוב הממוקם במעלה הגבעה, לאורכו מספר מועט של מבני מגורים ובקצהו מוסדות חינוך \nגדולים. הפרשים טופוגרפיים בין רבי צדוק לבין הרחובות הסמוכים. הרחוב כולו מתוכנן מחדש \nכחלק מתכנית הסדרת שטח למבני הציבור (\n101-1166586\n).\nדיוקן תנועתי\nבמצב הקיים, רחוב מקומי רמה 1, דו-סטרי ללא מוצא ברוחב \n10\n מ'. במצב המוצע בתכנית \n101-1166586\n, זכות הדרך מורחבת לכ-\n15\n מ' בנוסף לכ-3 מ' לשבילי אופניים המוצעים מחוץ \nלזכות הדרך כזיקת הנאה. מוצע בנוסף חיבור ממונע במסגרת זכות דרך חדשה אך הוא מסומן \nלשירות מגרשים חומים (עם אפשרות לחסימה). \nהליכתיות ואופניים\nרחוב משופע, מדרכות צרות, מיעוט עצים, ריבוי קירות תמך בדופן הבינוי וללא תשתית רכיבה.\nמצב קיים ומתוכנן\n•הסדרת הרחוב כולו לפי עקרונות \"רחוב בית ספר\": מדרכות רחבות \nומוצלות, שביל אופניים המשכי, נתיב תנועה חד סטרי ממותן, מפרצי \nהעלאה והורדה מוסדרים,\n הגבלת גישה של רכב פרטי אל שערי \nהמוסדות.\n•\n מקטע הדרך החדש המחבר את רבי צדוק אל רח' מרגולין יהיה רחוב \nציבורי בכל שעות היממה, ויתוכנן כרחוב צר וחד סטרי, עם תשתית \nאופניים נפרדת.\nמצב מוצע\nחתך מוצע למקטע חדש\nסוגיות מרכזיות לטיפול\n חיבור\nלמרגולין\nחיבור רבי צדוק לרח 'מרגולין הינו בע",
        "display_point": [
          35.1937188,
          31.7540338
        ]
      }
    },
    {
      "type": "Feature",
      "geometry": {
        "type": "LineString",
        "coordinates": [
          [
            35.1936147,
            31.7552838
          ],
          [
            35.1937087,
            31.7550988
          ],
          [
            35.1937077,
            31.7550688
          ],
          [
            35.1936997,
            31.7550418
          ],
          [
            35.1936857,
            31.7550228
          ],
          [
            35.1936647,
            31.7550078
          ],
          [
            35.1935687,
            31.7549618
          ],
          [
            35.1934677,
            31.7549078
          ],
          [
            35.1934357,
            31.7548848
          ],
          [
            35.1933987,
            31.7548498
          ],
          [
            35.1933817,
            31.7548308
          ],
          [
            35.1933607,
            31.7547978
          ],
          [
            35.1933427,
            31.7547588
          ],
          [
            35.1933137,
            31.7546798
          ],
          [
            35.1933007,
            31.7546228
          ],
          [
            35.1932967,
            31.7545598
          ],
          [
            35.1933017,
            31.7545248
          ],
          [
            35.1933137,
            31.7544888
          ],
          [
            35.1933417,
            31.7544368
          ],
          [
            35.1934077,
            31.7543428
          ],
          [
            35.1934707,
            31.7542648
          ],
          [
            35.1935137,
            31.7542178
          ],
          [
            35.1935807,
            31.7541488
          ],
          [
            35.1936467,
            31.7540918
          ],
          [
            35.1937087,
            31.7540408
          ],
          [
            35.1937697,
            31.7539988
          ],
          [
            35.1938557,
            31.7539528
          ],
          [
            35.1939247,
            31.7539198
          ],
          [
            35.1939987,
            31.7538868
          ],
          [
            35.1940697,
            31.7538588
          ],
          [
            35.1941657,
            31.7538248
          ],
          [
            35.1942287,
            31.7538058
          ],
          [
            35.1942877,
            31.7537898
          ],
          [
            35.1943987,
            31.7537628
          ],
          [
            35.1944717,
            31.7537468
          ],
          [
            35.1945957,
            31.7537258
          ],
          [
            35.1948597,
            31.7536898
          ],
          [
            35.1949127,
            31.7536768
          ],
          [
            35.1949477,
            31.7536648
          ],
          [
            35.1949767,
            31.7536528
          ],
          [
            35.1950107,
            31.7536358
          ],
          [
            35.1950397,
            31.7536168
          ],
          [
            35.1950657,
            31.7535888
          ],
          [
            35.1950877,
            31.7535538
          ],
          [
            35.1951037,
            31.7535118
          ],
          [
            35.1951267,
            31.7534108
          ]
        ]
      },
      "properties": {
        "project_id": "6ac26c0e225e",
        "domain": "public_space",
        "domain_he": "מרחב ציבורי",
        "service_he": "הוספת מעבר ה\"ר",
        "service_key": null,
        "project_name": "מרבי צדוק לסן מרטין",
        "project_num": "מעבר ה\"ר מס' 4",
        "description": "המשך לציר ה\"ר ראשי שחוצה את מתחם הגבעה ואת קמפוס גונן. מומלץ מאוד לייצר לו המשך עד לסן מרטין.",
        "units_label": "מ'",
        "units_required": 55,
        "units_kind": "line",
        "plan_number": null,
        "plan_raw": "לא",
        "plan_status": "טרם תכנון",
        "year_planning": 2036,
        "year_execution": 2040,
        "chumash": 3,
        "chumash_raw": "חומש 3 (2036-2040)",
        "sub_neighborhood": "קטמונים ח-ט",
        "location_id": "23,24/30199",
        "managing_body": "תכנון עיר",
        "estimate_nis": 82500.0,
        "pdf_link": "עמ' 15,18 חוברת מרחב ציבורי קטמונים ופת",
        "pdf_excerpt": "[עמ' 15]\nפרק ג': המלצות\nקטמונים ופת\nפערים: מעברי הולכי רגל להשלמה\n1\n2\n3\n4\n5\n6\n7\n8\n9\n10\nמאיפה\nלאיפה\nמהות\nסטטוס מימוש\n1דב הוז\nגולומב\nגשר מעל גולומב מדב הוז\nתלוי החלטה עירונית\n2 דב הוז\nגולומב\nחיבור דב הוז לתחנת אוטובוס\nתלוי יוזמת התחדשות\n3רבי צדוק\nסן מרטין\nגישה מצ-מע 'השכונה לקמפוס גבעת גונן\nתלוי יוזמת התחדשות\n4רבי צדוק\nסן מרטין\nהמשך ציר גונן הראשי למערב השכונה\nתלוי יוזמת התחדשות\n5רבי צדוק\nסן מרטין\nהמשך ציר גונן הראשי לדר'-מע 'השכונה\nתלוי יוזמת התחדשות\n6דב יוסף\nמבוא רוזנשטיין\nחיבור מת .\n אוטובוס ראשית בדב יוסף ובהמשך\nלתחנת רק\"ל נחל רפאים\nתלוי יוזמת התחדשות\n7הכניסה לביה\n\"\nס הדו לשוני ולגן גולדשטיין\nדב יוסף\n.  ת(\nהאוטובוס\n)\nחיבור ביה\"ס  מת .\n אוטובוס ראשית בדב יוסף\nובהמשך ולמעבר חציה לתחנת רק\"ל נחל רפאים\nתלוי יוזמת התחדשות\n8גן גולדשטיין\nמרכז קהילתי פאני קפלן\nציר הליכה רציף לאורך שדרת מבני הציבור\nתלוי יוזמת התחדשות\n9מרכז קהילתי פאני קפלן\nברל לוקר\nחיבור מבנה הציבור לרחוב הראשי\nתלוי יוזמת התחדשות\n10גן אולריך\nמעבר שמואל פינלס\nיצירת חיבור רציף בין גן אולריך לדר 'מז '\n השכונה\n(כיום חוצה חניון)תלוי יוזמת התחדשות\n\n:מקרא\nציר/מעבר קיים\nציר/מעבר מוצע\n\n— — —\n\n[עמ' 18]\n.מע‘ החוצה את גן הנוטרים וממשיך לקפוס גבעת גונן-’קיים ציר מז\n ק”מ של ציר הליכתי ירוק ונעים ובשיפוע נוח.0.5  התב”ע של ג. גונן מציעה ציר רחב ומזמין, ובכך נשלם\nהוחליה החסרה: מעבר בין רבי צדוק לסן מרטין ואלמליח.\n בעת יוזמת התדשות.25 26 המלצה: להוסיף מעבר בחלקות\n פרק ג': המלצות\nקטמונים\nחיבור הציר הראשי עם אלמליח\n112\n235\n172\n70\n650\n0.2%\n0.1%\n20%\n15%\n100\nחזון נופי\n מתוך תב”ע גבעת גונן-הציר\nמעבר להוספה\nמעבר קיים\nמעבר מאושר\nמעבר חדש\n:שיפוע הציר\nהציר",
        "match_quality": "shapefile",
        "overlap_plan_names": [],
        "geometry_source": "projector_official_layer3",
        "marker_kind": "passage_line",
        "lot_area_m2": null,
        "is_eivuy_brown": false,
        "is_shatzap_polygon": false,
        "is_metaham_polygon": false,
        "inner_shatzap_geom": null,
        "inner_shatzap_count": 0,
        "inner_shatzap_total_m2": 0,
        "is_metaham_pdf_tichnun": false,
        "road_bearing_deg": null,
        "obstacles": "יתאפשר רק במסגרת פרויקטים עתידיים של התחדשות עירונית (כרוך בשינוי ייעוד)",
        "related_projects_text": null,
        "shp_hierarchy": "מקומי",
        "shp_oneway": "דו סטרי (רחוב ללא מוצא)",
        "shp_calming": "לא",
        "shp_path_kind": "כביש",
        "shp_element": "3: מדרכה + מסעה + שביל אופניים",
        "shp_essence": "שביל אופניים",
        "shp_chumash_text": "1 - 2025-2030",
        "shp_status": "טרום תכנון",
        "shp_park_w": "חניה במקביל",
        "tik_title": "שקופית 35: רבי צדוק| סיכום והמלצות",
        "tik_pdf_name": "גוננים ח-ט ופת- דוח מסכם.pdf",
        "tik_page": 32,
        "tik_label": "דוח מסכם — קטמונים ח-ט ופת",
        "tik_excerpt": "דרך חדשה מתוכננת\n במסגרת\nהתב\"ע\nרבי צדוק|סיכום והמלצות\nדיוקן הרחוב\nאפיון\nבמצב הקיים ,רחוב ללא מוצא המוביל למוסדות חינוך .\nדיוקן אורבני ובינוי\nרחוב הממוקם במעלה הגבעה, לאורכו מספר מועט של מבני מגורים ובקצהו מוסדות חינוך \nגדולים. הפרשים טופוגרפיים בין רבי צדוק לבין הרחובות הסמוכים. הרחוב כולו מתוכנן מחדש \nכחלק מתכנית הסדרת שטח למבני הציבור (\n101-1166586\n).\nדיוקן תנועתי\nבמצב הקיים, רחוב מקומי רמה 1, דו-סטרי ללא מוצא ברוחב \n10\n מ'. במצב המוצע בתכנית \n101-1166586\n, זכות הדרך מורחבת לכ-\n15\n מ' בנוסף לכ-3 מ' לשבילי אופניים המוצעים מחוץ \nלזכות הדרך כזיקת הנאה. מוצע בנוסף חיבור ממונע במסגרת זכות דרך חדשה אך הוא מסומן \nלשירות מגרשים חומים (עם אפשרות לחסימה). \nהליכתיות ואופניים\nרחוב משופע, מדרכות צרות, מיעוט עצים, ריבוי קירות תמך בדופן הבינוי וללא תשתית רכיבה.\nמצב קיים ומתוכנן\n•הסדרת הרחוב כולו לפי עקרונות \"רחוב בית ספר\": מדרכות רחבות \nומוצלות, שביל אופניים המשכי, נתיב תנועה חד סטרי ממותן, מפרצי \nהעלאה והורדה מוסדרים,\n הגבלת גישה של רכב פרטי אל שערי \nהמוסדות.\n•\n מקטע הדרך החדש המחבר את רבי צדוק אל רח' מרגולין יהיה רחוב \nציבורי בכל שעות היממה, ויתוכנן כרחוב צר וחד סטרי, עם תשתית \nאופניים נפרדת.\nמצב מוצע\nחתך מוצע למקטע חדש\nסוגיות מרכזיות לטיפול\n חיבור\nלמרגולין\nחיבור רבי צדוק לרח 'מרגולין הינו בע",
        "display_point": [
          35.1937188,
          31.7540338
        ]
      }
    },
    {
      "type": "Feature",
      "geometry": {
        "type": "LineString",
        "coordinates": [
          [
            35.1936147,
            31.7552838
          ],
          [
            35.1937087,
            31.7550988
          ],
          [
            35.1937077,
            31.7550688
          ],
          [
            35.1936997,
            31.7550418
          ],
          [
            35.1936857,
            31.7550228
          ],
          [
            35.1936647,
            31.7550078
          ],
          [
            35.1935687,
            31.7549618
          ],
          [
            35.1934677,
            31.7549078
          ],
          [
            35.1934357,
            31.7548848
          ],
          [
            35.1933987,
            31.7548498
          ],
          [
            35.1933817,
            31.7548308
          ],
          [
            35.1933607,
            31.7547978
          ],
          [
            35.1933427,
            31.7547588
          ],
          [
            35.1933137,
            31.7546798
          ],
          [
            35.1933007,
            31.7546228
          ],
          [
            35.1932967,
            31.7545598
          ],
          [
            35.1933017,
            31.7545248
          ],
          [
            35.1933137,
            31.7544888
          ],
          [
            35.1933417,
            31.7544368
          ],
          [
            35.1934077,
            31.7543428
          ],
          [
            35.1934707,
            31.7542648
          ],
          [
            35.1935137,
            31.7542178
          ],
          [
            35.1935807,
            31.7541488
          ],
          [
            35.1936467,
            31.7540918
          ],
          [
            35.1937087,
            31.7540408
          ],
          [
            35.1937697,
            31.7539988
          ],
          [
            35.1938557,
            31.7539528
          ],
          [
            35.1939247,
            31.7539198
          ],
          [
            35.1939987,
            31.7538868
          ],
          [
            35.1940697,
            31.7538588
          ],
          [
            35.1941657,
            31.7538248
          ],
          [
            35.1942287,
            31.7538058
          ],
          [
            35.1942877,
            31.7537898
          ],
          [
            35.1943987,
            31.7537628
          ],
          [
            35.1944717,
            31.7537468
          ],
          [
            35.1945957,
            31.7537258
          ],
          [
            35.1948597,
            31.7536898
          ],
          [
            35.1949127,
            31.7536768
          ],
          [
            35.1949477,
            31.7536648
          ],
          [
            35.1949767,
            31.7536528
          ],
          [
            35.1950107,
            31.7536358
          ],
          [
            35.1950397,
            31.7536168
          ],
          [
            35.1950657,
            31.7535888
          ],
          [
            35.1950877,
            31.7535538
          ],
          [
            35.1951037,
            31.7535118
          ],
          [
            35.1951267,
            31.7534108
          ]
        ]
      },
      "properties": {
        "project_id": "bca7544b75aa",
        "domain": "public_space",
        "domain_he": "מרחב ציבורי",
        "service_he": "הוספת מעבר ה\"ר",
        "service_key": null,
        "project_name": "מרבי צדוק לסן מרטין",
        "project_num": "מעבר ה\"ר מס' 5",
        "description": "המשך ציר גונן הראשי לדר'-מע' השכונה",
        "units_label": "מ'",
        "units_required": 55,
        "units_kind": "line",
        "plan_number": null,
        "plan_raw": "לא",
        "plan_status": "טרם תכנון",
        "year_planning": 2036,
        "year_execution": 2040,
        "chumash": 3,
        "chumash_raw": "חומש 3 (2036-2040)",
        "sub_neighborhood": "קטמונים ח-ט",
        "location_id": "25/30199",
        "managing_body": "תכנון עיר",
        "estimate_nis": 82500.0,
        "pdf_link": "עמ' 15 חוברת מרחב ציבורי קטמונים ופת",
        "pdf_excerpt": "[עמ' 15]\nפרק ג': המלצות\nקטמונים ופת\nפערים: מעברי הולכי רגל להשלמה\n1\n2\n3\n4\n5\n6\n7\n8\n9\n10\nמאיפה\nלאיפה\nמהות\nסטטוס מימוש\n1דב הוז\nגולומב\nגשר מעל גולומב מדב הוז\nתלוי החלטה עירונית\n2 דב הוז\nגולומב\nחיבור דב הוז לתחנת אוטובוס\nתלוי יוזמת התחדשות\n3רבי צדוק\nסן מרטין\nגישה מצ-מע 'השכונה לקמפוס גבעת גונן\nתלוי יוזמת התחדשות\n4רבי צדוק\nסן מרטין\nהמשך ציר גונן הראשי למערב השכונה\nתלוי יוזמת התחדשות\n5רבי צדוק\nסן מרטין\nהמשך ציר גונן הראשי לדר'-מע 'השכונה\nתלוי יוזמת התחדשות\n6דב יוסף\nמבוא רוזנשטיין\nחיבור מת .\n אוטובוס ראשית בדב יוסף ובהמשך\nלתחנת רק\"ל נחל רפאים\nתלוי יוזמת התחדשות\n7הכניסה לביה\n\"\nס הדו לשוני ולגן גולדשטיין\nדב יוסף\n.  ת(\nהאוטובוס\n)\nחיבור ביה\"ס  מת .\n אוטובוס ראשית בדב יוסף\nובהמשך ולמעבר חציה לתחנת רק\"ל נחל רפאים\nתלוי יוזמת התחדשות\n8גן גולדשטיין\nמרכז קהילתי פאני קפלן\nציר הליכה רציף לאורך שדרת מבני הציבור\nתלוי יוזמת התחדשות\n9מרכז קהילתי פאני קפלן\nברל לוקר\nחיבור מבנה הציבור לרחוב הראשי\nתלוי יוזמת התחדשות\n10גן אולריך\nמעבר שמואל פינלס\nיצירת חיבור רציף בין גן אולריך לדר 'מז '\n השכונה\n(כיום חוצה חניון)תלוי יוזמת התחדשות\n\n:מקרא\nציר/מעבר קיים\nציר/מעבר מוצע",
        "match_quality": "shapefile",
        "overlap_plan_names": [],
        "geometry_source": "projector_official_layer3",
        "marker_kind": "passage_line",
        "lot_area_m2": null,
        "is_eivuy_brown": false,
        "is_shatzap_polygon": false,
        "is_metaham_polygon": false,
        "inner_shatzap_geom": null,
        "inner_shatzap_count": 0,
        "inner_shatzap_total_m2": 0,
        "is_metaham_pdf_tichnun": false,
        "road_bearing_deg": null,
        "obstacles": "יתאפשר רק במסגרת פרויקטים עתידיים של התחדשות עירונית (כרוך בשינוי ייעוד)",
        "related_projects_text": null,
        "shp_hierarchy": "מקומי",
        "shp_oneway": "דו סטרי (רחוב ללא מוצא)",
        "shp_calming": "לא",
        "shp_path_kind": "כביש",
        "shp_element": "3: מדרכה + מסעה + שביל אופניים",
        "shp_essence": "שביל אופניים",
        "shp_chumash_text": "1 - 2025-2030",
        "shp_status": "טרום תכנון",
        "shp_park_w": "חניה במקביל",
        "tik_title": "שקופית 35: רבי צדוק| סיכום והמלצות",
        "tik_pdf_name": "גוננים ח-ט ופת- דוח מסכם.pdf",
        "tik_page": 32,
        "tik_label": "דוח מסכם — קטמונים ח-ט ופת",
        "tik_excerpt": "דרך חדשה מתוכננת\n במסגרת\nהתב\"ע\nרבי צדוק|סיכום והמלצות\nדיוקן הרחוב\nאפיון\nבמצב הקיים ,רחוב ללא מוצא המוביל למוסדות חינוך .\nדיוקן אורבני ובינוי\nרחוב הממוקם במעלה הגבעה, לאורכו מספר מועט של מבני מגורים ובקצהו מוסדות חינוך \nגדולים. הפרשים טופוגרפיים בין רבי צדוק לבין הרחובות הסמוכים. הרחוב כולו מתוכנן מחדש \nכחלק מתכנית הסדרת שטח למבני הציבור (\n101-1166586\n).\nדיוקן תנועתי\nבמצב הקיים, רחוב מקומי רמה 1, דו-סטרי ללא מוצא ברוחב \n10\n מ'. במצב המוצע בתכנית \n101-1166586\n, זכות הדרך מורחבת לכ-\n15\n מ' בנוסף לכ-3 מ' לשבילי אופניים המוצעים מחוץ \nלזכות הדרך כזיקת הנאה. מוצע בנוסף חיבור ממונע במסגרת זכות דרך חדשה אך הוא מסומן \nלשירות מגרשים חומים (עם אפשרות לחסימה). \nהליכתיות ואופניים\nרחוב משופע, מדרכות צרות, מיעוט עצים, ריבוי קירות תמך בדופן הבינוי וללא תשתית רכיבה.\nמצב קיים ומתוכנן\n•הסדרת הרחוב כולו לפי עקרונות \"רחוב בית ספר\": מדרכות רחבות \nומוצלות, שביל אופניים המשכי, נתיב תנועה חד סטרי ממותן, מפרצי \nהעלאה והורדה מוסדרים,\n הגבלת גישה של רכב פרטי אל שערי \nהמוסדות.\n•\n מקטע הדרך החדש המחבר את רבי צדוק אל רח' מרגולין יהיה רחוב \nציבורי בכל שעות היממה, ויתוכנן כרחוב צר וחד סטרי, עם תשתית \nאופניים נפרדת.\nמצב מוצע\nחתך מוצע למקטע חדש\nסוגיות מרכזיות לטיפול\n חיבור\nלמרגולין\nחיבור רבי צדוק לרח 'מרגולין הינו בע",
        "display_point": [
          35.1937188,
          31.7540338
        ]
      }
    },
    {
      "type": "Feature",
      "geometry": {
        "type": "MultiLineString",
        "coordinates": [
          [
            [
              35.2006507,
              31.7522977
            ],
            [
              35.2006827,
              31.7522257
            ],
            [
              35.2007067,
              31.7521647
            ],
            [
              35.2007257,
              31.7520967
            ],
            [
              35.2007297,
              31.7520607
            ],
            [
              35.2007317,
              31.7520347
            ],
            [
              35.2007287,
              31.7520027
            ],
            [
              35.2007197,
              31.7519737
            ],
            [
              35.2006887,
              31.7518977
            ],
            [
              35.2007667,
              31.7519337
            ],
            [
              35.2008117,
              31.7519497
            ],
            [
              35.2008517,
              31.7519577
            ],
            [
              35.2008857,
              31.7519627
            ],
            [
              35.2009297,
              31.7519617
            ],
            [
              35.2009737,
              31.7519567
            ],
            [
              35.2010497,
              31.7519387
            ]
          ],
          [
            [
              35.2006887,
              31.7518977
            ],
            [
              35.2008707,
              31.7520917
            ]
          ],
          [
            [
              35.2006887,
              31.7518977
            ],
            [
              35.2006277,
              31.7518307
            ],
            [
              35.2005257,
              31.7517087
            ],
            [
              35.2004487,
              31.7515937
            ],
            [
              35.2006167,
              31.7513487
            ],
            [
              35.2009237,
              31.7508967
            ],
            [
              35.2009847,
              31.7507817
            ],
            [
              35.2010187,
              31.7506837
            ],
            [
              35.2010457,
              31.7505517
            ],
            [
              35.2010887,
              31.7503297
            ],
            [
              35.2011377,
              31.7500607
            ],
            [
              35.2011567,
              31.7499777
            ],
            [
              35.2011897,
              31.7498827
            ],
            [
              35.2012137,
              31.7498227
            ],
            [
              35.2012397,
              31.7497737
            ],
            [
              35.2012717,
              31.7497257
            ],
            [
              35.2013027,
              31.7496837
            ],
            [
              35.2014037,
              31.7495777
            ],
            [
              35.2014547,
              31.7495327
            ],
            [
              35.2015107,
              31.7494917
            ],
            [
              35.2015757,
              31.7494507
            ],
            [
              35.2016147,
              31.7494297
            ],
            [
              35.2016687,
              31.7494037
            ],
            [
              35.2017437,
              31.7493787
            ],
            [
              35.2017657,
              31.7493747
            ],
            [
              35.2018207,
              31.7493637
            ],
            [
              35.2019187,
              31.7493487
            ],
            [
              35.2019937,
              31.7493397
            ],
            [
              35.2020707,
              31.7493357
            ],
            [
              35.2022127,
              31.7493407
            ],
            [
              35.2023097,
              31.7493587
            ],
            [
              35.2024177,
              31.7493917
            ],
            [
              35.2024737,
              31.7494167
            ],
            [
              35.2026247,
              31.7494867
            ],
            [
              35.2026787,
              31.7495137
            ],
            [
              35.2027387,
              31.7495497
            ],
            [
              35.2028077,
              31.7495977
            ],
            [
              35.2028437,
              31.7496287
            ],
            [
              35.2028617,
              31.7496497
            ],
            [
              35.2028827,
              31.7496797
            ],
            [
              35.2028987,
              31.7497067
            ],
            [
              35.2029237,
              31.7497647
            ],
            [
              35.2029407,
              31.7498117
            ],
            [
              35.2029507,
              31.7498477
            ],
            [
              35.2029597,
              31.7498897
            ],
            [
              35.2029677,
              31.7499387
            ],
            [
              35.2029757,
              31.7500067
            ],
            [
              35.2029877,
              31.7505917
            ],
            [
              35.2029887,
              31.7506827
            ],
            [
              35.2030307,
              31.7507377
            ],
            [
              35.2030547,
              31.7507637
            ],
            [
              35.2030787,
              31.7507827
            ],
            [
              35.2031277,
              31.7508097
            ],
            [
              35.2031607,
              31.7508217
            ],
            [
              35.2031877,
              31.7508297
            ],
            [
              35.2032187,
              31.7508347
            ],
            [
              35.2032477,
              31.7508367
            ],
            [
              35.2032807,
              31.7508377
            ],
            [
              35.2033487,
              31.7508377
            ]
          ],
          [
            [
              35.2030257,
              31.7509127
            ],
            [
              35.2030097,
              31.7508657
            ],
            [
              35.2030027,
              31.7508257
            ],
            [
              35.2029957,
              31.7507787
            ],
            [
              35.2029887,
              31.7506827
            ]
          ]
        ]
      },
      "properties": {
        "project_id": "dceca32e1e9e",
        "domain": "public_space",
        "domain_he": "מרחב ציבורי",
        "service_he": "הוספת מעבר ה\"ר",
        "service_key": null,
        "project_name": "מפאני קפלן לברל לוקר",
        "project_num": "מעבר ה\"ר מס' 9",
        "description": "חיבור המתנ\"ס לרחוב הראשי",
        "units_label": "מ'",
        "units_required": 70,
        "units_kind": "line",
        "plan_number": null,
        "plan_raw": "לא",
        "plan_status": "טרם תכנון",
        "year_planning": 2036,
        "year_execution": 2040,
        "chumash": 3,
        "chumash_raw": "חומש 3 (2036-2040)",
        "sub_neighborhood": "פת",
        "location_id": "24,60,61/30501",
        "managing_body": "תכנון עיר",
        "estimate_nis": 105000.0,
        "pdf_link": "עמ' 15 חוברת מרחב ציבורי קטמונים ופת",
        "pdf_excerpt": "[עמ' 15]\nפרק ג': המלצות\nקטמונים ופת\nפערים: מעברי הולכי רגל להשלמה\n1\n2\n3\n4\n5\n6\n7\n8\n9\n10\nמאיפה\nלאיפה\nמהות\nסטטוס מימוש\n1דב הוז\nגולומב\nגשר מעל גולומב מדב הוז\nתלוי החלטה עירונית\n2 דב הוז\nגולומב\nחיבור דב הוז לתחנת אוטובוס\nתלוי יוזמת התחדשות\n3רבי צדוק\nסן מרטין\nגישה מצ-מע 'השכונה לקמפוס גבעת גונן\nתלוי יוזמת התחדשות\n4רבי צדוק\nסן מרטין\nהמשך ציר גונן הראשי למערב השכונה\nתלוי יוזמת התחדשות\n5רבי צדוק\nסן מרטין\nהמשך ציר גונן הראשי לדר'-מע 'השכונה\nתלוי יוזמת התחדשות\n6דב יוסף\nמבוא רוזנשטיין\nחיבור מת .\n אוטובוס ראשית בדב יוסף ובהמשך\nלתחנת רק\"ל נחל רפאים\nתלוי יוזמת התחדשות\n7הכניסה לביה\n\"\nס הדו לשוני ולגן גולדשטיין\nדב יוסף\n.  ת(\nהאוטובוס\n)\nחיבור ביה\"ס  מת .\n אוטובוס ראשית בדב יוסף\nובהמשך ולמעבר חציה לתחנת רק\"ל נחל רפאים\nתלוי יוזמת התחדשות\n8גן גולדשטיין\nמרכז קהילתי פאני קפלן\nציר הליכה רציף לאורך שדרת מבני הציבור\nתלוי יוזמת התחדשות\n9מרכז קהילתי פאני קפלן\nברל לוקר\nחיבור מבנה הציבור לרחוב הראשי\nתלוי יוזמת התחדשות\n10גן אולריך\nמעבר שמואל פינלס\nיצירת חיבור רציף בין גן אולריך לדר 'מז '\n השכונה\n(כיום חוצה חניון)תלוי יוזמת התחדשות\n\n:מקרא\nציר/מעבר קיים\nציר/מעבר מוצע",
        "match_quality": "shapefile",
        "overlap_plan_names": [],
        "geometry_source": "projector_official_layer1",
        "marker_kind": "passage_line",
        "lot_area_m2": null,
        "is_eivuy_brown": false,
        "is_shatzap_polygon": false,
        "is_metaham_polygon": false,
        "inner_shatzap_geom": null,
        "inner_shatzap_count": 0,
        "inner_shatzap_total_m2": 0,
        "is_metaham_pdf_tichnun": false,
        "road_bearing_deg": null,
        "obstacles": "יתאפשר רק במסגרת פרויקטים עתידיים של התחדשות עירונית (כרוך בשינוי ייעוד)",
        "related_projects_text": null,
        "shp_hierarchy": "מאסף",
        "shp_oneway": "דו סטרי",
        "shp_calming": "לא",
        "shp_lanes": 2,
        "shp_row_m": "15",
        "shp_path_kind": "כביש",
        "tik_title": "שקופית 41: ברל לוקר| סיכום והמלצות",
        "tik_pdf_name": "גוננים ח-ט ופת- דוח מסכם.pdf",
        "tik_page": 38,
        "tik_label": "דוח מסכם — קטמונים ח-ט ופת",
        "tik_excerpt": "ברל לוקר|סיכום והמלצות\nדיוקן הרחוב\nאפיון\nהרחוב הראשי של שכונת פת.\n דיוקן אורבני\nובינוי\nברחוב מגורים בגובה \n2-4\n קומות, מעט מסחר, שצ\"פ וגישה \nלמוסדות ציבור.\nדיוקן תנועתי\nרחוב מאסף, הרחוב היחיד בשכונת פת שאינו ללא מוצא. חתך \nקיים כ-\n15\n מ,' כולל חניה בכל צד. שירות תחבורה ציבורית ברחוב. \n הליכתיות\nואופניים\nמדרחוב ברוחב \n2.5\n עם נטיעות. אין תשתית לרוכבי אופניים.\nסוגיות מרכזיות לטיפול\nאופניים\nהסדרת תשתית רכיבה ברחוב וחיבורו לפארק המסילה\n•תוספת שביל אופניים תדרוש הפקעות במסגרת התחדשות עירונית, או ביטול כלל החניות ברחוב.\n•שלביות: במסגרת התחדשות עירונית עתידית \nמצב קיים ומתוכנן\nמצב מוצע\n2.5\n2\n6 \n2\n2.5\n15\n מ'\nחתך קיים\n2.5\n2\n6 \n3\n2.5\n16\n מ'\nחתך מוצע\nP\nP\nP\nהפקעה \n נדרשת1-3\n מ'",
        "display_point": [
          35.2012653,
          31.7497354
        ]
      }
    },
    {
      "type": "Feature",
      "geometry": {
        "type": "MultiLineString",
        "coordinates": [
          [
            [
              35.1955067,
              31.7543417
            ],
            [
              35.1954797,
              31.7543517
            ],
            [
              35.1954567,
              31.7543637
            ],
            [
              35.1954357,
              31.7543777
            ],
            [
              35.1954207,
              31.7543937
            ],
            [
              35.1953567,
              31.7544907
            ],
            [
              35.1952227,
              31.7547137
            ],
            [
              35.1951777,
              31.7547857
            ],
            [
              35.1951107,
              31.7548867
            ],
            [
              35.1950987,
              31.7549137
            ],
            [
              35.1950957,
              31.7549307
            ],
            [
              35.1950937,
              31.7549567
            ],
            [
              35.1951287,
              31.7549987
            ],
            [
              35.1951577,
              31.7550207
            ],
            [
              35.1951877,
              31.7550407
            ],
            [
              35.1953487,
              31.7551157
            ],
            [
              35.1956957,
              31.7552947
            ],
            [
              35.1958807,
              31.7553987
            ],
            [
              35.1959597,
              31.7554397
            ],
            [
              35.1960457,
              31.7554797
            ],
            [
              35.1961557,
              31.7555277
            ],
            [
              35.1962297,
              31.7555507
            ],
            [
              35.1962687,
              31.7555647
            ],
            [
              35.1963097,
              31.7555817
            ],
            [
              35.1963497,
              31.7556027
            ],
            [
              35.1964307,
              31.7556427
            ],
            [
              35.1968557,
              31.7558697
            ],
            [
              35.1969027,
              31.7558887
            ],
            [
              35.1969417,
              31.7558987
            ],
            [
              35.1969777,
              31.7559067
            ],
            [
              35.1970137,
              31.7559107
            ],
            [
              35.1970707,
              31.7559147
            ],
            [
              35.1971237,
              31.7559137
            ],
            [
              35.1971827,
              31.7558997
            ],
            [
              35.1972157,
              31.7558847
            ],
            [
              35.1972447,
              31.7558677
            ],
            [
              35.1972737,
              31.7558457
            ],
            [
              35.1973017,
              31.7558147
            ],
            [
              35.1974747,
              31.7555847
            ],
            [
              35.1975687,
              31.7554667
            ],
            [
              35.1976797,
              31.7552867
            ],
            [
              35.1976307,
              31.7552487
            ],
            [
              35.1975197,
              31.7551657
            ],
            [
              35.1972817,
              31.7550227
            ],
            [
              35.1971127,
              31.7549297
            ],
            [
              35.1968217,
              31.7547817
            ],
            [
              35.1962917,
              31.7545967
            ],
            [
              35.1956877,
              31.7543807
            ],
            [
              35.1955907,
              31.7543467
            ],
            [
              35.1955136,
              31.7543395
            ]
          ],
          [
            [
              35.1977467,
              31.7553267
            ],
            [
              35.1976797,
              31.7552867
            ]
          ]
        ]
      },
      "properties": {
        "project_id": "c1d6ade2ad9c",
        "domain": "public_space",
        "domain_he": "מרחב ציבורי",
        "service_he": "מעבר חציה",
        "service_key": null,
        "project_name": "הנוטרים",
        "project_num": "מעבר חציה מס' 3",
        "description": "המשכי למעבר ה\"ר, מעבר חציה מוגבה",
        "units_label": "_",
        "units_required": "_",
        "units_kind": null,
        "plan_number": null,
        "plan_raw": "לא",
        "plan_status": "טרם תכנון",
        "year_planning": 2036,
        "year_execution": 2040,
        "chumash": 3,
        "chumash_raw": "חומש 3 (2036-2040)",
        "sub_neighborhood": "קטמונים ח-ט",
        "location_id": "73/30169",
        "managing_body": "תושיה",
        "estimate_nis": null,
        "pdf_link": "עמ' 16 חוברת מרחב ציבורי קטמונים ופת",
        "pdf_excerpt": "[עמ' 16]\nפרק ג': המלצות\nקטמונים ופת\nפערים: תוספת מעברי חציה\nלצורך שיפור תנועת הולכי רגל\nלהלן בחינת תוספת מעברי חציה\nהממוקמים על גריד מעברי הולכי רגל )קיימים ומאושרים(\nהשלכות\nסוג חצייה מומלץ\nהצדק לחצייה\nמרחק ממעברי\nחצייה קרובים\nרח\n'\nמשני\nרח\n'\nראשי\nמספר\nביטול 5-6\n חניות\nמעבר חצייה מוגבה\nמעבר המשכי לה\n\"ר\nאין בקרבתו\nמעבר לה\n\"ר\nדב הוז1\nללא\nמעבר חציה\nמתומרר\n\nשלא בצומת\nמעבר המשכי לה\n\"ר60\n/ללא\nמעבר לה\n\"ר\nאלמליח2\n ביטול2\n חניות\nמעבר חצייה מוגבה\nמעבר המשכי לה\n\"ר\nאין בקרבתו\nמעבר לה\n\"ר\nהנוטרים3\n ביטול2\n חניות\n\nמעבר חצייה מוגבה\n,\nיש להרחיק מהסיבוב\nככל שניתן\n\nמעבר המשכי לה\n\"ר\nאין בקרבתו\n\nמעבר לה\n\"ר\nהנוטרים4\n ביטול6\n-\n5\n חניות\nמעבר חצייה מוגבה\nמעבר המשכי לה\n\"ר\nאין בקרבתו\nמעבר לה\n\"ר\nהשומר5\n ביטול5-6\n חניות\nמעבר חצייה מוגבה\nמעבר המשכי לה\n\"ר\nאין בקרבתו\nמעבר לה\n\"ר\nיצחק שדה6\n בצמוד לאזור החציה מתוכננים פרויקטים\nשונים\n,\nאשר יתקדמו בלוחות זמנים\nנפרדים\n.\nיש לוודא כי המעבר יתוכנן בכל\nהתכניות\n,\nגם אם מיקומו ישתנה מעט\nבהתאם\n.\nמעבר חצייה מוגבה\n,\nמעבר המשכי לה\n\"ר\nאין בקרבתו\nמעבר לה\n\"ר\nבר יוחאי 7\n משולב בתכנית\nהתחדשות עירונית בר\n יוחאי5-15\n מעבר חציה\nמתומרר\n\nשלא בצומת\nמעבר המשכי לה\n,  ר\"\nאין בקרבתו\n.\nמעבר לה\n\"ר\nבר יוחאי8\nללא\nכיום לא קיים מעבר חציה בצומת\n,\nבהסדרת הצומת בעתיד יש\nלוודא תכנון מעבר חציה כחלק מהסדר הצומת\nמעבר המשכי לה\n\"ר\nאין בקרבתו\n.\nבר יוחאי\nסן מרטין9\nללא\nכיום לא קיים מעבר חציה בצומת\n,\nבהסדרת הצומת בעתיד יש\nלוודא תכנון מעבר חציה כחלק מהסדר הצומת\nמעבר המשכי לה\n\"ר\nאין בקרבתו\n.\nחיבור לדוד\nאיילון\nבר יוחאי10\nללא\n.\nתוכנן צומת עם חניון\n,\nבמסגרת דוד אילון\n,\nיש להוסיף מעבר חציה\nכחלק מההסדר בצומת\n,\nבשלב זה או בשלב תכניות התחדשות\nעירונית בר יוחאי 17-21\n/אלמליח\n 144-145\n מעבר המשכי לה\n\"ר100\n/\n ללא\n\nמעבר\n/ר\" לה\nחניון\nאלמליח11\nביטול כ-\n6\n חניות\nמעבר חציה\nמתומרר\n\nשלא בצומת\n.\nמעבר החציה ימוקם בהתאם לתכנית התחדשות עירונית הקרובה,\nומיקום תחנת האוטובוס במתכונתה הסופית\nמעבר המשכי לה\n\"ר\nאין בקרבתו\n.\nמעבר לה …",
        "match_quality": "shapefile",
        "overlap_plan_names": [],
        "geometry_source": "projector_official_layer3",
        "marker_kind": "passage_line",
        "lot_area_m2": null,
        "is_eivuy_brown": false,
        "is_shatzap_polygon": false,
        "is_metaham_polygon": false,
        "inner_shatzap_geom": null,
        "inner_shatzap_count": 0,
        "inner_shatzap_total_m2": 0,
        "is_metaham_pdf_tichnun": false,
        "road_bearing_deg": null,
        "obstacles": "כרוך בביטול חניות",
        "related_projects_text": null,
        "shp_hierarchy": "מקומי",
        "shp_oneway": "חד סטרי",
        "shp_calming": "כן",
        "shp_path_kind": "כביש",
        "shp_element": "2: מדרכה + מיסעה",
        "shp_essence": "שינוי סטריות",
        "shp_chumash_text": "1 - 2025-2030",
        "shp_status": "טרום תכנון",
        "tik_title": "שקופית 36: השומר, הנוטרים, מרגולין| סיכום והמלצות",
        "tik_pdf_name": "גוננים ח-ט ופת- דוח מסכם.pdf",
        "tik_page": 33,
        "tik_label": "דוח מסכם — קטמונים ח-ט ופת",
        "tik_excerpt": "השומר ,הנוטרים ,מרגולין|סיכום והמלצות\nדיוקן הרחוב\nאפיון\nרחובות מגורים פנימיים ממותני תנועה ,מובילים למוסדות חינוך\nדיוקן אורבני ובינוי\nרחוב השומר מהווה את רחוב הכניסה לשכונה, יש בו מספר מצומצם \nשל מוסדות ציבור וחנויות.\n הנוטרים ומרגולין הם רחובות מגורים, \nהמתאפיינים בעיקר במבנים מדורגים.\n במפגש הרחובות מרגולין \nוהנוטרים ישנה כניסה לקריית החינוך גבעת גונן. בין הרחובות נמצא \nפארק הנוטרים. אזור זה מוגדר בתכנית האב לשכונת קטמונים כאזור \nלעיבוי רך, ולא צפויה שם התחדשות מתחמית.\nדיוקן תנועתי\nלמעט מקטע הכניסה לשכונה מרח' פת, שלושת הרחובות חד-סטריים \nוממותני תנועה עם מיסעה מרוצפת. מקומות חניה מרובים לרבות חניה \nניצבת ואלכסונית. \nהליכתיות ואופניים\nמדרכות צרות, במקטעים מסוימים המדרכה מבוטלת לטובת חניה. \nהצללה לא רציפה מעצי צל. חתך הרחוב הצר מאפשר רכיבה משולבת \nבתנועה. חיבור לא מוטורי בין רח' מרגולין לרבי צדוק מתוכנן במסגרת \nתב\"ע מבני ציבור.\nסוגיות מרכזיות לטיפול\nחיבורים לפארק\nח'-ט'\n במסגרת התחדשות עירונית עתידית יש לפרוץ דרכים חדשות להולכי\nרגל אל פארק הנוטרים ,בפרט מהמקטע המזרחי של רח 'הנוטרים.\n•לא מוצע שינוי בחתכי הרחוב\n•שימור מיתון תנועה ורכיבה ברמת הפרדה א' (תנועה משולבת)\n•פריצת חיבור אל פארק הנוטרים מכיוון מזרח במסגרת התחדשות עתידית\n•שלביות: במסגרת התחדשות עתידית של מתחם השומר \n1,4\nמצב קיי",
        "display_point": [
          35.1972579,
          31.7558577
        ]
      }
    },
    {
      "type": "Feature",
      "geometry": {
        "type": "MultiLineString",
        "coordinates": [
          [
            [
              35.1955067,
              31.7543417
            ],
            [
              35.1954797,
              31.7543517
            ],
            [
              35.1954567,
              31.7543637
            ],
            [
              35.1954357,
              31.7543777
            ],
            [
              35.1954207,
              31.7543937
            ],
            [
              35.1953567,
              31.7544907
            ],
            [
              35.1952227,
              31.7547137
            ],
            [
              35.1951777,
              31.7547857
            ],
            [
              35.1951107,
              31.7548867
            ],
            [
              35.1950987,
              31.7549137
            ],
            [
              35.1950957,
              31.7549307
            ],
            [
              35.1950937,
              31.7549567
            ],
            [
              35.1951287,
              31.7549987
            ],
            [
              35.1951577,
              31.7550207
            ],
            [
              35.1951877,
              31.7550407
            ],
            [
              35.1953487,
              31.7551157
            ],
            [
              35.1956957,
              31.7552947
            ],
            [
              35.1958807,
              31.7553987
            ],
            [
              35.1959597,
              31.7554397
            ],
            [
              35.1960457,
              31.7554797
            ],
            [
              35.1961557,
              31.7555277
            ],
            [
              35.1962297,
              31.7555507
            ],
            [
              35.1962687,
              31.7555647
            ],
            [
              35.1963097,
              31.7555817
            ],
            [
              35.1963497,
              31.7556027
            ],
            [
              35.1964307,
              31.7556427
            ],
            [
              35.1968557,
              31.7558697
            ],
            [
              35.1969027,
              31.7558887
            ],
            [
              35.1969417,
              31.7558987
            ],
            [
              35.1969777,
              31.7559067
            ],
            [
              35.1970137,
              31.7559107
            ],
            [
              35.1970707,
              31.7559147
            ],
            [
              35.1971237,
              31.7559137
            ],
            [
              35.1971827,
              31.7558997
            ],
            [
              35.1972157,
              31.7558847
            ],
            [
              35.1972447,
              31.7558677
            ],
            [
              35.1972737,
              31.7558457
            ],
            [
              35.1973017,
              31.7558147
            ],
            [
              35.1974747,
              31.7555847
            ],
            [
              35.1975687,
              31.7554667
            ],
            [
              35.1976797,
              31.7552867
            ],
            [
              35.1976307,
              31.7552487
            ],
            [
              35.1975197,
              31.7551657
            ],
            [
              35.1972817,
              31.7550227
            ],
            [
              35.1971127,
              31.7549297
            ],
            [
              35.1968217,
              31.7547817
            ],
            [
              35.1962917,
              31.7545967
            ],
            [
              35.1956877,
              31.7543807
            ],
            [
              35.1955907,
              31.7543467
            ],
            [
              35.1955136,
              31.7543395
            ]
          ],
          [
            [
              35.1977467,
              31.7553267
            ],
            [
              35.1976797,
              31.7552867
            ]
          ]
        ]
      },
      "properties": {
        "project_id": "d674f374fc59",
        "domain": "public_space",
        "domain_he": "מרחב ציבורי",
        "service_he": "מעבר חציה",
        "service_key": null,
        "project_name": "הנוטרים",
        "project_num": "מעבר חציה מס' 4",
        "description": "המשכי למעבר ה\"ר\nמעבר חציה מוגבה, להרחיק מהסיבוב ככל שניתן",
        "units_label": "_",
        "units_required": "_",
        "units_kind": null,
        "plan_number": null,
        "plan_raw": "לא",
        "plan_status": "טרם תכנון",
        "year_planning": 2036,
        "year_execution": 2040,
        "chumash": 3,
        "chumash_raw": "חומש 3 (2036-2040)",
        "sub_neighborhood": "קטמונים ח-ט",
        "location_id": "76/30169",
        "managing_body": "תושיה",
        "estimate_nis": null,
        "pdf_link": "עמ' 16 חוברת מרחב ציבורי קטמונים ופת",
        "pdf_excerpt": "[עמ' 16]\nפרק ג': המלצות\nקטמונים ופת\nפערים: תוספת מעברי חציה\nלצורך שיפור תנועת הולכי רגל\nלהלן בחינת תוספת מעברי חציה\nהממוקמים על גריד מעברי הולכי רגל )קיימים ומאושרים(\nהשלכות\nסוג חצייה מומלץ\nהצדק לחצייה\nמרחק ממעברי\nחצייה קרובים\nרח\n'\nמשני\nרח\n'\nראשי\nמספר\nביטול 5-6\n חניות\nמעבר חצייה מוגבה\nמעבר המשכי לה\n\"ר\nאין בקרבתו\nמעבר לה\n\"ר\nדב הוז1\nללא\nמעבר חציה\nמתומרר\n\nשלא בצומת\nמעבר המשכי לה\n\"ר60\n/ללא\nמעבר לה\n\"ר\nאלמליח2\n ביטול2\n חניות\nמעבר חצייה מוגבה\nמעבר המשכי לה\n\"ר\nאין בקרבתו\nמעבר לה\n\"ר\nהנוטרים3\n ביטול2\n חניות\n\nמעבר חצייה מוגבה\n,\nיש להרחיק מהסיבוב\nככל שניתן\n\nמעבר המשכי לה\n\"ר\nאין בקרבתו\n\nמעבר לה\n\"ר\nהנוטרים4\n ביטול6\n-\n5\n חניות\nמעבר חצייה מוגבה\nמעבר המשכי לה\n\"ר\nאין בקרבתו\nמעבר לה\n\"ר\nהשומר5\n ביטול5-6\n חניות\nמעבר חצייה מוגבה\nמעבר המשכי לה\n\"ר\nאין בקרבתו\nמעבר לה\n\"ר\nיצחק שדה6\n בצמוד לאזור החציה מתוכננים פרויקטים\nשונים\n,\nאשר יתקדמו בלוחות זמנים\nנפרדים\n.\nיש לוודא כי המעבר יתוכנן בכל\nהתכניות\n,\nגם אם מיקומו ישתנה מעט\nבהתאם\n.\nמעבר חצייה מוגבה\n,\nמעבר המשכי לה\n\"ר\nאין בקרבתו\nמעבר לה\n\"ר\nבר יוחאי 7\n משולב בתכנית\nהתחדשות עירונית בר\n יוחאי5-15\n מעבר חציה\nמתומרר\n\nשלא בצומת\nמעבר המשכי לה\n,  ר\"\nאין בקרבתו\n.\nמעבר לה\n\"ר\nבר יוחאי8\nללא\nכיום לא קיים מעבר חציה בצומת\n,\nבהסדרת הצומת בעתיד יש\nלוודא תכנון מעבר חציה כחלק מהסדר הצומת\nמעבר המשכי לה\n\"ר\nאין בקרבתו\n.\nבר יוחאי\nסן מרטין9\nללא\nכיום לא קיים מעבר חציה בצומת\n,\nבהסדרת הצומת בעתיד יש\nלוודא תכנון מעבר חציה כחלק מהסדר הצומת\nמעבר המשכי לה\n\"ר\nאין בקרבתו\n.\nחיבור לדוד\nאיילון\nבר יוחאי10\nללא\n.\nתוכנן צומת עם חניון\n,\nבמסגרת דוד אילון\n,\nיש להוסיף מעבר חציה\nכחלק מההסדר בצומת\n,\nבשלב זה או בשלב תכניות התחדשות\nעירונית בר יוחאי 17-21\n/אלמליח\n 144-145\n מעבר המשכי לה\n\"ר100\n/\n ללא\n\nמעבר\n/ר\" לה\nחניון\nאלמליח11\nביטול כ-\n6\n חניות\nמעבר חציה\nמתומרר\n\nשלא בצומת\n.\nמעבר החציה ימוקם בהתאם לתכנית התחדשות עירונית הקרובה,\nומיקום תחנת האוטובוס במתכונתה הסופית\nמעבר המשכי לה\n\"ר\nאין בקרבתו\n.\nמעבר לה …",
        "match_quality": "shapefile",
        "overlap_plan_names": [],
        "geometry_source": "projector_official_layer3",
        "marker_kind": "passage_line",
        "lot_area_m2": null,
        "is_eivuy_brown": false,
        "is_shatzap_polygon": false,
        "is_metaham_polygon": false,
        "inner_shatzap_geom": null,
        "inner_shatzap_count": 0,
        "inner_shatzap_total_m2": 0,
        "is_metaham_pdf_tichnun": false,
        "road_bearing_deg": null,
        "obstacles": "כרוך בביטול חניות",
        "related_projects_text": null,
        "shp_hierarchy": "מקומי",
        "shp_oneway": "חד סטרי",
        "shp_calming": "כן",
        "shp_path_kind": "כביש",
        "shp_element": "2: מדרכה + מיסעה",
        "shp_essence": "שינוי סטריות",
        "shp_chumash_text": "1 - 2025-2030",
        "shp_status": "טרום תכנון",
        "tik_title": "שקופית 36: השומר, הנוטרים, מרגולין| סיכום והמלצות",
        "tik_pdf_name": "גוננים ח-ט ופת- דוח מסכם.pdf",
        "tik_page": 33,
        "tik_label": "דוח מסכם — קטמונים ח-ט ופת",
        "tik_excerpt": "השומר ,הנוטרים ,מרגולין|סיכום והמלצות\nדיוקן הרחוב\nאפיון\nרחובות מגורים פנימיים ממותני תנועה ,מובילים למוסדות חינוך\nדיוקן אורבני ובינוי\nרחוב השומר מהווה את רחוב הכניסה לשכונה, יש בו מספר מצומצם \nשל מוסדות ציבור וחנויות.\n הנוטרים ומרגולין הם רחובות מגורים, \nהמתאפיינים בעיקר במבנים מדורגים.\n במפגש הרחובות מרגולין \nוהנוטרים ישנה כניסה לקריית החינוך גבעת גונן. בין הרחובות נמצא \nפארק הנוטרים. אזור זה מוגדר בתכנית האב לשכונת קטמונים כאזור \nלעיבוי רך, ולא צפויה שם התחדשות מתחמית.\nדיוקן תנועתי\nלמעט מקטע הכניסה לשכונה מרח' פת, שלושת הרחובות חד-סטריים \nוממותני תנועה עם מיסעה מרוצפת. מקומות חניה מרובים לרבות חניה \nניצבת ואלכסונית. \nהליכתיות ואופניים\nמדרכות צרות, במקטעים מסוימים המדרכה מבוטלת לטובת חניה. \nהצללה לא רציפה מעצי צל. חתך הרחוב הצר מאפשר רכיבה משולבת \nבתנועה. חיבור לא מוטורי בין רח' מרגולין לרבי צדוק מתוכנן במסגרת \nתב\"ע מבני ציבור.\nסוגיות מרכזיות לטיפול\nחיבורים לפארק\nח'-ט'\n במסגרת התחדשות עירונית עתידית יש לפרוץ דרכים חדשות להולכי\nרגל אל פארק הנוטרים ,בפרט מהמקטע המזרחי של רח 'הנוטרים.\n•לא מוצע שינוי בחתכי הרחוב\n•שימור מיתון תנועה ורכיבה ברמת הפרדה א' (תנועה משולבת)\n•פריצת חיבור אל פארק הנוטרים מכיוון מזרח במסגרת התחדשות עתידית\n•שלביות: במסגרת התחדשות עתידית של מתחם השומר \n1,4\nמצב קיי",
        "display_point": [
          35.1972579,
          31.7558577
        ]
      }
    },
    {
      "type": "Feature",
      "geometry": {
        "type": "MultiLineString",
        "coordinates": [
          [
            [
              35.1955067,
              31.7543417
            ],
            [
              35.1954797,
              31.7543517
            ],
            [
              35.1954567,
              31.7543637
            ],
            [
              35.1954357,
              31.7543777
            ],
            [
              35.1954207,
              31.7543937
            ],
            [
              35.1953567,
              31.7544907
            ],
            [
              35.1952227,
              31.7547137
            ],
            [
              35.1951777,
              31.7547857
            ],
            [
              35.1951107,
              31.7548867
            ],
            [
              35.1950987,
              31.7549137
            ],
            [
              35.1950957,
              31.7549307
            ],
            [
              35.1950937,
              31.7549567
            ],
            [
              35.1951287,
              31.7549987
            ],
            [
              35.1951577,
              31.7550207
            ],
            [
              35.1951877,
              31.7550407
            ],
            [
              35.1953487,
              31.7551157
            ],
            [
              35.1956957,
              31.7552947
            ],
            [
              35.1958807,
              31.7553987
            ],
            [
              35.1959597,
              31.7554397
            ],
            [
              35.1960457,
              31.7554797
            ],
            [
              35.1961557,
              31.7555277
            ],
            [
              35.1962297,
              31.7555507
            ],
            [
              35.1962687,
              31.7555647
            ],
            [
              35.1963097,
              31.7555817
            ],
            [
              35.1963497,
              31.7556027
            ],
            [
              35.1964307,
              31.7556427
            ],
            [
              35.1968557,
              31.7558697
            ],
            [
              35.1969027,
              31.7558887
            ],
            [
              35.1969417,
              31.7558987
            ],
            [
              35.1969777,
              31.7559067
            ],
            [
              35.1970137,
              31.7559107
            ],
            [
              35.1970707,
              31.7559147
            ],
            [
              35.1971237,
              31.7559137
            ],
            [
              35.1971827,
              31.7558997
            ],
            [
              35.1972157,
              31.7558847
            ],
            [
              35.1972447,
              31.7558677
            ],
            [
              35.1972737,
              31.7558457
            ],
            [
              35.1973017,
              31.7558147
            ],
            [
              35.1974747,
              31.7555847
            ],
            [
              35.1975687,
              31.7554667
            ],
            [
              35.1976797,
              31.7552867
            ],
            [
              35.1976307,
              31.7552487
            ],
            [
              35.1975197,
              31.7551657
            ],
            [
              35.1972817,
              31.7550227
            ],
            [
              35.1971127,
              31.7549297
            ],
            [
              35.1968217,
              31.7547817
            ],
            [
              35.1962917,
              31.7545967
            ],
            [
              35.1956877,
              31.7543807
            ],
            [
              35.1955907,
              31.7543467
            ],
            [
              35.1955136,
              31.7543395
            ]
          ],
          [
            [
              35.1977467,
              31.7553267
            ],
            [
              35.1976797,
              31.7552867
            ]
          ]
        ]
      },
      "properties": {
        "project_id": "848e838e74ba",
        "domain": "public_space",
        "domain_he": "מרחב ציבורי",
        "service_he": "מעבר חציה",
        "service_key": null,
        "project_name": "השומר",
        "project_num": "מעבר חציה מס' 5",
        "description": "המשכי למעבר ה\"ר, מעבר חציה מוגבה",
        "units_label": "_",
        "units_required": "_",
        "units_kind": null,
        "plan_number": null,
        "plan_raw": "לא",
        "plan_status": "טרם תכנון",
        "year_planning": 2036,
        "year_execution": 2040,
        "chumash": 3,
        "chumash_raw": "חומש 3 (2036-2040)",
        "sub_neighborhood": "קטמונים ח-ט",
        "location_id": "77/30169",
        "managing_body": "תושיה",
        "estimate_nis": null,
        "pdf_link": "עמ' 16 חוברת מרחב ציבורי קטמונים ופת",
        "pdf_excerpt": "[עמ' 16]\nפרק ג': המלצות\nקטמונים ופת\nפערים: תוספת מעברי חציה\nלצורך שיפור תנועת הולכי רגל\nלהלן בחינת תוספת מעברי חציה\nהממוקמים על גריד מעברי הולכי רגל )קיימים ומאושרים(\nהשלכות\nסוג חצייה מומלץ\nהצדק לחצייה\nמרחק ממעברי\nחצייה קרובים\nרח\n'\nמשני\nרח\n'\nראשי\nמספר\nביטול 5-6\n חניות\nמעבר חצייה מוגבה\nמעבר המשכי לה\n\"ר\nאין בקרבתו\nמעבר לה\n\"ר\nדב הוז1\nללא\nמעבר חציה\nמתומרר\n\nשלא בצומת\nמעבר המשכי לה\n\"ר60\n/ללא\nמעבר לה\n\"ר\nאלמליח2\n ביטול2\n חניות\nמעבר חצייה מוגבה\nמעבר המשכי לה\n\"ר\nאין בקרבתו\nמעבר לה\n\"ר\nהנוטרים3\n ביטול2\n חניות\n\nמעבר חצייה מוגבה\n,\nיש להרחיק מהסיבוב\nככל שניתן\n\nמעבר המשכי לה\n\"ר\nאין בקרבתו\n\nמעבר לה\n\"ר\nהנוטרים4\n ביטול6\n-\n5\n חניות\nמעבר חצייה מוגבה\nמעבר המשכי לה\n\"ר\nאין בקרבתו\nמעבר לה\n\"ר\nהשומר5\n ביטול5-6\n חניות\nמעבר חצייה מוגבה\nמעבר המשכי לה\n\"ר\nאין בקרבתו\nמעבר לה\n\"ר\nיצחק שדה6\n בצמוד לאזור החציה מתוכננים פרויקטים\nשונים\n,\nאשר יתקדמו בלוחות זמנים\nנפרדים\n.\nיש לוודא כי המעבר יתוכנן בכל\nהתכניות\n,\nגם אם מיקומו ישתנה מעט\nבהתאם\n.\nמעבר חצייה מוגבה\n,\nמעבר המשכי לה\n\"ר\nאין בקרבתו\nמעבר לה\n\"ר\nבר יוחאי 7\n משולב בתכנית\nהתחדשות עירונית בר\n יוחאי5-15\n מעבר חציה\nמתומרר\n\nשלא בצומת\nמעבר המשכי לה\n,  ר\"\nאין בקרבתו\n.\nמעבר לה\n\"ר\nבר יוחאי8\nללא\nכיום לא קיים מעבר חציה בצומת\n,\nבהסדרת הצומת בעתיד יש\nלוודא תכנון מעבר חציה כחלק מהסדר הצומת\nמעבר המשכי לה\n\"ר\nאין בקרבתו\n.\nבר יוחאי\nסן מרטין9\nללא\nכיום לא קיים מעבר חציה בצומת\n,\nבהסדרת הצומת בעתיד יש\nלוודא תכנון מעבר חציה כחלק מהסדר הצומת\nמעבר המשכי לה\n\"ר\nאין בקרבתו\n.\nחיבור לדוד\nאיילון\nבר יוחאי10\nללא\n.\nתוכנן צומת עם חניון\n,\nבמסגרת דוד אילון\n,\nיש להוסיף מעבר חציה\nכחלק מההסדר בצומת\n,\nבשלב זה או בשלב תכניות התחדשות\nעירונית בר יוחאי 17-21\n/אלמליח\n 144-145\n מעבר המשכי לה\n\"ר100\n/\n ללא\n\nמעבר\n/ר\" לה\nחניון\nאלמליח11\nביטול כ-\n6\n חניות\nמעבר חציה\nמתומרר\n\nשלא בצומת\n.\nמעבר החציה ימוקם בהתאם לתכנית התחדשות עירונית הקרובה,\nומיקום תחנת האוטובוס במתכונתה הסופית\nמעבר המשכי לה\n\"ר\nאין בקרבתו\n.\nמעבר לה …",
        "match_quality": "shapefile",
        "overlap_plan_names": [],
        "geometry_source": "projector_official_layer3",
        "marker_kind": "passage_line",
        "lot_area_m2": null,
        "is_eivuy_brown": false,
        "is_shatzap_polygon": false,
        "is_metaham_polygon": false,
        "inner_shatzap_geom": null,
        "inner_shatzap_count": 0,
        "inner_shatzap_total_m2": 0,
        "is_metaham_pdf_tichnun": false,
        "road_bearing_deg": null,
        "obstacles": "כרוך בביטול חניות",
        "related_projects_text": null,
        "shp_hierarchy": "מקומי",
        "shp_oneway": "חד סטרי",
        "shp_calming": "כן",
        "shp_path_kind": "כביש",
        "shp_element": "2: מדרכה + מיסעה",
        "shp_essence": "שינוי סטריות",
        "shp_chumash_text": "1 - 2025-2030",
        "shp_status": "טרום תכנון",
        "tik_title": "שקופית 36: השומר, הנוטרים, מרגולין| סיכום והמלצות",
        "tik_pdf_name": "גוננים ח-ט ופת- דוח מסכם.pdf",
        "tik_page": 33,
        "tik_label": "דוח מסכם — קטמונים ח-ט ופת",
        "tik_excerpt": "השומר ,הנוטרים ,מרגולין|סיכום והמלצות\nדיוקן הרחוב\nאפיון\nרחובות מגורים פנימיים ממותני תנועה ,מובילים למוסדות חינוך\nדיוקן אורבני ובינוי\nרחוב השומר מהווה את רחוב הכניסה לשכונה, יש בו מספר מצומצם \nשל מוסדות ציבור וחנויות.\n הנוטרים ומרגולין הם רחובות מגורים, \nהמתאפיינים בעיקר במבנים מדורגים.\n במפגש הרחובות מרגולין \nוהנוטרים ישנה כניסה לקריית החינוך גבעת גונן. בין הרחובות נמצא \nפארק הנוטרים. אזור זה מוגדר בתכנית האב לשכונת קטמונים כאזור \nלעיבוי רך, ולא צפויה שם התחדשות מתחמית.\nדיוקן תנועתי\nלמעט מקטע הכניסה לשכונה מרח' פת, שלושת הרחובות חד-סטריים \nוממותני תנועה עם מיסעה מרוצפת. מקומות חניה מרובים לרבות חניה \nניצבת ואלכסונית. \nהליכתיות ואופניים\nמדרכות צרות, במקטעים מסוימים המדרכה מבוטלת לטובת חניה. \nהצללה לא רציפה מעצי צל. חתך הרחוב הצר מאפשר רכיבה משולבת \nבתנועה. חיבור לא מוטורי בין רח' מרגולין לרבי צדוק מתוכנן במסגרת \nתב\"ע מבני ציבור.\nסוגיות מרכזיות לטיפול\nחיבורים לפארק\nח'-ט'\n במסגרת התחדשות עירונית עתידית יש לפרוץ דרכים חדשות להולכי\nרגל אל פארק הנוטרים ,בפרט מהמקטע המזרחי של רח 'הנוטרים.\n•לא מוצע שינוי בחתכי הרחוב\n•שימור מיתון תנועה ורכיבה ברמת הפרדה א' (תנועה משולבת)\n•פריצת חיבור אל פארק הנוטרים מכיוון מזרח במסגרת התחדשות עתידית\n•שלביות: במסגרת התחדשות עתידית של מתחם השומר \n1,4\nמצב קיי",
        "display_point": [
          35.1972579,
          31.7558577
        ]
      }
    },
    {
      "type": "Feature",
      "geometry": {
        "type": "MultiLineString",
        "coordinates": [
          [
            [
              35.192899,
              31.753576
            ],
            [
              35.192899,
              31.753535
            ],
            [
              35.192905,
              31.753489
            ],
            [
              35.19292,
              31.753447
            ],
            [
              35.192938,
              31.753412
            ],
            [
              35.192979,
              31.753337
            ],
            [
              35.193083,
              31.753203
            ],
            [
              35.19313,
              31.753149
            ],
            [
              35.193171,
              31.753116
            ],
            [
              35.193222,
              31.753081
            ],
            [
              35.193273,
              31.753054
            ],
            [
              35.19331,
              31.753037
            ],
            [
              35.193418,
              31.752991
            ],
            [
              35.193483,
              31.752963
            ],
            [
              35.193594,
              31.752921
            ],
            [
              35.193722,
              31.752875
            ],
            [
              35.194056,
              31.752819
            ],
            [
              35.194138,
              31.752806
            ],
            [
              35.194285,
              31.752793
            ],
            [
              35.194419,
              31.752783
            ],
            [
              35.19454,
              31.75278
            ],
            [
              35.194648,
              31.75278
            ],
            [
              35.195081,
              31.75281
            ],
            [
              35.195208,
              31.752821
            ],
            [
              35.195572,
              31.75286
            ],
            [
              35.195645,
              31.752871
            ],
            [
              35.195704,
              31.752881
            ],
            [
              35.195869,
              31.752915
            ],
            [
              35.195969,
              31.75294
            ],
            [
              35.196226,
              31.753007
            ],
            [
              35.196435,
              31.75309
            ],
            [
              35.19652,
              31.753129
            ],
            [
              35.196619,
              31.75318
            ],
            [
              35.196807,
              31.753297
            ],
            [
              35.196922,
              31.753351
            ],
            [
              35.197144,
              31.753455
            ],
            [
              35.197237,
              31.753489
            ],
            [
              35.197325,
              31.753514
            ],
            [
              35.19738,
              31.753527
            ],
            [
              35.197439,
              31.753535
            ],
            [
              35.197523,
              31.753552
            ],
            [
              35.197571,
              31.753565
            ],
            [
              35.197604,
              31.753576
            ],
            [
              35.197706,
              31.753617
            ],
            [
              35.198281,
              31.753889
            ],
            [
              35.199222,
              31.754333
            ],
            [
              35.19929,
              31.754389
            ],
            [
              35.199328,
              31.754424
            ],
            [
              35.199334,
              31.754437
            ],
            [
              35.199356,
              31.754467
            ],
            [
              35.199414,
              31.754578
            ]
          ],
          [
            [
              35.199222,
              31.754333
            ],
            [
              35.199273,
              31.75433
            ],
            [
              35.199315,
              31.754323
            ],
            [
              35.199506,
              31.754273
            ]
          ]
        ]
      },
      "properties": {
        "project_id": "6be28a4e18ce",
        "domain": "public_space",
        "domain_he": "מרחב ציבורי",
        "service_he": "מעבר חציה",
        "service_key": null,
        "project_name": "בר יוחאי",
        "project_num": "מעבר חציה מס' 7",
        "description": "המשכי למעבר ה\"ר, מעבר חציה מוגבה",
        "units_label": "_",
        "units_required": "_",
        "units_kind": null,
        "plan_number": null,
        "plan_raw": "לא",
        "plan_status": "טרם תכנון",
        "year_planning": 2036,
        "year_execution": 2040,
        "chumash": 3,
        "chumash_raw": "חומש 3 (2036-2040)",
        "sub_neighborhood": "קטמונים ח-ט",
        "location_id": "85/30169",
        "managing_body": "תושיה",
        "estimate_nis": null,
        "pdf_link": "עמ' 16 חוברת מרחב ציבורי קטמונים ופת",
        "pdf_excerpt": "[עמ' 16]\nפרק ג': המלצות\nקטמונים ופת\nפערים: תוספת מעברי חציה\nלצורך שיפור תנועת הולכי רגל\nלהלן בחינת תוספת מעברי חציה\nהממוקמים על גריד מעברי הולכי רגל )קיימים ומאושרים(\nהשלכות\nסוג חצייה מומלץ\nהצדק לחצייה\nמרחק ממעברי\nחצייה קרובים\nרח\n'\nמשני\nרח\n'\nראשי\nמספר\nביטול 5-6\n חניות\nמעבר חצייה מוגבה\nמעבר המשכי לה\n\"ר\nאין בקרבתו\nמעבר לה\n\"ר\nדב הוז1\nללא\nמעבר חציה\nמתומרר\n\nשלא בצומת\nמעבר המשכי לה\n\"ר60\n/ללא\nמעבר לה\n\"ר\nאלמליח2\n ביטול2\n חניות\nמעבר חצייה מוגבה\nמעבר המשכי לה\n\"ר\nאין בקרבתו\nמעבר לה\n\"ר\nהנוטרים3\n ביטול2\n חניות\n\nמעבר חצייה מוגבה\n,\nיש להרחיק מהסיבוב\nככל שניתן\n\nמעבר המשכי לה\n\"ר\nאין בקרבתו\n\nמעבר לה\n\"ר\nהנוטרים4\n ביטול6\n-\n5\n חניות\nמעבר חצייה מוגבה\nמעבר המשכי לה\n\"ר\nאין בקרבתו\nמעבר לה\n\"ר\nהשומר5\n ביטול5-6\n חניות\nמעבר חצייה מוגבה\nמעבר המשכי לה\n\"ר\nאין בקרבתו\nמעבר לה\n\"ר\nיצחק שדה6\n בצמוד לאזור החציה מתוכננים פרויקטים\nשונים\n,\nאשר יתקדמו בלוחות זמנים\nנפרדים\n.\nיש לוודא כי המעבר יתוכנן בכל\nהתכניות\n,\nגם אם מיקומו ישתנה מעט\nבהתאם\n.\nמעבר חצייה מוגבה\n,\nמעבר המשכי לה\n\"ר\nאין בקרבתו\nמעבר לה\n\"ר\nבר יוחאי 7\n משולב בתכנית\nהתחדשות עירונית בר\n יוחאי5-15\n מעבר חציה\nמתומרר\n\nשלא בצומת\nמעבר המשכי לה\n,  ר\"\nאין בקרבתו\n.\nמעבר לה\n\"ר\nבר יוחאי8\nללא\nכיום לא קיים מעבר חציה בצומת\n,\nבהסדרת הצומת בעתיד יש\nלוודא תכנון מעבר חציה כחלק מהסדר הצומת\nמעבר המשכי לה\n\"ר\nאין בקרבתו\n.\nבר יוחאי\nסן מרטין9\nללא\nכיום לא קיים מעבר חציה בצומת\n,\nבהסדרת הצומת בעתיד יש\nלוודא תכנון מעבר חציה כחלק מהסדר הצומת\nמעבר המשכי לה\n\"ר\nאין בקרבתו\n.\nחיבור לדוד\nאיילון\nבר יוחאי10\nללא\n.\nתוכנן צומת עם חניון\n,\nבמסגרת דוד אילון\n,\nיש להוסיף מעבר חציה\nכחלק מההסדר בצומת\n,\nבשלב זה או בשלב תכניות התחדשות\nעירונית בר יוחאי 17-21\n/אלמליח\n 144-145\n מעבר המשכי לה\n\"ר100\n/\n ללא\n\nמעבר\n/ר\" לה\nחניון\nאלמליח11\nביטול כ-\n6\n חניות\nמעבר חציה\nמתומרר\n\nשלא בצומת\n.\nמעבר החציה ימוקם בהתאם לתכנית התחדשות עירונית הקרובה,\nומיקום תחנת האוטובוס במתכונתה הסופית\nמעבר המשכי לה\n\"ר\nאין בקרבתו\n.\nמעבר לה …",
        "match_quality": "shapefile",
        "overlap_plan_names": [],
        "geometry_source": "projector_official_layer3",
        "marker_kind": "passage_line",
        "lot_area_m2": null,
        "is_eivuy_brown": false,
        "is_shatzap_polygon": false,
        "is_metaham_polygon": false,
        "inner_shatzap_geom": null,
        "inner_shatzap_count": 0,
        "inner_shatzap_total_m2": 0,
        "is_metaham_pdf_tichnun": false,
        "road_bearing_deg": null,
        "obstacles": "בצמוד לאמעבר חציה מתוכננים מס' פרוייקטים עם זמני ביצוע שונים. יש לוודא שהמעבר יתכונן בכל התוכניות (גם אם מיוקמו ישתנה מעט)",
        "related_projects_text": null,
        "shp_hierarchy": "מאסף",
        "shp_oneway": "דו סטרי",
        "shp_calming": "לא",
        "shp_path_kind": "כביש",
        "shp_element": "3: מדרכה + מסעה + שביל אופניים",
        "shp_essence": "שינוי סטריות והוספת שביל אופניים",
        "shp_chumash_text": "1 - 2025-2030",
        "shp_status": "טרום תכנון",
        "shp_park_n": "חניה במקביל + בניצב",
        "shp_park_s": "חניה במקביל",
        "tik_title": "שקופית 38: בר יוחאי | סיכום והמלצות",
        "tik_pdf_name": "גוננים ח-ט ופת- דוח מסכם.pdf",
        "tik_page": 35,
        "tik_label": "דוח מסכם — קטמונים ח-ט ופת",
        "tik_excerpt": "בר יוחאי|סיכום והמלצות\nדיוקן הרחוב\nאפיון\nרחוב מגורים מוטה חניה ,נמצא בשולי השכונה .\n עם מימוש התחדשות צפוי\nלהפוך למרכז הכובד של השכונה .מישורי לאורכו.\nדיוקן אורבני ובינוי\nבמצב הקיים, רחוב מקומי למגורים ומוסדות ציבור, בניה שיכונית \n4-5\n \nקומות. פארק אלמליח שוכן מדרום לרחוב אך אינו נגיש אלא דרך רח' \nאלמליח. תכניות להתחדשות עירונית אינטנסיבית של כמעט כל המבנים \nברחוב מוסיפות אלפי יח\"ד, שימושים ציבוריים וכן חזיתות מסחריות, \nוצפויות להפוך את בר יוחאי לרחוב מרכזי בתפקידו השכונתי והמקומי, על \nאף מיקומו בשולי השכונה. ריווח הבינוי הגובל בפארק אלמליח מייצר \nחיבור של הפארק לרחוב, וכן מעצים את תפקוד הפארק לא רק כמרחב \nשהייה ופנאי אלא גם כמסלול אל תחנת רק\"ל וכחיבור אל שבילי ההליכה \nוהרכיבה בפארק המסילה.\nדיוקן תנועתי\nרחוב מקומי רמה 2\n משתנה בעקבות התחדשות לרחוב מאסף רמה 1. אין \nשירות תחבורה ציבורית.\n כניסה/יציאה קיימת מהשכונה אל רח' פת, \nוכניסה/יציאה חדשה מתוכננת לדרום מרח' איילון. מקטע דו-סטרי קיים בין \nהמפגשים עם רח' סן מרטין מתוכנן להפוך לדו-סטרי בתלות במימוש \nתכניות סמוכות. חתך רחוב קיים בין \n10-15\n מ,'\n עם הרחבות נקודתיות \nלחניה עד \n25\n מ'. זכות דרך מאושרת במסגרת התחדשות עירונית \n10-17\n מ'.\nהליכתיות ואופניים\nמדרכות ברוחב משתנה \n2.5-5\n מ'. בפועל רצועת ההליכה חסומה לעיתים \nקרובות עקב חניית רכ",
        "display_point": [
          35.1963233,
          31.7530456
        ]
      }
    },
    {
      "type": "Feature",
      "geometry": {
        "type": "LineString",
        "coordinates": [
          [
            35.1927293,
            31.75412
          ],
          [
            35.192731,
            31.754116
          ],
          [
            35.192944,
            31.753881
          ],
          [
            35.193017,
            31.753807
          ],
          [
            35.193063,
            31.753765
          ],
          [
            35.193111,
            31.753725
          ],
          [
            35.193158,
            31.75369
          ],
          [
            35.193233,
            31.753637
          ],
          [
            35.193299,
            31.753598
          ],
          [
            35.193358,
            31.75357
          ],
          [
            35.193447,
            31.753535
          ],
          [
            35.193542,
            31.753501
          ],
          [
            35.193647,
            31.753473
          ],
          [
            35.194192,
            31.753375
          ],
          [
            35.194251,
            31.753369
          ],
          [
            35.194371,
            31.753363
          ],
          [
            35.194481,
            31.753361
          ],
          [
            35.194591,
            31.753362
          ],
          [
            35.194761,
            31.75337
          ],
          [
            35.194871,
            31.753378
          ],
          [
            35.195023,
            31.753395
          ],
          [
            35.195126,
            31.753408
          ],
          [
            35.195446,
            31.753435
          ],
          [
            35.195546,
            31.753455
          ],
          [
            35.19562,
            31.753473
          ],
          [
            35.195677,
            31.753491
          ],
          [
            35.1958,
            31.753537
          ],
          [
            35.196101,
            31.753657
          ],
          [
            35.196194,
            31.753699
          ]
        ]
      },
      "properties": {
        "project_id": "1584b2a13ddb",
        "domain": "public_space",
        "domain_he": "מרחב ציבורי",
        "service_he": "מעבר חציה",
        "service_key": null,
        "project_name": "סן מרטין",
        "project_num": "מעבר חציה מס' 8",
        "description": "המשכי למעבר ה\"ר, מעבר חציה מתומרר שלא בצומת",
        "units_label": "_",
        "units_required": "_",
        "units_kind": null,
        "plan_number": "101-0511923",
        "plan_raw": "משולב בתוכנית התחדשות עירונית בר יוחאי 5-15 101-0511923",
        "plan_status": "טרם תכנון",
        "year_planning": 2036,
        "year_execution": 2040,
        "chumash": 3,
        "chumash_raw": "חומש 3 (2036-2040)",
        "sub_neighborhood": "קטמונים ח-ט",
        "location_id": "42/30200",
        "managing_body": "תושיה",
        "estimate_nis": null,
        "pdf_link": "עמ' 16 חוברת מרחב ציבורי קטמונים ופת",
        "pdf_excerpt": "[עמ' 16]\nפרק ג': המלצות\nקטמונים ופת\nפערים: תוספת מעברי חציה\nלצורך שיפור תנועת הולכי רגל\nלהלן בחינת תוספת מעברי חציה\nהממוקמים על גריד מעברי הולכי רגל )קיימים ומאושרים(\nהשלכות\nסוג חצייה מומלץ\nהצדק לחצייה\nמרחק ממעברי\nחצייה קרובים\nרח\n'\nמשני\nרח\n'\nראשי\nמספר\nביטול 5-6\n חניות\nמעבר חצייה מוגבה\nמעבר המשכי לה\n\"ר\nאין בקרבתו\nמעבר לה\n\"ר\nדב הוז1\nללא\nמעבר חציה\nמתומרר\n\nשלא בצומת\nמעבר המשכי לה\n\"ר60\n/ללא\nמעבר לה\n\"ר\nאלמליח2\n ביטול2\n חניות\nמעבר חצייה מוגבה\nמעבר המשכי לה\n\"ר\nאין בקרבתו\nמעבר לה\n\"ר\nהנוטרים3\n ביטול2\n חניות\n\nמעבר חצייה מוגבה\n,\nיש להרחיק מהסיבוב\nככל שניתן\n\nמעבר המשכי לה\n\"ר\nאין בקרבתו\n\nמעבר לה\n\"ר\nהנוטרים4\n ביטול6\n-\n5\n חניות\nמעבר חצייה מוגבה\nמעבר המשכי לה\n\"ר\nאין בקרבתו\nמעבר לה\n\"ר\nהשומר5\n ביטול5-6\n חניות\nמעבר חצייה מוגבה\nמעבר המשכי לה\n\"ר\nאין בקרבתו\nמעבר לה\n\"ר\nיצחק שדה6\n בצמוד לאזור החציה מתוכננים פרויקטים\nשונים\n,\nאשר יתקדמו בלוחות זמנים\nנפרדים\n.\nיש לוודא כי המעבר יתוכנן בכל\nהתכניות\n,\nגם אם מיקומו ישתנה מעט\nבהתאם\n.\nמעבר חצייה מוגבה\n,\nמעבר המשכי לה\n\"ר\nאין בקרבתו\nמעבר לה\n\"ר\nבר יוחאי 7\n משולב בתכנית\nהתחדשות עירונית בר\n יוחאי5-15\n מעבר חציה\nמתומרר\n\nשלא בצומת\nמעבר המשכי לה\n,  ר\"\nאין בקרבתו\n.\nמעבר לה\n\"ר\nבר יוחאי8\nללא\nכיום לא קיים מעבר חציה בצומת\n,\nבהסדרת הצומת בעתיד יש\nלוודא תכנון מעבר חציה כחלק מהסדר הצומת\nמעבר המשכי לה\n\"ר\nאין בקרבתו\n.\nבר יוחאי\nסן מרטין9\nללא\nכיום לא קיים מעבר חציה בצומת\n,\nבהסדרת הצומת בעתיד יש\nלוודא תכנון מעבר חציה כחלק מהסדר הצומת\nמעבר המשכי לה\n\"ר\nאין בקרבתו\n.\nחיבור לדוד\nאיילון\nבר יוחאי10\nללא\n.\nתוכנן צומת עם חניון\n,\nבמסגרת דוד אילון\n,\nיש להוסיף מעבר חציה\nכחלק מההסדר בצומת\n,\nבשלב זה או בשלב תכניות התחדשות\nעירונית בר יוחאי 17-21\n/אלמליח\n 144-145\n מעבר המשכי לה\n\"ר100\n/\n ללא\n\nמעבר\n/ר\" לה\nחניון\nאלמליח11\nביטול כ-\n6\n חניות\nמעבר חציה\nמתומרר\n\nשלא בצומת\n.\nמעבר החציה ימוקם בהתאם לתכנית התחדשות עירונית הקרובה,\nומיקום תחנת האוטובוס במתכונתה הסופית\nמעבר המשכי לה\n\"ר\nאין בקרבתו\n.\nמעבר לה …",
        "match_quality": "shapefile",
        "overlap_plan_names": [],
        "geometry_source": "projector_official_layer3",
        "marker_kind": "passage_line",
        "lot_area_m2": null,
        "is_eivuy_brown": false,
        "is_shatzap_polygon": false,
        "is_metaham_polygon": false,
        "inner_shatzap_geom": null,
        "inner_shatzap_count": 0,
        "inner_shatzap_total_m2": 0,
        "is_metaham_pdf_tichnun": false,
        "road_bearing_deg": null,
        "obstacles": "ניתן לממש בעת שדרוגי כבישים",
        "related_projects_text": null,
        "shp_hierarchy": "מאסף",
        "shp_oneway": "דו סטרי",
        "shp_calming": "לא",
        "shp_path_kind": "כביש",
        "shp_element": "3: מדרכה + מסעה + שביל אופניים",
        "shp_essence": "שביל אופניים",
        "shp_chumash_text": "1 - 2025-2030",
        "shp_status": "טרום תכנון",
        "shp_park_n": "חניה במקביל",
        "shp_park_s": "חניה במקביל",
        "tik_title": "שקופית 37: סן מרטין| סיכום והמלצות",
        "tik_pdf_name": "גוננים ח-ט ופת- דוח מסכם.pdf",
        "tik_page": 34,
        "tik_label": "דוח מסכם — קטמונים ח-ט ופת",
        "tik_excerpt": "סן מרטין|סיכום והמלצות\nדיוקן הרחוב\nאפיון\nרחוב מגורים מוטה חניה .מישורי לאורכו .מוביל למוסדות חינוך .\n עם מימוש\nהתחדשות צפוי להפוך למרכז הכובד של השכונה .ברח 'קיים שירות תח\"צ.\nדיוקן אורבני ובינוי\nבמצב הקיים, בניה שיכונית של \n4-5\n קומות. תכניות להתחדשות עירונית \nמציעות תוספת של כ-\n1,665\n יח\"ד ושימושי ציבור ומסחר, בשני מקבצי בינוי \nעיקריים: סביב צומת סן מרטין –\n יצחק שדה –\n בר יוחאי, וסביב הצומת עם דב \nהוז. \nדיוקן תנועתי\nרחוב מאסף רמה 1. מתפקד כציר כניסה ויציאה אל השכונה מצפון אל גולומב \nומשם לכביש בגין. מקטע חד-סטרי בין המפגשים עם רח' בר יוחאי מתוכנן \nלהפוך לדו-סטרי עם מימוש תכניות התחדשות. ברחוב עוברים שני קווי תח\"צ – \n10,18\n שמבצעים מסלול מעגלי במקטע זה עקב מגבלות הסטריות. שתי תחנות \nאוטובוס. \nהליכתיות ואופניים\nמדרכות ברוחב משתנה \n2-4.5\n מ'. בפועל רצועת ההליכה חסומה לעיתים \nקרובות עקב חניית רכבים על המדרכה. רצועת הצללה המשכית לאורך רוב \nהרחוב, למעט מספר מקטעים דלילים. אין תשתית ייעודית לאופניים. \n•הסדרת תשתית אופניים דו-סטרית לאורך כל הרחוב, על חשבון רצועת חניה אחת.\n•מיסעה ברוחב המאפשר תנועת אוטובוסים דו סטרית, לרבות הרחבת נתיבים במקטע הצפוני \nבו רדיוס סיבוב גדול.\n•שלביות: ביצוע כחלק מהתחדשות עירונית\nמצב קיים ומתוכנן\nמצב מוצע\nסוגיות מרכזיות לטיפול\nתחבורה ציבורית\nפתיחת הרחוב לתנועה ",
        "display_point": [
          35.1943673,
          31.7533632
        ]
      }
    },
    {
      "type": "Feature",
      "geometry": {
        "type": "MultiLineString",
        "coordinates": [
          [
            [
              35.192899,
              31.753576
            ],
            [
              35.192899,
              31.753535
            ],
            [
              35.192905,
              31.753489
            ],
            [
              35.19292,
              31.753447
            ],
            [
              35.192938,
              31.753412
            ],
            [
              35.192979,
              31.753337
            ],
            [
              35.193083,
              31.753203
            ],
            [
              35.19313,
              31.753149
            ],
            [
              35.193171,
              31.753116
            ],
            [
              35.193222,
              31.753081
            ],
            [
              35.193273,
              31.753054
            ],
            [
              35.19331,
              31.753037
            ],
            [
              35.193418,
              31.752991
            ],
            [
              35.193483,
              31.752963
            ],
            [
              35.193594,
              31.752921
            ],
            [
              35.193722,
              31.752875
            ],
            [
              35.194056,
              31.752819
            ],
            [
              35.194138,
              31.752806
            ],
            [
              35.194285,
              31.752793
            ],
            [
              35.194419,
              31.752783
            ],
            [
              35.19454,
              31.75278
            ],
            [
              35.194648,
              31.75278
            ],
            [
              35.195081,
              31.75281
            ],
            [
              35.195208,
              31.752821
            ],
            [
              35.195572,
              31.75286
            ],
            [
              35.195645,
              31.752871
            ],
            [
              35.195704,
              31.752881
            ],
            [
              35.195869,
              31.752915
            ],
            [
              35.195969,
              31.75294
            ],
            [
              35.196226,
              31.753007
            ],
            [
              35.196435,
              31.75309
            ],
            [
              35.19652,
              31.753129
            ],
            [
              35.196619,
              31.75318
            ],
            [
              35.196807,
              31.753297
            ],
            [
              35.196922,
              31.753351
            ],
            [
              35.197144,
              31.753455
            ],
            [
              35.197237,
              31.753489
            ],
            [
              35.197325,
              31.753514
            ],
            [
              35.19738,
              31.753527
            ],
            [
              35.197439,
              31.753535
            ],
            [
              35.197523,
              31.753552
            ],
            [
              35.197571,
              31.753565
            ],
            [
              35.197604,
              31.753576
            ],
            [
              35.197706,
              31.753617
            ],
            [
              35.198281,
              31.753889
            ],
            [
              35.199222,
              31.754333
            ],
            [
              35.19929,
              31.754389
            ],
            [
              35.199328,
              31.754424
            ],
            [
              35.199334,
              31.754437
            ],
            [
              35.199356,
              31.754467
            ],
            [
              35.199414,
              31.754578
            ]
          ],
          [
            [
              35.199222,
              31.754333
            ],
            [
              35.199273,
              31.75433
            ],
            [
              35.199315,
              31.754323
            ],
            [
              35.199506,
              31.754273
            ]
          ]
        ]
      },
      "properties": {
        "project_id": "019975bd1129",
        "domain": "public_space",
        "domain_he": "מרחב ציבורי",
        "service_he": "מעבר חציה",
        "service_key": null,
        "project_name": "בר יוחאי",
        "project_num": "מעבר חציה מס' 9",
        "description": "המשכי למעבר ה\"ר, כשיוסדר הצומת בעתיד יש לוודא תכנון מעבר חציה כחלק מהסדר הצומת",
        "units_label": "_",
        "units_required": "_",
        "units_kind": null,
        "plan_number": null,
        "plan_raw": "לא",
        "plan_status": "טרם תכנון",
        "year_planning": 2036,
        "year_execution": 2040,
        "chumash": 3,
        "chumash_raw": "חומש 3 (2036-2040)",
        "sub_neighborhood": "קטמונים ח-ט",
        "location_id": "95/30199",
        "managing_body": "תושיה",
        "estimate_nis": null,
        "pdf_link": "עמ' 16 חוברת מרחב ציבורי קטמונים ופת",
        "pdf_excerpt": "[עמ' 16]\nפרק ג': המלצות\nקטמונים ופת\nפערים: תוספת מעברי חציה\nלצורך שיפור תנועת הולכי רגל\nלהלן בחינת תוספת מעברי חציה\nהממוקמים על גריד מעברי הולכי רגל )קיימים ומאושרים(\nהשלכות\nסוג חצייה מומלץ\nהצדק לחצייה\nמרחק ממעברי\nחצייה קרובים\nרח\n'\nמשני\nרח\n'\nראשי\nמספר\nביטול 5-6\n חניות\nמעבר חצייה מוגבה\nמעבר המשכי לה\n\"ר\nאין בקרבתו\nמעבר לה\n\"ר\nדב הוז1\nללא\nמעבר חציה\nמתומרר\n\nשלא בצומת\nמעבר המשכי לה\n\"ר60\n/ללא\nמעבר לה\n\"ר\nאלמליח2\n ביטול2\n חניות\nמעבר חצייה מוגבה\nמעבר המשכי לה\n\"ר\nאין בקרבתו\nמעבר לה\n\"ר\nהנוטרים3\n ביטול2\n חניות\n\nמעבר חצייה מוגבה\n,\nיש להרחיק מהסיבוב\nככל שניתן\n\nמעבר המשכי לה\n\"ר\nאין בקרבתו\n\nמעבר לה\n\"ר\nהנוטרים4\n ביטול6\n-\n5\n חניות\nמעבר חצייה מוגבה\nמעבר המשכי לה\n\"ר\nאין בקרבתו\nמעבר לה\n\"ר\nהשומר5\n ביטול5-6\n חניות\nמעבר חצייה מוגבה\nמעבר המשכי לה\n\"ר\nאין בקרבתו\nמעבר לה\n\"ר\nיצחק שדה6\n בצמוד לאזור החציה מתוכננים פרויקטים\nשונים\n,\nאשר יתקדמו בלוחות זמנים\nנפרדים\n.\nיש לוודא כי המעבר יתוכנן בכל\nהתכניות\n,\nגם אם מיקומו ישתנה מעט\nבהתאם\n.\nמעבר חצייה מוגבה\n,\nמעבר המשכי לה\n\"ר\nאין בקרבתו\nמעבר לה\n\"ר\nבר יוחאי 7\n משולב בתכנית\nהתחדשות עירונית בר\n יוחאי5-15\n מעבר חציה\nמתומרר\n\nשלא בצומת\nמעבר המשכי לה\n,  ר\"\nאין בקרבתו\n.\nמעבר לה\n\"ר\nבר יוחאי8\nללא\nכיום לא קיים מעבר חציה בצומת\n,\nבהסדרת הצומת בעתיד יש\nלוודא תכנון מעבר חציה כחלק מהסדר הצומת\nמעבר המשכי לה\n\"ר\nאין בקרבתו\n.\nבר יוחאי\nסן מרטין9\nללא\nכיום לא קיים מעבר חציה בצומת\n,\nבהסדרת הצומת בעתיד יש\nלוודא תכנון מעבר חציה כחלק מהסדר הצומת\nמעבר המשכי לה\n\"ר\nאין בקרבתו\n.\nחיבור לדוד\nאיילון\nבר יוחאי10\nללא\n.\nתוכנן צומת עם חניון\n,\nבמסגרת דוד אילון\n,\nיש להוסיף מעבר חציה\nכחלק מההסדר בצומת\n,\nבשלב זה או בשלב תכניות התחדשות\nעירונית בר יוחאי 17-21\n/אלמליח\n 144-145\n מעבר המשכי לה\n\"ר100\n/\n ללא\n\nמעבר\n/ר\" לה\nחניון\nאלמליח11\nביטול כ-\n6\n חניות\nמעבר חציה\nמתומרר\n\nשלא בצומת\n.\nמעבר החציה ימוקם בהתאם לתכנית התחדשות עירונית הקרובה,\nומיקום תחנת האוטובוס במתכונתה הסופית\nמעבר המשכי לה\n\"ר\nאין בקרבתו\n.\nמעבר לה …",
        "match_quality": "shapefile",
        "overlap_plan_names": [],
        "geometry_source": "projector_official_layer3",
        "marker_kind": "passage_line",
        "lot_area_m2": null,
        "is_eivuy_brown": false,
        "is_shatzap_polygon": false,
        "is_metaham_polygon": false,
        "inner_shatzap_geom": null,
        "inner_shatzap_count": 0,
        "inner_shatzap_total_m2": 0,
        "is_metaham_pdf_tichnun": false,
        "road_bearing_deg": null,
        "obstacles": "ניתן לממש בעת שדרוגי כבישים",
        "related_projects_text": null,
        "shp_hierarchy": "מאסף",
        "shp_oneway": "דו סטרי",
        "shp_calming": "לא",
        "shp_path_kind": "כביש",
        "shp_element": "3: מדרכה + מסעה + שביל אופניים",
        "shp_essence": "שינוי סטריות והוספת שביל אופניים",
        "shp_chumash_text": "1 - 2025-2030",
        "shp_status": "טרום תכנון",
        "shp_park_n": "חניה במקביל + בניצב",
        "shp_park_s": "חניה במקביל",
        "tik_title": "שקופית 38: בר יוחאי | סיכום והמלצות",
        "tik_pdf_name": "גוננים ח-ט ופת- דוח מסכם.pdf",
        "tik_page": 35,
        "tik_label": "דוח מסכם — קטמונים ח-ט ופת",
        "tik_excerpt": "בר יוחאי|סיכום והמלצות\nדיוקן הרחוב\nאפיון\nרחוב מגורים מוטה חניה ,נמצא בשולי השכונה .\n עם מימוש התחדשות צפוי\nלהפוך למרכז הכובד של השכונה .מישורי לאורכו.\nדיוקן אורבני ובינוי\nבמצב הקיים, רחוב מקומי למגורים ומוסדות ציבור, בניה שיכונית \n4-5\n \nקומות. פארק אלמליח שוכן מדרום לרחוב אך אינו נגיש אלא דרך רח' \nאלמליח. תכניות להתחדשות עירונית אינטנסיבית של כמעט כל המבנים \nברחוב מוסיפות אלפי יח\"ד, שימושים ציבוריים וכן חזיתות מסחריות, \nוצפויות להפוך את בר יוחאי לרחוב מרכזי בתפקידו השכונתי והמקומי, על \nאף מיקומו בשולי השכונה. ריווח הבינוי הגובל בפארק אלמליח מייצר \nחיבור של הפארק לרחוב, וכן מעצים את תפקוד הפארק לא רק כמרחב \nשהייה ופנאי אלא גם כמסלול אל תחנת רק\"ל וכחיבור אל שבילי ההליכה \nוהרכיבה בפארק המסילה.\nדיוקן תנועתי\nרחוב מקומי רמה 2\n משתנה בעקבות התחדשות לרחוב מאסף רמה 1. אין \nשירות תחבורה ציבורית.\n כניסה/יציאה קיימת מהשכונה אל רח' פת, \nוכניסה/יציאה חדשה מתוכננת לדרום מרח' איילון. מקטע דו-סטרי קיים בין \nהמפגשים עם רח' סן מרטין מתוכנן להפוך לדו-סטרי בתלות במימוש \nתכניות סמוכות. חתך רחוב קיים בין \n10-15\n מ,'\n עם הרחבות נקודתיות \nלחניה עד \n25\n מ'. זכות דרך מאושרת במסגרת התחדשות עירונית \n10-17\n מ'.\nהליכתיות ואופניים\nמדרכות ברוחב משתנה \n2.5-5\n מ'. בפועל רצועת ההליכה חסומה לעיתים \nקרובות עקב חניית רכ",
        "display_point": [
          35.1963233,
          31.7530456
        ]
      }
    },
    {
      "type": "Feature",
      "geometry": {
        "type": "MultiLineString",
        "coordinates": [
          [
            [
              35.192899,
              31.753576
            ],
            [
              35.192899,
              31.753535
            ],
            [
              35.192905,
              31.753489
            ],
            [
              35.19292,
              31.753447
            ],
            [
              35.192938,
              31.753412
            ],
            [
              35.192979,
              31.753337
            ],
            [
              35.193083,
              31.753203
            ],
            [
              35.19313,
              31.753149
            ],
            [
              35.193171,
              31.753116
            ],
            [
              35.193222,
              31.753081
            ],
            [
              35.193273,
              31.753054
            ],
            [
              35.19331,
              31.753037
            ],
            [
              35.193418,
              31.752991
            ],
            [
              35.193483,
              31.752963
            ],
            [
              35.193594,
              31.752921
            ],
            [
              35.193722,
              31.752875
            ],
            [
              35.194056,
              31.752819
            ],
            [
              35.194138,
              31.752806
            ],
            [
              35.194285,
              31.752793
            ],
            [
              35.194419,
              31.752783
            ],
            [
              35.19454,
              31.75278
            ],
            [
              35.194648,
              31.75278
            ],
            [
              35.195081,
              31.75281
            ],
            [
              35.195208,
              31.752821
            ],
            [
              35.195572,
              31.75286
            ],
            [
              35.195645,
              31.752871
            ],
            [
              35.195704,
              31.752881
            ],
            [
              35.195869,
              31.752915
            ],
            [
              35.195969,
              31.75294
            ],
            [
              35.196226,
              31.753007
            ],
            [
              35.196435,
              31.75309
            ],
            [
              35.19652,
              31.753129
            ],
            [
              35.196619,
              31.75318
            ],
            [
              35.196807,
              31.753297
            ],
            [
              35.196922,
              31.753351
            ],
            [
              35.197144,
              31.753455
            ],
            [
              35.197237,
              31.753489
            ],
            [
              35.197325,
              31.753514
            ],
            [
              35.19738,
              31.753527
            ],
            [
              35.197439,
              31.753535
            ],
            [
              35.197523,
              31.753552
            ],
            [
              35.197571,
              31.753565
            ],
            [
              35.197604,
              31.753576
            ],
            [
              35.197706,
              31.753617
            ],
            [
              35.198281,
              31.753889
            ],
            [
              35.199222,
              31.754333
            ],
            [
              35.19929,
              31.754389
            ],
            [
              35.199328,
              31.754424
            ],
            [
              35.199334,
              31.754437
            ],
            [
              35.199356,
              31.754467
            ],
            [
              35.199414,
              31.754578
            ]
          ],
          [
            [
              35.199222,
              31.754333
            ],
            [
              35.199273,
              31.75433
            ],
            [
              35.199315,
              31.754323
            ],
            [
              35.199506,
              31.754273
            ]
          ]
        ]
      },
      "properties": {
        "project_id": "4fa1f2a6a3b5",
        "domain": "public_space",
        "domain_he": "מרחב ציבורי",
        "service_he": "מעבר חציה",
        "service_key": null,
        "project_name": "בר יוחאי",
        "project_num": "מעבר חציה מס' 10",
        "description": "המשכי למעבר ה\"ר, ",
        "units_label": "_",
        "units_required": "_",
        "units_kind": null,
        "plan_number": null,
        "plan_raw": "לא",
        "plan_status": "טרם תכנון",
        "year_planning": 2036,
        "year_execution": 2040,
        "chumash": 3,
        "chumash_raw": "חומש 3 (2036-2040)",
        "sub_neighborhood": "קטמונים ח-ט",
        "location_id": "95/30199",
        "managing_body": "תושיה",
        "estimate_nis": null,
        "pdf_link": "עמ' 16 חוברת מרחב ציבורי קטמונים ופת",
        "pdf_excerpt": "[עמ' 16]\nפרק ג': המלצות\nקטמונים ופת\nפערים: תוספת מעברי חציה\nלצורך שיפור תנועת הולכי רגל\nלהלן בחינת תוספת מעברי חציה\nהממוקמים על גריד מעברי הולכי רגל )קיימים ומאושרים(\nהשלכות\nסוג חצייה מומלץ\nהצדק לחצייה\nמרחק ממעברי\nחצייה קרובים\nרח\n'\nמשני\nרח\n'\nראשי\nמספר\nביטול 5-6\n חניות\nמעבר חצייה מוגבה\nמעבר המשכי לה\n\"ר\nאין בקרבתו\nמעבר לה\n\"ר\nדב הוז1\nללא\nמעבר חציה\nמתומרר\n\nשלא בצומת\nמעבר המשכי לה\n\"ר60\n/ללא\nמעבר לה\n\"ר\nאלמליח2\n ביטול2\n חניות\nמעבר חצייה מוגבה\nמעבר המשכי לה\n\"ר\nאין בקרבתו\nמעבר לה\n\"ר\nהנוטרים3\n ביטול2\n חניות\n\nמעבר חצייה מוגבה\n,\nיש להרחיק מהסיבוב\nככל שניתן\n\nמעבר המשכי לה\n\"ר\nאין בקרבתו\n\nמעבר לה\n\"ר\nהנוטרים4\n ביטול6\n-\n5\n חניות\nמעבר חצייה מוגבה\nמעבר המשכי לה\n\"ר\nאין בקרבתו\nמעבר לה\n\"ר\nהשומר5\n ביטול5-6\n חניות\nמעבר חצייה מוגבה\nמעבר המשכי לה\n\"ר\nאין בקרבתו\nמעבר לה\n\"ר\nיצחק שדה6\n בצמוד לאזור החציה מתוכננים פרויקטים\nשונים\n,\nאשר יתקדמו בלוחות זמנים\nנפרדים\n.\nיש לוודא כי המעבר יתוכנן בכל\nהתכניות\n,\nגם אם מיקומו ישתנה מעט\nבהתאם\n.\nמעבר חצייה מוגבה\n,\nמעבר המשכי לה\n\"ר\nאין בקרבתו\nמעבר לה\n\"ר\nבר יוחאי 7\n משולב בתכנית\nהתחדשות עירונית בר\n יוחאי5-15\n מעבר חציה\nמתומרר\n\nשלא בצומת\nמעבר המשכי לה\n,  ר\"\nאין בקרבתו\n.\nמעבר לה\n\"ר\nבר יוחאי8\nללא\nכיום לא קיים מעבר חציה בצומת\n,\nבהסדרת הצומת בעתיד יש\nלוודא תכנון מעבר חציה כחלק מהסדר הצומת\nמעבר המשכי לה\n\"ר\nאין בקרבתו\n.\nבר יוחאי\nסן מרטין9\nללא\nכיום לא קיים מעבר חציה בצומת\n,\nבהסדרת הצומת בעתיד יש\nלוודא תכנון מעבר חציה כחלק מהסדר הצומת\nמעבר המשכי לה\n\"ר\nאין בקרבתו\n.\nחיבור לדוד\nאיילון\nבר יוחאי10\nללא\n.\nתוכנן צומת עם חניון\n,\nבמסגרת דוד אילון\n,\nיש להוסיף מעבר חציה\nכחלק מההסדר בצומת\n,\nבשלב זה או בשלב תכניות התחדשות\nעירונית בר יוחאי 17-21\n/אלמליח\n 144-145\n מעבר המשכי לה\n\"ר100\n/\n ללא\n\nמעבר\n/ר\" לה\nחניון\nאלמליח11\nביטול כ-\n6\n חניות\nמעבר חציה\nמתומרר\n\nשלא בצומת\n.\nמעבר החציה ימוקם בהתאם לתכנית התחדשות עירונית הקרובה,\nומיקום תחנת האוטובוס במתכונתה הסופית\nמעבר המשכי לה\n\"ר\nאין בקרבתו\n.\nמעבר לה …",
        "match_quality": "shapefile",
        "overlap_plan_names": [],
        "geometry_source": "projector_official_layer3",
        "marker_kind": "passage_line",
        "lot_area_m2": null,
        "is_eivuy_brown": false,
        "is_shatzap_polygon": false,
        "is_metaham_polygon": false,
        "inner_shatzap_geom": null,
        "inner_shatzap_count": 0,
        "inner_shatzap_total_m2": 0,
        "is_metaham_pdf_tichnun": false,
        "road_bearing_deg": null,
        "obstacles": "ניתן לממש בעת שדרוגי כבישים",
        "related_projects_text": null,
        "shp_hierarchy": "מאסף",
        "shp_oneway": "דו סטרי",
        "shp_calming": "לא",
        "shp_path_kind": "כביש",
        "shp_element": "3: מדרכה + מסעה + שביל אופניים",
        "shp_essence": "שינוי סטריות והוספת שביל אופניים",
        "shp_chumash_text": "1 - 2025-2030",
        "shp_status": "טרום תכנון",
        "shp_park_n": "חניה במקביל + בניצב",
        "shp_park_s": "חניה במקביל",
        "tik_title": "שקופית 38: בר יוחאי | סיכום והמלצות",
        "tik_pdf_name": "גוננים ח-ט ופת- דוח מסכם.pdf",
        "tik_page": 35,
        "tik_label": "דוח מסכם — קטמונים ח-ט ופת",
        "tik_excerpt": "בר יוחאי|סיכום והמלצות\nדיוקן הרחוב\nאפיון\nרחוב מגורים מוטה חניה ,נמצא בשולי השכונה .\n עם מימוש התחדשות צפוי\nלהפוך למרכז הכובד של השכונה .מישורי לאורכו.\nדיוקן אורבני ובינוי\nבמצב הקיים, רחוב מקומי למגורים ומוסדות ציבור, בניה שיכונית \n4-5\n \nקומות. פארק אלמליח שוכן מדרום לרחוב אך אינו נגיש אלא דרך רח' \nאלמליח. תכניות להתחדשות עירונית אינטנסיבית של כמעט כל המבנים \nברחוב מוסיפות אלפי יח\"ד, שימושים ציבוריים וכן חזיתות מסחריות, \nוצפויות להפוך את בר יוחאי לרחוב מרכזי בתפקידו השכונתי והמקומי, על \nאף מיקומו בשולי השכונה. ריווח הבינוי הגובל בפארק אלמליח מייצר \nחיבור של הפארק לרחוב, וכן מעצים את תפקוד הפארק לא רק כמרחב \nשהייה ופנאי אלא גם כמסלול אל תחנת רק\"ל וכחיבור אל שבילי ההליכה \nוהרכיבה בפארק המסילה.\nדיוקן תנועתי\nרחוב מקומי רמה 2\n משתנה בעקבות התחדשות לרחוב מאסף רמה 1. אין \nשירות תחבורה ציבורית.\n כניסה/יציאה קיימת מהשכונה אל רח' פת, \nוכניסה/יציאה חדשה מתוכננת לדרום מרח' איילון. מקטע דו-סטרי קיים בין \nהמפגשים עם רח' סן מרטין מתוכנן להפוך לדו-סטרי בתלות במימוש \nתכניות סמוכות. חתך רחוב קיים בין \n10-15\n מ,'\n עם הרחבות נקודתיות \nלחניה עד \n25\n מ'. זכות דרך מאושרת במסגרת התחדשות עירונית \n10-17\n מ'.\nהליכתיות ואופניים\nמדרכות ברוחב משתנה \n2.5-5\n מ'. בפועל רצועת ההליכה חסומה לעיתים \nקרובות עקב חניית רכ",
        "display_point": [
          35.1963233,
          31.7530456
        ]
      }
    },
    {
      "type": "Feature",
      "geometry": {
        "type": "MultiLineString",
        "coordinates": [
          [
            [
              35.2006507,
              31.7522977
            ],
            [
              35.2006827,
              31.7522257
            ],
            [
              35.2007067,
              31.7521647
            ],
            [
              35.2007257,
              31.7520967
            ],
            [
              35.2007297,
              31.7520607
            ],
            [
              35.2007317,
              31.7520347
            ],
            [
              35.2007287,
              31.7520027
            ],
            [
              35.2007197,
              31.7519737
            ],
            [
              35.2006887,
              31.7518977
            ],
            [
              35.2007667,
              31.7519337
            ],
            [
              35.2008117,
              31.7519497
            ],
            [
              35.2008517,
              31.7519577
            ],
            [
              35.2008857,
              31.7519627
            ],
            [
              35.2009297,
              31.7519617
            ],
            [
              35.2009737,
              31.7519567
            ],
            [
              35.2010497,
              31.7519387
            ]
          ],
          [
            [
              35.2006887,
              31.7518977
            ],
            [
              35.2008707,
              31.7520917
            ]
          ],
          [
            [
              35.2006887,
              31.7518977
            ],
            [
              35.2006277,
              31.7518307
            ],
            [
              35.2005257,
              31.7517087
            ],
            [
              35.2004487,
              31.7515937
            ],
            [
              35.2006167,
              31.7513487
            ],
            [
              35.2009237,
              31.7508967
            ],
            [
              35.2009847,
              31.7507817
            ],
            [
              35.2010187,
              31.7506837
            ],
            [
              35.2010457,
              31.7505517
            ],
            [
              35.2010887,
              31.7503297
            ],
            [
              35.2011377,
              31.7500607
            ],
            [
              35.2011567,
              31.7499777
            ],
            [
              35.2011897,
              31.7498827
            ],
            [
              35.2012137,
              31.7498227
            ],
            [
              35.2012397,
              31.7497737
            ],
            [
              35.2012717,
              31.7497257
            ],
            [
              35.2013027,
              31.7496837
            ],
            [
              35.2014037,
              31.7495777
            ],
            [
              35.2014547,
              31.7495327
            ],
            [
              35.2015107,
              31.7494917
            ],
            [
              35.2015757,
              31.7494507
            ],
            [
              35.2016147,
              31.7494297
            ],
            [
              35.2016687,
              31.7494037
            ],
            [
              35.2017437,
              31.7493787
            ],
            [
              35.2017657,
              31.7493747
            ],
            [
              35.2018207,
              31.7493637
            ],
            [
              35.2019187,
              31.7493487
            ],
            [
              35.2019937,
              31.7493397
            ],
            [
              35.2020707,
              31.7493357
            ],
            [
              35.2022127,
              31.7493407
            ],
            [
              35.2023097,
              31.7493587
            ],
            [
              35.2024177,
              31.7493917
            ],
            [
              35.2024737,
              31.7494167
            ],
            [
              35.2026247,
              31.7494867
            ],
            [
              35.2026787,
              31.7495137
            ],
            [
              35.2027387,
              31.7495497
            ],
            [
              35.2028077,
              31.7495977
            ],
            [
              35.2028437,
              31.7496287
            ],
            [
              35.2028617,
              31.7496497
            ],
            [
              35.2028827,
              31.7496797
            ],
            [
              35.2028987,
              31.7497067
            ],
            [
              35.2029237,
              31.7497647
            ],
            [
              35.2029407,
              31.7498117
            ],
            [
              35.2029507,
              31.7498477
            ],
            [
              35.2029597,
              31.7498897
            ],
            [
              35.2029677,
              31.7499387
            ],
            [
              35.2029757,
              31.7500067
            ],
            [
              35.2029877,
              31.7505917
            ],
            [
              35.2029887,
              31.7506827
            ],
            [
              35.2030307,
              31.7507377
            ],
            [
              35.2030547,
              31.7507637
            ],
            [
              35.2030787,
              31.7507827
            ],
            [
              35.2031277,
              31.7508097
            ],
            [
              35.2031607,
              31.7508217
            ],
            [
              35.2031877,
              31.7508297
            ],
            [
              35.2032187,
              31.7508347
            ],
            [
              35.2032477,
              31.7508367
            ],
            [
              35.2032807,
              31.7508377
            ],
            [
              35.2033487,
              31.7508377
            ]
          ],
          [
            [
              35.2030257,
              31.7509127
            ],
            [
              35.2030097,
              31.7508657
            ],
            [
              35.2030027,
              31.7508257
            ],
            [
              35.2029957,
              31.7507787
            ],
            [
              35.2029887,
              31.7506827
            ]
          ]
        ]
      },
      "properties": {
        "project_id": "f186c8b59d24",
        "domain": "public_space",
        "domain_he": "מרחב ציבורי",
        "service_he": "מעבר חציה",
        "service_key": null,
        "project_name": "ברל לוקר",
        "project_num": "מעבר חציה מס' 12",
        "description": "המשכי למעבר ה\"ר",
        "units_label": "_",
        "units_required": "_",
        "units_kind": null,
        "plan_number": null,
        "plan_raw": "לא",
        "plan_status": "טרם תכנון",
        "year_planning": 2036,
        "year_execution": 2040,
        "chumash": 3,
        "chumash_raw": "חומש 3 (2036-2040)",
        "sub_neighborhood": "פת",
        "location_id": "65/30501",
        "managing_body": "תושיה",
        "estimate_nis": null,
        "pdf_link": "עמ' 16 חוברת מרחב ציבורי קטמונים ופת",
        "pdf_excerpt": "[עמ' 16]\nפרק ג': המלצות\nקטמונים ופת\nפערים: תוספת מעברי חציה\nלצורך שיפור תנועת הולכי רגל\nלהלן בחינת תוספת מעברי חציה\nהממוקמים על גריד מעברי הולכי רגל )קיימים ומאושרים(\nהשלכות\nסוג חצייה מומלץ\nהצדק לחצייה\nמרחק ממעברי\nחצייה קרובים\nרח\n'\nמשני\nרח\n'\nראשי\nמספר\nביטול 5-6\n חניות\nמעבר חצייה מוגבה\nמעבר המשכי לה\n\"ר\nאין בקרבתו\nמעבר לה\n\"ר\nדב הוז1\nללא\nמעבר חציה\nמתומרר\n\nשלא בצומת\nמעבר המשכי לה\n\"ר60\n/ללא\nמעבר לה\n\"ר\nאלמליח2\n ביטול2\n חניות\nמעבר חצייה מוגבה\nמעבר המשכי לה\n\"ר\nאין בקרבתו\nמעבר לה\n\"ר\nהנוטרים3\n ביטול2\n חניות\n\nמעבר חצייה מוגבה\n,\nיש להרחיק מהסיבוב\nככל שניתן\n\nמעבר המשכי לה\n\"ר\nאין בקרבתו\n\nמעבר לה\n\"ר\nהנוטרים4\n ביטול6\n-\n5\n חניות\nמעבר חצייה מוגבה\nמעבר המשכי לה\n\"ר\nאין בקרבתו\nמעבר לה\n\"ר\nהשומר5\n ביטול5-6\n חניות\nמעבר חצייה מוגבה\nמעבר המשכי לה\n\"ר\nאין בקרבתו\nמעבר לה\n\"ר\nיצחק שדה6\n בצמוד לאזור החציה מתוכננים פרויקטים\nשונים\n,\nאשר יתקדמו בלוחות זמנים\nנפרדים\n.\nיש לוודא כי המעבר יתוכנן בכל\nהתכניות\n,\nגם אם מיקומו ישתנה מעט\nבהתאם\n.\nמעבר חצייה מוגבה\n,\nמעבר המשכי לה\n\"ר\nאין בקרבתו\nמעבר לה\n\"ר\nבר יוחאי 7\n משולב בתכנית\nהתחדשות עירונית בר\n יוחאי5-15\n מעבר חציה\nמתומרר\n\nשלא בצומת\nמעבר המשכי לה\n,  ר\"\nאין בקרבתו\n.\nמעבר לה\n\"ר\nבר יוחאי8\nללא\nכיום לא קיים מעבר חציה בצומת\n,\nבהסדרת הצומת בעתיד יש\nלוודא תכנון מעבר חציה כחלק מהסדר הצומת\nמעבר המשכי לה\n\"ר\nאין בקרבתו\n.\nבר יוחאי\nסן מרטין9\nללא\nכיום לא קיים מעבר חציה בצומת\n,\nבהסדרת הצומת בעתיד יש\nלוודא תכנון מעבר חציה כחלק מהסדר הצומת\nמעבר המשכי לה\n\"ר\nאין בקרבתו\n.\nחיבור לדוד\nאיילון\nבר יוחאי10\nללא\n.\nתוכנן צומת עם חניון\n,\nבמסגרת דוד אילון\n,\nיש להוסיף מעבר חציה\nכחלק מההסדר בצומת\n,\nבשלב זה או בשלב תכניות התחדשות\nעירונית בר יוחאי 17-21\n/אלמליח\n 144-145\n מעבר המשכי לה\n\"ר100\n/\n ללא\n\nמעבר\n/ר\" לה\nחניון\nאלמליח11\nביטול כ-\n6\n חניות\nמעבר חציה\nמתומרר\n\nשלא בצומת\n.\nמעבר החציה ימוקם בהתאם לתכנית התחדשות עירונית הקרובה,\nומיקום תחנת האוטובוס במתכונתה הסופית\nמעבר המשכי לה\n\"ר\nאין בקרבתו\n.\nמעבר לה …",
        "match_quality": "shapefile",
        "overlap_plan_names": [],
        "geometry_source": "projector_official_layer1",
        "marker_kind": "passage_line",
        "lot_area_m2": null,
        "is_eivuy_brown": false,
        "is_shatzap_polygon": false,
        "is_metaham_polygon": false,
        "inner_shatzap_geom": null,
        "inner_shatzap_count": 0,
        "inner_shatzap_total_m2": 0,
        "is_metaham_pdf_tichnun": false,
        "road_bearing_deg": null,
        "obstacles": "כרוך בביטול חניות",
        "related_projects_text": null,
        "shp_hierarchy": "מאסף",
        "shp_oneway": "דו סטרי",
        "shp_calming": "לא",
        "shp_lanes": 2,
        "shp_row_m": "15",
        "shp_path_kind": "כביש",
        "tik_title": "שקופית 41: ברל לוקר| סיכום והמלצות",
        "tik_pdf_name": "גוננים ח-ט ופת- דוח מסכם.pdf",
        "tik_page": 38,
        "tik_label": "דוח מסכם — קטמונים ח-ט ופת",
        "tik_excerpt": "ברל לוקר|סיכום והמלצות\nדיוקן הרחוב\nאפיון\nהרחוב הראשי של שכונת פת.\n דיוקן אורבני\nובינוי\nברחוב מגורים בגובה \n2-4\n קומות, מעט מסחר, שצ\"פ וגישה \nלמוסדות ציבור.\nדיוקן תנועתי\nרחוב מאסף, הרחוב היחיד בשכונת פת שאינו ללא מוצא. חתך \nקיים כ-\n15\n מ,' כולל חניה בכל צד. שירות תחבורה ציבורית ברחוב. \n הליכתיות\nואופניים\nמדרחוב ברוחב \n2.5\n עם נטיעות. אין תשתית לרוכבי אופניים.\nסוגיות מרכזיות לטיפול\nאופניים\nהסדרת תשתית רכיבה ברחוב וחיבורו לפארק המסילה\n•תוספת שביל אופניים תדרוש הפקעות במסגרת התחדשות עירונית, או ביטול כלל החניות ברחוב.\n•שלביות: במסגרת התחדשות עירונית עתידית \nמצב קיים ומתוכנן\nמצב מוצע\n2.5\n2\n6 \n2\n2.5\n15\n מ'\nחתך קיים\n2.5\n2\n6 \n3\n2.5\n16\n מ'\nחתך מוצע\nP\nP\nP\nהפקעה \n נדרשת1-3\n מ'",
        "display_point": [
          35.2012653,
          31.7497354
        ]
      }
    },
    {
      "type": "Feature",
      "geometry": {
        "type": "LineString",
        "coordinates": [
          [
            35.1936147,
            31.7552838
          ],
          [
            35.1937087,
            31.7550988
          ],
          [
            35.1937077,
            31.7550688
          ],
          [
            35.1936997,
            31.7550418
          ],
          [
            35.1936857,
            31.7550228
          ],
          [
            35.1936647,
            31.7550078
          ],
          [
            35.1935687,
            31.7549618
          ],
          [
            35.1934677,
            31.7549078
          ],
          [
            35.1934357,
            31.7548848
          ],
          [
            35.1933987,
            31.7548498
          ],
          [
            35.1933817,
            31.7548308
          ],
          [
            35.1933607,
            31.7547978
          ],
          [
            35.1933427,
            31.7547588
          ],
          [
            35.1933137,
            31.7546798
          ],
          [
            35.1933007,
            31.7546228
          ],
          [
            35.1932967,
            31.7545598
          ],
          [
            35.1933017,
            31.7545248
          ],
          [
            35.1933137,
            31.7544888
          ],
          [
            35.1933417,
            31.7544368
          ],
          [
            35.1934077,
            31.7543428
          ],
          [
            35.1934707,
            31.7542648
          ],
          [
            35.1935137,
            31.7542178
          ],
          [
            35.1935807,
            31.7541488
          ],
          [
            35.1936467,
            31.7540918
          ],
          [
            35.1937087,
            31.7540408
          ],
          [
            35.1937697,
            31.7539988
          ],
          [
            35.1938557,
            31.7539528
          ],
          [
            35.1939247,
            31.7539198
          ],
          [
            35.1939987,
            31.7538868
          ],
          [
            35.1940697,
            31.7538588
          ],
          [
            35.1941657,
            31.7538248
          ],
          [
            35.1942287,
            31.7538058
          ],
          [
            35.1942877,
            31.7537898
          ],
          [
            35.1943987,
            31.7537628
          ],
          [
            35.1944717,
            31.7537468
          ],
          [
            35.1945957,
            31.7537258
          ],
          [
            35.1948597,
            31.7536898
          ],
          [
            35.1949127,
            31.7536768
          ],
          [
            35.1949477,
            31.7536648
          ],
          [
            35.1949767,
            31.7536528
          ],
          [
            35.1950107,
            31.7536358
          ],
          [
            35.1950397,
            31.7536168
          ],
          [
            35.1950657,
            31.7535888
          ],
          [
            35.1950877,
            31.7535538
          ],
          [
            35.1951037,
            31.7535118
          ],
          [
            35.1951267,
            31.7534108
          ]
        ]
      },
      "properties": {
        "project_id": "7b44b1daca13",
        "domain": "public_space",
        "domain_he": "מרחב ציבורי",
        "service_he": "שצ\"פ",
        "service_key": null,
        "project_name": "תצפית עירונית ברבי צדוק",
        "project_num": "6",
        "description": "בעת יוזמה להתחדשות עירונית בחלקות 21,23 ברבי צדוק מומלץ לשלב תצפית נוף עירונית בין הבניינים שיתוכננו.",
        "units_label": "מ\"ר",
        "units_required": "300-400",
        "units_kind": "area",
        "plan_number": null,
        "plan_raw": "לא",
        "plan_status": "טרם תכנון",
        "year_planning": 2024,
        "year_execution": 2035,
        "chumash": 2,
        "chumash_raw": "חומש שני 2035",
        "sub_neighborhood": "קטמונים ח-ט",
        "location_id": "21,23/30199",
        "managing_body": "מנהל תכנון, אדר' העיר",
        "estimate_nis": 600000.0,
        "pdf_link": "עמ' 19 חוברת מרחב ציבורי קטמונים ופת",
        "pdf_excerpt": "#19 — הוספת תצפית ברח' רבי צדוק:\nCATS: פינת ישיבה | תצפית\n💡 ההזדמנות: נוף עירוני פרוש לכיוון מלחה ללא הפרעה של בינוי בזכות המתחם לשימור על סן מרטין מגרש גדול לפני יוזמת התחדשות כשתהיה יוזמת התחדשות לוודא מרווח בין הבינוי ותכנון תצפית פינת ישיבה",
        "match_quality": "shapefile",
        "overlap_plan_names": [],
        "geometry_source": "projector_official_layer3",
        "marker_kind": "shatzap_rect",
        "lot_area_m2": null,
        "is_eivuy_brown": false,
        "is_shatzap_polygon": false,
        "is_metaham_polygon": false,
        "inner_shatzap_geom": null,
        "inner_shatzap_count": 0,
        "inner_shatzap_total_m2": 0,
        "is_metaham_pdf_tichnun": false,
        "road_bearing_deg": null,
        "obstacles": null,
        "related_projects_text": null,
        "shp_hierarchy": "מקומי",
        "shp_oneway": "דו סטרי (רחוב ללא מוצא)",
        "shp_calming": "לא",
        "shp_path_kind": "כביש",
        "shp_element": "3: מדרכה + מסעה + שביל אופניים",
        "shp_essence": "שביל אופניים",
        "shp_chumash_text": "1 - 2025-2030",
        "shp_status": "טרום תכנון",
        "shp_park_w": "חניה במקביל",
        "ps_title": "הוספת תצפית ברח' רבי צדוק:",
        "ps_categories": [
          "פינת ישיבה",
          "תצפית"
        ],
        "ps_recommendation": null,
        "ps_land_use": null,
        "ps_dimensions": null,
        "ps_status": null,
        "ps_location": null,
        "ps_unique_feature": null,
        "ps_page": 19,
        "tik_title": "שקופית 35: רבי צדוק| סיכום והמלצות",
        "tik_pdf_name": "גוננים ח-ט ופת- דוח מסכם.pdf",
        "tik_page": 32,
        "tik_label": "דוח מסכם — קטמונים ח-ט ופת",
        "tik_excerpt": "דרך חדשה מתוכננת\n במסגרת\nהתב\"ע\nרבי צדוק|סיכום והמלצות\nדיוקן הרחוב\nאפיון\nבמצב הקיים ,רחוב ללא מוצא המוביל למוסדות חינוך .\nדיוקן אורבני ובינוי\nרחוב הממוקם במעלה הגבעה, לאורכו מספר מועט של מבני מגורים ובקצהו מוסדות חינוך \nגדולים. הפרשים טופוגרפיים בין רבי צדוק לבין הרחובות הסמוכים. הרחוב כולו מתוכנן מחדש \nכחלק מתכנית הסדרת שטח למבני הציבור (\n101-1166586\n).\nדיוקן תנועתי\nבמצב הקיים, רחוב מקומי רמה 1, דו-סטרי ללא מוצא ברוחב \n10\n מ'. במצב המוצע בתכנית \n101-1166586\n, זכות הדרך מורחבת לכ-\n15\n מ' בנוסף לכ-3 מ' לשבילי אופניים המוצעים מחוץ \nלזכות הדרך כזיקת הנאה. מוצע בנוסף חיבור ממונע במסגרת זכות דרך חדשה אך הוא מסומן \nלשירות מגרשים חומים (עם אפשרות לחסימה). \nהליכתיות ואופניים\nרחוב משופע, מדרכות צרות, מיעוט עצים, ריבוי קירות תמך בדופן הבינוי וללא תשתית רכיבה.\nמצב קיים ומתוכנן\n•הסדרת הרחוב כולו לפי עקרונות \"רחוב בית ספר\": מדרכות רחבות \nומוצלות, שביל אופניים המשכי, נתיב תנועה חד סטרי ממותן, מפרצי \nהעלאה והורדה מוסדרים,\n הגבלת גישה של רכב פרטי אל שערי \nהמוסדות.\n•\n מקטע הדרך החדש המחבר את רבי צדוק אל רח' מרגולין יהיה רחוב \nציבורי בכל שעות היממה, ויתוכנן כרחוב צר וחד סטרי, עם תשתית \nאופניים נפרדת.\nמצב מוצע\nחתך מוצע למקטע חדש\nסוגיות מרכזיות לטיפול\n חיבור\nלמרגולין\nחיבור רבי צדוק לרח 'מרגולין הינו בע",
        "display_point": [
          35.1937188,
          31.7540338
        ]
      }
    },
    {
      "type": "Feature",
      "geometry": {
        "type": "MultiLineString",
        "coordinates": [
          [
            [
              35.192899,
              31.753576
            ],
            [
              35.192899,
              31.753535
            ],
            [
              35.192905,
              31.753489
            ],
            [
              35.19292,
              31.753447
            ],
            [
              35.192938,
              31.753412
            ],
            [
              35.192979,
              31.753337
            ],
            [
              35.193083,
              31.753203
            ],
            [
              35.19313,
              31.753149
            ],
            [
              35.193171,
              31.753116
            ],
            [
              35.193222,
              31.753081
            ],
            [
              35.193273,
              31.753054
            ],
            [
              35.19331,
              31.753037
            ],
            [
              35.193418,
              31.752991
            ],
            [
              35.193483,
              31.752963
            ],
            [
              35.193594,
              31.752921
            ],
            [
              35.193722,
              31.752875
            ],
            [
              35.194056,
              31.752819
            ],
            [
              35.194138,
              31.752806
            ],
            [
              35.194285,
              31.752793
            ],
            [
              35.194419,
              31.752783
            ],
            [
              35.19454,
              31.75278
            ],
            [
              35.194648,
              31.75278
            ],
            [
              35.195081,
              31.75281
            ],
            [
              35.195208,
              31.752821
            ],
            [
              35.195572,
              31.75286
            ],
            [
              35.195645,
              31.752871
            ],
            [
              35.195704,
              31.752881
            ],
            [
              35.195869,
              31.752915
            ],
            [
              35.195969,
              31.75294
            ],
            [
              35.196226,
              31.753007
            ],
            [
              35.196435,
              31.75309
            ],
            [
              35.19652,
              31.753129
            ],
            [
              35.196619,
              31.75318
            ],
            [
              35.196807,
              31.753297
            ],
            [
              35.196922,
              31.753351
            ],
            [
              35.197144,
              31.753455
            ],
            [
              35.197237,
              31.753489
            ],
            [
              35.197325,
              31.753514
            ],
            [
              35.19738,
              31.753527
            ],
            [
              35.197439,
              31.753535
            ],
            [
              35.197523,
              31.753552
            ],
            [
              35.197571,
              31.753565
            ],
            [
              35.197604,
              31.753576
            ],
            [
              35.197706,
              31.753617
            ],
            [
              35.198281,
              31.753889
            ],
            [
              35.199222,
              31.754333
            ],
            [
              35.19929,
              31.754389
            ],
            [
              35.199328,
              31.754424
            ],
            [
              35.199334,
              31.754437
            ],
            [
              35.199356,
              31.754467
            ],
            [
              35.199414,
              31.754578
            ]
          ],
          [
            [
              35.199222,
              31.754333
            ],
            [
              35.199273,
              31.75433
            ],
            [
              35.199315,
              31.754323
            ],
            [
              35.199506,
              31.754273
            ]
          ]
        ]
      },
      "properties": {
        "project_id": "3b1ee65d531b",
        "domain": "transport",
        "domain_he": "תנועה",
        "service_he": "שדרוג רחובות",
        "service_key": null,
        "project_name": "קדמת גונן בר יוחאי 5,7,11,13,15",
        "project_num": "9",
        "description": "הרחבת כביש לצורך הפיכתו לדו סטרי",
        "units_label": null,
        "units_required": null,
        "units_kind": null,
        "plan_number": "101-0511923",
        "plan_raw": "101-0511923",
        "plan_status": "בתכנון",
        "year_planning": 2024,
        "year_execution": "עם מימוש התכנית",
        "chumash": null,
        "chumash_raw": "עם מימוש התכנית",
        "sub_neighborhood": "קטמונים ח-ט",
        "location_id": "גוש: 30169,  חלקות: 85.       גוש: 30199,  חלקות: 36,40,51,52,60,62,64.                  גוש: 30200,  חלקות: 15,16,19,21,23,32,34,37,40.",
        "managing_body": "תושי\"ה",
        "estimate_nis": 0.0,
        "pdf_link": "קטמונים ח-ט כבישים ותנועה שקופיות 5-6 המלצה מס' 1",
        "pdf_excerpt": "[עמ' 5]\nתאריך עדכון אחרון :\n23.06.2024ניתוח תנועתיות בתוך השכונה-כיום ,ובהתאם לתכנית אב מאושרת\nמקרא:\n5\nרחוב מומלץ\nרחוב בתכנון\n1\n2\n אברהם\nאלמליח\n3\n4\n5\n6\n9\n8\n7\n10\nחניון בתכנית האב\n כיכר עירונית בתכנית\nהאב\na\nb\nc\nמקרא:\n רחוב מקומי חד\nסטרי\nרחוב מקומי דו סטרי\n רחוב מקומי דו סטרי\nמתוכנן בתכנית אב\n רחוב מקומי חד סטרי\nמתוכנן בתכנית אב\nגבול השכונות\n11\n\n— — —\n\n[עמ' 6]\nתאריך עדכון אחרון :\n23.06.2024\n המלצות לדיון–שכונת קטמונים ח'-ט'\n6\nסיכום והמלצות:\n1\n בר יוחאי5-15התחדשות עירונית\nפורסם לאישור ,החלו לפתוח תיקים להיתר.\nביצוע מלא יהפוך את רח 'בר יוחאי לדו-\n סטרי\nמכיוון שהרחבת זכות הדרך כולה דרומה.\n מכיוון שההיתרים מתקדמים\nבלו\"ז שונה זה\nמיזה ,\n יש לוודא כי בסופו של התהליך הרחוב אכן יהפוך\nלדו סטרי .מדובר על תוספת של כ-\n1000\n חניות\n ורחוב חד סטרי לא יכיל את התנועה בשעות\nהעומס .ובנוסף ,\n יש צורך לקצר ככל הניתן את\nהתנועה בתוך השכונה ,ולאפשר יציאה מהירה.\n2דוד איילון\nצתא\"ל\nקו כחול\nבתכנון ,עדיין לא אושר.\nפותח לשכונה כניסה ויציאה משמעותיים.\n3\n מתחם קנגרו\nתב\"ע מבני ציבור.\nביקשנו\nלאפשר\nכניסה\nויציאה\nלרח'דב\nיוסף,או\nכניסה\nלשכונה\nבלבד.\nבתכנון ,עדיין לא אושר .\n המלצות\nהפרויקטור הוטמעו\nבתכנון ,ללא פגיעה בפרוגרמה.\nנכון להיום ,\n מאפשרים פיזית חיבור בין בר יוחאי לדב\nיוסף ,\n אך לא מעוניינים לאשר בפועל אלא כשתי\nרחובות ללא מוצא.\nההמלצה :\n לאשר במתחם\nקנגרו ,\n אך לא לחייב לבצע\nביחד עם המתחם.\n שינוי היררכית רחובות בר יוחאי יצחק שדה\nמתוך תכנית האב.\nשינוי ההיררכיה הכרחי עבור תנועת תח\"\n צ דו\nכיוונית ,\n אך ישפיע גם על תנועת האוטובוסים\n הפנימית העתידה להשתנות באחד משלבי\n אינפרה1\n של\nרקל\"ה\nקו סגול( .\n סגירת מעבר ישר\nבין השומר/יהודה הנשיא )\n השינוי תלוי בהיתר\nלתב\"ע101-1151901\n יצחק שדה5-7\n ובלתי\nאפשרי למימוש בלעדיה.\n יש להתחיל בתכנון הכביש בעת ההכנות לפתיחת\nתיק להיתר.\n במידה ובר יוחאי מזרחה עדיין לא\nהוסדר יש לעשות זאת בשלב זה.\n4\n5\n מתחם\nגבעת גונן\nמבני ציבור.\n חובה לתכנן מעבר תנועתי\nלכ\"ר בין רבי צדוק\nלהנוטרים ,מכיוון  …",
        "match_quality": "shapefile",
        "overlap_plan_names": [],
        "geometry_source": "projector_official_layer3",
        "marker_kind": "road_segment",
        "lot_area_m2": null,
        "is_eivuy_brown": false,
        "is_shatzap_polygon": false,
        "is_metaham_polygon": false,
        "inner_shatzap_geom": null,
        "inner_shatzap_count": 0,
        "inner_shatzap_total_m2": 0,
        "is_metaham_pdf_tichnun": false,
        "road_bearing_deg": null,
        "obstacles": "יש להפקיע בשלב מימוש התכנית ולתכנן שלביות בהתאם לפלו\"ז פרויקטים סמוכים.",
        "related_projects_text": null,
        "shp_hierarchy": "מאסף",
        "shp_oneway": "דו סטרי",
        "shp_calming": "לא",
        "shp_path_kind": "כביש",
        "shp_element": "3: מדרכה + מסעה + שביל אופניים",
        "shp_essence": "שינוי סטריות והוספת שביל אופניים",
        "shp_chumash_text": "1 - 2025-2030",
        "shp_status": "טרום תכנון",
        "shp_park_n": "חניה במקביל + בניצב",
        "shp_park_s": "חניה במקביל",
        "tik_title": "שקופית 38: בר יוחאי | סיכום והמלצות",
        "tik_pdf_name": "גוננים ח-ט ופת- דוח מסכם.pdf",
        "tik_page": 35,
        "tik_label": "דוח מסכם — קטמונים ח-ט ופת",
        "tik_excerpt": "בר יוחאי|סיכום והמלצות\nדיוקן הרחוב\nאפיון\nרחוב מגורים מוטה חניה ,נמצא בשולי השכונה .\n עם מימוש התחדשות צפוי\nלהפוך למרכז הכובד של השכונה .מישורי לאורכו.\nדיוקן אורבני ובינוי\nבמצב הקיים, רחוב מקומי למגורים ומוסדות ציבור, בניה שיכונית \n4-5\n \nקומות. פארק אלמליח שוכן מדרום לרחוב אך אינו נגיש אלא דרך רח' \nאלמליח. תכניות להתחדשות עירונית אינטנסיבית של כמעט כל המבנים \nברחוב מוסיפות אלפי יח\"ד, שימושים ציבוריים וכן חזיתות מסחריות, \nוצפויות להפוך את בר יוחאי לרחוב מרכזי בתפקידו השכונתי והמקומי, על \nאף מיקומו בשולי השכונה. ריווח הבינוי הגובל בפארק אלמליח מייצר \nחיבור של הפארק לרחוב, וכן מעצים את תפקוד הפארק לא רק כמרחב \nשהייה ופנאי אלא גם כמסלול אל תחנת רק\"ל וכחיבור אל שבילי ההליכה \nוהרכיבה בפארק המסילה.\nדיוקן תנועתי\nרחוב מקומי רמה 2\n משתנה בעקבות התחדשות לרחוב מאסף רמה 1. אין \nשירות תחבורה ציבורית.\n כניסה/יציאה קיימת מהשכונה אל רח' פת, \nוכניסה/יציאה חדשה מתוכננת לדרום מרח' איילון. מקטע דו-סטרי קיים בין \nהמפגשים עם רח' סן מרטין מתוכנן להפוך לדו-סטרי בתלות במימוש \nתכניות סמוכות. חתך רחוב קיים בין \n10-15\n מ,'\n עם הרחבות נקודתיות \nלחניה עד \n25\n מ'. זכות דרך מאושרת במסגרת התחדשות עירונית \n10-17\n מ'.\nהליכתיות ואופניים\nמדרכות ברוחב משתנה \n2.5-5\n מ'. בפועל רצועת ההליכה חסומה לעיתים \nקרובות עקב חניית רכ",
        "display_point": [
          35.1963233,
          31.7530456
        ]
      }
    },
    {
      "type": "Feature",
      "geometry": {
        "type": "MultiLineString",
        "coordinates": [
          [
            [
              35.192899,
              31.753576
            ],
            [
              35.192899,
              31.753535
            ],
            [
              35.192905,
              31.753489
            ],
            [
              35.19292,
              31.753447
            ],
            [
              35.192938,
              31.753412
            ],
            [
              35.192979,
              31.753337
            ],
            [
              35.193083,
              31.753203
            ],
            [
              35.19313,
              31.753149
            ],
            [
              35.193171,
              31.753116
            ],
            [
              35.193222,
              31.753081
            ],
            [
              35.193273,
              31.753054
            ],
            [
              35.19331,
              31.753037
            ],
            [
              35.193418,
              31.752991
            ],
            [
              35.193483,
              31.752963
            ],
            [
              35.193594,
              31.752921
            ],
            [
              35.193722,
              31.752875
            ],
            [
              35.194056,
              31.752819
            ],
            [
              35.194138,
              31.752806
            ],
            [
              35.194285,
              31.752793
            ],
            [
              35.194419,
              31.752783
            ],
            [
              35.19454,
              31.75278
            ],
            [
              35.194648,
              31.75278
            ],
            [
              35.195081,
              31.75281
            ],
            [
              35.195208,
              31.752821
            ],
            [
              35.195572,
              31.75286
            ],
            [
              35.195645,
              31.752871
            ],
            [
              35.195704,
              31.752881
            ],
            [
              35.195869,
              31.752915
            ],
            [
              35.195969,
              31.75294
            ],
            [
              35.196226,
              31.753007
            ],
            [
              35.196435,
              31.75309
            ],
            [
              35.19652,
              31.753129
            ],
            [
              35.196619,
              31.75318
            ],
            [
              35.196807,
              31.753297
            ],
            [
              35.196922,
              31.753351
            ],
            [
              35.197144,
              31.753455
            ],
            [
              35.197237,
              31.753489
            ],
            [
              35.197325,
              31.753514
            ],
            [
              35.19738,
              31.753527
            ],
            [
              35.197439,
              31.753535
            ],
            [
              35.197523,
              31.753552
            ],
            [
              35.197571,
              31.753565
            ],
            [
              35.197604,
              31.753576
            ],
            [
              35.197706,
              31.753617
            ],
            [
              35.198281,
              31.753889
            ],
            [
              35.199222,
              31.754333
            ],
            [
              35.19929,
              31.754389
            ],
            [
              35.199328,
              31.754424
            ],
            [
              35.199334,
              31.754437
            ],
            [
              35.199356,
              31.754467
            ],
            [
              35.199414,
              31.754578
            ]
          ],
          [
            [
              35.199222,
              31.754333
            ],
            [
              35.199273,
              31.75433
            ],
            [
              35.199315,
              31.754323
            ],
            [
              35.199506,
              31.754273
            ]
          ]
        ]
      },
      "properties": {
        "project_id": "47edbd1593d6",
        "domain": "transport",
        "domain_he": "תנועה",
        "service_he": "שיפור רמת שירות",
        "service_key": null,
        "project_name": "בר יוחאי 18",
        "project_num": null,
        "description": "הרחבת רח' סן מרטין לצורך הפיכתו לדו סטרי",
        "units_label": null,
        "units_required": null,
        "units_kind": null,
        "plan_number": "101-1114305",
        "plan_raw": "101-1114305",
        "plan_status": "טרם תכנון",
        "year_planning": 2024,
        "year_execution": "עם מימוש התכנית",
        "chumash": null,
        "chumash_raw": "עם מימוש התכנית",
        "sub_neighborhood": "קטמונים ח-ט",
        "location_id": "גוש: 30199, חלקות: 11,32,45,95",
        "managing_body": "תושי\"ה",
        "estimate_nis": null,
        "pdf_link": "קטמונים ח-ט כבישים ותנועה שקופיות 5-6 המלצה מס' 6",
        "pdf_excerpt": "[עמ' 5]\nתאריך עדכון אחרון :\n23.06.2024ניתוח תנועתיות בתוך השכונה-כיום ,ובהתאם לתכנית אב מאושרת\nמקרא:\n5\nרחוב מומלץ\nרחוב בתכנון\n1\n2\n אברהם\nאלמליח\n3\n4\n5\n6\n9\n8\n7\n10\nחניון בתכנית האב\n כיכר עירונית בתכנית\nהאב\na\nb\nc\nמקרא:\n רחוב מקומי חד\nסטרי\nרחוב מקומי דו סטרי\n רחוב מקומי דו סטרי\nמתוכנן בתכנית אב\n רחוב מקומי חד סטרי\nמתוכנן בתכנית אב\nגבול השכונות\n11\n\n— — —\n\n[עמ' 6]\nתאריך עדכון אחרון :\n23.06.2024\n המלצות לדיון–שכונת קטמונים ח'-ט'\n6\nסיכום והמלצות:\n1\n בר יוחאי5-15התחדשות עירונית\nפורסם לאישור ,החלו לפתוח תיקים להיתר.\nביצוע מלא יהפוך את רח 'בר יוחאי לדו-\n סטרי\nמכיוון שהרחבת זכות הדרך כולה דרומה.\n מכיוון שההיתרים מתקדמים\nבלו\"ז שונה זה\nמיזה ,\n יש לוודא כי בסופו של התהליך הרחוב אכן יהפוך\nלדו סטרי .מדובר על תוספת של כ-\n1000\n חניות\n ורחוב חד סטרי לא יכיל את התנועה בשעות\nהעומס .ובנוסף ,\n יש צורך לקצר ככל הניתן את\nהתנועה בתוך השכונה ,ולאפשר יציאה מהירה.\n2דוד איילון\nצתא\"ל\nקו כחול\nבתכנון ,עדיין לא אושר.\nפותח לשכונה כניסה ויציאה משמעותיים.\n3\n מתחם קנגרו\nתב\"ע מבני ציבור.\nביקשנו\nלאפשר\nכניסה\nויציאה\nלרח'דב\nיוסף,או\nכניסה\nלשכונה\nבלבד.\nבתכנון ,עדיין לא אושר .\n המלצות\nהפרויקטור הוטמעו\nבתכנון ,ללא פגיעה בפרוגרמה.\nנכון להיום ,\n מאפשרים פיזית חיבור בין בר יוחאי לדב\nיוסף ,\n אך לא מעוניינים לאשר בפועל אלא כשתי\nרחובות ללא מוצא.\nההמלצה :\n לאשר במתחם\nקנגרו ,\n אך לא לחייב לבצע\nביחד עם המתחם.\n שינוי היררכית רחובות בר יוחאי יצחק שדה\nמתוך תכנית האב.\nשינוי ההיררכיה הכרחי עבור תנועת תח\"\n צ דו\nכיוונית ,\n אך ישפיע גם על תנועת האוטובוסים\n הפנימית העתידה להשתנות באחד משלבי\n אינפרה1\n של\nרקל\"ה\nקו סגול( .\n סגירת מעבר ישר\nבין השומר/יהודה הנשיא )\n השינוי תלוי בהיתר\nלתב\"ע101-1151901\n יצחק שדה5-7\n ובלתי\nאפשרי למימוש בלעדיה.\n יש להתחיל בתכנון הכביש בעת ההכנות לפתיחת\nתיק להיתר.\n במידה ובר יוחאי מזרחה עדיין לא\nהוסדר יש לעשות זאת בשלב זה.\n4\n5\n מתחם\nגבעת גונן\nמבני ציבור.\n חובה לתכנן מעבר תנועתי\nלכ\"ר בין רבי צדוק\nלהנוטרים ,מכיוון  …",
        "match_quality": "shapefile",
        "overlap_plan_names": [],
        "geometry_source": "projector_official_layer3",
        "marker_kind": "road_segment",
        "lot_area_m2": null,
        "is_eivuy_brown": false,
        "is_shatzap_polygon": false,
        "is_metaham_polygon": false,
        "inner_shatzap_geom": null,
        "inner_shatzap_count": 0,
        "inner_shatzap_total_m2": 0,
        "is_metaham_pdf_tichnun": false,
        "road_bearing_deg": null,
        "obstacles": "יש להפקיע בשלב מימוש התכנית ולתכנן שלביות בהתאם לפלו\"ז פרויקטים סמוכים.",
        "related_projects_text": null,
        "shp_hierarchy": "מאסף",
        "shp_oneway": "דו סטרי",
        "shp_calming": "לא",
        "shp_path_kind": "כביש",
        "shp_element": "3: מדרכה + מסעה + שביל אופניים",
        "shp_essence": "שינוי סטריות והוספת שביל אופניים",
        "shp_chumash_text": "1 - 2025-2030",
        "shp_status": "טרום תכנון",
        "shp_park_n": "חניה במקביל + בניצב",
        "shp_park_s": "חניה במקביל",
        "tik_title": "שקופית 38: בר יוחאי | סיכום והמלצות",
        "tik_pdf_name": "גוננים ח-ט ופת- דוח מסכם.pdf",
        "tik_page": 35,
        "tik_label": "דוח מסכם — קטמונים ח-ט ופת",
        "tik_excerpt": "בר יוחאי|סיכום והמלצות\nדיוקן הרחוב\nאפיון\nרחוב מגורים מוטה חניה ,נמצא בשולי השכונה .\n עם מימוש התחדשות צפוי\nלהפוך למרכז הכובד של השכונה .מישורי לאורכו.\nדיוקן אורבני ובינוי\nבמצב הקיים, רחוב מקומי למגורים ומוסדות ציבור, בניה שיכונית \n4-5\n \nקומות. פארק אלמליח שוכן מדרום לרחוב אך אינו נגיש אלא דרך רח' \nאלמליח. תכניות להתחדשות עירונית אינטנסיבית של כמעט כל המבנים \nברחוב מוסיפות אלפי יח\"ד, שימושים ציבוריים וכן חזיתות מסחריות, \nוצפויות להפוך את בר יוחאי לרחוב מרכזי בתפקידו השכונתי והמקומי, על \nאף מיקומו בשולי השכונה. ריווח הבינוי הגובל בפארק אלמליח מייצר \nחיבור של הפארק לרחוב, וכן מעצים את תפקוד הפארק לא רק כמרחב \nשהייה ופנאי אלא גם כמסלול אל תחנת רק\"ל וכחיבור אל שבילי ההליכה \nוהרכיבה בפארק המסילה.\nדיוקן תנועתי\nרחוב מקומי רמה 2\n משתנה בעקבות התחדשות לרחוב מאסף רמה 1. אין \nשירות תחבורה ציבורית.\n כניסה/יציאה קיימת מהשכונה אל רח' פת, \nוכניסה/יציאה חדשה מתוכננת לדרום מרח' איילון. מקטע דו-סטרי קיים בין \nהמפגשים עם רח' סן מרטין מתוכנן להפוך לדו-סטרי בתלות במימוש \nתכניות סמוכות. חתך רחוב קיים בין \n10-15\n מ,'\n עם הרחבות נקודתיות \nלחניה עד \n25\n מ'. זכות דרך מאושרת במסגרת התחדשות עירונית \n10-17\n מ'.\nהליכתיות ואופניים\nמדרכות ברוחב משתנה \n2.5-5\n מ'. בפועל רצועת ההליכה חסומה לעיתים \nקרובות עקב חניית רכ",
        "display_point": [
          35.1963233,
          31.7530456
        ]
      }
    },
    {
      "type": "Feature",
      "geometry": {
        "type": "MultiLineString",
        "coordinates": [
          [
            [
              35.192899,
              31.753576
            ],
            [
              35.192899,
              31.753535
            ],
            [
              35.192905,
              31.753489
            ],
            [
              35.19292,
              31.753447
            ],
            [
              35.192938,
              31.753412
            ],
            [
              35.192979,
              31.753337
            ],
            [
              35.193083,
              31.753203
            ],
            [
              35.19313,
              31.753149
            ],
            [
              35.193171,
              31.753116
            ],
            [
              35.193222,
              31.753081
            ],
            [
              35.193273,
              31.753054
            ],
            [
              35.19331,
              31.753037
            ],
            [
              35.193418,
              31.752991
            ],
            [
              35.193483,
              31.752963
            ],
            [
              35.193594,
              31.752921
            ],
            [
              35.193722,
              31.752875
            ],
            [
              35.194056,
              31.752819
            ],
            [
              35.194138,
              31.752806
            ],
            [
              35.194285,
              31.752793
            ],
            [
              35.194419,
              31.752783
            ],
            [
              35.19454,
              31.75278
            ],
            [
              35.194648,
              31.75278
            ],
            [
              35.195081,
              31.75281
            ],
            [
              35.195208,
              31.752821
            ],
            [
              35.195572,
              31.75286
            ],
            [
              35.195645,
              31.752871
            ],
            [
              35.195704,
              31.752881
            ],
            [
              35.195869,
              31.752915
            ],
            [
              35.195969,
              31.75294
            ],
            [
              35.196226,
              31.753007
            ],
            [
              35.196435,
              31.75309
            ],
            [
              35.19652,
              31.753129
            ],
            [
              35.196619,
              31.75318
            ],
            [
              35.196807,
              31.753297
            ],
            [
              35.196922,
              31.753351
            ],
            [
              35.197144,
              31.753455
            ],
            [
              35.197237,
              31.753489
            ],
            [
              35.197325,
              31.753514
            ],
            [
              35.19738,
              31.753527
            ],
            [
              35.197439,
              31.753535
            ],
            [
              35.197523,
              31.753552
            ],
            [
              35.197571,
              31.753565
            ],
            [
              35.197604,
              31.753576
            ],
            [
              35.197706,
              31.753617
            ],
            [
              35.198281,
              31.753889
            ],
            [
              35.199222,
              31.754333
            ],
            [
              35.19929,
              31.754389
            ],
            [
              35.199328,
              31.754424
            ],
            [
              35.199334,
              31.754437
            ],
            [
              35.199356,
              31.754467
            ],
            [
              35.199414,
              31.754578
            ]
          ],
          [
            [
              35.199222,
              31.754333
            ],
            [
              35.199273,
              31.75433
            ],
            [
              35.199315,
              31.754323
            ],
            [
              35.199506,
              31.754273
            ]
          ]
        ]
      },
      "properties": {
        "project_id": "7fd9c5645a18",
        "domain": "transport",
        "domain_he": "תנועה",
        "service_he": "שיפור רמת שירות",
        "service_key": null,
        "project_name": "סן מרטין 22-26, בר יוחאי 12-14",
        "project_num": "7",
        "description": "הרחבת רח' סן מרטין לצורך הפיכתו לדו סטרי",
        "units_label": null,
        "units_required": null,
        "units_kind": null,
        "plan_number": "101-1063957",
        "plan_raw": "101-1063957",
        "plan_status": "בתכנון",
        "year_planning": 2024,
        "year_execution": "עם מימוש התכנית",
        "chumash": null,
        "chumash_raw": "עם מימוש התכנית",
        "sub_neighborhood": "קטמונים ח-ט",
        "location_id": "גוש: 30199, חלקות: 33,34.    גוש: 30200, חלקות: 2,3,4,5,29,30,31",
        "managing_body": "תושי\"ה",
        "estimate_nis": null,
        "pdf_link": "קטמונים ח-ט כבישים ותנועה שקופיות 5-6 המלצה מס' 6",
        "pdf_excerpt": "[עמ' 5]\nתאריך עדכון אחרון :\n23.06.2024ניתוח תנועתיות בתוך השכונה-כיום ,ובהתאם לתכנית אב מאושרת\nמקרא:\n5\nרחוב מומלץ\nרחוב בתכנון\n1\n2\n אברהם\nאלמליח\n3\n4\n5\n6\n9\n8\n7\n10\nחניון בתכנית האב\n כיכר עירונית בתכנית\nהאב\na\nb\nc\nמקרא:\n רחוב מקומי חד\nסטרי\nרחוב מקומי דו סטרי\n רחוב מקומי דו סטרי\nמתוכנן בתכנית אב\n רחוב מקומי חד סטרי\nמתוכנן בתכנית אב\nגבול השכונות\n11\n\n— — —\n\n[עמ' 6]\nתאריך עדכון אחרון :\n23.06.2024\n המלצות לדיון–שכונת קטמונים ח'-ט'\n6\nסיכום והמלצות:\n1\n בר יוחאי5-15התחדשות עירונית\nפורסם לאישור ,החלו לפתוח תיקים להיתר.\nביצוע מלא יהפוך את רח 'בר יוחאי לדו-\n סטרי\nמכיוון שהרחבת זכות הדרך כולה דרומה.\n מכיוון שההיתרים מתקדמים\nבלו\"ז שונה זה\nמיזה ,\n יש לוודא כי בסופו של התהליך הרחוב אכן יהפוך\nלדו סטרי .מדובר על תוספת של כ-\n1000\n חניות\n ורחוב חד סטרי לא יכיל את התנועה בשעות\nהעומס .ובנוסף ,\n יש צורך לקצר ככל הניתן את\nהתנועה בתוך השכונה ,ולאפשר יציאה מהירה.\n2דוד איילון\nצתא\"ל\nקו כחול\nבתכנון ,עדיין לא אושר.\nפותח לשכונה כניסה ויציאה משמעותיים.\n3\n מתחם קנגרו\nתב\"ע מבני ציבור.\nביקשנו\nלאפשר\nכניסה\nויציאה\nלרח'דב\nיוסף,או\nכניסה\nלשכונה\nבלבד.\nבתכנון ,עדיין לא אושר .\n המלצות\nהפרויקטור הוטמעו\nבתכנון ,ללא פגיעה בפרוגרמה.\nנכון להיום ,\n מאפשרים פיזית חיבור בין בר יוחאי לדב\nיוסף ,\n אך לא מעוניינים לאשר בפועל אלא כשתי\nרחובות ללא מוצא.\nההמלצה :\n לאשר במתחם\nקנגרו ,\n אך לא לחייב לבצע\nביחד עם המתחם.\n שינוי היררכית רחובות בר יוחאי יצחק שדה\nמתוך תכנית האב.\nשינוי ההיררכיה הכרחי עבור תנועת תח\"\n צ דו\nכיוונית ,\n אך ישפיע גם על תנועת האוטובוסים\n הפנימית העתידה להשתנות באחד משלבי\n אינפרה1\n של\nרקל\"ה\nקו סגול( .\n סגירת מעבר ישר\nבין השומר/יהודה הנשיא )\n השינוי תלוי בהיתר\nלתב\"ע101-1151901\n יצחק שדה5-7\n ובלתי\nאפשרי למימוש בלעדיה.\n יש להתחיל בתכנון הכביש בעת ההכנות לפתיחת\nתיק להיתר.\n במידה ובר יוחאי מזרחה עדיין לא\nהוסדר יש לעשות זאת בשלב זה.\n4\n5\n מתחם\nגבעת גונן\nמבני ציבור.\n חובה לתכנן מעבר תנועתי\nלכ\"ר בין רבי צדוק\nלהנוטרים ,מכיוון  …",
        "match_quality": "shapefile",
        "overlap_plan_names": [],
        "geometry_source": "projector_official_layer3",
        "marker_kind": "road_segment",
        "lot_area_m2": null,
        "is_eivuy_brown": false,
        "is_shatzap_polygon": false,
        "is_metaham_polygon": false,
        "inner_shatzap_geom": null,
        "inner_shatzap_count": 0,
        "inner_shatzap_total_m2": 0,
        "is_metaham_pdf_tichnun": false,
        "road_bearing_deg": null,
        "obstacles": "יש להפקיע בשלב מימוש התכנית ולתכנן שלביות בהתאם לפלו\"ז פרויקטים סמוכים.",
        "related_projects_text": null,
        "shp_hierarchy": "מאסף",
        "shp_oneway": "דו סטרי",
        "shp_calming": "לא",
        "shp_path_kind": "כביש",
        "shp_element": "3: מדרכה + מסעה + שביל אופניים",
        "shp_essence": "שינוי סטריות והוספת שביל אופניים",
        "shp_chumash_text": "1 - 2025-2030",
        "shp_status": "טרום תכנון",
        "shp_park_n": "חניה במקביל + בניצב",
        "shp_park_s": "חניה במקביל",
        "tik_title": "שקופית 37: סן מרטין| סיכום והמלצות",
        "tik_pdf_name": "גוננים ח-ט ופת- דוח מסכם.pdf",
        "tik_page": 34,
        "tik_label": "דוח מסכם — קטמונים ח-ט ופת",
        "tik_excerpt": "סן מרטין|סיכום והמלצות\nדיוקן הרחוב\nאפיון\nרחוב מגורים מוטה חניה .מישורי לאורכו .מוביל למוסדות חינוך .\n עם מימוש\nהתחדשות צפוי להפוך למרכז הכובד של השכונה .ברח 'קיים שירות תח\"צ.\nדיוקן אורבני ובינוי\nבמצב הקיים, בניה שיכונית של \n4-5\n קומות. תכניות להתחדשות עירונית \nמציעות תוספת של כ-\n1,665\n יח\"ד ושימושי ציבור ומסחר, בשני מקבצי בינוי \nעיקריים: סביב צומת סן מרטין –\n יצחק שדה –\n בר יוחאי, וסביב הצומת עם דב \nהוז. \nדיוקן תנועתי\nרחוב מאסף רמה 1. מתפקד כציר כניסה ויציאה אל השכונה מצפון אל גולומב \nומשם לכביש בגין. מקטע חד-סטרי בין המפגשים עם רח' בר יוחאי מתוכנן \nלהפוך לדו-סטרי עם מימוש תכניות התחדשות. ברחוב עוברים שני קווי תח\"צ – \n10,18\n שמבצעים מסלול מעגלי במקטע זה עקב מגבלות הסטריות. שתי תחנות \nאוטובוס. \nהליכתיות ואופניים\nמדרכות ברוחב משתנה \n2-4.5\n מ'. בפועל רצועת ההליכה חסומה לעיתים \nקרובות עקב חניית רכבים על המדרכה. רצועת הצללה המשכית לאורך רוב \nהרחוב, למעט מספר מקטעים דלילים. אין תשתית ייעודית לאופניים. \n•הסדרת תשתית אופניים דו-סטרית לאורך כל הרחוב, על חשבון רצועת חניה אחת.\n•מיסעה ברוחב המאפשר תנועת אוטובוסים דו סטרית, לרבות הרחבת נתיבים במקטע הצפוני \nבו רדיוס סיבוב גדול.\n•שלביות: ביצוע כחלק מהתחדשות עירונית\nמצב קיים ומתוכנן\nמצב מוצע\nסוגיות מרכזיות לטיפול\nתחבורה ציבורית\nפתיחת הרחוב לתנועה ",
        "display_point": [
          35.1963233,
          31.7530456
        ]
      }
    },
    {
      "type": "Feature",
      "geometry": {
        "type": "MultiLineString",
        "coordinates": [
          [
            [
              35.192899,
              31.753576
            ],
            [
              35.192899,
              31.753535
            ],
            [
              35.192905,
              31.753489
            ],
            [
              35.19292,
              31.753447
            ],
            [
              35.192938,
              31.753412
            ],
            [
              35.192979,
              31.753337
            ],
            [
              35.193083,
              31.753203
            ],
            [
              35.19313,
              31.753149
            ],
            [
              35.193171,
              31.753116
            ],
            [
              35.193222,
              31.753081
            ],
            [
              35.193273,
              31.753054
            ],
            [
              35.19331,
              31.753037
            ],
            [
              35.193418,
              31.752991
            ],
            [
              35.193483,
              31.752963
            ],
            [
              35.193594,
              31.752921
            ],
            [
              35.193722,
              31.752875
            ],
            [
              35.194056,
              31.752819
            ],
            [
              35.194138,
              31.752806
            ],
            [
              35.194285,
              31.752793
            ],
            [
              35.194419,
              31.752783
            ],
            [
              35.19454,
              31.75278
            ],
            [
              35.194648,
              31.75278
            ],
            [
              35.195081,
              31.75281
            ],
            [
              35.195208,
              31.752821
            ],
            [
              35.195572,
              31.75286
            ],
            [
              35.195645,
              31.752871
            ],
            [
              35.195704,
              31.752881
            ],
            [
              35.195869,
              31.752915
            ],
            [
              35.195969,
              31.75294
            ],
            [
              35.196226,
              31.753007
            ],
            [
              35.196435,
              31.75309
            ],
            [
              35.19652,
              31.753129
            ],
            [
              35.196619,
              31.75318
            ],
            [
              35.196807,
              31.753297
            ],
            [
              35.196922,
              31.753351
            ],
            [
              35.197144,
              31.753455
            ],
            [
              35.197237,
              31.753489
            ],
            [
              35.197325,
              31.753514
            ],
            [
              35.19738,
              31.753527
            ],
            [
              35.197439,
              31.753535
            ],
            [
              35.197523,
              31.753552
            ],
            [
              35.197571,
              31.753565
            ],
            [
              35.197604,
              31.753576
            ],
            [
              35.197706,
              31.753617
            ],
            [
              35.198281,
              31.753889
            ],
            [
              35.199222,
              31.754333
            ],
            [
              35.19929,
              31.754389
            ],
            [
              35.199328,
              31.754424
            ],
            [
              35.199334,
              31.754437
            ],
            [
              35.199356,
              31.754467
            ],
            [
              35.199414,
              31.754578
            ]
          ],
          [
            [
              35.199222,
              31.754333
            ],
            [
              35.199273,
              31.75433
            ],
            [
              35.199315,
              31.754323
            ],
            [
              35.199506,
              31.754273
            ]
          ]
        ]
      },
      "properties": {
        "project_id": "58e27719fe6a",
        "domain": "transport",
        "domain_he": "תנועה",
        "service_he": "שיפור רמת שירות",
        "service_key": null,
        "project_name": "שינוי היררכית רחובות בר יוחאי יצחק שדה",
        "project_num": null,
        "description": "הסדרת צומת עם שינוי היררכיה לצורך שיפור תנועתי בשכונה",
        "units_label": null,
        "units_required": null,
        "units_kind": null,
        "plan_number": "101-1151901",
        "plan_raw": "101-1151901",
        "plan_status": "בתכנון",
        "year_planning": 2024,
        "year_execution": "עם מימוש התכנית",
        "chumash": null,
        "chumash_raw": "עם מימוש התכנית",
        "sub_neighborhood": "קטמונים ח-ט",
        "location_id": "גוש: 30169,    חלקות: 62,85,108,117,123,124,125,           גוש: 30200,    חלקות: 32",
        "managing_body": "תושי\"ה",
        "estimate_nis": null,
        "pdf_link": "קטמונים ח-ט כבישים ותנועה שקופיות 5-6 המלצה מס' 4",
        "pdf_excerpt": "[עמ' 5]\nתאריך עדכון אחרון :\n23.06.2024ניתוח תנועתיות בתוך השכונה-כיום ,ובהתאם לתכנית אב מאושרת\nמקרא:\n5\nרחוב מומלץ\nרחוב בתכנון\n1\n2\n אברהם\nאלמליח\n3\n4\n5\n6\n9\n8\n7\n10\nחניון בתכנית האב\n כיכר עירונית בתכנית\nהאב\na\nb\nc\nמקרא:\n רחוב מקומי חד\nסטרי\nרחוב מקומי דו סטרי\n רחוב מקומי דו סטרי\nמתוכנן בתכנית אב\n רחוב מקומי חד סטרי\nמתוכנן בתכנית אב\nגבול השכונות\n11\n\n— — —\n\n[עמ' 6]\nתאריך עדכון אחרון :\n23.06.2024\n המלצות לדיון–שכונת קטמונים ח'-ט'\n6\nסיכום והמלצות:\n1\n בר יוחאי5-15התחדשות עירונית\nפורסם לאישור ,החלו לפתוח תיקים להיתר.\nביצוע מלא יהפוך את רח 'בר יוחאי לדו-\n סטרי\nמכיוון שהרחבת זכות הדרך כולה דרומה.\n מכיוון שההיתרים מתקדמים\nבלו\"ז שונה זה\nמיזה ,\n יש לוודא כי בסופו של התהליך הרחוב אכן יהפוך\nלדו סטרי .מדובר על תוספת של כ-\n1000\n חניות\n ורחוב חד סטרי לא יכיל את התנועה בשעות\nהעומס .ובנוסף ,\n יש צורך לקצר ככל הניתן את\nהתנועה בתוך השכונה ,ולאפשר יציאה מהירה.\n2דוד איילון\nצתא\"ל\nקו כחול\nבתכנון ,עדיין לא אושר.\nפותח לשכונה כניסה ויציאה משמעותיים.\n3\n מתחם קנגרו\nתב\"ע מבני ציבור.\nביקשנו\nלאפשר\nכניסה\nויציאה\nלרח'דב\nיוסף,או\nכניסה\nלשכונה\nבלבד.\nבתכנון ,עדיין לא אושר .\n המלצות\nהפרויקטור הוטמעו\nבתכנון ,ללא פגיעה בפרוגרמה.\nנכון להיום ,\n מאפשרים פיזית חיבור בין בר יוחאי לדב\nיוסף ,\n אך לא מעוניינים לאשר בפועל אלא כשתי\nרחובות ללא מוצא.\nההמלצה :\n לאשר במתחם\nקנגרו ,\n אך לא לחייב לבצע\nביחד עם המתחם.\n שינוי היררכית רחובות בר יוחאי יצחק שדה\nמתוך תכנית האב.\nשינוי ההיררכיה הכרחי עבור תנועת תח\"\n צ דו\nכיוונית ,\n אך ישפיע גם על תנועת האוטובוסים\n הפנימית העתידה להשתנות באחד משלבי\n אינפרה1\n של\nרקל\"ה\nקו סגול( .\n סגירת מעבר ישר\nבין השומר/יהודה הנשיא )\n השינוי תלוי בהיתר\nלתב\"ע101-1151901\n יצחק שדה5-7\n ובלתי\nאפשרי למימוש בלעדיה.\n יש להתחיל בתכנון הכביש בעת ההכנות לפתיחת\nתיק להיתר.\n במידה ובר יוחאי מזרחה עדיין לא\nהוסדר יש לעשות זאת בשלב זה.\n4\n5\n מתחם\nגבעת גונן\nמבני ציבור.\n חובה לתכנן מעבר תנועתי\nלכ\"ר בין רבי צדוק\nלהנוטרים ,מכיוון  …",
        "match_quality": "shapefile",
        "overlap_plan_names": [],
        "geometry_source": "projector_official_layer3",
        "marker_kind": "road_segment",
        "lot_area_m2": null,
        "is_eivuy_brown": false,
        "is_shatzap_polygon": false,
        "is_metaham_polygon": false,
        "inner_shatzap_geom": null,
        "inner_shatzap_count": 0,
        "inner_shatzap_total_m2": 0,
        "is_metaham_pdf_tichnun": false,
        "road_bearing_deg": null,
        "obstacles": "קיימים מקלטים בזכות הדרך 906, 965 יש להסדיר מול פיקוד העורף ונכסים בעירייה",
        "related_projects_text": "תב\"עות צמודות 101-0511923 101-1008176",
        "shp_hierarchy": "מאסף",
        "shp_oneway": "דו סטרי",
        "shp_calming": "לא",
        "shp_path_kind": "כביש",
        "shp_element": "3: מדרכה + מסעה + שביל אופניים",
        "shp_essence": "שינוי סטריות והוספת שביל אופניים",
        "shp_chumash_text": "1 - 2025-2030",
        "shp_status": "טרום תכנון",
        "shp_park_n": "חניה במקביל + בניצב",
        "shp_park_s": "חניה במקביל",
        "tik_title": "שקופית 38: בר יוחאי | סיכום והמלצות",
        "tik_pdf_name": "גוננים ח-ט ופת- דוח מסכם.pdf",
        "tik_page": 35,
        "tik_label": "דוח מסכם — קטמונים ח-ט ופת",
        "tik_excerpt": "בר יוחאי|סיכום והמלצות\nדיוקן הרחוב\nאפיון\nרחוב מגורים מוטה חניה ,נמצא בשולי השכונה .\n עם מימוש התחדשות צפוי\nלהפוך למרכז הכובד של השכונה .מישורי לאורכו.\nדיוקן אורבני ובינוי\nבמצב הקיים, רחוב מקומי למגורים ומוסדות ציבור, בניה שיכונית \n4-5\n \nקומות. פארק אלמליח שוכן מדרום לרחוב אך אינו נגיש אלא דרך רח' \nאלמליח. תכניות להתחדשות עירונית אינטנסיבית של כמעט כל המבנים \nברחוב מוסיפות אלפי יח\"ד, שימושים ציבוריים וכן חזיתות מסחריות, \nוצפויות להפוך את בר יוחאי לרחוב מרכזי בתפקידו השכונתי והמקומי, על \nאף מיקומו בשולי השכונה. ריווח הבינוי הגובל בפארק אלמליח מייצר \nחיבור של הפארק לרחוב, וכן מעצים את תפקוד הפארק לא רק כמרחב \nשהייה ופנאי אלא גם כמסלול אל תחנת רק\"ל וכחיבור אל שבילי ההליכה \nוהרכיבה בפארק המסילה.\nדיוקן תנועתי\nרחוב מקומי רמה 2\n משתנה בעקבות התחדשות לרחוב מאסף רמה 1. אין \nשירות תחבורה ציבורית.\n כניסה/יציאה קיימת מהשכונה אל רח' פת, \nוכניסה/יציאה חדשה מתוכננת לדרום מרח' איילון. מקטע דו-סטרי קיים בין \nהמפגשים עם רח' סן מרטין מתוכנן להפוך לדו-סטרי בתלות במימוש \nתכניות סמוכות. חתך רחוב קיים בין \n10-15\n מ,'\n עם הרחבות נקודתיות \nלחניה עד \n25\n מ'. זכות דרך מאושרת במסגרת התחדשות עירונית \n10-17\n מ'.\nהליכתיות ואופניים\nמדרכות ברוחב משתנה \n2.5-5\n מ'. בפועל רצועת ההליכה חסומה לעיתים \nקרובות עקב חניית רכ",
        "display_point": [
          35.1963233,
          31.7530456
        ]
      }
    },
    {
      "type": "Feature",
      "geometry": {
        "type": "MultiLineString",
        "coordinates": [
          [
            [
              35.192899,
              31.753576
            ],
            [
              35.192899,
              31.753535
            ],
            [
              35.192905,
              31.753489
            ],
            [
              35.19292,
              31.753447
            ],
            [
              35.192938,
              31.753412
            ],
            [
              35.192979,
              31.753337
            ],
            [
              35.193083,
              31.753203
            ],
            [
              35.19313,
              31.753149
            ],
            [
              35.193171,
              31.753116
            ],
            [
              35.193222,
              31.753081
            ],
            [
              35.193273,
              31.753054
            ],
            [
              35.19331,
              31.753037
            ],
            [
              35.193418,
              31.752991
            ],
            [
              35.193483,
              31.752963
            ],
            [
              35.193594,
              31.752921
            ],
            [
              35.193722,
              31.752875
            ],
            [
              35.194056,
              31.752819
            ],
            [
              35.194138,
              31.752806
            ],
            [
              35.194285,
              31.752793
            ],
            [
              35.194419,
              31.752783
            ],
            [
              35.19454,
              31.75278
            ],
            [
              35.194648,
              31.75278
            ],
            [
              35.195081,
              31.75281
            ],
            [
              35.195208,
              31.752821
            ],
            [
              35.195572,
              31.75286
            ],
            [
              35.195645,
              31.752871
            ],
            [
              35.195704,
              31.752881
            ],
            [
              35.195869,
              31.752915
            ],
            [
              35.195969,
              31.75294
            ],
            [
              35.196226,
              31.753007
            ],
            [
              35.196435,
              31.75309
            ],
            [
              35.19652,
              31.753129
            ],
            [
              35.196619,
              31.75318
            ],
            [
              35.196807,
              31.753297
            ],
            [
              35.196922,
              31.753351
            ],
            [
              35.197144,
              31.753455
            ],
            [
              35.197237,
              31.753489
            ],
            [
              35.197325,
              31.753514
            ],
            [
              35.19738,
              31.753527
            ],
            [
              35.197439,
              31.753535
            ],
            [
              35.197523,
              31.753552
            ],
            [
              35.197571,
              31.753565
            ],
            [
              35.197604,
              31.753576
            ],
            [
              35.197706,
              31.753617
            ],
            [
              35.198281,
              31.753889
            ],
            [
              35.199222,
              31.754333
            ],
            [
              35.19929,
              31.754389
            ],
            [
              35.199328,
              31.754424
            ],
            [
              35.199334,
              31.754437
            ],
            [
              35.199356,
              31.754467
            ],
            [
              35.199414,
              31.754578
            ]
          ],
          [
            [
              35.199222,
              31.754333
            ],
            [
              35.199273,
              31.75433
            ],
            [
              35.199315,
              31.754323
            ],
            [
              35.199506,
              31.754273
            ]
          ]
        ]
      },
      "properties": {
        "project_id": "0d36df9259f5",
        "domain": "transport",
        "domain_he": "תנועה",
        "service_he": "שיפור רמת שירות",
        "service_key": null,
        "project_name": "מתחם 06 אלמליח בר יוחאי",
        "project_num": "16",
        "description": "תיאום מול תכנית דוד איילון והרחבת זכות הדרך להפיכתה לדו-סטרית",
        "units_label": null,
        "units_required": null,
        "units_kind": null,
        "plan_number": null,
        "plan_raw": "101-855585",
        "plan_status": null,
        "year_planning": 2024,
        "year_execution": "עם מימוש התכנית",
        "chumash": null,
        "chumash_raw": "עם מימוש התכנית",
        "sub_neighborhood": "קטמונים ח-ט",
        "location_id": "גוש: 30199,      חלקות: 6,7,8,9,10,11,46,47,51,58",
        "managing_body": "תושי\"ה",
        "estimate_nis": null,
        "pdf_link": "קטמונים ח-ט כבישים ותנועה שקופיות 5-6 המלצה מס' 2",
        "pdf_excerpt": "[עמ' 5]\nתאריך עדכון אחרון :\n23.06.2024ניתוח תנועתיות בתוך השכונה-כיום ,ובהתאם לתכנית אב מאושרת\nמקרא:\n5\nרחוב מומלץ\nרחוב בתכנון\n1\n2\n אברהם\nאלמליח\n3\n4\n5\n6\n9\n8\n7\n10\nחניון בתכנית האב\n כיכר עירונית בתכנית\nהאב\na\nb\nc\nמקרא:\n רחוב מקומי חד\nסטרי\nרחוב מקומי דו סטרי\n רחוב מקומי דו סטרי\nמתוכנן בתכנית אב\n רחוב מקומי חד סטרי\nמתוכנן בתכנית אב\nגבול השכונות\n11\n\n— — —\n\n[עמ' 6]\nתאריך עדכון אחרון :\n23.06.2024\n המלצות לדיון–שכונת קטמונים ח'-ט'\n6\nסיכום והמלצות:\n1\n בר יוחאי5-15התחדשות עירונית\nפורסם לאישור ,החלו לפתוח תיקים להיתר.\nביצוע מלא יהפוך את רח 'בר יוחאי לדו-\n סטרי\nמכיוון שהרחבת זכות הדרך כולה דרומה.\n מכיוון שההיתרים מתקדמים\nבלו\"ז שונה זה\nמיזה ,\n יש לוודא כי בסופו של התהליך הרחוב אכן יהפוך\nלדו סטרי .מדובר על תוספת של כ-\n1000\n חניות\n ורחוב חד סטרי לא יכיל את התנועה בשעות\nהעומס .ובנוסף ,\n יש צורך לקצר ככל הניתן את\nהתנועה בתוך השכונה ,ולאפשר יציאה מהירה.\n2דוד איילון\nצתא\"ל\nקו כחול\nבתכנון ,עדיין לא אושר.\nפותח לשכונה כניסה ויציאה משמעותיים.\n3\n מתחם קנגרו\nתב\"ע מבני ציבור.\nביקשנו\nלאפשר\nכניסה\nויציאה\nלרח'דב\nיוסף,או\nכניסה\nלשכונה\nבלבד.\nבתכנון ,עדיין לא אושר .\n המלצות\nהפרויקטור הוטמעו\nבתכנון ,ללא פגיעה בפרוגרמה.\nנכון להיום ,\n מאפשרים פיזית חיבור בין בר יוחאי לדב\nיוסף ,\n אך לא מעוניינים לאשר בפועל אלא כשתי\nרחובות ללא מוצא.\nההמלצה :\n לאשר במתחם\nקנגרו ,\n אך לא לחייב לבצע\nביחד עם המתחם.\n שינוי היררכית רחובות בר יוחאי יצחק שדה\nמתוך תכנית האב.\nשינוי ההיררכיה הכרחי עבור תנועת תח\"\n צ דו\nכיוונית ,\n אך ישפיע גם על תנועת האוטובוסים\n הפנימית העתידה להשתנות באחד משלבי\n אינפרה1\n של\nרקל\"ה\nקו סגול( .\n סגירת מעבר ישר\nבין השומר/יהודה הנשיא )\n השינוי תלוי בהיתר\nלתב\"ע101-1151901\n יצחק שדה5-7\n ובלתי\nאפשרי למימוש בלעדיה.\n יש להתחיל בתכנון הכביש בעת ההכנות לפתיחת\nתיק להיתר.\n במידה ובר יוחאי מזרחה עדיין לא\nהוסדר יש לעשות זאת בשלב זה.\n4\n5\n מתחם\nגבעת גונן\nמבני ציבור.\n חובה לתכנן מעבר תנועתי\nלכ\"ר בין רבי צדוק\nלהנוטרים ,מכיוון  …",
        "match_quality": "shapefile",
        "overlap_plan_names": [],
        "geometry_source": "projector_official_layer3",
        "marker_kind": "road_segment",
        "lot_area_m2": null,
        "is_eivuy_brown": false,
        "is_shatzap_polygon": false,
        "is_metaham_polygon": false,
        "inner_shatzap_geom": null,
        "inner_shatzap_count": 0,
        "inner_shatzap_total_m2": 0,
        "is_metaham_pdf_tichnun": false,
        "road_bearing_deg": null,
        "obstacles": "התאם לוחות זמנים לביצוע",
        "related_projects_text": "דוד איילון, חידוש רחוב אברהם אלמליח",
        "shp_hierarchy": "מאסף",
        "shp_oneway": "דו סטרי",
        "shp_calming": "לא",
        "shp_path_kind": "כביש",
        "shp_element": "3: מדרכה + מסעה + שביל אופניים",
        "shp_essence": "שינוי סטריות והוספת שביל אופניים",
        "shp_chumash_text": "1 - 2025-2030",
        "shp_status": "טרום תכנון",
        "shp_park_n": "חניה במקביל + בניצב",
        "shp_park_s": "חניה במקביל",
        "tik_title": "שקופית 38: בר יוחאי | סיכום והמלצות",
        "tik_pdf_name": "גוננים ח-ט ופת- דוח מסכם.pdf",
        "tik_page": 35,
        "tik_label": "דוח מסכם — קטמונים ח-ט ופת",
        "tik_excerpt": "בר יוחאי|סיכום והמלצות\nדיוקן הרחוב\nאפיון\nרחוב מגורים מוטה חניה ,נמצא בשולי השכונה .\n עם מימוש התחדשות צפוי\nלהפוך למרכז הכובד של השכונה .מישורי לאורכו.\nדיוקן אורבני ובינוי\nבמצב הקיים, רחוב מקומי למגורים ומוסדות ציבור, בניה שיכונית \n4-5\n \nקומות. פארק אלמליח שוכן מדרום לרחוב אך אינו נגיש אלא דרך רח' \nאלמליח. תכניות להתחדשות עירונית אינטנסיבית של כמעט כל המבנים \nברחוב מוסיפות אלפי יח\"ד, שימושים ציבוריים וכן חזיתות מסחריות, \nוצפויות להפוך את בר יוחאי לרחוב מרכזי בתפקידו השכונתי והמקומי, על \nאף מיקומו בשולי השכונה. ריווח הבינוי הגובל בפארק אלמליח מייצר \nחיבור של הפארק לרחוב, וכן מעצים את תפקוד הפארק לא רק כמרחב \nשהייה ופנאי אלא גם כמסלול אל תחנת רק\"ל וכחיבור אל שבילי ההליכה \nוהרכיבה בפארק המסילה.\nדיוקן תנועתי\nרחוב מקומי רמה 2\n משתנה בעקבות התחדשות לרחוב מאסף רמה 1. אין \nשירות תחבורה ציבורית.\n כניסה/יציאה קיימת מהשכונה אל רח' פת, \nוכניסה/יציאה חדשה מתוכננת לדרום מרח' איילון. מקטע דו-סטרי קיים בין \nהמפגשים עם רח' סן מרטין מתוכנן להפוך לדו-סטרי בתלות במימוש \nתכניות סמוכות. חתך רחוב קיים בין \n10-15\n מ,'\n עם הרחבות נקודתיות \nלחניה עד \n25\n מ'. זכות דרך מאושרת במסגרת התחדשות עירונית \n10-17\n מ'.\nהליכתיות ואופניים\nמדרכות ברוחב משתנה \n2.5-5\n מ'. בפועל רצועת ההליכה חסומה לעיתים \nקרובות עקב חניית רכ",
        "display_point": [
          35.1963233,
          31.7530456
        ]
      }
    },
    {
      "type": "Feature",
      "geometry": {
        "type": "MultiLineString",
        "coordinates": [
          [
            [
              35.2006507,
              31.7522977
            ],
            [
              35.2006827,
              31.7522257
            ],
            [
              35.2007067,
              31.7521647
            ],
            [
              35.2007257,
              31.7520967
            ],
            [
              35.2007297,
              31.7520607
            ],
            [
              35.2007317,
              31.7520347
            ],
            [
              35.2007287,
              31.7520027
            ],
            [
              35.2007197,
              31.7519737
            ],
            [
              35.2006887,
              31.7518977
            ],
            [
              35.2007667,
              31.7519337
            ],
            [
              35.2008117,
              31.7519497
            ],
            [
              35.2008517,
              31.7519577
            ],
            [
              35.2008857,
              31.7519627
            ],
            [
              35.2009297,
              31.7519617
            ],
            [
              35.2009737,
              31.7519567
            ],
            [
              35.2010497,
              31.7519387
            ]
          ],
          [
            [
              35.2006887,
              31.7518977
            ],
            [
              35.2008707,
              31.7520917
            ]
          ],
          [
            [
              35.2006887,
              31.7518977
            ],
            [
              35.2006277,
              31.7518307
            ],
            [
              35.2005257,
              31.7517087
            ],
            [
              35.2004487,
              31.7515937
            ],
            [
              35.2006167,
              31.7513487
            ],
            [
              35.2009237,
              31.7508967
            ],
            [
              35.2009847,
              31.7507817
            ],
            [
              35.2010187,
              31.7506837
            ],
            [
              35.2010457,
              31.7505517
            ],
            [
              35.2010887,
              31.7503297
            ],
            [
              35.2011377,
              31.7500607
            ],
            [
              35.2011567,
              31.7499777
            ],
            [
              35.2011897,
              31.7498827
            ],
            [
              35.2012137,
              31.7498227
            ],
            [
              35.2012397,
              31.7497737
            ],
            [
              35.2012717,
              31.7497257
            ],
            [
              35.2013027,
              31.7496837
            ],
            [
              35.2014037,
              31.7495777
            ],
            [
              35.2014547,
              31.7495327
            ],
            [
              35.2015107,
              31.7494917
            ],
            [
              35.2015757,
              31.7494507
            ],
            [
              35.2016147,
              31.7494297
            ],
            [
              35.2016687,
              31.7494037
            ],
            [
              35.2017437,
              31.7493787
            ],
            [
              35.2017657,
              31.7493747
            ],
            [
              35.2018207,
              31.7493637
            ],
            [
              35.2019187,
              31.7493487
            ],
            [
              35.2019937,
              31.7493397
            ],
            [
              35.2020707,
              31.7493357
            ],
            [
              35.2022127,
              31.7493407
            ],
            [
              35.2023097,
              31.7493587
            ],
            [
              35.2024177,
              31.7493917
            ],
            [
              35.2024737,
              31.7494167
            ],
            [
              35.2026247,
              31.7494867
            ],
            [
              35.2026787,
              31.7495137
            ],
            [
              35.2027387,
              31.7495497
            ],
            [
              35.2028077,
              31.7495977
            ],
            [
              35.2028437,
              31.7496287
            ],
            [
              35.2028617,
              31.7496497
            ],
            [
              35.2028827,
              31.7496797
            ],
            [
              35.2028987,
              31.7497067
            ],
            [
              35.2029237,
              31.7497647
            ],
            [
              35.2029407,
              31.7498117
            ],
            [
              35.2029507,
              31.7498477
            ],
            [
              35.2029597,
              31.7498897
            ],
            [
              35.2029677,
              31.7499387
            ],
            [
              35.2029757,
              31.7500067
            ],
            [
              35.2029877,
              31.7505917
            ],
            [
              35.2029887,
              31.7506827
            ],
            [
              35.2030307,
              31.7507377
            ],
            [
              35.2030547,
              31.7507637
            ],
            [
              35.2030787,
              31.7507827
            ],
            [
              35.2031277,
              31.7508097
            ],
            [
              35.2031607,
              31.7508217
            ],
            [
              35.2031877,
              31.7508297
            ],
            [
              35.2032187,
              31.7508347
            ],
            [
              35.2032477,
              31.7508367
            ],
            [
              35.2032807,
              31.7508377
            ],
            [
              35.2033487,
              31.7508377
            ]
          ],
          [
            [
              35.2030257,
              31.7509127
            ],
            [
              35.2030097,
              31.7508657
            ],
            [
              35.2030027,
              31.7508257
            ],
            [
              35.2029957,
              31.7507787
            ],
            [
              35.2029887,
              31.7506827
            ]
          ]
        ]
      },
      "properties": {
        "project_id": "8f0353424bf0",
        "domain": "transport",
        "domain_he": "תנועה",
        "service_he": "רחוב חדש",
        "service_key": null,
        "project_name": "חיבור רחוב ברל לוקר לדב יוסף",
        "project_num": null,
        "description": "פתיחת כניסה ויציאה נוספת לשכונה, לכיוון מערב - יש להטמיע בתכנית.",
        "units_label": "מ'",
        "units_required": 50,
        "units_kind": "line",
        "plan_number": null,
        "plan_raw": null,
        "plan_status": "טרם תכנון",
        "year_planning": null,
        "year_execution": "לא רלוונטי",
        "chumash": null,
        "chumash_raw": "לא רלוונטי",
        "sub_neighborhood": "פת",
        "location_id": "אריה בעהם 1,3,4",
        "managing_body": "תושי\"ה",
        "estimate_nis": 100000.0,
        "pdf_link": "פת כבישים ותנועה שקופיות 4-5 המלצה מס' 1",
        "pdf_excerpt": "[עמ' 4]\nתאריך עדכון אחרון :\n24.06.2024ניתוח תנועתיות בתוך שכונת פת-קיימת ,מתוכננת ומוצעת\nברל לוקר\nמקרא:\nרחוב מקומי חד סטרי\nרחוב מקומי דו סטרי\nרחוב מאסף\nגבול השכונות\n רחוב מתוכנן–\n לא\nידוע בשלב זה\nמעבר מתוכנן לה\"\n ר\nורכבי שירות וחירום\nרחוב מומלץ\nחלופות רחוב מומלץ\nכניסות ויציאות נוספות מהשכונה:\n מכיוון שצריכת שירותים משכונות\nנוספות הינן משכונות גוננים ,\n רסקו או\nקטמונים ,\n ולא משכונת בית\nצפאפא ,\nאזי היציאה דרומה אינה חסרה .\n וכן\nפארק המסילה קיים מדרום.\nלא נמליץ על תכנון יציאה לכיוון זה.\n למשה ברעם לא ניתן להתחבר\nטופוגרפית .\n1\n חיבור רחוב ברל לוקר לדב\nיוסף ,פניות ימניות בלבד ,\n יש\n להטמיע בהתחדשות עירונית\nעתידית .\n יהווה כניסה ויציאה\nמשמעותית לשכונה.\n1\n2\n2\n כביש קיים שיש לשמר בצורה כזו\n או אחרת גם בהתחדשות עירונית\nעתידית .ע\"\n מ לאפשר בתכניות\n להתחדשות עירונית לתכנן חניונים\nתת\"\n ק עם2כניסות/יציאות.\n3\n3\n בהתחדשות עירונית עתידית\nבמתחם ,\n(או בחלקו )\n במידה\nומס '\n החניות הסופי יעלה על\n500מ\"ח ,\n יש לוודא תכנון כביש\n גישה פנימי\nדו סטרי ,המשכי ,\nבעל שני חיבורים לרח '\n ברל\nלוקר .\n צורתו הסופית תיקבע\n בהתאם לתכנון ולהעמדת\nהמבנים.\n הפתרון יתחשב\nבהליכתיות.\n4\n4\n4\nהמלצות:\n\n— — —\n\n[עמ' 5]\nתאריך עדכון אחרון :\n24.06.2024התחדשות עירונית מתוכננת בתוך שכונת פת\nברל לוקר\nמשולש פת\n101-1121920\n857\nחניות\n ברל לוקר13\n101-0397752\n187\nחניות\nמשולש פת:\n במהדורה הקודמת\n(כולל הירוק )\n נכללו\nמבנים נוספים ,\n ותוכנן\nחיבור תנועתי בין רח '\nברל לוקר לרח 'דב יוסף.\n יציאה מהחניון לדב\n יוסף עלולה לפגוע\n בחיבור עתידי כזה בגלל\nמרחק קטן בין הצמתים .\n מומלץ לתכנן את\nהמתחם הירוק כולו ,\n(\n שני מבנים ושטחי חניון\nעילי ).ע\"\n מ לאפשר\n כניסה ויציאה נוספת\nמהשכונה ,\n ניתן גם\n לצרף את זכות הדרך\nשל אריה ברעם ,\n או\nחלקה ,במידת הצורך .\nולערוך בה שינויים.\n חיבור תנועתי מתוכנן\nלרח 'יעקב פת-מומלץ.\nרקל\"ה מתוכננת בצד\nהצפוני של המיסעה.\nכל מבנה הנושק לרח '\nיעקב פת ,\n מומלץ\nלחבר תנועתית לפת.\n בית הספר\nהדו לשוני\n5\n ברל לוקר13\n:\nפאני קפלן",
        "match_quality": "shapefile",
        "overlap_plan_names": [],
        "geometry_source": "projector_official_layer1",
        "marker_kind": "road_segment",
        "lot_area_m2": null,
        "is_eivuy_brown": false,
        "is_shatzap_polygon": false,
        "is_metaham_polygon": false,
        "inner_shatzap_geom": null,
        "inner_shatzap_count": 0,
        "inner_shatzap_total_m2": 0,
        "is_metaham_pdf_tichnun": false,
        "road_bearing_deg": null,
        "obstacles": "חובה להטמיע בתכנית עתידית",
        "related_projects_text": "יש לתאם עם 101-1121920",
        "shp_hierarchy": "מאסף",
        "shp_oneway": "דו סטרי",
        "shp_calming": "לא",
        "shp_lanes": 2,
        "shp_row_m": "15",
        "shp_path_kind": "כביש",
        "tik_title": "שקופית 41: ברל לוקר| סיכום והמלצות",
        "tik_pdf_name": "גוננים ח-ט ופת- דוח מסכם.pdf",
        "tik_page": 38,
        "tik_label": "דוח מסכם — קטמונים ח-ט ופת",
        "tik_excerpt": "ברל לוקר|סיכום והמלצות\nדיוקן הרחוב\nאפיון\nהרחוב הראשי של שכונת פת.\n דיוקן אורבני\nובינוי\nברחוב מגורים בגובה \n2-4\n קומות, מעט מסחר, שצ\"פ וגישה \nלמוסדות ציבור.\nדיוקן תנועתי\nרחוב מאסף, הרחוב היחיד בשכונת פת שאינו ללא מוצא. חתך \nקיים כ-\n15\n מ,' כולל חניה בכל צד. שירות תחבורה ציבורית ברחוב. \n הליכתיות\nואופניים\nמדרחוב ברוחב \n2.5\n עם נטיעות. אין תשתית לרוכבי אופניים.\nסוגיות מרכזיות לטיפול\nאופניים\nהסדרת תשתית רכיבה ברחוב וחיבורו לפארק המסילה\n•תוספת שביל אופניים תדרוש הפקעות במסגרת התחדשות עירונית, או ביטול כלל החניות ברחוב.\n•שלביות: במסגרת התחדשות עירונית עתידית \nמצב קיים ומתוכנן\nמצב מוצע\n2.5\n2\n6 \n2\n2.5\n15\n מ'\nחתך קיים\n2.5\n2\n6 \n3\n2.5\n16\n מ'\nחתך מוצע\nP\nP\nP\nהפקעה \n נדרשת1-3\n מ'",
        "display_point": [
          35.2012653,
          31.7497354
        ]
      }
    },
    {
      "type": "Feature",
      "geometry": {
        "type": "MultiLineString",
        "coordinates": [
          [
            [
              35.2006507,
              31.7522977
            ],
            [
              35.2006827,
              31.7522257
            ],
            [
              35.2007067,
              31.7521647
            ],
            [
              35.2007257,
              31.7520967
            ],
            [
              35.2007297,
              31.7520607
            ],
            [
              35.2007317,
              31.7520347
            ],
            [
              35.2007287,
              31.7520027
            ],
            [
              35.2007197,
              31.7519737
            ],
            [
              35.2006887,
              31.7518977
            ],
            [
              35.2007667,
              31.7519337
            ],
            [
              35.2008117,
              31.7519497
            ],
            [
              35.2008517,
              31.7519577
            ],
            [
              35.2008857,
              31.7519627
            ],
            [
              35.2009297,
              31.7519617
            ],
            [
              35.2009737,
              31.7519567
            ],
            [
              35.2010497,
              31.7519387
            ]
          ],
          [
            [
              35.2006887,
              31.7518977
            ],
            [
              35.2008707,
              31.7520917
            ]
          ],
          [
            [
              35.2006887,
              31.7518977
            ],
            [
              35.2006277,
              31.7518307
            ],
            [
              35.2005257,
              31.7517087
            ],
            [
              35.2004487,
              31.7515937
            ],
            [
              35.2006167,
              31.7513487
            ],
            [
              35.2009237,
              31.7508967
            ],
            [
              35.2009847,
              31.7507817
            ],
            [
              35.2010187,
              31.7506837
            ],
            [
              35.2010457,
              31.7505517
            ],
            [
              35.2010887,
              31.7503297
            ],
            [
              35.2011377,
              31.7500607
            ],
            [
              35.2011567,
              31.7499777
            ],
            [
              35.2011897,
              31.7498827
            ],
            [
              35.2012137,
              31.7498227
            ],
            [
              35.2012397,
              31.7497737
            ],
            [
              35.2012717,
              31.7497257
            ],
            [
              35.2013027,
              31.7496837
            ],
            [
              35.2014037,
              31.7495777
            ],
            [
              35.2014547,
              31.7495327
            ],
            [
              35.2015107,
              31.7494917
            ],
            [
              35.2015757,
              31.7494507
            ],
            [
              35.2016147,
              31.7494297
            ],
            [
              35.2016687,
              31.7494037
            ],
            [
              35.2017437,
              31.7493787
            ],
            [
              35.2017657,
              31.7493747
            ],
            [
              35.2018207,
              31.7493637
            ],
            [
              35.2019187,
              31.7493487
            ],
            [
              35.2019937,
              31.7493397
            ],
            [
              35.2020707,
              31.7493357
            ],
            [
              35.2022127,
              31.7493407
            ],
            [
              35.2023097,
              31.7493587
            ],
            [
              35.2024177,
              31.7493917
            ],
            [
              35.2024737,
              31.7494167
            ],
            [
              35.2026247,
              31.7494867
            ],
            [
              35.2026787,
              31.7495137
            ],
            [
              35.2027387,
              31.7495497
            ],
            [
              35.2028077,
              31.7495977
            ],
            [
              35.2028437,
              31.7496287
            ],
            [
              35.2028617,
              31.7496497
            ],
            [
              35.2028827,
              31.7496797
            ],
            [
              35.2028987,
              31.7497067
            ],
            [
              35.2029237,
              31.7497647
            ],
            [
              35.2029407,
              31.7498117
            ],
            [
              35.2029507,
              31.7498477
            ],
            [
              35.2029597,
              31.7498897
            ],
            [
              35.2029677,
              31.7499387
            ],
            [
              35.2029757,
              31.7500067
            ],
            [
              35.2029877,
              31.7505917
            ],
            [
              35.2029887,
              31.7506827
            ],
            [
              35.2030307,
              31.7507377
            ],
            [
              35.2030547,
              31.7507637
            ],
            [
              35.2030787,
              31.7507827
            ],
            [
              35.2031277,
              31.7508097
            ],
            [
              35.2031607,
              31.7508217
            ],
            [
              35.2031877,
              31.7508297
            ],
            [
              35.2032187,
              31.7508347
            ],
            [
              35.2032477,
              31.7508367
            ],
            [
              35.2032807,
              31.7508377
            ],
            [
              35.2033487,
              31.7508377
            ]
          ],
          [
            [
              35.2030257,
              31.7509127
            ],
            [
              35.2030097,
              31.7508657
            ],
            [
              35.2030027,
              31.7508257
            ],
            [
              35.2029957,
              31.7507787
            ],
            [
              35.2029887,
              31.7506827
            ]
          ]
        ]
      },
      "properties": {
        "project_id": "627a5c3179fe",
        "domain": "transport",
        "domain_he": "תנועה",
        "service_he": "שביל אופניים",
        "service_key": null,
        "project_name": "רכיבת אופניים רח' פת בקטע דב יוסף/ברל לוקר מזרח",
        "project_num": null,
        "description": "בדיקת היתכנות להוספת תנועת אופניים בקטע כביש  לקיצור הדרך.",
        "units_label": "מ'",
        "units_required": 450,
        "units_kind": "line",
        "plan_number": null,
        "plan_raw": null,
        "plan_status": "טרם תכנון",
        "year_planning": null,
        "year_execution": "לא רלוונטי",
        "chumash": null,
        "chumash_raw": "לא רלוונטי",
        "sub_neighborhood": "פת",
        "location_id": "רח' יעקב פת, מקטע דב יוסף/ברל לוקר מזרח",
        "managing_body": "צתא\"ל",
        "estimate_nis": null,
        "pdf_link": "פת כבישים ותנועה שקופית 7",
        "pdf_excerpt": "[עמ' 7]\nשבילי אופניים מומלצים\nבתכנית אב ,לא קיימים\nתאריך עדכון אחרון :\n24.06.2024שבילי אופניים-מיפוי מצב קיים ,ועתידי-שכונת פת\nברל לוקר\nמקרא:\nשבילי אופניים קיימים\nשבילי אופניים עתידיים\n רחוב משותף מוטה\nתנועת אופניים\n המלצה למסילה לאורך\nמדרגות\nיצירת חיבור פיזי\n שימוש במעבר\nה\"ר\n לא תוכנן שביל אופניים במסגרת\nהקו הכחול לאורך חלק מרח '\nיעקב פת .שנראה חסר.\n לאחר דיון עם\nצתא\"ל ,\n הסכמנו כי\n שביל האופניים בפארק המסילה\nמהווה תחליף מקביל סביר .\n אך\n עדיין יש חשיבות לתנועת אופניים\nעוברת ,\n להסדרת אפשרות נסיעה\nעל יעקב פת ,ללא העיקוף.\n על\nצתא\"ל לערוך בדיקה\n להוספת אפשרות נסיעה\nלאופניים ,ללא הרחבה נוספת ,\nולא ע\"\n ח ה\"ר.\nשבילי אופניים בירושלים\nמעברים לה\"ר אדריכלית נוף\n7",
        "match_quality": "shapefile",
        "overlap_plan_names": [],
        "geometry_source": "projector_official_layer1",
        "marker_kind": "road_segment",
        "lot_area_m2": null,
        "is_eivuy_brown": false,
        "is_shatzap_polygon": false,
        "is_metaham_polygon": false,
        "inner_shatzap_geom": null,
        "inner_shatzap_count": 0,
        "inner_shatzap_total_m2": 0,
        "is_metaham_pdf_tichnun": false,
        "road_bearing_deg": null,
        "obstacles": "חתך הכביש המתוכנן כבר רחב בכל קנה מידה, אין להרחיב מעבר למתוכנן.",
        "related_projects_text": "הקו הכחול מקטע T2",
        "shp_hierarchy": "מאסף",
        "shp_oneway": "דו סטרי",
        "shp_calming": "לא",
        "shp_lanes": 2,
        "shp_row_m": "15",
        "shp_path_kind": "כביש",
        "tik_title": "שקופית 41: ברל לוקר| סיכום והמלצות",
        "tik_pdf_name": "גוננים ח-ט ופת- דוח מסכם.pdf",
        "tik_page": 38,
        "tik_label": "דוח מסכם — קטמונים ח-ט ופת",
        "tik_excerpt": "ברל לוקר|סיכום והמלצות\nדיוקן הרחוב\nאפיון\nהרחוב הראשי של שכונת פת.\n דיוקן אורבני\nובינוי\nברחוב מגורים בגובה \n2-4\n קומות, מעט מסחר, שצ\"פ וגישה \nלמוסדות ציבור.\nדיוקן תנועתי\nרחוב מאסף, הרחוב היחיד בשכונת פת שאינו ללא מוצא. חתך \nקיים כ-\n15\n מ,' כולל חניה בכל צד. שירות תחבורה ציבורית ברחוב. \n הליכתיות\nואופניים\nמדרחוב ברוחב \n2.5\n עם נטיעות. אין תשתית לרוכבי אופניים.\nסוגיות מרכזיות לטיפול\nאופניים\nהסדרת תשתית רכיבה ברחוב וחיבורו לפארק המסילה\n•תוספת שביל אופניים תדרוש הפקעות במסגרת התחדשות עירונית, או ביטול כלל החניות ברחוב.\n•שלביות: במסגרת התחדשות עירונית עתידית \nמצב קיים ומתוכנן\nמצב מוצע\n2.5\n2\n6 \n2\n2.5\n15\n מ'\nחתך קיים\n2.5\n2\n6 \n3\n2.5\n16\n מ'\nחתך מוצע\nP\nP\nP\nהפקעה \n נדרשת1-3\n מ'",
        "display_point": [
          35.2012653,
          31.7497354
        ]
      }
    },
    {
      "type": "Feature",
      "geometry": {
        "type": "Point",
        "coordinates": [
          35.1964965,
          31.7529949
        ]
      },
      "properties": {
        "project_id": "42d3e6b8e882",
        "domain": "transport",
        "domain_he": "תנועה",
        "service_he": "תחנה חדשה",
        "service_key": "extra:bus_stop",
        "project_name": "הוספת תחנת אוטובוס",
        "project_num": "142001",
        "description": "הוספת תחנת אוטובוס",
        "units_label": "קומפלט",
        "units_required": 1,
        "plan_number": null,
        "plan_raw": null,
        "plan_status": "טרום תכנון",
        "year_planning": 2025,
        "year_execution": null,
        "chumash": 1,
        "chumash_raw": "1 - 2025-2030",
        "sub_neighborhood": "קטמונים ח-ט",
        "location_id": "30200/42",
        "managing_body": "",
        "estimate_nis": null,
        "pdf_link": "",
        "pdf_excerpt": null,
        "match_quality": "shapefile",
        "overlap_plan_names": [],
        "geometry_source": "projector_official_layer2",
        "marker_kind": "small_circle",
        "is_shp_only": true,
        "display_point": [
          35.1964965,
          31.7529949
        ]
      }
    },
    {
      "type": "Feature",
      "geometry": {
        "type": "Point",
        "coordinates": [
          35.1964519,
          31.7532787
        ]
      },
      "properties": {
        "project_id": "aee861027f0b",
        "domain": "transport",
        "domain_he": "תנועה",
        "service_he": "תחנה חדשה",
        "service_key": "extra:bus_stop",
        "project_name": "הוספת תחנת אוטובוס",
        "project_num": "142002",
        "description": "הוספת תחנת אוטובוס",
        "units_label": "קומפלט",
        "units_required": 1,
        "plan_number": null,
        "plan_raw": null,
        "plan_status": "טרום תכנון",
        "year_planning": 2025,
        "year_execution": null,
        "chumash": 1,
        "chumash_raw": "1 - 2025-2030",
        "sub_neighborhood": "קטמונים ח-ט",
        "location_id": "30200/42",
        "managing_body": "",
        "estimate_nis": null,
        "pdf_link": "",
        "pdf_excerpt": null,
        "match_quality": "shapefile",
        "overlap_plan_names": [],
        "geometry_source": "projector_official_layer2",
        "marker_kind": "small_circle",
        "is_shp_only": true,
        "display_point": [
          35.1964519,
          31.7532787
        ]
      }
    },
    {
      "type": "Feature",
      "geometry": {
        "type": "Point",
        "coordinates": [
          35.193961,
          31.7529674
        ]
      },
      "properties": {
        "project_id": "89f4dbf78b8a",
        "domain": "transport",
        "domain_he": "תנועה",
        "service_he": "תחנה חדשה",
        "service_key": "extra:bus_stop",
        "project_name": "הוספת תחנת אוטובוס",
        "project_num": "142003",
        "description": "הוספת תחנת אוטובוס",
        "units_label": "קומפלט",
        "units_required": 1,
        "plan_number": null,
        "plan_raw": null,
        "plan_status": "טרום תכנון",
        "year_planning": 2025,
        "year_execution": null,
        "chumash": 1,
        "chumash_raw": "1 - 2025-2030",
        "sub_neighborhood": "קטמונים ח-ט",
        "location_id": "30199/95",
        "managing_body": "",
        "estimate_nis": null,
        "pdf_link": "",
        "pdf_excerpt": null,
        "match_quality": "shapefile",
        "overlap_plan_names": [],
        "geometry_source": "projector_official_layer2",
        "marker_kind": "small_circle",
        "is_shp_only": true,
        "display_point": [
          35.193961,
          31.7529674
        ]
      }
    },
    {
      "type": "Feature",
      "geometry": {
        "type": "Point",
        "coordinates": [
          35.1940757,
          31.7527391
        ]
      },
      "properties": {
        "project_id": "8f6cf1bfc287",
        "domain": "transport",
        "domain_he": "תנועה",
        "service_he": "תחנה חדשה",
        "service_key": "extra:bus_stop",
        "project_name": "הוספת תחנת אוטובוס",
        "project_num": "142004",
        "description": "הוספת תחנת אוטובוס",
        "units_label": "קומפלט",
        "units_required": 1,
        "plan_number": null,
        "plan_raw": null,
        "plan_status": "טרום תכנון",
        "year_planning": 2025,
        "year_execution": null,
        "chumash": 1,
        "chumash_raw": "1 - 2025-2030",
        "sub_neighborhood": "קטמונים ח-ט",
        "location_id": "30199/95",
        "managing_body": "",
        "estimate_nis": null,
        "pdf_link": "",
        "pdf_excerpt": null,
        "match_quality": "shapefile",
        "overlap_plan_names": [],
        "geometry_source": "projector_official_layer2",
        "marker_kind": "small_circle",
        "is_shp_only": true,
        "display_point": [
          35.1940757,
          31.7527391
        ]
      }
    },
    {
      "type": "Feature",
      "geometry": {
        "type": "Point",
        "coordinates": [
          35.19901,
          31.7544518
        ]
      },
      "properties": {
        "project_id": "1b6bb934903d",
        "domain": "transport",
        "domain_he": "תנועה",
        "service_he": "תחנה חדשה",
        "service_key": "extra:bus_stop",
        "project_name": "הוספת תחנת אוטובוס",
        "project_num": "142005",
        "description": "הוספת תחנת אוטובוס",
        "units_label": "קומפלט",
        "units_required": 1,
        "plan_number": null,
        "plan_raw": null,
        "plan_status": "טרום תכנון",
        "year_planning": 2025,
        "year_execution": null,
        "chumash": 1,
        "chumash_raw": "1 - 2025-2030",
        "sub_neighborhood": "קטמונים ח-ט",
        "location_id": "30169/171",
        "managing_body": "",
        "estimate_nis": null,
        "pdf_link": "",
        "pdf_excerpt": null,
        "match_quality": "shapefile",
        "overlap_plan_names": [],
        "geometry_source": "projector_official_layer2",
        "marker_kind": "small_circle",
        "is_shp_only": true,
        "display_point": [
          35.19901,
          31.7544518
        ]
      }
    },
    {
      "type": "Feature",
      "geometry": {
        "type": "Point",
        "coordinates": [
          35.1990079,
          31.7541744
        ]
      },
      "properties": {
        "project_id": "c52e0cfa801a",
        "domain": "transport",
        "domain_he": "תנועה",
        "service_he": "תחנה חדשה",
        "service_key": "extra:bus_stop",
        "project_name": "הוספת תחנת אוטובוס",
        "project_num": "142006",
        "description": "הוספת תחנת אוטובוס",
        "units_label": "קומפלט",
        "units_required": 1,
        "plan_number": null,
        "plan_raw": null,
        "plan_status": "טרום תכנון",
        "year_planning": 2025,
        "year_execution": null,
        "chumash": 1,
        "chumash_raw": "1 - 2025-2030",
        "sub_neighborhood": "קטמונים ח-ט",
        "location_id": "30169/85",
        "managing_body": "",
        "estimate_nis": null,
        "pdf_link": "",
        "pdf_excerpt": null,
        "match_quality": "shapefile",
        "overlap_plan_names": [],
        "geometry_source": "projector_official_layer2",
        "marker_kind": "small_circle",
        "is_shp_only": true,
        "display_point": [
          35.1990079,
          31.7541744
        ]
      }
    },
    {
      "type": "Feature",
      "geometry": {
        "type": "Point",
        "coordinates": [
          35.1982079,
          31.7554855
        ]
      },
      "properties": {
        "project_id": "542d768397dd",
        "domain": "transport",
        "domain_he": "תנועה",
        "service_he": "תחנה חדשה",
        "service_key": "extra:bus_stop",
        "project_name": "הוספת תחנת אוטובוס",
        "project_num": "142007",
        "description": "הוספת תחנת אוטובוס",
        "units_label": "קומפלט",
        "units_required": 1,
        "plan_number": null,
        "plan_raw": null,
        "plan_status": "טרום תכנון",
        "year_planning": 2025,
        "year_execution": null,
        "chumash": 1,
        "chumash_raw": "1 - 2025-2030",
        "sub_neighborhood": "קטמונים ח-ט",
        "location_id": null,
        "managing_body": "",
        "estimate_nis": null,
        "pdf_link": "",
        "pdf_excerpt": null,
        "match_quality": "shapefile",
        "overlap_plan_names": [],
        "geometry_source": "projector_official_layer2",
        "marker_kind": "small_circle",
        "is_shp_only": true,
        "display_point": [
          35.1982079,
          31.7554855
        ]
      }
    },
    {
      "type": "Feature",
      "geometry": {
        "type": "Point",
        "coordinates": [
          35.1975329,
          31.7542213
        ]
      },
      "properties": {
        "project_id": "acecbcbf965f",
        "domain": "transport",
        "domain_he": "תנועה",
        "service_he": "תחנה חדשה",
        "service_key": "extra:bus_stop",
        "project_name": "הוספת תחנת אוטובוס",
        "project_num": "142008",
        "description": "הוספת תחנת אוטובוס",
        "units_label": "קומפלט",
        "units_required": 1,
        "plan_number": null,
        "plan_raw": null,
        "plan_status": "טרום תכנון",
        "year_planning": 2025,
        "year_execution": null,
        "chumash": 1,
        "chumash_raw": "1 - 2025-2030",
        "sub_neighborhood": "קטמונים ח-ט",
        "location_id": "30169/62",
        "managing_body": "",
        "estimate_nis": null,
        "pdf_link": "",
        "pdf_excerpt": null,
        "match_quality": "shapefile",
        "overlap_plan_names": [],
        "geometry_source": "projector_official_layer2",
        "marker_kind": "small_circle",
        "is_shp_only": true,
        "display_point": [
          35.1975329,
          31.7542213
        ]
      }
    },
    {
      "type": "Feature",
      "geometry": {
        "type": "Point",
        "coordinates": [
          35.1953182,
          31.7532735
        ]
      },
      "properties": {
        "project_id": "e467f38de587",
        "domain": "transport",
        "domain_he": "תנועה",
        "service_he": "תחנה חדשה",
        "service_key": "extra:bus_stop",
        "project_name": "הוספת תחנת אוטובוס",
        "project_num": "142009",
        "description": "הוספת תחנת אוטובוס",
        "units_label": "קומפלט",
        "units_required": 1,
        "plan_number": null,
        "plan_raw": null,
        "plan_status": "טרום תכנון",
        "year_planning": 2025,
        "year_execution": null,
        "chumash": 1,
        "chumash_raw": "1 - 2025-2030",
        "sub_neighborhood": "קטמונים ח-ט",
        "location_id": "30169/95",
        "managing_body": "",
        "estimate_nis": null,
        "pdf_link": "",
        "pdf_excerpt": null,
        "match_quality": "shapefile",
        "overlap_plan_names": [],
        "geometry_source": "projector_official_layer2",
        "marker_kind": "small_circle",
        "is_shp_only": true,
        "display_point": [
          35.1953182,
          31.7532735
        ]
      }
    },
    {
      "type": "Feature",
      "geometry": {
        "type": "Point",
        "coordinates": [
          35.1938025,
          31.7533722
        ]
      },
      "properties": {
        "project_id": "cbf1c097d1eb",
        "domain": "transport",
        "domain_he": "תנועה",
        "service_he": "תחנה חדשה",
        "service_key": "extra:bus_stop",
        "project_name": "הוספת תחנת אוטובוס",
        "project_num": "142010",
        "description": "הוספת תחנת אוטובוס",
        "units_label": "קומפלט",
        "units_required": 1,
        "plan_number": null,
        "plan_raw": null,
        "plan_status": "טרום תכנון",
        "year_planning": 2025,
        "year_execution": null,
        "chumash": 1,
        "chumash_raw": "1 - 2025-2030",
        "sub_neighborhood": "קטמונים ח-ט",
        "location_id": null,
        "managing_body": "",
        "estimate_nis": null,
        "pdf_link": "",
        "pdf_excerpt": null,
        "match_quality": "shapefile",
        "overlap_plan_names": [],
        "geometry_source": "projector_official_layer2",
        "marker_kind": "small_circle",
        "is_shp_only": true,
        "display_point": [
          35.1938025,
          31.7533722
        ]
      }
    },
    {
      "type": "Feature",
      "geometry": {
        "type": "Point",
        "coordinates": [
          35.1940133,
          31.7560121
        ]
      },
      "properties": {
        "project_id": "0d6c9c3f12d5",
        "domain": "transport",
        "domain_he": "תנועה",
        "service_he": "תחנה חדשה",
        "service_key": "extra:bus_stop",
        "project_name": "הוספת תחנת אוטובוס",
        "project_num": "142011",
        "description": "הוספת תחנת אוטובוס",
        "units_label": "קומפלט",
        "units_required": 1,
        "plan_number": null,
        "plan_raw": null,
        "plan_status": "טרום תכנון",
        "year_planning": 2025,
        "year_execution": null,
        "chumash": 1,
        "chumash_raw": "1 - 2025-2030",
        "sub_neighborhood": "קטמונים ח-ט",
        "location_id": null,
        "managing_body": "",
        "estimate_nis": null,
        "pdf_link": "",
        "pdf_excerpt": null,
        "match_quality": "shapefile",
        "overlap_plan_names": [],
        "geometry_source": "projector_official_layer2",
        "marker_kind": "small_circle",
        "is_shp_only": true,
        "display_point": [
          35.1940133,
          31.7560121
        ]
      }
    },
    {
      "type": "Feature",
      "geometry": {
        "type": "Point",
        "coordinates": [
          35.192901,
          31.754993
        ]
      },
      "properties": {
        "project_id": "1085ad6b13cd",
        "domain": "transport",
        "domain_he": "תנועה",
        "service_he": "תחנה חדשה",
        "service_key": "extra:bus_stop",
        "project_name": "הוספת תחנת אוטובוס",
        "project_num": "142012",
        "description": "הוספת תחנת אוטובוס",
        "units_label": "קומפלט",
        "units_required": 1,
        "plan_number": null,
        "plan_raw": null,
        "plan_status": "טרום תכנון",
        "year_planning": 2025,
        "year_execution": null,
        "chumash": 1,
        "chumash_raw": "1 - 2025-2030",
        "sub_neighborhood": "קטמונים ח-ט",
        "location_id": "30199/95",
        "managing_body": "",
        "estimate_nis": null,
        "pdf_link": "",
        "pdf_excerpt": null,
        "match_quality": "shapefile",
        "overlap_plan_names": [],
        "geometry_source": "projector_official_layer2",
        "marker_kind": "small_circle",
        "is_shp_only": true,
        "display_point": [
          35.192901,
          31.754993
        ]
      }
    },
    {
      "type": "Feature",
      "geometry": {
        "type": "Point",
        "coordinates": [
          35.1924617,
          31.7548448
        ]
      },
      "properties": {
        "project_id": "33da9d30dbf6",
        "domain": "transport",
        "domain_he": "תנועה",
        "service_he": "תחנה חדשה",
        "service_key": "extra:bus_stop",
        "project_name": "הוספת תחנת אוטובוס",
        "project_num": "142013",
        "description": "הוספת תחנת אוטובוס",
        "units_label": "קומפלט",
        "units_required": 1,
        "plan_number": null,
        "plan_raw": null,
        "plan_status": "טרום תכנון",
        "year_planning": 2025,
        "year_execution": null,
        "chumash": 1,
        "chumash_raw": "1 - 2025-2030",
        "sub_neighborhood": "קטמונים ח-ט",
        "location_id": "30199/95",
        "managing_body": "",
        "estimate_nis": null,
        "pdf_link": "",
        "pdf_excerpt": null,
        "match_quality": "shapefile",
        "overlap_plan_names": [],
        "geometry_source": "projector_official_layer2",
        "marker_kind": "small_circle",
        "is_shp_only": true,
        "display_point": [
          35.1924617,
          31.7548448
        ]
      }
    },
    {
      "type": "Feature",
      "geometry": {
        "type": "Point",
        "coordinates": [
          35.1919549,
          31.7521185
        ]
      },
      "properties": {
        "project_id": "7d98754414c8",
        "domain": "transport",
        "domain_he": "תנועה",
        "service_he": "תחנה חדשה",
        "service_key": "extra:bus_stop",
        "project_name": "הוספת תחנת אוטובוס",
        "project_num": "142014",
        "description": "הוספת תחנת אוטובוס",
        "units_label": "קומפלט",
        "units_required": 1,
        "plan_number": null,
        "plan_raw": null,
        "plan_status": "טרום תכנון",
        "year_planning": 2025,
        "year_execution": null,
        "chumash": 1,
        "chumash_raw": "1 - 2025-2030",
        "sub_neighborhood": "קטמונים ח-ט",
        "location_id": "30199/76",
        "managing_body": "",
        "estimate_nis": null,
        "pdf_link": "",
        "pdf_excerpt": null,
        "match_quality": "shapefile",
        "overlap_plan_names": [],
        "geometry_source": "projector_official_layer2",
        "marker_kind": "small_circle",
        "is_shp_only": true,
        "display_point": [
          35.1919549,
          31.7521185
        ]
      }
    },
    {
      "type": "Feature",
      "geometry": {
        "type": "Point",
        "coordinates": [
          35.1921379,
          31.7514981
        ]
      },
      "properties": {
        "project_id": "9757296f4d67",
        "domain": "transport",
        "domain_he": "תנועה",
        "service_he": "תחנה חדשה",
        "service_key": "extra:bus_stop",
        "project_name": "הוספת תחנת אוטובוס",
        "project_num": "142015",
        "description": "הוספת תחנת אוטובוס",
        "units_label": "קומפלט",
        "units_required": 1,
        "plan_number": null,
        "plan_raw": null,
        "plan_status": "טרום תכנון",
        "year_planning": 2025,
        "year_execution": null,
        "chumash": 1,
        "chumash_raw": "1 - 2025-2030",
        "sub_neighborhood": "קטמונים ח-ט",
        "location_id": "30199/76",
        "managing_body": "",
        "estimate_nis": null,
        "pdf_link": "",
        "pdf_excerpt": null,
        "match_quality": "shapefile",
        "overlap_plan_names": [],
        "geometry_source": "projector_official_layer2",
        "marker_kind": "small_circle",
        "is_shp_only": true,
        "display_point": [
          35.1921379,
          31.7514981
        ]
      }
    },
    {
      "type": "Feature",
      "geometry": {
        "type": "Point",
        "coordinates": [
          35.2050731,
          31.7548171
        ]
      },
      "properties": {
        "project_id": "14ad30cb6de7",
        "domain": "transport",
        "domain_he": "תנועה",
        "service_he": "תחנה חדשה",
        "service_key": "extra:bus_stop",
        "project_name": "הוספת תחנת אוטובוס",
        "project_num": "142016",
        "description": "הוספת תחנות לאחר חיבור אליעזר הגדול לכביש הברך והלשמתו כציר תחצ",
        "units_label": "קומפלט",
        "units_required": 1,
        "plan_number": null,
        "plan_raw": null,
        "plan_status": "טרום תכנון",
        "year_planning": 2025,
        "year_execution": null,
        "chumash": 2,
        "chumash_raw": "2 - 2031-2036",
        "sub_neighborhood": "גוננים א-ו",
        "location_id": "30143/136",
        "managing_body": "",
        "estimate_nis": null,
        "pdf_link": "",
        "pdf_excerpt": null,
        "match_quality": "shapefile",
        "overlap_plan_names": [],
        "geometry_source": "projector_official_layer2",
        "marker_kind": "small_circle",
        "is_shp_only": true,
        "display_point": [
          35.2050731,
          31.7548171
        ]
      }
    },
    {
      "type": "Feature",
      "geometry": {
        "type": "Point",
        "coordinates": [
          35.2057433,
          31.7543421
        ]
      },
      "properties": {
        "project_id": "840247c36dc8",
        "domain": "transport",
        "domain_he": "תנועה",
        "service_he": "תחנה חדשה",
        "service_key": "extra:bus_stop",
        "project_name": "הוספת תחנת אוטובוס",
        "project_num": "142017",
        "description": "הוספת תחנות לאחר חיבור אליעזר הגדול לכביש הברך והלשמתו כציר תחצ",
        "units_label": "קומפלט",
        "units_required": 1,
        "plan_number": null,
        "plan_raw": null,
        "plan_status": "טרום תכנון",
        "year_planning": 2025,
        "year_execution": null,
        "chumash": 2,
        "chumash_raw": "2 - 2031-2036",
        "sub_neighborhood": "גוננים א-ו",
        "location_id": "30143/136",
        "managing_body": "",
        "estimate_nis": null,
        "pdf_link": "",
        "pdf_excerpt": null,
        "match_quality": "shapefile",
        "overlap_plan_names": [],
        "geometry_source": "projector_official_layer2",
        "marker_kind": "small_circle",
        "is_shp_only": true,
        "display_point": [
          35.2057433,
          31.7543421
        ]
      }
    },
    {
      "type": "Feature",
      "geometry": {
        "type": "Point",
        "coordinates": [
          35.2096506,
          31.7515761
        ]
      },
      "properties": {
        "project_id": "fd8bb0fab0b9",
        "domain": "transport",
        "domain_he": "תנועה",
        "service_he": "תחנה חדשה",
        "service_key": "extra:bus_stop",
        "project_name": "הוספת תחנת אוטובוס",
        "project_num": "142018",
        "description": "הוספת תחנות לאחר חיבור אליעזר הגדול לכביש הברך והלשמתו כציר תחצ",
        "units_label": "קומפלט",
        "units_required": 1,
        "plan_number": null,
        "plan_raw": null,
        "plan_status": "טרום תכנון",
        "year_planning": 2025,
        "year_execution": null,
        "chumash": 2,
        "chumash_raw": "2 - 2031-2036",
        "sub_neighborhood": "גוננים א-ו",
        "location_id": "30131/332",
        "managing_body": "",
        "estimate_nis": null,
        "pdf_link": "",
        "pdf_excerpt": null,
        "match_quality": "shapefile",
        "overlap_plan_names": [],
        "geometry_source": "projector_official_layer2",
        "marker_kind": "small_circle",
        "is_shp_only": true,
        "display_point": [
          35.2096506,
          31.7515761
        ]
      }
    },
    {
      "type": "Feature",
      "geometry": {
        "type": "MultiLineString",
        "coordinates": [
          [
            [
              35.1944939,
              31.7566104
            ],
            [
              35.1944939,
              31.7565053
            ],
            [
              35.1944617,
              31.7562631
            ],
            [
              35.194342,
              31.756042
            ],
            [
              35.194286,
              31.755996
            ],
            [
              35.194227,
              31.755955
            ],
            [
              35.194162,
              31.755919
            ],
            [
              35.194049,
              31.755867
            ],
            [
              35.193976,
              31.755838
            ],
            [
              35.193689,
              31.755718
            ],
            [
              35.193619,
              31.755689
            ],
            [
              35.193434,
              31.755607
            ],
            [
              35.193142,
              31.755461
            ],
            [
              35.193124,
              31.755451
            ],
            [
              35.193063,
              31.755417
            ],
            [
              35.19299,
              31.755372
            ],
            [
              35.19293,
              31.755327
            ],
            [
              35.192857,
              31.755268
            ],
            [
              35.192802,
              31.755211
            ],
            [
              35.192757,
              31.755154
            ],
            [
              35.192703,
              31.755071
            ],
            [
              35.1926238,
              31.754874
            ],
            [
              35.192597,
              31.7546912
            ]
          ],
          [
            [
              35.192602,
              31.75473
            ],
            [
              35.192596,
              31.754689
            ],
            [
              35.192593,
              31.754631
            ],
            [
              35.192595,
              31.754574
            ],
            [
              35.192602,
              31.754515
            ],
            [
              35.192614,
              31.754445
            ],
            [
              35.192637,
              31.754353
            ],
            [
              35.19267,
              31.754259
            ],
            [
              35.1927293,
              31.75412
            ]
          ]
        ]
      },
      "properties": {
        "project_id": "f0f59a53c52b",
        "domain": "transport",
        "domain_he": "תנועה",
        "service_he": "שביל אופניים",
        "service_key": "extra:transport",
        "project_name": "סן מרטין צפון",
        "project_num": "146187",
        "description": "שביל אופניים · שינוי חתך לסלילת שביל אופניים · 3: מדרכה + מסעה + שביל אופניים",
        "units_label": "קומפלט",
        "units_required": 1,
        "plan_number": null,
        "plan_raw": null,
        "plan_status": "טרום תכנון",
        "year_planning": null,
        "year_execution": null,
        "chumash": 1,
        "chumash_raw": "1 - 2025-2030",
        "sub_neighborhood": "קטמונים ח-ט",
        "location_id": null,
        "managing_body": "",
        "estimate_nis": null,
        "pdf_link": "",
        "pdf_excerpt": null,
        "match_quality": "shapefile",
        "overlap_plan_names": [],
        "geometry_source": "projector_official_layer3",
        "marker_kind": "road_segment",
        "is_shp_only": true,
        "shp_hierarchy": "מאסף",
        "shp_oneway": "דו סטרי",
        "shp_calming": "לא",
        "shp_path_kind": "כביש",
        "shp_element": "3: מדרכה + מסעה + שביל אופניים",
        "shp_essence": "שביל אופניים",
        "shp_park_n": "חניה במקביל",
        "shp_park_s": "חניה במקביל",
        "tik_title": "שקופית 37: סן מרטין| סיכום והמלצות",
        "tik_pdf_name": "גוננים ח-ט ופת- דוח מסכם.pdf",
        "tik_page": 34,
        "tik_label": "דוח מסכם — קטמונים ח-ט ופת",
        "tik_excerpt": "סן מרטין|סיכום והמלצות\nדיוקן הרחוב\nאפיון\nרחוב מגורים מוטה חניה .מישורי לאורכו .מוביל למוסדות חינוך .\n עם מימוש\nהתחדשות צפוי להפוך למרכז הכובד של השכונה .ברח 'קיים שירות תח\"צ.\nדיוקן אורבני ובינוי\nבמצב הקיים, בניה שיכונית של \n4-5\n קומות. תכניות להתחדשות עירונית \nמציעות תוספת של כ-\n1,665\n יח\"ד ושימושי ציבור ומסחר, בשני מקבצי בינוי \nעיקריים: סביב צומת סן מרטין –\n יצחק שדה –\n בר יוחאי, וסביב הצומת עם דב \nהוז. \nדיוקן תנועתי\nרחוב מאסף רמה 1. מתפקד כציר כניסה ויציאה אל השכונה מצפון אל גולומב \nומשם לכביש בגין. מקטע חד-סטרי בין המפגשים עם רח' בר יוחאי מתוכנן \nלהפוך לדו-סטרי עם מימוש תכניות התחדשות. ברחוב עוברים שני קווי תח\"צ – \n10,18\n שמבצעים מסלול מעגלי במקטע זה עקב מגבלות הסטריות. שתי תחנות \nאוטובוס. \nהליכתיות ואופניים\nמדרכות ברוחב משתנה \n2-4.5\n מ'. בפועל רצועת ההליכה חסומה לעיתים \nקרובות עקב חניית רכבים על המדרכה. רצועת הצללה המשכית לאורך רוב \nהרחוב, למעט מספר מקטעים דלילים. אין תשתית ייעודית לאופניים. \n•הסדרת תשתית אופניים דו-סטרית לאורך כל הרחוב, על חשבון רצועת חניה אחת.\n•מיסעה ברוחב המאפשר תנועת אוטובוסים דו סטרית, לרבות הרחבת נתיבים במקטע הצפוני \nבו רדיוס סיבוב גדול.\n•שלביות: ביצוע כחלק מהתחדשות עירונית\nמצב קיים ומתוכנן\nמצב מוצע\nסוגיות מרכזיות לטיפול\nתחבורה ציבורית\nפתיחת הרחוב לתנועה ",
        "display_point": [
          35.1932818,
          31.7555309
        ]
      }
    },
    {
      "type": "Feature",
      "geometry": {
        "type": "LineString",
        "coordinates": [
          [
            35.1937077,
            31.7550688
          ],
          [
            35.1942559,
            31.7550769
          ],
          [
            35.1944632,
            31.7548108
          ],
          [
            35.1945518,
            31.7548
          ],
          [
            35.1951287,
            31.7549987
          ]
        ]
      },
      "properties": {
        "project_id": "d90b9a15330b",
        "domain": "transport",
        "domain_he": "תנועה",
        "service_he": "רחוב חדש",
        "service_key": "extra:transport",
        "project_name": "חיבור רבי צדוק לנוטרים",
        "project_num": "146189",
        "description": "רחוב חדש · חיבור חדש · 3: מדרכה + מסעה + שביל אופניים",
        "units_label": "קומפלט",
        "units_required": 1,
        "plan_number": null,
        "plan_raw": null,
        "plan_status": "טרום תכנון",
        "year_planning": null,
        "year_execution": null,
        "chumash": 1,
        "chumash_raw": "1 - 2025-2030",
        "sub_neighborhood": "קטמונים ח-ט",
        "location_id": null,
        "managing_body": "",
        "estimate_nis": null,
        "pdf_link": "",
        "pdf_excerpt": null,
        "match_quality": "shapefile",
        "overlap_plan_names": [],
        "geometry_source": "projector_official_layer3",
        "marker_kind": "road_segment",
        "is_shp_only": true,
        "shp_hierarchy": "מקומי",
        "shp_oneway": "חד סטרי",
        "shp_calming": "לא",
        "shp_path_kind": "כביש",
        "shp_element": "3: מדרכה + מסעה + שביל אופניים",
        "shp_essence": "רחוב חדש",
        "shp_park_n": "חניה במרביל",
        "shp_park_s": "חניה במקביל",
        "shp_park_e": "חניה בניצב",
        "shp_park_w": "חניה בניצב",
        "tik_title": "שקופית 35: רבי צדוק| סיכום והמלצות",
        "tik_pdf_name": "גוננים ח-ט ופת- דוח מסכם.pdf",
        "tik_page": 32,
        "tik_label": "דוח מסכם — קטמונים ח-ט ופת",
        "tik_excerpt": "דרך חדשה מתוכננת\n במסגרת\nהתב\"ע\nרבי צדוק|סיכום והמלצות\nדיוקן הרחוב\nאפיון\nבמצב הקיים ,רחוב ללא מוצא המוביל למוסדות חינוך .\nדיוקן אורבני ובינוי\nרחוב הממוקם במעלה הגבעה, לאורכו מספר מועט של מבני מגורים ובקצהו מוסדות חינוך \nגדולים. הפרשים טופוגרפיים בין רבי צדוק לבין הרחובות הסמוכים. הרחוב כולו מתוכנן מחדש \nכחלק מתכנית הסדרת שטח למבני הציבור (\n101-1166586\n).\nדיוקן תנועתי\nבמצב הקיים, רחוב מקומי רמה 1, דו-סטרי ללא מוצא ברוחב \n10\n מ'. במצב המוצע בתכנית \n101-1166586\n, זכות הדרך מורחבת לכ-\n15\n מ' בנוסף לכ-3 מ' לשבילי אופניים המוצעים מחוץ \nלזכות הדרך כזיקת הנאה. מוצע בנוסף חיבור ממונע במסגרת זכות דרך חדשה אך הוא מסומן \nלשירות מגרשים חומים (עם אפשרות לחסימה). \nהליכתיות ואופניים\nרחוב משופע, מדרכות צרות, מיעוט עצים, ריבוי קירות תמך בדופן הבינוי וללא תשתית רכיבה.\nמצב קיים ומתוכנן\n•הסדרת הרחוב כולו לפי עקרונות \"רחוב בית ספר\": מדרכות רחבות \nומוצלות, שביל אופניים המשכי, נתיב תנועה חד סטרי ממותן, מפרצי \nהעלאה והורדה מוסדרים,\n הגבלת גישה של רכב פרטי אל שערי \nהמוסדות.\n•\n מקטע הדרך החדש המחבר את רבי צדוק אל רח' מרגולין יהיה רחוב \nציבורי בכל שעות היממה, ויתוכנן כרחוב צר וחד סטרי, עם תשתית \nאופניים נפרדת.\nמצב מוצע\nחתך מוצע למקטע חדש\nסוגיות מרכזיות לטיפול\n חיבור\nלמרגולין\nחיבור רבי צדוק לרח 'מרגולין הינו בע",
        "display_point": [
          35.194406,
          31.7548842
        ]
      }
    },
    {
      "type": "Feature",
      "geometry": {
        "type": "LineString",
        "coordinates": [
          [
            35.2004487,
            31.7515937
          ],
          [
            35.2004217,
            31.7515807
          ],
          [
            35.2004007,
            31.7515747
          ],
          [
            35.2003787,
            31.7515727
          ],
          [
            35.2003547,
            31.7515727
          ],
          [
            35.2001727,
            31.7516307
          ],
          [
            35.1999987,
            31.7516877
          ],
          [
            35.1998507,
            31.7517387
          ],
          [
            35.1998037,
            31.7517457
          ],
          [
            35.1997217,
            31.7517417
          ],
          [
            35.1996847,
            31.7517337
          ],
          [
            35.1996657,
            31.7517287
          ],
          [
            35.1990773,
            31.7519157
          ]
        ]
      },
      "properties": {
        "project_id": "c3a26781765b",
        "domain": "transport",
        "domain_he": "תנועה",
        "service_he": "רחוב חדש",
        "service_key": "extra:transport",
        "project_name": "הסטת רחוב בעהם",
        "project_num": "146190",
        "description": "רחוב חדש · רחוב ללא מוצא, גישה לחניונים ובתי ספר · 3: מדרכה + מסעה + שביל אופניים",
        "units_label": "קומפלט",
        "units_required": 1,
        "plan_number": null,
        "plan_raw": null,
        "plan_status": "טרום תכנון",
        "year_planning": null,
        "year_execution": null,
        "chumash": 2,
        "chumash_raw": "2 - 2031-2035",
        "sub_neighborhood": "קטמונים ח-ט",
        "location_id": null,
        "managing_body": "",
        "estimate_nis": null,
        "pdf_link": "",
        "pdf_excerpt": null,
        "match_quality": "shapefile",
        "overlap_plan_names": [],
        "geometry_source": "projector_official_layer3",
        "marker_kind": "road_segment",
        "is_shp_only": true,
        "shp_hierarchy": "מקומי",
        "shp_oneway": "דו סטרי",
        "shp_calming": "לא",
        "shp_path_kind": "כביש",
        "shp_element": "3: מדרכה + מסעה + שביל אופניים",
        "shp_essence": "רחוב חדש",
        "shp_park_n": "-",
        "shp_park_s": "-",
        "shp_park_e": "-",
        "shp_park_w": "-",
        "display_point": [
          35.1997633,
          31.7517437
        ]
      }
    },
    {
      "type": "Feature",
      "geometry": {
        "type": "LineString",
        "coordinates": [
          [
            35.2024306,
            31.7511343
          ],
          [
            35.202264,
            31.7509789
          ],
          [
            35.2019846,
            31.7508419
          ],
          [
            35.2011087,
            31.7504397
          ]
        ]
      },
      "properties": {
        "project_id": "baea90d7e988",
        "domain": "transport",
        "domain_he": "תנועה",
        "service_he": "רחוב חדש",
        "service_key": "extra:transport",
        "project_name": "רחוב חדש פת 1",
        "project_num": "146191",
        "description": "רחוב חדש · רחוב חדש לחיבור בין פת לברל לוקר במרכז שכונת פת · 2: מדרכה + מיסעה",
        "units_label": "קומפלט",
        "units_required": 1,
        "plan_number": null,
        "plan_raw": null,
        "plan_status": "טרום תכנון",
        "year_planning": null,
        "year_execution": null,
        "chumash": 2,
        "chumash_raw": "2 - 2031-2035",
        "sub_neighborhood": "פת",
        "location_id": null,
        "managing_body": "",
        "estimate_nis": null,
        "pdf_link": "",
        "pdf_excerpt": null,
        "match_quality": "shapefile",
        "overlap_plan_names": [],
        "geometry_source": "projector_official_layer3",
        "marker_kind": "road_segment",
        "is_shp_only": true,
        "shp_hierarchy": "מקומי",
        "shp_oneway": "דו סטרי",
        "shp_calming": "לא",
        "shp_path_kind": "כביש",
        "shp_element": "2: מדרכה + מיסעה",
        "shp_essence": "רחוב חדש",
        "shp_park_n": "-",
        "shp_park_s": "-",
        "shp_park_e": "-",
        "shp_park_w": "-",
        "display_point": [
          35.2017916,
          31.7507533
        ]
      }
    },
    {
      "type": "Feature",
      "geometry": {
        "type": "LineString",
        "coordinates": [
          [
            35.2018664,
            31.7507916
          ],
          [
            35.2024467,
            31.749375
          ]
        ]
      },
      "properties": {
        "project_id": "b0fadc009f22",
        "domain": "transport",
        "domain_he": "תנועה",
        "service_he": "רחוב חדש",
        "service_key": "extra:transport",
        "project_name": "רחוב חדש פת 2",
        "project_num": "146192",
        "description": "רחוב חדש · רחוב חדש לחיבור ברל לוקר מדרום ויציאה חדשה לכיוון תלפיות · 2: מדרכה + מיסעה",
        "units_label": "קומפלט",
        "units_required": 1,
        "plan_number": null,
        "plan_raw": null,
        "plan_status": "טרום תכנון",
        "year_planning": null,
        "year_execution": null,
        "chumash": 2,
        "chumash_raw": "2 - 2031-2035",
        "sub_neighborhood": "פת",
        "location_id": null,
        "managing_body": "",
        "estimate_nis": null,
        "pdf_link": "",
        "pdf_excerpt": null,
        "match_quality": "shapefile",
        "overlap_plan_names": [],
        "geometry_source": "projector_official_layer3",
        "marker_kind": "road_segment",
        "is_shp_only": true,
        "shp_hierarchy": "מקומי",
        "shp_oneway": "חד סטרי",
        "shp_calming": "לא",
        "shp_path_kind": "כביש",
        "shp_element": "2: מדרכה + מיסעה",
        "shp_essence": "רחוב חדש",
        "shp_park_n": "מגרש חניה",
        "shp_park_s": "מגרש חניה",
        "shp_park_e": "מגרש חניה",
        "shp_park_w": "מגרש חניה",
        "display_point": [
          35.2021565,
          31.7500833
        ]
      }
    },
    {
      "type": "Feature",
      "geometry": {
        "type": "LineString",
        "coordinates": [
          [
            35.2029734,
            31.7507322
          ],
          [
            35.2012161,
            31.7499279
          ]
        ]
      },
      "properties": {
        "project_id": "d3467c8bc5eb",
        "domain": "transport",
        "domain_he": "תנועה",
        "service_he": "שביל אופניים",
        "service_key": "extra:transport",
        "project_name": "שביל אופניים + ה\"ר חדש - פת",
        "project_num": "146193",
        "description": "שביל חדש · חיבור חדש להולכי רגל ואופניים בתשתית נפרדת בכיוון מזרח-מערב בברל לוקר · 1 : מדרכה בלבד",
        "units_label": "קומפלט",
        "units_required": 1,
        "plan_number": null,
        "plan_raw": null,
        "plan_status": "טרום תכנון",
        "year_planning": null,
        "year_execution": null,
        "chumash": 2,
        "chumash_raw": "2 - 2031-2035",
        "sub_neighborhood": "פת",
        "location_id": null,
        "managing_body": "",
        "estimate_nis": null,
        "pdf_link": "",
        "pdf_excerpt": null,
        "match_quality": "shapefile",
        "overlap_plan_names": [],
        "geometry_source": "projector_official_layer3",
        "marker_kind": "road_segment",
        "is_shp_only": true,
        "shp_hierarchy": "מקומי",
        "shp_oneway": "דו סטרי",
        "shp_path_kind": "שביל אופניים",
        "shp_element": "1 : מדרכה בלבד",
        "shp_essence": "שביל חדש",
        "shp_park_n": "-",
        "shp_park_s": "-",
        "shp_park_e": "-",
        "shp_park_w": "-",
        "display_point": [
          35.2020948,
          31.7503301
        ]
      }
    },
    {
      "type": "Feature",
      "geometry": {
        "type": "LineString",
        "coordinates": [
          [
            35.2007755,
            31.749816
          ],
          [
            35.1999264,
            31.7494321
          ]
        ]
      },
      "properties": {
        "project_id": "650c9d3d3c66",
        "domain": "transport",
        "domain_he": "תנועה",
        "service_he": "פרוייקט תנועה",
        "service_key": "extra:transport",
        "project_name": "שביל ה\"ר לפארק המסילה",
        "project_num": "146184",
        "description": "1 : מדרכה בלבד",
        "units_label": "קומפלט",
        "units_required": 1,
        "plan_number": null,
        "plan_raw": null,
        "plan_status": "",
        "year_planning": null,
        "year_execution": null,
        "chumash": null,
        "chumash_raw": "",
        "sub_neighborhood": "פת",
        "location_id": null,
        "managing_body": "",
        "estimate_nis": null,
        "pdf_link": "",
        "pdf_excerpt": null,
        "match_quality": "shapefile",
        "overlap_plan_names": [],
        "geometry_source": "projector_official_layer3",
        "marker_kind": "road_segment",
        "is_shp_only": true,
        "shp_hierarchy": "-",
        "shp_oneway": "-",
        "shp_path_kind": "כביש",
        "shp_element": "1 : מדרכה בלבד",
        "display_point": [
          35.200351,
          31.7496241
        ]
      }
    },
    {
      "type": "Feature",
      "geometry": {
        "type": "LineString",
        "coordinates": [
          [
            35.2051317,
            31.7548167
          ],
          [
            35.2054877,
            31.7551447
          ],
          [
            35.2055207,
            31.7551757
          ],
          [
            35.2059017,
            31.7555057
          ],
          [
            35.2062547,
            31.7558267
          ],
          [
            35.2066497,
            31.7561667
          ],
          [
            35.2070847,
            31.7565537
          ],
          [
            35.2074327,
            31.7568567
          ],
          [
            35.2075177,
            31.7569377
          ],
          [
            35.2076737,
            31.7570706
          ],
          [
            35.2083277,
            31.7576466
          ],
          [
            35.2083707,
            31.7576796
          ],
          [
            35.2084177,
            31.7577076
          ],
          [
            35.2084927,
            31.7577456
          ],
          [
            35.2085667,
            31.7577756
          ],
          [
            35.2086357,
            31.7577996
          ],
          [
            35.2087177,
            31.7578206
          ],
          [
            35.2088277,
            31.7578446
          ],
          [
            35.2089167,
            31.7578486
          ],
          [
            35.2089777,
            31.7578476
          ],
          [
            35.2090437,
            31.7578426
          ],
          [
            35.2091427,
            31.7578306
          ],
          [
            35.2093507,
            31.7577886
          ],
          [
            35.2097587,
            31.7576706
          ],
          [
            35.2099737,
            31.7576146
          ]
        ]
      },
      "properties": {
        "project_id": "893e9e680222",
        "domain": "transport",
        "domain_he": "תנועה",
        "service_he": "מיתון תנועה",
        "service_key": "extra:transport",
        "project_name": "אנטיגונס - מיתון תנועה",
        "project_num": "146181",
        "description": "רכיבה משולבת במיתון תנועה · הפיכת רחוב חד סטרי לממותן תנועה עם רכיבה משותפת על בסיס מצב קיים · 2: מדרכה + מיסעה",
        "units_label": "קומפלט",
        "units_required": 1,
        "plan_number": null,
        "plan_raw": null,
        "plan_status": "טרום תכנון",
        "year_planning": null,
        "year_execution": null,
        "chumash": 1,
        "chumash_raw": "1 - 2025-2030",
        "sub_neighborhood": "גוננים א-ו",
        "location_id": null,
        "managing_body": "",
        "estimate_nis": null,
        "pdf_link": "",
        "pdf_excerpt": null,
        "match_quality": "shapefile",
        "overlap_plan_names": [],
        "geometry_source": "projector_official_layer3",
        "marker_kind": "road_segment",
        "is_shp_only": true,
        "shp_hierarchy": "מקומי",
        "shp_oneway": "חד סטרי",
        "shp_calming": "כן",
        "shp_path_kind": "כביש",
        "shp_element": "2: מדרכה + מיסעה",
        "shp_essence": "רכיבה משולבת במיתון תנועה",
        "shp_park_n": "חניה במקביל",
        "shp_park_s": "חניה במקביל",
        "tik_title": "שקופית 56: אנטיגונס | מצב מוצע",
        "tik_pdf_name": "25-12-29 גוננים א-ו - תיק שכונה.pdf",
        "tik_page": 54,
        "tik_label": "תיק שכונה — גוננים א-ו",
        "tik_excerpt": "אנטיגונס |\n מצב מוצע\n חתך מיתון תנועה–\n12מ'\nקונספט ת כנוני\nטיפול מוצע\n רחוב מקומי\n בקרבה למוס דת\nחינוך ותח\"צ\nמצב קיים :מיתון תנועה מסוג ב '\n– \n מיסעה חד\n סטרית– \n3.5\n מ'\nהלכתיות\nטיפול במדרכות, נטיעות עצים ב\"אוזניים\" בין כל \nשתי חניות. \nתשתית רכיבה\nרכיבה משולבת במיתון תנועה \nמיתון תנועה ורכיבה משותפת כולל רצועת חניה\n חתך מוצע12מ '(מצב קיים)",
        "display_point": [
          35.2073711,
          31.7568031
        ]
      }
    },
    {
      "type": "Feature",
      "geometry": {
        "type": "LineString",
        "coordinates": [
          [
            35.2032207,
            31.7539577
          ],
          [
            35.2033387,
            31.7538428
          ],
          [
            35.2034033,
            31.7537736
          ],
          [
            35.2034244,
            31.7537142
          ],
          [
            35.2034183,
            31.7536622
          ],
          [
            35.2033657,
            31.753585
          ],
          [
            35.2031027,
            31.7531967
          ]
        ]
      },
      "properties": {
        "project_id": "8fce8ee22fd3",
        "domain": "transport",
        "domain_he": "תנועה",
        "service_he": "רחוב חדש",
        "service_key": "extra:transport",
        "project_name": "טוביה-אלכסנדריון - חיבור חדש",
        "project_num": "146010",
        "description": "חיבור חדש לרחוב ללא מוצא · רחוב טוביה, ללא מוצא במצב הקיים, גישה למתחם דנמרק. סטטוטריקה מאושרת מאפשרת חיבור דרך חדשה. מומלץ לקידום במסגרת תב\"ע מתחם דנמרק · 2: מדרכה + מיסעה",
        "units_label": "קומפלט",
        "units_required": 1,
        "plan_number": null,
        "plan_raw": null,
        "plan_status": "טרום תכנון",
        "year_planning": null,
        "year_execution": null,
        "chumash": 2,
        "chumash_raw": "2 - 2031-2035",
        "sub_neighborhood": "גוננים א-ו",
        "location_id": null,
        "managing_body": "",
        "estimate_nis": null,
        "pdf_link": "",
        "pdf_excerpt": null,
        "match_quality": "shapefile",
        "overlap_plan_names": [],
        "geometry_source": "projector_official_layer3",
        "marker_kind": "road_segment",
        "is_shp_only": true,
        "shp_hierarchy": "מקומי",
        "shp_oneway": "דו סטרי",
        "shp_calming": "לא",
        "shp_path_kind": "כביש",
        "shp_element": "2: מדרכה + מיסעה",
        "shp_essence": "חיבור חדש לרחוב ללא מוצא",
        "shp_park_e": "חניה בניצב",
        "shp_park_w": "חניב במקביל",
        "display_point": [
          35.2033655,
          31.7535847
        ]
      }
    },
    {
      "type": "Feature",
      "geometry": {
        "type": "MultiLineString",
        "coordinates": [
          [
            [
              35.2025388,
              31.7600557
            ],
            [
              35.2026248,
              31.7600087
            ],
            [
              35.2026768,
              31.7599617
            ],
            [
              35.2027158,
              31.7599237
            ],
            [
              35.2027558,
              31.7598797
            ],
            [
              35.2028118,
              31.7598117
            ],
            [
              35.2028358,
              31.7597787
            ],
            [
              35.2028678,
              31.7597187
            ],
            [
              35.2028838,
              31.7596817
            ],
            [
              35.2029008,
              31.7596377
            ],
            [
              35.2029248,
              31.7594797
            ],
            [
              35.2029358,
              31.7593887
            ],
            [
              35.2029358,
              31.7593567
            ],
            [
              35.2029308,
              31.7592937
            ],
            [
              35.2029208,
              31.7592377
            ],
            [
              35.2028948,
              31.7591577
            ],
            [
              35.2028648,
              31.7590837
            ],
            [
              35.2027918,
              31.7589167
            ],
            [
              35.2026888,
              31.7587057
            ],
            [
              35.2026278,
              31.7585837
            ],
            [
              35.2025678,
              31.7584757
            ],
            [
              35.2025088,
              31.7583797
            ],
            [
              35.2024628,
              31.7583077
            ],
            [
              35.2023588,
              31.7581327
            ],
            [
              35.2023187,
              31.7580447
            ],
            [
              35.2022877,
              31.7579557
            ],
            [
              35.202256,
              31.7578536
            ],
            [
              35.2021837,
              31.7576367
            ],
            [
              35.2021727,
              31.7575887
            ],
            [
              35.2021637,
              31.7575477
            ],
            [
              35.2021347,
              31.7573817
            ],
            [
              35.2021227,
              31.7572997
            ],
            [
              35.2021137,
              31.7571507
            ],
            [
              35.2021177,
              31.7570407
            ],
            [
              35.2021257,
              31.7569227
            ],
            [
              35.2021437,
              31.7567917
            ],
            [
              35.2021707,
              31.7566717
            ],
            [
              35.2022137,
              31.7565497
            ],
            [
              35.2022707,
              31.7564227
            ],
            [
              35.2024797,
              31.7559797
            ],
            [
              35.2025827,
              31.7557997
            ],
            [
              35.2027497,
              31.7554597
            ],
            [
              35.2027627,
              31.7554307
            ],
            [
              35.2027147,
              31.7552037
            ]
          ],
          [
            [
              35.2028027,
              31.7551997
            ],
            [
              35.2028037,
              31.7553057
            ],
            [
              35.2028007,
              31.7553277
            ],
            [
              35.2027897,
              31.7553527
            ],
            [
              35.2027627,
              31.7554307
            ]
          ],
          [
            [
              35.2029337,
              31.7551947
            ],
            [
              35.2028897,
              31.7552417
            ],
            [
              35.2028307,
              31.7553157
            ],
            [
              35.2027897,
              31.7553527
            ]
          ]
        ]
      },
      "properties": {
        "project_id": "bac47804a4c7",
        "domain": "transport",
        "domain_he": "תנועה",
        "service_he": "פרוייקט תנועה",
        "service_key": "extra:transport",
        "project_name": "הורקניה - מיתון תנועה",
        "project_num": "146011",
        "description": "שלב 1 - הפיכת הרחוב לממותן תנועה, הרחבת מדרכות, הוספת הצללה ורכיבה משולבת · 2: מדרכה + מיסעה",
        "units_label": "קומפלט",
        "units_required": 1,
        "plan_number": null,
        "plan_raw": null,
        "plan_status": "טרום תכנון",
        "year_planning": null,
        "year_execution": null,
        "chumash": 1,
        "chumash_raw": "1 - 2025-2030",
        "sub_neighborhood": "גוננים א-ו",
        "location_id": null,
        "managing_body": "",
        "estimate_nis": null,
        "pdf_link": "",
        "pdf_excerpt": null,
        "match_quality": "shapefile",
        "overlap_plan_names": [],
        "geometry_source": "projector_official_layer3",
        "marker_kind": "road_segment",
        "is_shp_only": true,
        "shp_hierarchy": "מקומי",
        "shp_oneway": "דו סטרי",
        "shp_calming": "לא",
        "shp_path_kind": "כביש",
        "shp_element": "2: מדרכה + מיסעה",
        "shp_park_e": "חניה בניצב",
        "shp_park_w": "חניה במקביל",
        "tik_title": "שקופית 71: הורקניה | סיכום מצב מוצע",
        "tik_pdf_name": "25-12-29 גוננים א-ו - תיק שכונה.pdf",
        "tik_page": 69,
        "tik_label": "תיק שכונה — גוננים א-ו",
        "tik_excerpt": "הורקניה|סיכום מצב מוצע\n חתך מוצע14מ '\n–שלב א ,'\n על בסיס\nזכות דרך קיימת\nמיתון תנועה ורכיבה משותפת\n חתך מוצע17מ '\n–שלב ב ,'אסטרטגי\nתנועה דו סטרית כולל חניה ושביל אופניים ברמת הפרדה ג'\nקונספט תכנוני\nטיפול מוצע\nמיתון תנועה\nמצב קיים :מיתון תנועה מסוג ב '\n– \n מיסעה דו סטרית6 מ '\nהליכתיות\nהשלמת הצללה והרחבת מדרכות. \nנטיעות עצים ב\"אוזניים\" בין כל שתי חניות.\nתשתית רכיבה\nשלב א': רכיבה משולבת, רמת הפרדה א' על בסיס רוחב \nזכות דרך קיים\nשלב ב' :סלילת שביל אופניים ברמת הפרדה ג'\n חתך מתוך הנחיות לתכנון\n רחובות ממותני תנועה-\n דו סטרי\nכולל חניה ותח\"\n צ–\n14מ'",
        "display_point": [
          35.2021538,
          31.7574913
        ]
      }
    },
    {
      "type": "Feature",
      "geometry": {
        "type": "MultiLineString",
        "coordinates": [
          [
            [
              35.2025388,
              31.7600557
            ],
            [
              35.2026248,
              31.7600087
            ],
            [
              35.2026768,
              31.7599617
            ],
            [
              35.2027158,
              31.7599237
            ],
            [
              35.2027558,
              31.7598797
            ],
            [
              35.2028118,
              31.7598117
            ],
            [
              35.2028358,
              31.7597787
            ],
            [
              35.2028678,
              31.7597187
            ],
            [
              35.2028838,
              31.7596817
            ],
            [
              35.2029008,
              31.7596377
            ],
            [
              35.2029248,
              31.7594797
            ],
            [
              35.2029358,
              31.7593887
            ],
            [
              35.2029358,
              31.7593567
            ],
            [
              35.2029308,
              31.7592937
            ],
            [
              35.2029208,
              31.7592377
            ],
            [
              35.2028948,
              31.7591577
            ],
            [
              35.2028648,
              31.7590837
            ],
            [
              35.2027918,
              31.7589167
            ],
            [
              35.2026888,
              31.7587057
            ],
            [
              35.2026278,
              31.7585837
            ],
            [
              35.2025678,
              31.7584757
            ],
            [
              35.2025088,
              31.7583797
            ],
            [
              35.2024628,
              31.7583077
            ],
            [
              35.2023588,
              31.7581327
            ],
            [
              35.2023187,
              31.7580447
            ],
            [
              35.2022877,
              31.7579557
            ],
            [
              35.202256,
              31.7578536
            ],
            [
              35.2021837,
              31.7576367
            ],
            [
              35.2021727,
              31.7575887
            ],
            [
              35.2021637,
              31.7575477
            ],
            [
              35.2021347,
              31.7573817
            ],
            [
              35.2021227,
              31.7572997
            ],
            [
              35.2021137,
              31.7571507
            ],
            [
              35.2021177,
              31.7570407
            ],
            [
              35.2021257,
              31.7569227
            ],
            [
              35.2021437,
              31.7567917
            ],
            [
              35.2021707,
              31.7566717
            ],
            [
              35.2022137,
              31.7565497
            ],
            [
              35.2022707,
              31.7564227
            ],
            [
              35.2024797,
              31.7559797
            ],
            [
              35.2025827,
              31.7557997
            ],
            [
              35.2027497,
              31.7554597
            ],
            [
              35.2027627,
              31.7554307
            ],
            [
              35.2027147,
              31.7552037
            ]
          ],
          [
            [
              35.2028027,
              31.7551997
            ],
            [
              35.2028037,
              31.7553057
            ],
            [
              35.2028007,
              31.7553277
            ],
            [
              35.2027897,
              31.7553527
            ],
            [
              35.2027627,
              31.7554307
            ]
          ],
          [
            [
              35.2029337,
              31.7551947
            ],
            [
              35.2028897,
              31.7552417
            ],
            [
              35.2028307,
              31.7553157
            ],
            [
              35.2027897,
              31.7553527
            ]
          ]
        ]
      },
      "properties": {
        "project_id": "97b4e379a778",
        "domain": "transport",
        "domain_he": "תנועה",
        "service_he": "פרוייקט תנועה",
        "service_key": "extra:transport",
        "project_name": "הורקניה - שביל אופניים",
        "project_num": "146012",
        "description": "שלב 2 - הרחבת זכות הדרך עבור סלילת שביל אופניים דו סטרי · 3: מדרכה + מסעה + שביל אופניים",
        "units_label": "קומפלט",
        "units_required": 1,
        "plan_number": null,
        "plan_raw": null,
        "plan_status": "טרום תכנון",
        "year_planning": null,
        "year_execution": null,
        "chumash": 2,
        "chumash_raw": "2 - 2031-2035",
        "sub_neighborhood": "גוננים א-ו",
        "location_id": null,
        "managing_body": "",
        "estimate_nis": null,
        "pdf_link": "",
        "pdf_excerpt": null,
        "match_quality": "shapefile",
        "overlap_plan_names": [],
        "geometry_source": "projector_official_layer3",
        "marker_kind": "road_segment",
        "is_shp_only": true,
        "shp_hierarchy": "מקומי",
        "shp_oneway": "דו סטרי",
        "shp_calming": "כן",
        "shp_path_kind": "כביש",
        "shp_element": "3: מדרכה + מסעה + שביל אופניים",
        "shp_park_e": "חניה בניצב",
        "shp_park_w": "חניה במקביל",
        "tik_title": "שקופית 71: הורקניה | סיכום מצב מוצע",
        "tik_pdf_name": "25-12-29 גוננים א-ו - תיק שכונה.pdf",
        "tik_page": 69,
        "tik_label": "תיק שכונה — גוננים א-ו",
        "tik_excerpt": "הורקניה|סיכום מצב מוצע\n חתך מוצע14מ '\n–שלב א ,'\n על בסיס\nזכות דרך קיימת\nמיתון תנועה ורכיבה משותפת\n חתך מוצע17מ '\n–שלב ב ,'אסטרטגי\nתנועה דו סטרית כולל חניה ושביל אופניים ברמת הפרדה ג'\nקונספט תכנוני\nטיפול מוצע\nמיתון תנועה\nמצב קיים :מיתון תנועה מסוג ב '\n– \n מיסעה דו סטרית6 מ '\nהליכתיות\nהשלמת הצללה והרחבת מדרכות. \nנטיעות עצים ב\"אוזניים\" בין כל שתי חניות.\nתשתית רכיבה\nשלב א': רכיבה משולבת, רמת הפרדה א' על בסיס רוחב \nזכות דרך קיים\nשלב ב' :סלילת שביל אופניים ברמת הפרדה ג'\n חתך מתוך הנחיות לתכנון\n רחובות ממותני תנועה-\n דו סטרי\nכולל חניה ותח\"\n צ–\n14מ'",
        "display_point": [
          35.2021538,
          31.7574913
        ]
      }
    },
    {
      "type": "Feature",
      "geometry": {
        "type": "MultiLineString",
        "coordinates": [
          [
            [
              35.2025388,
              31.7600557
            ],
            [
              35.2026168,
              31.7599007
            ],
            [
              35.2026348,
              31.7598597
            ],
            [
              35.2026478,
              31.7598227
            ],
            [
              35.2026558,
              31.7597967
            ],
            [
              35.2026628,
              31.7597507
            ],
            [
              35.2026658,
              31.7596897
            ],
            [
              35.2026648,
              31.7596517
            ],
            [
              35.2026618,
              31.7596037
            ],
            [
              35.2026568,
              31.7595577
            ],
            [
              35.2026488,
              31.7595147
            ],
            [
              35.2026318,
              31.7594607
            ],
            [
              35.2026028,
              31.7594057
            ],
            [
              35.2025628,
              31.7593477
            ],
            [
              35.2025218,
              31.7593017
            ],
            [
              35.2024718,
              31.7592537
            ],
            [
              35.2024348,
              31.7592237
            ],
            [
              35.2023878,
              31.7591927
            ],
            [
              35.2023258,
              31.7591567
            ],
            [
              35.2021268,
              31.7590457
            ],
            [
              35.2018648,
              31.7589037
            ],
            [
              35.2017978,
              31.7588747
            ],
            [
              35.2017198,
              31.7588467
            ],
            [
              35.2014278,
              31.7587557
            ],
            [
              35.2009188,
              31.7585927
            ],
            [
              35.2008668,
              31.7585757
            ],
            [
              35.2000138,
              31.7582957
            ],
            [
              35.1999568,
              31.7582777
            ],
            [
              35.1998928,
              31.7582557
            ],
            [
              35.1998028,
              31.7582217
            ],
            [
              35.1997098,
              31.7581777
            ],
            [
              35.1996498,
              31.7581467
            ],
            [
              35.1995858,
              31.7581067
            ],
            [
              35.1994898,
              31.7580337
            ],
            [
              35.1994388,
              31.7579877
            ],
            [
              35.1993718,
              31.7579257
            ],
            [
              35.1993158,
              31.7578617
            ],
            [
              35.1992398,
              31.7577747
            ],
            [
              35.1991548,
              31.7576507
            ],
            [
              35.1991127,
              31.7575747
            ],
            [
              35.1990737,
              31.7574837
            ],
            [
              35.1990467,
              31.7574107
            ],
            [
              35.1990257,
              31.7573477
            ],
            [
              35.1990047,
              31.7572687
            ],
            [
              35.1989907,
              31.7572087
            ],
            [
              35.1989807,
              31.7571437
            ],
            [
              35.1989767,
              31.7570767
            ],
            [
              35.1989957,
              31.7569537
            ],
            [
              35.1990097,
              31.7568587
            ],
            [
              35.1990237,
              31.7567897
            ],
            [
              35.1990617,
              31.7566637
            ],
            [
              35.1991067,
              31.7565377
            ],
            [
              35.1994987,
              31.7566087
            ],
            [
              35.1995887,
              31.7566207
            ],
            [
              35.1996467,
              31.7566247
            ]
          ],
          [
            [
              35.1991067,
              31.7565377
            ],
            [
              35.1991327,
              31.7564817
            ],
            [
              35.1991867,
              31.7564047
            ],
            [
              35.1991557,
              31.7562327
            ]
          ],
          [
            [
              35.1993227,
              31.7562757
            ],
            [
              35.1991867,
              31.7564047
            ]
          ]
        ]
      },
      "properties": {
        "project_id": "1239f04d49a2",
        "domain": "transport",
        "domain_he": "תנועה",
        "service_he": "מיתון תנועה",
        "service_key": "extra:transport",
        "project_name": "ניקונור - מיתון תנועה",
        "project_num": "146013",
        "description": "מיתון תנועה · הפיכת הרחוב לממותן תנועה על בסיס רוחב זכות דרך קיימת, הוספת הצללה, הרחבת מדרכות ורצועת חניה אחת · 2: מדרכה + מיסעה",
        "units_label": "קומפלט",
        "units_required": 1,
        "plan_number": null,
        "plan_raw": null,
        "plan_status": "טרום תכנון",
        "year_planning": null,
        "year_execution": null,
        "chumash": 1,
        "chumash_raw": "1 - 2025-2030",
        "sub_neighborhood": "גוננים א-ו",
        "location_id": null,
        "managing_body": "",
        "estimate_nis": null,
        "pdf_link": "",
        "pdf_excerpt": null,
        "match_quality": "shapefile",
        "overlap_plan_names": [],
        "geometry_source": "projector_official_layer3",
        "marker_kind": "road_segment",
        "is_shp_only": true,
        "shp_hierarchy": "מקומי",
        "shp_oneway": "דו סטרי",
        "shp_calming": "לא",
        "shp_path_kind": "כביש",
        "shp_element": "2: מדרכה + מיסעה",
        "shp_essence": "מיתון תנועה",
        "shp_park_e": "חניה במקביל",
        "shp_park_w": "חניה במקביל",
        "display_point": [
          35.2001135,
          31.7583284
        ]
      }
    },
    {
      "type": "Feature",
      "geometry": {
        "type": "LineString",
        "coordinates": [
          [
            35.2039261,
            31.7584787
          ],
          [
            35.2050381,
            31.7584595
          ]
        ]
      },
      "properties": {
        "project_id": "2637810ae40a",
        "domain": "transport",
        "domain_he": "תנועה",
        "service_he": "רחוב חדש",
        "service_key": "extra:transport",
        "project_name": "חיים יחיל - חיבור חדש",
        "project_num": "146015",
        "description": "חיבור חדש · חיבור קצה חיים יחיל אל בני בתירא (כיכר הבנים) חיבור חסר במצב הקיים. נמצא בשטח פרטי של החווה, נדרשת תב\"ע. · 2: מדרכה + מיסעה",
        "units_label": "קומפלט",
        "units_required": 1,
        "plan_number": null,
        "plan_raw": null,
        "plan_status": "טרם תכנון",
        "year_planning": null,
        "year_execution": null,
        "chumash": 2,
        "chumash_raw": "2 - 2031-2035",
        "sub_neighborhood": "גוננים א-ו",
        "location_id": null,
        "managing_body": "",
        "estimate_nis": null,
        "pdf_link": "",
        "pdf_excerpt": null,
        "match_quality": "shapefile",
        "overlap_plan_names": [],
        "geometry_source": "projector_official_layer3",
        "marker_kind": "road_segment",
        "is_shp_only": true,
        "shp_hierarchy": "מקומי",
        "shp_oneway": "חד סטרי",
        "shp_calming": "כן",
        "shp_path_kind": "כביש",
        "shp_element": "2: מדרכה + מיסעה",
        "shp_essence": "חיבור חדש",
        "shp_park_s": "חניה מקבילה",
        "display_point": [
          35.2044821,
          31.7584691
        ]
      }
    },
    {
      "type": "Feature",
      "geometry": {
        "type": "LineString",
        "coordinates": [
          [
            35.2005727,
            31.7577567
          ],
          [
            35.1995858,
            31.7581067
          ]
        ]
      },
      "properties": {
        "project_id": "80e4aa61c368",
        "domain": "transport",
        "domain_he": "תנועה",
        "service_he": "עיבוי רשת הדרכים",
        "service_key": "extra:transport",
        "project_name": "עיבוי רשת דרכים גונן ה' - 2",
        "project_num": "146019",
        "description": "עיבוי רשת הדרכים · עיבוי רשת הדרכים בגונן ה', הוספת דרכים מוטוריות מקומיות לתנועה מקומית חד סטרית ממותנת תנועה. · 2: מדרכה + מיסעה",
        "units_label": "קומפלט",
        "units_required": 1,
        "plan_number": null,
        "plan_raw": null,
        "plan_status": "טרם תכנון",
        "year_planning": null,
        "year_execution": null,
        "chumash": 3,
        "chumash_raw": "3 - 2036-2040",
        "sub_neighborhood": "גוננים א-ו",
        "location_id": null,
        "managing_body": "",
        "estimate_nis": null,
        "pdf_link": "",
        "pdf_excerpt": null,
        "match_quality": "shapefile",
        "overlap_plan_names": [],
        "geometry_source": "projector_official_layer3",
        "marker_kind": "road_segment",
        "is_shp_only": true,
        "shp_hierarchy": "מקומי",
        "shp_oneway": "חד סטרי",
        "shp_calming": "כן",
        "shp_path_kind": "כביש",
        "shp_element": "2: מדרכה + מיסעה",
        "shp_essence": "עיבוי רשת הדרכים",
        "display_point": [
          35.2000793,
          31.7579317
        ]
      }
    },
    {
      "type": "Feature",
      "geometry": {
        "type": "LineString",
        "coordinates": [
          [
            35.2012507,
            31.7578387
          ],
          [
            35.2012177,
            31.7577777
          ],
          [
            35.2011987,
            31.7577387
          ],
          [
            35.2011757,
            31.7576847
          ],
          [
            35.2011657,
            31.7576527
          ],
          [
            35.2011567,
            31.7576087
          ],
          [
            35.2011257,
            31.7574907
          ],
          [
            35.2011117,
            31.7574287
          ],
          [
            35.2010967,
            31.7573517
          ],
          [
            35.2010817,
            31.7572647
          ],
          [
            35.2010717,
            31.7570287
          ],
          [
            35.2010747,
            31.7569557
          ],
          [
            35.2010797,
            31.7568987
          ],
          [
            35.2010887,
            31.7568327
          ],
          [
            35.2011107,
            31.7567467
          ],
          [
            35.2011627,
            31.7566127
          ],
          [
            35.2012157,
            31.7564847
          ],
          [
            35.2014377,
            31.7558727
          ],
          [
            35.2014487,
            31.7558387
          ],
          [
            35.2014547,
            31.7558127
          ],
          [
            35.2014637,
            31.7556937
          ]
        ]
      },
      "properties": {
        "project_id": "b210e92b3eaa",
        "domain": "transport",
        "domain_he": "תנועה",
        "service_he": "עיבוי רשת הדרכים",
        "service_key": "extra:transport",
        "project_name": "עיבוי רשת דרכים גונן ה' - 4",
        "project_num": "146021",
        "description": "עיבוי רשת הדרכים · עיבוי רשת הדרכים בגונן ה', הוספת דרכים מוטוריות מקומיות לתנועה מקומית חד סטרית ממותנת תנועה. · 2: מדרכה + מיסעה",
        "units_label": "קומפלט",
        "units_required": 1,
        "plan_number": null,
        "plan_raw": null,
        "plan_status": "טרם תכנון",
        "year_planning": null,
        "year_execution": null,
        "chumash": 3,
        "chumash_raw": "3 - 2036-2040",
        "sub_neighborhood": "גוננים א-ו",
        "location_id": null,
        "managing_body": "",
        "estimate_nis": null,
        "pdf_link": "",
        "pdf_excerpt": null,
        "match_quality": "shapefile",
        "overlap_plan_names": [],
        "geometry_source": "projector_official_layer3",
        "marker_kind": "road_segment",
        "is_shp_only": true,
        "shp_hierarchy": "מקומי",
        "shp_oneway": "חד סטרי",
        "shp_calming": "כן",
        "shp_path_kind": "כביש",
        "shp_element": "2: מדרכה + מיסעה",
        "shp_essence": "עיבוי רשת הדרכים",
        "display_point": [
          35.2011096,
          31.7567511
        ]
      }
    },
    {
      "type": "Feature",
      "geometry": {
        "type": "LineString",
        "coordinates": [
          [
            35.2005107,
            31.7568167
          ],
          [
            35.1991547,
            31.7576507
          ]
        ]
      },
      "properties": {
        "project_id": "28d9c5ed172b",
        "domain": "transport",
        "domain_he": "תנועה",
        "service_he": "עיבוי רשת הדרכים",
        "service_key": "extra:transport",
        "project_name": "עיבוי רשת דרכים גונן ה' - 1",
        "project_num": "146018",
        "description": "עיבוי רשת הדרכים · עיבוי רשת הדרכים בגונן ה', הוספת דרכים מוטוריות מקומיות לתנועה מקומית חד סטרית ממותנת תנועה. · 2: מדרכה + מיסעה",
        "units_label": "קומפלט",
        "units_required": 1,
        "plan_number": null,
        "plan_raw": null,
        "plan_status": "טרם תכנון",
        "year_planning": null,
        "year_execution": null,
        "chumash": 3,
        "chumash_raw": "3 - 2036-2040",
        "sub_neighborhood": "גוננים א-ו",
        "location_id": null,
        "managing_body": "",
        "estimate_nis": null,
        "pdf_link": "",
        "pdf_excerpt": null,
        "match_quality": "shapefile",
        "overlap_plan_names": [],
        "geometry_source": "projector_official_layer3",
        "marker_kind": "road_segment",
        "is_shp_only": true,
        "shp_hierarchy": "מקומי",
        "shp_oneway": "חד סטרי",
        "shp_calming": "כן",
        "shp_path_kind": "כביש",
        "shp_element": "2: מדרכה + מיסעה",
        "shp_essence": "עיבוי רשת הדרכים",
        "display_point": [
          35.1998327,
          31.7572337
        ]
      }
    },
    {
      "type": "Feature",
      "geometry": {
        "type": "LineString",
        "coordinates": [
          [
            35.2000138,
            31.7582957
          ],
          [
            35.2000818,
            31.7582097
          ],
          [
            35.2000988,
            31.7581697
          ],
          [
            35.2000578,
            31.7580157
          ],
          [
            35.1999978,
            31.7579067
          ],
          [
            35.1999247,
            31.7576007
          ],
          [
            35.1998567,
            31.7571967
          ],
          [
            35.1998687,
            31.7563657
          ]
        ]
      },
      "properties": {
        "project_id": "c63b393d9313",
        "domain": "transport",
        "domain_he": "תנועה",
        "service_he": "עיבוי רשת הדרכים",
        "service_key": "extra:transport",
        "project_name": "עיבוי רשת דרכים גונן ה' - 3",
        "project_num": "146020",
        "description": "עיבוי רשת הדרכים · עיבוי רשת הדרכים בגונן ה', הוספת דרכים מוטוריות מקומיות לתנועה מקומית חד סטרית ממותנת תנועה. · 2: מדרכה + מיסעה",
        "units_label": "קומפלט",
        "units_required": 1,
        "plan_number": null,
        "plan_raw": null,
        "plan_status": "טרם תכנון",
        "year_planning": null,
        "year_execution": null,
        "chumash": 3,
        "chumash_raw": "3 - 2036-2040",
        "sub_neighborhood": "גוננים א-ו",
        "location_id": null,
        "managing_body": "",
        "estimate_nis": null,
        "pdf_link": "",
        "pdf_excerpt": null,
        "match_quality": "shapefile",
        "overlap_plan_names": [],
        "geometry_source": "projector_official_layer3",
        "marker_kind": "road_segment",
        "is_shp_only": true,
        "shp_hierarchy": "מקומי",
        "shp_oneway": "חד סטרי",
        "shp_calming": "כן",
        "shp_path_kind": "כביש",
        "shp_element": "2: מדרכה + מיסעה",
        "shp_essence": "עיבוי רשת הדרכים",
        "display_point": [
          35.1998841,
          31.7573595
        ]
      }
    },
    {
      "type": "Feature",
      "geometry": {
        "type": "LineString",
        "coordinates": [
          [
            35.2044657,
            31.757693
          ],
          [
            35.2037205,
            31.7577747
          ],
          [
            35.2030137,
            31.7576727
          ],
          [
            35.2021837,
            31.7576367
          ]
        ]
      },
      "properties": {
        "project_id": "5ab14e32f65a",
        "domain": "transport",
        "domain_he": "תנועה",
        "service_he": "עיבוי רשת הדרכים",
        "service_key": "extra:transport",
        "project_name": "עיבוי רשת דרכים גונן ה' - 5",
        "project_num": "146022",
        "description": "עיבוי רשת הדרכים · עיבוי רשת הדרכים בגונן ה', הוספת דרכים מוטוריות מקומיות לתנועה מקומית חד סטרית ממותנת תנועה. · 2: מדרכה + מיסעה",
        "units_label": "קומפלט",
        "units_required": 1,
        "plan_number": null,
        "plan_raw": null,
        "plan_status": "טרם תכנון",
        "year_planning": null,
        "year_execution": null,
        "chumash": 3,
        "chumash_raw": "3 - 2036-2040",
        "sub_neighborhood": "גוננים א-ו",
        "location_id": null,
        "managing_body": "",
        "estimate_nis": null,
        "pdf_link": "",
        "pdf_excerpt": null,
        "match_quality": "shapefile",
        "overlap_plan_names": [],
        "geometry_source": "projector_official_layer3",
        "marker_kind": "road_segment",
        "is_shp_only": true,
        "shp_hierarchy": "מקומי",
        "shp_oneway": "חד סטרי",
        "shp_calming": "כן",
        "shp_path_kind": "כביש",
        "shp_element": "2: מדרכה + מיסעה",
        "shp_essence": "עיבוי רשת הדרכים",
        "display_point": [
          35.203327,
          31.7577179
        ]
      }
    },
    {
      "type": "Feature",
      "geometry": {
        "type": "LineString",
        "coordinates": [
          [
            35.2055962,
            31.7567686
          ],
          [
            35.2044657,
            31.757693
          ]
        ]
      },
      "properties": {
        "project_id": "536cc378c0c0",
        "domain": "transport",
        "domain_he": "תנועה",
        "service_he": "רה-תכנון",
        "service_key": "extra:transport",
        "project_name": "תכנון מחדש בבלוק בן בבא-בן טבאי\n- 1",
        "project_num": "146023",
        "description": "רה-תכנון · יצירת רשת רחובות חדשה בתוך הבלוק באמצעות יצירת דרך מוטורית בין רחוב בן בבא לבני בתירא. · 2: מדרכה + מיסעה",
        "units_label": "קומפלט",
        "units_required": 1,
        "plan_number": null,
        "plan_raw": null,
        "plan_status": "טרם תכנון",
        "year_planning": null,
        "year_execution": null,
        "chumash": 3,
        "chumash_raw": "3 - 2036-2040",
        "sub_neighborhood": "גוננים א-ו",
        "location_id": null,
        "managing_body": "",
        "estimate_nis": null,
        "pdf_link": "",
        "pdf_excerpt": null,
        "match_quality": "shapefile",
        "overlap_plan_names": [],
        "geometry_source": "projector_official_layer3",
        "marker_kind": "road_segment",
        "is_shp_only": true,
        "shp_hierarchy": "מקומי",
        "shp_oneway": "דו סטרי",
        "shp_calming": "כן",
        "shp_path_kind": "כביש",
        "shp_element": "2: מדרכה + מיסעה",
        "shp_essence": "רה-תכנון",
        "display_point": [
          35.205031,
          31.7572308
        ]
      }
    },
    {
      "type": "Feature",
      "geometry": {
        "type": "LineString",
        "coordinates": [
          [
            35.2041557,
            31.7562647
          ],
          [
            35.2059398,
            31.7578557
          ]
        ]
      },
      "properties": {
        "project_id": "b1fe321d18c4",
        "domain": "transport",
        "domain_he": "תנועה",
        "service_he": "רה-תכנון",
        "service_key": "extra:transport",
        "project_name": "תכנון מחדש בבלוק בן בבא-בן טבאי\n- 2",
        "project_num": "146024",
        "description": "רה-תכנון · NULL יצירת רשת רחובות חדשה בתוך הבלוק באמצעות יצירת דרך מוטורית בין רחוב בן זכאי לבני בתירא דרך רחוב בן טבאי · 2: מדרכה + מיסעה",
        "units_label": "קומפלט",
        "units_required": 1,
        "plan_number": null,
        "plan_raw": null,
        "plan_status": "טרם תכנון",
        "year_planning": null,
        "year_execution": null,
        "chumash": 3,
        "chumash_raw": "3 - 2036-2040",
        "sub_neighborhood": "גוננים א-ו",
        "location_id": null,
        "managing_body": "",
        "estimate_nis": null,
        "pdf_link": "",
        "pdf_excerpt": null,
        "match_quality": "shapefile",
        "overlap_plan_names": [],
        "geometry_source": "projector_official_layer3",
        "marker_kind": "road_segment",
        "is_shp_only": true,
        "shp_hierarchy": "מקומי",
        "shp_oneway": "דו סטרי",
        "shp_calming": "כן",
        "shp_path_kind": "כביש",
        "shp_element": "2: מדרכה + מיסעה",
        "shp_essence": "רה-תכנון",
        "display_point": [
          35.2050478,
          31.7570602
        ]
      }
    },
    {
      "type": "Feature",
      "geometry": {
        "type": "LineString",
        "coordinates": [
          [
            35.2085807,
            31.7582956
          ],
          [
            35.2091117,
            31.7583205
          ],
          [
            35.2095597,
            31.7582286
          ],
          [
            35.2103147,
            31.7580126
          ]
        ]
      },
      "properties": {
        "project_id": "27f9f5885d01",
        "domain": "transport",
        "domain_he": "תנועה",
        "service_he": "רחוב חדש",
        "service_key": "extra:transport",
        "project_name": "טוביה בן חפץ - חיבור חדש לבן יועזר",
        "project_num": "146025",
        "description": "חיבור חדש · חיבור קצהו המזרחי של רחוב טוביה בן חפץ אל בן יועזר דרך אנטיגונס. נדרשת הסדרה סטטוטרית של המקטע. · 2: מדרכה + מיסעה",
        "units_label": "קומפלט",
        "units_required": 1,
        "plan_number": null,
        "plan_raw": null,
        "plan_status": "טרם תכנון",
        "year_planning": null,
        "year_execution": null,
        "chumash": 1,
        "chumash_raw": "1- 2025-2030",
        "sub_neighborhood": "גוננים א-ו",
        "location_id": null,
        "managing_body": "",
        "estimate_nis": null,
        "pdf_link": "",
        "pdf_excerpt": null,
        "match_quality": "shapefile",
        "overlap_plan_names": [],
        "geometry_source": "projector_official_layer3",
        "marker_kind": "road_segment",
        "is_shp_only": true,
        "shp_hierarchy": "מקומי",
        "shp_oneway": "חד סטרי",
        "shp_calming": "כן",
        "shp_path_kind": "כביש",
        "shp_element": "2: מדרכה + מיסעה",
        "shp_essence": "חיבור חדש",
        "tik_title": "שקופית 53: בן יועזר | סיכום מצב מוצע",
        "tik_pdf_name": "25-12-29 גוננים א-ו - תיק שכונה.pdf",
        "tik_page": 51,
        "tik_label": "תיק שכונה — גוננים א-ו",
        "tik_excerpt": "בן יועזר |סיכום מצב מוצע\nקונספט תכנוני\nטיפול מוצע\nמיתון תנועה\nמיתון תנועה מסוג ב '\n– \n מיסעה דו סטרית5.5\n מ '\nהליכתיות\nביטול רצועת חניה אחת לטובת הרחבת מדרכות.\nשתילת עצים ב\"אוזניים\" בין כל שתי חניות.\nתשתית רכיבה\nשלב א' - על בסיס מצב קיים: \nרכיבה משולבת, רמת הפרדה א'\nשלב ב '- אסטרטגי:\n סלילת שביל אופניים ברמת הפרדה ג'\n מיתון תנועה ורכיבה משותפת(שלב א') \n חתך מוצע15מ '(מצב קיים)\n תנועה דו סטרית +שביל אופניים ברמת הפרדה ג '(שלב ב')\n חתך מוצע18מ '(אסטרטגי)",
        "display_point": [
          35.20946,
          31.7582491
        ]
      }
    },
    {
      "type": "Feature",
      "geometry": {
        "type": "LineString",
        "coordinates": [
          [
            35.1982631,
            31.756546
          ],
          [
            35.1984831,
            31.7566399
          ],
          [
            35.1986515,
            31.7567163
          ],
          [
            35.1989058,
            31.7567809
          ],
          [
            35.1990227,
            31.7568015
          ]
        ]
      },
      "properties": {
        "project_id": "9dd0cfe3db01",
        "domain": "transport",
        "domain_he": "תנועה",
        "service_he": "רחוב חדש",
        "service_key": "extra:transport",
        "project_name": "מתחם בזק - חיבור חדש",
        "project_num": "146026",
        "description": "חיבור חדש · דרך מתחם בזק, פתיחת דרך מוטורית משולבת עבור מתן גישה למגיעים אל ניקנור מרחוב פת אשר נאלצים לבצע עיקוף משמעותי במצב הקיים. · 2: מדרכה + מיסעה",
        "units_label": "קומפלט",
        "units_required": 1,
        "plan_number": null,
        "plan_raw": null,
        "plan_status": "טרם תכנון",
        "year_planning": null,
        "year_execution": null,
        "chumash": 1,
        "chumash_raw": "1 - 2025-2030",
        "sub_neighborhood": "גוננים א-ו",
        "location_id": null,
        "managing_body": "",
        "estimate_nis": null,
        "pdf_link": "",
        "pdf_excerpt": null,
        "match_quality": "shapefile",
        "overlap_plan_names": [],
        "geometry_source": "projector_official_layer3",
        "marker_kind": "road_segment",
        "is_shp_only": true,
        "shp_hierarchy": "מקומי",
        "shp_oneway": "חד סטרי",
        "shp_calming": "כן",
        "shp_path_kind": "כביש",
        "shp_element": "2: מדרכה + מיסעה",
        "shp_essence": "חיבור חדש",
        "display_point": [
          35.1986319,
          31.7567074
        ]
      }
    },
    {
      "type": "Feature",
      "geometry": {
        "type": "LineString",
        "coordinates": [
          [
            35.2062401,
            31.7558399
          ],
          [
            35.2067614,
            31.7554387
          ],
          [
            35.2070086,
            31.7552495
          ],
          [
            35.2071302,
            31.7551715
          ]
        ]
      },
      "properties": {
        "project_id": "5fb149e72abd",
        "domain": "transport",
        "domain_he": "תנועה",
        "service_he": "פרוייקט תנועה",
        "service_key": "extra:transport",
        "project_name": "שביל ה\"ר מפארק המסילה לבן זכאי",
        "project_num": "146100",
        "description": "מקטע חסר להשלמה והסדרה עבור יצירת שביל הליכה רציף בין בן זכאי לפארק המסילה",
        "units_label": "קומפלט",
        "units_required": 1,
        "plan_number": null,
        "plan_raw": null,
        "plan_status": "טרם תכנון",
        "year_planning": null,
        "year_execution": null,
        "chumash": 1,
        "chumash_raw": "1- 2025-2030",
        "sub_neighborhood": "גוננים א-ו",
        "location_id": null,
        "managing_body": "",
        "estimate_nis": null,
        "pdf_link": "",
        "pdf_excerpt": null,
        "match_quality": "shapefile",
        "overlap_plan_names": [],
        "geometry_source": "projector_official_layer3",
        "marker_kind": "road_segment",
        "is_shp_only": true,
        "shp_hierarchy": "-",
        "shp_oneway": "-",
        "shp_calming": "-",
        "shp_path_kind": "שביל הליכה",
        "shp_park_s": "-",
        "shp_park_e": "-",
        "shp_park_w": "-",
        "tik_title": "שקופית 49: בן זכאי | מתוכנן",
        "tik_pdf_name": "25-12-29 גוננים א-ו - תיק שכונה.pdf",
        "tik_page": 47,
        "tik_label": "תיק שכונה — גוננים א-ו",
        "tik_excerpt": "בן זכאי |מתוכנן",
        "display_point": [
          35.2066813,
          31.7555003
        ]
      }
    },
    {
      "type": "Feature",
      "geometry": {
        "type": "LineString",
        "coordinates": [
          [
            35.2085828,
            31.7582418
          ],
          [
            35.2088218,
            31.7580806
          ],
          [
            35.2088382,
            31.7578073
          ]
        ]
      },
      "properties": {
        "project_id": "21689efd54b5",
        "domain": "transport",
        "domain_he": "תנועה",
        "service_he": "רחוב חדש",
        "service_key": "extra:transport",
        "project_name": "טוביה בן חפץ - חיבור חדש לאנטיגונס",
        "project_num": "146000",
        "description": "חיבור חדש · חיבור טוביה בן חפץ בחיבור חסר במצב הקיים אל רחוב אנטיגונס · 2: מדרכה + מיסעה",
        "units_label": "קומפלט",
        "units_required": 1,
        "plan_number": null,
        "plan_raw": null,
        "plan_status": "טרם תכנון",
        "year_planning": null,
        "year_execution": null,
        "chumash": 1,
        "chumash_raw": "1- 2025-2030",
        "sub_neighborhood": "גוננים א-ו",
        "location_id": null,
        "managing_body": "",
        "estimate_nis": null,
        "pdf_link": "-",
        "pdf_excerpt": null,
        "match_quality": "shapefile",
        "overlap_plan_names": [],
        "geometry_source": "projector_official_layer3",
        "marker_kind": "road_segment",
        "is_shp_only": true,
        "shp_hierarchy": "מקומי",
        "shp_oneway": "חד סטרי",
        "shp_calming": "כן",
        "shp_path_kind": "כביש",
        "shp_element": "2: מדרכה + מיסעה",
        "shp_essence": "חיבור חדש",
        "shp_park_n": "-",
        "shp_park_s": "-",
        "shp_park_e": "-",
        "shp_park_w": "-",
        "tik_title": "שקופית 56: אנטיגונס | מצב מוצע",
        "tik_pdf_name": "25-12-29 גוננים א-ו - תיק שכונה.pdf",
        "tik_page": 54,
        "tik_label": "תיק שכונה — גוננים א-ו",
        "tik_excerpt": "אנטיגונס |\n מצב מוצע\n חתך מיתון תנועה–\n12מ'\nקונספט ת כנוני\nטיפול מוצע\n רחוב מקומי\n בקרבה למוס דת\nחינוך ותח\"צ\nמצב קיים :מיתון תנועה מסוג ב '\n– \n מיסעה חד\n סטרית– \n3.5\n מ'\nהלכתיות\nטיפול במדרכות, נטיעות עצים ב\"אוזניים\" בין כל \nשתי חניות. \nתשתית רכיבה\nרכיבה משולבת במיתון תנועה \nמיתון תנועה ורכיבה משותפת כולל רצועת חניה\n חתך מוצע12מ '(מצב קיים)",
        "display_point": [
          35.2088158,
          31.7580847
        ]
      }
    },
    {
      "type": "Feature",
      "geometry": {
        "type": "LineString",
        "coordinates": [
          [
            35.2096227,
            31.7585286
          ],
          [
            35.2095477,
            31.7590636
          ]
        ]
      },
      "properties": {
        "project_id": "0f4c8370a1f7",
        "domain": "transport",
        "domain_he": "תנועה",
        "service_he": "יציאה חדשה מהשכונה",
        "service_key": "extra:transport",
        "project_name": "אנטיגונס - חיבור לבן זכאי",
        "project_num": "146001",
        "description": "יציאה חדשה מהשכונה · חלקו הזרחי של רחוב אנטיגונס, מקטע ללא מוצא משמש לחניה. פתיחת הרחוב כך שיתחבר לבן זכאי ויאפשר יציאה",
        "units_label": "קומפלט",
        "units_required": 1,
        "plan_number": null,
        "plan_raw": null,
        "plan_status": "טרום תכנון",
        "year_planning": null,
        "year_execution": null,
        "chumash": 2,
        "chumash_raw": "2 - 2031-2035",
        "sub_neighborhood": "גוננים א-ו",
        "location_id": null,
        "managing_body": "",
        "estimate_nis": null,
        "pdf_link": "",
        "pdf_excerpt": null,
        "match_quality": "shapefile",
        "overlap_plan_names": [],
        "geometry_source": "projector_official_layer3",
        "marker_kind": "road_segment",
        "is_shp_only": true,
        "shp_hierarchy": "מקומי",
        "shp_oneway": "חד סטרי",
        "shp_calming": "כן",
        "shp_path_kind": "כביש",
        "shp_essence": "יציאה חדשה מהשכונה",
        "shp_park_n": "מגרש חניה",
        "shp_park_s": "מגרש חניה",
        "shp_park_e": "מגרש חניה",
        "shp_park_w": "מגרש חניה",
        "tik_title": "שקופית 56: אנטיגונס | מצב מוצע",
        "tik_pdf_name": "25-12-29 גוננים א-ו - תיק שכונה.pdf",
        "tik_page": 54,
        "tik_label": "תיק שכונה — גוננים א-ו",
        "tik_excerpt": "אנטיגונס |\n מצב מוצע\n חתך מיתון תנועה–\n12מ'\nקונספט ת כנוני\nטיפול מוצע\n רחוב מקומי\n בקרבה למוס דת\nחינוך ותח\"צ\nמצב קיים :מיתון תנועה מסוג ב '\n– \n מיסעה חד\n סטרית– \n3.5\n מ'\nהלכתיות\nטיפול במדרכות, נטיעות עצים ב\"אוזניים\" בין כל \nשתי חניות. \nתשתית רכיבה\nרכיבה משולבת במיתון תנועה \nמיתון תנועה ורכיבה משותפת כולל רצועת חניה\n חתך מוצע12מ '(מצב קיים)",
        "display_point": [
          35.2095852,
          31.7587961
        ]
      }
    },
    {
      "type": "Feature",
      "geometry": {
        "type": "LineString",
        "coordinates": [
          [
            35.2019707,
            31.7523507
          ],
          [
            35.2024717,
            31.7528817
          ]
        ]
      },
      "properties": {
        "project_id": "709eb47f8894",
        "domain": "transport",
        "domain_he": "תנועה",
        "service_he": "רחוב חדש",
        "service_key": "extra:transport",
        "project_name": "קנאי הגליל - חיבור מוטורי חדש לאלכסנדריון",
        "project_num": "416002",
        "description": "חיבור חדש · הוספת חיבור מוטורי המשכי לחיבור קיים בין ניתאי הארבלי לקנאי הגליל, עבור פיזור תנועות מקומיות ברחובות חד סטריים · 2: מדרכה + מיסעה",
        "units_label": "קומפלט",
        "units_required": 1,
        "plan_number": null,
        "plan_raw": null,
        "plan_status": "טרום תכנון",
        "year_planning": null,
        "year_execution": null,
        "chumash": 2,
        "chumash_raw": "2 - 2031-2035",
        "sub_neighborhood": "גוננים א-ו",
        "location_id": null,
        "managing_body": "",
        "estimate_nis": null,
        "pdf_link": "",
        "pdf_excerpt": null,
        "match_quality": "shapefile",
        "overlap_plan_names": [],
        "geometry_source": "projector_official_layer3",
        "marker_kind": "road_segment",
        "is_shp_only": true,
        "shp_hierarchy": "מקומי",
        "shp_oneway": "דו סטרי",
        "shp_calming": "כן",
        "shp_path_kind": "כביש",
        "shp_element": "2: מדרכה + מיסעה",
        "shp_essence": "חיבור חדש",
        "shp_park_n": "-",
        "shp_park_s": "-",
        "shp_park_e": "-",
        "shp_park_w": "-",
        "tik_title": "שקופית 63: קנאי הגליל| סיכום מצב מוצע",
        "tik_pdf_name": "25-12-29 גוננים א-ו - תיק שכונה.pdf",
        "tik_page": 61,
        "tik_label": "תיק שכונה — גוננים א-ו",
        "tik_excerpt": "קונספט ת כנוני\nטיפול מוצע\nמיתון תנועה\nשלב א '\n– על בסיס מצב קיים :\nמיתון תנועה מסוג ב '\n– \n מיסעה דו סטרית5.5\n מ '\nהלכתיות\nהרחבת מדרכות.\nנטיעות עצים ב\"אוזניים\" בין כל שתי חניות.\nתשתית רכיבה\nשלב א' - על בסיס מצב קיים: \nרכיבה משולבת, רמת הפרדה א'\nשלב ב '- אסטרטגי:\n סלילת שביל אופניים ברמת הפרדה ג'\nקנאי הגליל |סיכום מצב מוצע\n חתך מוצע12מ '\n–שלב א ,'זכות דרך קיימת\nמיתון תנועה ורכיבה משותפת \n חתך מוצע16מ '\n–שלב ב'\n תנועה דו סטרית ללא חניה +שביל אופניים ברמת הפרדה ג'\n חתך מתוך הנחיות לתכנון\n רחובות ממותני תנועה-דו סטרי\nכולל חניה ותח\"\n צ–\n16מ'",
        "display_point": [
          35.2022212,
          31.7526162
        ]
      }
    },
    {
      "type": "Feature",
      "geometry": {
        "type": "LineString",
        "coordinates": [
          [
            35.1990097,
            31.7568587
          ],
          [
            35.1998716,
            31.7568837
          ],
          [
            35.2005107,
            31.7568167
          ]
        ]
      },
      "properties": {
        "project_id": "e310d9d6a8fd",
        "domain": "transport",
        "domain_he": "תנועה",
        "service_he": "שביל חדש",
        "service_key": "extra:transport",
        "project_name": "עיבוי רשת הליכה גונן ה' - 1",
        "project_num": "146003",
        "description": "שביל חדש · הוספת שבילים לחיבור בין מעברים קיימים עבור עיבוי רשת ההליכה וקישוריות לתחנות רקל ומוסדות ציבור · 1 : מדרכה בלבד",
        "units_label": "קומפלט",
        "units_required": 1,
        "plan_number": null,
        "plan_raw": null,
        "plan_status": "טרם תכנון",
        "year_planning": null,
        "year_execution": null,
        "chumash": 3,
        "chumash_raw": "3 - 2036-2040",
        "sub_neighborhood": "גוננים א-ו",
        "location_id": null,
        "managing_body": "",
        "estimate_nis": null,
        "pdf_link": "",
        "pdf_excerpt": null,
        "match_quality": "shapefile",
        "overlap_plan_names": [],
        "geometry_source": "projector_official_layer3",
        "marker_kind": "road_segment",
        "is_shp_only": true,
        "shp_hierarchy": "-",
        "shp_oneway": "-",
        "shp_calming": "-",
        "shp_path_kind": "שביל הליכה",
        "shp_element": "1 : מדרכה בלבד",
        "shp_essence": "שביל חדש",
        "display_point": [
          35.1997618,
          31.7568805
        ]
      }
    },
    {
      "type": "Feature",
      "geometry": {
        "type": "LineString",
        "coordinates": [
          [
            35.2024628,
            31.7583077
          ],
          [
            35.2017978,
            31.7588747
          ]
        ]
      },
      "properties": {
        "project_id": "9d9a3b5771ca",
        "domain": "transport",
        "domain_he": "תנועה",
        "service_he": "שביל חדש",
        "service_key": "extra:transport",
        "project_name": "עיבוי רשת הליכה גונן ה' -2",
        "project_num": "146004",
        "description": "שביל חדש · הוספת שבילים לחיבור בין מעברים קיימים עבור עיבוי רשת ההליכה וקישוריות לתחנות רקל ומוסדות ציבור · 1 : מדרכה בלבד",
        "units_label": "קומפלט",
        "units_required": 1,
        "plan_number": null,
        "plan_raw": null,
        "plan_status": "טרם תכנון",
        "year_planning": null,
        "year_execution": null,
        "chumash": 3,
        "chumash_raw": "3 - 2036-2040",
        "sub_neighborhood": "גוננים א-ו",
        "location_id": null,
        "managing_body": "",
        "estimate_nis": null,
        "pdf_link": "",
        "pdf_excerpt": null,
        "match_quality": "shapefile",
        "overlap_plan_names": [],
        "geometry_source": "projector_official_layer3",
        "marker_kind": "road_segment",
        "is_shp_only": true,
        "shp_hierarchy": "-",
        "shp_oneway": "-",
        "shp_calming": "-",
        "shp_path_kind": "שביל הליכה",
        "shp_element": "1 : מדרכה בלבד",
        "shp_essence": "שביל חדש",
        "display_point": [
          35.2021303,
          31.7585912
        ]
      }
    },
    {
      "type": "Feature",
      "geometry": {
        "type": "LineString",
        "coordinates": [
          [
            35.2041887,
            31.7560027
          ],
          [
            35.2039537,
            31.7561007
          ]
        ]
      },
      "properties": {
        "project_id": "0efead691aa5",
        "domain": "transport",
        "domain_he": "תנועה",
        "service_he": "פרוייקט תנועה",
        "service_key": "extra:transport",
        "project_name": "מכוור - פריצת רחוב ללא מוצא",
        "project_num": "146005",
        "description": "פריצת מעבר מוטורי חסום בקצה רחוב מכוור וחיבורו לבני בתירא כך שיתאפשר חיבור ממכוור לבני בתירא, יציאה מהשכונה",
        "units_label": "קומפלט",
        "units_required": 1,
        "plan_number": null,
        "plan_raw": null,
        "plan_status": "טרם תכנון",
        "year_planning": null,
        "year_execution": null,
        "chumash": 1,
        "chumash_raw": "1 - 2025-2030",
        "sub_neighborhood": "גוננים א-ו",
        "location_id": null,
        "managing_body": "",
        "estimate_nis": null,
        "pdf_link": "",
        "pdf_excerpt": null,
        "match_quality": "shapefile",
        "overlap_plan_names": [],
        "geometry_source": "projector_official_layer3",
        "marker_kind": "road_segment",
        "is_shp_only": true,
        "shp_hierarchy": "מקומי",
        "shp_oneway": "חד סטרי",
        "shp_calming": "כן",
        "shp_path_kind": "כביש",
        "shp_park_n": "מגרש חניה",
        "shp_park_s": "מגרש חניה",
        "shp_park_e": "מגרש חניה",
        "shp_park_w": "מגרש חניה",
        "display_point": [
          35.2040712,
          31.7560517
        ]
      }
    },
    {
      "type": "Feature",
      "geometry": {
        "type": "LineString",
        "coordinates": [
          [
            35.2043357,
            31.7569557
          ],
          [
            35.2051427,
            31.7563737
          ]
        ]
      },
      "properties": {
        "project_id": "8e4cace10e00",
        "domain": "transport",
        "domain_he": "תנועה",
        "service_he": "פרוייקט תנועה",
        "service_key": "extra:transport",
        "project_name": "תוספת מעברי ה\"ר",
        "project_num": "146006",
        "description": "הסדרת שבילים חסרים קישוריות לרקל",
        "units_label": "קומפלט",
        "units_required": 1,
        "plan_number": null,
        "plan_raw": null,
        "plan_status": "טרם תכנון",
        "year_planning": null,
        "year_execution": null,
        "chumash": 3,
        "chumash_raw": "3 - 2036-2040",
        "sub_neighborhood": "גוננים א-ו",
        "location_id": null,
        "managing_body": "",
        "estimate_nis": null,
        "pdf_link": "",
        "pdf_excerpt": null,
        "match_quality": "shapefile",
        "overlap_plan_names": [],
        "geometry_source": "projector_official_layer3",
        "marker_kind": "road_segment",
        "is_shp_only": true,
        "shp_hierarchy": "-",
        "shp_oneway": "-",
        "shp_calming": "-",
        "shp_path_kind": "שביל הליכה",
        "display_point": [
          35.2047392,
          31.7566647
        ]
      }
    },
    {
      "type": "Feature",
      "geometry": {
        "type": "LineString",
        "coordinates": [
          [
            35.2077109,
            31.7566109
          ],
          [
            35.2083945,
            31.7571444
          ],
          [
            35.2084413,
            31.7571816
          ],
          [
            35.2085668,
            31.7572001
          ],
          [
            35.2086147,
            31.7571986
          ]
        ]
      },
      "properties": {
        "project_id": "6c357a3bad61",
        "domain": "transport",
        "domain_he": "תנועה",
        "service_he": "פרוייקט תנועה",
        "service_key": "extra:transport",
        "project_name": "השלמת מעבר חסר",
        "project_num": "146008",
        "description": "השלמת שבילים חסרים ליצירת מערך שבילים מקושר",
        "units_label": "קומפלט",
        "units_required": 1,
        "plan_number": null,
        "plan_raw": null,
        "plan_status": "טרום תכנון",
        "year_planning": null,
        "year_execution": null,
        "chumash": 2,
        "chumash_raw": "2 - 2031-2035",
        "sub_neighborhood": "גוננים א-ו",
        "location_id": null,
        "managing_body": "",
        "estimate_nis": null,
        "pdf_link": "",
        "pdf_excerpt": null,
        "match_quality": "shapefile",
        "overlap_plan_names": [],
        "geometry_source": "projector_official_layer3",
        "marker_kind": "road_segment",
        "is_shp_only": true,
        "shp_hierarchy": "-",
        "shp_oneway": "-",
        "shp_calming": "-",
        "shp_path_kind": "שביל הליכה",
        "shp_park_n": "-",
        "shp_park_s": "-",
        "shp_park_e": "-",
        "shp_park_w": "-",
        "display_point": [
          35.2081452,
          31.7569498
        ]
      }
    },
    {
      "type": "Feature",
      "geometry": {
        "type": "LineString",
        "coordinates": [
          [
            35.2004487,
            31.7515937
          ],
          [
            35.2004217,
            31.7515807
          ],
          [
            35.2004007,
            31.7515747
          ],
          [
            35.2003787,
            31.7515727
          ],
          [
            35.2003547,
            31.7515727
          ],
          [
            35.2001727,
            31.7516307
          ],
          [
            35.1999987,
            31.7516877
          ],
          [
            35.1998507,
            31.7517387
          ],
          [
            35.1998037,
            31.7517457
          ],
          [
            35.1997217,
            31.7517417
          ],
          [
            35.1996847,
            31.7517337
          ],
          [
            35.1996657,
            31.7517287
          ],
          [
            35.1994647,
            31.7516027
          ]
        ]
      },
      "properties": {
        "project_id": "bfbcce1c61d4",
        "domain": "transport",
        "domain_he": "תנועה",
        "service_he": "פרוייקט תנועה",
        "service_key": "extra:transport",
        "project_name": "הסטת רחוב בעהם",
        "project_num": "146190",
        "description": "רחוב ללא מוצא, גישה לחניונים ובתי ספר",
        "units_label": "קומפלט",
        "units_required": 1,
        "plan_number": null,
        "plan_raw": null,
        "plan_status": null,
        "year_planning": null,
        "year_execution": null,
        "chumash": null,
        "chumash_raw": "",
        "sub_neighborhood": "פת",
        "location_id": null,
        "managing_body": null,
        "estimate_nis": null,
        "pdf_link": null,
        "pdf_excerpt": null,
        "match_quality": "shapefile",
        "overlap_plan_names": [],
        "geometry_source": "projector_official_layer1",
        "marker_kind": "road_segment",
        "is_shp_only": true,
        "shp_hierarchy": "מקומי",
        "shp_oneway": "דו סטרי",
        "shp_calming": "לא",
        "shp_lanes": 2,
        "shp_row_m": "14.5",
        "shp_path_kind": "כביש",
        "display_point": [
          35.1999472,
          31.7517054
        ]
      }
    },
    {
      "type": "Feature",
      "geometry": {
        "type": "MultiLineString",
        "coordinates": [
          [
            [
              35.2047857,
              31.7517027
            ],
            [
              35.2048677,
              31.7517897
            ],
            [
              35.2049287,
              31.7518537
            ],
            [
              35.2049697,
              31.7518937
            ],
            [
              35.2050107,
              31.7519297
            ],
            [
              35.2051037,
              31.7520047
            ],
            [
              35.2051957,
              31.7520757
            ],
            [
              35.2054777,
              31.7522767
            ],
            [
              35.2059297,
              31.7526697
            ],
            [
              35.2060207,
              31.7527657
            ],
            [
              35.2060707,
              31.7528427
            ],
            [
              35.2061687,
              31.7529857
            ],
            [
              35.2062877,
              31.7531767
            ],
            [
              35.2063627,
              31.7533317
            ],
            [
              35.2064167,
              31.7534567
            ],
            [
              35.2065417,
              31.7536747
            ],
            [
              35.2065537,
              31.7536817
            ],
            [
              35.2065677,
              31.7536937
            ],
            [
              35.2065767,
              31.7537037
            ],
            [
              35.2065867,
              31.7537207
            ],
            [
              35.2065937,
              31.7537397
            ],
            [
              35.2065967,
              31.7537597
            ],
            [
              35.2065977,
              31.7537817
            ],
            [
              35.2065947,
              31.7537967
            ],
            [
              35.2065927,
              31.7538097
            ],
            [
              35.2065847,
              31.7538307
            ],
            [
              35.2066337,
              31.7540297
            ],
            [
              35.2065897,
              31.7539737
            ],
            [
              35.2065727,
              31.7539547
            ],
            [
              35.2065517,
              31.7539337
            ],
            [
              35.2065017,
              31.7538967
            ],
            [
              35.2064847,
              31.7538977
            ],
            [
              35.2064667,
              31.7538947
            ],
            [
              35.2064497,
              31.7538887
            ],
            [
              35.2064377,
              31.7538807
            ],
            [
              35.2064257,
              31.7538697
            ],
            [
              35.2064177,
              31.7538597
            ],
            [
              35.2064107,
              31.7538477
            ],
            [
              35.2064027,
              31.7538297
            ],
            [
              35.2063987,
              31.7538087
            ],
            [
              35.2063977,
              31.7537947
            ],
            [
              35.2063997,
              31.7537737
            ],
            [
              35.2064027,
              31.7537587
            ],
            [
              35.2064067,
              31.7537457
            ],
            [
              35.2064127,
              31.7537327
            ],
            [
              35.2064197,
              31.7537197
            ],
            [
              35.2064307,
              31.7537057
            ],
            [
              35.2064427,
              31.7536937
            ],
            [
              35.2064527,
              31.7536857
            ],
            [
              35.2064647,
              31.7536787
            ],
            [
              35.2064827,
              31.7536717
            ],
            [
              35.2064997,
              31.7536687
            ],
            [
              35.2065137,
              31.7536677
            ],
            [
              35.2065257,
              31.7536697
            ],
            [
              35.2065417,
              31.7536747
            ]
          ],
          [
            [
              35.2048517,
              31.7508377
            ],
            [
              35.2047757,
              31.7510437
            ],
            [
              35.2047567,
              31.7510967
            ],
            [
              35.2047117,
              31.7512347
            ],
            [
              35.2047017,
              31.7512777
            ],
            [
              35.2046967,
              31.7513237
            ],
            [
              35.2046947,
              31.7513597
            ],
            [
              35.2047007,
              31.7514347
            ],
            [
              35.2047137,
              31.7514827
            ],
            [
              35.2047857,
              31.7517027
            ],
            [
              35.2046947,
              31.7516207
            ],
            [
              35.2046477,
              31.7515747
            ],
            [
              35.2045887,
              31.7515067
            ],
            [
              35.2045807,
              31.7514587
            ],
            [
              35.2045767,
              31.7514297
            ],
            [
              35.2045727,
              31.7513737
            ],
            [
              35.2045717,
              31.7512997
            ],
            [
              35.2045747,
              31.7512587
            ],
            [
              35.2045807,
              31.7512177
            ],
            [
              35.2046327,
              31.7510737
            ],
            [
              35.2047277,
              31.7508367
            ]
          ],
          [
            [
              35.2064167,
              31.7534567
            ],
            [
              35.2064307,
              31.7537057
            ]
          ],
          [
            [
              35.2065017,
              31.7538967
            ],
            [
              35.2065157,
              31.7538937
            ],
            [
              35.2065277,
              31.7538887
            ],
            [
              35.2065507,
              31.7538747
            ],
            [
              35.2065697,
              31.7538547
            ],
            [
              35.2065847,
              31.7538307
            ]
          ],
          [
            [
              35.2066337,
              31.7540297
            ],
            [
              35.2068317,
              31.7546017
            ],
            [
              35.2068597,
              31.7546737
            ],
            [
              35.2069017,
              31.7547727
            ],
            [
              35.2069367,
              31.7548527
            ],
            [
              35.2069737,
              31.7549237
            ],
            [
              35.2070527,
              31.7550647
            ],
            [
              35.2071357,
              31.7551857
            ],
            [
              35.2072307,
              31.7553227
            ],
            [
              35.2074517,
              31.7555777
            ],
            [
              35.2075397,
              31.7556727
            ],
            [
              35.2076017,
              31.7557337
            ],
            [
              35.2076837,
              31.7558097
            ],
            [
              35.2077687,
              31.7558837
            ],
            [
              35.2078347,
              31.7559317
            ],
            [
              35.2080347,
              31.7560767
            ],
            [
              35.2081927,
              31.7561827
            ],
            [
              35.2088417,
              31.7566106
            ],
            [
              35.2090947,
              31.7567776
            ],
            [
              35.2092287,
              31.7568646
            ],
            [
              35.2093527,
              31.7569566
            ],
            [
              35.2094327,
              31.7570186
            ],
            [
              35.2095597,
              31.7571296
            ],
            [
              35.2097117,
              31.7572876
            ],
            [
              35.2098447,
              31.7574416
            ],
            [
              35.2099737,
              31.7576146
            ],
            [
              35.2102447,
              31.7579226
            ],
            [
              35.2103147,
              31.7580126
            ],
            [
              35.2103357,
              31.7580736
            ],
            [
              35.2103737,
              31.7581996
            ],
            [
              35.2103877,
              31.7582656
            ],
            [
              35.2104107,
              31.7584576
            ],
            [
              35.2104647,
              31.7589966
            ],
            [
              35.2104627,
              31.7590046
            ],
            [
              35.2104137,
              31.7591306
            ]
          ],
          [
            [
              35.2104647,
              31.7589966
            ],
            [
              35.2104677,
              31.7590046
            ],
            [
              35.2105357,
              31.7591466
            ]
          ]
        ]
      },
      "properties": {
        "project_id": "62c784ac969e",
        "domain": "transport",
        "domain_he": "תנועה",
        "service_he": "פרוייקט תנועה",
        "service_key": "extra:transport",
        "project_name": "בן יועזר - מיתון תנועה",
        "project_num": "146183",
        "description": "שלב 1 - הרחבת מדרכות, מיתון תנועה ורכיבה משותפת",
        "units_label": "קומפלט",
        "units_required": 1,
        "plan_number": null,
        "plan_raw": null,
        "plan_status": null,
        "year_planning": null,
        "year_execution": null,
        "chumash": null,
        "chumash_raw": "",
        "sub_neighborhood": "גוננים א-ו",
        "location_id": null,
        "managing_body": null,
        "estimate_nis": null,
        "pdf_link": null,
        "pdf_excerpt": null,
        "match_quality": "shapefile",
        "overlap_plan_names": [],
        "geometry_source": "projector_official_layer1",
        "marker_kind": "road_segment",
        "is_shp_only": true,
        "shp_hierarchy": "מאסף",
        "shp_oneway": "דו סטרי",
        "shp_calming": "לא",
        "shp_lanes": 2,
        "shp_row_m": "14.5",
        "shp_path_kind": "כביש",
        "tik_title": "שקופית 53: בן יועזר | סיכום מצב מוצע",
        "tik_pdf_name": "25-12-29 גוננים א-ו - תיק שכונה.pdf",
        "tik_page": 51,
        "tik_label": "תיק שכונה — גוננים א-ו",
        "tik_excerpt": "בן יועזר |סיכום מצב מוצע\nקונספט תכנוני\nטיפול מוצע\nמיתון תנועה\nמיתון תנועה מסוג ב '\n– \n מיסעה דו סטרית5.5\n מ '\nהליכתיות\nביטול רצועת חניה אחת לטובת הרחבת מדרכות.\nשתילת עצים ב\"אוזניים\" בין כל שתי חניות.\nתשתית רכיבה\nשלב א' - על בסיס מצב קיים: \nרכיבה משולבת, רמת הפרדה א'\nשלב ב '- אסטרטגי:\n סלילת שביל אופניים ברמת הפרדה ג'\n מיתון תנועה ורכיבה משותפת(שלב א') \n חתך מוצע15מ '(מצב קיים)\n תנועה דו סטרית +שביל אופניים ברמת הפרדה ג '(שלב ב')\n חתך מוצע18מ '(אסטרטגי)",
        "display_point": [
          35.2067945,
          31.7544943
        ]
      }
    },
    {
      "type": "Feature",
      "geometry": {
        "type": "MultiLineString",
        "coordinates": [
          [
            [
              35.1998747,
              31.7563027
            ],
            [
              35.1999367,
              31.7559887
            ],
            [
              35.1999847,
              31.7558017
            ],
            [
              35.2001737,
              31.7550727
            ],
            [
              35.2002727,
              31.7547617
            ],
            [
              35.2004637,
              31.7542687
            ],
            [
              35.2005447,
              31.7540767
            ],
            [
              35.2006407,
              31.7538797
            ],
            [
              35.2006957,
              31.7537787
            ],
            [
              35.2007567,
              31.7536817
            ],
            [
              35.2008407,
              31.7535547
            ],
            [
              35.2010687,
              31.7532377
            ],
            [
              35.2011477,
              31.7531397
            ],
            [
              35.2012987,
              31.7529617
            ],
            [
              35.2013887,
              31.7528647
            ],
            [
              35.2015257,
              31.7527227
            ],
            [
              35.2016997,
              31.7525617
            ],
            [
              35.2017837,
              31.7524897
            ],
            [
              35.2018667,
              31.7524237
            ],
            [
              35.2019707,
              31.7523507
            ],
            [
              35.2021077,
              31.7522547
            ],
            [
              35.2021977,
              31.7521937
            ],
            [
              35.2022907,
              31.7521357
            ],
            [
              35.2024057,
              31.7520707
            ],
            [
              35.2025237,
              31.7520147
            ],
            [
              35.2026397,
              31.7519637
            ],
            [
              35.2027457,
              31.7519217
            ],
            [
              35.2028237,
              31.7518927
            ],
            [
              35.2030807,
              31.7518127
            ],
            [
              35.2031777,
              31.7517887
            ],
            [
              35.2034007,
              31.7517487
            ],
            [
              35.2037767,
              31.7516897
            ],
            [
              35.2038337,
              31.7516807
            ],
            [
              35.2039017,
              31.7516667
            ],
            [
              35.2039797,
              31.7516447
            ],
            [
              35.2043577,
              31.7515307
            ],
            [
              35.2044887,
              31.7514767
            ],
            [
              35.2045807,
              31.7514587
            ]
          ],
          [
            [
              35.2045887,
              31.7515067
            ],
            [
              35.2045127,
              31.7515197
            ],
            [
              35.2043577,
              31.7515307
            ]
          ]
        ]
      },
      "properties": {
        "project_id": "e4c1875a12dd",
        "domain": "transport",
        "domain_he": "תנועה",
        "service_he": "פרוייקט תנועה",
        "service_key": "extra:transport",
        "project_name": "קנאי הגליל - מיתון תנועה",
        "project_num": "146101",
        "description": "שלב 1 - הרחבת מדרכות, מיתון תנועה ורכיבה משותפת",
        "units_label": "קומפלט",
        "units_required": 1,
        "plan_number": null,
        "plan_raw": null,
        "plan_status": null,
        "year_planning": null,
        "year_execution": null,
        "chumash": null,
        "chumash_raw": "",
        "sub_neighborhood": "גוננים א-ו",
        "location_id": null,
        "managing_body": null,
        "estimate_nis": null,
        "pdf_link": null,
        "pdf_excerpt": null,
        "match_quality": "shapefile",
        "overlap_plan_names": [],
        "geometry_source": "projector_official_layer1",
        "marker_kind": "road_segment",
        "is_shp_only": true,
        "shp_hierarchy": "מקומי",
        "shp_oneway": "דו סטרי",
        "shp_calming": "לא",
        "shp_lanes": 2,
        "shp_row_m": "12",
        "shp_path_kind": "כביש",
        "tik_title": "שקופית 63: קנאי הגליל| סיכום מצב מוצע",
        "tik_pdf_name": "25-12-29 גוננים א-ו - תיק שכונה.pdf",
        "tik_page": 61,
        "tik_label": "תיק שכונה — גוננים א-ו",
        "tik_excerpt": "קונספט ת כנוני\nטיפול מוצע\nמיתון תנועה\nשלב א '\n– על בסיס מצב קיים :\nמיתון תנועה מסוג ב '\n– \n מיסעה דו סטרית5.5\n מ '\nהלכתיות\nהרחבת מדרכות.\nנטיעות עצים ב\"אוזניים\" בין כל שתי חניות.\nתשתית רכיבה\nשלב א' - על בסיס מצב קיים: \nרכיבה משולבת, רמת הפרדה א'\nשלב ב '- אסטרטגי:\n סלילת שביל אופניים ברמת הפרדה ג'\nקנאי הגליל |סיכום מצב מוצע\n חתך מוצע12מ '\n–שלב א ,'זכות דרך קיימת\nמיתון תנועה ורכיבה משותפת \n חתך מוצע16מ '\n–שלב ב'\n תנועה דו סטרית ללא חניה +שביל אופניים ברמת הפרדה ג'\n חתך מתוך הנחיות לתכנון\n רחובות ממותני תנועה-דו סטרי\nכולל חניה ותח\"\n צ–\n16מ'",
        "display_point": [
          35.2013835,
          31.7528703
        ]
      }
    },
    {
      "type": "Feature",
      "geometry": {
        "type": "LineString",
        "coordinates": [
          [
            35.2013887,
            31.7528647
          ],
          [
            35.2011247,
            31.7526197
          ]
        ]
      },
      "properties": {
        "project_id": "4a171e071c33",
        "domain": "transport",
        "domain_he": "תנועה",
        "service_he": "פרוייקט תנועה",
        "service_key": "extra:transport",
        "project_name": "ניתאי הארבלי - הוספת חיבור מוטורי",
        "project_num": "146105",
        "description": "הוספת חיבורים מוטוריים בין ניתאי הארבלי לקנאי הגליל עבבור פיזור התנועה מרחוב צר (ניתאי הארבלי) המקבל תוספת גדולה של מקומות חניה",
        "units_label": "קומפלט",
        "units_required": 1,
        "plan_number": null,
        "plan_raw": null,
        "plan_status": null,
        "year_planning": null,
        "year_execution": null,
        "chumash": null,
        "chumash_raw": "",
        "sub_neighborhood": "גוננים א-ו",
        "location_id": null,
        "managing_body": null,
        "estimate_nis": null,
        "pdf_link": null,
        "pdf_excerpt": null,
        "match_quality": "shapefile",
        "overlap_plan_names": [],
        "geometry_source": "projector_official_layer1",
        "marker_kind": "road_segment",
        "is_shp_only": true,
        "shp_hierarchy": "מקומי",
        "shp_oneway": "חד סטרי",
        "shp_calming": "כן",
        "shp_lanes": 1,
        "shp_row_m": "10",
        "shp_path_kind": "כביש",
        "tik_title": "שקופית 65: ניתאי הארבלי | תכניות תנועה מקודמות",
        "tik_pdf_name": "25-12-29 גוננים א-ו - תיק שכונה.pdf",
        "tik_page": 63,
        "tik_label": "תיק שכונה — גוננים א-ו",
        "tik_excerpt": "ניתאי הארבלי |תכניות תנועה מקודמות\n מפלס ניתאי הארבלי מתוך נספח תנועה לתכנית101-1115450\n \n חיבור ניתאי הארבלי אל קנאי הגליל מתוך נספח תנועה לתכנית101-\n0721902",
        "display_point": [
          35.2012567,
          31.7527422
        ]
      }
    },
    {
      "type": "Feature",
      "geometry": {
        "type": "LineString",
        "coordinates": [
          [
            35.1974772,
            31.7555994
          ],
          [
            35.1966571,
            31.7552634
          ],
          [
            35.1952394,
            31.7547266
          ]
        ]
      },
      "properties": {
        "project_id": "99a15a166739",
        "domain": "transport",
        "domain_he": "תנועה",
        "service_he": "פרוייקט תנועה",
        "service_key": "extra:transport",
        "project_name": "143003",
        "project_num": "",
        "description": "תוספת מעבר להולכי רגל ורוכבי אופניים בין רח' השומר לפארק הנוטרים",
        "units_label": "קומפלט",
        "units_required": 1,
        "plan_number": null,
        "plan_raw": null,
        "plan_status": null,
        "year_planning": null,
        "year_execution": null,
        "chumash": null,
        "chumash_raw": "",
        "sub_neighborhood": "קטמונים ח-ט",
        "location_id": null,
        "managing_body": null,
        "estimate_nis": null,
        "pdf_link": null,
        "pdf_excerpt": null,
        "match_quality": "shapefile",
        "overlap_plan_names": [],
        "geometry_source": "projector_official_layer1",
        "marker_kind": "road_segment",
        "is_shp_only": true,
        "shp_row_m": "6",
        "shp_path_kind": "שביל הליכה",
        "display_point": [
          35.1963627,
          31.7551519
        ]
      }
    }
  ]
}