{"type":"FeatureCollection","features":[{"type":"Feature","geometry":{"type":"Point","coordinates":[35.199533,31.787162]},"properties":{"code":4216,"name":"גשר המיתרים/שד' הרצל","lines":"1, 6, 9, 15, 18, 27, 39, 65, 66, 68, 74, 89, 100, 140, 141, 145, 163, 290, 291, 292, 293, 294, 296, 299, 304, 345, 360, 361, 362, 363, 364, 365, 366, 377, 380, 381, 382, 383, 384, 411, 416, 426, 430, 458, 469, 472, 479, 492, 494, 496, 499, 504, 531, 540, 568, 577, 614, 982, 992, 996, 997, 39א, 66א","n_lines":63}},{"type":"Feature","geometry":{"type":"Point","coordinates":[35.204001,31.808253]},"properties":{"code":4009,"name":"צומת רמות/גולדה","lines":"31, 36, 42, 46, 56, 57, 61, 62, 64, 67, 71, 72, 81, 86, 110, 116, 121, 122, 123, 129, 131, 132, 133, 134, 135, 136, 137, 139, 145, 217, 237, 277, 300, 308, 310, 320, 330, 333, 340, 345, 377, 422, 425, 465, 469, 506, 516, 541, 821, 823, 971, 64א","n_lines":52}},{"type":"Feature","geometry":{"type":"Point","coordinates":[35.203469,31.787569]},"properties":{"code":4218,"name":"שדרות שז''ר/בנייני האומה","lines":"1, 3, 14, 89, 97, 113, 114, 117, 131, 132, 135, 140, 141, 145, 156, 174, 176, 177, 178, 180, 183, 185, 186, 187, 188, 195, 217, 288, 345, 360, 361, 362, 363, 364, 365, 366, 416, 465, 469, 472, 489, 541, 600, 615, 620, 3א","n_lines":46}},{"type":"Feature","geometry":{"type":"Point","coordinates":[35.197526,31.790348]},"properties":{"code":645,"name":"ויצמן/גבעת שאול","lines":"31, 57, 62, 90, 132, 140, 141, 145, 154, 156, 157, 189, 217, 277, 304, 345, 408, 411, 416, 426, 434, 439, 450, 451, 458, 465, 469, 472, 492, 494, 496, 499, 509, 540, 541, 577, 600, 617, 618, 741, 956, 972, 982, 997","n_lines":44}},{"type":"Feature","geometry":{"type":"Point","coordinates":[35.196465,31.791535]},"properties":{"code":647,"name":"בן גוריון/שערי ירושלים","lines":"90, 154, 156, 157, 158, 180, 183, 185, 186, 188, 189, 195, 288, 289, 400, 407, 408, 411, 416, 426, 427, 430, 434, 439, 450, 451, 458, 485, 492, 494, 496, 499, 577, 600, 614, 615, 616, 617, 618, 619, 620, 982, 992, 993","n_lines":44}},{"type":"Feature","geometry":{"type":"Point","coordinates":[35.202487,31.789082]},"properties":{"code":6109,"name":"ת. מרכזית ירושלים/הורדה","lines":"380, 381, 382, 383, 384, 400, 403, 406, 408, 425, 427, 431, 433, 434, 436, 437, 439, 444, 447, 448, 449, 460, 470, 471, 480, 486, 554, 556, 912, 930, 942, 943, 950, 953, 955, 959, 960, 961, 962, 963, 966, 967, 968","n_lines":43}},{"type":"Feature","geometry":{"type":"Point","coordinates":[35.203715,31.789467]},"properties":{"code":4170,"name":"ת. מרכזית ירושלים קומה 3/רציפים","lines":"380, 381, 382, 383, 384, 400, 403, 406, 408, 425, 427, 431, 433, 434, 436, 437, 439, 440, 444, 447, 448, 449, 460, 470, 480, 486, 487, 912, 930, 942, 943, 946, 950, 953, 955, 959, 960, 961, 962, 963, 966, 967, 968","n_lines":43}},{"type":"Feature","geometry":{"type":"Point","coordinates":[35.188474,31.751345]},"properties":{"code":222,"name":"אצטדיון טדי/א''ס ביתר","lines":"5, 9, 18, 77, 118, 129, 160, 192, 194, 225, 226, 245, 246, 296, 299, 360, 361, 362, 363, 364, 365, 366, 374, 376, 380, 381, 382, 383, 384, 411, 440, 490, 504, 505, 506, 509, 512, 531, 626, 77א","n_lines":40}},{"type":"Feature","geometry":{"type":"Point","coordinates":[35.199369,31.787322]},"properties":{"code":1540,"name":"גשר המיתרים/שד' הרצל","lines":"27, 39, 65, 66, 68, 74, 100, 290, 291, 292, 293, 294, 296, 299, 304, 377, 380, 381, 382, 383, 384, 411, 426, 430, 440, 458, 492, 494, 496, 499, 540, 568, 577, 614, 824, 982, 997, 27א, 66א","n_lines":39}},{"type":"Feature","geometry":{"type":"Point","coordinates":[35.18933,31.751193]},"properties":{"code":202,"name":"אצטדיון טדי/א''ס ביתר","lines":"5, 9, 18, 77, 118, 160, 192, 194, 225, 226, 245, 246, 295, 296, 299, 360, 361, 362, 363, 364, 365, 366, 374, 380, 381, 382, 383, 384, 411, 480, 490, 504, 505, 506, 509, 512, 531, 626, 77א","n_lines":39}},{"type":"Feature","geometry":{"type":"Point","coordinates":[35.204075,31.809649]},"properties":{"code":5130,"name":"צומת רמות/גולדה","lines":"31, 36, 61, 62, 64, 71, 72, 81, 86, 110, 116, 131, 132, 133, 134, 135, 136, 137, 138, 139, 237, 277, 300, 310, 320, 330, 333, 340, 351, 377, 422, 425, 469, 479, 506, 516, 743","n_lines":37}},{"type":"Feature","geometry":{"type":"Point","coordinates":[35.202632,31.787719]},"properties":{"code":1678,"name":"שדרות שז''ר/בנייני האומה","lines":"109, 113, 114, 116, 117, 151, 154, 156, 157, 158, 174, 176, 177, 178, 180, 183, 185, 186, 187, 188, 195, 288, 360, 361, 362, 363, 364, 365, 366, 453, 489, 600, 615, 620","n_lines":34}},{"type":"Feature","geometry":{"type":"Point","coordinates":[35.207757,31.795289]},"properties":{"code":4075,"name":"שמגר/אוהל יהושע","lines":"9, 16, 51, 54, 57, 89, 133, 134, 189, 277, 290, 291, 292, 293, 294, 296, 300, 310, 320, 330, 340, 402, 450, 451, 554, 555, 556, 617, 618, 619","n_lines":30}},{"type":"Feature","geometry":{"type":"Point","coordinates":[35.189471,31.822289]},"properties":{"code":5132,"name":"שדרות גולדה מאיר/יצחק מירסקי","lines":"36, 61, 62, 63, 110, 116, 131, 132, 133, 134, 135, 136, 137, 138, 139, 237, 277, 300, 310, 320, 330, 340, 351, 404, 422, 425, 469, 471, 479, 516","n_lines":30}},{"type":"Feature","geometry":{"type":"Point","coordinates":[35.203701,31.78634]},"properties":{"code":800,"name":"בנייני האומה/הנשיא השישי","lines":"6, 9, 14, 18, 25, 27, 31, 45, 78, 89, 90, 97, 113, 114, 117, 156, 163, 192, 217, 300, 310, 320, 330, 340, 416, 489, 504, 531, 541, 630","n_lines":30}},{"type":"Feature","geometry":{"type":"Point","coordinates":[35.205563,31.786511]},"properties":{"code":1106,"name":"היכל המשפט/אבא אבן","lines":"9, 18, 25, 45, 62, 151, 154, 156, 157, 158, 180, 183, 185, 186, 187, 188, 195, 288, 360, 361, 362, 363, 364, 365, 366, 541, 600, 615, 620, 630","n_lines":30}},{"type":"Feature","geometry":{"type":"Point","coordinates":[35.201995,31.790922]},"properties":{"code":1556,"name":"ירמיהו/הצבי","lines":"16, 55, 57, 64, 65, 69, 133, 134, 189, 277, 290, 291, 292, 293, 294, 296, 300, 310, 320, 330, 340, 402, 450, 451, 555, 556, 617, 618, 619","n_lines":29}},{"type":"Feature","geometry":{"type":"Point","coordinates":[35.188624,31.825302]},"properties":{"code":73,"name":"שדרות גולדה מאיר/המשורר אצ''ג","lines":"36, 61, 62, 63, 110, 116, 131, 132, 133, 134, 135, 136, 137, 138, 139, 237, 277, 300, 310, 320, 330, 340, 404, 422, 425, 469, 471, 516","n_lines":28}},{"type":"Feature","geometry":{"type":"Point","coordinates":[35.201331,31.783616]},"properties":{"code":1507,"name":"תחנה תפעולית/ביטוח לאומי","lines":"1, 9, 14, 18, 25, 45, 78, 89, 97, 131, 132, 135, 140, 141, 145, 163, 300, 310, 320, 330, 340, 345, 351, 416, 469, 472, 479, 25א","n_lines":28}},{"type":"Feature","geometry":{"type":"Point","coordinates":[35.207749,31.792377]},"properties":{"code":1232,"name":"ירמיהו/שמגר","lines":"16, 55, 57, 64, 65, 69, 189, 277, 290, 291, 292, 293, 294, 296, 300, 310, 320, 330, 340, 402, 450, 451, 554, 555, 556, 617, 618, 619","n_lines":28}},{"type":"Feature","geometry":{"type":"Point","coordinates":[35.212587,31.79731]},"properties":{"code":5667,"name":"שפע חיים/דורש טוב","lines":"54, 133, 134, 277, 290, 291, 292, 293, 294, 296, 300, 310, 320, 330, 340, 377, 401, 402, 450, 451, 554, 555, 556, 617, 618, 619, 971","n_lines":27}},{"type":"Feature","geometry":{"type":"Point","coordinates":[35.189544,31.821048]},"properties":{"code":4007,"name":"שדרות גולדה מאיר/אברהם רקנאטי","lines":"63, 81, 110, 116, 131, 132, 133, 134, 135, 136, 137, 139, 217, 237, 277, 300, 308, 310, 320, 330, 340, 404, 422, 425, 469, 471, 516","n_lines":27}},{"type":"Feature","geometry":{"type":"Point","coordinates":[35.194919,31.81742]},"properties":{"code":9855,"name":"קניון רמות/גולדה מאיר","lines":"36, 61, 63, 110, 131, 132, 133, 134, 135, 136, 137, 138, 139, 217, 237, 277, 300, 308, 310, 320, 330, 340, 404, 422, 516","n_lines":25}},{"type":"Feature","geometry":{"type":"Point","coordinates":[35.195567,31.817331]},"properties":{"code":5131,"name":"מרכז מסחרי/גולדה","lines":"36, 61, 63, 110, 131, 132, 133, 134, 135, 136, 137, 138, 139, 237, 277, 300, 310, 320, 330, 340, 351, 404, 422, 480, 516","n_lines":25}},{"type":"Feature","geometry":{"type":"Point","coordinates":[35.188677,31.826368]},"properties":{"code":3142,"name":"שדרות גולדה מאיר/בנימין מינץ","lines":"110, 116, 131, 132, 133, 134, 135, 136, 137, 138, 139, 237, 277, 300, 310, 320, 330, 340, 351, 404, 422, 425, 469, 471, 479","n_lines":25}},{"type":"Feature","geometry":{"type":"Point","coordinates":[35.200768,31.784519]},"properties":{"code":3374,"name":"ביטוח לאומי","lines":"1, 9, 14, 18, 25, 45, 66, 68, 78, 89, 97, 131, 132, 135, 163, 300, 310, 320, 330, 340, 351, 416, 430, 568, 66א","n_lines":25}},{"type":"Feature","geometry":{"type":"Point","coordinates":[35.233288,31.800347]},"properties":{"code":3637,"name":"שדרות חיים ברלב/שדרות האוניברסיטה העברית","lines":"22, 25, 45, 49, 65, 66, 102, 127, 129, 142, 143, 148, 207, 218, 254, 273, 274, 280, 461, 462, 464, 467, 468, 218א, 66א","n_lines":25}},{"type":"Feature","geometry":{"type":"Point","coordinates":[35.203037,31.783139]},"properties":{"code":3375,"name":"חניון הלאום/שד' הנשיא השישי","lines":"3, 6, 14, 27, 31, 35, 90, 97, 113, 114, 117, 131, 132, 135, 192, 217, 351, 430, 485, 489, 504, 531, 541, 27א, 3א","n_lines":25}},{"type":"Feature","geometry":{"type":"Point","coordinates":[35.208257,31.8003]},"properties":{"code":102,"name":"גולדה/שלמה הלוי","lines":"16, 36, 39, 46, 54, 56, 57, 64, 67, 71, 72, 89, 110, 123, 136, 137, 139, 289, 333, 506, 508, 509, 616, 39א","n_lines":24}},{"type":"Feature","geometry":{"type":"Point","coordinates":[35.213932,31.800636]},"properties":{"code":9951,"name":"הרטום/שדרות גולדה מאיר","lines":"40, 46, 54, 110, 123, 137, 139, 189, 289, 290, 291, 292, 293, 294, 296, 450, 451, 506, 508, 509, 616, 617, 618, 619","n_lines":24}},{"type":"Feature","geometry":{"type":"Point","coordinates":[35.204391,31.808276]},"properties":{"code":2000,"name":"מרכז תחבורתי הארזים/הורדה","lines":"16, 39, 54, 57, 89, 138, 277, 402, 404, 407, 426, 458, 492, 494, 496, 499, 577, 859, 956, 972, 982, 996, 997, 39א","n_lines":24}},{"type":"Feature","geometry":{"type":"Point","coordinates":[35.197613,31.790818]},"properties":{"code":3007,"name":"שערי ירושלים/ליפתא","lines":"31, 57, 62, 140, 141, 145, 277, 289, 345, 407, 425, 453, 469, 472, 479, 509, 540, 541, 567, 569, 616, 972, 996, 997","n_lines":24}},{"type":"Feature","geometry":{"type":"Point","coordinates":[35.21093,31.795826]},"properties":{"code":155,"name":"אוהל יהושע/זית רענן","lines":"54, 89, 133, 134, 189, 277, 290, 291, 292, 293, 294, 296, 377, 401, 402, 450, 451, 554, 555, 556, 617, 618, 619","n_lines":23}},{"type":"Feature","geometry":{"type":"Point","coordinates":[35.232039,31.799271]},"properties":{"code":6101,"name":"תחנת רכבת קלה גבעת התחמושת","lines":"34, 40, 48, 52, 84, 142, 148, 164, 165, 166, 167, 168, 169, 215, 216, 461, 462, 464, 467, 468, 473, 949, 48א","n_lines":23}},{"type":"Feature","geometry":{"type":"Point","coordinates":[35.180668,31.78719]},"properties":{"code":2524,"name":"מסוף הר נוף/כנפי נשרים","lines":"33, 52, 54, 55, 64, 65, 67, 69, 74, 75, 91, 121, 122, 225, 245, 304, 377, 505, 567, 569, 822, 972","n_lines":22}},{"type":"Feature","geometry":{"type":"Point","coordinates":[35.188761,31.787703]},"properties":{"code":228,"name":"מרכז שטנר/כנפי נשרים","lines":"52, 54, 55, 64, 65, 69, 74, 75, 121, 122, 225, 245, 295, 304, 377, 413, 505, 555, 556, 567, 569, 64א","n_lines":22}},{"type":"Feature","geometry":{"type":"Point","coordinates":[35.185498,31.787728]},"properties":{"code":229,"name":"בית ענבר/כנפי נשרים","lines":"52, 54, 55, 64, 65, 69, 74, 75, 121, 122, 225, 245, 295, 304, 377, 413, 505, 555, 556, 567, 569, 64א","n_lines":22}},{"type":"Feature","geometry":{"type":"Point","coordinates":[35.209612,31.799622]},"properties":{"code":1616,"name":"גולדה מאיר/שלמה הלוי","lines":"16, 36, 39, 46, 56, 57, 64, 67, 71, 72, 89, 110, 123, 136, 137, 139, 289, 333, 506, 508, 509, 616","n_lines":22}},{"type":"Feature","geometry":{"type":"Point","coordinates":[35.246635,31.828575]},"properties":{"code":5991,"name":"שדרות סיירת דוכיפת/חיל האוויר","lines":"22, 44, 53, 65, 140, 141, 142, 143, 145, 148, 149, 345, 461, 462, 464, 466, 467, 468, 472, 473, 540, 949","n_lines":22}},{"type":"Feature","geometry":{"type":"Point","coordinates":[35.186109,31.787534]},"properties":{"code":276,"name":"בית ענבר/כנפי נשרים","lines":"52, 54, 55, 64, 65, 69, 74, 75, 121, 122, 225, 245, 304, 377, 413, 505, 555, 556, 567, 569, 822","n_lines":21}},{"type":"Feature","geometry":{"type":"Point","coordinates":[35.188892,31.787494]},"properties":{"code":277,"name":"מרכז שטנר/כנפי נשרים","lines":"52, 54, 55, 64, 65, 69, 74, 75, 121, 122, 225, 245, 304, 377, 413, 505, 555, 556, 567, 569, 822","n_lines":21}},{"type":"Feature","geometry":{"type":"Point","coordinates":[35.202515,31.790799]},"properties":{"code":1553,"name":"ירמיהו/הצבי","lines":"16, 55, 57, 64, 65, 69, 133, 134, 189, 277, 290, 291, 292, 293, 294, 296, 450, 451, 617, 618, 619","n_lines":21}},{"type":"Feature","geometry":{"type":"Point","coordinates":[35.212676,31.796977]},"properties":{"code":154,"name":"שפע חיים/דורש טוב","lines":"133, 134, 189, 277, 290, 291, 292, 293, 294, 296, 300, 310, 320, 330, 340, 377, 450, 451, 617, 618, 619","n_lines":21}},{"type":"Feature","geometry":{"type":"Point","coordinates":[35.231957,31.798904]},"properties":{"code":6102,"name":"תחנת רכבת קלה גבעת התחמושת","lines":"34, 48, 84, 127, 142, 148, 164, 165, 166, 167, 168, 169, 215, 216, 461, 462, 464, 467, 468, 949, 48א","n_lines":21}},{"type":"Feature","geometry":{"type":"Point","coordinates":[35.231995,31.796605]},"properties":{"code":2424,"name":"המטה הארצי/קלרמון גנו","lines":"19, 34, 48, 84, 164, 165, 166, 167, 168, 169, 207, 215, 216, 218, 254, 273, 280, 19א, 218א, 30א, 48א","n_lines":21}},{"type":"Feature","geometry":{"type":"Point","coordinates":[35.180456,31.787451]},"properties":{"code":1749,"name":"מסוף הר נוף/כנפי נשרים","lines":"33, 52, 54, 55, 64, 65, 67, 69, 74, 75, 91, 121, 122, 413, 505, 555, 556, 567, 569, 64א","n_lines":20}},{"type":"Feature","geometry":{"type":"Point","coordinates":[35.216384,31.806598]},"properties":{"code":2987,"name":"יגאל ידין/דרוק","lines":"42, 46, 56, 57, 61, 67, 81, 86, 102, 123, 174, 176, 177, 178, 481, 540, 567, 569, 743, 823","n_lines":20}},{"type":"Feature","geometry":{"type":"Point","coordinates":[35.212459,31.739691]},"properties":{"code":5937,"name":"דרך חברון/גבעת המטוס","lines":"5, 30, 49, 71, 72, 74, 75, 95, 163, 231, 234, 239, 366, 371, 372, 374, 376, 377, 490","n_lines":19}},{"type":"Feature","geometry":{"type":"Point","coordinates":[35.21323,31.740214]},"properties":{"code":3296,"name":"דרך חברון/גבעת המטוס","lines":"5, 30, 49, 71, 72, 74, 75, 95, 231, 232, 234, 239, 366, 371, 372, 374, 377, 490, 30א","n_lines":19}},{"type":"Feature","geometry":{"type":"Point","coordinates":[35.208542,31.793164]},"properties":{"code":4116,"name":"שמגר/ירמיהו","lines":"9, 16, 54, 89, 133, 134, 300, 310, 320, 330, 340, 402, 555, 556, 617, 618, 619, 742","n_lines":18}},{"type":"Feature","geometry":{"type":"Point","coordinates":[35.211783,31.799436]},"properties":{"code":6238,"name":"קרית מדע/גולדה מאיר","lines":"16, 36, 39, 56, 57, 64, 67, 71, 72, 89, 136, 137, 139, 226, 246, 308, 333, 422","n_lines":18}},{"type":"Feature","geometry":{"type":"Point","coordinates":[35.242026,31.794619]},"properties":{"code":1369,"name":"האוניברסיטה העברית הר הצופים/מרטין בובר","lines":"17, 19, 30, 34, 42, 48, 53, 61, 68, 102, 120, 126, 152, 201, 280, 517, 568, 48א","n_lines":18}},{"type":"Feature","geometry":{"type":"Point","coordinates":[35.195429,31.756636]},"properties":{"code":1586,"name":"גולומב/סן מרטין","lines":"5, 6, 9, 10, 12, 17, 18, 19, 42, 77, 95, 490, 509, 510, 517, 19א, 42א, 77א","n_lines":18}},{"type":"Feature","geometry":{"type":"Point","coordinates":[35.234983,31.795666]},"properties":{"code":427,"name":"קציר/קלרמון גנו","lines":"17, 19, 34, 48, 164, 165, 166, 167, 168, 169, 215, 216, 263, 280, 19א, 263א, 30א, 48א","n_lines":18}},{"type":"Feature","geometry":{"type":"Point","coordinates":[35.238757,31.797859]},"properties":{"code":1435,"name":"שד' צ'רצ'יל/קציר","lines":"17, 19, 34, 42, 48, 53, 61, 68, 102, 152, 201, 280, 481, 568, 621, 19א, 30א, 48א","n_lines":18}},{"type":"Feature","geometry":{"type":"Point","coordinates":[35.240619,31.796935]},"properties":{"code":1444,"name":"הדסה הר הצופים/שד' צ'רצ'יל","lines":"17, 19, 34, 42, 48, 53, 61, 68, 102, 152, 201, 280, 481, 568, 621, 19א, 30א, 48א","n_lines":18}},{"type":"Feature","geometry":{"type":"Point","coordinates":[35.241936,31.795702]},"properties":{"code":1445,"name":"האוניברסיטה העברית/שד' צ'רצ'יל","lines":"17, 19, 34, 42, 48, 53, 61, 68, 102, 152, 201, 280, 481, 568, 621, 19א, 30א, 48א","n_lines":18}},{"type":"Feature","geometry":{"type":"Point","coordinates":[35.250581,31.828108]},"properties":{"code":5905,"name":"סיירת דוכיפת/מחסום חזמא","lines":"140, 141, 142, 143, 145, 148, 149, 251, 345, 461, 462, 464, 466, 467, 468, 472, 473, 949","n_lines":18}},{"type":"Feature","geometry":{"type":"Point","coordinates":[35.210073,31.795719]},"properties":{"code":9949,"name":"אהל יהושע/מנחת יצחק","lines":"54, 89, 189, 277, 300, 310, 320, 330, 340, 377, 401, 402, 555, 556, 617, 618, 619","n_lines":17}},{"type":"Feature","geometry":{"type":"Point","coordinates":[35.225329,31.764244]},"properties":{"code":3121,"name":"המעבדה/דרך חברון","lines":"7, 30, 71, 72, 74, 75, 78, 91, 124, 125, 163, 203, 204, 231, 232, 234, 239","n_lines":17}},{"type":"Feature","geometry":{"type":"Point","coordinates":[35.223893,31.760252]},"properties":{"code":524,"name":"דרך חברון/מרים החשמונאית","lines":"7, 30, 34, 49, 71, 72, 74, 75, 124, 125, 163, 203, 231, 232, 234, 239, 882","n_lines":17}},{"type":"Feature","geometry":{"type":"Point","coordinates":[35.241777,31.796261]},"properties":{"code":1431,"name":"האוניברסיטה העברית/שד' צ'רצ'יל","lines":"17, 19, 30, 34, 42, 48, 53, 61, 68, 102, 120, 126, 152, 201, 280, 568, 48א","n_lines":17}},{"type":"Feature","geometry":{"type":"Point","coordinates":[35.235092,31.797179]},"properties":{"code":1854,"name":"שדרות האוניברסיטה העברית/קציר","lines":"19, 30, 84, 102, 124, 125, 129, 164, 165, 166, 167, 168, 169, 215, 216, 517, 568","n_lines":17}},{"type":"Feature","geometry":{"type":"Point","coordinates":[35.191514,31.790195]},"properties":{"code":992,"name":"רבי ישראל נג'ארה/יונתן בן עוזיאל","lines":"16, 52, 54, 55, 64, 67, 69, 75, 304, 413, 555, 556, 567, 569, 741, 972","n_lines":16}},{"type":"Feature","geometry":{"type":"Point","coordinates":[35.191168,31.789376]},"properties":{"code":179,"name":"רבי ישראל נג'ארה/יונתן בן עוזיאל","lines":"16, 52, 54, 55, 64, 67, 69, 75, 304, 413, 555, 556, 569, 821, 823, 64א","n_lines":16}},{"type":"Feature","geometry":{"type":"Point","coordinates":[35.197119,31.757465]},"properties":{"code":1539,"name":"צומת פת/גולומב","lines":"5, 6, 9, 12, 17, 19, 31, 42, 77, 95, 480, 490, 509, 510, 517, 77א","n_lines":16}},{"type":"Feature","geometry":{"type":"Point","coordinates":[35.212534,31.79987]},"properties":{"code":1932,"name":"שדרות גולדה מאיר/הרטום","lines":"16, 36, 39, 56, 57, 64, 67, 71, 72, 89, 136, 139, 333, 508, 509, 39א","n_lines":16}},{"type":"Feature","geometry":{"type":"Point","coordinates":[35.204892,31.806286]},"properties":{"code":3035,"name":"צומת רמות/ידין","lines":"42, 46, 56, 57, 61, 67, 81, 86, 102, 112, 122, 123, 129, 145, 345, 541","n_lines":16}},{"type":"Feature","geometry":{"type":"Point","coordinates":[35.22287,31.758332]},"properties":{"code":525,"name":"דרך חברון/אסתר המלכה","lines":"7, 30, 34, 49, 71, 72, 74, 75, 124, 125, 163, 203, 231, 232, 234, 239","n_lines":16}},{"type":"Feature","geometry":{"type":"Point","coordinates":[35.239817,31.797719]},"properties":{"code":1434,"name":"הדסה הר הצופים/שד' צ'רצ'יל","lines":"17, 19, 34, 42, 48, 53, 61, 68, 102, 120, 126, 152, 201, 280, 568, 48א","n_lines":16}},{"type":"Feature","geometry":{"type":"Point","coordinates":[35.225503,31.770599]},"properties":{"code":523,"name":"הסינמטק/דרך חברון","lines":"30, 38, 83, 124, 125, 163, 203, 204, 231, 232, 234, 239, 276, 286, 882, 83א","n_lines":16}},{"type":"Feature","geometry":{"type":"Point","coordinates":[35.243206,31.795268]},"properties":{"code":1371,"name":"האוניברסיטה העברית הר הצופים/מרטין בובר","lines":"17, 19, 34, 42, 53, 61, 68, 102, 152, 280, 517, 568, 621, 19א, 30א, 48א","n_lines":16}},{"type":"Feature","geometry":{"type":"Point","coordinates":[35.247036,31.791037]},"properties":{"code":1370,"name":"מסוף הר הצופים/מרטין בובר","lines":"17, 19, 34, 42, 53, 61, 68, 102, 152, 280, 517, 568, 621, 19א, 30א, 48א","n_lines":16}},{"type":"Feature","geometry":{"type":"Point","coordinates":[35.195877,31.732731]},"properties":{"code":223,"name":"רוזמרין/לבונה","lines":"30, 31, 33, 71, 72, 92, 225, 226, 245, 246, 296, 299, 384, 505, 506, 30א","n_lines":16}},{"type":"Feature","geometry":{"type":"Point","coordinates":[35.202639,31.787547]},"properties":{"code":463,"name":"שדרות שז''ר/בנייני האומה","lines":"6, 14, 15, 25, 31, 45, 78, 90, 97, 131, 132, 135, 351, 504, 509, 531","n_lines":16}},{"type":"Feature","geometry":{"type":"Point","coordinates":[35.239105,31.826095]},"properties":{"code":3061,"name":"עמיחי גידי פאגלין/שדרות משה דיין","lines":"25, 81, 140, 141, 143, 145, 345, 461, 462, 464, 467, 468, 472, 473, 541, 949","n_lines":16}},{"type":"Feature","geometry":{"type":"Point","coordinates":[35.204844,31.808418]},"properties":{"code":2007,"name":"מרכז תחבורתי הארזים/בינעירוני","lines":"277, 402, 404, 407, 426, 458, 492, 494, 496, 499, 577, 972, 982, 992, 996, 997","n_lines":16}},{"type":"Feature","geometry":{"type":"Point","coordinates":[35.236274,31.794711]},"properties":{"code":428,"name":"יצחק הנדיב/ואדי ג'וז","lines":"48, 84, 124, 125, 129, 164, 165, 166, 167, 168, 169, 215, 216, 226, 263, 263א","n_lines":16}},{"type":"Feature","geometry":{"type":"Point","coordinates":[35.195972,31.791222]},"properties":{"code":172,"name":"גבעת שאול/כתב סופר","lines":"16, 52, 54, 55, 64, 67, 69, 75, 304, 413, 567, 569, 821, 823, 64א","n_lines":15}},{"type":"Feature","geometry":{"type":"Point","coordinates":[35.213278,31.798773]},"properties":{"code":5669,"name":"שפע חיים/שדרות גולדה מאיר","lines":"40, 54, 189, 277, 300, 310, 320, 330, 340, 377, 401, 402, 555, 556, 742","n_lines":15}},{"type":"Feature","geometry":{"type":"Point","coordinates":[35.218335,31.797063]},"properties":{"code":3634,"name":"שמואל הנביא/גבעת משה","lines":"3, 36, 52, 56, 64, 67, 71, 72, 89, 96, 136, 226, 246, 333, 3א","n_lines":15}},{"type":"Feature","geometry":{"type":"Point","coordinates":[35.218466,31.788783]},"properties":{"code":3008,"name":"יחזקאל/כיכר השבת","lines":"9, 22, 25, 34, 36, 39, 45, 55, 56, 59, 71, 72, 77, 89, 77א","n_lines":15}},{"type":"Feature","geometry":{"type":"Point","coordinates":[35.183003,31.768208]},"properties":{"code":559,"name":"הפסגה/תורה ועבודה","lines":"10, 16, 21, 23, 26, 33, 35, 225, 245, 295, 411, 508, 516, 23א, 26א","n_lines":15}},{"type":"Feature","geometry":{"type":"Point","coordinates":[35.185059,31.776787]},"properties":{"code":1589,"name":"תחנת רק''ל יפה נוף","lines":"5, 16, 21, 27, 28, 35, 39, 50, 91, 95, 118, 411, 626, 741, 39א","n_lines":15}},{"type":"Feature","geometry":{"type":"Point","coordinates":[35.192306,31.787712]},"properties":{"code":227,"name":"אנג'ל/כנפי נשרים","lines":"16, 52, 64, 65, 67, 74, 118, 121, 122, 225, 245, 295, 505, 626, 741","n_lines":15}},{"type":"Feature","geometry":{"type":"Point","coordinates":[35.240062,31.840063]},"properties":{"code":1485,"name":"שדרות נווה יעקב/הרב פרדס","lines":"25, 45, 46, 49, 53, 59, 69, 81, 85, 482, 569, 740, 745, 825, 890","n_lines":15}},{"type":"Feature","geometry":{"type":"Point","coordinates":[35.236908,31.838299]},"properties":{"code":3662,"name":"שדרות נווה יעקב/אחימאיר","lines":"25, 45, 46, 49, 53, 59, 69, 81, 85, 482, 569, 740, 745, 825, 890","n_lines":15}},{"type":"Feature","geometry":{"type":"Point","coordinates":[35.235335,31.838336]},"properties":{"code":5821,"name":"שדרות נווה יעקב/משה דיין","lines":"25, 45, 46, 49, 53, 59, 69, 81, 85, 482, 569, 740, 745, 825, 890","n_lines":15}},{"type":"Feature","geometry":{"type":"Point","coordinates":[35.251504,31.827679]},"properties":{"code":3022,"name":"סיירת דוכיפת/מחסום חזמא","lines":"140, 141, 142, 143, 145, 148, 149, 345, 461, 462, 464, 467, 468, 472, 949","n_lines":15}},{"type":"Feature","geometry":{"type":"Point","coordinates":[35.215366,31.784986]},"properties":{"code":1601,"name":"ככר הדוידקה/הנביאים","lines":"9, 17, 18, 19, 22, 25, 45, 66, 72, 74, 77, 217, 19א, 66א, 77א","n_lines":15}},{"type":"Feature","geometry":{"type":"Point","coordinates":[35.249122,31.79418]},"properties":{"code":1368,"name":"מחנה עופרית/מרטין בובר","lines":"17, 19, 34, 42, 53, 61, 68, 102, 152, 280, 517, 621, 19א, 30א, 48א","n_lines":15}},{"type":"Feature","geometry":{"type":"Point","coordinates":[35.248272,31.792778]},"properties":{"code":1367,"name":"אקדמיה בצלאל/מרטין בובר","lines":"17, 19, 34, 42, 53, 61, 68, 102, 152, 280, 517, 621, 19א, 30א, 48א","n_lines":15}},{"type":"Feature","geometry":{"type":"Point","coordinates":[35.246115,31.790074]},"properties":{"code":1366,"name":"מסוף הר הצופים/בנימין מזר","lines":"17, 19, 30, 34, 42, 48, 53, 61, 68, 102, 152, 280, 517, 568, 48א","n_lines":15}},{"type":"Feature","geometry":{"type":"Point","coordinates":[35.244605,31.790804]},"properties":{"code":1365,"name":"בית ספר לחינוך/בנימין מזר","lines":"17, 19, 30, 34, 42, 48, 53, 61, 68, 102, 152, 280, 517, 568, 48א","n_lines":15}},{"type":"Feature","geometry":{"type":"Point","coordinates":[35.220739,31.754138]},"properties":{"code":514,"name":"צומת הבנקים/דרך חברון","lines":"49, 71, 72, 74, 75, 88, 90, 124, 163, 231, 232, 234, 239, 510, 30א","n_lines":15}},{"type":"Feature","geometry":{"type":"Point","coordinates":[35.240102,31.826248]},"properties":{"code":3847,"name":"תחנת רקל''ה סיירת דוכיפת/משה דיין","lines":"22, 25, 44, 46, 47, 49, 53, 65, 70, 81, 142, 148, 149, 482, 541","n_lines":15}},{"type":"Feature","geometry":{"type":"Point","coordinates":[35.213748,31.80069]},"properties":{"code":1685,"name":"הרטום/גולדה מאיר","lines":"46, 110, 133, 134, 137, 139, 289, 290, 291, 292, 293, 294, 296, 616","n_lines":14}},{"type":"Feature","geometry":{"type":"Point","coordinates":[35.194251,31.791889]},"properties":{"code":175,"name":"גבעת שאול/הרב אהרון קוטלר","lines":"16, 52, 54, 55, 64, 67, 69, 75, 304, 567, 569, 821, 823, 64א","n_lines":14}},{"type":"Feature","geometry":{"type":"Point","coordinates":[35.191927,31.792076]},"properties":{"code":177,"name":"רבי ישראל נג'ארה/גבעת שאול","lines":"16, 52, 54, 55, 64, 67, 69, 75, 304, 413, 569, 821, 823, 64א","n_lines":14}},{"type":"Feature","geometry":{"type":"Point","coordinates":[35.182558,31.769614]},"properties":{"code":199,"name":"הפסגה/הרשד''ם","lines":"10, 16, 21, 23, 26, 33, 35, 225, 245, 295, 508, 516, 23א, 26א","n_lines":14}},{"type":"Feature","geometry":{"type":"Point","coordinates":[35.182392,31.770998]},"properties":{"code":3220,"name":"הפסגה/שד' הרצל","lines":"10, 16, 21, 23, 26, 33, 35, 225, 245, 295, 508, 516, 23א, 26א","n_lines":14}},{"type":"Feature","geometry":{"type":"Point","coordinates":[35.220651,31.792065]},"properties":{"code":1171,"name":"יחזקאל/רבנו גרשום","lines":"16, 22, 25, 34, 36, 39, 45, 55, 56, 71, 72, 77, 39א, 77א","n_lines":14}},{"type":"Feature","geometry":{"type":"Point","coordinates":[35.221187,31.794348]},"properties":{"code":1202,"name":"שמואל הנביא/פישל","lines":"3, 16, 36, 56, 71, 72, 96, 136, 226, 246, 333, 970, 39א, 3א","n_lines":14}},{"type":"Feature","geometry":{"type":"Point","coordinates":[35.240696,31.825373]},"properties":{"code":2566,"name":"סיירת דוכיפת/משה דיין","lines":"140, 141, 142, 143, 145, 148, 345, 461, 462, 464, 467, 468, 472, 949","n_lines":14}},{"type":"Feature","geometry":{"type":"Point","coordinates":[35.20442,31.775575]},"properties":{"code":1911,"name":"קפלן/רופין","lines":"7, 14, 35, 66, 90, 97, 100, 113, 121, 122, 156, 430, 614, 66א","n_lines":14}},{"type":"Feature","geometry":{"type":"Point","coordinates":[35.202267,31.778901]},"properties":{"code":3109,"name":"הכנסת/קפלן","lines":"7, 14, 35, 66, 90, 97, 100, 113, 121, 122, 156, 430, 614, 66א","n_lines":14}},{"type":"Feature","geometry":{"type":"Point","coordinates":[35.201932,31.779916]},"properties":{"code":3111,"name":"גן הורדים/זוסמן","lines":"7, 14, 35, 66, 90, 97, 100, 113, 121, 122, 156, 430, 614, 66א","n_lines":14}},{"type":"Feature","geometry":{"type":"Point","coordinates":[35.202407,31.781861]},"properties":{"code":3108,"name":"בית המשפט העליון/זוסמן","lines":"7, 14, 35, 66, 90, 97, 100, 113, 121, 122, 156, 430, 614, 66א","n_lines":14}},{"type":"Feature","geometry":{"type":"Point","coordinates":[35.201945,31.781387]},"properties":{"code":3103,"name":"בית משפט העליון/זוסמן","lines":"7, 14, 35, 66, 90, 97, 100, 113, 121, 122, 156, 430, 614, 66א","n_lines":14}},{"type":"Feature","geometry":{"type":"Point","coordinates":[35.201747,31.779799]},"properties":{"code":1729,"name":"גן הורדים/זוסמן","lines":"7, 14, 35, 66, 90, 97, 100, 113, 121, 122, 156, 430, 614, 66א","n_lines":14}},{"type":"Feature","geometry":{"type":"Point","coordinates":[35.202397,31.778593]},"properties":{"code":1913,"name":"הכנסת/קפלן","lines":"7, 14, 35, 66, 90, 97, 100, 113, 121, 122, 156, 430, 614, 66א","n_lines":14}},{"type":"Feature","geometry":{"type":"Point","coordinates":[35.221322,31.755395]},"properties":{"code":4041,"name":"דרך חברון/ינובסקי","lines":"30, 49, 71, 72, 74, 75, 124, 125, 163, 231, 232, 234, 239, 510","n_lines":14}},{"type":"Feature","geometry":{"type":"Point","coordinates":[35.211063,31.748827]},"properties":{"code":3302,"name":"האומן/הסדנא","lines":"8, 10, 12, 15, 30, 34, 49, 124, 125, 160, 371, 372, 377, 512","n_lines":14}},{"type":"Feature","geometry":{"type":"Point","coordinates":[35.212323,31.7473]},"properties":{"code":6267,"name":"האומן/ברעם","lines":"8, 10, 12, 15, 30, 34, 49, 124, 125, 160, 371, 372, 377, 512","n_lines":14}},{"type":"Feature","geometry":{"type":"Point","coordinates":[35.215463,31.744221]},"properties":{"code":6090,"name":"דרך חברון/האומן","lines":"5, 12, 30, 49, 71, 72, 74, 75, 95, 163, 231, 232, 234, 239","n_lines":14}},{"type":"Feature","geometry":{"type":"Point","coordinates":[35.211292,31.748705]},"properties":{"code":3301,"name":"האומן/הסדנא","lines":"8, 10, 12, 15, 30, 34, 49, 124, 160, 371, 372, 377, 512, 30א","n_lines":14}},{"type":"Feature","geometry":{"type":"Point","coordinates":[35.22549,31.765019]},"properties":{"code":3120,"name":"המעבדה/דרך חברון","lines":"72, 75, 78, 91, 124, 163, 203, 204, 231, 232, 234, 239, 480, 30א","n_lines":14}},{"type":"Feature","geometry":{"type":"Point","coordinates":[35.187527,31.74858]},"properties":{"code":5853,"name":"חניון רכבת מלחה/דרך יצחק מודעי","lines":"6, 9, 18, 35, 77, 118, 194, 363, 411, 509, 516, 540, 626, 77א","n_lines":14}},{"type":"Feature","geometry":{"type":"Point","coordinates":[35.18528,31.749363]},"properties":{"code":107,"name":"גן טכנולוגי/א''''ס הפועל","lines":"6, 9, 18, 33, 35, 77, 118, 194, 509, 512, 516, 540, 626, 77א","n_lines":14}},{"type":"Feature","geometry":{"type":"Point","coordinates":[35.238182,31.826291]},"properties":{"code":3606,"name":"מכבי אש/פאגלין","lines":"25, 81, 140, 141, 143, 145, 345, 461, 462, 464, 467, 468, 472, 541","n_lines":14}},{"type":"Feature","geometry":{"type":"Point","coordinates":[35.233698,31.806441]},"properties":{"code":2948,"name":"תחנת רקל''ה גבעת המבתר/'יגאל ידין","lines":"42, 46, 61, 81, 85, 87, 129, 280, 444, 481, 486, 961, 966, 967","n_lines":14}},{"type":"Feature","geometry":{"type":"Point","coordinates":[35.203674,31.788746]},"properties":{"code":5949,"name":"ת. מרכזית ירושלים/יפו","lines":"1, 39, 54, 66, 67, 68, 70, 74, 75, 78, 163, 568, 66א","n_lines":13}},{"type":"Feature","geometry":{"type":"Point","coordinates":[35.20243,31.788746]},"properties":{"code":5100,"name":"ת. מרכזית ירושלים/יפו","lines":"3, 27, 39, 54, 66, 67, 68, 74, 75, 568, 27א, 3א, 66א","n_lines":13}},{"type":"Feature","geometry":{"type":"Point","coordinates":[35.193158,31.767336]},"properties":{"code":3289,"name":"צומת גבעת מרדכי/בייט","lines":"5, 39, 91, 95, 118, 160, 480, 490, 505, 508, 516, 626, 630","n_lines":13}},{"type":"Feature","geometry":{"type":"Point","coordinates":[35.185437,31.775096]},"properties":{"code":2782,"name":"בי''ח שערי צדק/בייט","lines":"5, 21, 28, 39, 50, 91, 95, 118, 505, 508, 516, 626, 630","n_lines":13}},{"type":"Feature","geometry":{"type":"Point","coordinates":[35.191898,31.787506]},"properties":{"code":278,"name":"אנג'ל/כנפי נשרים","lines":"16, 52, 67, 118, 121, 122, 225, 245, 505, 626, 821, 822, 823","n_lines":13}},{"type":"Feature","geometry":{"type":"Point","coordinates":[35.220073,31.753456]},"properties":{"code":527,"name":"צומת הבנקים/דרך חברון","lines":"30, 71, 72, 74, 75, 124, 125, 163, 231, 232, 234, 239, 510","n_lines":13}},{"type":"Feature","geometry":{"type":"Point","coordinates":[35.203916,31.73188]},"properties":{"code":510,"name":"הרוזמרין/כביש המנהרות","lines":"30, 71, 72, 231, 299, 371, 372, 377, 490, 504, 505, 506, 30א","n_lines":13}},{"type":"Feature","geometry":{"type":"Point","coordinates":[35.227493,31.785275]},"properties":{"code":3230,"name":"חיל ההנדסה/נעמי קיס","lines":"3, 19, 49, 66, 124, 136, 239, 333, 517, 19א, 30א, 3א, 66א","n_lines":13}},{"type":"Feature","geometry":{"type":"Point","coordinates":[35.159936,31.757147]},"properties":{"code":5592,"name":"צומת אורה","lines":"12, 19, 27, 29, 42, 129, 150, 194, 512, 517, 630, 19א, 42א","n_lines":13}},{"type":"Feature","geometry":{"type":"Point","coordinates":[35.202207,31.782889]},"properties":{"code":221,"name":"משרד החוץ/שד' רבין","lines":"6, 14, 31, 66, 97, 100, 121, 122, 504, 531, 614, 630, 66א","n_lines":13}},{"type":"Feature","geometry":{"type":"Point","coordinates":[35.233186,31.783258]},"properties":{"code":491,"name":"סולטאן סולימאן/סלאח א-דין","lines":"205, 206, 226, 236, 255, 256, 257, 263, 275, 276, 285, 286, 287","n_lines":13}},{"type":"Feature","geometry":{"type":"Point","coordinates":[35.231325,31.782927]},"properties":{"code":5769,"name":"תחנה מרכזית סולטן סולימאן/רחוב סולטן סולימאן","lines":"205, 206, 226, 236, 255, 256, 257, 263, 275, 276, 285, 286, 287","n_lines":13}},{"type":"Feature","geometry":{"type":"Point","coordinates":[35.195288,31.739309]},"properties":{"code":9801,"name":"דב יוסף/שבתאי הנגבי","lines":"31, 33, 92, 225, 226, 245, 246, 296, 299, 480, 505, 506, 531","n_lines":13}},{"type":"Feature","geometry":{"type":"Point","coordinates":[35.234681,31.838017]},"properties":{"code":2583,"name":"שדרות נווה יעקב/משה דיין","lines":"25, 45, 46, 49, 53, 59, 69, 81, 85, 412, 482, 569","n_lines":12}},{"type":"Feature","geometry":{"type":"Point","coordinates":[35.236692,31.838077]},"properties":{"code":1926,"name":"שד' נווה יעקב/אחימאיר","lines":"25, 45, 46, 49, 53, 59, 69, 81, 85, 412, 482, 569","n_lines":12}},{"type":"Feature","geometry":{"type":"Point","coordinates":[35.238882,31.83791]},"properties":{"code":1809,"name":"מרכז קהילתי/שד' נווה יעקב","lines":"25, 45, 46, 49, 53, 59, 69, 81, 85, 412, 482, 569","n_lines":12}},{"type":"Feature","geometry":{"type":"Point","coordinates":[35.240355,31.839491]},"properties":{"code":9970,"name":"שדרות נווה יעקב/הרב פרדס","lines":"25, 45, 46, 49, 53, 59, 69, 81, 85, 412, 482, 569","n_lines":12}},{"type":"Feature","geometry":{"type":"Point","coordinates":[35.203665,31.788654]},"properties":{"code":4169,"name":"ת. מרכזית ירושלים/יפו","lines":"1, 9, 39, 54, 66, 67, 68, 70, 163, 568, 39א, 66א","n_lines":12}},{"type":"Feature","geometry":{"type":"Point","coordinates":[35.217969,31.794822]},"properties":{"code":542,"name":"בר אילן/שמואל הנביא","lines":"52, 59, 64, 65, 67, 68, 69, 70, 89, 568, 824, 825","n_lines":12}},{"type":"Feature","geometry":{"type":"Point","coordinates":[35.207967,31.795224]},"properties":{"code":161,"name":"שמגר/אוהל יהושע","lines":"133, 134, 290, 291, 292, 293, 294, 296, 450, 451, 555, 556","n_lines":12}},{"type":"Feature","geometry":{"type":"Point","coordinates":[35.219798,31.791156]},"properties":{"code":1150,"name":"יחזקאל/רבנו גרשום","lines":"22, 25, 34, 36, 39, 45, 55, 56, 71, 72, 77, 77א","n_lines":12}},{"type":"Feature","geometry":{"type":"Point","coordinates":[35.219015,31.789988]},"properties":{"code":4037,"name":"יחזקאל/הושע","lines":"9, 22, 34, 36, 39, 55, 56, 59, 71, 72, 89, 39א","n_lines":12}},{"type":"Feature","geometry":{"type":"Point","coordinates":[35.217578,31.798247]},"properties":{"code":6271,"name":"גולדה/גבעת משה","lines":"36, 40, 56, 64, 67, 71, 72, 89, 136, 226, 246, 333","n_lines":12}},{"type":"Feature","geometry":{"type":"Point","coordinates":[35.25755,31.796492]},"properties":{"code":1415,"name":"מצודת אדומים","lines":"122, 123, 127, 174, 176, 177, 178, 285, 486, 487, 946, 961","n_lines":12}},{"type":"Feature","geometry":{"type":"Point","coordinates":[35.226081,31.783646]},"properties":{"code":2246,"name":"הנביאים/הע''ח","lines":"1, 3, 17, 19, 66, 163, 217, 239, 19א, 30א, 3א, 66א","n_lines":12}},{"type":"Feature","geometry":{"type":"Point","coordinates":[35.203237,31.783061]},"properties":{"code":203,"name":"חניון הלאום","lines":"31, 35, 50, 90, 109, 113, 114, 117, 156, 192, 430, 453","n_lines":12}},{"type":"Feature","geometry":{"type":"Point","coordinates":[35.192339,31.785995]},"properties":{"code":279,"name":"פרבשטיין/בית הדפוס","lines":"16, 33, 50, 91, 118, 121, 122, 225, 245, 505, 626, 822","n_lines":12}},{"type":"Feature","geometry":{"type":"Point","coordinates":[35.218554,31.749546]},"properties":{"code":3327,"name":"דרך חברון/התנופה","lines":"5, 12, 71, 72, 74, 75, 95, 163, 231, 232, 234, 239","n_lines":12}},{"type":"Feature","geometry":{"type":"Point","coordinates":[35.217018,31.746501]},"properties":{"code":3315,"name":"דרך חברון/צבי נוימן","lines":"5, 12, 71, 72, 74, 75, 95, 163, 231, 232, 234, 239","n_lines":12}},{"type":"Feature","geometry":{"type":"Point","coordinates":[35.216479,31.744918]},"properties":{"code":511,"name":"דרך חברון/אשר וינר","lines":"5, 12, 71, 72, 74, 75, 95, 163, 231, 232, 234, 239","n_lines":12}},{"type":"Feature","geometry":{"type":"Point","coordinates":[35.217879,31.747574]},"properties":{"code":3314,"name":"דרך חברון/צבי נוימן","lines":"5, 12, 71, 72, 74, 75, 95, 163, 231, 232, 234, 239","n_lines":12}},{"type":"Feature","geometry":{"type":"Point","coordinates":[35.213175,31.746675]},"properties":{"code":3300,"name":"האומן/ברעם","lines":"8, 10, 15, 30, 34, 49, 124, 371, 372, 377, 512, 30א","n_lines":12}},{"type":"Feature","geometry":{"type":"Point","coordinates":[35.219149,31.750307]},"properties":{"code":513,"name":"דרך חברון/התנופה","lines":"71, 72, 74, 75, 124, 163, 231, 232, 234, 239, 510, 30א","n_lines":12}},{"type":"Feature","geometry":{"type":"Point","coordinates":[35.22252,31.756638]},"properties":{"code":515,"name":"דרך חברון/דניאל ינובסקי","lines":"49, 71, 72, 74, 75, 124, 163, 231, 232, 234, 239, 30א","n_lines":12}},{"type":"Feature","geometry":{"type":"Point","coordinates":[35.223532,31.758987]},"properties":{"code":516,"name":"דרך חברון/אסתר המלכה","lines":"49, 71, 72, 74, 75, 124, 163, 231, 232, 234, 239, 30א","n_lines":12}},{"type":"Feature","geometry":{"type":"Point","coordinates":[35.227006,31.78776]},"properties":{"code":2899,"name":"בר לב/שבטי ישראל","lines":"3, 19, 49, 66, 124, 239, 333, 517, 19א, 30א, 3א, 66א","n_lines":12}},{"type":"Feature","geometry":{"type":"Point","coordinates":[35.2376,31.824384]},"properties":{"code":3014,"name":"תחנת רקל''ה פסגת זאב מרכז/משה דיין","lines":"22, 44, 46, 47, 49, 53, 65, 142, 148, 149, 251, 482","n_lines":12}},{"type":"Feature","geometry":{"type":"Point","coordinates":[35.240423,31.826083]},"properties":{"code":5854,"name":"תחנת רקל''ה סיירת דוכיפת/משה דיין","lines":"22, 25, 44, 46, 47, 49, 53, 65, 81, 149, 482, 541","n_lines":12}},{"type":"Feature","geometry":{"type":"Point","coordinates":[35.186397,31.748571]},"properties":{"code":3144,"name":"חניון רכבת מלחה/הורדה","lines":"6, 9, 18, 35, 77, 118, 411, 509, 516, 540, 626, 77א","n_lines":12}},{"type":"Feature","geometry":{"type":"Point","coordinates":[35.231522,31.783275]},"properties":{"code":6054,"name":"מסוף סולטאן סולימאן","lines":"205, 206, 226, 236, 255, 256, 257, 263, 275, 276, 286, 263א","n_lines":12}},{"type":"Feature","geometry":{"type":"Point","coordinates":[35.220704,31.794545]},"properties":{"code":541,"name":"שמואל הנביא/פישל","lines":"3, 36, 56, 71, 72, 96, 136, 163, 226, 246, 333, 3א","n_lines":12}},{"type":"Feature","geometry":{"type":"Point","coordinates":[35.218703,31.79711]},"properties":{"code":666,"name":"שמואל הנביא/בר אילן","lines":"3, 36, 56, 71, 72, 96, 136, 226, 246, 333, 970, 3א","n_lines":12}},{"type":"Feature","geometry":{"type":"Point","coordinates":[35.192721,31.792105]},"properties":{"code":176,"name":"גבעת שאול/רבי ישראל נג'ארה","lines":"16, 52, 54, 55, 64, 67, 69, 75, 304, 741, 972","n_lines":11}},{"type":"Feature","geometry":{"type":"Point","coordinates":[35.194683,31.791653]},"properties":{"code":174,"name":"גבעת שאול/הרב אהרון קוטלר","lines":"16, 52, 54, 55, 64, 67, 69, 75, 304, 741, 972","n_lines":11}},{"type":"Feature","geometry":{"type":"Point","coordinates":[35.195787,31.791204]},"properties":{"code":173,"name":"גבעת שאול/כתב סופר","lines":"16, 52, 54, 55, 64, 67, 69, 75, 304, 741, 972","n_lines":11}},{"type":"Feature","geometry":{"type":"Point","coordinates":[35.216208,31.794075]},"properties":{"code":543,"name":"בר אילן/חכם שמואל ברוכים","lines":"52, 59, 64, 65, 67, 68, 69, 89, 568, 824, 825","n_lines":11}},{"type":"Feature","geometry":{"type":"Point","coordinates":[35.187287,31.763319]},"properties":{"code":3292,"name":"הרב פרנק/משולם ראט","lines":"16, 26, 33, 39, 225, 245, 295, 516, 741, 26א, 39א","n_lines":11}},{"type":"Feature","geometry":{"type":"Point","coordinates":[35.186023,31.765691]},"properties":{"code":557,"name":"בית וגן/הרב אלפיה","lines":"16, 26, 33, 39, 225, 245, 295, 516, 741, 26א, 39א","n_lines":11}},{"type":"Feature","geometry":{"type":"Point","coordinates":[35.19259,31.786075]},"properties":{"code":1735,"name":"פרבשטיין/בית הדפוס","lines":"16, 50, 118, 121, 122, 225, 245, 295, 505, 626, 741","n_lines":11}},{"type":"Feature","geometry":{"type":"Point","coordinates":[35.186019,31.774226]},"properties":{"code":3287,"name":"בי''ח שערי צדק/בייט","lines":"5, 39, 91, 95, 118, 505, 508, 516, 626, 630, 39א","n_lines":11}},{"type":"Feature","geometry":{"type":"Point","coordinates":[35.238521,31.81926]},"properties":{"code":2802,"name":"יקותיאל אדם/דוד ניב","lines":"22, 46, 49, 53, 65, 66, 142, 148, 482, 540, 66א","n_lines":11}},{"type":"Feature","geometry":{"type":"Point","coordinates":[35.237535,31.823881]},"properties":{"code":2806,"name":"תחנת רקל''ה פסגת זאב מרכז/משה דיין","lines":"22, 44, 46, 47, 49, 53, 65, 142, 148, 149, 482","n_lines":11}},{"type":"Feature","geometry":{"type":"Point","coordinates":[35.230183,31.797236]},"properties":{"code":9808,"name":"שדרות חיים ברלב/שרגאי","lines":"19, 30, 49, 66, 124, 125, 226, 239, 246, 517, 66א","n_lines":11}},{"type":"Feature","geometry":{"type":"Point","coordinates":[35.227051,31.775198]},"properties":{"code":522,"name":"חטיבת ירושלים/ יצחק קריב","lines":"30, 124, 125, 163, 203, 204, 231, 232, 234, 239, 286","n_lines":11}},{"type":"Feature","geometry":{"type":"Point","coordinates":[35.234922,31.806874]},"properties":{"code":3114,"name":"תחנת רקל''ה גבעת המבתר/יגאל ידין","lines":"46, 53, 81, 85, 127, 207, 254, 486, 487, 961, 966","n_lines":11}},{"type":"Feature","geometry":{"type":"Point","coordinates":[35.198555,31.758025]},"properties":{"code":1525,"name":"צומת פת/הרב הרצוג","lines":"5, 6, 9, 17, 19, 42, 92, 509, 517, 19א, 42א","n_lines":11}},{"type":"Feature","geometry":{"type":"Point","coordinates":[35.200001,31.759591]},"properties":{"code":1698,"name":"בית הנוער העברי/הרב הרצוג","lines":"5, 6, 9, 17, 19, 42, 92, 509, 517, 19א, 42א","n_lines":11}},{"type":"Feature","geometry":{"type":"Point","coordinates":[35.215671,31.78205]},"properties":{"code":9862,"name":"עליאש","lines":"9, 17, 19, 22, 25, 45, 72, 77, 92, 19א, 77א","n_lines":11}},{"type":"Feature","geometry":{"type":"Point","coordinates":[35.221369,31.783673]},"properties":{"code":3379,"name":"הנביאים/הרב קוק","lines":"1, 17, 18, 19, 34, 66, 71, 74, 217, 19א, 66א","n_lines":11}},{"type":"Feature","geometry":{"type":"Point","coordinates":[35.229997,31.787402]},"properties":{"code":255,"name":"משרד המשפטים/צלאח א דין","lines":"17, 112, 201, 207, 218, 254, 263, 273, 274, 218א, 263א","n_lines":11}},{"type":"Feature","geometry":{"type":"Point","coordinates":[35.226734,31.800174]},"properties":{"code":1784,"name":"שדרות לוי אשכול/קרל נטר","lines":"22, 25, 45, 59, 65, 68, 69, 70, 143, 568, 825","n_lines":11}},{"type":"Feature","geometry":{"type":"Point","coordinates":[35.223947,31.798999]},"properties":{"code":1375,"name":"שדרות לוי אשכול/משמר הגבול","lines":"22, 25, 45, 59, 65, 68, 69, 77, 568, 825, 77א","n_lines":11}},{"type":"Feature","geometry":{"type":"Point","coordinates":[35.214098,31.745527]},"properties":{"code":3299,"name":"ברעם/האומן","lines":"30, 49, 88, 366, 371, 372, 374, 377, 490, 512, 30א","n_lines":11}},{"type":"Feature","geometry":{"type":"Point","coordinates":[35.224792,31.761215]},"properties":{"code":5936,"name":"דרך חברון/אלבק","lines":"71, 72, 74, 75, 124, 163, 231, 232, 234, 239, 30א","n_lines":11}},{"type":"Feature","geometry":{"type":"Point","coordinates":[35.224859,31.780661]},"properties":{"code":2896,"name":"ככר ספרא/שבטי ישראל","lines":"1, 17, 18, 34, 66, 71, 74, 163, 239, 30א, 66א","n_lines":11}},{"type":"Feature","geometry":{"type":"Point","coordinates":[35.224569,31.782023]},"properties":{"code":3034,"name":"שבטי ישראל/הלני המלכה","lines":"1, 17, 18, 34, 66, 71, 74, 163, 239, 30א, 66א","n_lines":11}},{"type":"Feature","geometry":{"type":"Point","coordinates":[35.239477,31.819783]},"properties":{"code":2798,"name":"יקותיאל אדם/דוד ניב","lines":"22, 46, 49, 53, 65, 66, 142, 148, 482, 540, 66א","n_lines":11}},{"type":"Feature","geometry":{"type":"Point","coordinates":[35.236798,31.819004]},"properties":{"code":2803,"name":"יקותיאל אדם/תמיר","lines":"22, 46, 49, 53, 65, 66, 142, 148, 482, 540, 66א","n_lines":11}},{"type":"Feature","geometry":{"type":"Point","coordinates":[35.183779,31.755666]},"properties":{"code":4256,"name":"גולומב/קוליץ","lines":"10, 19, 42, 225, 245, 411, 510, 516, 517, 19א, 42א","n_lines":11}},{"type":"Feature","geometry":{"type":"Point","coordinates":[35.234642,31.783407]},"properties":{"code":439,"name":"בי''ס ראשידה/סולטאן סולימאן","lines":"205, 206, 226, 236, 255, 256, 257, 275, 276, 285, 287","n_lines":11}},{"type":"Feature","geometry":{"type":"Point","coordinates":[35.238456,31.780728]},"properties":{"code":434,"name":"דרך יריחו/דרך העופל","lines":"1, 3, 51, 205, 206, 236, 256, 257, 276, 333, 3א","n_lines":11}},{"type":"Feature","geometry":{"type":"Point","coordinates":[35.213941,31.745159]},"properties":{"code":4021,"name":"ברעם/האומן","lines":"30, 49, 88, 366, 371, 372, 374, 376, 377, 490, 512","n_lines":11}},{"type":"Feature","geometry":{"type":"Point","coordinates":[35.202069,31.732231]},"properties":{"code":200,"name":"הרוזמרין/כביש המנהרות","lines":"4, 30, 71, 72, 225, 226, 245, 246, 296, 505, 506","n_lines":11}},{"type":"Feature","geometry":{"type":"Point","coordinates":[35.210971,31.792098]},"properties":{"code":5058,"name":"ירמיהו/מנחת יצחק","lines":"64, 65, 67, 68, 69, 163, 568, 970, 971, 972","n_lines":10}},{"type":"Feature","geometry":{"type":"Point","coordinates":[35.222887,31.797691]},"properties":{"code":1352,"name":"שד' אשכול/משמר הגבול","lines":"22, 25, 45, 59, 65, 68, 69, 77, 568, 77א","n_lines":10}},{"type":"Feature","geometry":{"type":"Point","coordinates":[35.206146,31.789128]},"properties":{"code":78,"name":"שרי ישראל/יפו","lines":"1, 9, 39, 54, 67, 68, 163, 568, 742, 39א","n_lines":10}},{"type":"Feature","geometry":{"type":"Point","coordinates":[35.210892,31.796595]},"properties":{"code":3859,"name":"זית רענן/אהל יהושע","lines":"3, 9, 16, 51, 52, 57, 89, 96, 971, 3א","n_lines":10}},{"type":"Feature","geometry":{"type":"Point","coordinates":[35.206918,31.799165]},"properties":{"code":117,"name":"קרית הילד/סורוצקין","lines":"3, 9, 16, 51, 52, 57, 89, 96, 824, 3א","n_lines":10}},{"type":"Feature","geometry":{"type":"Point","coordinates":[35.205601,31.797829]},"properties":{"code":119,"name":"סורוצקין/שנירר","lines":"3, 9, 16, 51, 52, 57, 89, 96, 824, 3א","n_lines":10}},{"type":"Feature","geometry":{"type":"Point","coordinates":[35.206094,31.796033]},"properties":{"code":121,"name":"מרכז סולם/סורוצקין","lines":"3, 9, 16, 51, 52, 57, 89, 96, 824, 3א","n_lines":10}},{"type":"Feature","geometry":{"type":"Point","coordinates":[35.205216,31.794958]},"properties":{"code":123,"name":"אוהל דוד/סורוצקין","lines":"3, 9, 16, 51, 52, 57, 89, 96, 824, 3א","n_lines":10}},{"type":"Feature","geometry":{"type":"Point","coordinates":[35.203413,31.794565]},"properties":{"code":125,"name":"נווה שמחה/סורוצקין","lines":"3, 9, 16, 51, 52, 57, 89, 96, 824, 3א","n_lines":10}},{"type":"Feature","geometry":{"type":"Point","coordinates":[35.201842,31.79591]},"properties":{"code":127,"name":"פנים מאירות","lines":"3, 9, 16, 51, 52, 57, 89, 96, 824, 3א","n_lines":10}},{"type":"Feature","geometry":{"type":"Point","coordinates":[35.20051,31.796941]},"properties":{"code":129,"name":"המ''ג/פנים מאירות","lines":"3, 9, 16, 51, 52, 57, 89, 96, 824, 3א","n_lines":10}},{"type":"Feature","geometry":{"type":"Point","coordinates":[35.182803,31.773916]},"properties":{"code":547,"name":"שדרות הרצל/הר הרצל","lines":"16, 28, 33, 35, 39, 225, 245, 411, 508, 516","n_lines":10}},{"type":"Feature","geometry":{"type":"Point","coordinates":[35.182613,31.768867]},"properties":{"code":551,"name":"הפסגה/הרשד''ם","lines":"16, 33, 35, 39, 225, 245, 411, 508, 516, 741","n_lines":10}},{"type":"Feature","geometry":{"type":"Point","coordinates":[35.218668,31.787193]},"properties":{"code":3607,"name":"ככר השבת/שטראוס","lines":"9, 22, 34, 36, 56, 59, 71, 72, 77, 77א","n_lines":10}},{"type":"Feature","geometry":{"type":"Point","coordinates":[35.218759,31.785084]},"properties":{"code":3352,"name":"שטראוס/פראג","lines":"9, 22, 34, 36, 56, 59, 71, 72, 77, 77א","n_lines":10}},{"type":"Feature","geometry":{"type":"Point","coordinates":[35.215537,31.782295]},"properties":{"code":3541,"name":"עליאש","lines":"9, 17, 19, 22, 72, 75, 77, 78, 92, 77א","n_lines":10}},{"type":"Feature","geometry":{"type":"Point","coordinates":[35.197596,31.77864]},"properties":{"code":1836,"name":"קמפוס ספרא/מסוף הכניסה לאוניברסיטה","lines":"7, 9, 14, 35, 42, 66, 68, 568, 42א, 66א","n_lines":10}},{"type":"Feature","geometry":{"type":"Point","coordinates":[35.199961,31.760749]},"properties":{"code":1512,"name":"הרב הרצוג/שח''ל","lines":"5, 6, 9, 17, 19, 42, 92, 490, 509, 517","n_lines":10}},{"type":"Feature","geometry":{"type":"Point","coordinates":[35.18469,31.75885]},"properties":{"code":544,"name":"זילברג/קדיש לוז","lines":"16, 26, 33, 39, 225, 245, 295, 516, 26א, 39א","n_lines":10}},{"type":"Feature","geometry":{"type":"Point","coordinates":[35.247107,31.83804]},"properties":{"code":1497,"name":"הרב ש''י זווין/הרב וינוגרד","lines":"45, 59, 69, 81, 85, 569, 740, 745, 825, 890","n_lines":10}},{"type":"Feature","geometry":{"type":"Point","coordinates":[35.248379,31.839049]},"properties":{"code":2981,"name":"זווין/וינוגרד","lines":"45, 59, 69, 81, 85, 569, 740, 745, 825, 890","n_lines":10}},{"type":"Feature","geometry":{"type":"Point","coordinates":[35.249404,31.841043]},"properties":{"code":2982,"name":"זווין/אליאך","lines":"45, 59, 69, 81, 85, 569, 740, 745, 825, 890","n_lines":10}},{"type":"Feature","geometry":{"type":"Point","coordinates":[35.248817,31.8432]},"properties":{"code":2983,"name":"זווין/ניימן ב'","lines":"45, 59, 69, 81, 85, 569, 740, 745, 825, 890","n_lines":10}},{"type":"Feature","geometry":{"type":"Point","coordinates":[35.247598,31.842425]},"properties":{"code":3087,"name":"ישיבת דעת יוסף/זויין","lines":"45, 59, 69, 81, 85, 569, 740, 745, 825, 890","n_lines":10}},{"type":"Feature","geometry":{"type":"Point","coordinates":[35.247093,31.840605]},"properties":{"code":5825,"name":"אסטורה/כפר עברי","lines":"45, 59, 69, 81, 85, 569, 740, 745, 825, 890","n_lines":10}},{"type":"Feature","geometry":{"type":"Point","coordinates":[35.246263,31.840235]},"properties":{"code":1488,"name":"הרב פרדס/אסטורה","lines":"25, 46, 49, 53, 59, 69, 85, 482, 740, 825","n_lines":10}},{"type":"Feature","geometry":{"type":"Point","coordinates":[35.24568,31.841686]},"properties":{"code":1812,"name":"הרב פרדס/הרב פניז'ל","lines":"25, 46, 49, 53, 59, 69, 85, 482, 740, 825","n_lines":10}},{"type":"Feature","geometry":{"type":"Point","coordinates":[35.244296,31.84319]},"properties":{"code":1944,"name":"הרב פרדס/אשר גולאק","lines":"25, 46, 49, 53, 59, 69, 85, 482, 740, 825","n_lines":10}},{"type":"Feature","geometry":{"type":"Point","coordinates":[35.243012,31.844559]},"properties":{"code":60028,"name":"הרב פרדס/צוקרמן","lines":"25, 46, 49, 53, 59, 69, 85, 482, 740, 825","n_lines":10}},{"type":"Feature","geometry":{"type":"Point","coordinates":[35.241776,31.845]},"properties":{"code":61157,"name":"הרב פרדס/מאיר בלבן","lines":"25, 46, 49, 53, 59, 69, 85, 482, 740, 825","n_lines":10}},{"type":"Feature","geometry":{"type":"Point","coordinates":[35.231598,31.837748]},"properties":{"code":1487,"name":"מסוף 700/שד' נווה יעקב","lines":"22, 45, 59, 69, 85, 541, 569, 740, 745, 825","n_lines":10}},{"type":"Feature","geometry":{"type":"Point","coordinates":[35.238427,31.801604]},"properties":{"code":1648,"name":"ההגנה/לוחמי הגטאות","lines":"42, 53, 61, 68, 77, 120, 126, 152, 481, 77א","n_lines":10}},{"type":"Feature","geometry":{"type":"Point","coordinates":[35.238147,31.802717]},"properties":{"code":1412,"name":"מרכז מסחרי/ההגנה","lines":"42, 53, 61, 68, 77, 120, 126, 152, 481, 77א","n_lines":10}},{"type":"Feature","geometry":{"type":"Point","coordinates":[35.236591,31.803953]},"properties":{"code":3850,"name":"ההגנה/אצ''ל","lines":"42, 53, 61, 68, 77, 120, 126, 152, 481, 77א","n_lines":10}},{"type":"Feature","geometry":{"type":"Point","coordinates":[35.200707,31.783688]},"properties":{"code":3054,"name":"שדרות יצחק רבין/נתנאל לורך","lines":"31, 50, 66, 100, 121, 122, 192, 614, 630, 66א","n_lines":10}},{"type":"Feature","geometry":{"type":"Point","coordinates":[35.198792,31.780976]},"properties":{"code":4208,"name":"וולפסון/קפלן","lines":"35, 42, 68, 121, 122, 156, 430, 568, 614, 42א","n_lines":10}},{"type":"Feature","geometry":{"type":"Point","coordinates":[35.216156,31.77773]},"properties":{"code":3857,"name":"המלך ג'ורג'/קק''ל","lines":"7, 22, 72, 75, 77, 78, 92, 480, 19א, 77א","n_lines":10}},{"type":"Feature","geometry":{"type":"Point","coordinates":[35.202593,31.788603]},"properties":{"code":4156,"name":"ת. מרכזית ירושלים/יפו","lines":"18, 27, 62, 74, 75, 151, 154, 156, 157, 158","n_lines":10}},{"type":"Feature","geometry":{"type":"Point","coordinates":[35.214537,31.783603]},"properties":{"code":6134,"name":"אגריפס/כי''ח","lines":"9, 17, 19, 22, 25, 45, 72, 77, 19א, 77א","n_lines":10}},{"type":"Feature","geometry":{"type":"Point","coordinates":[35.229001,31.789365]},"properties":{"code":257,"name":"דרך שכם/לואי ונסן","lines":"17, 201, 207, 218, 254, 263, 273, 274, 218א, 263א","n_lines":10}},{"type":"Feature","geometry":{"type":"Point","coordinates":[35.229086,31.792304]},"properties":{"code":264,"name":"דרך שכם/טובלר","lines":"17, 201, 207, 218, 254, 263, 273, 274, 218א, 263א","n_lines":10}},{"type":"Feature","geometry":{"type":"Point","coordinates":[35.236623,31.79708]},"properties":{"code":9999,"name":"אהרון קציר/שדרות צ'רצ'יל","lines":"17, 19, 34, 48, 102, 280, 568, 19א, 30א, 48א","n_lines":10}},{"type":"Feature","geometry":{"type":"Point","coordinates":[35.229602,31.800305]},"properties":{"code":1783,"name":"שד' אשכול/ששת הימים","lines":"22, 25, 45, 59, 65, 68, 69, 143, 568, 825","n_lines":10}},{"type":"Feature","geometry":{"type":"Point","coordinates":[35.20423,31.785134]},"properties":{"code":6138,"name":"בנייני האומה/הנשיא השישי","lines":"31, 50, 90, 113, 114, 116, 117, 192, 489, 630","n_lines":10}},{"type":"Feature","geometry":{"type":"Point","coordinates":[35.191509,31.748758]},"properties":{"code":3093,"name":"מסוף מלחה/בנבנישתי","lines":"5, 14, 31, 33, 160, 299, 366, 374, 376, 512","n_lines":10}},{"type":"Feature","geometry":{"type":"Point","coordinates":[35.213997,31.75018]},"properties":{"code":5987,"name":"הסדנא/פייר קניג","lines":"5, 10, 12, 15, 30, 34, 95, 124, 510, 30א","n_lines":10}},{"type":"Feature","geometry":{"type":"Point","coordinates":[35.181099,31.739643]},"properties":{"code":2535,"name":"מסוף גילה/המרגלית","lines":"4, 30, 31, 33, 71, 72, 80, 92, 531, 30א","n_lines":10}},{"type":"Feature","geometry":{"type":"Point","coordinates":[35.22673,31.790378]},"properties":{"code":5951,"name":"שדרות בר לב/זקס","lines":"19, 49, 66, 124, 125, 239, 517, 19א, 30א, 66א","n_lines":10}},{"type":"Feature","geometry":{"type":"Point","coordinates":[35.181507,31.771014]},"properties":{"code":5645,"name":"תחנת רכבת קלה הר הרצל","lines":"10, 20, 21, 23, 24, 26, 29, 510, 23א, 26א","n_lines":10}},{"type":"Feature","geometry":{"type":"Point","coordinates":[35.181551,31.770655]},"properties":{"code":5641,"name":"תחנת רכבת קלה הר הרצל","lines":"10, 20, 21, 23, 24, 26, 29, 510, 23א, 26א","n_lines":10}},{"type":"Feature","geometry":{"type":"Point","coordinates":[35.24531,31.839221]},"properties":{"code":2003,"name":"הרב פרדס/צ'רלס לוץ","lines":"25, 45, 46, 49, 53, 81, 482, 569, 745, 890","n_lines":10}},{"type":"Feature","geometry":{"type":"Point","coordinates":[35.243021,31.839617]},"properties":{"code":6233,"name":"הרב פרדס/ליבנה","lines":"25, 45, 46, 49, 53, 81, 482, 569, 745, 890","n_lines":10}},{"type":"Feature","geometry":{"type":"Point","coordinates":[35.24107,31.840649]},"properties":{"code":2004,"name":"הרב פרדס/שדרות נווה יעקב","lines":"25, 45, 46, 49, 53, 81, 482, 569, 745, 890","n_lines":10}},{"type":"Feature","geometry":{"type":"Point","coordinates":[35.224269,31.784041]},"properties":{"code":2364,"name":"הנביאים/שבטי ישראל","lines":"1, 17, 18, 19, 34, 66, 71, 74, 163, 66א","n_lines":10}},{"type":"Feature","geometry":{"type":"Point","coordinates":[35.220946,31.783873]},"properties":{"code":2836,"name":"הנביאים/הרב קוק","lines":"1, 17, 18, 19, 34, 66, 71, 74, 163, 66א","n_lines":10}},{"type":"Feature","geometry":{"type":"Point","coordinates":[35.186673,31.750949]},"properties":{"code":4171,"name":"קניון מלחה/א''ס מכבי","lines":"6, 9, 18, 33, 77, 363, 509, 516, 540, 77א","n_lines":10}},{"type":"Feature","geometry":{"type":"Point","coordinates":[35.171418,31.762076]},"properties":{"code":5593,"name":"המפלצת/סולד","lines":"19, 20, 23, 27, 42, 508, 510, 630, 23א, 27א","n_lines":10}},{"type":"Feature","geometry":{"type":"Point","coordinates":[35.224646,31.767851]},"properties":{"code":1057,"name":"דוד רמז/החאן","lines":"38, 71, 72, 74, 75, 78, 83, 91, 480, 83א","n_lines":10}},{"type":"Feature","geometry":{"type":"Point","coordinates":[35.229972,31.770901]},"properties":{"code":1879,"name":"הר ציון/מעלה השלום","lines":"1, 2, 3, 38, 83, 276, 333, 882, 3א, 83א","n_lines":10}},{"type":"Feature","geometry":{"type":"Point","coordinates":[35.181218,31.739311]},"properties":{"code":2721,"name":"מסוף גילה/המרגלית","lines":"19, 30, 31, 33, 71, 72, 80, 92, 480, 531","n_lines":10}},{"type":"Feature","geometry":{"type":"Point","coordinates":[35.208232,31.792338]},"properties":{"code":1683,"name":"ירמיהו/שמגר","lines":"189, 277, 290, 291, 292, 293, 294, 296, 450, 451","n_lines":10}},{"type":"Feature","geometry":{"type":"Point","coordinates":[35.170154,31.760631]},"properties":{"code":938,"name":"מרכז פיליפ ליאון/סולד","lines":"19, 20, 23, 27, 42, 508, 510, 19א, 23א, 42א","n_lines":10}},{"type":"Feature","geometry":{"type":"Point","coordinates":[35.194675,31.734036]},"properties":{"code":201,"name":"תחנת רקל''ה הרוזמרין/דב יוסף","lines":"225, 226, 245, 246, 296, 299, 480, 505, 506, 531","n_lines":10}},{"type":"Feature","geometry":{"type":"Point","coordinates":[35.202031,31.731185]},"properties":{"code":224,"name":"כביש 60/הרוזמרין","lines":"225, 226, 239, 245, 246, 296, 371, 372, 377, 384","n_lines":10}},{"type":"Feature","geometry":{"type":"Point","coordinates":[35.225737,31.799515]},"properties":{"code":1731,"name":"שדרות לוי אשכול/קרל נטר","lines":"22, 25, 45, 59, 65, 68, 69, 143, 568","n_lines":9}},{"type":"Feature","geometry":{"type":"Point","coordinates":[35.241743,31.844842]},"properties":{"code":61158,"name":"הרב פרדס/מאיר בלבן","lines":"25, 46, 49, 53, 59, 69, 85, 412, 482","n_lines":9}},{"type":"Feature","geometry":{"type":"Point","coordinates":[35.245242,31.841849]},"properties":{"code":5960,"name":"הרב פרדס/הרב פניז'ל","lines":"25, 46, 49, 53, 59, 69, 85, 412, 482","n_lines":9}},{"type":"Feature","geometry":{"type":"Point","coordinates":[35.246045,31.840772]},"properties":{"code":5948,"name":"הרב פרדס/אסטורה","lines":"25, 46, 49, 53, 59, 69, 85, 412, 482","n_lines":9}},{"type":"Feature","geometry":{"type":"Point","coordinates":[35.213735,31.800976]},"properties":{"code":1684,"name":"חניון הרטום","lines":"110, 137, 139, 290, 291, 292, 293, 294, 296","n_lines":9}},{"type":"Feature","geometry":{"type":"Point","coordinates":[35.211684,31.79508]},"properties":{"code":112,"name":"יעקובזון/עזרת תורה","lines":"3, 9, 16, 51, 52, 57, 96, 970, 3א","n_lines":9}},{"type":"Feature","geometry":{"type":"Point","coordinates":[35.199127,31.795854]},"properties":{"code":9935,"name":"המ''ג/גדרה","lines":"3, 9, 16, 51, 52, 57, 89, 824, 3א","n_lines":9}},{"type":"Feature","geometry":{"type":"Point","coordinates":[35.199964,31.790655]},"properties":{"code":388,"name":"המ''ג/ירמיהו","lines":"3, 16, 52, 89, 96, 377, 401, 824, 3א","n_lines":9}},{"type":"Feature","geometry":{"type":"Point","coordinates":[35.184961,31.777119]},"properties":{"code":2035,"name":"תחנת רקל''ה יפה נוף","lines":"5, 21, 28, 33, 35, 39, 91, 95, 505","n_lines":9}},{"type":"Feature","geometry":{"type":"Point","coordinates":[35.182288,31.770974]},"properties":{"code":197,"name":"הפסגה/שד' הרצל","lines":"16, 33, 35, 39, 225, 245, 508, 516, 741","n_lines":9}},{"type":"Feature","geometry":{"type":"Point","coordinates":[35.183562,31.766926]},"properties":{"code":242,"name":"הפסגה/תורה ועבודה","lines":"16, 26, 33, 39, 225, 245, 516, 741, 26א","n_lines":9}},{"type":"Feature","geometry":{"type":"Point","coordinates":[35.183915,31.764961]},"properties":{"code":554,"name":"הרב פרנק/הפסגה","lines":"16, 26, 33, 39, 225, 245, 516, 741, 26א","n_lines":9}},{"type":"Feature","geometry":{"type":"Point","coordinates":[35.185177,31.763742]},"properties":{"code":555,"name":"קרית נוער/הרב פרנק","lines":"16, 26, 33, 39, 225, 245, 516, 741, 26א","n_lines":9}},{"type":"Feature","geometry":{"type":"Point","coordinates":[35.199983,31.793623]},"properties":{"code":132,"name":"המ''ג/ראשון לציון","lines":"3, 9, 16, 52, 57, 89, 96, 742, 3א","n_lines":9}},{"type":"Feature","geometry":{"type":"Point","coordinates":[35.199621,31.794802]},"properties":{"code":350,"name":"המ''ג/זכרון יעקב","lines":"3, 9, 16, 52, 57, 89, 96, 742, 3א","n_lines":9}},{"type":"Feature","geometry":{"type":"Point","coordinates":[35.199964,31.796655]},"properties":{"code":130,"name":"המ''ג/פנים מאירות","lines":"3, 9, 16, 52, 57, 89, 96, 742, 3א","n_lines":9}},{"type":"Feature","geometry":{"type":"Point","coordinates":[35.2018,31.795494]},"properties":{"code":352,"name":"פנים מאירות","lines":"3, 9, 16, 52, 57, 89, 96, 742, 3א","n_lines":9}},{"type":"Feature","geometry":{"type":"Point","coordinates":[35.203503,31.794507]},"properties":{"code":126,"name":"נווה שמחה/סורוצקין","lines":"3, 9, 16, 52, 57, 89, 96, 742, 3א","n_lines":9}},{"type":"Feature","geometry":{"type":"Point","coordinates":[35.204948,31.794897]},"properties":{"code":124,"name":"אוהל דוד/סורוצקין","lines":"3, 9, 16, 52, 57, 89, 96, 742, 3א","n_lines":9}},{"type":"Feature","geometry":{"type":"Point","coordinates":[35.205739,31.797433]},"properties":{"code":120,"name":"סורוצקין/שנירר","lines":"3, 9, 16, 52, 57, 89, 96, 742, 3א","n_lines":9}},{"type":"Feature","geometry":{"type":"Point","coordinates":[35.207193,31.799051]},"properties":{"code":1247,"name":"קרית הילד/סורוצקין","lines":"3, 9, 16, 52, 57, 89, 96, 742, 3א","n_lines":9}},{"type":"Feature","geometry":{"type":"Point","coordinates":[35.208878,31.798689]},"properties":{"code":116,"name":"זית רענן/תורת חסד","lines":"3, 9, 16, 52, 57, 89, 96, 742, 3א","n_lines":9}},{"type":"Feature","geometry":{"type":"Point","coordinates":[35.211065,31.796255]},"properties":{"code":113,"name":"זית רענן/אוהל יהושע","lines":"3, 9, 16, 52, 57, 89, 96, 742, 3א","n_lines":9}},{"type":"Feature","geometry":{"type":"Point","coordinates":[35.203705,31.775597]},"properties":{"code":9918,"name":"רופין/קפלן","lines":"9, 14, 100, 113, 121, 122, 156, 430, 614","n_lines":9}},{"type":"Feature","geometry":{"type":"Point","coordinates":[35.200059,31.790711]},"properties":{"code":136,"name":"המ''ג/ירמיהו","lines":"3, 16, 52, 89, 96, 377, 401, 972, 3א","n_lines":9}},{"type":"Feature","geometry":{"type":"Point","coordinates":[35.21479,31.800041]},"properties":{"code":664,"name":"ישיבת חורב/שדרות גולדה מאיר","lines":"16, 39, 40, 57, 226, 246, 333, 422, 39א","n_lines":9}},{"type":"Feature","geometry":{"type":"Point","coordinates":[35.179644,31.787754]},"properties":{"code":230,"name":"רוזנטל/כנפי נשרים","lines":"33, 52, 55, 74, 225, 245, 295, 304, 377","n_lines":9}},{"type":"Feature","geometry":{"type":"Point","coordinates":[35.178432,31.789009]},"properties":{"code":9904,"name":"רוזנטל","lines":"33, 52, 55, 74, 225, 245, 295, 304, 377","n_lines":9}},{"type":"Feature","geometry":{"type":"Point","coordinates":[35.173651,31.788077]},"properties":{"code":232,"name":"קצנלבוגן/מעלות בוסטון","lines":"33, 52, 55, 74, 225, 245, 295, 304, 377","n_lines":9}},{"type":"Feature","geometry":{"type":"Point","coordinates":[35.175045,31.786894]},"properties":{"code":2612,"name":"קצנלבוגן/הקבלן","lines":"33, 52, 55, 74, 225, 245, 295, 304, 377","n_lines":9}},{"type":"Feature","geometry":{"type":"Point","coordinates":[35.174993,31.783625]},"properties":{"code":234,"name":"דבר ירושלים/קצנלבוגן","lines":"33, 52, 55, 74, 225, 245, 295, 304, 377","n_lines":9}},{"type":"Feature","geometry":{"type":"Point","coordinates":[35.177453,31.782684]},"properties":{"code":235,"name":"ישיבת ויזניץ/קצנלבוגן","lines":"33, 52, 55, 74, 225, 245, 295, 304, 377","n_lines":9}},{"type":"Feature","geometry":{"type":"Point","coordinates":[35.177826,31.784417]},"properties":{"code":236,"name":"קצנלבוגן/הפלאה","lines":"33, 52, 55, 74, 225, 245, 295, 304, 377","n_lines":9}},{"type":"Feature","geometry":{"type":"Point","coordinates":[35.178884,31.785614]},"properties":{"code":237,"name":"כפר שאול/קצנלבוגן","lines":"33, 52, 55, 74, 225, 245, 295, 304, 377","n_lines":9}},{"type":"Feature","geometry":{"type":"Point","coordinates":[35.228603,31.797692]},"properties":{"code":9807,"name":"גבעת התחמושת/שרגאי","lines":"34, 40, 52, 143, 226, 239, 246, 308, 422","n_lines":9}},{"type":"Feature","geometry":{"type":"Point","coordinates":[35.20034,31.816346]},"properties":{"code":2190,"name":"שיבת ציון/סילבר","lines":"31, 61, 63, 64, 71, 81, 471, 480, 64א","n_lines":9}},{"type":"Feature","geometry":{"type":"Point","coordinates":[35.199314,31.815446]},"properties":{"code":332,"name":"שיבת ציון/טללים","lines":"31, 61, 63, 64, 71, 81, 471, 480, 64א","n_lines":9}},{"type":"Feature","geometry":{"type":"Point","coordinates":[35.196896,31.815421]},"properties":{"code":2722,"name":"שיבת ציון/גולדה","lines":"31, 61, 63, 64, 71, 81, 471, 480, 64א","n_lines":9}},{"type":"Feature","geometry":{"type":"Point","coordinates":[35.226335,31.807435]},"properties":{"code":1330,"name":"חזון איש/מסוף רמת שלמה","lines":"56, 57, 67, 85, 86, 87, 567, 743, 823","n_lines":9}},{"type":"Feature","geometry":{"type":"Point","coordinates":[35.238384,31.798808]},"properties":{"code":1281,"name":"חיים יסקי/ צ'רצ'יל","lines":"42, 53, 61, 68, 120, 126, 152, 201, 481","n_lines":9}},{"type":"Feature","geometry":{"type":"Point","coordinates":[35.226371,31.789283]},"properties":{"code":2816,"name":"שדרות בר לב/זקס","lines":"19, 30, 49, 66, 124, 125, 239, 517, 66א","n_lines":9}},{"type":"Feature","geometry":{"type":"Point","coordinates":[35.226832,31.786896]},"properties":{"code":2897,"name":"חיל ההנדסה/שבטי ישראל","lines":"30, 49, 66, 124, 125, 136, 333, 517, 66א","n_lines":9}},{"type":"Feature","geometry":{"type":"Point","coordinates":[35.227177,31.784434]},"properties":{"code":2898,"name":"חיל ההנדסה/נעמי קיס","lines":"17, 30, 49, 66, 124, 125, 333, 517, 66א","n_lines":9}},{"type":"Feature","geometry":{"type":"Point","coordinates":[35.212684,31.75012]},"properties":{"code":3304,"name":"הסדנא/פייר קניג","lines":"5, 10, 12, 15, 30, 34, 49, 124, 125","n_lines":9}},{"type":"Feature","geometry":{"type":"Point","coordinates":[35.216057,31.78082]},"properties":{"code":3605,"name":"המלך ג'ורג'/בן יהודה","lines":"7, 22, 72, 75, 77, 78, 92, 19א, 77א","n_lines":9}},{"type":"Feature","geometry":{"type":"Point","coordinates":[35.200164,31.762081]},"properties":{"code":1526,"name":"הרב הרצוג/שח''ל","lines":"17, 19, 42, 92, 490, 509, 517, 19א, 42א","n_lines":9}},{"type":"Feature","geometry":{"type":"Point","coordinates":[35.200539,31.785239]},"properties":{"code":6229,"name":"ביטוח לאומי","lines":"15, 50, 360, 361, 362, 363, 364, 365, 366","n_lines":9}},{"type":"Feature","geometry":{"type":"Point","coordinates":[35.199114,31.752072]},"properties":{"code":2715,"name":"דב יוסף/פת","lines":"5, 14, 31, 92, 160, 366, 374, 376, 512","n_lines":9}},{"type":"Feature","geometry":{"type":"Point","coordinates":[35.219951,31.730285]},"properties":{"code":5852,"name":"משטרה/שמואל מאיר","lines":"4, 5, 74, 75, 95, 480, 504, 505, 506","n_lines":9}},{"type":"Feature","geometry":{"type":"Point","coordinates":[35.225649,31.770856]},"properties":{"code":518,"name":"הסינמטק/דרך חברון","lines":"124, 163, 203, 204, 231, 232, 234, 239, 30א","n_lines":9}},{"type":"Feature","geometry":{"type":"Point","coordinates":[35.178015,31.768226]},"properties":{"code":1726,"name":"זנגוויל/תורה ועבודה","lines":"10, 21, 23, 24, 26, 35, 508, 23א, 26א","n_lines":9}},{"type":"Feature","geometry":{"type":"Point","coordinates":[35.190675,31.783646]},"properties":{"code":5834,"name":"איש שלום/פרבשטיין","lines":"16, 27, 33, 35, 91, 118, 411, 505, 27א","n_lines":9}},{"type":"Feature","geometry":{"type":"Point","coordinates":[35.238195,31.828827]},"properties":{"code":3012,"name":"תחנת רקל''ה חיל האוויר/משה דיין","lines":"22, 25, 46, 49, 53, 70, 81, 482, 541","n_lines":9}},{"type":"Feature","geometry":{"type":"Point","coordinates":[35.207168,31.787817]},"properties":{"code":1141,"name":"תחנת רקל''ה הטורים/יפו","lines":"3, 27, 66, 74, 75, 78, 27א, 3א, 66א","n_lines":9}},{"type":"Feature","geometry":{"type":"Point","coordinates":[35.222618,31.773044]},"properties":{"code":1076,"name":"דוד המלך/מאפו","lines":"8, 18, 34, 49, 71, 74, 83, 91, 83א","n_lines":9}},{"type":"Feature","geometry":{"type":"Point","coordinates":[35.237595,31.818957]},"properties":{"code":2804,"name":"יקותיאל אדם/תמיר","lines":"22, 46, 49, 53, 65, 66, 482, 540, 66א","n_lines":9}},{"type":"Feature","geometry":{"type":"Point","coordinates":[35.185858,31.754774]},"properties":{"code":2392,"name":"גולומב/הצלם רחמים","lines":"10, 19, 42, 225, 245, 295, 510, 516, 517","n_lines":9}},{"type":"Feature","geometry":{"type":"Point","coordinates":[35.23933,31.74443]},"properties":{"code":2298,"name":"ברזני/בן יוסף","lines":"78, 90, 91, 203, 204, 214, 480, 510, 512","n_lines":9}},{"type":"Feature","geometry":{"type":"Point","coordinates":[35.227898,31.755138]},"properties":{"code":2729,"name":"טיילת ארמון הנציב/ינובסקי","lines":"78, 82, 88, 90, 91, 203, 204, 480, 510","n_lines":9}},{"type":"Feature","geometry":{"type":"Point","coordinates":[35.226288,31.777433]},"properties":{"code":5998,"name":"שער יפו/יפו","lines":"3, 124, 203, 204, 231, 232, 234, 333, 3א","n_lines":9}},{"type":"Feature","geometry":{"type":"Point","coordinates":[35.19958,31.779644]},"properties":{"code":6133,"name":"משרד ראש הממשלה/דרך רופין","lines":"9, 14, 100, 113, 121, 122, 156, 430, 614","n_lines":9}},{"type":"Feature","geometry":{"type":"Point","coordinates":[35.212878,31.792403]},"properties":{"code":5059,"name":"בית המדרש גור/ירמיהו","lines":"64, 65, 67, 68, 69, 163, 568, 970","n_lines":8}},{"type":"Feature","geometry":{"type":"Point","coordinates":[35.243836,31.843385]},"properties":{"code":1490,"name":"הרב פרדס/אשר גולאק","lines":"25, 46, 49, 53, 59, 69, 85, 412","n_lines":8}},{"type":"Feature","geometry":{"type":"Point","coordinates":[35.208359,31.793135]},"properties":{"code":4133,"name":"שמגר/ירמיהו","lines":"9, 16, 51, 54, 57, 89, 133, 134","n_lines":8}},{"type":"Feature","geometry":{"type":"Point","coordinates":[35.205993,31.792062]},"properties":{"code":1551,"name":"ירמיהו/ארגמן","lines":"16, 55, 57, 64, 65, 69, 133, 134","n_lines":8}},{"type":"Feature","geometry":{"type":"Point","coordinates":[35.21186,31.795637]},"properties":{"code":5668,"name":"שפע חיים/יעקובזון","lines":"54, 133, 134, 401, 402, 450, 451, 742","n_lines":8}},{"type":"Feature","geometry":{"type":"Point","coordinates":[35.212936,31.796818]},"properties":{"code":109,"name":"עזרת תורה/דורש טוב","lines":"3, 9, 51, 52, 57, 96, 824, 3א","n_lines":8}},{"type":"Feature","geometry":{"type":"Point","coordinates":[35.209575,31.798423]},"properties":{"code":115,"name":"זית רענן/תורת חסד","lines":"3, 9, 16, 52, 57, 89, 971, 3א","n_lines":8}},{"type":"Feature","geometry":{"type":"Point","coordinates":[35.199926,31.792372]},"properties":{"code":1223,"name":"המ''ג/ראשון לציון","lines":"3, 16, 52, 89, 96, 377, 824, 3א","n_lines":8}},{"type":"Feature","geometry":{"type":"Point","coordinates":[35.214906,31.796958]},"properties":{"code":5985,"name":"עלי הכהן/גרוסברג","lines":"9, 51, 52, 64, 67, 89, 824, 3א","n_lines":8}},{"type":"Feature","geometry":{"type":"Point","coordinates":[35.222586,31.794204]},"properties":{"code":1344,"name":"פיתוחי חותם","lines":"22, 25, 34, 39, 45, 77, 970, 77א","n_lines":8}},{"type":"Feature","geometry":{"type":"Point","coordinates":[35.188235,31.772402]},"properties":{"code":5872,"name":"בייט/תוסיה כהן","lines":"5, 28, 39, 91, 95, 505, 508, 516","n_lines":8}},{"type":"Feature","geometry":{"type":"Point","coordinates":[35.185029,31.760054]},"properties":{"code":545,"name":"זילברג/קדיש לוז","lines":"16, 26, 33, 39, 225, 245, 516, 26א","n_lines":8}},{"type":"Feature","geometry":{"type":"Point","coordinates":[35.206158,31.79617]},"properties":{"code":122,"name":"מרכז סולם/סורוצקין","lines":"3, 9, 16, 52, 57, 89, 742, 3א","n_lines":8}},{"type":"Feature","geometry":{"type":"Point","coordinates":[35.198681,31.779911]},"properties":{"code":9915,"name":"הג'וינט/דרך בלפור","lines":"9, 14, 35, 42, 68, 100, 113, 568","n_lines":8}},{"type":"Feature","geometry":{"type":"Point","coordinates":[35.184014,31.766314]},"properties":{"code":558,"name":"הפסגה/צבי לצדיק","lines":"16, 26, 33, 225, 245, 295, 516, 26א","n_lines":8}},{"type":"Feature","geometry":{"type":"Point","coordinates":[35.188848,31.771463]},"properties":{"code":3288,"name":"בייט/תוסיה כהן","lines":"5, 39, 91, 95, 505, 508, 516, 39א","n_lines":8}},{"type":"Feature","geometry":{"type":"Point","coordinates":[35.217057,31.797535]},"properties":{"code":106,"name":"גבעת משה","lines":"3, 52, 57, 64, 67, 89, 96, 3א","n_lines":8}},{"type":"Feature","geometry":{"type":"Point","coordinates":[35.187514,31.820413]},"properties":{"code":151,"name":"רקאנטי/המשורר אצ''ג","lines":"36, 62, 64, 72, 86, 138, 821, 64א","n_lines":8}},{"type":"Feature","geometry":{"type":"Point","coordinates":[35.190391,31.817802]},"properties":{"code":152,"name":"רקנאטי/אידלזון","lines":"36, 62, 64, 72, 86, 138, 821, 64א","n_lines":8}},{"type":"Feature","geometry":{"type":"Point","coordinates":[35.192785,31.816994]},"properties":{"code":153,"name":"רקנאטי/בן זאב","lines":"36, 62, 64, 72, 86, 138, 821, 64א","n_lines":8}},{"type":"Feature","geometry":{"type":"Point","coordinates":[35.200326,31.821138]},"properties":{"code":329,"name":"רמות/סולם יעקב","lines":"31, 61, 64, 71, 86, 471, 480, 64א","n_lines":8}},{"type":"Feature","geometry":{"type":"Point","coordinates":[35.211015,31.792289]},"properties":{"code":4014,"name":"ירמיהו/מנחת יצחק","lines":"64, 65, 67, 68, 69, 70, 568, 825","n_lines":8}},{"type":"Feature","geometry":{"type":"Point","coordinates":[35.225149,31.80829]},"properties":{"code":295,"name":"אגרות משה/חזון איש","lines":"56, 57, 67, 85, 86, 87, 743, 823","n_lines":8}},{"type":"Feature","geometry":{"type":"Point","coordinates":[35.223852,31.809066]},"properties":{"code":156,"name":"אגרות משה/כהנמן","lines":"56, 57, 67, 85, 86, 87, 743, 823","n_lines":8}},{"type":"Feature","geometry":{"type":"Point","coordinates":[35.222186,31.809367]},"properties":{"code":157,"name":"אגרות משה/הרב עוזי קלכהיים","lines":"56, 57, 67, 85, 86, 87, 743, 823","n_lines":8}},{"type":"Feature","geometry":{"type":"Point","coordinates":[35.220563,31.810199]},"properties":{"code":158,"name":"מאיר חדש/אגרות משה","lines":"56, 57, 67, 85, 86, 87, 743, 823","n_lines":8}},{"type":"Feature","geometry":{"type":"Point","coordinates":[35.218852,31.810164]},"properties":{"code":159,"name":"מאיר חדש/חזון איש","lines":"56, 57, 67, 85, 86, 87, 743, 823","n_lines":8}},{"type":"Feature","geometry":{"type":"Point","coordinates":[35.21748,31.811591]},"properties":{"code":160,"name":"ברכת אברהם","lines":"56, 57, 67, 85, 86, 87, 743, 823","n_lines":8}},{"type":"Feature","geometry":{"type":"Point","coordinates":[35.219342,31.813029]},"properties":{"code":162,"name":"דרוק/קהילות יעקב","lines":"56, 57, 67, 85, 86, 87, 743, 823","n_lines":8}},{"type":"Feature","geometry":{"type":"Point","coordinates":[35.217423,31.81447]},"properties":{"code":163,"name":"דרוק/פתאל","lines":"56, 57, 67, 85, 86, 87, 743, 823","n_lines":8}},{"type":"Feature","geometry":{"type":"Point","coordinates":[35.215335,31.813784]},"properties":{"code":164,"name":"רבי שלמה זלמן דרוק/הרב בצלאל זולטי","lines":"56, 57, 67, 85, 86, 87, 743, 823","n_lines":8}},{"type":"Feature","geometry":{"type":"Point","coordinates":[35.214906,31.812757]},"properties":{"code":165,"name":"הרב בצלאל זולטי/רבי שלמה זלמן דרוק","lines":"56, 57, 67, 85, 86, 87, 743, 823","n_lines":8}},{"type":"Feature","geometry":{"type":"Point","coordinates":[35.215754,31.810445]},"properties":{"code":166,"name":"הרב בצלאל זולטי","lines":"56, 57, 67, 85, 86, 87, 743, 823","n_lines":8}},{"type":"Feature","geometry":{"type":"Point","coordinates":[35.217392,31.809776]},"properties":{"code":290,"name":"הרב בצלאל זולטי/חזון איש","lines":"56, 57, 67, 85, 86, 87, 743, 823","n_lines":8}},{"type":"Feature","geometry":{"type":"Point","coordinates":[35.218799,31.809557]},"properties":{"code":168,"name":"חזון אי''ש/הרב בצלאל זולטי","lines":"56, 57, 67, 85, 86, 87, 743, 823","n_lines":8}},{"type":"Feature","geometry":{"type":"Point","coordinates":[35.219809,31.808694]},"properties":{"code":169,"name":"חזון איש/האדמור מלובאויטש","lines":"56, 57, 67, 85, 86, 87, 743, 823","n_lines":8}},{"type":"Feature","geometry":{"type":"Point","coordinates":[35.247962,31.840255]},"properties":{"code":3654,"name":"זווין/ניימן א'","lines":"45, 59, 69, 81, 85, 569, 740, 745","n_lines":8}},{"type":"Feature","geometry":{"type":"Point","coordinates":[35.202098,31.790679]},"properties":{"code":9936,"name":"ירמיהו/הצבי","lines":"300, 310, 320, 330, 340, 402, 555, 556","n_lines":8}},{"type":"Feature","geometry":{"type":"Point","coordinates":[35.214819,31.780254]},"properties":{"code":2060,"name":"שמואל הנגיד/בצלאל","lines":"7, 22, 72, 75, 77, 78, 92, 77א","n_lines":8}},{"type":"Feature","geometry":{"type":"Point","coordinates":[35.215929,31.777615]},"properties":{"code":2205,"name":"המלך ג'ורג'/קק''ל","lines":"7, 22, 72, 75, 77, 78, 92, 77א","n_lines":8}},{"type":"Feature","geometry":{"type":"Point","coordinates":[35.221771,31.772091]},"properties":{"code":1083,"name":"קרן היסוד/שלום עליכם","lines":"7, 8, 72, 75, 77, 78, 97, 77א","n_lines":8}},{"type":"Feature","geometry":{"type":"Point","coordinates":[35.257522,31.798094]},"properties":{"code":3291,"name":"מצודת אדומים","lines":"121, 122, 123, 486, 943, 946, 961, 967","n_lines":8}},{"type":"Feature","geometry":{"type":"Point","coordinates":[35.226814,31.794137]},"properties":{"code":2815,"name":"תחנת רקל''ה שמעון הצדיק/שדרות בר לב","lines":"19, 30, 49, 66, 124, 125, 517, 66א","n_lines":8}},{"type":"Feature","geometry":{"type":"Point","coordinates":[35.219473,31.773638]},"properties":{"code":1098,"name":"קרן היסוד/אחד העם","lines":"7, 38, 72, 75, 77, 78, 480, 77א","n_lines":8}},{"type":"Feature","geometry":{"type":"Point","coordinates":[35.2223,31.77123]},"properties":{"code":1108,"name":"ז'בוטינסקי/דוד המלך","lines":"7, 8, 18, 34, 49, 77, 91, 77א","n_lines":8}},{"type":"Feature","geometry":{"type":"Point","coordinates":[35.221793,31.772277]},"properties":{"code":1957,"name":"קרן היסוד/שלום עליכם","lines":"7, 38, 72, 75, 77, 78, 480, 77א","n_lines":8}},{"type":"Feature","geometry":{"type":"Point","coordinates":[35.187989,31.752724]},"properties":{"code":2922,"name":"קניון מלחה/א''ס הפועל   האייל","lines":"6, 12, 17, 31, 129, 512, 516, 540","n_lines":8}},{"type":"Feature","geometry":{"type":"Point","coordinates":[35.205004,31.767435]},"properties":{"code":1402,"name":"הרצוג/צומת ניות","lines":"17, 19, 90, 91, 92, 509, 517, 19א","n_lines":8}},{"type":"Feature","geometry":{"type":"Point","coordinates":[35.215131,31.773178]},"properties":{"code":1484,"name":"עזה/רד''ק","lines":"9, 17, 19, 22, 92, 97, 517, 19א","n_lines":8}},{"type":"Feature","geometry":{"type":"Point","coordinates":[35.216872,31.773964]},"properties":{"code":1079,"name":"עזה/בלפור","lines":"9, 17, 19, 22, 92, 97, 517, 19א","n_lines":8}},{"type":"Feature","geometry":{"type":"Point","coordinates":[35.23664,31.803688]},"properties":{"code":1717,"name":"ההגנה/אצ''ל","lines":"42, 53, 61, 68, 77, 152, 481, 77א","n_lines":8}},{"type":"Feature","geometry":{"type":"Point","coordinates":[35.238056,31.802482]},"properties":{"code":1423,"name":"מרכז מסחרי/ההגנה","lines":"42, 53, 61, 68, 77, 152, 481, 77א","n_lines":8}},{"type":"Feature","geometry":{"type":"Point","coordinates":[35.200068,31.752897]},"properties":{"code":1638,"name":"פת/בעהם","lines":"5, 12, 22, 160, 366, 374, 376, 512","n_lines":8}},{"type":"Feature","geometry":{"type":"Point","coordinates":[35.192437,31.749143]},"properties":{"code":6189,"name":"דרך דוד בנבנישתי","lines":"5, 14, 31, 33, 160, 299, 374, 512","n_lines":8}},{"type":"Feature","geometry":{"type":"Point","coordinates":[35.21971,31.73193]},"properties":{"code":3822,"name":"שמואל מאיר/כביש 398","lines":"4, 5, 74, 75, 95, 366, 374, 480","n_lines":8}},{"type":"Feature","geometry":{"type":"Point","coordinates":[35.179803,31.767143]},"properties":{"code":2420,"name":"בי''ס בויאר/תורה ועבודה","lines":"10, 21, 23, 26, 35, 508, 23א, 26א","n_lines":8}},{"type":"Feature","geometry":{"type":"Point","coordinates":[35.174881,31.761367]},"properties":{"code":3851,"name":"טהון/בורוכוב","lines":"10, 19, 23, 24, 35, 42, 510, 23א","n_lines":8}},{"type":"Feature","geometry":{"type":"Point","coordinates":[35.183639,31.777996]},"properties":{"code":9897,"name":"יפה נוף/הארזים","lines":"16, 33, 35, 91, 225, 245, 411, 505","n_lines":8}},{"type":"Feature","geometry":{"type":"Point","coordinates":[35.1725,31.761865]},"properties":{"code":2754,"name":"המפלצת/טהון","lines":"19, 23, 35, 42, 510, 19א, 23א, 42א","n_lines":8}},{"type":"Feature","geometry":{"type":"Point","coordinates":[35.181578,31.757533]},"properties":{"code":2040,"name":"גולומב/בוליביה","lines":"10, 19, 35, 42, 510, 19א, 26א, 42א","n_lines":8}},{"type":"Feature","geometry":{"type":"Point","coordinates":[35.211104,31.759151]},"properties":{"code":1021,"name":"בן זכאי/בן גמלא","lines":"8, 10, 15, 18, 77, 95, 510, 77א","n_lines":8}},{"type":"Feature","geometry":{"type":"Point","coordinates":[35.214613,31.758975]},"properties":{"code":1022,"name":"בן זכאי/פייר קניג","lines":"8, 10, 15, 18, 77, 95, 510, 77א","n_lines":8}},{"type":"Feature","geometry":{"type":"Point","coordinates":[35.215168,31.75329]},"properties":{"code":2540,"name":"פועלי צדק","lines":"10, 15, 30, 34, 49, 95, 97, 510","n_lines":8}},{"type":"Feature","geometry":{"type":"Point","coordinates":[35.213552,31.759129]},"properties":{"code":1024,"name":"בן זכאי/פייר קניג","lines":"8, 10, 15, 18, 77, 95, 510, 77א","n_lines":8}},{"type":"Feature","geometry":{"type":"Point","coordinates":[35.210953,31.759293]},"properties":{"code":1025,"name":"בן זכאי/בן גמלא","lines":"8, 10, 15, 18, 77, 95, 510, 77א","n_lines":8}},{"type":"Feature","geometry":{"type":"Point","coordinates":[35.178701,31.768465]},"properties":{"code":1494,"name":"קרית יובל/שמריהו לוין","lines":"20, 23, 24, 27, 29, 510, 630, 23א","n_lines":8}},{"type":"Feature","geometry":{"type":"Point","coordinates":[35.233811,31.836422]},"properties":{"code":3009,"name":"שדרות משה דיין/שדרות נווה יעקב","lines":"22, 25, 46, 49, 53, 81, 482, 541","n_lines":8}},{"type":"Feature","geometry":{"type":"Point","coordinates":[35.233899,31.835187]},"properties":{"code":2853,"name":"שדרות משה דיין/מזל טלה","lines":"22, 25, 46, 49, 53, 81, 482, 541","n_lines":8}},{"type":"Feature","geometry":{"type":"Point","coordinates":[35.23453,31.833546]},"properties":{"code":3010,"name":"שדרות משה דיין/מזל שור","lines":"22, 25, 46, 49, 53, 81, 482, 541","n_lines":8}},{"type":"Feature","geometry":{"type":"Point","coordinates":[35.236896,31.797613]},"properties":{"code":394,"name":"קציר/שד' צ'רצ'יל","lines":"17, 19, 34, 48, 102, 280, 568, 48א","n_lines":8}},{"type":"Feature","geometry":{"type":"Point","coordinates":[35.219003,31.785907]},"properties":{"code":3818,"name":"שטראוס/פראג","lines":"1, 22, 34, 71, 72, 77, 163, 77א","n_lines":8}},{"type":"Feature","geometry":{"type":"Point","coordinates":[35.218747,31.787308]},"properties":{"code":3858,"name":"ככר השבת/שטראוס","lines":"1, 22, 34, 71, 72, 77, 163, 77א","n_lines":8}},{"type":"Feature","geometry":{"type":"Point","coordinates":[35.231787,31.800208]},"properties":{"code":1799,"name":"שד' אשכול/ברלב","lines":"22, 25, 45, 59, 65, 69, 143, 825","n_lines":8}},{"type":"Feature","geometry":{"type":"Point","coordinates":[35.199188,31.756102]},"properties":{"code":9981,"name":"צומת פת/יהודה הנשיא","lines":"10, 14, 18, 22, 77, 95, 510, 77א","n_lines":8}},{"type":"Feature","geometry":{"type":"Point","coordinates":[35.186414,31.754381]},"properties":{"code":2391,"name":"גולומב/הצלם רחמים","lines":"10, 19, 42, 510, 516, 517, 19א, 42א","n_lines":8}},{"type":"Feature","geometry":{"type":"Point","coordinates":[35.193628,31.818045]},"properties":{"code":315,"name":"הקונגרס הציוני/רקאנטי","lines":"36, 61, 64, 81, 86, 138, 471, 480","n_lines":8}},{"type":"Feature","geometry":{"type":"Point","coordinates":[35.238182,31.829123]},"properties":{"code":3849,"name":"תחנת רקל''ה חיל האויר/משה דיין","lines":"22, 25, 46, 49, 53, 81, 482, 541","n_lines":8}},{"type":"Feature","geometry":{"type":"Point","coordinates":[35.23671,31.830338]},"properties":{"code":2855,"name":"משה דיין א","lines":"22, 25, 46, 49, 53, 81, 482, 541","n_lines":8}},{"type":"Feature","geometry":{"type":"Point","coordinates":[35.234819,31.833259]},"properties":{"code":2856,"name":"שדרות משה דיין/מזל שור","lines":"22, 25, 46, 49, 53, 81, 482, 541","n_lines":8}},{"type":"Feature","geometry":{"type":"Point","coordinates":[35.23401,31.835831]},"properties":{"code":6214,"name":"שדרות משה דיין/מזל טלה","lines":"22, 25, 46, 49, 53, 81, 482, 541","n_lines":8}},{"type":"Feature","geometry":{"type":"Point","coordinates":[35.240993,31.840465]},"properties":{"code":3664,"name":"הרב פרדס/שדרות נווה יעקב","lines":"25, 45, 46, 49, 53, 81, 482, 569","n_lines":8}},{"type":"Feature","geometry":{"type":"Point","coordinates":[35.24383,31.838896]},"properties":{"code":1810,"name":"הרב פרדס/צ'רלס לוץ","lines":"25, 45, 46, 49, 53, 81, 482, 569","n_lines":8}},{"type":"Feature","geometry":{"type":"Point","coordinates":[35.245631,31.839202]},"properties":{"code":2002,"name":"הרב פרדס/פונט","lines":"25, 45, 46, 49, 53, 81, 482, 569","n_lines":8}},{"type":"Feature","geometry":{"type":"Point","coordinates":[35.205315,31.814569]},"properties":{"code":2187,"name":"סילבר/מורגנטאו","lines":"31, 61, 63, 71, 81, 86, 471, 480","n_lines":8}},{"type":"Feature","geometry":{"type":"Point","coordinates":[35.203022,31.815188]},"properties":{"code":5997,"name":"סילבר/שכטמן","lines":"31, 61, 63, 71, 81, 86, 471, 480","n_lines":8}},{"type":"Feature","geometry":{"type":"Point","coordinates":[35.159474,31.757657]},"properties":{"code":5591,"name":"צומת אורה","lines":"12, 19, 27, 42, 129, 194, 630, 27א","n_lines":8}},{"type":"Feature","geometry":{"type":"Point","coordinates":[35.225207,31.762068]},"properties":{"code":517,"name":"דרך חברון/נעמי","lines":"78, 91, 203, 204, 231, 232, 234, 480","n_lines":8}},{"type":"Feature","geometry":{"type":"Point","coordinates":[35.232075,31.792914]},"properties":{"code":2411,"name":"דרך הר הזיתים/נשאשיבי","lines":"17, 201, 207, 218, 254, 273, 274, 218א","n_lines":8}},{"type":"Feature","geometry":{"type":"Point","coordinates":[35.22901,31.792394]},"properties":{"code":263,"name":"דרך שכם/טובלר","lines":"17, 201, 207, 218, 254, 273, 274, 218א","n_lines":8}},{"type":"Feature","geometry":{"type":"Point","coordinates":[35.228845,31.789166]},"properties":{"code":256,"name":"דרך שכם/לואי ונסן","lines":"17, 201, 207, 218, 254, 273, 274, 218א","n_lines":8}},{"type":"Feature","geometry":{"type":"Point","coordinates":[35.23007,31.78718]},"properties":{"code":254,"name":"משרד המשפטים/צלאח א דין","lines":"17, 201, 207, 218, 254, 273, 274, 218א","n_lines":8}},{"type":"Feature","geometry":{"type":"Point","coordinates":[35.230219,31.786182]},"properties":{"code":246,"name":"צומת עמר בן אלעס","lines":"17, 201, 207, 218, 254, 273, 274, 218א","n_lines":8}},{"type":"Feature","geometry":{"type":"Point","coordinates":[35.23931,31.779233]},"properties":{"code":673,"name":"הר הזיתים","lines":"51, 83, 205, 206, 236, 256, 257, 83א","n_lines":8}},{"type":"Feature","geometry":{"type":"Point","coordinates":[35.225547,31.755492]},"properties":{"code":2607,"name":"ינובסקי/ביתר","lines":"78, 82, 88, 90, 91, 203, 204, 510","n_lines":8}},{"type":"Feature","geometry":{"type":"Point","coordinates":[35.213046,31.798691]},"properties":{"code":1896,"name":"רמת תמיר/שפע חיים","lines":"189, 402, 554, 555, 556, 617, 618, 619","n_lines":8}},{"type":"Feature","geometry":{"type":"Point","coordinates":[35.150124,31.763712]},"properties":{"code":2323,"name":"מרכז הסטודנט/הדסה עין כרם","lines":"12, 19, 27, 42, 153, 19א, 27א, 42א","n_lines":8}},{"type":"Feature","geometry":{"type":"Point","coordinates":[35.225822,31.789828]},"properties":{"code":213,"name":"זקס","lines":"3, 55, 96, 136, 226, 246, 333, 3א","n_lines":8}},{"type":"Feature","geometry":{"type":"Point","coordinates":[35.224204,31.791505]},"properties":{"code":214,"name":"שמואל הנביא/יקים","lines":"3, 55, 96, 136, 226, 246, 333, 3א","n_lines":8}},{"type":"Feature","geometry":{"type":"Point","coordinates":[35.222797,31.792975]},"properties":{"code":215,"name":"שמואל הנביא/תדהר","lines":"3, 55, 96, 136, 226, 246, 333, 3א","n_lines":8}},{"type":"Feature","geometry":{"type":"Point","coordinates":[35.222176,31.793299]},"properties":{"code":210,"name":"שמואל הנביא/תדהר","lines":"3, 96, 136, 163, 226, 246, 333, 3א","n_lines":8}},{"type":"Feature","geometry":{"type":"Point","coordinates":[35.22416,31.791394]},"properties":{"code":211,"name":"שמואל הנביא/יקים","lines":"3, 96, 136, 163, 226, 246, 333, 3א","n_lines":8}},{"type":"Feature","geometry":{"type":"Point","coordinates":[35.216797,31.806057]},"properties":{"code":1455,"name":"יגאל ידין/רבי שלמה זלמן דרוק","lines":"42, 46, 61, 81, 85, 87, 540, 569","n_lines":8}},{"type":"Feature","geometry":{"type":"Point","coordinates":[35.205298,31.792204]},"properties":{"code":1552,"name":"ירמיהו/ארגמן","lines":"16, 55, 64, 65, 69, 133, 134","n_lines":7}},{"type":"Feature","geometry":{"type":"Point","coordinates":[35.215746,31.793723]},"properties":{"code":1741,"name":"בר אילן/צפניה","lines":"59, 65, 68, 69, 163, 568, 970","n_lines":7}},{"type":"Feature","geometry":{"type":"Point","coordinates":[35.218198,31.79472]},"properties":{"code":5060,"name":"בר אילן/רבנו גרשום","lines":"59, 65, 68, 69, 163, 568, 970","n_lines":7}},{"type":"Feature","geometry":{"type":"Point","coordinates":[35.231163,31.799996]},"properties":{"code":1927,"name":"שד' אשכול/בר לב","lines":"22, 25, 45, 59, 65, 69, 143","n_lines":7}},{"type":"Feature","geometry":{"type":"Point","coordinates":[35.230573,31.837381]},"properties":{"code":1808,"name":"שד' נווה יעקב/משה סנה","lines":"45, 59, 69, 85, 412, 541, 569","n_lines":7}},{"type":"Feature","geometry":{"type":"Point","coordinates":[35.232616,31.837721]},"properties":{"code":2079,"name":"שד' נווה יעקב/הולצברג","lines":"45, 59, 69, 85, 412, 541, 569","n_lines":7}},{"type":"Feature","geometry":{"type":"Point","coordinates":[35.247416,31.839907]},"properties":{"code":3089,"name":"אסטורה/כפר עברי","lines":"45, 59, 69, 81, 85, 412, 569","n_lines":7}},{"type":"Feature","geometry":{"type":"Point","coordinates":[35.247988,31.840792]},"properties":{"code":3655,"name":"זווין/ניימן א'","lines":"45, 59, 69, 81, 85, 412, 569","n_lines":7}},{"type":"Feature","geometry":{"type":"Point","coordinates":[35.24772,31.842346]},"properties":{"code":3090,"name":"ישיבת דעת יוסף/זויין","lines":"45, 59, 69, 81, 85, 412, 569","n_lines":7}},{"type":"Feature","geometry":{"type":"Point","coordinates":[35.249184,31.842606]},"properties":{"code":3091,"name":"זווין/ניימן ב'","lines":"45, 59, 69, 81, 85, 412, 569","n_lines":7}},{"type":"Feature","geometry":{"type":"Point","coordinates":[35.249144,31.840495]},"properties":{"code":3658,"name":"הרב ש''י זווין/הרב שלמה יוסף אליאך","lines":"45, 59, 69, 81, 85, 412, 569","n_lines":7}},{"type":"Feature","geometry":{"type":"Point","coordinates":[35.248151,31.838918]},"properties":{"code":3092,"name":"זווין/וינוגרד","lines":"45, 59, 69, 81, 85, 412, 569","n_lines":7}},{"type":"Feature","geometry":{"type":"Point","coordinates":[35.207931,31.805861]},"properties":{"code":1094,"name":"קרית מדע ב","lines":"40, 46, 54, 123, 506, 508, 509","n_lines":7}},{"type":"Feature","geometry":{"type":"Point","coordinates":[35.212147,31.804239]},"properties":{"code":1095,"name":"הרטום","lines":"40, 46, 54, 123, 506, 508, 509","n_lines":7}},{"type":"Feature","geometry":{"type":"Point","coordinates":[35.213372,31.8019]},"properties":{"code":9950,"name":"הרטום/שדרות גולדה מאיר","lines":"40, 46, 54, 123, 506, 508, 509","n_lines":7}},{"type":"Feature","geometry":{"type":"Point","coordinates":[35.208544,31.791604]},"properties":{"code":4015,"name":"שמגר/תורה מציון","lines":"9, 54, 55, 67, 68, 89, 568","n_lines":7}},{"type":"Feature","geometry":{"type":"Point","coordinates":[35.188768,31.793166]},"properties":{"code":2760,"name":"גבעת שאול/עקיבא אזולאי","lines":"54, 91, 118, 413, 567, 569, 626","n_lines":7}},{"type":"Feature","geometry":{"type":"Point","coordinates":[35.213214,31.802816]},"properties":{"code":5926,"name":"מרכז בק למדע/הרטום","lines":"40, 46, 54, 123, 506, 508, 509","n_lines":7}},{"type":"Feature","geometry":{"type":"Point","coordinates":[35.212474,31.804263]},"properties":{"code":6114,"name":"הרטום","lines":"40, 46, 54, 123, 506, 508, 509","n_lines":7}},{"type":"Feature","geometry":{"type":"Point","coordinates":[35.207807,31.805952]},"properties":{"code":6116,"name":"קרית מדע ב'","lines":"40, 46, 54, 123, 506, 508, 509","n_lines":7}},{"type":"Feature","geometry":{"type":"Point","coordinates":[35.214489,31.798046]},"properties":{"code":2811,"name":"גבעת משה/עלי הכהן","lines":"3, 9, 51, 52, 57, 96, 3א","n_lines":7}},{"type":"Feature","geometry":{"type":"Point","coordinates":[35.199789,31.793996]},"properties":{"code":131,"name":"המ''ג/זכרון יעקב","lines":"3, 16, 52, 89, 96, 824, 3א","n_lines":7}},{"type":"Feature","geometry":{"type":"Point","coordinates":[35.220555,31.800485]},"properties":{"code":2006,"name":"ים סוף/שאול המלך","lines":"16, 39, 40, 52, 422, 740, 39א","n_lines":7}},{"type":"Feature","geometry":{"type":"Point","coordinates":[35.219012,31.80077]},"properties":{"code":1626,"name":"ים סוף/מעגלי הרי''ם לוין","lines":"16, 39, 40, 52, 422, 740, 39א","n_lines":7}},{"type":"Feature","geometry":{"type":"Point","coordinates":[35.220616,31.800384]},"properties":{"code":1428,"name":"ים סוף/שאול המלך","lines":"16, 39, 40, 52, 308, 422, 824","n_lines":7}},{"type":"Feature","geometry":{"type":"Point","coordinates":[35.18984,31.769984]},"properties":{"code":6099,"name":"בייט/יעקב ארנון","lines":"5, 39, 91, 95, 505, 508, 516","n_lines":7}},{"type":"Feature","geometry":{"type":"Point","coordinates":[35.21161,31.794631]},"properties":{"code":111,"name":"יעקובזון/עזרת תורה","lines":"3, 9, 16, 52, 57, 96, 3א","n_lines":7}},{"type":"Feature","geometry":{"type":"Point","coordinates":[35.21412,31.784498]},"properties":{"code":9863,"name":"כי''ח/יפו","lines":"9, 17, 19, 22, 72, 77, 77א","n_lines":7}},{"type":"Feature","geometry":{"type":"Point","coordinates":[35.213538,31.780872]},"properties":{"code":1570,"name":"בצלאל/טרומפלדור","lines":"7, 9, 17, 19, 75, 78, 480","n_lines":7}},{"type":"Feature","geometry":{"type":"Point","coordinates":[35.200371,31.777373]},"properties":{"code":5882,"name":"מוזיאון המדע/שד' המוזיאונים","lines":"7, 9, 14, 35, 42, 66, 66א","n_lines":7}},{"type":"Feature","geometry":{"type":"Point","coordinates":[35.183274,31.760511]},"properties":{"code":1819,"name":"מסוף רמת שרת/קדיש לוז","lines":"16, 21, 26, 39, 411, 26א, 39א","n_lines":7}},{"type":"Feature","geometry":{"type":"Point","coordinates":[35.186031,31.762097]},"properties":{"code":9893,"name":"קרית נוער/זילברג","lines":"16, 26, 33, 39, 516, 26א, 39א","n_lines":7}},{"type":"Feature","geometry":{"type":"Point","coordinates":[35.182936,31.773565]},"properties":{"code":1222,"name":"שדרות הרצל/הר הרצל","lines":"16, 21, 33, 35, 411, 508, 516","n_lines":7}},{"type":"Feature","geometry":{"type":"Point","coordinates":[35.188377,31.780462]},"properties":{"code":5980,"name":"תחנת רכבת קלה ככר דניה/שד' הרצל","lines":"16, 27, 35, 50, 91, 411, 741","n_lines":7}},{"type":"Feature","geometry":{"type":"Point","coordinates":[35.193225,31.767092]},"properties":{"code":9895,"name":"צומת גבעת מרדכי/בייט","lines":"5, 39, 91, 490, 508, 516, 39א","n_lines":7}},{"type":"Feature","geometry":{"type":"Point","coordinates":[35.209791,31.790758]},"properties":{"code":84,"name":"מלכי ישראל/הטורים","lines":"1, 9, 39, 51, 55, 89, 39א","n_lines":7}},{"type":"Feature","geometry":{"type":"Point","coordinates":[35.178546,31.783583]},"properties":{"code":2615,"name":"קצנלבוגן א'","lines":"33, 52, 55, 74, 225, 245, 304","n_lines":7}},{"type":"Feature","geometry":{"type":"Point","coordinates":[35.19023,31.824559]},"properties":{"code":150,"name":"מינץ/רובין","lines":"36, 62, 64, 81, 86, 516, 64א","n_lines":7}},{"type":"Feature","geometry":{"type":"Point","coordinates":[35.192403,31.823242]},"properties":{"code":148,"name":"מינץ/שיף מזרח","lines":"36, 62, 64, 81, 86, 516, 64א","n_lines":7}},{"type":"Feature","geometry":{"type":"Point","coordinates":[35.193413,31.821168]},"properties":{"code":146,"name":"מינץ/מירסקי","lines":"36, 62, 64, 81, 86, 516, 64א","n_lines":7}},{"type":"Feature","geometry":{"type":"Point","coordinates":[35.194052,31.817292]},"properties":{"code":345,"name":"הקונגרס הציוני/גולדה","lines":"36, 61, 64, 81, 86, 138, 64א","n_lines":7}},{"type":"Feature","geometry":{"type":"Point","coordinates":[35.199024,31.819247]},"properties":{"code":137,"name":"הרא''ה/ולנשטיין","lines":"31, 61, 62, 64, 71, 86, 64א","n_lines":7}},{"type":"Feature","geometry":{"type":"Point","coordinates":[35.202461,31.81859]},"properties":{"code":330,"name":"רמות/מעוז","lines":"31, 61, 64, 71, 86, 480, 64א","n_lines":7}},{"type":"Feature","geometry":{"type":"Point","coordinates":[35.213441,31.792942]},"properties":{"code":4013,"name":"ירמיהו/אלקנה","lines":"64, 65, 67, 68, 69, 568, 825","n_lines":7}},{"type":"Feature","geometry":{"type":"Point","coordinates":[35.216611,31.808708]},"properties":{"code":171,"name":"האדמור מלובאויטש/לפיאן","lines":"56, 67, 85, 86, 87, 743, 823","n_lines":7}},{"type":"Feature","geometry":{"type":"Point","coordinates":[35.213754,31.810543]},"properties":{"code":312,"name":"האדמור מלובאויטש/דרוק","lines":"56, 67, 85, 86, 87, 743, 823","n_lines":7}},{"type":"Feature","geometry":{"type":"Point","coordinates":[35.214009,31.808806]},"properties":{"code":1166,"name":"רבי שלמה זלמן דרוק","lines":"56, 57, 67, 85, 86, 87, 567","n_lines":7}},{"type":"Feature","geometry":{"type":"Point","coordinates":[35.218441,31.812803]},"properties":{"code":284,"name":"קהילות יעקב","lines":"56, 57, 67, 85, 86, 87, 743","n_lines":7}},{"type":"Feature","geometry":{"type":"Point","coordinates":[35.220173,31.807813]},"properties":{"code":170,"name":"האדמור מלובאויטש/חזון איש","lines":"56, 67, 85, 86, 87, 743, 823","n_lines":7}},{"type":"Feature","geometry":{"type":"Point","coordinates":[35.21895,31.773999]},"properties":{"code":2946,"name":"קרן היסוד/אחד העם","lines":"7, 72, 75, 77, 78, 97, 77א","n_lines":7}},{"type":"Feature","geometry":{"type":"Point","coordinates":[35.224509,31.767793]},"properties":{"code":1059,"name":"החאן/דוד רמז","lines":"7, 71, 72, 74, 75, 78, 91","n_lines":7}},{"type":"Feature","geometry":{"type":"Point","coordinates":[35.218119,31.750326]},"properties":{"code":3318,"name":"התנופה/דרך בית לחם","lines":"5, 12, 30, 95, 124, 125, 510","n_lines":7}},{"type":"Feature","geometry":{"type":"Point","coordinates":[35.22134,31.768701]},"properties":{"code":1155,"name":"יצחק אלחנן/דובנוב","lines":"7, 8, 34, 49, 77, 91, 77א","n_lines":7}},{"type":"Feature","geometry":{"type":"Point","coordinates":[35.200204,31.777826]},"properties":{"code":6128,"name":"מוזיאון המדע/שד' המוזיאונים","lines":"7, 9, 14, 35, 66, 42א, 66א","n_lines":7}},{"type":"Feature","geometry":{"type":"Point","coordinates":[35.167462,31.751799]},"properties":{"code":9975,"name":"דולצ'ין/קוליץ","lines":"12, 17, 19, 20, 29, 508, 19א","n_lines":7}},{"type":"Feature","geometry":{"type":"Point","coordinates":[35.222109,31.796777]},"properties":{"code":1351,"name":"חטיבת הראל/ארץ חפץ","lines":"59, 65, 68, 69, 568, 824, 825","n_lines":7}},{"type":"Feature","geometry":{"type":"Point","coordinates":[35.236971,31.800883]},"properties":{"code":391,"name":"האצ''ל/דקר","lines":"42, 53, 61, 68, 152, 201, 481","n_lines":7}},{"type":"Feature","geometry":{"type":"Point","coordinates":[35.236436,31.798439]},"properties":{"code":392,"name":"לח''י/ההתנדבויות","lines":"42, 53, 61, 68, 152, 201, 481","n_lines":7}},{"type":"Feature","geometry":{"type":"Point","coordinates":[35.203598,31.78776]},"properties":{"code":5200,"name":"שדרות שז''ר/בנייני האומה","lines":"15, 31, 50, 62, 90, 509, 541","n_lines":7}},{"type":"Feature","geometry":{"type":"Point","coordinates":[35.212439,31.738016]},"properties":{"code":3357,"name":"שמואל מאיר/דרך חברון","lines":"5, 74, 75, 95, 366, 374, 376","n_lines":7}},{"type":"Feature","geometry":{"type":"Point","coordinates":[35.219718,31.730516]},"properties":{"code":3826,"name":"משטרה/שמואל מאיר","lines":"5, 74, 75, 95, 504, 505, 506","n_lines":7}},{"type":"Feature","geometry":{"type":"Point","coordinates":[35.199237,31.752883]},"properties":{"code":2791,"name":"דב יוסף/פת","lines":"5, 14, 92, 160, 366, 374, 512","n_lines":7}},{"type":"Feature","geometry":{"type":"Point","coordinates":[35.225996,31.776697]},"properties":{"code":2778,"name":"ממילא/קריב","lines":"1, 2, 136, 163, 217, 239, 30א","n_lines":7}},{"type":"Feature","geometry":{"type":"Point","coordinates":[35.227245,31.794363]},"properties":{"code":2813,"name":"תחנת רקל''ה שמעון הצדיק/שדרות בר לב","lines":"19, 49, 66, 517, 19א, 30א, 66א","n_lines":7}},{"type":"Feature","geometry":{"type":"Point","coordinates":[35.186903,31.752743]},"properties":{"code":2913,"name":"קניון מלחה/א''ס הפועל   האייל","lines":"6, 31, 35, 194, 512, 516, 540","n_lines":7}},{"type":"Feature","geometry":{"type":"Point","coordinates":[35.20676,31.757724]},"properties":{"code":1013,"name":"בן זכאי/בן בבא","lines":"10, 14, 15, 77, 95, 510, 77א","n_lines":7}},{"type":"Feature","geometry":{"type":"Point","coordinates":[35.215145,31.7587]},"properties":{"code":1858,"name":"צומת אורנים/פייר קניג","lines":"8, 10, 15, 90, 95, 97, 510","n_lines":7}},{"type":"Feature","geometry":{"type":"Point","coordinates":[35.21459,31.756199]},"properties":{"code":1258,"name":"פייר קניג/חלץ","lines":"10, 15, 34, 90, 95, 97, 510","n_lines":7}},{"type":"Feature","geometry":{"type":"Point","coordinates":[35.213858,31.752325]},"properties":{"code":1754,"name":"קניון הדר/פייר קניג","lines":"10, 15, 30, 34, 49, 95, 510","n_lines":7}},{"type":"Feature","geometry":{"type":"Point","coordinates":[35.213378,31.745101]},"properties":{"code":2993,"name":"תחנה תפעולית/חניון תלפיות","lines":"8, 10, 15, 22, 34, 88, 490","n_lines":7}},{"type":"Feature","geometry":{"type":"Point","coordinates":[35.214349,31.754216]},"properties":{"code":1255,"name":"קניון הדר/פייר קניג","lines":"10, 15, 34, 49, 95, 97, 510","n_lines":7}},{"type":"Feature","geometry":{"type":"Point","coordinates":[35.207363,31.758461]},"properties":{"code":1620,"name":"בן זכאי/דוסתאי","lines":"10, 14, 15, 77, 95, 510, 77א","n_lines":7}},{"type":"Feature","geometry":{"type":"Point","coordinates":[35.205754,31.75699]},"properties":{"code":1015,"name":"בן זכאי/בן בבא","lines":"10, 14, 15, 77, 95, 510, 77א","n_lines":7}},{"type":"Feature","geometry":{"type":"Point","coordinates":[35.236686,31.829938]},"properties":{"code":2854,"name":"משה דיין א","lines":"22, 25, 46, 49, 53, 81, 541","n_lines":7}},{"type":"Feature","geometry":{"type":"Point","coordinates":[35.245024,31.828506]},"properties":{"code":2621,"name":"הסיירת הירושלמית","lines":"22, 44, 53, 65, 142, 148, 149","n_lines":7}},{"type":"Feature","geometry":{"type":"Point","coordinates":[35.242313,31.827816]},"properties":{"code":2572,"name":"השישה עשר","lines":"22, 44, 53, 65, 142, 148, 149","n_lines":7}},{"type":"Feature","geometry":{"type":"Point","coordinates":[35.23493,31.795855]},"properties":{"code":2412,"name":"קציר/קלרמון גנו","lines":"17, 34, 48, 201, 274, 280, 48א","n_lines":7}},{"type":"Feature","geometry":{"type":"Point","coordinates":[35.222141,31.771351]},"properties":{"code":1075,"name":"ז'בוטינסקי/שלום עליכם","lines":"8, 18, 34, 49, 77, 97, 77א","n_lines":7}},{"type":"Feature","geometry":{"type":"Point","coordinates":[35.221035,31.77051]},"properties":{"code":2162,"name":"יצחק אלחנן/זאב ז'בוטינסקי","lines":"8, 34, 49, 77, 91, 97, 77א","n_lines":7}},{"type":"Feature","geometry":{"type":"Point","coordinates":[35.222314,31.776569]},"properties":{"code":1765,"name":"דוד המלך/הס","lines":"18, 34, 49, 71, 74, 83, 83א","n_lines":7}},{"type":"Feature","geometry":{"type":"Point","coordinates":[35.239126,31.821645]},"properties":{"code":2809,"name":"משה דיין/רחמילביץ","lines":"22, 46, 49, 65, 142, 148, 482","n_lines":7}},{"type":"Feature","geometry":{"type":"Point","coordinates":[35.209171,31.78551]},"properties":{"code":6007,"name":"שוקניון/אגריפס","lines":"18, 66, 74, 75, 78, 217, 66א","n_lines":7}},{"type":"Feature","geometry":{"type":"Point","coordinates":[35.213079,31.783775]},"properties":{"code":3523,"name":"שוק מחנה יהודה/אגריפס","lines":"18, 66, 74, 75, 78, 217, 66א","n_lines":7}},{"type":"Feature","geometry":{"type":"Point","coordinates":[35.235966,31.826556]},"properties":{"code":9968,"name":"דרך האלוף עוזי נרקיס/עמיחי פאגלין","lines":"45, 81, 85, 218, 482, 569, 218א","n_lines":7}},{"type":"Feature","geometry":{"type":"Point","coordinates":[35.20374,31.755371]},"properties":{"code":1012,"name":"יהודה הנשיא/בני בתירא","lines":"10, 14, 22, 77, 95, 510, 77א","n_lines":7}},{"type":"Feature","geometry":{"type":"Point","coordinates":[35.201418,31.755797]},"properties":{"code":4249,"name":"יהודה הנשיא/בן יאיר","lines":"10, 14, 22, 77, 95, 510, 77א","n_lines":7}},{"type":"Feature","geometry":{"type":"Point","coordinates":[35.200883,31.755975]},"properties":{"code":1629,"name":"יהודה הנשיא/בן יאיר","lines":"10, 14, 22, 77, 95, 510, 77א","n_lines":7}},{"type":"Feature","geometry":{"type":"Point","coordinates":[35.199427,31.815281]},"properties":{"code":333,"name":"שיבת ציון/טללים","lines":"31, 61, 63, 64, 71, 81, 821","n_lines":7}},{"type":"Feature","geometry":{"type":"Point","coordinates":[35.192983,31.821606]},"properties":{"code":145,"name":"מינץ/מירסקי","lines":"36, 62, 64, 81, 86, 516, 821","n_lines":7}},{"type":"Feature","geometry":{"type":"Point","coordinates":[35.192492,31.823292]},"properties":{"code":147,"name":"מינץ/שיף מזרח","lines":"36, 62, 64, 81, 86, 516, 821","n_lines":7}},{"type":"Feature","geometry":{"type":"Point","coordinates":[35.18978,31.8249]},"properties":{"code":149,"name":"מינץ/רובין","lines":"36, 62, 64, 81, 86, 516, 821","n_lines":7}},{"type":"Feature","geometry":{"type":"Point","coordinates":[35.193081,31.81417]},"properties":{"code":2556,"name":"רקנאטי/זרחי","lines":"61, 62, 72, 81, 471, 480, 821","n_lines":7}},{"type":"Feature","geometry":{"type":"Point","coordinates":[35.193318,31.812794]},"properties":{"code":2387,"name":"צונדק/נלסון גליק","lines":"61, 62, 72, 81, 471, 480, 821","n_lines":7}},{"type":"Feature","geometry":{"type":"Point","coordinates":[35.221274,31.719727]},"properties":{"code":5823,"name":"מסוף חומת שמואל/אליהו קורן","lines":"74, 75, 95, 480, 504, 505, 506","n_lines":7}},{"type":"Feature","geometry":{"type":"Point","coordinates":[35.208248,31.769652]},"properties":{"code":1523,"name":"הרצוג/טשרניחובסקי","lines":"17, 19, 90, 91, 92, 509, 517","n_lines":7}},{"type":"Feature","geometry":{"type":"Point","coordinates":[35.20425,31.766476]},"properties":{"code":978,"name":"הרצוג/ניות","lines":"17, 19, 42, 92, 490, 509, 517","n_lines":7}},{"type":"Feature","geometry":{"type":"Point","coordinates":[35.238277,31.743018]},"properties":{"code":2294,"name":"ברזני/רובוביץ'","lines":"78, 90, 91, 203, 480, 510, 512","n_lines":7}},{"type":"Feature","geometry":{"type":"Point","coordinates":[35.228601,31.784232]},"properties":{"code":5799,"name":"מסוף שער שכם/ענטר בן שדאד","lines":"201, 207, 218, 254, 273, 274, 218א","n_lines":7}},{"type":"Feature","geometry":{"type":"Point","coordinates":[35.234508,31.794604]},"properties":{"code":5714,"name":"קופת חולים כללית/דרך הר הזיתים","lines":"201, 207, 218, 254, 273, 274, 218א","n_lines":7}},{"type":"Feature","geometry":{"type":"Point","coordinates":[35.238942,31.781324]},"properties":{"code":381,"name":"שער האריות/דרך יריחו","lines":"205, 206, 236, 256, 257, 276, 286","n_lines":7}},{"type":"Feature","geometry":{"type":"Point","coordinates":[35.240996,31.772301]},"properties":{"code":5677,"name":"מעלה הזיתים","lines":"51, 83, 205, 206, 256, 257, 83א","n_lines":7}},{"type":"Feature","geometry":{"type":"Point","coordinates":[35.228825,31.78368]},"properties":{"code":4136,"name":"מסוף דרך שכם","lines":"201, 207, 218, 254, 273, 274, 218א","n_lines":7}},{"type":"Feature","geometry":{"type":"Point","coordinates":[35.239333,31.74482]},"properties":{"code":2295,"name":"ברזאני/בן יוסף","lines":"78, 90, 91, 203, 214, 510, 512","n_lines":7}},{"type":"Feature","geometry":{"type":"Point","coordinates":[35.184293,31.777022]},"properties":{"code":548,"name":"יפה נוף/שדרות הרצל","lines":"33, 118, 225, 245, 295, 505, 626","n_lines":7}},{"type":"Feature","geometry":{"type":"Point","coordinates":[35.147753,31.765889]},"properties":{"code":2314,"name":"כניסה ראשית/הדסה עין כרם","lines":"12, 19, 27, 42, 153, 19א, 42א","n_lines":7}},{"type":"Feature","geometry":{"type":"Point","coordinates":[35.195246,31.740029]},"properties":{"code":3322,"name":"דב יוסף/הסיגלית","lines":"31, 33, 92, 299, 505, 506, 531","n_lines":7}},{"type":"Feature","geometry":{"type":"Point","coordinates":[35.233862,31.775622]},"properties":{"code":2551,"name":"הכותל המערבי","lines":"1, 2, 3, 83, 882, 3א, 83א","n_lines":7}},{"type":"Feature","geometry":{"type":"Point","coordinates":[35.202867,31.793389]},"properties":{"code":6106,"name":"פתח תקוה/זכרון יעקב","lines":"9, 16, 51, 57, 377, 401, 972","n_lines":7}},{"type":"Feature","geometry":{"type":"Point","coordinates":[35.205754,31.794086]},"properties":{"code":2761,"name":"ישיבת אור אלחנן/פתח תקוה","lines":"9, 16, 51, 57, 377, 401, 972","n_lines":7}},{"type":"Feature","geometry":{"type":"Point","coordinates":[35.207214,31.795352]},"properties":{"code":2762,"name":"אהל יהושע/שמגר","lines":"9, 16, 51, 57, 377, 401, 972","n_lines":7}},{"type":"Feature","geometry":{"type":"Point","coordinates":[35.231822,31.798328]},"properties":{"code":1363,"name":"שדרות חיים ברלב/דרך שכם","lines":"207, 218, 254, 273, 274, 280, 218א","n_lines":7}},{"type":"Feature","geometry":{"type":"Point","coordinates":[35.20419,31.732062]},"properties":{"code":682,"name":"הרוזמרין/א סאפא","lines":"4, 30, 71, 72, 299, 504, 506","n_lines":7}},{"type":"Feature","geometry":{"type":"Point","coordinates":[35.22077,31.795967]},"properties":{"code":1625,"name":"חטיבת הראל/שמואל הנביא","lines":"59, 65, 68, 69, 568, 970","n_lines":6}},{"type":"Feature","geometry":{"type":"Point","coordinates":[35.185893,31.796065]},"properties":{"code":2775,"name":"בי''ח הרצוג/גבעת שאול","lines":"54, 90, 91, 133, 134, 401","n_lines":6}},{"type":"Feature","geometry":{"type":"Point","coordinates":[35.204758,31.808121]},"properties":{"code":2001,"name":"מרכז תחבורתי הארזים/עירוני","lines":"16, 39, 54, 57, 89, 138","n_lines":6}},{"type":"Feature","geometry":{"type":"Point","coordinates":[35.186145,31.795838]},"properties":{"code":2776,"name":"בי''ח הרצוג/גבעת שאול","lines":"54, 90, 91, 133, 134, 401","n_lines":6}},{"type":"Feature","geometry":{"type":"Point","coordinates":[35.208208,31.794642]},"properties":{"code":3629,"name":"רב שפע/שמגר","lines":"9, 16, 54, 57, 89, 742","n_lines":6}},{"type":"Feature","geometry":{"type":"Point","coordinates":[35.224174,31.800714]},"properties":{"code":5830,"name":"מעבר המיתלה/פארן","lines":"39, 40, 52, 143, 422, 740","n_lines":6}},{"type":"Feature","geometry":{"type":"Point","coordinates":[35.218033,31.798521]},"properties":{"code":2831,"name":"האדמורים ליינער","lines":"16, 39, 40, 52, 422, 39א","n_lines":6}},{"type":"Feature","geometry":{"type":"Point","coordinates":[35.214799,31.794876]},"properties":{"code":3820,"name":"עלי הכהן/בר אילן","lines":"9, 52, 64, 67, 89, 824","n_lines":6}},{"type":"Feature","geometry":{"type":"Point","coordinates":[35.218142,31.798761]},"properties":{"code":2830,"name":"האדמורים ליינער","lines":"16, 39, 40, 52, 308, 422","n_lines":6}},{"type":"Feature","geometry":{"type":"Point","coordinates":[35.224171,31.800519]},"properties":{"code":1376,"name":"מעבר המיתלה/פארן","lines":"39, 40, 52, 143, 308, 422","n_lines":6}},{"type":"Feature","geometry":{"type":"Point","coordinates":[35.185674,31.761812]},"properties":{"code":5975,"name":"קרית נוער/זילברג","lines":"16, 26, 33, 39, 516, 26א","n_lines":6}},{"type":"Feature","geometry":{"type":"Point","coordinates":[35.183814,31.758811]},"properties":{"code":2071,"name":"קדיש לוז/משה שרת","lines":"16, 21, 26, 39, 411, 26א","n_lines":6}},{"type":"Feature","geometry":{"type":"Point","coordinates":[35.183255,31.761402]},"properties":{"code":2595,"name":"מסוף רמת שרת/קדיש לוז","lines":"16, 21, 26, 39, 411, 26א","n_lines":6}},{"type":"Feature","geometry":{"type":"Point","coordinates":[35.207026,31.795136]},"properties":{"code":4106,"name":"אהל יהושע/שמגר","lines":"9, 16, 57, 377, 401, 742","n_lines":6}},{"type":"Feature","geometry":{"type":"Point","coordinates":[35.203449,31.793709]},"properties":{"code":3057,"name":"פתח תקווה א","lines":"9, 16, 57, 377, 401, 742","n_lines":6}},{"type":"Feature","geometry":{"type":"Point","coordinates":[35.201571,31.793459]},"properties":{"code":1243,"name":"פתח תקוה/זכרון יעקב","lines":"9, 16, 57, 377, 401, 742","n_lines":6}},{"type":"Feature","geometry":{"type":"Point","coordinates":[35.212698,31.796129]},"properties":{"code":110,"name":"עזרת תורה/דורש טוב","lines":"3, 9, 52, 57, 96, 3א","n_lines":6}},{"type":"Feature","geometry":{"type":"Point","coordinates":[35.214052,31.772516]},"properties":{"code":1077,"name":"עזה/רד''ק","lines":"9, 17, 19, 22, 92, 517","n_lines":6}},{"type":"Feature","geometry":{"type":"Point","coordinates":[35.217133,31.797708]},"properties":{"code":105,"name":"גבעת משה","lines":"3, 16, 57, 96, 970, 3א","n_lines":6}},{"type":"Feature","geometry":{"type":"Point","coordinates":[35.183655,31.75884]},"properties":{"code":2072,"name":"קדיש לוז/משה שרת","lines":"16, 21, 26, 39, 26א, 39א","n_lines":6}},{"type":"Feature","geometry":{"type":"Point","coordinates":[35.226068,31.798263]},"properties":{"code":6024,"name":"רנה קאסן/שרגאי","lines":"34, 40, 52, 143, 308, 422","n_lines":6}},{"type":"Feature","geometry":{"type":"Point","coordinates":[35.187693,31.826213]},"properties":{"code":1183,"name":"תחנה תפעולית/מסוף אצ''ג","lines":"61, 63, 64, 81, 86, 64א","n_lines":6}},{"type":"Feature","geometry":{"type":"Point","coordinates":[35.193561,31.820562]},"properties":{"code":720,"name":"יצחק מירסקי/בנימין מינץ","lines":"61, 64, 72, 81, 86, 64א","n_lines":6}},{"type":"Feature","geometry":{"type":"Point","coordinates":[35.191709,31.820962]},"properties":{"code":877,"name":"יצחק מירסקי/אלימלך מליז'נסק","lines":"61, 64, 72, 81, 86, 64א","n_lines":6}},{"type":"Feature","geometry":{"type":"Point","coordinates":[35.190116,31.821795]},"properties":{"code":906,"name":"יצחק מירסקי/שדרות גולדה מאיר","lines":"61, 64, 72, 81, 86, 64א","n_lines":6}},{"type":"Feature","geometry":{"type":"Point","coordinates":[35.182521,31.785654]},"properties":{"code":993,"name":"בית הדפוס/בקי","lines":"33, 52, 64, 65, 67, 91","n_lines":6}},{"type":"Feature","geometry":{"type":"Point","coordinates":[35.18467,31.786078]},"properties":{"code":1604,"name":"מרכז ספיר/בית הדפוס","lines":"33, 52, 64, 65, 67, 91","n_lines":6}},{"type":"Feature","geometry":{"type":"Point","coordinates":[35.186807,31.786077]},"properties":{"code":5942,"name":"מגדל דונה/בית הדפוס","lines":"33, 52, 64, 65, 67, 91","n_lines":6}},{"type":"Feature","geometry":{"type":"Point","coordinates":[35.189354,31.785766]},"properties":{"code":995,"name":"בית השנהב/בית הדפוס","lines":"33, 52, 64, 65, 67, 91","n_lines":6}},{"type":"Feature","geometry":{"type":"Point","coordinates":[35.215908,31.80751]},"properties":{"code":2986,"name":"דרוק/יגאל ידין","lines":"56, 57, 67, 85, 86, 567","n_lines":6}},{"type":"Feature","geometry":{"type":"Point","coordinates":[35.226292,31.807334]},"properties":{"code":1164,"name":"חזון איש/הרב רפאל ברוך טולדנו","lines":"56, 57, 67, 85, 86, 567","n_lines":6}},{"type":"Feature","geometry":{"type":"Point","coordinates":[35.229801,31.804272]},"properties":{"code":6066,"name":"ששת הימים","lines":"68, 77, 120, 126, 740, 77א","n_lines":6}},{"type":"Feature","geometry":{"type":"Point","coordinates":[35.229492,31.801947]},"properties":{"code":1426,"name":"ששת הימים/פארן","lines":"68, 77, 120, 126, 740, 77א","n_lines":6}},{"type":"Feature","geometry":{"type":"Point","coordinates":[35.196388,31.771404]},"properties":{"code":6077,"name":"קמפוס ספרא/המכון למדעי החיים","lines":"7, 42, 68, 100, 568, 42א","n_lines":6}},{"type":"Feature","geometry":{"type":"Point","coordinates":[35.19556,31.775839]},"properties":{"code":3608,"name":"קמפוס ספרא/ספריית מדעי הטבע","lines":"7, 42, 68, 100, 568, 42א","n_lines":6}},{"type":"Feature","geometry":{"type":"Point","coordinates":[35.203619,31.774471]},"properties":{"code":2406,"name":"מוזיאון ישראל/ויז","lines":"7, 14, 35, 66, 90, 66א","n_lines":6}},{"type":"Feature","geometry":{"type":"Point","coordinates":[35.213815,31.780632]},"properties":{"code":2024,"name":"בצלאל/טרומפלדור","lines":"7, 9, 17, 19, 25, 45","n_lines":6}},{"type":"Feature","geometry":{"type":"Point","coordinates":[35.222452,31.755927]},"properties":{"code":3083,"name":"ינובסקי/דרך חברון","lines":"7, 88, 90, 203, 204, 510","n_lines":6}},{"type":"Feature","geometry":{"type":"Point","coordinates":[35.20307,31.7751]},"properties":{"code":981,"name":"מוזיאון ישראל/וייז","lines":"7, 14, 35, 66, 90, 66א","n_lines":6}},{"type":"Feature","geometry":{"type":"Point","coordinates":[35.167544,31.752349]},"properties":{"code":3561,"name":"קוליץ/האביבית","lines":"12, 17, 129, 194, 512, 517","n_lines":6}},{"type":"Feature","geometry":{"type":"Point","coordinates":[35.203864,31.765746]},"properties":{"code":949,"name":"הרצוג/רסקו","lines":"17, 19, 92, 509, 517, 19א","n_lines":6}},{"type":"Feature","geometry":{"type":"Point","coordinates":[35.209732,31.769609]},"properties":{"code":1054,"name":"הרצוג/טשרניחובסקי","lines":"17, 19, 22, 92, 517, 19א","n_lines":6}},{"type":"Feature","geometry":{"type":"Point","coordinates":[35.211823,31.770264]},"properties":{"code":1575,"name":"עזה/הרב ברלין","lines":"17, 19, 22, 92, 517, 19א","n_lines":6}},{"type":"Feature","geometry":{"type":"Point","coordinates":[35.232494,31.792842]},"properties":{"code":2410,"name":"דרך הר הזיתים/נשאשיבי","lines":"17, 201, 254, 263, 274, 263א","n_lines":6}},{"type":"Feature","geometry":{"type":"Point","coordinates":[35.202511,31.751061]},"properties":{"code":3342,"name":"פת/ברל לוקר","lines":"5, 12, 366, 374, 376, 512","n_lines":6}},{"type":"Feature","geometry":{"type":"Point","coordinates":[35.215901,31.749728]},"properties":{"code":2916,"name":"הסדנא/יד חרוצים","lines":"5, 12, 95, 124, 510, 30א","n_lines":6}},{"type":"Feature","geometry":{"type":"Point","coordinates":[35.217901,31.750182]},"properties":{"code":3317,"name":"התנופה/דרך בית לחם","lines":"5, 12, 95, 124, 510, 30א","n_lines":6}},{"type":"Feature","geometry":{"type":"Point","coordinates":[35.200811,31.752356]},"properties":{"code":3097,"name":"פת/בעהם","lines":"5, 12, 22, 366, 374, 512","n_lines":6}},{"type":"Feature","geometry":{"type":"Point","coordinates":[35.202518,31.751267]},"properties":{"code":1675,"name":"פת/ברל לוקר","lines":"5, 12, 366, 374, 480, 512","n_lines":6}},{"type":"Feature","geometry":{"type":"Point","coordinates":[35.197491,31.750482]},"properties":{"code":2188,"name":"דרך דוד בנבנישתי/דב יוסף","lines":"5, 14, 31, 33, 299, 512","n_lines":6}},{"type":"Feature","geometry":{"type":"Point","coordinates":[35.218277,31.727709]},"properties":{"code":3828,"name":"ורשבסקי/אריה בינה","lines":"4, 5, 75, 95, 480, 505","n_lines":6}},{"type":"Feature","geometry":{"type":"Point","coordinates":[35.22214,31.722684]},"properties":{"code":3914,"name":"יצחק נסים/בן חמו","lines":"4, 5, 74, 480, 504, 506","n_lines":6}},{"type":"Feature","geometry":{"type":"Point","coordinates":[35.219044,31.722035]},"properties":{"code":4018,"name":"יצחק נסים/באום","lines":"4, 5, 74, 480, 504, 506","n_lines":6}},{"type":"Feature","geometry":{"type":"Point","coordinates":[35.218402,31.723233]},"properties":{"code":3137,"name":"יצחק ניסים א'","lines":"4, 5, 74, 480, 504, 506","n_lines":6}},{"type":"Feature","geometry":{"type":"Point","coordinates":[35.219874,31.725367]},"properties":{"code":3138,"name":"יצחק ניסים/אביגור","lines":"4, 5, 74, 480, 504, 506","n_lines":6}},{"type":"Feature","geometry":{"type":"Point","coordinates":[35.220016,31.72731]},"properties":{"code":5829,"name":"יצחק ניסים ג'","lines":"4, 5, 74, 480, 504, 506","n_lines":6}},{"type":"Feature","geometry":{"type":"Point","coordinates":[35.221741,31.727393]},"properties":{"code":3830,"name":"יצחק ניסים ד'","lines":"4, 5, 74, 480, 504, 506","n_lines":6}},{"type":"Feature","geometry":{"type":"Point","coordinates":[35.223475,31.726324]},"properties":{"code":3139,"name":"הרב יצחק נסים/פיקרד","lines":"4, 5, 74, 480, 504, 506","n_lines":6}},{"type":"Feature","geometry":{"type":"Point","coordinates":[35.224027,31.726916]},"properties":{"code":5871,"name":"שמואל מאיר/יצחק נסים","lines":"4, 5, 74, 480, 504, 506","n_lines":6}},{"type":"Feature","geometry":{"type":"Point","coordinates":[35.187968,31.733251]},"properties":{"code":2360,"name":"יפה רום/צביה ויצחק","lines":"30, 72, 92, 480, 531, 30א","n_lines":6}},{"type":"Feature","geometry":{"type":"Point","coordinates":[35.18868,31.734933]},"properties":{"code":2150,"name":"יפה רום/האזוב","lines":"30, 72, 92, 480, 531, 30א","n_lines":6}},{"type":"Feature","geometry":{"type":"Point","coordinates":[35.189172,31.736676]},"properties":{"code":2152,"name":"יפה רום/גבעת קנדה","lines":"30, 72, 92, 480, 531, 30א","n_lines":6}},{"type":"Feature","geometry":{"type":"Point","coordinates":[35.19061,31.735008]},"properties":{"code":2163,"name":"יפה רום/הגומא","lines":"30, 72, 92, 480, 531, 30א","n_lines":6}},{"type":"Feature","geometry":{"type":"Point","coordinates":[35.190343,31.733326]},"properties":{"code":2547,"name":"יפה רום/התאנה","lines":"30, 72, 92, 480, 531, 30א","n_lines":6}},{"type":"Feature","geometry":{"type":"Point","coordinates":[35.189575,31.731613]},"properties":{"code":2548,"name":"יפה רום/הציפורן","lines":"30, 72, 92, 480, 531, 30א","n_lines":6}},{"type":"Feature","geometry":{"type":"Point","coordinates":[35.200234,31.732271]},"properties":{"code":9817,"name":"הרוזמרין/דוגה","lines":"30, 71, 72, 505, 506, 30א","n_lines":6}},{"type":"Feature","geometry":{"type":"Point","coordinates":[35.176832,31.758318]},"properties":{"code":1609,"name":"אורוגואי/מרקו ברוך","lines":"10, 23, 24, 35, 42, 23א","n_lines":6}},{"type":"Feature","geometry":{"type":"Point","coordinates":[35.175776,31.76109]},"properties":{"code":1610,"name":"מרכז מסחרי/אורוגואי","lines":"10, 23, 24, 35, 42, 23א","n_lines":6}},{"type":"Feature","geometry":{"type":"Point","coordinates":[35.177543,31.768906]},"properties":{"code":5644,"name":"הנטקה/שמריהו לוין","lines":"20, 27, 35, 508, 630, 27א","n_lines":6}},{"type":"Feature","geometry":{"type":"Point","coordinates":[35.20864,31.758875]},"properties":{"code":1017,"name":"בן זכאי/דוסתאי","lines":"10, 15, 77, 95, 510, 77א","n_lines":6}},{"type":"Feature","geometry":{"type":"Point","coordinates":[35.216619,31.752369]},"properties":{"code":9921,"name":"יד חרוצים/פועלי צדק","lines":"10, 15, 30, 34, 95, 510","n_lines":6}},{"type":"Feature","geometry":{"type":"Point","coordinates":[35.215224,31.758565]},"properties":{"code":1856,"name":"צומת אורנים/פייר קניג","lines":"10, 15, 90, 95, 97, 510","n_lines":6}},{"type":"Feature","geometry":{"type":"Point","coordinates":[35.246827,31.819525]},"properties":{"code":2892,"name":"מאיר גרשון/דב סדן","lines":"47, 53, 65, 66, 540, 66א","n_lines":6}},{"type":"Feature","geometry":{"type":"Point","coordinates":[35.244258,31.819056]},"properties":{"code":2893,"name":"מאיר גרשון/חיים תורן","lines":"47, 53, 65, 66, 540, 66א","n_lines":6}},{"type":"Feature","geometry":{"type":"Point","coordinates":[35.241101,31.819947]},"properties":{"code":2862,"name":"מאיר גרשון/אלי תבין","lines":"47, 53, 65, 66, 540, 66א","n_lines":6}},{"type":"Feature","geometry":{"type":"Point","coordinates":[35.215587,31.785078]},"properties":{"code":1622,"name":"ככר הדוידקה/הנביאים","lines":"18, 25, 45, 66, 74, 66א","n_lines":6}},{"type":"Feature","geometry":{"type":"Point","coordinates":[35.211916,31.784244]},"properties":{"code":9870,"name":"שוק מחנה יהודה/אגריפס","lines":"18, 25, 45, 66, 74, 66א","n_lines":6}},{"type":"Feature","geometry":{"type":"Point","coordinates":[35.210057,31.785199]},"properties":{"code":5885,"name":"שוקניון/אגריפס","lines":"18, 25, 45, 66, 74, 66א","n_lines":6}},{"type":"Feature","geometry":{"type":"Point","coordinates":[35.232582,31.796437]},"properties":{"code":2939,"name":"מטה ארצי/קלרמון גנו","lines":"34, 48, 254, 274, 280, 48א","n_lines":6}},{"type":"Feature","geometry":{"type":"Point","coordinates":[35.238029,31.822347]},"properties":{"code":2882,"name":"שדרות משה דיין/משה רחמילביץ","lines":"22, 46, 47, 49, 65, 482","n_lines":6}},{"type":"Feature","geometry":{"type":"Point","coordinates":[35.222988,31.796298]},"properties":{"code":1347,"name":"ארץ חפץ/חטיבת הראל","lines":"22, 25, 45, 77, 970, 77א","n_lines":6}},{"type":"Feature","geometry":{"type":"Point","coordinates":[35.231266,31.797849]},"properties":{"code":3854,"name":"המטה הארצי/שדרות חיים ברלב","lines":"49, 66, 124, 125, 517, 66א","n_lines":6}},{"type":"Feature","geometry":{"type":"Point","coordinates":[35.204129,31.755343]},"properties":{"code":962,"name":"יהודה הנשיא/בני בתירא","lines":"10, 14, 77, 95, 510, 77א","n_lines":6}},{"type":"Feature","geometry":{"type":"Point","coordinates":[35.214472,31.760925]},"properties":{"code":1204,"name":"אלעזר המודעי/ריש לקיש","lines":"8, 18, 77, 90, 97, 77א","n_lines":6}},{"type":"Feature","geometry":{"type":"Point","coordinates":[35.214244,31.763833]},"properties":{"code":1682,"name":"רחל אימנו/תל חי","lines":"14, 18, 77, 90, 97, 77א","n_lines":6}},{"type":"Feature","geometry":{"type":"Point","coordinates":[35.211893,31.764791]},"properties":{"code":1046,"name":"כובשי קטמון/כ''ט בנובמבר","lines":"14, 18, 77, 90, 97, 77א","n_lines":6}},{"type":"Feature","geometry":{"type":"Point","coordinates":[35.196741,31.815286]},"properties":{"code":4179,"name":"שיבת ציון/גולדה","lines":"31, 61, 63, 64, 71, 81","n_lines":6}},{"type":"Feature","geometry":{"type":"Point","coordinates":[35.202563,31.818485]},"properties":{"code":335,"name":"רמות/מעוז","lines":"31, 61, 64, 71, 86, 821","n_lines":6}},{"type":"Feature","geometry":{"type":"Point","coordinates":[35.199843,31.82141]},"properties":{"code":336,"name":"רמות/סולם יעקב","lines":"31, 61, 64, 71, 86, 821","n_lines":6}},{"type":"Feature","geometry":{"type":"Point","coordinates":[35.198778,31.819286]},"properties":{"code":2562,"name":"הרא''ה/ולנשטיין","lines":"31, 61, 64, 71, 86, 821","n_lines":6}},{"type":"Feature","geometry":{"type":"Point","coordinates":[35.192797,31.817176]},"properties":{"code":316,"name":"רקאנטי/בן זאב","lines":"36, 62, 64, 72, 86, 138","n_lines":6}},{"type":"Feature","geometry":{"type":"Point","coordinates":[35.189665,31.818019]},"properties":{"code":317,"name":"רקאנטי/אידלזון","lines":"36, 62, 64, 72, 86, 138","n_lines":6}},{"type":"Feature","geometry":{"type":"Point","coordinates":[35.187729,31.820307]},"properties":{"code":318,"name":"רקאנטי/המשורר אצ''ג","lines":"36, 62, 64, 72, 86, 138","n_lines":6}},{"type":"Feature","geometry":{"type":"Point","coordinates":[35.199146,31.755318]},"properties":{"code":2181,"name":"פת/יהודה הנשיא","lines":"12, 14, 22, 31, 92, 480","n_lines":6}},{"type":"Feature","geometry":{"type":"Point","coordinates":[35.218295,31.787765]},"properties":{"code":5886,"name":"ככר השבת/ישעיהו","lines":"9, 25, 36, 45, 56, 59","n_lines":6}},{"type":"Feature","geometry":{"type":"Point","coordinates":[35.196261,31.811929]},"properties":{"code":2202,"name":"צונדק/אשכולי","lines":"61, 62, 72, 471, 480, 821","n_lines":6}},{"type":"Feature","geometry":{"type":"Point","coordinates":[35.198725,31.811272]},"properties":{"code":2203,"name":"צונדק/ראובן מס","lines":"61, 62, 72, 471, 480, 821","n_lines":6}},{"type":"Feature","geometry":{"type":"Point","coordinates":[35.199353,31.809763]},"properties":{"code":2217,"name":"צונדק/עליית הנוער","lines":"61, 62, 72, 471, 480, 821","n_lines":6}},{"type":"Feature","geometry":{"type":"Point","coordinates":[35.198739,31.808293]},"properties":{"code":2563,"name":"יגאל אלון/ש''י","lines":"61, 62, 72, 471, 480, 821","n_lines":6}},{"type":"Feature","geometry":{"type":"Point","coordinates":[35.201642,31.809459]},"properties":{"code":2262,"name":"יגאל אלון/דרך החורש","lines":"61, 62, 72, 471, 480, 821","n_lines":6}},{"type":"Feature","geometry":{"type":"Point","coordinates":[35.190046,31.753685]},"properties":{"code":2930,"name":"א''ס ביתר/א''ס הפועל","lines":"6, 12, 17, 31, 516, 540","n_lines":6}},{"type":"Feature","geometry":{"type":"Point","coordinates":[35.176411,31.750839]},"properties":{"code":3350,"name":"בי''ס למדעים ואומנויות/קוליץ","lines":"12, 17, 129, 194, 512, 517","n_lines":6}},{"type":"Feature","geometry":{"type":"Point","coordinates":[35.150596,31.764422]},"properties":{"code":2325,"name":"בי''ס לרפואה/הדסה עין כרם","lines":"12, 19, 27, 42, 153, 27א","n_lines":6}},{"type":"Feature","geometry":{"type":"Point","coordinates":[35.15027,31.766338]},"properties":{"code":2985,"name":"מכון שרת/הדסה עין כרם","lines":"12, 19, 27, 42, 153, 27א","n_lines":6}},{"type":"Feature","geometry":{"type":"Point","coordinates":[35.148811,31.766346]},"properties":{"code":2326,"name":"כניסה ראשית/הדסה עין כרם","lines":"12, 19, 27, 42, 153, 27א","n_lines":6}},{"type":"Feature","geometry":{"type":"Point","coordinates":[35.225986,31.786256]},"properties":{"code":1956,"name":"שבטי ישראל/שומרי אמונים","lines":"3, 19, 96, 163, 239, 3א","n_lines":6}},{"type":"Feature","geometry":{"type":"Point","coordinates":[35.22811,31.749878]},"properties":{"code":3425,"name":"רב החובל/אדם","lines":"78, 90, 91, 480, 510, 512","n_lines":6}},{"type":"Feature","geometry":{"type":"Point","coordinates":[35.234484,31.752957]},"properties":{"code":2281,"name":"עולי הגרדום/דב גרונר","lines":"78, 90, 91, 480, 510, 512","n_lines":6}},{"type":"Feature","geometry":{"type":"Point","coordinates":[35.236871,31.751396]},"properties":{"code":2293,"name":"עולי הגרדום/אבשלום חביב","lines":"78, 90, 91, 480, 510, 512","n_lines":6}},{"type":"Feature","geometry":{"type":"Point","coordinates":[35.237115,31.749185]},"properties":{"code":2299,"name":"עולי הגרדום/יעקב וייס","lines":"78, 90, 91, 480, 510, 512","n_lines":6}},{"type":"Feature","geometry":{"type":"Point","coordinates":[35.237482,31.747525]},"properties":{"code":2300,"name":"עולי הגרדום/קדושי בבל","lines":"78, 90, 91, 480, 510, 512","n_lines":6}},{"type":"Feature","geometry":{"type":"Point","coordinates":[35.238948,31.745889]},"properties":{"code":2301,"name":"עולי הגרדום/ברזאני","lines":"78, 90, 91, 480, 510, 512","n_lines":6}},{"type":"Feature","geometry":{"type":"Point","coordinates":[35.236039,31.745998]},"properties":{"code":2701,"name":"פיינשטיין/ברזאני","lines":"78, 88, 90, 91, 480, 510","n_lines":6}},{"type":"Feature","geometry":{"type":"Point","coordinates":[35.235217,31.747901]},"properties":{"code":2285,"name":"פיינשטיין","lines":"78, 88, 90, 91, 480, 510","n_lines":6}},{"type":"Feature","geometry":{"type":"Point","coordinates":[35.234575,31.749707]},"properties":{"code":2702,"name":"פיינשטיין/בן יוסף","lines":"78, 88, 90, 91, 480, 510","n_lines":6}},{"type":"Feature","geometry":{"type":"Point","coordinates":[35.232687,31.748891]},"properties":{"code":2282,"name":"רזיאל/קשאני","lines":"78, 88, 90, 91, 480, 510","n_lines":6}},{"type":"Feature","geometry":{"type":"Point","coordinates":[35.23298,31.746961]},"properties":{"code":2682,"name":"רזיאל/דרזנר","lines":"78, 88, 90, 91, 480, 510","n_lines":6}},{"type":"Feature","geometry":{"type":"Point","coordinates":[35.230676,31.747518]},"properties":{"code":9876,"name":"רב החובל/דוד רזיאל","lines":"78, 90, 91, 480, 510, 512","n_lines":6}},{"type":"Feature","geometry":{"type":"Point","coordinates":[35.2283,31.749783]},"properties":{"code":466,"name":"רב החובל/אדם","lines":"78, 90, 91, 480, 510, 512","n_lines":6}},{"type":"Feature","geometry":{"type":"Point","coordinates":[35.225974,31.769]},"properties":{"code":6290,"name":"צומת אבו תור/דרך חברון","lines":"203, 231, 232, 234, 276, 286","n_lines":6}},{"type":"Feature","geometry":{"type":"Point","coordinates":[35.205407,31.73057]},"properties":{"code":681,"name":"דרך חברון/הרוזמרין","lines":"49, 95, 163, 231, 234, 299","n_lines":6}},{"type":"Feature","geometry":{"type":"Point","coordinates":[35.235578,31.774904]},"properties":{"code":9823,"name":"מעלה השלום/מעלות עיר דוד","lines":"1, 3, 83, 276, 3א, 83א","n_lines":6}},{"type":"Feature","geometry":{"type":"Point","coordinates":[35.240414,31.774317]},"properties":{"code":5678,"name":"ככר ראס אלעמוד/ דרך יריחו","lines":"51, 205, 206, 236, 256, 257","n_lines":6}},{"type":"Feature","geometry":{"type":"Point","coordinates":[35.239551,31.778914]},"properties":{"code":672,"name":"הר הזיתים","lines":"83, 205, 206, 236, 257, 83א","n_lines":6}},{"type":"Feature","geometry":{"type":"Point","coordinates":[35.228572,31.754585]},"properties":{"code":9826,"name":"טיילת א. הנציב/דניאל ינובסקי","lines":"82, 88, 90, 91, 203, 204","n_lines":6}},{"type":"Feature","geometry":{"type":"Point","coordinates":[35.238692,31.743006]},"properties":{"code":2286,"name":"ברזני/רובוביץ'","lines":"78, 90, 91, 203, 510, 512","n_lines":6}},{"type":"Feature","geometry":{"type":"Point","coordinates":[35.21446,31.800586]},"properties":{"code":3402,"name":"תחנה תפעולית/חניון הרטום-אטון","lines":"189, 289, 616, 617, 618, 619","n_lines":6}},{"type":"Feature","geometry":{"type":"Point","coordinates":[35.197353,31.818095]},"properties":{"code":142,"name":"ולנשטיין/הרא''ה","lines":"31, 36, 61, 71, 81, 821","n_lines":6}},{"type":"Feature","geometry":{"type":"Point","coordinates":[35.196068,31.818922]},"properties":{"code":143,"name":"ולנשטיין/ועד ארבע הארצות","lines":"31, 36, 61, 71, 81, 821","n_lines":6}},{"type":"Feature","geometry":{"type":"Point","coordinates":[35.195267,31.820185]},"properties":{"code":144,"name":"ולנשטיין/קהילת אונגוואר","lines":"31, 36, 61, 71, 81, 821","n_lines":6}},{"type":"Feature","geometry":{"type":"Point","coordinates":[35.167085,31.759652]},"properties":{"code":972,"name":"הכפר השוודי/סולד","lines":"19, 27, 42, 630, 19א, 42א","n_lines":6}},{"type":"Feature","geometry":{"type":"Point","coordinates":[35.194554,31.821313]},"properties":{"code":138,"name":"מירסקי/מינץ","lines":"31, 36, 62, 71, 72, 516","n_lines":6}},{"type":"Feature","geometry":{"type":"Point","coordinates":[35.196636,31.821488]},"properties":{"code":2792,"name":"שבתאי חזקיה/קהילת אונגוואר","lines":"31, 36, 61, 62, 71, 81","n_lines":6}},{"type":"Feature","geometry":{"type":"Point","coordinates":[35.198287,31.821135]},"properties":{"code":140,"name":"שבתאי חזקיה/ועד ארבע הארצות","lines":"31, 36, 61, 62, 71, 81","n_lines":6}},{"type":"Feature","geometry":{"type":"Point","coordinates":[35.198898,31.819898]},"properties":{"code":141,"name":"שבתאי חזקיה/הרא''ה","lines":"31, 36, 61, 62, 71, 81","n_lines":6}},{"type":"Feature","geometry":{"type":"Point","coordinates":[35.207307,31.815707]},"properties":{"code":1289,"name":"אבא הלל סילבר/הארי טרומן","lines":"31, 61, 63, 71, 81, 86","n_lines":6}},{"type":"Feature","geometry":{"type":"Point","coordinates":[35.201461,31.815914]},"properties":{"code":2183,"name":"סילבר/שיבת ציון","lines":"31, 61, 63, 71, 81, 86","n_lines":6}},{"type":"Feature","geometry":{"type":"Point","coordinates":[35.203387,31.814891]},"properties":{"code":9948,"name":"סילבר/שכטמן","lines":"31, 61, 63, 71, 81, 86","n_lines":6}},{"type":"Feature","geometry":{"type":"Point","coordinates":[35.205998,31.814641]},"properties":{"code":2186,"name":"סילבר/מורגנטאו","lines":"31, 61, 63, 71, 81, 86","n_lines":6}},{"type":"Feature","geometry":{"type":"Point","coordinates":[35.221902,31.720109]},"properties":{"code":9820,"name":"אליהו קורן/הרב כלפון משה הכהן","lines":"74, 75, 95, 504, 505, 506","n_lines":6}},{"type":"Feature","geometry":{"type":"Point","coordinates":[35.220711,31.719327]},"properties":{"code":3418,"name":"מסוף חומת שמואל","lines":"5, 74, 75, 504, 505, 506","n_lines":6}},{"type":"Feature","geometry":{"type":"Point","coordinates":[35.226947,31.862831]},"properties":{"code":63469,"name":"מעבר קלנדיה/הורדה","lines":"171, 218, 273, 280, 299, 218א","n_lines":6}},{"type":"Feature","geometry":{"type":"Point","coordinates":[35.228628,31.829507]},"properties":{"code":5709,"name":"צומת חזמה/דרך בית חנינה","lines":"171, 218, 273, 274, 280, 299","n_lines":6}},{"type":"Feature","geometry":{"type":"Point","coordinates":[35.229795,31.837828]},"properties":{"code":882,"name":"צומת נווה יעקב/דרך רמאללה","lines":"218, 273, 280, 299, 541, 218א","n_lines":6}},{"type":"Feature","geometry":{"type":"Point","coordinates":[35.23012,31.841264]},"properties":{"code":883,"name":"בית ספר הלן קלר/דרך רמאללה","lines":"218, 273, 280, 299, 541, 218א","n_lines":6}},{"type":"Feature","geometry":{"type":"Point","coordinates":[35.229259,31.844566]},"properties":{"code":887,"name":"דאחיית אל בריד/דרך רמאללה","lines":"218, 273, 280, 299, 541, 218א","n_lines":6}},{"type":"Feature","geometry":{"type":"Point","coordinates":[35.228456,31.847373]},"properties":{"code":61448,"name":"דרך רמאללה/מרג' אבן עאמר","lines":"218, 273, 280, 299, 541, 218א","n_lines":6}},{"type":"Feature","geometry":{"type":"Point","coordinates":[35.227414,31.848814]},"properties":{"code":60399,"name":"צומת ביר נבאלה/דרך רמאללה","lines":"218, 273, 280, 299, 541, 218א","n_lines":6}},{"type":"Feature","geometry":{"type":"Point","coordinates":[35.228724,31.845808]},"properties":{"code":62000,"name":"בית ספר אל אימאן/דרך רמאללה","lines":"218, 273, 280, 299, 541, 218א","n_lines":6}},{"type":"Feature","geometry":{"type":"Point","coordinates":[35.229572,31.843512]},"properties":{"code":886,"name":"דאחיית אל בריד/דרך רמאללה","lines":"218, 273, 280, 299, 541, 218א","n_lines":6}},{"type":"Feature","geometry":{"type":"Point","coordinates":[35.229889,31.840632]},"properties":{"code":693,"name":"צומת נווה יעקב/דרך רמאללה","lines":"218, 273, 280, 299, 541, 218א","n_lines":6}},{"type":"Feature","geometry":{"type":"Point","coordinates":[35.228904,31.831109]},"properties":{"code":875,"name":"כיכר גן עדן/דרך בית חנינא","lines":"171, 218, 273, 274, 280, 299","n_lines":6}},{"type":"Feature","geometry":{"type":"Point","coordinates":[35.227299,31.862921]},"properties":{"code":63470,"name":"מעבר קלנדיה","lines":"171, 218, 273, 280, 299, 218א","n_lines":6}},{"type":"Feature","geometry":{"type":"Point","coordinates":[35.209093,31.792326]},"properties":{"code":1592,"name":"ירמיהו/שמגר","lines":"64, 65, 68, 69, 568","n_lines":5}},{"type":"Feature","geometry":{"type":"Point","coordinates":[35.247129,31.838543]},"properties":{"code":5824,"name":"וינוגרד/זווין","lines":"59, 69, 81, 85, 412","n_lines":5}},{"type":"Feature","geometry":{"type":"Point","coordinates":[35.213261,31.799332]},"properties":{"code":5666,"name":"שפע חיים/שדרות גולדה מאיר","lines":"40, 54, 133, 134, 401","n_lines":5}},{"type":"Feature","geometry":{"type":"Point","coordinates":[35.21223,31.80102]},"properties":{"code":1089,"name":"המרפא","lines":"40, 46, 54, 123, 506","n_lines":5}},{"type":"Feature","geometry":{"type":"Point","coordinates":[35.209604,31.802368]},"properties":{"code":1088,"name":"קריית המדע/זאב לב","lines":"40, 46, 54, 123, 506","n_lines":5}},{"type":"Feature","geometry":{"type":"Point","coordinates":[35.206858,31.803609]},"properties":{"code":1093,"name":"קרית מדע א","lines":"40, 46, 54, 123, 506","n_lines":5}},{"type":"Feature","geometry":{"type":"Point","coordinates":[35.207169,31.803364]},"properties":{"code":6117,"name":"קרית מדע א'","lines":"40, 46, 54, 123, 506","n_lines":5}},{"type":"Feature","geometry":{"type":"Point","coordinates":[35.210938,31.800629]},"properties":{"code":9944,"name":"קרית מדע/המרפא","lines":"40, 46, 54, 123, 506","n_lines":5}},{"type":"Feature","geometry":{"type":"Point","coordinates":[35.179234,31.786054]},"properties":{"code":180,"name":"כפר שאול/קצנלבוגן","lines":"33, 52, 55, 74, 822","n_lines":5}},{"type":"Feature","geometry":{"type":"Point","coordinates":[35.177902,31.784193]},"properties":{"code":181,"name":"קצנלבוגן/הפלאה","lines":"33, 52, 55, 74, 822","n_lines":5}},{"type":"Feature","geometry":{"type":"Point","coordinates":[35.172418,31.789146]},"properties":{"code":187,"name":"שאולזון/משקלוב","lines":"33, 52, 55, 74, 822","n_lines":5}},{"type":"Feature","geometry":{"type":"Point","coordinates":[35.171828,31.783243]},"properties":{"code":192,"name":"חי טייב/אבן דנן","lines":"33, 52, 55, 74, 822","n_lines":5}},{"type":"Feature","geometry":{"type":"Point","coordinates":[35.178552,31.78861]},"properties":{"code":9903,"name":"רוזנטל","lines":"33, 52, 55, 74, 822","n_lines":5}},{"type":"Feature","geometry":{"type":"Point","coordinates":[35.229063,31.797887]},"properties":{"code":9810,"name":"גבעת התחמושת/שרגאי","lines":"34, 40, 52, 143, 422","n_lines":5}},{"type":"Feature","geometry":{"type":"Point","coordinates":[35.226287,31.798259]},"properties":{"code":9955,"name":"רנה קסין/שרגאי","lines":"34, 40, 52, 143, 422","n_lines":5}},{"type":"Feature","geometry":{"type":"Point","coordinates":[35.223153,31.801274]},"properties":{"code":3815,"name":"ים סוף/צלמונה","lines":"39, 40, 52, 422, 740","n_lines":5}},{"type":"Feature","geometry":{"type":"Point","coordinates":[35.177047,31.782798]},"properties":{"code":182,"name":"ישיבת ויזניץ/קצנלבוגן","lines":"33, 52, 55, 74, 822","n_lines":5}},{"type":"Feature","geometry":{"type":"Point","coordinates":[35.175081,31.783708]},"properties":{"code":2614,"name":"דבר ירושלים/קצנלבוגן","lines":"33, 52, 55, 74, 822","n_lines":5}},{"type":"Feature","geometry":{"type":"Point","coordinates":[35.175009,31.787168]},"properties":{"code":184,"name":"קצנלבוגן/הקבלן","lines":"33, 52, 55, 74, 822","n_lines":5}},{"type":"Feature","geometry":{"type":"Point","coordinates":[35.173541,31.788321]},"properties":{"code":186,"name":"קצנלבוגן/מעלות בוסטון","lines":"33, 52, 55, 74, 822","n_lines":5}},{"type":"Feature","geometry":{"type":"Point","coordinates":[35.172764,31.787328]},"properties":{"code":188,"name":"שאולזון/מעלות בוסטון","lines":"33, 52, 55, 74, 822","n_lines":5}},{"type":"Feature","geometry":{"type":"Point","coordinates":[35.17396,31.785602]},"properties":{"code":189,"name":"שאולזון/רוז'ין","lines":"33, 52, 55, 74, 822","n_lines":5}},{"type":"Feature","geometry":{"type":"Point","coordinates":[35.173535,31.78312]},"properties":{"code":190,"name":"שאולזון/זרח ברנט","lines":"33, 52, 55, 74, 822","n_lines":5}},{"type":"Feature","geometry":{"type":"Point","coordinates":[35.173116,31.781717]},"properties":{"code":191,"name":"חי טייב/שאולזון","lines":"33, 52, 55, 74, 822","n_lines":5}},{"type":"Feature","geometry":{"type":"Point","coordinates":[35.172418,31.785651]},"properties":{"code":193,"name":"חי טייב/ברנד","lines":"33, 52, 55, 74, 822","n_lines":5}},{"type":"Feature","geometry":{"type":"Point","coordinates":[35.170991,31.78833]},"properties":{"code":194,"name":"חי טייב/רוזנטל","lines":"33, 52, 55, 74, 822","n_lines":5}},{"type":"Feature","geometry":{"type":"Point","coordinates":[35.177365,31.790435]},"properties":{"code":195,"name":"רוזנטל/שאולזון","lines":"33, 52, 55, 74, 822","n_lines":5}},{"type":"Feature","geometry":{"type":"Point","coordinates":[35.216822,31.788857]},"properties":{"code":4115,"name":"ככר השבת/מלכי ישראל","lines":"1, 39, 55, 89, 163","n_lines":5}},{"type":"Feature","geometry":{"type":"Point","coordinates":[35.214669,31.789472]},"properties":{"code":1318,"name":"מלכי ישראל/בן מתתיהו","lines":"1, 39, 55, 89, 163","n_lines":5}},{"type":"Feature","geometry":{"type":"Point","coordinates":[35.210925,31.790677]},"properties":{"code":6012,"name":"מלכי ישראל/הרב פלדמן","lines":"1, 39, 55, 89, 163","n_lines":5}},{"type":"Feature","geometry":{"type":"Point","coordinates":[35.205374,31.794197]},"properties":{"code":4052,"name":"ישיבת אור אלחנן/פתח תקוה","lines":"9, 16, 57, 377, 742","n_lines":5}},{"type":"Feature","geometry":{"type":"Point","coordinates":[35.213728,31.797535]},"properties":{"code":108,"name":"עזרת תורה/עלי הכהן","lines":"3, 9, 52, 57, 3א","n_lines":5}},{"type":"Feature","geometry":{"type":"Point","coordinates":[35.202645,31.76666]},"properties":{"code":4181,"name":"בזק/זלמן שניאור","lines":"9, 42, 91, 490, 42א","n_lines":5}},{"type":"Feature","geometry":{"type":"Point","coordinates":[35.191835,31.783365]},"properties":{"code":5943,"name":"תחנת רקל''ה החלוץ/פרבשטיין","lines":"16, 50, 121, 122, 741","n_lines":5}},{"type":"Feature","geometry":{"type":"Point","coordinates":[35.219287,31.801371]},"properties":{"code":368,"name":"מעגלי הרי''ם לוין/האדמורים מגור","lines":"16, 39, 52, 740, 39א","n_lines":5}},{"type":"Feature","geometry":{"type":"Point","coordinates":[35.219365,31.802766]},"properties":{"code":369,"name":"מעגלי הרי''ם לוין/מבוא השלום והאחדות","lines":"16, 39, 52, 740, 39א","n_lines":5}},{"type":"Feature","geometry":{"type":"Point","coordinates":[35.218084,31.803428]},"properties":{"code":370,"name":"מעגלי הרי''ם לוין/מעלות דושינסקי","lines":"16, 39, 52, 740, 39א","n_lines":5}},{"type":"Feature","geometry":{"type":"Point","coordinates":[35.2161,31.802476]},"properties":{"code":371,"name":"מעגלי הרי''ם לוין/האדמור מצאנז","lines":"16, 39, 52, 740, 39א","n_lines":5}},{"type":"Feature","geometry":{"type":"Point","coordinates":[35.213136,31.789941]},"properties":{"code":1917,"name":"מלכי ישראל/תחכמוני","lines":"1, 39, 55, 89, 39א","n_lines":5}},{"type":"Feature","geometry":{"type":"Point","coordinates":[35.215194,31.789195]},"properties":{"code":3632,"name":"מלכי ישראל/בן מתתיהו","lines":"1, 39, 55, 89, 39א","n_lines":5}},{"type":"Feature","geometry":{"type":"Point","coordinates":[35.217353,31.788651]},"properties":{"code":3633,"name":"ככר השבת/מלכי ישראל","lines":"1, 39, 55, 89, 39א","n_lines":5}},{"type":"Feature","geometry":{"type":"Point","coordinates":[35.224739,31.79446]},"properties":{"code":9805,"name":"קרל נטר/שמעון הצדיק","lines":"34, 39, 226, 239, 246","n_lines":5}},{"type":"Feature","geometry":{"type":"Point","coordinates":[35.19137,31.78642]},"properties":{"code":1704,"name":"בית הדפוס/פרבשטיין","lines":"33, 52, 65, 67, 91","n_lines":5}},{"type":"Feature","geometry":{"type":"Point","coordinates":[35.188579,31.786213]},"properties":{"code":1004,"name":"בית השנהב/בית הדפוס","lines":"33, 52, 65, 67, 91","n_lines":5}},{"type":"Feature","geometry":{"type":"Point","coordinates":[35.186547,31.786155]},"properties":{"code":1606,"name":"מגדל דונה/בית הדפוס","lines":"33, 52, 65, 67, 91","n_lines":5}},{"type":"Feature","geometry":{"type":"Point","coordinates":[35.183951,31.785699]},"properties":{"code":1005,"name":"מרכז ספיר/בית הדפוס","lines":"33, 52, 65, 67, 91","n_lines":5}},{"type":"Feature","geometry":{"type":"Point","coordinates":[35.182043,31.786007]},"properties":{"code":2834,"name":"בית הדפוס/בקי","lines":"33, 52, 65, 67, 91","n_lines":5}},{"type":"Feature","geometry":{"type":"Point","coordinates":[35.220311,31.808332]},"properties":{"code":282,"name":"חזון איש/האדמור מלובאויטש","lines":"56, 57, 67, 85, 86","n_lines":5}},{"type":"Feature","geometry":{"type":"Point","coordinates":[35.218806,31.809671]},"properties":{"code":3163,"name":"חזון אי''ש/הרב בצלאל זולטי","lines":"56, 57, 67, 85, 86","n_lines":5}},{"type":"Feature","geometry":{"type":"Point","coordinates":[35.217285,31.809917]},"properties":{"code":300,"name":"הרב בצלאל זולטי/חזון אי''ש","lines":"56, 57, 67, 85, 86","n_lines":5}},{"type":"Feature","geometry":{"type":"Point","coordinates":[35.215835,31.810505]},"properties":{"code":301,"name":"הרב בצלאל זולטי","lines":"56, 57, 67, 85, 86","n_lines":5}},{"type":"Feature","geometry":{"type":"Point","coordinates":[35.214896,31.812307]},"properties":{"code":302,"name":"הרב בצלאל זולטי/רבי שלמה זלמן דרוק","lines":"56, 57, 67, 85, 86","n_lines":5}},{"type":"Feature","geometry":{"type":"Point","coordinates":[35.215785,31.813923]},"properties":{"code":2990,"name":"רבי שלמה זלמן דרוק/הרב בצלאל זולטי","lines":"56, 57, 67, 85, 86","n_lines":5}},{"type":"Feature","geometry":{"type":"Point","coordinates":[35.217481,31.814367]},"properties":{"code":304,"name":"דרוק","lines":"56, 57, 67, 85, 86","n_lines":5}},{"type":"Feature","geometry":{"type":"Point","coordinates":[35.218937,31.813442]},"properties":{"code":305,"name":"דרוק/קהילות יעקב","lines":"56, 57, 67, 85, 86","n_lines":5}},{"type":"Feature","geometry":{"type":"Point","coordinates":[35.218443,31.812894]},"properties":{"code":306,"name":"קהילות יעקב","lines":"56, 57, 67, 85, 86","n_lines":5}},{"type":"Feature","geometry":{"type":"Point","coordinates":[35.217366,31.811524]},"properties":{"code":307,"name":"ברכת אברהם","lines":"56, 57, 67, 85, 86","n_lines":5}},{"type":"Feature","geometry":{"type":"Point","coordinates":[35.218886,31.810077]},"properties":{"code":291,"name":"מאיר חדש/חזון איש","lines":"56, 57, 67, 85, 86","n_lines":5}},{"type":"Feature","geometry":{"type":"Point","coordinates":[35.220306,31.810092]},"properties":{"code":292,"name":"מאיר חדש/אגרות משה","lines":"56, 57, 67, 85, 86","n_lines":5}},{"type":"Feature","geometry":{"type":"Point","coordinates":[35.221798,31.809603]},"properties":{"code":293,"name":"אגרות משה/הרב עוזי קלכהיים","lines":"56, 57, 67, 85, 86","n_lines":5}},{"type":"Feature","geometry":{"type":"Point","coordinates":[35.223151,31.808968]},"properties":{"code":2991,"name":"אגרות משה/כהנמן","lines":"56, 57, 67, 85, 86","n_lines":5}},{"type":"Feature","geometry":{"type":"Point","coordinates":[35.225043,31.808295]},"properties":{"code":294,"name":"אגרות משה/חזון אי''ש","lines":"56, 57, 67, 85, 86","n_lines":5}},{"type":"Feature","geometry":{"type":"Point","coordinates":[35.240093,31.842868]},"properties":{"code":5855,"name":"שדרות נווה יעקב/ראובן גמזון","lines":"59, 69, 85, 740, 825","n_lines":5}},{"type":"Feature","geometry":{"type":"Point","coordinates":[35.227021,31.801195]},"properties":{"code":1716,"name":"מרכז מסחרי/פארן","lines":"77, 120, 126, 740, 77א","n_lines":5}},{"type":"Feature","geometry":{"type":"Point","coordinates":[35.19529,31.782843]},"properties":{"code":9914,"name":"אזור המלונות/וולפסון","lines":"35, 42, 121, 122, 151","n_lines":5}},{"type":"Feature","geometry":{"type":"Point","coordinates":[35.197889,31.779431]},"properties":{"code":4190,"name":"מסוף הכניסה קמפוס ספרא/דרך בלפור","lines":"7, 42, 68, 100, 568","n_lines":5}},{"type":"Feature","geometry":{"type":"Point","coordinates":[35.195388,31.77673]},"properties":{"code":3609,"name":"רקל''ה קמפוס גבעת רם ספרא","lines":"7, 42, 68, 100, 568","n_lines":5}},{"type":"Feature","geometry":{"type":"Point","coordinates":[35.196052,31.772471]},"properties":{"code":1699,"name":"קמפוס ספרא/המכון למדעי החיים","lines":"7, 42, 68, 100, 568","n_lines":5}},{"type":"Feature","geometry":{"type":"Point","coordinates":[35.170412,31.79513]},"properties":{"code":5610,"name":"הבית האדום","lines":"151, 152, 154, 180, 186","n_lines":5}},{"type":"Feature","geometry":{"type":"Point","coordinates":[35.178999,31.750949]},"properties":{"code":9882,"name":"קוליץ/שולוב","lines":"12, 17, 33, 517, 26א","n_lines":5}},{"type":"Feature","geometry":{"type":"Point","coordinates":[35.199886,31.783663]},"properties":{"code":3099,"name":"קרית הממשלה/לורך","lines":"42, 68, 151, 430, 568","n_lines":5}},{"type":"Feature","geometry":{"type":"Point","coordinates":[35.234391,31.805335]},"properties":{"code":6132,"name":"תחנת רכבת קלה גבעת המבתר","lines":"61, 68, 77, 87, 77א","n_lines":5}},{"type":"Feature","geometry":{"type":"Point","coordinates":[35.193687,31.749549]},"properties":{"code":212,"name":"דרך דוד בנבנישתי/דוד איילון","lines":"5, 14, 31, 33, 512","n_lines":5}},{"type":"Feature","geometry":{"type":"Point","coordinates":[35.220327,31.729519]},"properties":{"code":3424,"name":"שמואל מאיר/ורשבסקי","lines":"4, 5, 74, 504, 506","n_lines":5}},{"type":"Feature","geometry":{"type":"Point","coordinates":[35.224064,31.726807]},"properties":{"code":3257,"name":"שמואל מאיר/יצחק ניסים","lines":"4, 5, 74, 504, 506","n_lines":5}},{"type":"Feature","geometry":{"type":"Point","coordinates":[35.220214,31.719651]},"properties":{"code":5954,"name":"מרינוב/גלרנטר","lines":"4, 5, 75, 95, 505","n_lines":5}},{"type":"Feature","geometry":{"type":"Point","coordinates":[35.218068,31.72035]},"properties":{"code":3420,"name":"מרינוב/וונגרטן","lines":"4, 5, 75, 95, 505","n_lines":5}},{"type":"Feature","geometry":{"type":"Point","coordinates":[35.216272,31.722304]},"properties":{"code":4017,"name":"אריה בינה/יצחק רפאל","lines":"4, 5, 75, 95, 505","n_lines":5}},{"type":"Feature","geometry":{"type":"Point","coordinates":[35.21757,31.725829]},"properties":{"code":3419,"name":"אריה בינה/מרינוב","lines":"4, 5, 75, 95, 505","n_lines":5}},{"type":"Feature","geometry":{"type":"Point","coordinates":[35.18867,31.731223]},"properties":{"code":1115,"name":"צביה ויצחק/יפה רום","lines":"4, 30, 31, 33, 30א","n_lines":5}},{"type":"Feature","geometry":{"type":"Point","coordinates":[35.196709,31.734043]},"properties":{"code":2076,"name":"לבונה/הצוף","lines":"30, 31, 71, 92, 30א","n_lines":5}},{"type":"Feature","geometry":{"type":"Point","coordinates":[35.195975,31.73692]},"properties":{"code":1848,"name":"אריה בן אליעזר/יוסטמן","lines":"30, 31, 71, 92, 30א","n_lines":5}},{"type":"Feature","geometry":{"type":"Point","coordinates":[35.197833,31.737263]},"properties":{"code":1853,"name":"אריה בן אליעזר","lines":"30, 31, 71, 92, 30א","n_lines":5}},{"type":"Feature","geometry":{"type":"Point","coordinates":[35.198803,31.735485]},"properties":{"code":2835,"name":"אריה בן אליעזר/ורדינון","lines":"30, 31, 71, 92, 30א","n_lines":5}},{"type":"Feature","geometry":{"type":"Point","coordinates":[35.182907,31.756703]},"properties":{"code":2069,"name":"גולומב/קוליץ","lines":"19, 35, 42, 510, 26א","n_lines":5}},{"type":"Feature","geometry":{"type":"Point","coordinates":[35.17272,31.762441]},"properties":{"code":5594,"name":"המפלצת/הנטקה","lines":"20, 27, 35, 508, 630","n_lines":5}},{"type":"Feature","geometry":{"type":"Point","coordinates":[35.193234,31.782732]},"properties":{"code":982,"name":"ככר האפט/שדרות הרצל","lines":"27, 35, 121, 122, 411","n_lines":5}},{"type":"Feature","geometry":{"type":"Point","coordinates":[35.198588,31.780887]},"properties":{"code":4215,"name":"וולפסון/קפלן","lines":"35, 121, 122, 430, 614","n_lines":5}},{"type":"Feature","geometry":{"type":"Point","coordinates":[35.174321,31.766801]},"properties":{"code":5643,"name":"ארתור הנטקה/חיים חביב","lines":"20, 27, 35, 508, 27א","n_lines":5}},{"type":"Feature","geometry":{"type":"Point","coordinates":[35.17307,31.764409]},"properties":{"code":5642,"name":"הנטקה/שרון","lines":"20, 27, 35, 508, 27א","n_lines":5}},{"type":"Feature","geometry":{"type":"Point","coordinates":[35.175221,31.761218]},"properties":{"code":939,"name":"טהון/בורוכוב","lines":"10, 24, 35, 42, 42א","n_lines":5}},{"type":"Feature","geometry":{"type":"Point","coordinates":[35.176255,31.759857]},"properties":{"code":1473,"name":"מרכז מסחרי/אורוגוואי","lines":"10, 24, 35, 42, 42א","n_lines":5}},{"type":"Feature","geometry":{"type":"Point","coordinates":[35.17695,31.757897]},"properties":{"code":1474,"name":"אורוגואי/מרקו ברוך","lines":"10, 24, 35, 42, 42א","n_lines":5}},{"type":"Feature","geometry":{"type":"Point","coordinates":[35.208226,31.76883]},"properties":{"code":2260,"name":"טשרניחובסקי/הרצוג","lines":"14, 15, 22, 90, 91","n_lines":5}},{"type":"Feature","geometry":{"type":"Point","coordinates":[35.206474,31.768122]},"properties":{"code":2261,"name":"טשרניחובסקי/הרב חן","lines":"14, 15, 22, 90, 91","n_lines":5}},{"type":"Feature","geometry":{"type":"Point","coordinates":[35.20603,31.765811]},"properties":{"code":1053,"name":"טשרניחובסקי/פיכמן","lines":"14, 15, 22, 90, 91","n_lines":5}},{"type":"Feature","geometry":{"type":"Point","coordinates":[35.214837,31.756866]},"properties":{"code":1028,"name":"פייר קניג/חלץ","lines":"10, 15, 95, 97, 510","n_lines":5}},{"type":"Feature","geometry":{"type":"Point","coordinates":[35.206155,31.765555]},"properties":{"code":2591,"name":"טשרניחובסקי/פיכמן","lines":"14, 15, 22, 90, 91","n_lines":5}},{"type":"Feature","geometry":{"type":"Point","coordinates":[35.206078,31.767191]},"properties":{"code":4050,"name":"טשרניחובסקי/הרב חן","lines":"14, 15, 22, 90, 91","n_lines":5}},{"type":"Feature","geometry":{"type":"Point","coordinates":[35.208391,31.768817]},"properties":{"code":1039,"name":"טשרניחובסקי/הרצוג","lines":"14, 15, 22, 90, 91","n_lines":5}},{"type":"Feature","geometry":{"type":"Point","coordinates":[35.162801,31.756404]},"properties":{"code":1113,"name":"דרך חיים ע.קוליץ","lines":"29, 194, 508, 512, 517","n_lines":5}},{"type":"Feature","geometry":{"type":"Point","coordinates":[35.167259,31.751814]},"properties":{"code":9880,"name":"דולצ'ין/קוליץ","lines":"12, 17, 20, 29, 508","n_lines":5}},{"type":"Feature","geometry":{"type":"Point","coordinates":[35.166607,31.752291]},"properties":{"code":1114,"name":"דרך חיים ע.קוליץ/האביבית","lines":"29, 194, 508, 512, 517","n_lines":5}},{"type":"Feature","geometry":{"type":"Point","coordinates":[35.244197,31.832948]},"properties":{"code":2706,"name":"חיל האויר/הסיירת הירושלמית","lines":"22, 44, 53, 65, 540","n_lines":5}},{"type":"Feature","geometry":{"type":"Point","coordinates":[35.24573,31.831209]},"properties":{"code":3661,"name":"חיל האויר/השישה עשר","lines":"22, 44, 53, 65, 540","n_lines":5}},{"type":"Feature","geometry":{"type":"Point","coordinates":[35.247017,31.82961]},"properties":{"code":2623,"name":"חיל האויר/סיירת דוכיפת","lines":"22, 44, 53, 65, 540","n_lines":5}},{"type":"Feature","geometry":{"type":"Point","coordinates":[35.24691,31.817462]},"properties":{"code":3062,"name":"מסוף פסגת זאב/יוספטל","lines":"44, 47, 65, 66, 66א","n_lines":5}},{"type":"Feature","geometry":{"type":"Point","coordinates":[35.247341,31.817497]},"properties":{"code":6226,"name":"מרידור/יוספטל","lines":"44, 47, 65, 66, 66א","n_lines":5}},{"type":"Feature","geometry":{"type":"Point","coordinates":[35.248566,31.81556]},"properties":{"code":3660,"name":"מרידור א","lines":"44, 47, 65, 66, 66א","n_lines":5}},{"type":"Feature","geometry":{"type":"Point","coordinates":[35.251423,31.814097]},"properties":{"code":3063,"name":"מרידור/יוסף נדבה","lines":"44, 47, 65, 66, 66א","n_lines":5}},{"type":"Feature","geometry":{"type":"Point","coordinates":[35.254057,31.823394]},"properties":{"code":2961,"name":"רחמילביץ'/גבירצמן","lines":"44, 53, 65, 66, 66א","n_lines":5}},{"type":"Feature","geometry":{"type":"Point","coordinates":[35.251247,31.82227]},"properties":{"code":2966,"name":"רחמילביץ'/שמואל יפה","lines":"44, 53, 65, 66, 66א","n_lines":5}},{"type":"Feature","geometry":{"type":"Point","coordinates":[35.249326,31.821853]},"properties":{"code":2968,"name":"רחמילביץ/טיילת א","lines":"44, 53, 65, 66, 66א","n_lines":5}},{"type":"Feature","geometry":{"type":"Point","coordinates":[35.246703,31.821566]},"properties":{"code":2969,"name":"רחמילביץ/טיילת ב","lines":"44, 53, 65, 66, 66א","n_lines":5}},{"type":"Feature","geometry":{"type":"Point","coordinates":[35.245055,31.822829]},"properties":{"code":2970,"name":"רחמילביץ/טיילת ג","lines":"44, 53, 65, 66, 66א","n_lines":5}},{"type":"Feature","geometry":{"type":"Point","coordinates":[35.231456,31.798325]},"properties":{"code":2059,"name":"ת.רק''ל גבעת התחמושת/שדרות חיים בר לב","lines":"19, 49, 66, 517, 66א","n_lines":5}},{"type":"Feature","geometry":{"type":"Point","coordinates":[35.227706,31.780678]},"properties":{"code":492,"name":"הצנחנים/הע''ח","lines":"17, 49, 66, 517, 66א","n_lines":5}},{"type":"Feature","geometry":{"type":"Point","coordinates":[35.221985,31.775639]},"properties":{"code":1099,"name":"דוד המלך/הס","lines":"18, 34, 49, 71, 74","n_lines":5}},{"type":"Feature","geometry":{"type":"Point","coordinates":[35.222802,31.772461]},"properties":{"code":1140,"name":"דוד המלך/מאפו","lines":"18, 34, 49, 71, 74","n_lines":5}},{"type":"Feature","geometry":{"type":"Point","coordinates":[35.240983,31.827554]},"properties":{"code":2569,"name":"השישה עשר/משה דיין","lines":"22, 44, 53, 65, 149","n_lines":5}},{"type":"Feature","geometry":{"type":"Point","coordinates":[35.243073,31.827839]},"properties":{"code":2573,"name":"השישה עשר","lines":"22, 44, 53, 65, 149","n_lines":5}},{"type":"Feature","geometry":{"type":"Point","coordinates":[35.245081,31.82764]},"properties":{"code":2620,"name":"הסיירת הירושלמית","lines":"22, 44, 53, 65, 149","n_lines":5}},{"type":"Feature","geometry":{"type":"Point","coordinates":[35.247131,31.829661]},"properties":{"code":2624,"name":"חיל האויר/סיירת דוכיפת","lines":"22, 44, 53, 65, 540","n_lines":5}},{"type":"Feature","geometry":{"type":"Point","coordinates":[35.245921,31.831163]},"properties":{"code":2707,"name":"חיל האויר/השישה עשר","lines":"22, 44, 53, 65, 540","n_lines":5}},{"type":"Feature","geometry":{"type":"Point","coordinates":[35.244189,31.833043]},"properties":{"code":2708,"name":"חיל האויר/הסיירת הירושלמית","lines":"22, 44, 53, 65, 540","n_lines":5}},{"type":"Feature","geometry":{"type":"Point","coordinates":[35.245039,31.819086]},"properties":{"code":2866,"name":"מאיר גרשון/חיים תורן","lines":"47, 53, 66, 540, 66א","n_lines":5}},{"type":"Feature","geometry":{"type":"Point","coordinates":[35.212016,31.767649]},"properties":{"code":1687,"name":"הפלמ''ח/הגדוד העברי","lines":"18, 77, 91, 97, 77א","n_lines":5}},{"type":"Feature","geometry":{"type":"Point","coordinates":[35.218457,31.763262]},"properties":{"code":2140,"name":"רחל אמנו/עמק רפאים","lines":"8, 18, 77, 97, 77א","n_lines":5}},{"type":"Feature","geometry":{"type":"Point","coordinates":[35.216117,31.763619]},"properties":{"code":1043,"name":"רחל אמנו/רות","lines":"8, 18, 77, 97, 77א","n_lines":5}},{"type":"Feature","geometry":{"type":"Point","coordinates":[35.190179,31.821626]},"properties":{"code":904,"name":"יצחק מירסקי/שדרות גולדה מאיר","lines":"61, 64, 72, 81, 86","n_lines":5}},{"type":"Feature","geometry":{"type":"Point","coordinates":[35.192158,31.820546]},"properties":{"code":885,"name":"יצחק מירסקי/אלימלך מליז'נסק","lines":"61, 64, 72, 81, 86","n_lines":5}},{"type":"Feature","geometry":{"type":"Point","coordinates":[35.193751,31.820479]},"properties":{"code":828,"name":"יצחק מירסקי/בנימין מינץ","lines":"61, 64, 72, 81, 86","n_lines":5}},{"type":"Feature","geometry":{"type":"Point","coordinates":[35.187842,31.825944]},"properties":{"code":1184,"name":"מסוף אצ''ג/הורדה","lines":"61, 63, 64, 81, 86","n_lines":5}},{"type":"Feature","geometry":{"type":"Point","coordinates":[35.212968,31.745867]},"properties":{"code":3324,"name":"ברעם/האומן","lines":"12, 22, 160, 374, 480","n_lines":5}},{"type":"Feature","geometry":{"type":"Point","coordinates":[35.22372,31.794884]},"properties":{"code":903,"name":"ארץ חפץ/שמעון הצדיק","lines":"22, 25, 45, 77, 77א","n_lines":5}},{"type":"Feature","geometry":{"type":"Point","coordinates":[35.222853,31.796723]},"properties":{"code":3678,"name":"ארץ חפץ/חטיבת הראל","lines":"22, 25, 45, 77, 77א","n_lines":5}},{"type":"Feature","geometry":{"type":"Point","coordinates":[35.212592,31.771226]},"properties":{"code":1073,"name":"עזה/הרב ברלין","lines":"17, 19, 22, 92, 517","n_lines":5}},{"type":"Feature","geometry":{"type":"Point","coordinates":[35.240365,31.844592]},"properties":{"code":63617,"name":"מסוף נווה יעקב/הרב פרדס","lines":"25, 46, 49, 53, 482","n_lines":5}},{"type":"Feature","geometry":{"type":"Point","coordinates":[35.203415,31.817361]},"properties":{"code":2609,"name":"טרומן/רמות","lines":"31, 61, 71, 471, 480","n_lines":5}},{"type":"Feature","geometry":{"type":"Point","coordinates":[35.204756,31.817951]},"properties":{"code":2611,"name":"טרומן/נרות שבת","lines":"31, 61, 71, 471, 480","n_lines":5}},{"type":"Feature","geometry":{"type":"Point","coordinates":[35.201127,31.811855]},"properties":{"code":3592,"name":"יגאל אלון/שדרות גולדה מאיר","lines":"61, 62, 72, 480, 821","n_lines":5}},{"type":"Feature","geometry":{"type":"Point","coordinates":[35.223052,31.720946]},"properties":{"code":5850,"name":"אליהו קורן/הרב כלפון משה הכהן","lines":"74, 75, 480, 505, 506","n_lines":5}},{"type":"Feature","geometry":{"type":"Point","coordinates":[35.225317,31.722654]},"properties":{"code":5894,"name":"אליהו קורן/מן ההר","lines":"74, 75, 480, 505, 506","n_lines":5}},{"type":"Feature","geometry":{"type":"Point","coordinates":[35.226637,31.723822]},"properties":{"code":3599,"name":"אליהו קורן/בן חמו","lines":"74, 75, 480, 505, 506","n_lines":5}},{"type":"Feature","geometry":{"type":"Point","coordinates":[35.168055,31.760014]},"properties":{"code":931,"name":"סולד/מקסיקו","lines":"19, 27, 42, 630, 27א","n_lines":5}},{"type":"Feature","geometry":{"type":"Point","coordinates":[35.175184,31.790649]},"properties":{"code":2494,"name":"שאולזון/רוזנטל","lines":"225, 245, 295, 304, 377","n_lines":5}},{"type":"Feature","geometry":{"type":"Point","coordinates":[35.231583,31.747997]},"properties":{"code":2648,"name":"רזיאל/אלקחי","lines":"78, 88, 480, 510, 512","n_lines":5}},{"type":"Feature","geometry":{"type":"Point","coordinates":[35.231338,31.749124]},"properties":{"code":2949,"name":"רזיאל","lines":"78, 88, 480, 510, 512","n_lines":5}},{"type":"Feature","geometry":{"type":"Point","coordinates":[35.231268,31.751328]},"properties":{"code":2709,"name":"רזיאל/אדם","lines":"78, 88, 480, 510, 512","n_lines":5}},{"type":"Feature","geometry":{"type":"Point","coordinates":[35.228799,31.781772]},"properties":{"code":6071,"name":"מסוף הנביאים","lines":"203, 204, 231, 232, 234","n_lines":5}},{"type":"Feature","geometry":{"type":"Point","coordinates":[35.226428,31.767776]},"properties":{"code":6293,"name":"צומת אבו תור/דרך חברון","lines":"203, 204, 231, 232, 234","n_lines":5}},{"type":"Feature","geometry":{"type":"Point","coordinates":[35.228556,31.782357]},"properties":{"code":5833,"name":"מסוף הנביאים/הורדה","lines":"203, 204, 231, 232, 234","n_lines":5}},{"type":"Feature","geometry":{"type":"Point","coordinates":[35.205871,31.730977]},"properties":{"code":3824,"name":"דרך חברון/הרוזמרין","lines":"49, 95, 163, 234, 299","n_lines":5}},{"type":"Feature","geometry":{"type":"Point","coordinates":[35.234709,31.79447]},"properties":{"code":5718,"name":"דרך הר הזיתים/ משרד הפנים","lines":"201, 254, 263, 274, 263א","n_lines":5}},{"type":"Feature","geometry":{"type":"Point","coordinates":[35.235645,31.774819]},"properties":{"code":5990,"name":"מעלה השלום/מעלות עיר דוד","lines":"83, 256, 276, 286, 83א","n_lines":5}},{"type":"Feature","geometry":{"type":"Point","coordinates":[35.230822,31.754466]},"properties":{"code":5801,"name":"טיילת ארמון הנציב א","lines":"88, 90, 91, 203, 204","n_lines":5}},{"type":"Feature","geometry":{"type":"Point","coordinates":[35.181546,31.737271]},"properties":{"code":2528,"name":"צביה ויצחק/המרגלית","lines":"33, 72, 92, 480, 531","n_lines":5}},{"type":"Feature","geometry":{"type":"Point","coordinates":[35.18177,31.733985]},"properties":{"code":2339,"name":"צביה ויצחק/החסידה","lines":"33, 72, 92, 480, 531","n_lines":5}},{"type":"Feature","geometry":{"type":"Point","coordinates":[35.185627,31.732411]},"properties":{"code":2345,"name":"צביה ויצחק/הסנונית","lines":"33, 72, 92, 480, 531","n_lines":5}},{"type":"Feature","geometry":{"type":"Point","coordinates":[35.190702,31.729759]},"properties":{"code":2160,"name":"הגננת/ברקת","lines":"33, 72, 92, 480, 531","n_lines":5}},{"type":"Feature","geometry":{"type":"Point","coordinates":[35.193141,31.731162]},"properties":{"code":2168,"name":"הגננת/האחות יהודית","lines":"33, 72, 92, 480, 531","n_lines":5}},{"type":"Feature","geometry":{"type":"Point","coordinates":[35.199846,31.733595]},"properties":{"code":3254,"name":"המור/אפרסמון","lines":"4, 31, 33, 71, 92","n_lines":5}},{"type":"Feature","geometry":{"type":"Point","coordinates":[35.191781,31.783872]},"properties":{"code":2028,"name":"פרבשטיין/איש שלום","lines":"33, 91, 118, 151, 505","n_lines":5}},{"type":"Feature","geometry":{"type":"Point","coordinates":[35.231338,31.746693]},"properties":{"code":2279,"name":"רזיאל/רב החובל","lines":"78, 88, 90, 91, 510","n_lines":5}},{"type":"Feature","geometry":{"type":"Point","coordinates":[35.233083,31.747143]},"properties":{"code":2278,"name":"רזיאל/דרזנר","lines":"78, 88, 90, 91, 510","n_lines":5}},{"type":"Feature","geometry":{"type":"Point","coordinates":[35.232795,31.748903]},"properties":{"code":2669,"name":"רזיאל/קשאני","lines":"78, 88, 90, 91, 510","n_lines":5}},{"type":"Feature","geometry":{"type":"Point","coordinates":[35.234487,31.749638]},"properties":{"code":2283,"name":"פיינשטיין/בן יוסף","lines":"78, 88, 90, 91, 510","n_lines":5}},{"type":"Feature","geometry":{"type":"Point","coordinates":[35.23505,31.747979]},"properties":{"code":2700,"name":"פיינשטיין","lines":"78, 88, 90, 91, 510","n_lines":5}},{"type":"Feature","geometry":{"type":"Point","coordinates":[35.235876,31.74568]},"properties":{"code":2284,"name":"פיינשטיין/ברזאני","lines":"78, 88, 90, 91, 510","n_lines":5}},{"type":"Feature","geometry":{"type":"Point","coordinates":[35.184193,31.75794]},"properties":{"code":3505,"name":"משה שרת/קדיש לוז","lines":"33, 225, 245, 411, 516","n_lines":5}},{"type":"Feature","geometry":{"type":"Point","coordinates":[35.185087,31.750298]},"properties":{"code":9884,"name":"גן טכנולוגי/א''ס הפועל","lines":"14, 31, 33, 129, 512","n_lines":5}},{"type":"Feature","geometry":{"type":"Point","coordinates":[35.193837,31.732353]},"properties":{"code":2167,"name":"הגננת/דב יוסף","lines":"4, 33, 72, 92, 531","n_lines":5}},{"type":"Feature","geometry":{"type":"Point","coordinates":[35.185749,31.732602]},"properties":{"code":2348,"name":"צביה ויצחק/הסנונית","lines":"4, 33, 72, 92, 531","n_lines":5}},{"type":"Feature","geometry":{"type":"Point","coordinates":[35.182873,31.733273]},"properties":{"code":2349,"name":"מעון נכים/צביה ויצחק","lines":"4, 33, 72, 92, 531","n_lines":5}},{"type":"Feature","geometry":{"type":"Point","coordinates":[35.181506,31.734983]},"properties":{"code":2351,"name":"צביה ויצחק/החסידה","lines":"4, 33, 72, 92, 531","n_lines":5}},{"type":"Feature","geometry":{"type":"Point","coordinates":[35.18221,31.738093]},"properties":{"code":2529,"name":"צביה ויצחק/המרגלית","lines":"4, 33, 72, 92, 531","n_lines":5}},{"type":"Feature","geometry":{"type":"Point","coordinates":[35.235107,31.783471]},"properties":{"code":1309,"name":"מוזיאון רוקפלר/סולטאן סולימאן","lines":"1, 3, 51, 333, 3א","n_lines":5}},{"type":"Feature","geometry":{"type":"Point","coordinates":[35.194612,31.821159]},"properties":{"code":2599,"name":"מירסקי/מינץ","lines":"31, 36, 71, 72, 516","n_lines":5}},{"type":"Feature","geometry":{"type":"Point","coordinates":[35.224871,31.784621]},"properties":{"code":1310,"name":"שבטי ישראל/הנביאים","lines":"3, 96, 163, 239, 3א","n_lines":5}},{"type":"Feature","geometry":{"type":"Point","coordinates":[35.232895,31.773846]},"properties":{"code":5897,"name":"שער האשפות/מעלה השלום","lines":"2, 38, 83, 882, 83א","n_lines":5}},{"type":"Feature","geometry":{"type":"Point","coordinates":[35.230291,31.793122]},"properties":{"code":265,"name":"בית ספר א סכאכיני","lines":"207, 218, 273, 274, 218א","n_lines":5}},{"type":"Feature","geometry":{"type":"Point","coordinates":[35.220694,31.71867]},"properties":{"code":1702,"name":"תחנה תפעולית/היציאה מחניון חומת שמואל","lines":"74, 75, 504, 505, 506","n_lines":5}},{"type":"Feature","geometry":{"type":"Point","coordinates":[35.194771,31.737795]},"properties":{"code":3323,"name":"תחנת רקל''ה שבתאי הנגבי/דב יוסף","lines":"299, 384, 505, 506, 531","n_lines":5}},{"type":"Feature","geometry":{"type":"Point","coordinates":[35.194836,31.731939]},"properties":{"code":2169,"name":"אונטרמן/הגננת","lines":"30, 31, 71, 505, 506","n_lines":5}},{"type":"Feature","geometry":{"type":"Point","coordinates":[35.220807,31.768049]},"properties":{"code":1154,"name":"דובנוב/יצחק אלחנן","lines":"8, 77, 91, 97, 77א","n_lines":5}},{"type":"Feature","geometry":{"type":"Point","coordinates":[35.227397,31.750084]},"properties":{"code":1701,"name":"תחנה תפעולית/חניון תלפיות מזרח","lines":"78, 90, 91, 510, 512","n_lines":5}},{"type":"Feature","geometry":{"type":"Point","coordinates":[35.238612,31.745855]},"properties":{"code":2296,"name":"עולי הגרדום/ברזאני","lines":"78, 90, 91, 510, 512","n_lines":5}},{"type":"Feature","geometry":{"type":"Point","coordinates":[35.237569,31.748165]},"properties":{"code":2703,"name":"עולי הגרדום/קדושי בבל","lines":"78, 90, 91, 510, 512","n_lines":5}},{"type":"Feature","geometry":{"type":"Point","coordinates":[35.237223,31.74999]},"properties":{"code":2704,"name":"עולי הגרדום/יעקב וייס","lines":"78, 90, 91, 510, 512","n_lines":5}},{"type":"Feature","geometry":{"type":"Point","coordinates":[35.236628,31.751919]},"properties":{"code":2297,"name":"עולי הגרדום/אבשלום חביב","lines":"78, 90, 91, 510, 512","n_lines":5}},{"type":"Feature","geometry":{"type":"Point","coordinates":[35.233639,31.753041]},"properties":{"code":2287,"name":"עולי הגרדום/דב גרונר","lines":"78, 90, 91, 510, 512","n_lines":5}},{"type":"Feature","geometry":{"type":"Point","coordinates":[35.233451,31.799193]},"properties":{"code":3358,"name":"שד' האוניברסיטה העברית/בר לב","lines":"102, 124, 125, 274, 517","n_lines":5}},{"type":"Feature","geometry":{"type":"Point","coordinates":[35.228725,31.832339]},"properties":{"code":5712,"name":"כיכר גן עדן/דרך בית חנינא","lines":"218, 273, 274, 280, 299","n_lines":5}},{"type":"Feature","geometry":{"type":"Point","coordinates":[35.227809,31.83395]},"properties":{"code":5713,"name":"דרך בית חנינא/אל עבאס","lines":"218, 273, 274, 280, 299","n_lines":5}},{"type":"Feature","geometry":{"type":"Point","coordinates":[35.228502,31.846718]},"properties":{"code":61449,"name":"דרך רמאללה/ביסאן","lines":"218, 273, 280, 299, 218א","n_lines":5}},{"type":"Feature","geometry":{"type":"Point","coordinates":[35.227615,31.835774]},"properties":{"code":879,"name":"דרך בית חנינא/דג'אני","lines":"218, 273, 274, 280, 299","n_lines":5}},{"type":"Feature","geometry":{"type":"Point","coordinates":[35.227885,31.833242]},"properties":{"code":874,"name":"דרך בית חנינא/אל עבאס","lines":"218, 273, 274, 280, 299","n_lines":5}},{"type":"Feature","geometry":{"type":"Point","coordinates":[35.198913,31.735437]},"properties":{"code":1849,"name":"אריה בן אליעזר/ורדינון","lines":"4, 30, 31, 71, 92","n_lines":5}},{"type":"Feature","geometry":{"type":"Point","coordinates":[35.198241,31.737296]},"properties":{"code":1850,"name":"אריה בן אליעזר","lines":"4, 30, 31, 71, 92","n_lines":5}},{"type":"Feature","geometry":{"type":"Point","coordinates":[35.195813,31.735659]},"properties":{"code":1852,"name":"אריה בן אליעזר/יוסטמן","lines":"4, 30, 31, 71, 92","n_lines":5}},{"type":"Feature","geometry":{"type":"Point","coordinates":[35.196582,31.733808]},"properties":{"code":956,"name":"לבונה/הצוף","lines":"4, 30, 31, 71, 92","n_lines":5}},{"type":"Feature","geometry":{"type":"Point","coordinates":[35.20421,31.802676]},"properties":{"code":6270,"name":"מחלף גולדה מאיר/גולדה מאיר","lines":"31, 57, 62, 217, 237","n_lines":5}},{"type":"Feature","geometry":{"type":"Point","coordinates":[35.222717,31.861048]},"properties":{"code":5814,"name":"מעבר קלנדיה/כביש 45","lines":"171, 273, 280, 299, 218א","n_lines":5}},{"type":"Feature","geometry":{"type":"Point","coordinates":[35.192909,31.766395]},"properties":{"code":1691,"name":"מחלף גבעת מרדכי/יציאה לבגין דרום","lines":"95, 118, 160, 505, 626","n_lines":5}},{"type":"Feature","geometry":{"type":"Point","coordinates":[35.150725,31.763181]},"properties":{"code":5589,"name":"כביש 396/''בי''ח הדסה עין כרם''","lines":"153, 194, 297, 630, 27א","n_lines":5}},{"type":"Feature","geometry":{"type":"Point","coordinates":[35.240345,31.841104]},"properties":{"code":469,"name":"מרכז מסחרי/ שדרות נווה יעקב","lines":"59, 69, 85, 412","n_lines":4}},{"type":"Feature","geometry":{"type":"Point","coordinates":[35.240308,31.842819]},"properties":{"code":3060,"name":"שד' נווה יעקב/גמזון","lines":"59, 69, 85, 412","n_lines":4}},{"type":"Feature","geometry":{"type":"Point","coordinates":[35.188916,31.792985]},"properties":{"code":2759,"name":"גבעת שאול/עקיבא אזולאי","lines":"54, 91, 118, 626","n_lines":4}},{"type":"Feature","geometry":{"type":"Point","coordinates":[35.216731,31.801378]},"properties":{"code":363,"name":"מעגלי הרי''ם לוין/מבוא פתיה","lines":"16, 39, 52, 824","n_lines":4}},{"type":"Feature","geometry":{"type":"Point","coordinates":[35.217104,31.803276]},"properties":{"code":365,"name":"מעגלי הרי''ם לוין/מעלות דושינסקי","lines":"16, 39, 52, 824","n_lines":4}},{"type":"Feature","geometry":{"type":"Point","coordinates":[35.219359,31.802616]},"properties":{"code":366,"name":"מעגלי הרי''ם לוין/מבוא השלום והאחדות","lines":"16, 39, 52, 824","n_lines":4}},{"type":"Feature","geometry":{"type":"Point","coordinates":[35.21898,31.801246]},"properties":{"code":367,"name":"מעגלי הרי''ם לוין/האדמורים מגור","lines":"16, 39, 52, 824","n_lines":4}},{"type":"Feature","geometry":{"type":"Point","coordinates":[35.171787,31.789619]},"properties":{"code":462,"name":"הרב אברהם דוד רוזנטל","lines":"33, 52, 55, 74","n_lines":4}},{"type":"Feature","geometry":{"type":"Point","coordinates":[35.223025,31.801118]},"properties":{"code":1430,"name":"ים סוף/צלמונה","lines":"39, 40, 52, 422","n_lines":4}},{"type":"Feature","geometry":{"type":"Point","coordinates":[35.209289,31.790924]},"properties":{"code":1933,"name":"מלכי ישראל/שדרות שרי ישראל","lines":"1, 39, 89, 163","n_lines":4}},{"type":"Feature","geometry":{"type":"Point","coordinates":[35.216131,31.791653]},"properties":{"code":9840,"name":"צפניה/נחמיה","lines":"9, 16, 59, 89","n_lines":4}},{"type":"Feature","geometry":{"type":"Point","coordinates":[35.218479,31.790489]},"properties":{"code":9841,"name":"צפניה/יחזקאל","lines":"9, 16, 59, 89","n_lines":4}},{"type":"Feature","geometry":{"type":"Point","coordinates":[35.216953,31.800984]},"properties":{"code":372,"name":"מעגלי הרי''ם לוין/מבוא פתיה","lines":"16, 39, 52, 39א","n_lines":4}},{"type":"Feature","geometry":{"type":"Point","coordinates":[35.183006,31.772776]},"properties":{"code":1002,"name":"בית וגן/שדרות הרצל","lines":"21, 39, 741, 39א","n_lines":4}},{"type":"Feature","geometry":{"type":"Point","coordinates":[35.175911,31.791211]},"properties":{"code":2493,"name":"רוזנטל/שאולזון","lines":"33, 52, 55, 74","n_lines":4}},{"type":"Feature","geometry":{"type":"Point","coordinates":[35.172109,31.789889]},"properties":{"code":460,"name":"הרב אברהם דוד רוזנטל","lines":"33, 52, 55, 74","n_lines":4}},{"type":"Feature","geometry":{"type":"Point","coordinates":[35.170783,31.788027]},"properties":{"code":2491,"name":"חי טייב/רוזנטל","lines":"33, 52, 55, 74","n_lines":4}},{"type":"Feature","geometry":{"type":"Point","coordinates":[35.172296,31.785134]},"properties":{"code":2492,"name":"חי טייב/ברנד","lines":"33, 52, 55, 74","n_lines":4}},{"type":"Feature","geometry":{"type":"Point","coordinates":[35.172022,31.782588]},"properties":{"code":4206,"name":"חי טייב/אבן דנן","lines":"33, 52, 55, 74","n_lines":4}},{"type":"Feature","geometry":{"type":"Point","coordinates":[35.173368,31.781479]},"properties":{"code":3831,"name":"חי טייב/שאולזון","lines":"33, 52, 55, 74","n_lines":4}},{"type":"Feature","geometry":{"type":"Point","coordinates":[35.173716,31.782943]},"properties":{"code":2500,"name":"שאולזון/זרח ברנט","lines":"33, 52, 55, 74","n_lines":4}},{"type":"Feature","geometry":{"type":"Point","coordinates":[35.174072,31.786117]},"properties":{"code":2495,"name":"שאולזון/רוז'ין","lines":"33, 52, 55, 74","n_lines":4}},{"type":"Feature","geometry":{"type":"Point","coordinates":[35.172584,31.78759]},"properties":{"code":3839,"name":"שאולזון/מעלות בוסטון","lines":"33, 52, 55, 74","n_lines":4}},{"type":"Feature","geometry":{"type":"Point","coordinates":[35.172704,31.789301]},"properties":{"code":6029,"name":"שאולזון/משקלוב","lines":"33, 52, 55, 74","n_lines":4}},{"type":"Feature","geometry":{"type":"Point","coordinates":[35.21414,31.809878]},"properties":{"code":280,"name":"האדמור מלובאויטש/דרוק","lines":"56, 67, 85, 86","n_lines":4}},{"type":"Feature","geometry":{"type":"Point","coordinates":[35.217514,31.808424]},"properties":{"code":3158,"name":"האדמור מלובאויטש/לפיאן","lines":"56, 67, 85, 86","n_lines":4}},{"type":"Feature","geometry":{"type":"Point","coordinates":[35.219879,31.807767]},"properties":{"code":3162,"name":"האדמור מלובאויטש/חזון איש","lines":"56, 67, 85, 86","n_lines":4}},{"type":"Feature","geometry":{"type":"Point","coordinates":[35.197968,31.767804]},"properties":{"code":1953,"name":"קמפוס ספרא/מסוף כפר ההייטק","lines":"7, 68, 100, 568","n_lines":4}},{"type":"Feature","geometry":{"type":"Point","coordinates":[35.197228,31.768326]},"properties":{"code":1954,"name":"קמפוס ספרא/מעונות ליברמן","lines":"7, 68, 100, 568","n_lines":4}},{"type":"Feature","geometry":{"type":"Point","coordinates":[35.215006,31.750048]},"properties":{"code":3312,"name":"הסדנא/יד חרוצים","lines":"5, 12, 124, 125","n_lines":4}},{"type":"Feature","geometry":{"type":"Point","coordinates":[35.204608,31.786794]},"properties":{"code":1122,"name":"היכל המשפט/שדרות הנשיא השישי","lines":"174, 176, 177, 178","n_lines":4}},{"type":"Feature","geometry":{"type":"Point","coordinates":[35.223491,31.763526]},"properties":{"code":9922,"name":"דרך בית לחם/לויד ג'ורג'","lines":"7, 8, 34, 49","n_lines":4}},{"type":"Feature","geometry":{"type":"Point","coordinates":[35.223922,31.765794]},"properties":{"code":2136,"name":"דרך בית לחם/כרמיה","lines":"7, 8, 34, 49","n_lines":4}},{"type":"Feature","geometry":{"type":"Point","coordinates":[35.222714,31.767224]},"properties":{"code":2135,"name":"מרטין לותר קינג/עמק רפאים","lines":"7, 8, 34, 49","n_lines":4}},{"type":"Feature","geometry":{"type":"Point","coordinates":[35.197968,31.76964]},"properties":{"code":1302,"name":"קמפוס ספרא/מעונות צוויג","lines":"7, 68, 100, 568","n_lines":4}},{"type":"Feature","geometry":{"type":"Point","coordinates":[35.234086,31.805614]},"properties":{"code":6131,"name":"תחנת רכבת קלה גבעת המבתר","lines":"68, 77, 87, 77א","n_lines":4}},{"type":"Feature","geometry":{"type":"Point","coordinates":[35.199464,31.782582]},"properties":{"code":3100,"name":"קרית הממשלה/לורך","lines":"68, 430, 568, 42א","n_lines":4}},{"type":"Feature","geometry":{"type":"Point","coordinates":[35.190505,31.782673]},"properties":{"code":6003,"name":"תחנת רכבת קלה החלוץ/שד' הרצל","lines":"27, 35, 50, 91","n_lines":4}},{"type":"Feature","geometry":{"type":"Point","coordinates":[35.186959,31.774634]},"properties":{"code":3286,"name":"מרכז מסחרי/אביזוהר","lines":"5, 21, 28, 50","n_lines":4}},{"type":"Feature","geometry":{"type":"Point","coordinates":[35.207449,31.75056]},"properties":{"code":3359,"name":"האומן/חרשי הברזל","lines":"5, 8, 160, 512","n_lines":4}},{"type":"Feature","geometry":{"type":"Point","coordinates":[35.209062,31.751172]},"properties":{"code":3360,"name":"קניון לב תלפיות/האומן","lines":"5, 8, 160, 512","n_lines":4}},{"type":"Feature","geometry":{"type":"Point","coordinates":[35.210455,31.749452]},"properties":{"code":3361,"name":"האומן/''מרכז בנית''","lines":"5, 8, 160, 512","n_lines":4}},{"type":"Feature","geometry":{"type":"Point","coordinates":[35.222567,31.726988]},"properties":{"code":3131,"name":"יצחק ניסים/פיקארד","lines":"5, 74, 504, 506","n_lines":4}},{"type":"Feature","geometry":{"type":"Point","coordinates":[35.219626,31.7268]},"properties":{"code":3132,"name":"יצחק ניסים ג'","lines":"5, 74, 504, 506","n_lines":4}},{"type":"Feature","geometry":{"type":"Point","coordinates":[35.219677,31.72454]},"properties":{"code":6064,"name":"יצחק נסים/אביגור","lines":"5, 74, 504, 506","n_lines":4}},{"type":"Feature","geometry":{"type":"Point","coordinates":[35.218347,31.72249]},"properties":{"code":3135,"name":"יצחק ניסים א'","lines":"5, 74, 504, 506","n_lines":4}},{"type":"Feature","geometry":{"type":"Point","coordinates":[35.220176,31.721889]},"properties":{"code":6103,"name":"יצחק ניסים/באום","lines":"5, 74, 504, 506","n_lines":4}},{"type":"Feature","geometry":{"type":"Point","coordinates":[35.222307,31.722748]},"properties":{"code":6104,"name":"הרב יצחק נסים/שמעון בן חמו","lines":"5, 74, 504, 506","n_lines":4}},{"type":"Feature","geometry":{"type":"Point","coordinates":[35.206568,31.74975]},"properties":{"code":3363,"name":"האומן/חרשי הברזל","lines":"5, 8, 160, 512","n_lines":4}},{"type":"Feature","geometry":{"type":"Point","coordinates":[35.210237,31.749939]},"properties":{"code":3362,"name":"האומן/''מרכז בנית''","lines":"5, 8, 160, 512","n_lines":4}},{"type":"Feature","geometry":{"type":"Point","coordinates":[35.178342,31.7366]},"properties":{"code":2537,"name":"המרגלית/תירוש","lines":"30, 31, 71, 30א","n_lines":4}},{"type":"Feature","geometry":{"type":"Point","coordinates":[35.180446,31.733721]},"properties":{"code":2716,"name":"המרגלית/מרווה","lines":"30, 31, 71, 30א","n_lines":4}},{"type":"Feature","geometry":{"type":"Point","coordinates":[35.182462,31.731213]},"properties":{"code":6075,"name":"המרגלית/שהם","lines":"30, 31, 71, 30א","n_lines":4}},{"type":"Feature","geometry":{"type":"Point","coordinates":[35.188554,31.727581]},"properties":{"code":2156,"name":"אחלמה/לשם","lines":"30, 31, 71, 30א","n_lines":4}},{"type":"Feature","geometry":{"type":"Point","coordinates":[35.193771,31.727899]},"properties":{"code":1664,"name":"השיש/האחות יהודית","lines":"30, 31, 71, 30א","n_lines":4}},{"type":"Feature","geometry":{"type":"Point","coordinates":[35.193716,31.729804]},"properties":{"code":1663,"name":"השיש/יהודה אונטרמן","lines":"30, 31, 71, 30א","n_lines":4}},{"type":"Feature","geometry":{"type":"Point","coordinates":[35.200882,31.734604]},"properties":{"code":1006,"name":"אפרסמון/מבוא קטורה","lines":"30, 31, 92, 30א","n_lines":4}},{"type":"Feature","geometry":{"type":"Point","coordinates":[35.202543,31.733509]},"properties":{"code":1033,"name":"אפרסמון/מבוא קציעה","lines":"30, 31, 92, 30א","n_lines":4}},{"type":"Feature","geometry":{"type":"Point","coordinates":[35.200381,31.733001]},"properties":{"code":3825,"name":"אפרסמון/המור","lines":"30, 31, 92, 30א","n_lines":4}},{"type":"Feature","geometry":{"type":"Point","coordinates":[35.181729,31.75568]},"properties":{"code":3559,"name":"קוליץ/גולומב","lines":"33, 35, 517, 26א","n_lines":4}},{"type":"Feature","geometry":{"type":"Point","coordinates":[35.180157,31.757403]},"properties":{"code":1612,"name":"בוליביה/גולומב","lines":"10, 24, 35, 42","n_lines":4}},{"type":"Feature","geometry":{"type":"Point","coordinates":[35.179037,31.755702]},"properties":{"code":1615,"name":"בוליביה","lines":"10, 24, 35, 42","n_lines":4}},{"type":"Feature","geometry":{"type":"Point","coordinates":[35.177373,31.754855]},"properties":{"code":1732,"name":"אורוגואי/גוואטמלה","lines":"10, 24, 35, 42","n_lines":4}},{"type":"Feature","geometry":{"type":"Point","coordinates":[35.177426,31.756595]},"properties":{"code":1475,"name":"אורוגואי/שטרן","lines":"10, 24, 35, 42","n_lines":4}},{"type":"Feature","geometry":{"type":"Point","coordinates":[35.173885,31.765261]},"properties":{"code":5640,"name":"הנטקה/שרון","lines":"20, 27, 35, 508","n_lines":4}},{"type":"Feature","geometry":{"type":"Point","coordinates":[35.174512,31.767305]},"properties":{"code":5639,"name":"הנטקה/ניידיץ'","lines":"20, 27, 35, 508","n_lines":4}},{"type":"Feature","geometry":{"type":"Point","coordinates":[35.181037,31.757757]},"properties":{"code":2425,"name":"היכל הספורט מלחה/אברהם שטרן","lines":"10, 24, 26, 35","n_lines":4}},{"type":"Feature","geometry":{"type":"Point","coordinates":[35.181705,31.755966]},"properties":{"code":3560,"name":"קוליץ/גולומב","lines":"33, 35, 517, 26א","n_lines":4}},{"type":"Feature","geometry":{"type":"Point","coordinates":[35.207083,31.785992]},"properties":{"code":623,"name":"שדרות בן צבי/הרב שמואל ברוך","lines":"15, 25, 45, 509","n_lines":4}},{"type":"Feature","geometry":{"type":"Point","coordinates":[35.215654,31.750171]},"properties":{"code":5988,"name":"יד חרוצים/התנופה","lines":"10, 15, 30, 34","n_lines":4}},{"type":"Feature","geometry":{"type":"Point","coordinates":[35.207385,31.785841]},"properties":{"code":1963,"name":"שדרות בן צבי/הרב שמואל ברוך","lines":"15, 75, 78, 509","n_lines":4}},{"type":"Feature","geometry":{"type":"Point","coordinates":[35.166864,31.75704]},"properties":{"code":3351,"name":"דהומיי/הרפובליקה הדומיניקנית","lines":"12, 29, 508, 517","n_lines":4}},{"type":"Feature","geometry":{"type":"Point","coordinates":[35.170383,31.762296]},"properties":{"code":943,"name":"חברוני/ברזיל","lines":"23, 29, 510, 23א","n_lines":4}},{"type":"Feature","geometry":{"type":"Point","coordinates":[35.170498,31.762279]},"properties":{"code":937,"name":"חברוני/ברזיל","lines":"23, 29, 510, 23א","n_lines":4}},{"type":"Feature","geometry":{"type":"Point","coordinates":[35.172382,31.768364]},"properties":{"code":2616,"name":"שמריהו לוין/ברזיל","lines":"23, 29, 510, 23א","n_lines":4}},{"type":"Feature","geometry":{"type":"Point","coordinates":[35.1756,31.769317]},"properties":{"code":5842,"name":"שמריהו לוין/חביב","lines":"23, 29, 510, 23א","n_lines":4}},{"type":"Feature","geometry":{"type":"Point","coordinates":[35.177834,31.769219]},"properties":{"code":9878,"name":"שמריהו לוין/קרית היובל","lines":"23, 29, 510, 23א","n_lines":4}},{"type":"Feature","geometry":{"type":"Point","coordinates":[35.174999,31.769329]},"properties":{"code":4028,"name":"שמריהו לוין/חביב","lines":"23, 29, 510, 23א","n_lines":4}},{"type":"Feature","geometry":{"type":"Point","coordinates":[35.234709,31.805693]},"properties":{"code":4257,"name":"ת. רק''ל גבעת המבתר/דרך שועפאט","lines":"53, 207, 254, 274","n_lines":4}},{"type":"Feature","geometry":{"type":"Point","coordinates":[35.243851,31.822764]},"properties":{"code":2971,"name":"רחמילביץ/דב סדן","lines":"44, 53, 66, 66א","n_lines":4}},{"type":"Feature","geometry":{"type":"Point","coordinates":[35.246836,31.821221]},"properties":{"code":2972,"name":"רחמילביץ/טיילת ב","lines":"44, 53, 66, 66א","n_lines":4}},{"type":"Feature","geometry":{"type":"Point","coordinates":[35.248994,31.8214]},"properties":{"code":2973,"name":"רחמילביץ/טיילת א","lines":"44, 53, 66, 66א","n_lines":4}},{"type":"Feature","geometry":{"type":"Point","coordinates":[35.252058,31.822597]},"properties":{"code":2975,"name":"רחמילביץ'/שמואל יפה","lines":"44, 53, 66, 66א","n_lines":4}},{"type":"Feature","geometry":{"type":"Point","coordinates":[35.254249,31.823187]},"properties":{"code":5925,"name":"רחמילביץ'/גבירצמן","lines":"44, 53, 66, 66א","n_lines":4}},{"type":"Feature","geometry":{"type":"Point","coordinates":[35.253313,31.819129]},"properties":{"code":2977,"name":"רחמילביץ'/לבני","lines":"44, 53, 66, 66א","n_lines":4}},{"type":"Feature","geometry":{"type":"Point","coordinates":[35.254398,31.818843]},"properties":{"code":2959,"name":"רחמילביץ'/לבני","lines":"53, 65, 66, 66א","n_lines":4}},{"type":"Feature","geometry":{"type":"Point","coordinates":[35.255452,31.820636]},"properties":{"code":2960,"name":"רחמילביץ/טוניק","lines":"53, 65, 66, 66א","n_lines":4}},{"type":"Feature","geometry":{"type":"Point","coordinates":[35.254836,31.822173]},"properties":{"code":3648,"name":"רחמילביץ'/רפול הררי","lines":"53, 65, 66, 66א","n_lines":4}},{"type":"Feature","geometry":{"type":"Point","coordinates":[35.243526,31.822318]},"properties":{"code":2871,"name":"דב סדן/רחמילביץ'","lines":"65, 66, 540, 66א","n_lines":4}},{"type":"Feature","geometry":{"type":"Point","coordinates":[35.245011,31.820547]},"properties":{"code":2879,"name":"דב סדן/מאיר גרשון","lines":"65, 66, 540, 66א","n_lines":4}},{"type":"Feature","geometry":{"type":"Point","coordinates":[35.22459,31.783593]},"properties":{"code":1998,"name":"שבטי ישראל/הנביאים","lines":"18, 34, 71, 74","n_lines":4}},{"type":"Feature","geometry":{"type":"Point","coordinates":[35.224544,31.781182]},"properties":{"code":1999,"name":"ככר ספרא/שבטי ישראל","lines":"18, 34, 71, 74","n_lines":4}},{"type":"Feature","geometry":{"type":"Point","coordinates":[35.219131,31.75426]},"properties":{"code":1407,"name":"רבקה/דרך בית לחם","lines":"34, 49, 90, 97","n_lines":4}},{"type":"Feature","geometry":{"type":"Point","coordinates":[35.24072,31.819726]},"properties":{"code":6089,"name":"מאיר גרשון/אלי תבין","lines":"53, 66, 540, 66א","n_lines":4}},{"type":"Feature","geometry":{"type":"Point","coordinates":[35.250956,31.814337]},"properties":{"code":3065,"name":"מרידור/יוסף נדבה","lines":"44, 47, 66, 66א","n_lines":4}},{"type":"Feature","geometry":{"type":"Point","coordinates":[35.24828,31.815989]},"properties":{"code":3070,"name":"מרידור א","lines":"44, 47, 66, 66א","n_lines":4}},{"type":"Feature","geometry":{"type":"Point","coordinates":[35.247484,31.817502]},"properties":{"code":6051,"name":"מרידור/יוספטל","lines":"44, 47, 66, 66א","n_lines":4}},{"type":"Feature","geometry":{"type":"Point","coordinates":[35.217281,31.761617]},"properties":{"code":1260,"name":"עמק רפאים/עוזיה","lines":"18, 77, 97, 77א","n_lines":4}},{"type":"Feature","geometry":{"type":"Point","coordinates":[35.209153,31.766405]},"properties":{"code":1045,"name":"הפלמ''ח/כובשי קטמון","lines":"14, 18, 90, 91","n_lines":4}},{"type":"Feature","geometry":{"type":"Point","coordinates":[35.19889,31.7553]},"properties":{"code":2180,"name":"פת/יהודה הנשיא","lines":"12, 14, 22, 92","n_lines":4}},{"type":"Feature","geometry":{"type":"Point","coordinates":[35.210358,31.746548]},"properties":{"code":570,"name":"צומת משה ברעם","lines":"12, 22, 374, 376","n_lines":4}},{"type":"Feature","geometry":{"type":"Point","coordinates":[35.236251,31.827878]},"properties":{"code":5965,"name":"מוסא פלד/עמיחי פאגלין","lines":"45, 85, 569, 218א","n_lines":4}},{"type":"Feature","geometry":{"type":"Point","coordinates":[35.225665,31.723808]},"properties":{"code":5851,"name":"בן חמו/אבן חן","lines":"74, 480, 504, 506","n_lines":4}},{"type":"Feature","geometry":{"type":"Point","coordinates":[35.223654,31.723331]},"properties":{"code":5892,"name":"בן חמו/בר לביא","lines":"74, 480, 504, 506","n_lines":4}},{"type":"Feature","geometry":{"type":"Point","coordinates":[35.225007,31.756545]},"properties":{"code":9825,"name":"אלבק/ינובסקי","lines":"78, 82, 91, 480","n_lines":4}},{"type":"Feature","geometry":{"type":"Point","coordinates":[35.232582,31.811174]},"properties":{"code":5789,"name":"ת. רק''ל א סהל/אבראג' אל קדס","lines":"207, 254, 274, 280","n_lines":4}},{"type":"Feature","geometry":{"type":"Point","coordinates":[35.233418,31.808852]},"properties":{"code":3639,"name":"דרך שועפאט/דרך ענתות","lines":"207, 254, 274, 280","n_lines":4}},{"type":"Feature","geometry":{"type":"Point","coordinates":[35.247196,31.784892]},"properties":{"code":744,"name":"צומת א טור/דרך א טור","lines":"226, 255, 275, 285","n_lines":4}},{"type":"Feature","geometry":{"type":"Point","coordinates":[35.244976,31.785549]},"properties":{"code":867,"name":"האוניברסיטה המורמונית/דרך א טור","lines":"226, 255, 275, 285","n_lines":4}},{"type":"Feature","geometry":{"type":"Point","coordinates":[35.242623,31.785901]},"properties":{"code":866,"name":"האוניברסיטה הפתוחה/דרך א טור","lines":"226, 255, 275, 285","n_lines":4}},{"type":"Feature","geometry":{"type":"Point","coordinates":[35.241479,31.78608]},"properties":{"code":865,"name":"בית חולים הילאל/מכללת אברהמיה","lines":"226, 255, 275, 285","n_lines":4}},{"type":"Feature","geometry":{"type":"Point","coordinates":[35.238399,31.785816]},"properties":{"code":863,"name":"דרך א טור/אל קיס","lines":"226, 255, 275, 285","n_lines":4}},{"type":"Feature","geometry":{"type":"Point","coordinates":[35.237551,31.785254]},"properties":{"code":862,"name":"תחנת כיבוי אש/דרך א טור","lines":"226, 255, 275, 285","n_lines":4}},{"type":"Feature","geometry":{"type":"Point","coordinates":[35.228131,31.782857]},"properties":{"code":383,"name":"מסוף הנביאים/הנביאים","lines":"232, 263, 286, 263א","n_lines":4}},{"type":"Feature","geometry":{"type":"Point","coordinates":[35.240765,31.77359]},"properties":{"code":3814,"name":"ככר ראס אלעמוד/ דרך יריחו","lines":"205, 206, 236, 257","n_lines":4}},{"type":"Feature","geometry":{"type":"Point","coordinates":[35.242151,31.751131]},"properties":{"code":777,"name":"בתי הספר/אבו רביע","lines":"203, 204, 205, 206","n_lines":4}},{"type":"Feature","geometry":{"type":"Point","coordinates":[35.224062,31.755834]},"properties":{"code":3043,"name":"ינובסקי/אלבק","lines":"90, 203, 204, 510","n_lines":4}},{"type":"Feature","geometry":{"type":"Point","coordinates":[35.19831,31.747577]},"properties":{"code":2714,"name":"דב יוסף/אל תווחיד","lines":"31, 33, 92, 299","n_lines":4}},{"type":"Feature","geometry":{"type":"Point","coordinates":[35.178224,31.748621]},"properties":{"code":2902,"name":"בית הלוחם/אהרון שולוב","lines":"33, 129, 512, 26א","n_lines":4}},{"type":"Feature","geometry":{"type":"Point","coordinates":[35.231142,31.752187]},"properties":{"code":2525,"name":"רזיאל/אדם","lines":"78, 88, 510, 512","n_lines":4}},{"type":"Feature","geometry":{"type":"Point","coordinates":[35.230836,31.749705]},"properties":{"code":3343,"name":"רזיאל","lines":"78, 88, 510, 512","n_lines":4}},{"type":"Feature","geometry":{"type":"Point","coordinates":[35.178434,31.75024]},"properties":{"code":9883,"name":"קוליץ/שולוב","lines":"33, 194, 512, 26א","n_lines":4}},{"type":"Feature","geometry":{"type":"Point","coordinates":[35.177989,31.748027]},"properties":{"code":2911,"name":"בית הלוחם/אהרון שולוב","lines":"33, 129, 512, 26א","n_lines":4}},{"type":"Feature","geometry":{"type":"Point","coordinates":[35.198052,31.747494]},"properties":{"code":2788,"name":"דב יוסף/אל טהארה","lines":"31, 33, 92, 299","n_lines":4}},{"type":"Feature","geometry":{"type":"Point","coordinates":[35.199618,31.733492]},"properties":{"code":2597,"name":"המור/אפרסמון","lines":"31, 33, 71, 92","n_lines":4}},{"type":"Feature","geometry":{"type":"Point","coordinates":[35.197265,31.732994]},"properties":{"code":3595,"name":"הרוזמרין/לבונה","lines":"33, 72, 505, 506","n_lines":4}},{"type":"Feature","geometry":{"type":"Point","coordinates":[35.233428,31.774145]},"properties":{"code":1862,"name":"שער האשפות/מעלה השלום","lines":"1, 3, 333, 3א","n_lines":4}},{"type":"Feature","geometry":{"type":"Point","coordinates":[35.228886,31.781558]},"properties":{"code":5956,"name":"סולטן סולימאן/שער שכם","lines":"1, 3, 333, 3א","n_lines":4}},{"type":"Feature","geometry":{"type":"Point","coordinates":[35.225426,31.789129]},"properties":{"code":1328,"name":"שמואל הנביא/ראם","lines":"3, 96, 163, 3א","n_lines":4}},{"type":"Feature","geometry":{"type":"Point","coordinates":[35.199726,31.795462]},"properties":{"code":1245,"name":"זכרון יעקב/המ''ג","lines":"9, 16, 51, 57","n_lines":4}},{"type":"Feature","geometry":{"type":"Point","coordinates":[35.201209,31.794753]},"properties":{"code":1246,"name":"זכרון יעקב/ראשון לציון","lines":"9, 16, 51, 57","n_lines":4}},{"type":"Feature","geometry":{"type":"Point","coordinates":[35.187698,31.748786]},"properties":{"code":6100,"name":"דרך יצחק מודעי/ אגודת ספורט בית''ר","lines":"14, 31, 129, 194","n_lines":4}},{"type":"Feature","geometry":{"type":"Point","coordinates":[35.221125,31.730644]},"properties":{"code":1364,"name":"כביש 398/שדרות שמואל מאיר","lines":"95, 366, 374, 376","n_lines":4}},{"type":"Feature","geometry":{"type":"Point","coordinates":[35.242271,31.753159]},"properties":{"code":9829,"name":"נוף ציון א'","lines":"82, 205, 206, 882","n_lines":4}},{"type":"Feature","geometry":{"type":"Point","coordinates":[35.231304,31.77371]},"properties":{"code":1869,"name":"הרובע היהודי/חב''ד","lines":"2, 38, 83, 83א","n_lines":4}},{"type":"Feature","geometry":{"type":"Point","coordinates":[35.225134,31.77863]},"properties":{"code":6232,"name":"ככר צהל/יפו","lines":"2, 38, 83, 83א","n_lines":4}},{"type":"Feature","geometry":{"type":"Point","coordinates":[35.228657,31.776357]},"properties":{"code":2787,"name":"הקישלה/הפטריארכיה הארמנית","lines":"2, 38, 83, 83א","n_lines":4}},{"type":"Feature","geometry":{"type":"Point","coordinates":[35.230121,31.7729]},"properties":{"code":1863,"name":"שער ציון/חב''ד","lines":"2, 38, 83, 83א","n_lines":4}},{"type":"Feature","geometry":{"type":"Point","coordinates":[35.230796,31.795736]},"properties":{"code":314,"name":"בית חולים סן ג'וזף","lines":"207, 218, 273, 218א","n_lines":4}},{"type":"Feature","geometry":{"type":"Point","coordinates":[35.226209,31.723652]},"properties":{"code":3596,"name":"אליהו קורן/בן חמו","lines":"74, 75, 505, 506","n_lines":4}},{"type":"Feature","geometry":{"type":"Point","coordinates":[35.223815,31.722219]},"properties":{"code":3597,"name":"אליהו קורן/מן ההר","lines":"74, 75, 505, 506","n_lines":4}},{"type":"Feature","geometry":{"type":"Point","coordinates":[35.208935,31.7871]},"properties":{"code":1468,"name":"יפו/שערי צדק","lines":"27, 75, 78, 27א","n_lines":4}},{"type":"Feature","geometry":{"type":"Point","coordinates":[35.229999,31.721963]},"properties":{"code":6297,"name":"הבבא סאלי/הרב מן ההר","lines":"75, 95, 504, 505","n_lines":4}},{"type":"Feature","geometry":{"type":"Point","coordinates":[35.227213,31.721717]},"properties":{"code":9982,"name":"הבבא סאלי/המהר''ל מפראג","lines":"75, 95, 504, 505","n_lines":4}},{"type":"Feature","geometry":{"type":"Point","coordinates":[35.225737,31.721207]},"properties":{"code":9980,"name":"הרב כלפון משה הכהן/הרב קרשקש","lines":"75, 95, 504, 505","n_lines":4}},{"type":"Feature","geometry":{"type":"Point","coordinates":[35.223488,31.72057]},"properties":{"code":6056,"name":"הרב כלפון משה הכהן/אליהו קורן","lines":"75, 95, 504, 505","n_lines":4}},{"type":"Feature","geometry":{"type":"Point","coordinates":[35.219449,31.729396]},"properties":{"code":3256,"name":"ורשבסקי/שמואל מאיר","lines":"5, 75, 95, 505","n_lines":4}},{"type":"Feature","geometry":{"type":"Point","coordinates":[35.217851,31.727545]},"properties":{"code":3421,"name":"ורשבסקי/אריה בינה","lines":"5, 75, 95, 505","n_lines":4}},{"type":"Feature","geometry":{"type":"Point","coordinates":[35.217347,31.724972]},"properties":{"code":3398,"name":"אריה בינה/ורשבסקי","lines":"5, 75, 95, 505","n_lines":4}},{"type":"Feature","geometry":{"type":"Point","coordinates":[35.216478,31.721228]},"properties":{"code":3417,"name":"מרינוב/וונגרטן","lines":"5, 75, 95, 505","n_lines":4}},{"type":"Feature","geometry":{"type":"Point","coordinates":[35.218691,31.719982]},"properties":{"code":5989,"name":"מרינוב א'","lines":"5, 75, 95, 505","n_lines":4}},{"type":"Feature","geometry":{"type":"Point","coordinates":[35.223092,31.720218]},"properties":{"code":9910,"name":"כלפון משה הכהן/קורן","lines":"75, 95, 504, 505","n_lines":4}},{"type":"Feature","geometry":{"type":"Point","coordinates":[35.225413,31.720923]},"properties":{"code":6228,"name":"הרב כלפון משה הכהן/הרב קרשקש","lines":"75, 95, 504, 505","n_lines":4}},{"type":"Feature","geometry":{"type":"Point","coordinates":[35.227406,31.721593]},"properties":{"code":9979,"name":"הבבא סאלי/המהר''ל מפראג","lines":"75, 95, 504, 505","n_lines":4}},{"type":"Feature","geometry":{"type":"Point","coordinates":[35.216143,31.768401]},"properties":{"code":1379,"name":"תאטרון ירושלים/פרידריק שופן","lines":"77, 91, 97, 77א","n_lines":4}},{"type":"Feature","geometry":{"type":"Point","coordinates":[35.199388,31.756345]},"properties":{"code":6209,"name":"יהודה הנשיא/צומת פת","lines":"77, 95, 510, 77א","n_lines":4}},{"type":"Feature","geometry":{"type":"Point","coordinates":[35.211481,31.765149]},"properties":{"code":1218,"name":"כובשי קטמון/כ''ט בנובמבר","lines":"77, 90, 97, 77א","n_lines":4}},{"type":"Feature","geometry":{"type":"Point","coordinates":[35.228145,31.836052]},"properties":{"code":5715,"name":"דרך בית חנינא/דג'אני","lines":"218, 273, 280, 299","n_lines":4}},{"type":"Feature","geometry":{"type":"Point","coordinates":[35.226648,31.849991]},"properties":{"code":4138,"name":"צומת ביר נבאלה/דרך רמאללה","lines":"218, 280, 299, 218א","n_lines":4}},{"type":"Feature","geometry":{"type":"Point","coordinates":[35.224677,31.852427]},"properties":{"code":705,"name":"איזור תעשייה עטרות כניסה דרומית","lines":"218, 280, 299, 218א","n_lines":4}},{"type":"Feature","geometry":{"type":"Point","coordinates":[35.229002,31.836938]},"properties":{"code":378,"name":"צומת נווה יעקב/דרך בית חנינא","lines":"218, 273, 280, 299","n_lines":4}},{"type":"Feature","geometry":{"type":"Point","coordinates":[35.221176,31.860255]},"properties":{"code":5725,"name":"ככר נמל התעופה עטרות","lines":"218, 280, 299, 218א","n_lines":4}},{"type":"Feature","geometry":{"type":"Point","coordinates":[35.222676,31.8573]},"properties":{"code":702,"name":"עיתון אלקודס/דרך נמל התעופה","lines":"218, 280, 299, 218א","n_lines":4}},{"type":"Feature","geometry":{"type":"Point","coordinates":[35.189784,31.731542]},"properties":{"code":2157,"name":"יפה רום/הציפורן","lines":"30, 72, 92, 531","n_lines":4}},{"type":"Feature","geometry":{"type":"Point","coordinates":[35.190531,31.733244]},"properties":{"code":2158,"name":"יפה רום/התאנה","lines":"30, 72, 92, 531","n_lines":4}},{"type":"Feature","geometry":{"type":"Point","coordinates":[35.190797,31.735471]},"properties":{"code":2544,"name":"יפה רום/הגומא","lines":"30, 72, 92, 531","n_lines":4}},{"type":"Feature","geometry":{"type":"Point","coordinates":[35.188658,31.736503]},"properties":{"code":2545,"name":"יפה רום/גבעת קנדה","lines":"30, 72, 92, 531","n_lines":4}},{"type":"Feature","geometry":{"type":"Point","coordinates":[35.188473,31.73538]},"properties":{"code":2546,"name":"יפה רום/האזוב","lines":"30, 72, 92, 531","n_lines":4}},{"type":"Feature","geometry":{"type":"Point","coordinates":[35.188211,31.733919]},"properties":{"code":2161,"name":"יפה רום/בושם","lines":"30, 72, 92, 531","n_lines":4}},{"type":"Feature","geometry":{"type":"Point","coordinates":[35.187428,31.733023]},"properties":{"code":9869,"name":"יפה רום/צביה ויצחק","lines":"30, 72, 92, 531","n_lines":4}},{"type":"Feature","geometry":{"type":"Point","coordinates":[35.195531,31.812401]},"properties":{"code":2558,"name":"צונדק/אסירי ציון","lines":"61, 62, 72, 81","n_lines":4}},{"type":"Feature","geometry":{"type":"Point","coordinates":[35.193702,31.812809]},"properties":{"code":2389,"name":"צונדק/נלסון גליק","lines":"61, 62, 72, 81","n_lines":4}},{"type":"Feature","geometry":{"type":"Point","coordinates":[35.193684,31.814575]},"properties":{"code":2554,"name":"רקאנטי/זרחי","lines":"61, 62, 72, 81","n_lines":4}},{"type":"Feature","geometry":{"type":"Point","coordinates":[35.179796,31.737898]},"properties":{"code":2533,"name":"המרגלית/המחנכת","lines":"30, 31, 33, 71","n_lines":4}},{"type":"Feature","geometry":{"type":"Point","coordinates":[35.235043,31.796768]},"properties":{"code":1855,"name":"שד' האוניברסיטה העברית/קציר","lines":"124, 125, 129, 274","n_lines":4}},{"type":"Feature","geometry":{"type":"Point","coordinates":[35.225832,31.789666]},"properties":{"code":2795,"name":"זקס/שמואל הנביא","lines":"136, 226, 246, 333","n_lines":4}},{"type":"Feature","geometry":{"type":"Point","coordinates":[35.189998,31.792413]},"properties":{"code":3435,"name":"עקיבא אזולאי/גבעת שאול","lines":"54, 91, 567","n_lines":3}},{"type":"Feature","geometry":{"type":"Point","coordinates":[35.210254,31.791409]},"properties":{"code":3242,"name":"ברנדייס","lines":"9, 67, 163","n_lines":3}},{"type":"Feature","geometry":{"type":"Point","coordinates":[35.211995,31.780633]},"properties":{"code":1574,"name":"אוסישקין/בצלאל","lines":"9, 17, 19","n_lines":3}},{"type":"Feature","geometry":{"type":"Point","coordinates":[35.212317,31.778657]},"properties":{"code":1554,"name":"אוסישקין/נרקיס","lines":"9, 17, 19","n_lines":3}},{"type":"Feature","geometry":{"type":"Point","coordinates":[35.212795,31.775313]},"properties":{"code":1545,"name":"אוסישקין/רמב''ן","lines":"9, 17, 19","n_lines":3}},{"type":"Feature","geometry":{"type":"Point","coordinates":[35.215373,31.774173]},"properties":{"code":1081,"name":"ארלוזורוב/שדרות בן מיימון","lines":"9, 17, 19","n_lines":3}},{"type":"Feature","geometry":{"type":"Point","coordinates":[35.207895,31.775305]},"properties":{"code":1524,"name":"רופין/שד' הזז","lines":"9, 14, 97","n_lines":3}},{"type":"Feature","geometry":{"type":"Point","coordinates":[35.200447,31.773852]},"properties":{"code":2402,"name":"בורלא/אביגד","lines":"9, 42, 90","n_lines":3}},{"type":"Feature","geometry":{"type":"Point","coordinates":[35.202285,31.767216]},"properties":{"code":2403,"name":"בורלא/דוידזון","lines":"9, 42, 90","n_lines":3}},{"type":"Feature","geometry":{"type":"Point","coordinates":[35.194083,31.765953]},"properties":{"code":2531,"name":"שח''ל/הלר","lines":"5, 6, 9","n_lines":3}},{"type":"Feature","geometry":{"type":"Point","coordinates":[35.194399,31.764457]},"properties":{"code":973,"name":"מרכז מסחרי/שח''ל","lines":"5, 6, 9","n_lines":3}},{"type":"Feature","geometry":{"type":"Point","coordinates":[35.19555,31.763277]},"properties":{"code":975,"name":"שח''ל א'","lines":"5, 6, 9","n_lines":3}},{"type":"Feature","geometry":{"type":"Point","coordinates":[35.196755,31.761532]},"properties":{"code":6094,"name":"שח''ל/הרב גולד","lines":"5, 6, 9","n_lines":3}},{"type":"Feature","geometry":{"type":"Point","coordinates":[35.197129,31.760286]},"properties":{"code":950,"name":"שח''ל ב'","lines":"5, 6, 9","n_lines":3}},{"type":"Feature","geometry":{"type":"Point","coordinates":[35.199506,31.761042]},"properties":{"code":951,"name":"שח''ל/הרצוג","lines":"5, 6, 9","n_lines":3}},{"type":"Feature","geometry":{"type":"Point","coordinates":[35.216504,31.79685]},"properties":{"code":2781,"name":"אוהלי יוסף/גרוסברג","lines":"16, 970, 3א","n_lines":3}},{"type":"Feature","geometry":{"type":"Point","coordinates":[35.215411,31.79564]},"properties":{"code":2780,"name":"גרוסברג","lines":"16, 970, 3א","n_lines":3}},{"type":"Feature","geometry":{"type":"Point","coordinates":[35.184771,31.76736]},"properties":{"code":1492,"name":"בית וגן/הרב שאג","lines":"39, 741, 39א","n_lines":3}},{"type":"Feature","geometry":{"type":"Point","coordinates":[35.183999,31.770543]},"properties":{"code":1493,"name":"בית וגן/עוזיאל","lines":"39, 741, 39א","n_lines":3}},{"type":"Feature","geometry":{"type":"Point","coordinates":[35.224104,31.794009]},"properties":{"code":1335,"name":"שמעון הצדיק/ארץ חפץ","lines":"34, 39, 55","n_lines":3}},{"type":"Feature","geometry":{"type":"Point","coordinates":[35.195095,31.818754]},"properties":{"code":3018,"name":"הרא''ה/שדרות גולדה מאיר","lines":"64, 86, 64א","n_lines":3}},{"type":"Feature","geometry":{"type":"Point","coordinates":[35.180236,31.786571]},"properties":{"code":3512,"name":"מסוף הר נוף/בית הדפוס","lines":"65, 67, 75","n_lines":3}},{"type":"Feature","geometry":{"type":"Point","coordinates":[35.222641,31.752891]},"properties":{"code":1010,"name":"עין גדי/אפרתה","lines":"7, 88, 97","n_lines":3}},{"type":"Feature","geometry":{"type":"Point","coordinates":[35.209891,31.782393]},"properties":{"code":9920,"name":"בצלאל/נסים בכר","lines":"7, 75, 78","n_lines":3}},{"type":"Feature","geometry":{"type":"Point","coordinates":[35.16763,31.751153]},"properties":{"code":6004,"name":"אריה דולצ'ין/יעקב צור","lines":"12, 17, 29","n_lines":3}},{"type":"Feature","geometry":{"type":"Point","coordinates":[35.167978,31.748795]},"properties":{"code":6081,"name":"דולצ'ין/נחמיה","lines":"12, 17, 29","n_lines":3}},{"type":"Feature","geometry":{"type":"Point","coordinates":[35.171204,31.74791]},"properties":{"code":9995,"name":"דולצ'ין/יורם רונן","lines":"12, 17, 29","n_lines":3}},{"type":"Feature","geometry":{"type":"Point","coordinates":[35.170777,31.749309]},"properties":{"code":6124,"name":"בי''ס היובל/דולצ'ין","lines":"12, 17, 29","n_lines":3}},{"type":"Feature","geometry":{"type":"Point","coordinates":[35.169806,31.749521]},"properties":{"code":3027,"name":"מרכז מסחרי/דולצ'ין","lines":"12, 17, 29","n_lines":3}},{"type":"Feature","geometry":{"type":"Point","coordinates":[35.168508,31.751515]},"properties":{"code":3004,"name":"דולצ'ין","lines":"12, 17, 29","n_lines":3}},{"type":"Feature","geometry":{"type":"Point","coordinates":[35.18176,31.752664]},"properties":{"code":3245,"name":"הדישון/השועל","lines":"12, 17, 35","n_lines":3}},{"type":"Feature","geometry":{"type":"Point","coordinates":[35.181057,31.751244]},"properties":{"code":5891,"name":"הדישון/מעלות אייל","lines":"12, 17, 35","n_lines":3}},{"type":"Feature","geometry":{"type":"Point","coordinates":[35.180254,31.749309]},"properties":{"code":3668,"name":"הדישון/האייל","lines":"12, 17, 35","n_lines":3}},{"type":"Feature","geometry":{"type":"Point","coordinates":[35.181159,31.748483]},"properties":{"code":5923,"name":"האייל א'","lines":"12, 17, 35","n_lines":3}},{"type":"Feature","geometry":{"type":"Point","coordinates":[35.181757,31.749213]},"properties":{"code":3246,"name":"האייל ב'","lines":"12, 17, 35","n_lines":3}},{"type":"Feature","geometry":{"type":"Point","coordinates":[35.182136,31.751147]},"properties":{"code":3249,"name":"האייל ג'","lines":"12, 17, 35","n_lines":3}},{"type":"Feature","geometry":{"type":"Point","coordinates":[35.184055,31.753255]},"properties":{"code":3250,"name":"האייל/היען","lines":"12, 17, 35","n_lines":3}},{"type":"Feature","geometry":{"type":"Point","coordinates":[35.214336,31.774608]},"properties":{"code":1080,"name":"רמב''ן/אבן עזרא","lines":"9, 17, 19","n_lines":3}},{"type":"Feature","geometry":{"type":"Point","coordinates":[35.212779,31.776875]},"properties":{"code":1544,"name":"קק''ל/אוסישקין","lines":"9, 17, 19","n_lines":3}},{"type":"Feature","geometry":{"type":"Point","coordinates":[35.212342,31.779297]},"properties":{"code":1546,"name":"אוסישקין/נרקיס","lines":"9, 17, 19","n_lines":3}},{"type":"Feature","geometry":{"type":"Point","coordinates":[35.21203,31.781115]},"properties":{"code":1555,"name":"אוסישקין/בצלאל","lines":"9, 17, 19","n_lines":3}},{"type":"Feature","geometry":{"type":"Point","coordinates":[35.22983,31.801957]},"properties":{"code":1381,"name":"ששת הימים/פארן","lines":"68, 77, 77א","n_lines":3}},{"type":"Feature","geometry":{"type":"Point","coordinates":[35.230263,31.804059]},"properties":{"code":1382,"name":"ששת הימים","lines":"68, 77, 77א","n_lines":3}},{"type":"Feature","geometry":{"type":"Point","coordinates":[35.232147,31.803913]},"properties":{"code":5887,"name":"ששת הימים/מדבר סיני","lines":"68, 77, 77א","n_lines":3}},{"type":"Feature","geometry":{"type":"Point","coordinates":[35.189683,31.772108]},"properties":{"code":3333,"name":"משה קול/תוסיה כהן","lines":"5, 21, 50","n_lines":3}},{"type":"Feature","geometry":{"type":"Point","coordinates":[35.190365,31.770618]},"properties":{"code":3273,"name":"משה קול/פלומבו","lines":"5, 21, 50","n_lines":3}},{"type":"Feature","geometry":{"type":"Point","coordinates":[35.19167,31.768861]},"properties":{"code":3274,"name":"משה קול/דינור","lines":"5, 21, 50","n_lines":3}},{"type":"Feature","geometry":{"type":"Point","coordinates":[35.192666,31.770868]},"properties":{"code":3275,"name":"משה קול/מרה","lines":"5, 21, 50","n_lines":3}},{"type":"Feature","geometry":{"type":"Point","coordinates":[35.192513,31.771926]},"properties":{"code":3277,"name":"משה קול/שרייבוים","lines":"5, 21, 50","n_lines":3}},{"type":"Feature","geometry":{"type":"Point","coordinates":[35.194157,31.771176]},"properties":{"code":5929,"name":"מכללה להנדסה ירושלים","lines":"5, 21, 50","n_lines":3}},{"type":"Feature","geometry":{"type":"Point","coordinates":[35.192373,31.77206]},"properties":{"code":3278,"name":"משה קול/שרייבום","lines":"5, 21, 50","n_lines":3}},{"type":"Feature","geometry":{"type":"Point","coordinates":[35.192584,31.770693]},"properties":{"code":3281,"name":"משה קול/מרה","lines":"5, 21, 50","n_lines":3}},{"type":"Feature","geometry":{"type":"Point","coordinates":[35.191388,31.76913]},"properties":{"code":3282,"name":"משה קול/דינור","lines":"5, 21, 50","n_lines":3}},{"type":"Feature","geometry":{"type":"Point","coordinates":[35.19007,31.771527]},"properties":{"code":3283,"name":"משה קול/תוסיה כהן","lines":"5, 21, 50","n_lines":3}},{"type":"Feature","geometry":{"type":"Point","coordinates":[35.199393,31.761099]},"properties":{"code":947,"name":"שח''ל/הרצוג","lines":"5, 6, 9","n_lines":3}},{"type":"Feature","geometry":{"type":"Point","coordinates":[35.197141,31.760535]},"properties":{"code":948,"name":"שח''ל ב'","lines":"5, 6, 9","n_lines":3}},{"type":"Feature","geometry":{"type":"Point","coordinates":[35.196751,31.761916]},"properties":{"code":952,"name":"שח''ל/הרב גולד","lines":"5, 6, 9","n_lines":3}},{"type":"Feature","geometry":{"type":"Point","coordinates":[35.195667,31.763304]},"properties":{"code":953,"name":"שח''ל א'","lines":"5, 6, 9","n_lines":3}},{"type":"Feature","geometry":{"type":"Point","coordinates":[35.194349,31.765169]},"properties":{"code":954,"name":"שח''ל/הלר","lines":"5, 6, 9","n_lines":3}},{"type":"Feature","geometry":{"type":"Point","coordinates":[35.185269,31.774928]},"properties":{"code":5837,"name":"בי''ח שערי צדק/בייט","lines":"5, 21, 28","n_lines":3}},{"type":"Feature","geometry":{"type":"Point","coordinates":[35.186976,31.774412]},"properties":{"code":3269,"name":"מרכז מסחרי/אביזוהר","lines":"5, 21, 28","n_lines":3}},{"type":"Feature","geometry":{"type":"Point","coordinates":[35.18821,31.773805]},"properties":{"code":3270,"name":"משה קול/דה רוסי","lines":"5, 21, 28","n_lines":3}},{"type":"Feature","geometry":{"type":"Point","coordinates":[35.180084,31.739343]},"properties":{"code":3076,"name":"המחנכת/המרגלית","lines":"30, 33, 30א","n_lines":3}},{"type":"Feature","geometry":{"type":"Point","coordinates":[35.17717,31.737159]},"properties":{"code":9881,"name":"המחנכת/ברוכי","lines":"30, 33, 30א","n_lines":3}},{"type":"Feature","geometry":{"type":"Point","coordinates":[35.177274,31.735352]},"properties":{"code":3078,"name":"המחנכת/דלה פרגולה","lines":"30, 33, 30א","n_lines":3}},{"type":"Feature","geometry":{"type":"Point","coordinates":[35.178106,31.737248]},"properties":{"code":5932,"name":"המחנכת/האודם","lines":"30, 33, 30א","n_lines":3}},{"type":"Feature","geometry":{"type":"Point","coordinates":[35.18557,31.73103]},"properties":{"code":2148,"name":"הסנונית/שבו","lines":"30, 31, 30א","n_lines":3}},{"type":"Feature","geometry":{"type":"Point","coordinates":[35.18586,31.731679]},"properties":{"code":2149,"name":"הסנונית/שבו","lines":"30, 31, 30א","n_lines":3}},{"type":"Feature","geometry":{"type":"Point","coordinates":[35.185459,31.729956]},"properties":{"code":2718,"name":"המרגלית/ליש","lines":"30, 71, 30א","n_lines":3}},{"type":"Feature","geometry":{"type":"Point","coordinates":[35.186762,31.728791]},"properties":{"code":2719,"name":"המרגלית/איילה","lines":"30, 71, 30א","n_lines":3}},{"type":"Feature","geometry":{"type":"Point","coordinates":[35.182632,31.762639]},"properties":{"code":1506,"name":"קדיש לוז/דסקל","lines":"21, 26, 26א","n_lines":3}},{"type":"Feature","geometry":{"type":"Point","coordinates":[35.187274,31.753166]},"properties":{"code":3243,"name":"האייל/א''ס הפועל","lines":"12, 17, 35","n_lines":3}},{"type":"Feature","geometry":{"type":"Point","coordinates":[35.183045,31.752842]},"properties":{"code":3346,"name":"האייל/היען","lines":"12, 17, 35","n_lines":3}},{"type":"Feature","geometry":{"type":"Point","coordinates":[35.182023,31.751112]},"properties":{"code":3347,"name":"האייל ג'","lines":"12, 17, 35","n_lines":3}},{"type":"Feature","geometry":{"type":"Point","coordinates":[35.18146,31.748858]},"properties":{"code":3348,"name":"האייל א'","lines":"12, 17, 35","n_lines":3}},{"type":"Feature","geometry":{"type":"Point","coordinates":[35.181055,31.749452]},"properties":{"code":3349,"name":"הדישון/האייל","lines":"12, 17, 35","n_lines":3}},{"type":"Feature","geometry":{"type":"Point","coordinates":[35.181134,31.751136]},"properties":{"code":9994,"name":"הדישון/מעלות אייל","lines":"12, 17, 35","n_lines":3}},{"type":"Feature","geometry":{"type":"Point","coordinates":[35.181512,31.753184]},"properties":{"code":3244,"name":"השועל/הדישון","lines":"12, 17, 35","n_lines":3}},{"type":"Feature","geometry":{"type":"Point","coordinates":[35.195437,31.782633]},"properties":{"code":9983,"name":"אזור המלונות/וולפסון","lines":"35, 121, 122","n_lines":3}},{"type":"Feature","geometry":{"type":"Point","coordinates":[35.182642,31.767416]},"properties":{"code":2421,"name":"תורה ועבודה/הפסגה","lines":"35, 411, 508","n_lines":3}},{"type":"Feature","geometry":{"type":"Point","coordinates":[35.176912,31.756373]},"properties":{"code":1722,"name":"שטרן/אורוגוואי","lines":"10, 24, 35","n_lines":3}},{"type":"Feature","geometry":{"type":"Point","coordinates":[35.176534,31.755082]},"properties":{"code":1446,"name":"שטרן א'","lines":"10, 24, 35","n_lines":3}},{"type":"Feature","geometry":{"type":"Point","coordinates":[35.176663,31.753329]},"properties":{"code":1453,"name":"שטרן ב'","lines":"10, 24, 35","n_lines":3}},{"type":"Feature","geometry":{"type":"Point","coordinates":[35.177836,31.752313]},"properties":{"code":1454,"name":"שטרן ג'","lines":"10, 24, 35","n_lines":3}},{"type":"Feature","geometry":{"type":"Point","coordinates":[35.179171,31.753693]},"properties":{"code":1469,"name":"שטרן ד'","lines":"10, 24, 35","n_lines":3}},{"type":"Feature","geometry":{"type":"Point","coordinates":[35.180454,31.756186]},"properties":{"code":1723,"name":"שטרן ה'","lines":"10, 24, 35","n_lines":3}},{"type":"Feature","geometry":{"type":"Point","coordinates":[35.208951,31.775313]},"properties":{"code":2399,"name":"עמק המצלבה/שד' הזז","lines":"14, 15, 509","n_lines":3}},{"type":"Feature","geometry":{"type":"Point","coordinates":[35.208835,31.770488]},"properties":{"code":5979,"name":"שד' הזז/הרצוג","lines":"14, 15, 509","n_lines":3}},{"type":"Feature","geometry":{"type":"Point","coordinates":[35.209041,31.770501]},"properties":{"code":2258,"name":"שד' הזז/הרצוג","lines":"14, 15, 509","n_lines":3}},{"type":"Feature","geometry":{"type":"Point","coordinates":[35.159251,31.756811]},"properties":{"code":1806,"name":"תחנה תפעולית/צומת אורה","lines":"29, 512, 517","n_lines":3}},{"type":"Feature","geometry":{"type":"Point","coordinates":[35.16713,31.752634]},"properties":{"code":2711,"name":"קוסטה ריקה/האביבית","lines":"12, 20, 29","n_lines":3}},{"type":"Feature","geometry":{"type":"Point","coordinates":[35.168469,31.752789]},"properties":{"code":916,"name":"קוסטריקה א","lines":"12, 20, 29","n_lines":3}},{"type":"Feature","geometry":{"type":"Point","coordinates":[35.171162,31.751921]},"properties":{"code":909,"name":"קוסטה ריקה ב'","lines":"12, 20, 29","n_lines":3}},{"type":"Feature","geometry":{"type":"Point","coordinates":[35.17357,31.752419]},"properties":{"code":898,"name":"קוסטה ריקה ג","lines":"12, 20, 29","n_lines":3}},{"type":"Feature","geometry":{"type":"Point","coordinates":[35.172056,31.754184]},"properties":{"code":915,"name":"קוסטה ריקה ד","lines":"12, 20, 29","n_lines":3}},{"type":"Feature","geometry":{"type":"Point","coordinates":[35.170977,31.754875]},"properties":{"code":1210,"name":"קוסטה ריקה ה","lines":"12, 20, 29","n_lines":3}},{"type":"Feature","geometry":{"type":"Point","coordinates":[35.169292,31.755497]},"properties":{"code":3154,"name":"קוסטה ריקה/החלמית","lines":"12, 20, 29","n_lines":3}},{"type":"Feature","geometry":{"type":"Point","coordinates":[35.167636,31.755226]},"properties":{"code":922,"name":"הרפובליקה הדומיניקנית/רקפת","lines":"12, 20, 29","n_lines":3}},{"type":"Feature","geometry":{"type":"Point","coordinates":[35.167803,31.757107]},"properties":{"code":1476,"name":"מקסיקו/קולומביה","lines":"20, 29, 508","n_lines":3}},{"type":"Feature","geometry":{"type":"Point","coordinates":[35.168806,31.759507]},"properties":{"code":1470,"name":"מקסיקו/סולד","lines":"20, 29, 508","n_lines":3}},{"type":"Feature","geometry":{"type":"Point","coordinates":[35.169351,31.758025]},"properties":{"code":1472,"name":"מקסיקו/החלמית","lines":"20, 29, 508","n_lines":3}},{"type":"Feature","geometry":{"type":"Point","coordinates":[35.167746,31.757246]},"properties":{"code":1483,"name":"מקסיקו/קולומביה","lines":"20, 29, 508","n_lines":3}},{"type":"Feature","geometry":{"type":"Point","coordinates":[35.166482,31.756034]},"properties":{"code":1530,"name":"הרפובליקה הדומיניקנית/דהומיי","lines":"12, 20, 29","n_lines":3}},{"type":"Feature","geometry":{"type":"Point","coordinates":[35.16785,31.755001]},"properties":{"code":3520,"name":"הרפובליקה הדומיניקנית/הרקפת","lines":"12, 20, 29","n_lines":3}},{"type":"Feature","geometry":{"type":"Point","coordinates":[35.169309,31.755408]},"properties":{"code":3334,"name":"קוסטה ריקה/החלמית","lines":"12, 20, 29","n_lines":3}},{"type":"Feature","geometry":{"type":"Point","coordinates":[35.17161,31.754369]},"properties":{"code":3335,"name":"קוסטה ריקה ה","lines":"12, 20, 29","n_lines":3}},{"type":"Feature","geometry":{"type":"Point","coordinates":[35.172884,31.753227]},"properties":{"code":1528,"name":"קוסטריקה ד","lines":"12, 20, 29","n_lines":3}},{"type":"Feature","geometry":{"type":"Point","coordinates":[35.173576,31.752201]},"properties":{"code":894,"name":"קוסטה ריקה ג'","lines":"12, 20, 29","n_lines":3}},{"type":"Feature","geometry":{"type":"Point","coordinates":[35.171431,31.751902]},"properties":{"code":5870,"name":"קוסטה ריקה ב'","lines":"12, 20, 29","n_lines":3}},{"type":"Feature","geometry":{"type":"Point","coordinates":[35.168865,31.752934]},"properties":{"code":1529,"name":"קוסטה ריקה א'","lines":"12, 20, 29","n_lines":3}},{"type":"Feature","geometry":{"type":"Point","coordinates":[35.167218,31.752728]},"properties":{"code":3336,"name":"קוסטה ריקה/האביבית","lines":"12, 20, 29","n_lines":3}},{"type":"Feature","geometry":{"type":"Point","coordinates":[35.169039,31.751146]},"properties":{"code":3023,"name":"דולצ'ין","lines":"12, 17, 29","n_lines":3}},{"type":"Feature","geometry":{"type":"Point","coordinates":[35.169431,31.749799]},"properties":{"code":5955,"name":"מרכז מסחרי/דולצ'ין","lines":"12, 17, 29","n_lines":3}},{"type":"Feature","geometry":{"type":"Point","coordinates":[35.170861,31.749214]},"properties":{"code":3025,"name":"דולצ'ין/שמואל נתן","lines":"12, 17, 29","n_lines":3}},{"type":"Feature","geometry":{"type":"Point","coordinates":[35.171464,31.748202]},"properties":{"code":3026,"name":"דולצ'ין/אל סלוודור","lines":"12, 17, 29","n_lines":3}},{"type":"Feature","geometry":{"type":"Point","coordinates":[35.169291,31.747961]},"properties":{"code":3152,"name":"דולצ'ין/האחות זלמה","lines":"12, 17, 29","n_lines":3}},{"type":"Feature","geometry":{"type":"Point","coordinates":[35.167949,31.749028]},"properties":{"code":3024,"name":"דולצ'ין/נחמיה","lines":"12, 17, 29","n_lines":3}},{"type":"Feature","geometry":{"type":"Point","coordinates":[35.16778,31.751288]},"properties":{"code":3005,"name":"דולצ'ין/בן פורת","lines":"12, 17, 29","n_lines":3}},{"type":"Feature","geometry":{"type":"Point","coordinates":[35.159863,31.756924]},"properties":{"code":1997,"name":"צומת אורה","lines":"29, 512, 517","n_lines":3}},{"type":"Feature","geometry":{"type":"Point","coordinates":[35.169431,31.758112]},"properties":{"code":1481,"name":"מקסיקו/החלמית","lines":"20, 29, 508","n_lines":3}},{"type":"Feature","geometry":{"type":"Point","coordinates":[35.168929,31.75947]},"properties":{"code":1482,"name":"מקסיקו/סולד","lines":"20, 29, 508","n_lines":3}},{"type":"Feature","geometry":{"type":"Point","coordinates":[35.23978,31.830612]},"properties":{"code":3232,"name":"חיל האויר/גדוד חרמש","lines":"22, 47, 53","n_lines":3}},{"type":"Feature","geometry":{"type":"Point","coordinates":[35.239798,31.83169]},"properties":{"code":2823,"name":"פארק ארכיאולוגי/חיל האויר","lines":"22, 47, 53","n_lines":3}},{"type":"Feature","geometry":{"type":"Point","coordinates":[35.241852,31.83324]},"properties":{"code":3238,"name":"חיל האויר/לסקוב","lines":"22, 47, 53","n_lines":3}},{"type":"Feature","geometry":{"type":"Point","coordinates":[35.254734,31.821843]},"properties":{"code":5959,"name":"רחמילביץ'/רפול הררי","lines":"53, 66, 66א","n_lines":3}},{"type":"Feature","geometry":{"type":"Point","coordinates":[35.255508,31.819859]},"properties":{"code":2976,"name":"רחמילביץ/טוניק","lines":"53, 66, 66א","n_lines":3}},{"type":"Feature","geometry":{"type":"Point","coordinates":[35.252232,31.814261]},"properties":{"code":3072,"name":"יוסף נדבה/מרידור","lines":"47, 65, 66","n_lines":3}},{"type":"Feature","geometry":{"type":"Point","coordinates":[35.250817,31.816272]},"properties":{"code":4057,"name":"יוסף נדבה א","lines":"47, 65, 66","n_lines":3}},{"type":"Feature","geometry":{"type":"Point","coordinates":[35.249326,31.817831]},"properties":{"code":3073,"name":"יוסף נדבה ב","lines":"47, 65, 66","n_lines":3}},{"type":"Feature","geometry":{"type":"Point","coordinates":[35.249785,31.819774]},"properties":{"code":2957,"name":"מאיר גרשון/יוסף נדבה","lines":"53, 65, 66","n_lines":3}},{"type":"Feature","geometry":{"type":"Point","coordinates":[35.251429,31.818946]},"properties":{"code":2978,"name":"מאיר גרשון/רחמילביץ'","lines":"53, 65, 66","n_lines":3}},{"type":"Feature","geometry":{"type":"Point","coordinates":[35.22237,31.766569]},"properties":{"code":3962,"name":"סגן כהן/עמק רפאים","lines":"8, 34, 49","n_lines":3}},{"type":"Feature","geometry":{"type":"Point","coordinates":[35.194356,31.787703]},"properties":{"code":996,"name":"ימין אבות","lines":"65, 74, 377","n_lines":3}},{"type":"Feature","geometry":{"type":"Point","coordinates":[35.193736,31.78751]},"properties":{"code":2538,"name":"ימין אבות","lines":"65, 74, 377","n_lines":3}},{"type":"Feature","geometry":{"type":"Point","coordinates":[35.197864,31.787041]},"properties":{"code":2539,"name":"מרכז הרב/הרב צבי יהודה","lines":"65, 74, 377","n_lines":3}},{"type":"Feature","geometry":{"type":"Point","coordinates":[35.217605,31.786481]},"properties":{"code":1317,"name":"ישעיהו/דוד ילין","lines":"1, 25, 45","n_lines":3}},{"type":"Feature","geometry":{"type":"Point","coordinates":[35.246987,31.819891]},"properties":{"code":2867,"name":"דב סדן/מאיר גרשון","lines":"66, 540, 66א","n_lines":3}},{"type":"Feature","geometry":{"type":"Point","coordinates":[35.244755,31.821256]},"properties":{"code":5992,"name":"דב סדן/רחמילביץ'","lines":"66, 540, 66א","n_lines":3}},{"type":"Feature","geometry":{"type":"Point","coordinates":[35.237782,31.836589]},"properties":{"code":1240,"name":"הרב אברהם רביץ/מזל טלה","lines":"45, 412, 569","n_lines":3}},{"type":"Feature","geometry":{"type":"Point","coordinates":[35.241762,31.833353]},"properties":{"code":2710,"name":"חיל האויר/לסקוב","lines":"22, 47, 53","n_lines":3}},{"type":"Feature","geometry":{"type":"Point","coordinates":[35.240239,31.832887]},"properties":{"code":2825,"name":"חיל האויר/הארבעה","lines":"22, 47, 53","n_lines":3}},{"type":"Feature","geometry":{"type":"Point","coordinates":[35.23964,31.831467]},"properties":{"code":6215,"name":"פארק ארכיאולוגי/חיל האויר","lines":"22, 47, 53","n_lines":3}},{"type":"Feature","geometry":{"type":"Point","coordinates":[35.239848,31.829856]},"properties":{"code":2826,"name":"חיל האויר/גדוד חרמש","lines":"22, 47, 53","n_lines":3}},{"type":"Feature","geometry":{"type":"Point","coordinates":[35.176756,31.765561]},"properties":{"code":2352,"name":"זנגוויל/ורבורג","lines":"10, 24, 23א","n_lines":3}},{"type":"Feature","geometry":{"type":"Point","coordinates":[35.178331,31.767289]},"properties":{"code":1611,"name":"זנגויל/תורה ועבודה","lines":"10, 24, 23א","n_lines":3}},{"type":"Feature","geometry":{"type":"Point","coordinates":[35.176449,31.768397]},"properties":{"code":1724,"name":"בורוכוב/גורדון","lines":"10, 24, 23א","n_lines":3}},{"type":"Feature","geometry":{"type":"Point","coordinates":[35.175106,31.766645]},"properties":{"code":1725,"name":"בורוכוב/קרמינצקי","lines":"10, 24, 23א","n_lines":3}},{"type":"Feature","geometry":{"type":"Point","coordinates":[35.210087,31.765626]},"properties":{"code":1049,"name":"הל''ה/רחל אמנו","lines":"14, 18, 90","n_lines":3}},{"type":"Feature","geometry":{"type":"Point","coordinates":[35.208272,31.764752]},"properties":{"code":1040,"name":"מבצע קדש/הפלמ''ח","lines":"14, 18, 90","n_lines":3}},{"type":"Feature","geometry":{"type":"Point","coordinates":[35.201537,31.816595]},"properties":{"code":334,"name":"שיבת ציון/שירת הים","lines":"64, 86, 821","n_lines":3}},{"type":"Feature","geometry":{"type":"Point","coordinates":[35.209521,31.747019]},"properties":{"code":6268,"name":"צומת משה ברעם","lines":"12, 22, 374","n_lines":3}},{"type":"Feature","geometry":{"type":"Point","coordinates":[35.217444,31.774668]},"properties":{"code":1418,"name":"ככר צרפת/שדרות בן מיימון","lines":"22, 92, 517","n_lines":3}},{"type":"Feature","geometry":{"type":"Point","coordinates":[35.246406,31.837942]},"properties":{"code":1074,"name":"הרב אברהם רביץ/הרב וינוגרד","lines":"45, 412, 569","n_lines":3}},{"type":"Feature","geometry":{"type":"Point","coordinates":[35.241886,31.83695]},"properties":{"code":1082,"name":"הרב אברהם רביץ/אהרון שעשוע עזרא","lines":"45, 412, 569","n_lines":3}},{"type":"Feature","geometry":{"type":"Point","coordinates":[35.239545,31.836228]},"properties":{"code":1085,"name":"הרב אברהם רביץ","lines":"45, 412, 569","n_lines":3}},{"type":"Feature","geometry":{"type":"Point","coordinates":[35.220205,31.742757]},"properties":{"code":1118,"name":"אשר וינר/לייב יפה","lines":"12, 88, 512","n_lines":3}},{"type":"Feature","geometry":{"type":"Point","coordinates":[35.216803,31.744459]},"properties":{"code":1119,"name":"אשר וינר/דרך חברון","lines":"12, 88, 512","n_lines":3}},{"type":"Feature","geometry":{"type":"Point","coordinates":[35.179355,31.751622]},"properties":{"code":1278,"name":"פארק שטרן/דרך חיים ע.קוליץ","lines":"12, 17, 517","n_lines":3}},{"type":"Feature","geometry":{"type":"Point","coordinates":[35.166641,31.758494]},"properties":{"code":957,"name":"קולומביה","lines":"12, 20, 517","n_lines":3}},{"type":"Feature","geometry":{"type":"Point","coordinates":[35.164833,31.758918]},"properties":{"code":958,"name":"מכון סולד/קולומביה","lines":"12, 20, 517","n_lines":3}},{"type":"Feature","geometry":{"type":"Point","coordinates":[35.162352,31.758236]},"properties":{"code":2405,"name":"ניקרגואה","lines":"12, 20, 517","n_lines":3}},{"type":"Feature","geometry":{"type":"Point","coordinates":[35.227664,31.751069]},"properties":{"code":3484,"name":"העסקן/אדם","lines":"78, 480, 510","n_lines":3}},{"type":"Feature","geometry":{"type":"Point","coordinates":[35.227802,31.752622]},"properties":{"code":2636,"name":"קרית מוריה/העסקן","lines":"78, 480, 510","n_lines":3}},{"type":"Feature","geometry":{"type":"Point","coordinates":[35.225297,31.759138]},"properties":{"code":5938,"name":"אלבק/כספי","lines":"78, 91, 480","n_lines":3}},{"type":"Feature","geometry":{"type":"Point","coordinates":[35.240155,31.786181]},"properties":{"code":864,"name":"בית חולים הילאל/מכללת אברהמיה","lines":"255, 275, 285","n_lines":3}},{"type":"Feature","geometry":{"type":"Point","coordinates":[35.243483,31.785686]},"properties":{"code":5736,"name":"האוניברסיטה הפתוחה/דרך א טור","lines":"255, 275, 285","n_lines":3}},{"type":"Feature","geometry":{"type":"Point","coordinates":[35.245743,31.78522]},"properties":{"code":868,"name":"האוניברסיטה המורמונית/דרך א טור","lines":"255, 275, 285","n_lines":3}},{"type":"Feature","geometry":{"type":"Point","coordinates":[35.246904,31.78487]},"properties":{"code":745,"name":"צומת א טור/דרך א טור","lines":"255, 275, 285","n_lines":3}},{"type":"Feature","geometry":{"type":"Point","coordinates":[35.203927,31.724471]},"properties":{"code":680,"name":"מעבר 300/דרך בית לחם","lines":"163, 234, 299","n_lines":3}},{"type":"Feature","geometry":{"type":"Point","coordinates":[35.234464,31.768403]},"properties":{"code":760,"name":"ביר איוב/אל ת'ורי","lines":"256, 276, 286","n_lines":3}},{"type":"Feature","geometry":{"type":"Point","coordinates":[35.235152,31.769818]},"properties":{"code":817,"name":"מעלות עיר דוד/דרך השילוח","lines":"256, 276, 286","n_lines":3}},{"type":"Feature","geometry":{"type":"Point","coordinates":[35.234298,31.771419]},"properties":{"code":819,"name":"מעלות עיר דוד","lines":"256, 276, 286","n_lines":3}},{"type":"Feature","geometry":{"type":"Point","coordinates":[35.234807,31.773002]},"properties":{"code":753,"name":"מעלות עיר דוד","lines":"256, 276, 286","n_lines":3}},{"type":"Feature","geometry":{"type":"Point","coordinates":[35.24121,31.771779]},"properties":{"code":1519,"name":"מעלה זיתים/דרך בית לחם הישנה","lines":"205, 206, 257","n_lines":3}},{"type":"Feature","geometry":{"type":"Point","coordinates":[35.233466,31.753838]},"properties":{"code":5742,"name":"על''ר/ינובסקי","lines":"82, 203, 204","n_lines":3}},{"type":"Feature","geometry":{"type":"Point","coordinates":[35.241551,31.752014]},"properties":{"code":5744,"name":"משטרת עוז","lines":"82, 203, 204","n_lines":3}},{"type":"Feature","geometry":{"type":"Point","coordinates":[35.238997,31.794542]},"properties":{"code":3377,"name":"שיירת הר הצופים/מעונות רזניק","lines":"48, 201, 517","n_lines":3}},{"type":"Feature","geometry":{"type":"Point","coordinates":[35.239479,31.744178]},"properties":{"code":266,"name":"צומת גזיל","lines":"203, 204, 214","n_lines":3}},{"type":"Feature","geometry":{"type":"Point","coordinates":[35.241849,31.75195]},"properties":{"code":241,"name":"משטרת עוז","lines":"82, 203, 204","n_lines":3}},{"type":"Feature","geometry":{"type":"Point","coordinates":[35.188071,31.73146]},"properties":{"code":1116,"name":"מרכז מסחרי/צביה ויצחק","lines":"30, 31, 33","n_lines":3}},{"type":"Feature","geometry":{"type":"Point","coordinates":[35.200014,31.735354]},"properties":{"code":2956,"name":"שבתאי הנגבי/אפרסמון","lines":"31, 33, 92","n_lines":3}},{"type":"Feature","geometry":{"type":"Point","coordinates":[35.200132,31.737296]},"properties":{"code":9906,"name":"שבתאי הנגבי א'","lines":"31, 33, 92","n_lines":3}},{"type":"Feature","geometry":{"type":"Point","coordinates":[35.196321,31.73863]},"properties":{"code":3255,"name":"שבתאי הנגבי/דב יוסף","lines":"31, 33, 92","n_lines":3}},{"type":"Feature","geometry":{"type":"Point","coordinates":[35.184804,31.748752]},"properties":{"code":9885,"name":"יצחק מודעי/א''ס הפועל","lines":"33, 129, 512","n_lines":3}},{"type":"Feature","geometry":{"type":"Point","coordinates":[35.183998,31.756219]},"properties":{"code":2070,"name":"משה שרת/גולומב","lines":"33, 411, 516","n_lines":3}},{"type":"Feature","geometry":{"type":"Point","coordinates":[35.185319,31.757292]},"properties":{"code":6000,"name":"משה שרת/פנחס רוזן","lines":"33, 411, 516","n_lines":3}},{"type":"Feature","geometry":{"type":"Point","coordinates":[35.162385,31.756961]},"properties":{"code":1092,"name":"פנמה/דהומיי","lines":"12, 508, 517","n_lines":3}},{"type":"Feature","geometry":{"type":"Point","coordinates":[35.16264,31.758497]},"properties":{"code":929,"name":"ניקרגואה/החרצית","lines":"12, 20, 517","n_lines":3}},{"type":"Feature","geometry":{"type":"Point","coordinates":[35.165204,31.758738]},"properties":{"code":1585,"name":"מכון סולד/קולומביה","lines":"12, 20, 517","n_lines":3}},{"type":"Feature","geometry":{"type":"Point","coordinates":[35.216682,31.744254]},"properties":{"code":5816,"name":"אשר וינר/דרך חברון","lines":"12, 88, 512","n_lines":3}},{"type":"Feature","geometry":{"type":"Point","coordinates":[35.175929,31.761447]},"properties":{"code":1511,"name":"טהון/גולומב","lines":"19, 510, 19א","n_lines":3}},{"type":"Feature","geometry":{"type":"Point","coordinates":[35.178872,31.759924]},"properties":{"code":942,"name":"פארק פישמן/גולומב","lines":"19, 510, 19א","n_lines":3}},{"type":"Feature","geometry":{"type":"Point","coordinates":[35.186007,31.756707]},"properties":{"code":2628,"name":"משה שרת/פנחס רוזן","lines":"33, 411, 516","n_lines":3}},{"type":"Feature","geometry":{"type":"Point","coordinates":[35.18686,31.75058]},"properties":{"code":2923,"name":"קניון מלחה/א''ס מכבי","lines":"14, 31, 33","n_lines":3}},{"type":"Feature","geometry":{"type":"Point","coordinates":[35.195776,31.738444]},"properties":{"code":2954,"name":"שבתאי הנגבי/דב יוסף","lines":"31, 33, 92","n_lines":3}},{"type":"Feature","geometry":{"type":"Point","coordinates":[35.198293,31.738442]},"properties":{"code":2955,"name":"שבתאי הנגבי ב'","lines":"31, 33, 92","n_lines":3}},{"type":"Feature","geometry":{"type":"Point","coordinates":[35.19993,31.736773]},"properties":{"code":6074,"name":"שבתאי הנגבי א'","lines":"31, 33, 92","n_lines":3}},{"type":"Feature","geometry":{"type":"Point","coordinates":[35.235736,31.804606]},"properties":{"code":5820,"name":"צומת הגבעה הצרפתית/ההגנה","lines":"61, 87, 481","n_lines":3}},{"type":"Feature","geometry":{"type":"Point","coordinates":[35.205901,31.763938]},"properties":{"code":1728,"name":"הפלמ''ח/הטייסים","lines":"14, 90, 91","n_lines":3}},{"type":"Feature","geometry":{"type":"Point","coordinates":[35.241616,31.771248]},"properties":{"code":5785,"name":"צומת סלאח","lines":"205, 206, 256","n_lines":3}},{"type":"Feature","geometry":{"type":"Point","coordinates":[35.24348,31.77002]},"properties":{"code":97,"name":"שכונת בזבז 2","lines":"205, 206, 256","n_lines":3}},{"type":"Feature","geometry":{"type":"Point","coordinates":[35.243928,31.769753]},"properties":{"code":5773,"name":"בית ספר צלאח אדין/דרך בית לחם הישנה","lines":"205, 206, 256","n_lines":3}},{"type":"Feature","geometry":{"type":"Point","coordinates":[35.243897,31.768981]},"properties":{"code":95,"name":"דרך בית לחם הישנה א","lines":"205, 206, 256","n_lines":3}},{"type":"Feature","geometry":{"type":"Point","coordinates":[35.246655,31.767084]},"properties":{"code":94,"name":"דרך בית לחם הישנה ב","lines":"205, 206, 256","n_lines":3}},{"type":"Feature","geometry":{"type":"Point","coordinates":[35.247133,31.765358]},"properties":{"code":91,"name":"דרך בית לחם הישנה/ואדי קדום","lines":"205, 206, 256","n_lines":3}},{"type":"Feature","geometry":{"type":"Point","coordinates":[35.247331,31.763444]},"properties":{"code":5762,"name":"דרך בית לחם הישנה/דיר אלסנה","lines":"205, 206, 256","n_lines":3}},{"type":"Feature","geometry":{"type":"Point","coordinates":[35.166057,31.756438]},"properties":{"code":927,"name":"דהומיי/הרפובליקה הדומיניקנית","lines":"20, 508, 517","n_lines":3}},{"type":"Feature","geometry":{"type":"Point","coordinates":[35.164557,31.756613]},"properties":{"code":924,"name":"דהומיי/הסייפן","lines":"20, 508, 517","n_lines":3}},{"type":"Feature","geometry":{"type":"Point","coordinates":[35.207784,31.814522]},"properties":{"code":2265,"name":"הארי טרומן/יעקב אלעזר","lines":"63, 81, 86","n_lines":3}},{"type":"Feature","geometry":{"type":"Point","coordinates":[35.196069,31.812665]},"properties":{"code":3593,"name":"אסירי ציון/צונדק","lines":"61, 63, 81","n_lines":3}},{"type":"Feature","geometry":{"type":"Point","coordinates":[35.207742,31.815322]},"properties":{"code":1193,"name":"הארי טרומן/אבא הלל סילבר","lines":"63, 81, 86","n_lines":3}},{"type":"Feature","geometry":{"type":"Point","coordinates":[35.218815,31.791]},"properties":{"code":3677,"name":"עזרא","lines":"9, 59, 89","n_lines":3}},{"type":"Feature","geometry":{"type":"Point","coordinates":[35.215839,31.792729]},"properties":{"code":1332,"name":"נחמיה/צפניה","lines":"9, 59, 89","n_lines":3}},{"type":"Feature","geometry":{"type":"Point","coordinates":[35.204882,31.774484]},"properties":{"code":1522,"name":"מוזיאון ישראל/רופין","lines":"9, 14, 97","n_lines":3}},{"type":"Feature","geometry":{"type":"Point","coordinates":[35.207127,31.764154]},"properties":{"code":1038,"name":"הפלמ''ח/הטייסים","lines":"14, 90, 91","n_lines":3}},{"type":"Feature","geometry":{"type":"Point","coordinates":[35.163993,31.756851]},"properties":{"code":2936,"name":"דהומיי/הסייפן","lines":"20, 508, 517","n_lines":3}},{"type":"Feature","geometry":{"type":"Point","coordinates":[35.171858,31.763885]},"properties":{"code":944,"name":"אולסוונגר/חברוני","lines":"23, 510, 23א","n_lines":3}},{"type":"Feature","geometry":{"type":"Point","coordinates":[35.172141,31.7665]},"properties":{"code":945,"name":"אולסוונגר ב'","lines":"23, 510, 23א","n_lines":3}},{"type":"Feature","geometry":{"type":"Point","coordinates":[35.170501,31.767755]},"properties":{"code":946,"name":"אולסוונגר א'","lines":"23, 510, 23א","n_lines":3}},{"type":"Feature","geometry":{"type":"Point","coordinates":[35.16979,31.768489]},"properties":{"code":967,"name":"בי''ח אלין/אולסוונגר","lines":"23, 510, 23א","n_lines":3}},{"type":"Feature","geometry":{"type":"Point","coordinates":[35.171854,31.768647]},"properties":{"code":2029,"name":"שמריהו לוין/ברזיל","lines":"23, 510, 23א","n_lines":3}},{"type":"Feature","geometry":{"type":"Point","coordinates":[35.169456,31.768343]},"properties":{"code":968,"name":"בי''ח אלין/אולסוונגר","lines":"23, 510, 23א","n_lines":3}},{"type":"Feature","geometry":{"type":"Point","coordinates":[35.17052,31.767664]},"properties":{"code":964,"name":"אולסוונגר א'","lines":"23, 510, 23א","n_lines":3}},{"type":"Feature","geometry":{"type":"Point","coordinates":[35.171639,31.767092]},"properties":{"code":965,"name":"אולסוונגר ב'","lines":"23, 510, 23א","n_lines":3}},{"type":"Feature","geometry":{"type":"Point","coordinates":[35.172048,31.765787]},"properties":{"code":3233,"name":"אולסוונגר ג'","lines":"23, 510, 23א","n_lines":3}},{"type":"Feature","geometry":{"type":"Point","coordinates":[35.171705,31.763561]},"properties":{"code":966,"name":"אולסוונגר/חברוני","lines":"23, 510, 23א","n_lines":3}},{"type":"Feature","geometry":{"type":"Point","coordinates":[35.242188,31.753102]},"properties":{"code":821,"name":"37","lines":"82, 205, 206","n_lines":3}},{"type":"Feature","geometry":{"type":"Point","coordinates":[35.223116,31.723335]},"properties":{"code":3585,"name":"בן חמו/בר לביא","lines":"74, 504, 506","n_lines":3}},{"type":"Feature","geometry":{"type":"Point","coordinates":[35.206289,31.809509]},"properties":{"code":1509,"name":"תחנה תפעולית חניון ארזים צפוני","lines":"46, 333, 506","n_lines":3}},{"type":"Feature","geometry":{"type":"Point","coordinates":[35.216734,31.768147]},"properties":{"code":1380,"name":"תאטרון ירושלים/דובנוב","lines":"77, 91, 77א","n_lines":3}},{"type":"Feature","geometry":{"type":"Point","coordinates":[35.197646,31.765814]},"properties":{"code":9911,"name":"בצלאל בזק/גרשון שקד","lines":"9, 42, 91","n_lines":3}},{"type":"Feature","geometry":{"type":"Point","coordinates":[35.204137,31.725687]},"properties":{"code":5806,"name":"מעבר 300/דרך בית לחם","lines":"163, 231, 299","n_lines":3}},{"type":"Feature","geometry":{"type":"Point","coordinates":[35.216266,31.766657]},"properties":{"code":2141,"name":"כ''ט בנובמבר/גדליהו אלון","lines":"77, 97, 77א","n_lines":3}},{"type":"Feature","geometry":{"type":"Point","coordinates":[35.228922,31.829029]},"properties":{"code":80,"name":"צומת חזמה/אלזהור","lines":"171, 218, 541","n_lines":3}},{"type":"Feature","geometry":{"type":"Point","coordinates":[35.200284,31.732929]},"properties":{"code":5907,"name":"אפרסמון/המור","lines":"30, 31, 92","n_lines":3}},{"type":"Feature","geometry":{"type":"Point","coordinates":[35.202611,31.733779]},"properties":{"code":1031,"name":"אפרסמון/מבוא קציעה","lines":"30, 31, 92","n_lines":3}},{"type":"Feature","geometry":{"type":"Point","coordinates":[35.200303,31.734782]},"properties":{"code":1032,"name":"אפרסמון/מבוא קטורה","lines":"30, 31, 92","n_lines":3}},{"type":"Feature","geometry":{"type":"Point","coordinates":[35.208984,31.786532]},"properties":{"code":1467,"name":"רחוב שערי צדק/יפו","lines":"9, 27, 62","n_lines":3}},{"type":"Feature","geometry":{"type":"Point","coordinates":[35.200992,31.811693]},"properties":{"code":3591,"name":"יגאל אלון/שדרות גולדה מאיר","lines":"61, 62, 72","n_lines":3}},{"type":"Feature","geometry":{"type":"Point","coordinates":[35.201716,31.810359]},"properties":{"code":3483,"name":"יגאל אלון/דרך החורש","lines":"61, 62, 72","n_lines":3}},{"type":"Feature","geometry":{"type":"Point","coordinates":[35.200724,31.808914]},"properties":{"code":2263,"name":"יגאל אלון/ש''י","lines":"61, 62, 72","n_lines":3}},{"type":"Feature","geometry":{"type":"Point","coordinates":[35.199188,31.809479]},"properties":{"code":2236,"name":"צונדק/עליית הנוער","lines":"61, 62, 72","n_lines":3}},{"type":"Feature","geometry":{"type":"Point","coordinates":[35.199271,31.811357]},"properties":{"code":2245,"name":"צונדק/ראובן מס","lines":"61, 62, 72","n_lines":3}},{"type":"Feature","geometry":{"type":"Point","coordinates":[35.196949,31.811841]},"properties":{"code":3594,"name":"צונדק/אשכולי","lines":"61, 62, 72","n_lines":3}},{"type":"Feature","geometry":{"type":"Point","coordinates":[35.194048,31.730667]},"properties":{"code":2170,"name":"אונטרמן/הנופך","lines":"30, 31, 71","n_lines":3}},{"type":"Feature","geometry":{"type":"Point","coordinates":[35.193508,31.727999]},"properties":{"code":2302,"name":"השיש/האחות יהודית","lines":"30, 31, 71","n_lines":3}},{"type":"Feature","geometry":{"type":"Point","coordinates":[35.191507,31.727733]},"properties":{"code":6107,"name":"אחלמה/הגפן","lines":"30, 31, 71","n_lines":3}},{"type":"Feature","geometry":{"type":"Point","coordinates":[35.188704,31.727714]},"properties":{"code":2164,"name":"אחלמה/לשם","lines":"30, 31, 71","n_lines":3}},{"type":"Feature","geometry":{"type":"Point","coordinates":[35.184122,31.730644]},"properties":{"code":2147,"name":"המרגלית/שהם","lines":"30, 31, 71","n_lines":3}},{"type":"Feature","geometry":{"type":"Point","coordinates":[35.182012,31.7322]},"properties":{"code":2346,"name":"המרגלית/נשר","lines":"30, 31, 71","n_lines":3}},{"type":"Feature","geometry":{"type":"Point","coordinates":[35.179873,31.734373]},"properties":{"code":2626,"name":"המרגלית/מרווה","lines":"30, 31, 71","n_lines":3}},{"type":"Feature","geometry":{"type":"Point","coordinates":[35.178374,31.736302]},"properties":{"code":2532,"name":"המרגלית/תירוש","lines":"30, 31, 71","n_lines":3}},{"type":"Feature","geometry":{"type":"Point","coordinates":[35.207549,31.816673]},"properties":{"code":1195,"name":"הארי טרומן/אבא הלל סילבר","lines":"31, 61, 71","n_lines":3}},{"type":"Feature","geometry":{"type":"Point","coordinates":[35.204711,31.818033]},"properties":{"code":2588,"name":"טרומן/נרות שבת","lines":"31, 61, 71","n_lines":3}},{"type":"Feature","geometry":{"type":"Point","coordinates":[35.203417,31.817561]},"properties":{"code":6285,"name":"טרומן/רמות","lines":"31, 61, 71","n_lines":3}},{"type":"Feature","geometry":{"type":"Point","coordinates":[35.224082,31.854168]},"properties":{"code":704,"name":"דרך נמל התעופה/דרך רמללה","lines":"280, 299, 218א","n_lines":3}},{"type":"Feature","geometry":{"type":"Point","coordinates":[35.222508,31.857891]},"properties":{"code":703,"name":"עיתון אלקודס/דרך נמל התעופה","lines":"280, 299, 218א","n_lines":3}},{"type":"Feature","geometry":{"type":"Point","coordinates":[35.2299,31.836479]},"properties":{"code":5877,"name":"משה פלד/שד' נווה יעקב","lines":"85, 569, 218א","n_lines":3}},{"type":"Feature","geometry":{"type":"Point","coordinates":[35.220378,31.860781]},"properties":{"code":700,"name":"כביש 45/דרך שדה התעופה עטרות","lines":"171, 273, 541","n_lines":3}},{"type":"Feature","geometry":{"type":"Point","coordinates":[35.2159,31.85653]},"properties":{"code":2114,"name":"עטרות/מפעלות","lines":"171, 273, 541","n_lines":3}},{"type":"Feature","geometry":{"type":"Point","coordinates":[35.216793,31.854685]},"properties":{"code":5961,"name":"עטרות/הכורכים","lines":"171, 273, 541","n_lines":3}},{"type":"Feature","geometry":{"type":"Point","coordinates":[35.217479,31.852999]},"properties":{"code":5722,"name":"עטרות/היוזמה","lines":"171, 273, 541","n_lines":3}},{"type":"Feature","geometry":{"type":"Point","coordinates":[35.222198,31.849553]},"properties":{"code":1633,"name":"דרך ביר נבאלה","lines":"171, 273, 541","n_lines":3}},{"type":"Feature","geometry":{"type":"Point","coordinates":[35.21811,31.850479]},"properties":{"code":5721,"name":"רחוב עטרות","lines":"171, 273, 541","n_lines":3}},{"type":"Feature","geometry":{"type":"Point","coordinates":[35.217715,31.852959]},"properties":{"code":2109,"name":"עטרות/היזמה","lines":"171, 273, 541","n_lines":3}},{"type":"Feature","geometry":{"type":"Point","coordinates":[35.216756,31.855289]},"properties":{"code":5962,"name":"עטרות/התמרוקים","lines":"171, 273, 541","n_lines":3}},{"type":"Feature","geometry":{"type":"Point","coordinates":[35.215442,31.859027]},"properties":{"code":699,"name":"עטרות/יציאה","lines":"171, 273, 541","n_lines":3}},{"type":"Feature","geometry":{"type":"Point","coordinates":[35.224337,31.829433]},"properties":{"code":1706,"name":"עבד אלחמיד שומאן/ אום כולתום","lines":"280, 299, 541","n_lines":3}},{"type":"Feature","geometry":{"type":"Point","coordinates":[35.202066,31.813075]},"properties":{"code":2267,"name":"הארי טרומן/גולדה מאיר","lines":"81, 86, 971","n_lines":3}},{"type":"Feature","geometry":{"type":"Point","coordinates":[35.201567,31.777645]},"properties":{"code":1786,"name":"מוזיאון המדע/רופין","lines":"156, 430, 614","n_lines":3}},{"type":"Feature","geometry":{"type":"Point","coordinates":[35.227713,31.82933]},"properties":{"code":1103,"name":"עבד אל חמיד שומאן/דרך בית חנינא","lines":"280, 299, 541","n_lines":3}},{"type":"Feature","geometry":{"type":"Point","coordinates":[35.201797,31.767888]},"properties":{"code":2401,"name":"בורלא/דוידזון","lines":"9, 90, 42א","n_lines":3}},{"type":"Feature","geometry":{"type":"Point","coordinates":[35.201072,31.77467]},"properties":{"code":1948,"name":"בורלא/אביגד","lines":"9, 90, 42א","n_lines":3}},{"type":"Feature","geometry":{"type":"Point","coordinates":[35.189479,31.788928]},"properties":{"code":2686,"name":"עקיבא אזולאי/נחום חפצדי","lines":"118, 567, 626","n_lines":3}},{"type":"Feature","geometry":{"type":"Point","coordinates":[35.180202,31.786683]},"properties":{"code":3513,"name":"מסוף הר נוף/בית הדפוס","lines":"413, 555, 556","n_lines":3}},{"type":"Feature","geometry":{"type":"Point","coordinates":[35.181338,31.788063]},"properties":{"code":3030,"name":"חברת החשמל/חפצדי","lines":"54, 91","n_lines":2}},{"type":"Feature","geometry":{"type":"Point","coordinates":[35.185789,31.789613]},"properties":{"code":2942,"name":"חפצדי א'","lines":"54, 91","n_lines":2}},{"type":"Feature","geometry":{"type":"Point","coordinates":[35.187214,31.7895]},"properties":{"code":3031,"name":"חפצדי ב'","lines":"54, 91","n_lines":2}},{"type":"Feature","geometry":{"type":"Point","coordinates":[35.188807,31.789083]},"properties":{"code":2687,"name":"נחום חפצדי/עקיבא אזולאי","lines":"54, 91","n_lines":2}},{"type":"Feature","geometry":{"type":"Point","coordinates":[35.187428,31.789413]},"properties":{"code":3032,"name":"חפצדי ב'","lines":"54, 91","n_lines":2}},{"type":"Feature","geometry":{"type":"Point","coordinates":[35.186104,31.789898]},"properties":{"code":2943,"name":"חפצדי א'","lines":"54, 91","n_lines":2}},{"type":"Feature","geometry":{"type":"Point","coordinates":[35.182407,31.789066]},"properties":{"code":3033,"name":"חברת החשמל/חפצדי","lines":"54, 91","n_lines":2}},{"type":"Feature","geometry":{"type":"Point","coordinates":[35.225061,31.798108]},"properties":{"code":1743,"name":"קרל נטר/ שרגאי","lines":"34, 39","n_lines":2}},{"type":"Feature","geometry":{"type":"Point","coordinates":[35.225195,31.797389]},"properties":{"code":1817,"name":"קרל נטר/מח''ל","lines":"34, 39","n_lines":2}},{"type":"Feature","geometry":{"type":"Point","coordinates":[35.224759,31.794745]},"properties":{"code":1764,"name":"קרל נטר/שמעון הצדיק","lines":"34, 39","n_lines":2}},{"type":"Feature","geometry":{"type":"Point","coordinates":[35.210011,31.796503]},"properties":{"code":9940,"name":"דברי חיים/אהל יהושע","lines":"9, 971","n_lines":2}},{"type":"Feature","geometry":{"type":"Point","coordinates":[35.214933,31.794297]},"properties":{"code":1343,"name":"עלי הכהן/בר אילן","lines":"9, 16","n_lines":2}},{"type":"Feature","geometry":{"type":"Point","coordinates":[35.212781,31.772358]},"properties":{"code":1072,"name":"מטודלה","lines":"9, 97","n_lines":2}},{"type":"Feature","geometry":{"type":"Point","coordinates":[35.210191,31.773964]},"properties":{"code":1062,"name":"סעדיה גאון","lines":"9, 97","n_lines":2}},{"type":"Feature","geometry":{"type":"Point","coordinates":[35.209945,31.775267]},"properties":{"code":2407,"name":"רופין/דיסקין","lines":"9, 97","n_lines":2}},{"type":"Feature","geometry":{"type":"Point","coordinates":[35.213278,31.794401]},"properties":{"code":1336,"name":"חנה","lines":"16, 970","n_lines":2}},{"type":"Feature","geometry":{"type":"Point","coordinates":[35.219837,31.796635]},"properties":{"code":6057,"name":"הרב בלוי/שמואל הנביא","lines":"16, 39א","n_lines":2}},{"type":"Feature","geometry":{"type":"Point","coordinates":[35.21989,31.797154]},"properties":{"code":1346,"name":"הרב בלוי/אוריאל","lines":"16, 39א","n_lines":2}},{"type":"Feature","geometry":{"type":"Point","coordinates":[35.220191,31.798742]},"properties":{"code":3816,"name":"הרב בלוי/אחינועם","lines":"16, 39א","n_lines":2}},{"type":"Feature","geometry":{"type":"Point","coordinates":[35.225499,31.796805]},"properties":{"code":1768,"name":"קרל נטר/מח''ל","lines":"34, 39","n_lines":2}},{"type":"Feature","geometry":{"type":"Point","coordinates":[35.225333,31.798338]},"properties":{"code":1742,"name":"קרל נטר/ שרגאי","lines":"34, 39","n_lines":2}},{"type":"Feature","geometry":{"type":"Point","coordinates":[35.22448,31.754895]},"properties":{"code":3084,"name":"בי''ס המסורתי/ביתר","lines":"7, 88","n_lines":2}},{"type":"Feature","geometry":{"type":"Point","coordinates":[35.222766,31.750995]},"properties":{"code":1011,"name":"קורא הדורות/בית הערבה","lines":"7, 97","n_lines":2}},{"type":"Feature","geometry":{"type":"Point","coordinates":[35.221735,31.747991]},"properties":{"code":2568,"name":"קורא הדורות/קלאוזנר","lines":"7, 97","n_lines":2}},{"type":"Feature","geometry":{"type":"Point","coordinates":[35.222144,31.747096]},"properties":{"code":2567,"name":"לייב יפה/מוזס","lines":"7, 97","n_lines":2}},{"type":"Feature","geometry":{"type":"Point","coordinates":[35.22113,31.745224]},"properties":{"code":1007,"name":"לייב יפה/רבדים","lines":"7, 97","n_lines":2}},{"type":"Feature","geometry":{"type":"Point","coordinates":[35.220612,31.74432]},"properties":{"code":2766,"name":"מכללת לינדנבאום/לייב יפה","lines":"7, 97","n_lines":2}},{"type":"Feature","geometry":{"type":"Point","coordinates":[35.2207,31.744268]},"properties":{"code":2767,"name":"מכללת לינדנבאום/לייב יפה","lines":"7, 97","n_lines":2}},{"type":"Feature","geometry":{"type":"Point","coordinates":[35.221558,31.745777]},"properties":{"code":1029,"name":"לייב יפה/רבדים","lines":"7, 97","n_lines":2}},{"type":"Feature","geometry":{"type":"Point","coordinates":[35.222133,31.746832]},"properties":{"code":1030,"name":"לייב יפה/מוזס","lines":"7, 97","n_lines":2}},{"type":"Feature","geometry":{"type":"Point","coordinates":[35.222388,31.749271]},"properties":{"code":2763,"name":"קורא הדורות/קלוזנר","lines":"7, 97","n_lines":2}},{"type":"Feature","geometry":{"type":"Point","coordinates":[35.224191,31.75088]},"properties":{"code":1861,"name":"ביתר/לנקין","lines":"7, 97","n_lines":2}},{"type":"Feature","geometry":{"type":"Point","coordinates":[35.22001,31.754598]},"properties":{"code":3863,"name":"דרך בית לחם/רבקה","lines":"7, 34","n_lines":2}},{"type":"Feature","geometry":{"type":"Point","coordinates":[35.220898,31.756426]},"properties":{"code":5846,"name":"דרך בית לחם/יהודה","lines":"7, 34","n_lines":2}},{"type":"Feature","geometry":{"type":"Point","coordinates":[35.222063,31.759649]},"properties":{"code":1027,"name":"דרך בית לחם/אסתר המלכה","lines":"7, 34","n_lines":2}},{"type":"Feature","geometry":{"type":"Point","coordinates":[35.189082,31.773124]},"properties":{"code":3285,"name":"משה קול/דה רוסי","lines":"5, 21","n_lines":2}},{"type":"Feature","geometry":{"type":"Point","coordinates":[35.224415,31.724669]},"properties":{"code":4020,"name":"ליכטנשטיין/אביגור","lines":"4, 5","n_lines":2}},{"type":"Feature","geometry":{"type":"Point","coordinates":[35.222957,31.723978]},"properties":{"code":3480,"name":"ליכטנשטיין/בן חמו","lines":"4, 5","n_lines":2}},{"type":"Feature","geometry":{"type":"Point","coordinates":[35.181773,31.766099]},"properties":{"code":1505,"name":"רחמים נאהורי/תורה ועבודה","lines":"21, 411","n_lines":2}},{"type":"Feature","geometry":{"type":"Point","coordinates":[35.182065,31.765923]},"properties":{"code":1744,"name":"רחמים נאהורי/תורה ועבודה","lines":"21, 411","n_lines":2}},{"type":"Feature","geometry":{"type":"Point","coordinates":[35.180278,31.76698]},"properties":{"code":2143,"name":"בי''ס בויאר/תורה ועבודה","lines":"35, 508","n_lines":2}},{"type":"Feature","geometry":{"type":"Point","coordinates":[35.208398,31.781903]},"properties":{"code":6300,"name":"שדרות יצחק בן צבי/בצלאל","lines":"15, 509","n_lines":2}},{"type":"Feature","geometry":{"type":"Point","coordinates":[35.204508,31.761047]},"properties":{"code":6286,"name":"ש''י עגנון/קצנלסון","lines":"15, 22","n_lines":2}},{"type":"Feature","geometry":{"type":"Point","coordinates":[35.20513,31.758965]},"properties":{"code":1905,"name":"חוות הנוער הציוני\\ש''י עגנון","lines":"15, 22","n_lines":2}},{"type":"Feature","geometry":{"type":"Point","coordinates":[35.203887,31.75658]},"properties":{"code":1016,"name":"בני בתירא/בן זכאי","lines":"15, 22","n_lines":2}},{"type":"Feature","geometry":{"type":"Point","coordinates":[35.204087,31.756565]},"properties":{"code":1014,"name":"בני בתירא/בן זכאי","lines":"15, 22","n_lines":2}},{"type":"Feature","geometry":{"type":"Point","coordinates":[35.205317,31.758993]},"properties":{"code":2590,"name":"חוות הנוער הציוני/ש''י עגנון","lines":"15, 22","n_lines":2}},{"type":"Feature","geometry":{"type":"Point","coordinates":[35.204833,31.761041]},"properties":{"code":1655,"name":"ש''י עגנון/קצנלסון","lines":"15, 22","n_lines":2}},{"type":"Feature","geometry":{"type":"Point","coordinates":[35.20928,31.777844]},"properties":{"code":6269,"name":"בן צבי/רופין","lines":"15, 509","n_lines":2}},{"type":"Feature","geometry":{"type":"Point","coordinates":[35.208561,31.782368]},"properties":{"code":6299,"name":"שדרות יצחק בן צבי/בצלאל","lines":"15, 509","n_lines":2}},{"type":"Feature","geometry":{"type":"Point","coordinates":[35.239328,31.822316]},"properties":{"code":3237,"name":"רחמילביץ'/משה דיין","lines":"44, 53","n_lines":2}},{"type":"Feature","geometry":{"type":"Point","coordinates":[35.241031,31.82234]},"properties":{"code":1280,"name":"פארק ארץ ישראל/משה רחמילביץ","lines":"44, 53","n_lines":2}},{"type":"Feature","geometry":{"type":"Point","coordinates":[35.251427,31.819088]},"properties":{"code":2979,"name":"מאיר גרשון/רחמילביץ'","lines":"53, 66","n_lines":2}},{"type":"Feature","geometry":{"type":"Point","coordinates":[35.250116,31.81986]},"properties":{"code":5924,"name":"מאיר גרשון/יוסף נדבה","lines":"53, 66","n_lines":2}},{"type":"Feature","geometry":{"type":"Point","coordinates":[35.248794,31.81976]},"properties":{"code":2980,"name":"מאיר גרשון/מאיר יושע","lines":"47, 53","n_lines":2}},{"type":"Feature","geometry":{"type":"Point","coordinates":[35.253831,31.815823]},"properties":{"code":3064,"name":"מרידור/גירינגר","lines":"44, 66א","n_lines":2}},{"type":"Feature","geometry":{"type":"Point","coordinates":[35.252069,31.816866]},"properties":{"code":9965,"name":"רחמילביץ'/ברנדווין","lines":"44, 66א","n_lines":2}},{"type":"Feature","geometry":{"type":"Point","coordinates":[35.197208,31.778905]},"properties":{"code":4187,"name":"קמפוס ספרא/מסוף הכניסה לאוניברסיטה","lines":"66, 66א","n_lines":2}},{"type":"Feature","geometry":{"type":"Point","coordinates":[35.223717,31.767077]},"properties":{"code":3963,"name":"דרך בית לחם/עמק רפאים","lines":"34, 49","n_lines":2}},{"type":"Feature","geometry":{"type":"Point","coordinates":[35.223757,31.764831]},"properties":{"code":2138,"name":"דרך בית לחם/כרמיה","lines":"34, 49","n_lines":2}},{"type":"Feature","geometry":{"type":"Point","coordinates":[35.223119,31.762755]},"properties":{"code":2171,"name":"דרך בית לחם/דרך הרכבת","lines":"34, 49","n_lines":2}},{"type":"Feature","geometry":{"type":"Point","coordinates":[35.221646,31.756442]},"properties":{"code":1201,"name":"יהודה/דרך חברון","lines":"34, 90","n_lines":2}},{"type":"Feature","geometry":{"type":"Point","coordinates":[35.218304,31.757521]},"properties":{"code":1200,"name":"יהודה/יששכר","lines":"34, 90","n_lines":2}},{"type":"Feature","geometry":{"type":"Point","coordinates":[35.198312,31.787092]},"properties":{"code":6005,"name":"הרב צבי יהודה/שדרות הרצל","lines":"65, 74","n_lines":2}},{"type":"Feature","geometry":{"type":"Point","coordinates":[35.196905,31.787536]},"properties":{"code":1003,"name":"מרכז הרב/הרב צבי יהודה","lines":"65, 74","n_lines":2}},{"type":"Feature","geometry":{"type":"Point","coordinates":[35.195537,31.787502]},"properties":{"code":2944,"name":"הרב צבי יהודה/שד' המאירי","lines":"65, 74","n_lines":2}},{"type":"Feature","geometry":{"type":"Point","coordinates":[35.249191,31.819256]},"properties":{"code":9972,"name":"יוסף נדבה/מאיר גרשון","lines":"47, 66","n_lines":2}},{"type":"Feature","geometry":{"type":"Point","coordinates":[35.249376,31.817233]},"properties":{"code":3075,"name":"יוסף נדבה ב","lines":"47, 66","n_lines":2}},{"type":"Feature","geometry":{"type":"Point","coordinates":[35.252194,31.814412]},"properties":{"code":3074,"name":"יוסף נדבה/מרידור","lines":"47, 66","n_lines":2}},{"type":"Feature","geometry":{"type":"Point","coordinates":[35.240007,31.836241]},"properties":{"code":1084,"name":"הרב אברהם רביץ","lines":"45, 569","n_lines":2}},{"type":"Feature","geometry":{"type":"Point","coordinates":[35.242609,31.83719]},"properties":{"code":1078,"name":"הרב אברהם רביץ/אהרון שעשוע עזרא","lines":"45, 569","n_lines":2}},{"type":"Feature","geometry":{"type":"Point","coordinates":[35.24362,31.837489]},"properties":{"code":2045,"name":"הרב אברהם רביץ","lines":"45, 569","n_lines":2}},{"type":"Feature","geometry":{"type":"Point","coordinates":[35.197993,31.755635]},"properties":{"code":3045,"name":"השומר/יעקב ברגר","lines":"10, 18","n_lines":2}},{"type":"Feature","geometry":{"type":"Point","coordinates":[35.197617,31.754424]},"properties":{"code":930,"name":"יצחק שדה","lines":"10, 18","n_lines":2}},{"type":"Feature","geometry":{"type":"Point","coordinates":[35.19565,31.753532]},"properties":{"code":1628,"name":"סן מרטין/רבי צדוק","lines":"10, 18","n_lines":2}},{"type":"Feature","geometry":{"type":"Point","coordinates":[35.193693,31.753511]},"properties":{"code":969,"name":"סן מרטין/בר יוחאי","lines":"10, 18","n_lines":2}},{"type":"Feature","geometry":{"type":"Point","coordinates":[35.194206,31.755891]},"properties":{"code":970,"name":"סן מרטין/גולומב","lines":"10, 18","n_lines":2}},{"type":"Feature","geometry":{"type":"Point","coordinates":[35.173917,31.764208]},"properties":{"code":940,"name":"בורוכוב/קליינמן","lines":"10, 24","n_lines":2}},{"type":"Feature","geometry":{"type":"Point","coordinates":[35.173606,31.763495]},"properties":{"code":955,"name":"בורוכוב/קליינמן","lines":"10, 24","n_lines":2}},{"type":"Feature","geometry":{"type":"Point","coordinates":[35.215803,31.771004]},"properties":{"code":1063,"name":"בית הנשיא/ז'בוטינסקי","lines":"18, 97","n_lines":2}},{"type":"Feature","geometry":{"type":"Point","coordinates":[35.210205,31.767162]},"properties":{"code":1686,"name":"הפלמ''ח/כובשי קטמון","lines":"18, 91","n_lines":2}},{"type":"Feature","geometry":{"type":"Point","coordinates":[35.209096,31.764226]},"properties":{"code":5999,"name":"הל''ה/מבצע קדש","lines":"14, 18","n_lines":2}},{"type":"Feature","geometry":{"type":"Point","coordinates":[35.208147,31.762676]},"properties":{"code":1785,"name":"מחלקי המים","lines":"14, 18","n_lines":2}},{"type":"Feature","geometry":{"type":"Point","coordinates":[35.209727,31.761426]},"properties":{"code":1621,"name":"משגב לדך/חזקיהו המלך","lines":"14, 18","n_lines":2}},{"type":"Feature","geometry":{"type":"Point","coordinates":[35.209188,31.756926]},"properties":{"code":1018,"name":"בן יועזר/אנטיגונוס","lines":"8, 18","n_lines":2}},{"type":"Feature","geometry":{"type":"Point","coordinates":[35.207565,31.755792]},"properties":{"code":1020,"name":"בן יועזר/בן בבא","lines":"8, 18","n_lines":2}},{"type":"Feature","geometry":{"type":"Point","coordinates":[35.206603,31.754116]},"properties":{"code":1019,"name":"בן יועזר/אליעזר הגדול","lines":"8, 18","n_lines":2}},{"type":"Feature","geometry":{"type":"Point","coordinates":[35.205506,31.752366]},"properties":{"code":1738,"name":"בן יועזר/קנאי הגליל","lines":"8, 18","n_lines":2}},{"type":"Feature","geometry":{"type":"Point","coordinates":[35.205442,31.752188]},"properties":{"code":1008,"name":"בן יועזר/קנאי הגליל","lines":"8, 18","n_lines":2}},{"type":"Feature","geometry":{"type":"Point","coordinates":[35.207125,31.75508]},"properties":{"code":1009,"name":"בן יועזר/בן בבא","lines":"8, 18","n_lines":2}},{"type":"Feature","geometry":{"type":"Point","coordinates":[35.209822,31.757346]},"properties":{"code":2011,"name":"בן יועזר/אנטיגונוס","lines":"8, 18","n_lines":2}},{"type":"Feature","geometry":{"type":"Point","coordinates":[35.211576,31.767423]},"properties":{"code":1820,"name":"הפלמ''ח/הגדוד העברי","lines":"18, 91","n_lines":2}},{"type":"Feature","geometry":{"type":"Point","coordinates":[35.195277,31.818823]},"properties":{"code":6011,"name":"הרא''ה/שדרות גולדה מאיר","lines":"64, 86","n_lines":2}},{"type":"Feature","geometry":{"type":"Point","coordinates":[35.233519,31.838061]},"properties":{"code":2126,"name":"תחנת רקל''ה מזל קשת/שדרות נווה יעקב","lines":"22, 541","n_lines":2}},{"type":"Feature","geometry":{"type":"Point","coordinates":[35.21286,31.745647]},"properties":{"code":3294,"name":"חניון תלפיות/ברעם","lines":"22, 160","n_lines":2}},{"type":"Feature","geometry":{"type":"Point","coordinates":[35.243103,31.83748]},"properties":{"code":2044,"name":"הרב אברהם רביץ","lines":"45, 569","n_lines":2}},{"type":"Feature","geometry":{"type":"Point","coordinates":[35.196203,31.821988]},"properties":{"code":2564,"name":"רמות/מסוף","lines":"471, 480","n_lines":2}},{"type":"Feature","geometry":{"type":"Point","coordinates":[35.226553,31.743775]},"properties":{"code":3173,"name":"שמעון מישורי/גרשון אבנר","lines":"12, 88","n_lines":2}},{"type":"Feature","geometry":{"type":"Point","coordinates":[35.225686,31.742444]},"properties":{"code":3171,"name":"שמעון מישורי","lines":"12, 88","n_lines":2}},{"type":"Feature","geometry":{"type":"Point","coordinates":[35.225095,31.74394]},"properties":{"code":3168,"name":"פרופ' יעקב נאמן/שמעון מישורי","lines":"12, 88","n_lines":2}},{"type":"Feature","geometry":{"type":"Point","coordinates":[35.223657,31.742587]},"properties":{"code":3165,"name":"פרופ' יעקב נאמן/הרב אברהם זקן","lines":"12, 88","n_lines":2}},{"type":"Feature","geometry":{"type":"Point","coordinates":[35.22253,31.743605]},"properties":{"code":3160,"name":"יצחק ארנסט נבנצל/הרב אברהם זקן","lines":"12, 88","n_lines":2}},{"type":"Feature","geometry":{"type":"Point","coordinates":[35.252741,31.816437]},"properties":{"code":3066,"name":"מרידור/נתנזון","lines":"44, 66א","n_lines":2}},{"type":"Feature","geometry":{"type":"Point","coordinates":[35.253628,31.815905]},"properties":{"code":3067,"name":"מרידור/גירינגר","lines":"44, 66א","n_lines":2}},{"type":"Feature","geometry":{"type":"Point","coordinates":[35.252795,31.813953]},"properties":{"code":3068,"name":"מרידור/פרידלר","lines":"44, 66א","n_lines":2}},{"type":"Feature","geometry":{"type":"Point","coordinates":[35.242661,31.822766]},"properties":{"code":3235,"name":"רחמילביץ/דב סדן","lines":"44, 53","n_lines":2}},{"type":"Feature","geometry":{"type":"Point","coordinates":[35.239499,31.822387]},"properties":{"code":3236,"name":"רחמילביץ'/משה דיין","lines":"44, 53","n_lines":2}},{"type":"Feature","geometry":{"type":"Point","coordinates":[35.218263,31.80046]},"properties":{"code":1662,"name":"ים סוף/מעגלי הרי''ם לוין","lines":"308, 422","n_lines":2}},{"type":"Feature","geometry":{"type":"Point","coordinates":[35.180686,31.758632]},"properties":{"code":932,"name":"גולומב/בוליביה","lines":"19, 510","n_lines":2}},{"type":"Feature","geometry":{"type":"Point","coordinates":[35.178645,31.760434]},"properties":{"code":933,"name":"פארק פישמן/גולומב","lines":"19, 510","n_lines":2}},{"type":"Feature","geometry":{"type":"Point","coordinates":[35.241198,31.810168]},"properties":{"code":482,"name":"מחסום ענאתא/דרך ענתות","lines":"207, 254","n_lines":2}},{"type":"Feature","geometry":{"type":"Point","coordinates":[35.237792,31.81183]},"properties":{"code":483,"name":"אל אסמעי ו","lines":"207, 254","n_lines":2}},{"type":"Feature","geometry":{"type":"Point","coordinates":[35.234194,31.812312]},"properties":{"code":485,"name":"אל אסמעי/אלזבייר בן אלעוואם","lines":"207, 254","n_lines":2}},{"type":"Feature","geometry":{"type":"Point","coordinates":[35.24813,31.784684]},"properties":{"code":843,"name":"צומת א טור/שיח' ענבר","lines":"255, 285","n_lines":2}},{"type":"Feature","geometry":{"type":"Point","coordinates":[35.249545,31.784742]},"properties":{"code":733,"name":"ענבר/אל כליה","lines":"255, 285","n_lines":2}},{"type":"Feature","geometry":{"type":"Point","coordinates":[35.252696,31.784758]},"properties":{"code":734,"name":"שיח' ענבר","lines":"255, 285","n_lines":2}},{"type":"Feature","geometry":{"type":"Point","coordinates":[35.254908,31.784219]},"properties":{"code":738,"name":"צומת שיח עינבר/סהל","lines":"255, 285","n_lines":2}},{"type":"Feature","geometry":{"type":"Point","coordinates":[35.246154,31.780288]},"properties":{"code":833,"name":"בית חולים מקאסד כניסה ראשית/ראבעה אל עדוויה","lines":"255, 275","n_lines":2}},{"type":"Feature","geometry":{"type":"Point","coordinates":[35.246593,31.781476]},"properties":{"code":841,"name":"בית חולים מקאסד כניסה צפונית/ראבעה אל עדוויה","lines":"255, 275","n_lines":2}},{"type":"Feature","geometry":{"type":"Point","coordinates":[35.247144,31.783095]},"properties":{"code":842,"name":"בית ספר מקיף לבנים/ראבעה אל עדוויה","lines":"255, 275","n_lines":2}},{"type":"Feature","geometry":{"type":"Point","coordinates":[35.236855,31.784992]},"properties":{"code":435,"name":"מוזיאון רוקפלר/אלמקדסי","lines":"263, 287","n_lines":2}},{"type":"Feature","geometry":{"type":"Point","coordinates":[35.236953,31.785041]},"properties":{"code":1303,"name":"מוזיאון רוקפלר/אלמקדסי","lines":"226, 287","n_lines":2}},{"type":"Feature","geometry":{"type":"Point","coordinates":[35.237521,31.787039]},"properties":{"code":437,"name":"אלמוקדסי/ואדי אל ג'וז","lines":"226, 287","n_lines":2}},{"type":"Feature","geometry":{"type":"Point","coordinates":[35.243345,31.776233]},"properties":{"code":1091,"name":"מצפה הר הזיתים/מלון שבע הקשתות","lines":"84, 275","n_lines":2}},{"type":"Feature","geometry":{"type":"Point","coordinates":[35.259659,31.755772]},"properties":{"code":6302,"name":"אוניברסיטת אבו דיס","lines":"263, 263א","n_lines":2}},{"type":"Feature","geometry":{"type":"Point","coordinates":[35.229837,31.766472]},"properties":{"code":802,"name":"המפקד/אבו תור","lines":"276, 286","n_lines":2}},{"type":"Feature","geometry":{"type":"Point","coordinates":[35.229492,31.764163]},"properties":{"code":801,"name":"אבו תור ב'","lines":"276, 286","n_lines":2}},{"type":"Feature","geometry":{"type":"Point","coordinates":[35.229251,31.763416]},"properties":{"code":767,"name":"אבו תור/נעומי","lines":"276, 286","n_lines":2}},{"type":"Feature","geometry":{"type":"Point","coordinates":[35.230718,31.762873]},"properties":{"code":764,"name":"אל ת'ורי/דרך אבו תור","lines":"276, 286","n_lines":2}},{"type":"Feature","geometry":{"type":"Point","coordinates":[35.231474,31.764765]},"properties":{"code":804,"name":"אל ת'ורי","lines":"276, 286","n_lines":2}},{"type":"Feature","geometry":{"type":"Point","coordinates":[35.23179,31.767276]},"properties":{"code":762,"name":"בית ספר אחמד סאמח ח'אלד/אל ת'ורי","lines":"276, 286","n_lines":2}},{"type":"Feature","geometry":{"type":"Point","coordinates":[35.232438,31.766974]},"properties":{"code":761,"name":"בית ספר מכין לבנות/אל ת'ורי","lines":"276, 286","n_lines":2}},{"type":"Feature","geometry":{"type":"Point","coordinates":[35.233574,31.765772]},"properties":{"code":806,"name":"בי''ס לבנות/אל ת'ורי","lines":"276, 286","n_lines":2}},{"type":"Feature","geometry":{"type":"Point","coordinates":[35.235335,31.765846]},"properties":{"code":812,"name":"אל ת'ורי/אלחארה אלשרקיה","lines":"276, 286","n_lines":2}},{"type":"Feature","geometry":{"type":"Point","coordinates":[35.240808,31.750518]},"properties":{"code":5747,"name":"צומת בתי הספר/אבו רביע","lines":"203, 204","n_lines":2}},{"type":"Feature","geometry":{"type":"Point","coordinates":[35.238361,31.74873]},"properties":{"code":5750,"name":"קופת חולים/אבו רביע","lines":"203, 204","n_lines":2}},{"type":"Feature","geometry":{"type":"Point","coordinates":[35.239956,31.746084]},"properties":{"code":268,"name":"אבו רביע/ברזני","lines":"203, 204","n_lines":2}},{"type":"Feature","geometry":{"type":"Point","coordinates":[35.235438,31.744606]},"properties":{"code":1401,"name":"חוה ארציאלי/אליהו חכים","lines":"203, 512","n_lines":2}},{"type":"Feature","geometry":{"type":"Point","coordinates":[35.236632,31.737154]},"properties":{"code":28,"name":"אלמדינה אלמנורה/זעקוקה","lines":"203, 213","n_lines":2}},{"type":"Feature","geometry":{"type":"Point","coordinates":[35.234371,31.736952]},"properties":{"code":5692,"name":"אלמדינה אלמנורה/מסעב בן עמיר","lines":"203, 213","n_lines":2}},{"type":"Feature","geometry":{"type":"Point","coordinates":[35.23226,31.736302]},"properties":{"code":37,"name":"קופת חולים/אלמדינה אלמנוורה","lines":"203, 213","n_lines":2}},{"type":"Feature","geometry":{"type":"Point","coordinates":[35.240211,31.800798]},"properties":{"code":6265,"name":"לוחמי הגטאות/בר כוכבא","lines":"201, 77א","n_lines":2}},{"type":"Feature","geometry":{"type":"Point","coordinates":[35.240515,31.800809]},"properties":{"code":6266,"name":"לוחמי הגטאות/בר כוכבא","lines":"201, 77א","n_lines":2}},{"type":"Feature","geometry":{"type":"Point","coordinates":[35.22574,31.732673]},"properties":{"code":42,"name":"אלמשאהד ג'","lines":"203, 213","n_lines":2}},{"type":"Feature","geometry":{"type":"Point","coordinates":[35.225722,31.735085]},"properties":{"code":5682,"name":"אלמשאהד ב'","lines":"203, 213","n_lines":2}},{"type":"Feature","geometry":{"type":"Point","coordinates":[35.228832,31.736625]},"properties":{"code":46,"name":"אלמשאהד א'","lines":"203, 213","n_lines":2}},{"type":"Feature","geometry":{"type":"Point","coordinates":[35.23286,31.736484]},"properties":{"code":36,"name":"קופת חולים/אלמדינה אלמנוורה","lines":"203, 213","n_lines":2}},{"type":"Feature","geometry":{"type":"Point","coordinates":[35.235105,31.736976]},"properties":{"code":35,"name":"אלמדינה אלמנורה/מסעב בן עמיר","lines":"203, 213","n_lines":2}},{"type":"Feature","geometry":{"type":"Point","coordinates":[35.23667,31.737062]},"properties":{"code":27,"name":"אלמדינה אלמנורה/זעקוקה","lines":"203, 213","n_lines":2}},{"type":"Feature","geometry":{"type":"Point","coordinates":[35.234183,31.742687]},"properties":{"code":1399,"name":"חוה ארציאלי/אל מדינה אל מונאוורה","lines":"203, 512","n_lines":2}},{"type":"Feature","geometry":{"type":"Point","coordinates":[35.236098,31.744599]},"properties":{"code":1400,"name":"משה ברזני/חווה ארציאלי","lines":"203, 512","n_lines":2}},{"type":"Feature","geometry":{"type":"Point","coordinates":[35.240234,31.746254]},"properties":{"code":5753,"name":"אבו רביע/ברזני","lines":"203, 204","n_lines":2}},{"type":"Feature","geometry":{"type":"Point","coordinates":[35.238719,31.748473]},"properties":{"code":5751,"name":"קופת חולים/אבו רביע","lines":"203, 204","n_lines":2}},{"type":"Feature","geometry":{"type":"Point","coordinates":[35.241199,31.750409]},"properties":{"code":5748,"name":"צומת בתי הספר/אבו רביע","lines":"203, 204","n_lines":2}},{"type":"Feature","geometry":{"type":"Point","coordinates":[35.232383,31.754234]},"properties":{"code":220,"name":"על''ר/ינובסקי","lines":"203, 204","n_lines":2}},{"type":"Feature","geometry":{"type":"Point","coordinates":[35.182026,31.762881]},"properties":{"code":2363,"name":"דסקל/קדיש לוז","lines":"26, 26א","n_lines":2}},{"type":"Feature","geometry":{"type":"Point","coordinates":[35.180811,31.762123]},"properties":{"code":9890,"name":"דסקל/שיר לשלמה","lines":"26, 26א","n_lines":2}},{"type":"Feature","geometry":{"type":"Point","coordinates":[35.181977,31.761539]},"properties":{"code":6141,"name":"קובובי","lines":"26, 26א","n_lines":2}},{"type":"Feature","geometry":{"type":"Point","coordinates":[35.18191,31.759326]},"properties":{"code":9977,"name":"אבל פן/לייבוביץ'","lines":"26, 26א","n_lines":2}},{"type":"Feature","geometry":{"type":"Point","coordinates":[35.182259,31.759711]},"properties":{"code":9976,"name":"אבל פן/לייבוביץ'","lines":"26, 26א","n_lines":2}},{"type":"Feature","geometry":{"type":"Point","coordinates":[35.181873,31.761565]},"properties":{"code":6140,"name":"קובובי","lines":"26, 26א","n_lines":2}},{"type":"Feature","geometry":{"type":"Point","coordinates":[35.180904,31.762007]},"properties":{"code":9891,"name":"דסקל/שיר לשלמה","lines":"26, 26א","n_lines":2}},{"type":"Feature","geometry":{"type":"Point","coordinates":[35.129901,31.777327]},"properties":{"code":5587,"name":"מסעף סטף","lines":"153, 183","n_lines":2}},{"type":"Feature","geometry":{"type":"Point","coordinates":[35.197972,31.75654]},"properties":{"code":2077,"name":"צומת פת/פת","lines":"12, 92","n_lines":2}},{"type":"Feature","geometry":{"type":"Point","coordinates":[35.221153,31.742637]},"properties":{"code":3159,"name":"יצחק ארנסט נבנצל/אשר וינר","lines":"12, 88","n_lines":2}},{"type":"Feature","geometry":{"type":"Point","coordinates":[35.22311,31.743439]},"properties":{"code":3161,"name":"הרב אברהם זקן/יצחק ארנסט נבנצל","lines":"12, 88","n_lines":2}},{"type":"Feature","geometry":{"type":"Point","coordinates":[35.223722,31.742465]},"properties":{"code":3167,"name":"פרופ' יעקב נאמן/הרב אברהם זקן","lines":"12, 88","n_lines":2}},{"type":"Feature","geometry":{"type":"Point","coordinates":[35.225676,31.743668]},"properties":{"code":3169,"name":"שמעון מישורי/פרופ' יעקב נאמן","lines":"12, 88","n_lines":2}},{"type":"Feature","geometry":{"type":"Point","coordinates":[35.22556,31.742228]},"properties":{"code":3170,"name":"שמעון מישורי","lines":"12, 88","n_lines":2}},{"type":"Feature","geometry":{"type":"Point","coordinates":[35.226651,31.74372]},"properties":{"code":3172,"name":"שמעון מישורי/גרשון אבנר","lines":"12, 88","n_lines":2}},{"type":"Feature","geometry":{"type":"Point","coordinates":[35.184381,31.756352]},"properties":{"code":9892,"name":"משה שרת/גולומב","lines":"33, 516","n_lines":2}},{"type":"Feature","geometry":{"type":"Point","coordinates":[35.213783,31.763016]},"properties":{"code":1205,"name":"חזקיהו המלך/רחל אמנו","lines":"14, 90","n_lines":2}},{"type":"Feature","geometry":{"type":"Point","coordinates":[35.254495,31.784806]},"properties":{"code":737,"name":"בית ספר יסודי א טור/שיח' ענבר","lines":"226, 285","n_lines":2}},{"type":"Feature","geometry":{"type":"Point","coordinates":[35.252998,31.785153]},"properties":{"code":736,"name":"שיח' ענבר","lines":"226, 285","n_lines":2}},{"type":"Feature","geometry":{"type":"Point","coordinates":[35.249725,31.78481]},"properties":{"code":846,"name":"שיח' ענבר/אל כאלה","lines":"226, 285","n_lines":2}},{"type":"Feature","geometry":{"type":"Point","coordinates":[35.21776,31.876014]},"properties":{"code":6195,"name":"בית ספר כפאר עקב","lines":"218, 278","n_lines":2}},{"type":"Feature","geometry":{"type":"Point","coordinates":[35.257819,31.783628]},"properties":{"code":732,"name":"צומת הזיתים","lines":"226, 285","n_lines":2}},{"type":"Feature","geometry":{"type":"Point","coordinates":[35.255866,31.784767]},"properties":{"code":735,"name":"שייח ענבר","lines":"226, 285","n_lines":2}},{"type":"Feature","geometry":{"type":"Point","coordinates":[35.254847,31.722547]},"properties":{"code":289,"name":"מונטאר","lines":"204, 214","n_lines":2}},{"type":"Feature","geometry":{"type":"Point","coordinates":[35.246726,31.73503]},"properties":{"code":275,"name":"בית ספר אבו חאמד ג'זאלי","lines":"204, 214","n_lines":2}},{"type":"Feature","geometry":{"type":"Point","coordinates":[35.245996,31.73801]},"properties":{"code":285,"name":"דרך אומליסון א'","lines":"204, 214","n_lines":2}},{"type":"Feature","geometry":{"type":"Point","coordinates":[35.244852,31.739523]},"properties":{"code":5779,"name":"דרך אומליסון ב'","lines":"204, 214","n_lines":2}},{"type":"Feature","geometry":{"type":"Point","coordinates":[35.243006,31.74047]},"properties":{"code":286,"name":"דרך אומליסון ג'","lines":"204, 214","n_lines":2}},{"type":"Feature","geometry":{"type":"Point","coordinates":[35.240971,31.741506]},"properties":{"code":5807,"name":"אבועובידה/אלעדל","lines":"204, 214","n_lines":2}},{"type":"Feature","geometry":{"type":"Point","coordinates":[35.241129,31.741178]},"properties":{"code":5782,"name":"אבועובידה/אלעדל","lines":"204, 214","n_lines":2}},{"type":"Feature","geometry":{"type":"Point","coordinates":[35.242093,31.740011]},"properties":{"code":5783,"name":"אבועובידה א'","lines":"204, 214","n_lines":2}},{"type":"Feature","geometry":{"type":"Point","coordinates":[35.242941,31.738808]},"properties":{"code":5784,"name":"אבועובידה ב'","lines":"204, 214","n_lines":2}},{"type":"Feature","geometry":{"type":"Point","coordinates":[35.244783,31.736973]},"properties":{"code":283,"name":"מסגד אלרחמאן/אבועוביידה","lines":"204, 214","n_lines":2}},{"type":"Feature","geometry":{"type":"Point","coordinates":[35.24633,31.735004]},"properties":{"code":5776,"name":"בית ספר אבו חאמד ג'זאלי","lines":"204, 214","n_lines":2}},{"type":"Feature","geometry":{"type":"Point","coordinates":[35.129224,31.777759]},"properties":{"code":5586,"name":"מסעף סטף","lines":"153, 183","n_lines":2}},{"type":"Feature","geometry":{"type":"Point","coordinates":[35.153612,31.772833]},"properties":{"code":5931,"name":"כביש 395/כביש 386","lines":"28, 153","n_lines":2}},{"type":"Feature","geometry":{"type":"Point","coordinates":[35.214523,31.808914]},"properties":{"code":1602,"name":"הרב רפאל ברוך טולדנו/רבי שלמה זלמן דרוק","lines":"57, 567","n_lines":2}},{"type":"Feature","geometry":{"type":"Point","coordinates":[35.216311,31.808118]},"properties":{"code":1162,"name":"הרב רפאל ברוך טולדנו ב","lines":"57, 567","n_lines":2}},{"type":"Feature","geometry":{"type":"Point","coordinates":[35.21938,31.807175]},"properties":{"code":1608,"name":"הרב רפאל ברוך טולדנו א","lines":"57, 567","n_lines":2}},{"type":"Feature","geometry":{"type":"Point","coordinates":[35.222346,31.806695]},"properties":{"code":1160,"name":"הרב ראפל ברוך טולדנו","lines":"57, 567","n_lines":2}},{"type":"Feature","geometry":{"type":"Point","coordinates":[35.225357,31.807238]},"properties":{"code":2049,"name":"הרב רפאל ברוך טולדנו/חזון אי''ש","lines":"57, 567","n_lines":2}},{"type":"Feature","geometry":{"type":"Point","coordinates":[35.206288,31.811732]},"properties":{"code":1188,"name":"יעקב אלעזר","lines":"63, 81","n_lines":2}},{"type":"Feature","geometry":{"type":"Point","coordinates":[35.202848,31.812239]},"properties":{"code":2264,"name":"הארי טרומן/גולדה מאיר","lines":"63, 86","n_lines":2}},{"type":"Feature","geometry":{"type":"Point","coordinates":[35.208733,31.814885]},"properties":{"code":1417,"name":"יעקב אלעזר/הארי טרומן","lines":"63, 81","n_lines":2}},{"type":"Feature","geometry":{"type":"Point","coordinates":[35.209765,31.814188]},"properties":{"code":1190,"name":"יעקב אלעזר/קאנטרי רמות","lines":"63, 81","n_lines":2}},{"type":"Feature","geometry":{"type":"Point","coordinates":[35.240355,31.808795]},"properties":{"code":1452,"name":"שדרות משה דיין/דרך מעלה אדומים","lines":"207, 254","n_lines":2}},{"type":"Feature","geometry":{"type":"Point","coordinates":[35.174988,31.755387]},"properties":{"code":1595,"name":"בית ספר פולינסקי/ד''ר רינגלבלום","lines":"23, 23א","n_lines":2}},{"type":"Feature","geometry":{"type":"Point","coordinates":[35.173813,31.757789]},"properties":{"code":470,"name":"רינגלבלום ב'","lines":"23, 23א","n_lines":2}},{"type":"Feature","geometry":{"type":"Point","coordinates":[35.172073,31.75889]},"properties":{"code":387,"name":"רינגלבלום א","lines":"23, 23א","n_lines":2}},{"type":"Feature","geometry":{"type":"Point","coordinates":[35.174383,31.75939]},"properties":{"code":6208,"name":"קורצ'אק/רינגלבלום","lines":"23, 23א","n_lines":2}},{"type":"Feature","geometry":{"type":"Point","coordinates":[35.175948,31.757918]},"properties":{"code":6210,"name":"ניסן/גרונולד","lines":"23, 23א","n_lines":2}},{"type":"Feature","geometry":{"type":"Point","coordinates":[35.168968,31.762506]},"properties":{"code":1070,"name":"דרך כרמית","lines":"23, 23א","n_lines":2}},{"type":"Feature","geometry":{"type":"Point","coordinates":[35.172362,31.761179]},"properties":{"code":941,"name":"צ'ילה/סירני","lines":"23, 23א","n_lines":2}},{"type":"Feature","geometry":{"type":"Point","coordinates":[35.170854,31.76027]},"properties":{"code":6095,"name":"צ'ילה/קורצ'אק","lines":"23, 23א","n_lines":2}},{"type":"Feature","geometry":{"type":"Point","coordinates":[35.173688,31.759534]},"properties":{"code":1510,"name":"קורצ'אק/רינגלבלום","lines":"23, 23א","n_lines":2}},{"type":"Feature","geometry":{"type":"Point","coordinates":[35.172047,31.759005]},"properties":{"code":399,"name":"רינגלבלום א","lines":"23, 23א","n_lines":2}},{"type":"Feature","geometry":{"type":"Point","coordinates":[35.174304,31.757345]},"properties":{"code":1596,"name":"רינגלבלום ב'","lines":"23, 23א","n_lines":2}},{"type":"Feature","geometry":{"type":"Point","coordinates":[35.174705,31.755612]},"properties":{"code":1598,"name":"בית ספר פולינסקי/ד''ר רינגלבלום","lines":"23, 23א","n_lines":2}},{"type":"Feature","geometry":{"type":"Point","coordinates":[35.24443,31.753847]},"properties":{"code":5950,"name":"מסוף נוף ציון","lines":"82, 882","n_lines":2}},{"type":"Feature","geometry":{"type":"Point","coordinates":[35.218196,31.775531]},"properties":{"code":9974,"name":"ככר צרפת/אגרון","lines":"38, 517","n_lines":2}},{"type":"Feature","geometry":{"type":"Point","coordinates":[35.221449,31.777491]},"properties":{"code":9927,"name":"ממילא/אגרון","lines":"38, 517","n_lines":2}},{"type":"Feature","geometry":{"type":"Point","coordinates":[35.22783,31.725361]},"properties":{"code":2020,"name":"הקצין יחיאל לנגר/זרח ורהפטיג","lines":"75, 505","n_lines":2}},{"type":"Feature","geometry":{"type":"Point","coordinates":[35.230442,31.722628]},"properties":{"code":6296,"name":"הקצין יחיאל לנגר/הרב מן ההר","lines":"75, 505","n_lines":2}},{"type":"Feature","geometry":{"type":"Point","coordinates":[35.227985,31.725503]},"properties":{"code":6298,"name":"הקצין יחיאל לנגר/זרח ורהפטיג","lines":"75, 505","n_lines":2}},{"type":"Feature","geometry":{"type":"Point","coordinates":[35.225188,31.759673]},"properties":{"code":3486,"name":"אלבק/כספי","lines":"78, 91","n_lines":2}},{"type":"Feature","geometry":{"type":"Point","coordinates":[35.202873,31.766771]},"properties":{"code":1111,"name":"בצלאל בזק/זלמן שניאור","lines":"42, 91","n_lines":2}},{"type":"Feature","geometry":{"type":"Point","coordinates":[35.249092,31.758877]},"properties":{"code":749,"name":"צלעה1","lines":"205, 206","n_lines":2}},{"type":"Feature","geometry":{"type":"Point","coordinates":[35.249914,31.757131]},"properties":{"code":891,"name":"מרכז רפואי אלבראא/אל צלעה","lines":"205, 206","n_lines":2}},{"type":"Feature","geometry":{"type":"Point","coordinates":[35.251821,31.752232]},"properties":{"code":5755,"name":"הכביש האמריקאי 5/חי באשיר","lines":"205, 206","n_lines":2}},{"type":"Feature","geometry":{"type":"Point","coordinates":[35.2533,31.749126]},"properties":{"code":896,"name":"צלעה/הדרך האמריקאית","lines":"205, 206","n_lines":2}},{"type":"Feature","geometry":{"type":"Point","coordinates":[35.25092,31.748188]},"properties":{"code":2900,"name":"הדרך האמריקאית/הדרך האמריקאית סמטה 12","lines":"205, 206","n_lines":2}},{"type":"Feature","geometry":{"type":"Point","coordinates":[35.24922,31.746886]},"properties":{"code":5754,"name":"קונבר/הדרך האמריקאית","lines":"205, 206","n_lines":2}},{"type":"Feature","geometry":{"type":"Point","coordinates":[35.248664,31.745487]},"properties":{"code":897,"name":"הכביש האמריקאי 7/מכה","lines":"205, 206","n_lines":2}},{"type":"Feature","geometry":{"type":"Point","coordinates":[35.249166,31.742558]},"properties":{"code":769,"name":"שייח סעד ג","lines":"205, 206","n_lines":2}},{"type":"Feature","geometry":{"type":"Point","coordinates":[35.25105,31.740403]},"properties":{"code":5786,"name":"שייח סעד   א","lines":"205, 206","n_lines":2}},{"type":"Feature","geometry":{"type":"Point","coordinates":[35.247523,31.759708]},"properties":{"code":768,"name":"ג'אבל מוקבר","lines":"205, 206","n_lines":2}},{"type":"Feature","geometry":{"type":"Point","coordinates":[35.246761,31.761926]},"properties":{"code":3052,"name":"דרך בית לחם הישנה/מעלות עיר דוד","lines":"205, 206","n_lines":2}},{"type":"Feature","geometry":{"type":"Point","coordinates":[35.247416,31.763281]},"properties":{"code":5761,"name":"וואדי קדום 9","lines":"205, 206","n_lines":2}},{"type":"Feature","geometry":{"type":"Point","coordinates":[35.247198,31.765863]},"properties":{"code":89,"name":"דרך בית לחם הישנה/ואדי קדום","lines":"205, 206","n_lines":2}},{"type":"Feature","geometry":{"type":"Point","coordinates":[35.246594,31.767265]},"properties":{"code":93,"name":"חוש סלימה 1","lines":"205, 206","n_lines":2}},{"type":"Feature","geometry":{"type":"Point","coordinates":[35.244001,31.770009]},"properties":{"code":1520,"name":"דרך בית לחם הישנה/א סאהל אל אח'דר","lines":"205, 206","n_lines":2}},{"type":"Feature","geometry":{"type":"Point","coordinates":[35.243402,31.770693]},"properties":{"code":207,"name":"3 שכונת בזבז","lines":"205, 206","n_lines":2}},{"type":"Feature","geometry":{"type":"Point","coordinates":[35.242429,31.771002]},"properties":{"code":5675,"name":"בית ספר מקיף לבנות/דרך בית לחם הישנה","lines":"205, 206","n_lines":2}},{"type":"Feature","geometry":{"type":"Point","coordinates":[35.244029,31.748568]},"properties":{"code":773,"name":"חי אלמדארס/ג'אמע אל זאוויה","lines":"205, 206","n_lines":2}},{"type":"Feature","geometry":{"type":"Point","coordinates":[35.24238,31.750029]},"properties":{"code":684,"name":"ג'אבל מוקבר 2","lines":"205, 206","n_lines":2}},{"type":"Feature","geometry":{"type":"Point","coordinates":[35.242363,31.751262]},"properties":{"code":775,"name":"בתי הספר/אבו רביע","lines":"205, 206","n_lines":2}},{"type":"Feature","geometry":{"type":"Point","coordinates":[35.242892,31.751737]},"properties":{"code":5672,"name":"נוף ציון/על''ר","lines":"205, 206","n_lines":2}},{"type":"Feature","geometry":{"type":"Point","coordinates":[35.24012,31.755268]},"properties":{"code":5746,"name":"אלפארוק/דרך ג'בל אלמוכבר","lines":"205, 206","n_lines":2}},{"type":"Feature","geometry":{"type":"Point","coordinates":[35.242656,31.756494]},"properties":{"code":748,"name":"ג'אבל מוקבר","lines":"205, 206","n_lines":2}},{"type":"Feature","geometry":{"type":"Point","coordinates":[35.243885,31.755888]},"properties":{"code":747,"name":"בית ספר צלעה/דרך ג'בל מוכבר","lines":"205, 206","n_lines":2}},{"type":"Feature","geometry":{"type":"Point","coordinates":[35.243987,31.758136]},"properties":{"code":746,"name":"בית הקברות/דרך ג'בל מוכבר","lines":"205, 206","n_lines":2}},{"type":"Feature","geometry":{"type":"Point","coordinates":[35.246636,31.760535]},"properties":{"code":751,"name":"צומת עין אל לוזה/דרך ג'בל מוכבר","lines":"205, 206","n_lines":2}},{"type":"Feature","geometry":{"type":"Point","coordinates":[35.247308,31.75942]},"properties":{"code":750,"name":"קופת חולים/ג'בל מוכבר","lines":"205, 206","n_lines":2}},{"type":"Feature","geometry":{"type":"Point","coordinates":[35.243384,31.757831]},"properties":{"code":823,"name":"בית הקברות/דרך ג'בל מוכבר","lines":"205, 206","n_lines":2}},{"type":"Feature","geometry":{"type":"Point","coordinates":[35.243486,31.755613]},"properties":{"code":5764,"name":"ג'בל מוכבר/אאל טלב","lines":"205, 206","n_lines":2}},{"type":"Feature","geometry":{"type":"Point","coordinates":[35.24295,31.756676]},"properties":{"code":822,"name":"דרך ג'בל מוכבר","lines":"205, 206","n_lines":2}},{"type":"Feature","geometry":{"type":"Point","coordinates":[35.241005,31.755429]},"properties":{"code":5745,"name":"אלפארוק/דרך ג'בל אלמוכבר","lines":"205, 206","n_lines":2}},{"type":"Feature","geometry":{"type":"Point","coordinates":[35.241685,31.753585]},"properties":{"code":809,"name":"ג'אבל מוקבר 6","lines":"205, 206","n_lines":2}},{"type":"Feature","geometry":{"type":"Point","coordinates":[35.243351,31.752578]},"properties":{"code":9839,"name":"אל נוורס/אלנאדי","lines":"205, 206","n_lines":2}},{"type":"Feature","geometry":{"type":"Point","coordinates":[35.243606,31.75207]},"properties":{"code":778,"name":"אל נוורס/אלנאדי","lines":"205, 206","n_lines":2}},{"type":"Feature","geometry":{"type":"Point","coordinates":[35.241971,31.750097]},"properties":{"code":900,"name":"ג'אבל מוקבר 3","lines":"205, 206","n_lines":2}},{"type":"Feature","geometry":{"type":"Point","coordinates":[35.244093,31.748345]},"properties":{"code":774,"name":"ג'אבל מוקבר 1","lines":"205, 206","n_lines":2}},{"type":"Feature","geometry":{"type":"Point","coordinates":[35.244648,31.747642]},"properties":{"code":899,"name":"חי אלמדארס/סרור","lines":"205, 206","n_lines":2}},{"type":"Feature","geometry":{"type":"Point","coordinates":[35.2515,31.740128]},"properties":{"code":1587,"name":"הדרך האמריקאית/אל ח'ולפאא אלראשדין","lines":"205, 206","n_lines":2}},{"type":"Feature","geometry":{"type":"Point","coordinates":[35.25068,31.740856]},"properties":{"code":770,"name":"שייח סעד ב","lines":"205, 206","n_lines":2}},{"type":"Feature","geometry":{"type":"Point","coordinates":[35.249144,31.742834]},"properties":{"code":902,"name":"שיח' סעד/הדרך האמריקאית","lines":"205, 206","n_lines":2}},{"type":"Feature","geometry":{"type":"Point","coordinates":[35.248767,31.745449]},"properties":{"code":901,"name":"הכביש האמריקאי 8","lines":"205, 206","n_lines":2}},{"type":"Feature","geometry":{"type":"Point","coordinates":[35.249646,31.747259]},"properties":{"code":772,"name":"קונבר/הדרך האמריקאית","lines":"205, 206","n_lines":2}},{"type":"Feature","geometry":{"type":"Point","coordinates":[35.25349,31.749278]},"properties":{"code":893,"name":"צלעה/הדרך האמריקאית","lines":"205, 206","n_lines":2}},{"type":"Feature","geometry":{"type":"Point","coordinates":[35.251895,31.752345]},"properties":{"code":771,"name":"מסגד אלרחמאן/אל צלעה","lines":"205, 206","n_lines":2}},{"type":"Feature","geometry":{"type":"Point","coordinates":[35.249934,31.757563]},"properties":{"code":825,"name":"מרכז רפואי אלבראא/אל צלעה","lines":"205, 206","n_lines":2}},{"type":"Feature","geometry":{"type":"Point","coordinates":[35.249117,31.75899]},"properties":{"code":826,"name":"מסגד אל צלעה","lines":"205, 206","n_lines":2}},{"type":"Feature","geometry":{"type":"Point","coordinates":[35.246817,31.761077]},"properties":{"code":799,"name":"צומת עין אל לוזה/אלצלעה","lines":"205, 206","n_lines":2}},{"type":"Feature","geometry":{"type":"Point","coordinates":[35.202722,31.719843]},"properties":{"code":60414,"name":"קבר רחל","lines":"163, 238","n_lines":2}},{"type":"Feature","geometry":{"type":"Point","coordinates":[35.237628,31.807205]},"properties":{"code":2365,"name":"מסוף הגבעה הצרפתית/בר כוכבא","lines":"77, 77א","n_lines":2}},{"type":"Feature","geometry":{"type":"Point","coordinates":[35.240427,31.806262]},"properties":{"code":3841,"name":"בי''ס דקלים/בר כוכבא","lines":"77, 77א","n_lines":2}},{"type":"Feature","geometry":{"type":"Point","coordinates":[35.225016,31.800348]},"properties":{"code":1660,"name":"פארן/מעבר המתלה","lines":"77, 77א","n_lines":2}},{"type":"Feature","geometry":{"type":"Point","coordinates":[35.225198,31.800326]},"properties":{"code":1880,"name":"פארן/מעבר המתלה","lines":"77, 77א","n_lines":2}},{"type":"Feature","geometry":{"type":"Point","coordinates":[35.226603,31.800923]},"properties":{"code":1904,"name":"מרכז מסחרי/פארן","lines":"77, 77א","n_lines":2}},{"type":"Feature","geometry":{"type":"Point","coordinates":[35.238321,31.8016]},"properties":{"code":1649,"name":"ההגנה/לוחמי הגטאות","lines":"77, 77א","n_lines":2}},{"type":"Feature","geometry":{"type":"Point","coordinates":[35.240117,31.807258]},"properties":{"code":400,"name":"בית ספר דקלים/בר כוכבא","lines":"77, 77א","n_lines":2}},{"type":"Feature","geometry":{"type":"Point","coordinates":[35.238168,31.807382]},"properties":{"code":2368,"name":"מסוף הגבעה הצרפתית/בר כוכבא","lines":"77, 77א","n_lines":2}},{"type":"Feature","geometry":{"type":"Point","coordinates":[35.227943,31.754409]},"properties":{"code":3431,"name":"העסקן/ינובסקי","lines":"78, 510","n_lines":2}},{"type":"Feature","geometry":{"type":"Point","coordinates":[35.227617,31.751842]},"properties":{"code":2521,"name":"קרית מוריה/העסקן","lines":"78, 510","n_lines":2}},{"type":"Feature","geometry":{"type":"Point","coordinates":[35.235493,31.827473]},"properties":{"code":1548,"name":"אל זהור/מוסא פלד","lines":"218, 541","n_lines":2}},{"type":"Feature","geometry":{"type":"Point","coordinates":[35.232311,31.828685]},"properties":{"code":5708,"name":"כנסיית אללקאא/אלזהור","lines":"171, 218","n_lines":2}},{"type":"Feature","geometry":{"type":"Point","coordinates":[35.232944,31.827791]},"properties":{"code":1105,"name":"אל זהור/דרך חיזמא","lines":"218, 541","n_lines":2}},{"type":"Feature","geometry":{"type":"Point","coordinates":[35.203213,31.732511]},"properties":{"code":1117,"name":"כביש 60/הרוזמרין","lines":"490, 504","n_lines":2}},{"type":"Feature","geometry":{"type":"Point","coordinates":[35.197262,31.784943]},"properties":{"code":986,"name":"שדרות הרצל/שדרות יצחק רבין","lines":"27, 42","n_lines":2}},{"type":"Feature","geometry":{"type":"Point","coordinates":[35.195376,31.783566]},"properties":{"code":1681,"name":"שדרות הרצל/וולפסון","lines":"27, 27א","n_lines":2}},{"type":"Feature","geometry":{"type":"Point","coordinates":[35.183926,31.777268]},"properties":{"code":1679,"name":"יפה נוף/מגדים","lines":"27, 27א","n_lines":2}},{"type":"Feature","geometry":{"type":"Point","coordinates":[35.181131,31.770603]},"properties":{"code":1991,"name":"קרית היובל/תחנת רקל''ה הר הרצל","lines":"27, 27א","n_lines":2}},{"type":"Feature","geometry":{"type":"Point","coordinates":[35.187544,31.728216]},"properties":{"code":2153,"name":"המרגלית/איילה","lines":"30, 71","n_lines":2}},{"type":"Feature","geometry":{"type":"Point","coordinates":[35.186271,31.729449]},"properties":{"code":2154,"name":"המרגלית/ליש","lines":"30, 71","n_lines":2}},{"type":"Feature","geometry":{"type":"Point","coordinates":[35.215625,31.858485]},"properties":{"code":5724,"name":"היצירה/עטרות","lines":"171, 541","n_lines":2}},{"type":"Feature","geometry":{"type":"Point","coordinates":[35.219988,31.856412]},"properties":{"code":9865,"name":"מפעלות/עוצמה","lines":"171, 541","n_lines":2}},{"type":"Feature","geometry":{"type":"Point","coordinates":[35.21727,31.857938]},"properties":{"code":9861,"name":"המפעלות/המעש","lines":"171, 541","n_lines":2}},{"type":"Feature","geometry":{"type":"Point","coordinates":[35.223502,31.8494]},"properties":{"code":1634,"name":"דרך ביר נבאלה","lines":"273, 541","n_lines":2}},{"type":"Feature","geometry":{"type":"Point","coordinates":[35.217274,31.857709]},"properties":{"code":9860,"name":"המפעלות/המעש","lines":"171, 541","n_lines":2}},{"type":"Feature","geometry":{"type":"Point","coordinates":[35.21934,31.856753]},"properties":{"code":9866,"name":"מפעלות/עוצמה","lines":"171, 541","n_lines":2}},{"type":"Feature","geometry":{"type":"Point","coordinates":[35.221483,31.855793]},"properties":{"code":5726,"name":"היצירה","lines":"171, 541","n_lines":2}},{"type":"Feature","geometry":{"type":"Point","coordinates":[35.218725,31.858848]},"properties":{"code":5727,"name":"עטרות ירושלים","lines":"171, 541","n_lines":2}},{"type":"Feature","geometry":{"type":"Point","coordinates":[35.212795,31.809929]},"properties":{"code":1168,"name":"הרב שך/שלמה זלמן דרוק","lines":"85, 567","n_lines":2}},{"type":"Feature","geometry":{"type":"Point","coordinates":[35.213204,31.809702]},"properties":{"code":1167,"name":"הרב שך/שלמה זלמן דרוק","lines":"85, 567","n_lines":2}},{"type":"Feature","geometry":{"type":"Point","coordinates":[35.21333,31.813249]},"properties":{"code":1169,"name":"הרב שך א","lines":"85, 567","n_lines":2}},{"type":"Feature","geometry":{"type":"Point","coordinates":[35.213256,31.813926]},"properties":{"code":1170,"name":"הרב שך א","lines":"85, 567","n_lines":2}},{"type":"Feature","geometry":{"type":"Point","coordinates":[35.219108,31.754365]},"properties":{"code":1199,"name":"רבקה/דרך חברון","lines":"49, 97","n_lines":2}},{"type":"Feature","geometry":{"type":"Point","coordinates":[35.217309,31.754497]},"properties":{"code":1392,"name":"יד חרוצים/רבקה","lines":"49, 97","n_lines":2}},{"type":"Feature","geometry":{"type":"Point","coordinates":[35.227907,31.828279]},"properties":{"code":5710,"name":"דרך בית חנינא/דרך חיזמה","lines":"273, 274","n_lines":2}},{"type":"Feature","geometry":{"type":"Point","coordinates":[35.226835,31.826304]},"properties":{"code":5706,"name":"בית ספר נזאמיה/דרך בית חנינא","lines":"273, 274","n_lines":2}},{"type":"Feature","geometry":{"type":"Point","coordinates":[35.227256,31.823805]},"properties":{"code":5704,"name":"בית חולים דג'אני/דרך בית חנינא","lines":"273, 274","n_lines":2}},{"type":"Feature","geometry":{"type":"Point","coordinates":[35.22762,31.822728]},"properties":{"code":1533,"name":"דרך בית חנינא/אל עטאא","lines":"273, 274","n_lines":2}},{"type":"Feature","geometry":{"type":"Point","coordinates":[35.228043,31.821434]},"properties":{"code":5797,"name":"דרך בית חנינא/אל סלאח","lines":"273, 274","n_lines":2}},{"type":"Feature","geometry":{"type":"Point","coordinates":[35.228422,31.820639]},"properties":{"code":5774,"name":"ת. רק''ל בית חנינא","lines":"273, 274","n_lines":2}},{"type":"Feature","geometry":{"type":"Point","coordinates":[35.228244,31.821525]},"properties":{"code":5798,"name":"דרך בית חנינא/אל סלאח","lines":"273, 274","n_lines":2}},{"type":"Feature","geometry":{"type":"Point","coordinates":[35.227141,31.824974]},"properties":{"code":5707,"name":"דרך בית חנינא/אל חיאא","lines":"273, 274","n_lines":2}},{"type":"Feature","geometry":{"type":"Point","coordinates":[35.227044,31.826381]},"properties":{"code":5711,"name":"בית ספר נזאמיה/דרך בית חנינא","lines":"273, 274","n_lines":2}},{"type":"Feature","geometry":{"type":"Point","coordinates":[35.228016,31.828051]},"properties":{"code":380,"name":"דרך בית חנינא/דרך חיזמה","lines":"273, 274","n_lines":2}},{"type":"Feature","geometry":{"type":"Point","coordinates":[35.21609,31.856611]},"properties":{"code":5723,"name":"עטרות/מפעלות","lines":"171, 273","n_lines":2}},{"type":"Feature","geometry":{"type":"Point","coordinates":[35.229231,31.819609]},"properties":{"code":1895,"name":"תחנת רכבת קלה בית חנינא","lines":"171, 273","n_lines":2}},{"type":"Feature","geometry":{"type":"Point","coordinates":[35.209611,31.775526]},"properties":{"code":1213,"name":"רופין/שדרות חיים הזז","lines":"9, 97","n_lines":2}},{"type":"Feature","geometry":{"type":"Point","coordinates":[35.21009,31.773996]},"properties":{"code":1787,"name":"סעדיה גאון","lines":"9, 97","n_lines":2}},{"type":"Feature","geometry":{"type":"Point","coordinates":[35.211309,31.77149]},"properties":{"code":1060,"name":"מטודלה","lines":"9, 97","n_lines":2}},{"type":"Feature","geometry":{"type":"Point","coordinates":[35.225193,31.80728]},"properties":{"code":1603,"name":"הרב רפאל ברוך טולדנו/חזון אי''ש","lines":"57, 567","n_lines":2}},{"type":"Feature","geometry":{"type":"Point","coordinates":[35.22324,31.807157]},"properties":{"code":2056,"name":"הרב רפאל ברוך טולדנו","lines":"57, 567","n_lines":2}},{"type":"Feature","geometry":{"type":"Point","coordinates":[35.219812,31.80715]},"properties":{"code":1161,"name":"הרב רפאל ברוך טולדנו א","lines":"57, 567","n_lines":2}},{"type":"Feature","geometry":{"type":"Point","coordinates":[35.215728,31.808431]},"properties":{"code":1163,"name":"הרב רפאל ברוך טולדנו/רבי שלמה זלמן דרוק","lines":"57, 567","n_lines":2}},{"type":"Feature","geometry":{"type":"Point","coordinates":[35.186944,31.794831]},"properties":{"code":2198,"name":"בי''ח הרצוג/גבעת שאול","lines":"118, 626","n_lines":2}},{"type":"Feature","geometry":{"type":"Point","coordinates":[35.222483,31.829666]},"properties":{"code":1100,"name":"עבד אלחמיד שומאן/ אל איאם","lines":"299, 541","n_lines":2}},{"type":"Feature","geometry":{"type":"Point","coordinates":[35.17734,31.745642]},"properties":{"code":2901,"name":"גן החיות התנ''כי","lines":"33, 26א","n_lines":2}},{"type":"Feature","geometry":{"type":"Point","coordinates":[35.247605,31.819509]},"properties":{"code":3234,"name":"מאיר גרשון/דב סדן","lines":"47, 53","n_lines":2}},{"type":"Feature","geometry":{"type":"Point","coordinates":[35.197405,31.766487]},"properties":{"code":3618,"name":"גרשון שקד/בצלאל בזק","lines":"42, 42א","n_lines":2}},{"type":"Feature","geometry":{"type":"Point","coordinates":[35.212632,31.800279]},"properties":{"code":661,"name":"מסוף הר חוצבים/המרפא","lines":"450, 451","n_lines":2}},{"type":"Feature","geometry":{"type":"Point","coordinates":[35.177038,31.745478]},"properties":{"code":6272,"name":"גן החיות התנ''כי","lines":"33, 26א","n_lines":2}},{"type":"Feature","geometry":{"type":"Point","coordinates":[35.182625,31.795916]},"properties":{"code":4153,"name":"הר תמיר/גבעת שאול","lines":"54","n_lines":1}},{"type":"Feature","geometry":{"type":"Point","coordinates":[35.180137,31.797163]},"properties":{"code":6023,"name":"הר המנוחות/גבעת שאול","lines":"54","n_lines":1}},{"type":"Feature","geometry":{"type":"Point","coordinates":[35.182891,31.795905]},"properties":{"code":2758,"name":"הר תמיר/גבעת שאול","lines":"54","n_lines":1}},{"type":"Feature","geometry":{"type":"Point","coordinates":[35.186983,31.762694]},"properties":{"code":6225,"name":"קאסוטו","lines":"39","n_lines":1}},{"type":"Feature","geometry":{"type":"Point","coordinates":[35.207121,31.796338]},"properties":{"code":2837,"name":"דובר שלום/אהל יהושע","lines":"9","n_lines":1}},{"type":"Feature","geometry":{"type":"Point","coordinates":[35.206688,31.7975]},"properties":{"code":9938,"name":"דברי חיים/תורת חסד","lines":"9","n_lines":1}},{"type":"Feature","geometry":{"type":"Point","coordinates":[35.208672,31.79757]},"properties":{"code":2839,"name":"דברי חיים/תורת חסד","lines":"9","n_lines":1}},{"type":"Feature","geometry":{"type":"Point","coordinates":[35.208426,31.796043]},"properties":{"code":4137,"name":"אוהל יהושע/קדושת אהרון","lines":"9","n_lines":1}},{"type":"Feature","geometry":{"type":"Point","coordinates":[35.214611,31.796083]},"properties":{"code":3819,"name":"עלי הכהן/גרוסברג","lines":"9","n_lines":1}},{"type":"Feature","geometry":{"type":"Point","coordinates":[35.219644,31.799319]},"properties":{"code":2005,"name":"שאול המלך","lines":"16","n_lines":1}},{"type":"Feature","geometry":{"type":"Point","coordinates":[35.219482,31.796715]},"properties":{"code":1825,"name":"שאול המלך","lines":"16","n_lines":1}},{"type":"Feature","geometry":{"type":"Point","coordinates":[35.213266,31.794245]},"properties":{"code":1333,"name":"חנה","lines":"16","n_lines":1}},{"type":"Feature","geometry":{"type":"Point","coordinates":[35.204412,31.781971]},"properties":{"code":5918,"name":"חניון הלאום/שדרות יצחק רבין","lines":"7","n_lines":1}},{"type":"Feature","geometry":{"type":"Point","coordinates":[35.209486,31.782499]},"properties":{"code":9919,"name":"בצלאל/כורזין","lines":"7","n_lines":1}},{"type":"Feature","geometry":{"type":"Point","coordinates":[35.223358,31.75257]},"properties":{"code":3085,"name":"עין גדי/ביתר","lines":"7","n_lines":1}},{"type":"Feature","geometry":{"type":"Point","coordinates":[35.205268,31.78246]},"properties":{"code":6010,"name":"חניון הלאום/שדרות יצחק רבין","lines":"7","n_lines":1}},{"type":"Feature","geometry":{"type":"Point","coordinates":[35.191479,31.774255]},"properties":{"code":9991,"name":"עמירם סיוון/ניסן הרפז","lines":"50","n_lines":1}},{"type":"Feature","geometry":{"type":"Point","coordinates":[35.19355,31.77311]},"properties":{"code":6307,"name":"עמירם סיוון/יעקב שריבוים","lines":"50","n_lines":1}},{"type":"Feature","geometry":{"type":"Point","coordinates":[35.190869,31.77288]},"properties":{"code":6092,"name":"יוחאי בן נון","lines":"50","n_lines":1}},{"type":"Feature","geometry":{"type":"Point","coordinates":[35.190595,31.776628]},"properties":{"code":9900,"name":"החלוץ/המייסדים","lines":"50","n_lines":1}},{"type":"Feature","geometry":{"type":"Point","coordinates":[35.187713,31.778141]},"properties":{"code":2025,"name":"המייסדים","lines":"50","n_lines":1}},{"type":"Feature","geometry":{"type":"Point","coordinates":[35.194325,31.786182]},"properties":{"code":991,"name":"קרית משה/שד' המאירי","lines":"50","n_lines":1}},{"type":"Feature","geometry":{"type":"Point","coordinates":[35.197227,31.785735]},"properties":{"code":989,"name":"קרית משה/שדרות הרצל","lines":"50","n_lines":1}},{"type":"Feature","geometry":{"type":"Point","coordinates":[35.196995,31.785802]},"properties":{"code":988,"name":"קרית משה/שדרות הרצל","lines":"50","n_lines":1}},{"type":"Feature","geometry":{"type":"Point","coordinates":[35.194187,31.786311]},"properties":{"code":990,"name":"קרית משה/שד' המאירי","lines":"50","n_lines":1}},{"type":"Feature","geometry":{"type":"Point","coordinates":[35.191851,31.78309]},"properties":{"code":6244,"name":"תחנת רקל''ה החלוץ/פרבשטיין","lines":"50","n_lines":1}},{"type":"Feature","geometry":{"type":"Point","coordinates":[35.192657,31.781264]},"properties":{"code":1733,"name":"החלוץ/רבי בנימין","lines":"50","n_lines":1}},{"type":"Feature","geometry":{"type":"Point","coordinates":[35.190224,31.779467]},"properties":{"code":1734,"name":"החלוץ","lines":"50","n_lines":1}},{"type":"Feature","geometry":{"type":"Point","coordinates":[35.190824,31.777446]},"properties":{"code":2023,"name":"החלוץ/המייסדים","lines":"50","n_lines":1}},{"type":"Feature","geometry":{"type":"Point","coordinates":[35.189433,31.776013]},"properties":{"code":3519,"name":"החלוץ/גפני","lines":"50","n_lines":1}},{"type":"Feature","geometry":{"type":"Point","coordinates":[35.187799,31.778028]},"properties":{"code":9901,"name":"המייסדים","lines":"50","n_lines":1}},{"type":"Feature","geometry":{"type":"Point","coordinates":[35.189476,31.774801]},"properties":{"code":9978,"name":"גבעת בית הכרם","lines":"50","n_lines":1}},{"type":"Feature","geometry":{"type":"Point","coordinates":[35.190099,31.772823]},"properties":{"code":3369,"name":"יוחאי בן נון","lines":"50","n_lines":1}},{"type":"Feature","geometry":{"type":"Point","coordinates":[35.193651,31.773139]},"properties":{"code":386,"name":"עמירם סיוון/יעקוב שריבוים","lines":"50","n_lines":1}},{"type":"Feature","geometry":{"type":"Point","coordinates":[35.191867,31.774247]},"properties":{"code":9898,"name":"עמירם סיוון/ניסן הרפז","lines":"50","n_lines":1}},{"type":"Feature","geometry":{"type":"Point","coordinates":[35.189469,31.774895]},"properties":{"code":9899,"name":"גבעת בית הכרם","lines":"50","n_lines":1}},{"type":"Feature","geometry":{"type":"Point","coordinates":[35.223665,31.723831]},"properties":{"code":3476,"name":"ליכטנשטיין","lines":"5","n_lines":1}},{"type":"Feature","geometry":{"type":"Point","coordinates":[35.223148,31.724838]},"properties":{"code":3827,"name":"אביגור/ליפצין","lines":"5","n_lines":1}},{"type":"Feature","geometry":{"type":"Point","coordinates":[35.221007,31.724106]},"properties":{"code":5880,"name":"אביגור","lines":"5","n_lines":1}},{"type":"Feature","geometry":{"type":"Point","coordinates":[35.222672,31.725326]},"properties":{"code":1124,"name":"יהודה לאו פיקרד/הממציא","lines":"5","n_lines":1}},{"type":"Feature","geometry":{"type":"Point","coordinates":[35.190413,31.761515]},"properties":{"code":2748,"name":"נזר דוד/מרץ","lines":"21","n_lines":1}},{"type":"Feature","geometry":{"type":"Point","coordinates":[35.189368,31.763176]},"properties":{"code":1788,"name":"עוזיאל/מתנדבים","lines":"21","n_lines":1}},{"type":"Feature","geometry":{"type":"Point","coordinates":[35.187899,31.765739]},"properties":{"code":976,"name":"עוזיאל/מיכלין","lines":"21","n_lines":1}},{"type":"Feature","geometry":{"type":"Point","coordinates":[35.18611,31.767767]},"properties":{"code":1790,"name":"מלון שלום/עוזיאל","lines":"21","n_lines":1}},{"type":"Feature","geometry":{"type":"Point","coordinates":[35.185275,31.769475]},"properties":{"code":977,"name":"עוזיאל/מבוא אורי","lines":"21","n_lines":1}},{"type":"Feature","geometry":{"type":"Point","coordinates":[35.18468,31.771052]},"properties":{"code":9993,"name":"עוזיאל/מבוא פרנקל","lines":"21","n_lines":1}},{"type":"Feature","geometry":{"type":"Point","coordinates":[35.186039,31.758369]},"properties":{"code":2592,"name":"פרץ ברנשטיין/משה שרת","lines":"21","n_lines":1}},{"type":"Feature","geometry":{"type":"Point","coordinates":[35.187316,31.759188]},"properties":{"code":2783,"name":"פרץ ברנשטיין","lines":"21","n_lines":1}},{"type":"Feature","geometry":{"type":"Point","coordinates":[35.189178,31.759121]},"properties":{"code":1518,"name":"פרץ ברנשטיין/נזר דוד","lines":"21","n_lines":1}},{"type":"Feature","geometry":{"type":"Point","coordinates":[35.189785,31.758756]},"properties":{"code":9871,"name":"הולילנד/אבי יונה","lines":"21","n_lines":1}},{"type":"Feature","geometry":{"type":"Point","coordinates":[35.191845,31.76238]},"properties":{"code":2747,"name":"מכללה לבנות ירושלים/דובדבני","lines":"21","n_lines":1}},{"type":"Feature","geometry":{"type":"Point","coordinates":[35.182978,31.772653]},"properties":{"code":1791,"name":"בית וגן/שד' הרצל","lines":"21","n_lines":1}},{"type":"Feature","geometry":{"type":"Point","coordinates":[35.184624,31.770776]},"properties":{"code":999,"name":"עוזיאל/מבוא פרנקל","lines":"21","n_lines":1}},{"type":"Feature","geometry":{"type":"Point","coordinates":[35.186009,31.768313]},"properties":{"code":2814,"name":"עוזיאל","lines":"21","n_lines":1}},{"type":"Feature","geometry":{"type":"Point","coordinates":[35.185619,31.767106]},"properties":{"code":5927,"name":"מלון שלום/עוזיאל","lines":"21","n_lines":1}},{"type":"Feature","geometry":{"type":"Point","coordinates":[35.187829,31.76567]},"properties":{"code":1001,"name":"עוזיאל/מיכלין","lines":"21","n_lines":1}},{"type":"Feature","geometry":{"type":"Point","coordinates":[35.189397,31.762901]},"properties":{"code":2751,"name":"עוזיאל/מתנדבים","lines":"21","n_lines":1}},{"type":"Feature","geometry":{"type":"Point","coordinates":[35.190371,31.761147]},"properties":{"code":2750,"name":"נזר דוד/מרץ","lines":"21","n_lines":1}},{"type":"Feature","geometry":{"type":"Point","coordinates":[35.191557,31.762267]},"properties":{"code":6273,"name":"מכללה לבנות ירושלים/דובדבני","lines":"21","n_lines":1}},{"type":"Feature","geometry":{"type":"Point","coordinates":[35.189336,31.759186]},"properties":{"code":1514,"name":"פרץ ברנשטיין/נזר דוד","lines":"21","n_lines":1}},{"type":"Feature","geometry":{"type":"Point","coordinates":[35.187113,31.759234]},"properties":{"code":9992,"name":"פרץ ברנשטיין","lines":"21","n_lines":1}},{"type":"Feature","geometry":{"type":"Point","coordinates":[35.18568,31.75842]},"properties":{"code":2593,"name":"פרץ ברנשטיין/משה שרת","lines":"21","n_lines":1}},{"type":"Feature","geometry":{"type":"Point","coordinates":[35.182241,31.763403]},"properties":{"code":1504,"name":"רחמים נאהורי/השופט בנימין","lines":"21","n_lines":1}},{"type":"Feature","geometry":{"type":"Point","coordinates":[35.184541,31.749609]},"properties":{"code":118,"name":"תחנת רקל''ה גן טכנולוגי מלחה/אברהם כחילה","lines":"35","n_lines":1}},{"type":"Feature","geometry":{"type":"Point","coordinates":[35.204398,31.763627]},"properties":{"code":2061,"name":"שדרות ש''י עגנון/הפלמ''ח","lines":"15","n_lines":1}},{"type":"Feature","geometry":{"type":"Point","coordinates":[35.204164,31.763182]},"properties":{"code":2062,"name":"שדרות ש''י עגנון/הפלמ''ח","lines":"15","n_lines":1}},{"type":"Feature","geometry":{"type":"Point","coordinates":[35.172282,31.763694]},"properties":{"code":1477,"name":"ברזיל/אולסוונגר","lines":"29","n_lines":1}},{"type":"Feature","geometry":{"type":"Point","coordinates":[35.172992,31.765784]},"properties":{"code":1478,"name":"ברזיל","lines":"29","n_lines":1}},{"type":"Feature","geometry":{"type":"Point","coordinates":[35.172009,31.76793]},"properties":{"code":1479,"name":"ברזיל/שמריהו לוין","lines":"29","n_lines":1}},{"type":"Feature","geometry":{"type":"Point","coordinates":[35.173,31.766256]},"properties":{"code":1491,"name":"ברזיל","lines":"29","n_lines":1}},{"type":"Feature","geometry":{"type":"Point","coordinates":[35.172167,31.763683]},"properties":{"code":1480,"name":"ברזיל/אולסוונגר","lines":"29","n_lines":1}},{"type":"Feature","geometry":{"type":"Point","coordinates":[35.251195,31.816031]},"properties":{"code":2964,"name":"יוסף נדבה א","lines":"66","n_lines":1}},{"type":"Feature","geometry":{"type":"Point","coordinates":[35.241345,31.81763]},"properties":{"code":5902,"name":"אלי תבין א'","lines":"47","n_lines":1}},{"type":"Feature","geometry":{"type":"Point","coordinates":[35.242328,31.817569]},"properties":{"code":5903,"name":"אלי תבין ב'","lines":"47","n_lines":1}},{"type":"Feature","geometry":{"type":"Point","coordinates":[35.242419,31.815793]},"properties":{"code":6247,"name":"אלי תבין ג","lines":"47","n_lines":1}},{"type":"Feature","geometry":{"type":"Point","coordinates":[35.241574,31.817726]},"properties":{"code":5904,"name":"אלי תבין א'","lines":"47","n_lines":1}},{"type":"Feature","geometry":{"type":"Point","coordinates":[35.243021,31.821661]},"properties":{"code":6274,"name":"חיים תורן","lines":"47","n_lines":1}},{"type":"Feature","geometry":{"type":"Point","coordinates":[35.182068,31.756534]},"properties":{"code":1123,"name":"היכל הספורט גולדברג/קוליץ","lines":"10","n_lines":1}},{"type":"Feature","geometry":{"type":"Point","coordinates":[35.218594,31.771063]},"properties":{"code":1071,"name":"ז'בוטינסקי/אחד העם","lines":"18","n_lines":1}},{"type":"Feature","geometry":{"type":"Point","coordinates":[35.213202,31.768983]},"properties":{"code":1914,"name":"מוזיאון האיסלם/הנשיא","lines":"18","n_lines":1}},{"type":"Feature","geometry":{"type":"Point","coordinates":[35.202603,31.752015]},"properties":{"code":9909,"name":"קנאי הגליל/בן יאיר","lines":"18","n_lines":1}},{"type":"Feature","geometry":{"type":"Point","coordinates":[35.201331,31.752974]},"properties":{"code":1736,"name":"קנאי הגליל","lines":"18","n_lines":1}},{"type":"Feature","geometry":{"type":"Point","coordinates":[35.200201,31.75516]},"properties":{"code":1737,"name":"קנאי הגליל/יהודה הנשיא","lines":"18","n_lines":1}},{"type":"Feature","geometry":{"type":"Point","coordinates":[35.199963,31.755598]},"properties":{"code":959,"name":"קנאי הגליל/יהודה הנשיא","lines":"18","n_lines":1}},{"type":"Feature","geometry":{"type":"Point","coordinates":[35.2008,31.753526]},"properties":{"code":2598,"name":"קנאי הגליל","lines":"18","n_lines":1}},{"type":"Feature","geometry":{"type":"Point","coordinates":[35.202604,31.751915]},"properties":{"code":960,"name":"קנאי הגליל/בן יאיר","lines":"18","n_lines":1}},{"type":"Feature","geometry":{"type":"Point","coordinates":[35.213463,31.769684]},"properties":{"code":1055,"name":"מוזיאון האיסלם/הנשיא","lines":"18","n_lines":1}},{"type":"Feature","geometry":{"type":"Point","coordinates":[35.214928,31.770592]},"properties":{"code":1694,"name":"בית הנשיא/ז'בוטינסקי","lines":"18","n_lines":1}},{"type":"Feature","geometry":{"type":"Point","coordinates":[35.218201,31.770986]},"properties":{"code":5971,"name":"ז'בוטינסקי/אחד העם","lines":"18","n_lines":1}},{"type":"Feature","geometry":{"type":"Point","coordinates":[35.220542,31.770911]},"properties":{"code":1065,"name":"ז'בוטינסקי/שלום עליכם","lines":"18","n_lines":1}},{"type":"Feature","geometry":{"type":"Point","coordinates":[35.201965,31.749373]},"properties":{"code":9907,"name":"מדרשת נשמת/ברל לוקר","lines":"22","n_lines":1}},{"type":"Feature","geometry":{"type":"Point","coordinates":[35.200837,31.751127]},"properties":{"code":9908,"name":"ברל לוקר/ארסט","lines":"22","n_lines":1}},{"type":"Feature","geometry":{"type":"Point","coordinates":[35.203104,31.755095]},"properties":{"code":5895,"name":"בי''ס דנמרק/יהודה הנשיא","lines":"22","n_lines":1}},{"type":"Feature","geometry":{"type":"Point","coordinates":[35.2031,31.761807]},"properties":{"code":2753,"name":"קצנלסון/ש''י עגנון","lines":"22","n_lines":1}},{"type":"Feature","geometry":{"type":"Point","coordinates":[35.202961,31.763694]},"properties":{"code":4044,"name":"טשרניחובסקי/קצנלסון","lines":"22","n_lines":1}},{"type":"Feature","geometry":{"type":"Point","coordinates":[35.204992,31.764568]},"properties":{"code":1630,"name":"טשרניחובסקי א'","lines":"22","n_lines":1}},{"type":"Feature","geometry":{"type":"Point","coordinates":[35.231509,31.837425]},"properties":{"code":61,"name":"שדרות נווה יעקב/משה סנה","lines":"22","n_lines":1}},{"type":"Feature","geometry":{"type":"Point","coordinates":[35.204142,31.764469]},"properties":{"code":1676,"name":"טשרניחובסקי א'","lines":"22","n_lines":1}},{"type":"Feature","geometry":{"type":"Point","coordinates":[35.202854,31.763725]},"properties":{"code":2589,"name":"טשרניחובסקי/קצנלסון","lines":"22","n_lines":1}},{"type":"Feature","geometry":{"type":"Point","coordinates":[35.200906,31.750799]},"properties":{"code":1639,"name":"ברל לוקר/ארסט","lines":"22","n_lines":1}},{"type":"Feature","geometry":{"type":"Point","coordinates":[35.202733,31.749484]},"properties":{"code":1651,"name":"מדרשת נשמת/ברל לוקר","lines":"22","n_lines":1}},{"type":"Feature","geometry":{"type":"Point","coordinates":[35.258036,31.823042]},"properties":{"code":1329,"name":"זלמן צורף/יובל נאמן","lines":"44","n_lines":1}},{"type":"Feature","geometry":{"type":"Point","coordinates":[35.257225,31.822535]},"properties":{"code":6275,"name":"מחנה יצחק/זלמן צורף","lines":"44","n_lines":1}},{"type":"Feature","geometry":{"type":"Point","coordinates":[35.259713,31.820488]},"properties":{"code":6277,"name":"מחנה יצחק/הרב שלום משאש","lines":"44","n_lines":1}},{"type":"Feature","geometry":{"type":"Point","coordinates":[35.257025,31.81897]},"properties":{"code":6279,"name":"הרב שלום משאש/שאול ליברמן","lines":"44","n_lines":1}},{"type":"Feature","geometry":{"type":"Point","coordinates":[35.254688,31.817744]},"properties":{"code":6281,"name":"יורי שטרן/משה שמיר","lines":"44","n_lines":1}},{"type":"Feature","geometry":{"type":"Point","coordinates":[35.247466,31.832539]},"properties":{"code":6295,"name":"יעקב יהושע","lines":"44","n_lines":1}},{"type":"Feature","geometry":{"type":"Point","coordinates":[35.248172,31.833182]},"properties":{"code":6294,"name":"מישאל מזרחי/אורי בן אורי","lines":"44","n_lines":1}},{"type":"Feature","geometry":{"type":"Point","coordinates":[35.253156,31.818133]},"properties":{"code":6282,"name":"יורי שטרן/איתן לבני","lines":"44","n_lines":1}},{"type":"Feature","geometry":{"type":"Point","coordinates":[35.25527,31.818104]},"properties":{"code":6280,"name":"הרב שלום משאש/משה שמיר","lines":"44","n_lines":1}},{"type":"Feature","geometry":{"type":"Point","coordinates":[35.259754,31.819844]},"properties":{"code":6278,"name":"הרב שלום משאש/מחנה יצחק","lines":"44","n_lines":1}},{"type":"Feature","geometry":{"type":"Point","coordinates":[35.257463,31.822474]},"properties":{"code":6276,"name":"מחנה יצחק/זלמן צורף","lines":"44","n_lines":1}},{"type":"Feature","geometry":{"type":"Point","coordinates":[35.23138,31.73651]},"properties":{"code":53,"name":"סור באהר 1","lines":"213","n_lines":1}},{"type":"Feature","geometry":{"type":"Point","coordinates":[35.254923,31.783711]},"properties":{"code":853,"name":"צומת שיח' ענבר/אל סהל אל ג'דיד","lines":"255","n_lines":1}},{"type":"Feature","geometry":{"type":"Point","coordinates":[35.251516,31.783513]},"properties":{"code":852,"name":"קופת חולים כללית/אלסהל אלג'דיד","lines":"255","n_lines":1}},{"type":"Feature","geometry":{"type":"Point","coordinates":[35.249849,31.782949]},"properties":{"code":850,"name":"טיפת חלב/אלסהל אלג'דיד","lines":"255","n_lines":1}},{"type":"Feature","geometry":{"type":"Point","coordinates":[35.250776,31.78077]},"properties":{"code":849,"name":"אל סהל אל ג'דיד/אל חרדוב","lines":"255","n_lines":1}},{"type":"Feature","geometry":{"type":"Point","coordinates":[35.24996,31.779418]},"properties":{"code":739,"name":"בית פאגי","lines":"255","n_lines":1}},{"type":"Feature","geometry":{"type":"Point","coordinates":[35.250066,31.777656]},"properties":{"code":837,"name":"אל שיאח/בית פאגי","lines":"255","n_lines":1}},{"type":"Feature","geometry":{"type":"Point","coordinates":[35.246936,31.777839]},"properties":{"code":835,"name":"אל שיאח' א'","lines":"255","n_lines":1}},{"type":"Feature","geometry":{"type":"Point","coordinates":[35.24464,31.778409]},"properties":{"code":740,"name":"כנסיית העלייה/ראבע אל עדוויה","lines":"255","n_lines":1}},{"type":"Feature","geometry":{"type":"Point","coordinates":[35.23719,31.793506]},"properties":{"code":430,"name":"בני אומיה/צומת משרד הפנים","lines":"287","n_lines":1}},{"type":"Feature","geometry":{"type":"Point","coordinates":[35.238545,31.792162]},"properties":{"code":422,"name":"בני אומיה","lines":"287","n_lines":1}},{"type":"Feature","geometry":{"type":"Point","coordinates":[35.238098,31.79007]},"properties":{"code":425,"name":"אל מוקדסי/אל מותנבי","lines":"287","n_lines":1}},{"type":"Feature","geometry":{"type":"Point","coordinates":[35.237618,31.789288]},"properties":{"code":5800,"name":"גאמע עאבדין","lines":"287","n_lines":1}},{"type":"Feature","geometry":{"type":"Point","coordinates":[35.237339,31.788473]},"properties":{"code":426,"name":"704","lines":"287","n_lines":1}},{"type":"Feature","geometry":{"type":"Point","coordinates":[35.247946,31.785398]},"properties":{"code":742,"name":"צומת א טור/ראבעה אל עדוויה","lines":"275","n_lines":1}},{"type":"Feature","geometry":{"type":"Point","coordinates":[35.248535,31.787253]},"properties":{"code":869,"name":"בי''ח אוגווסטה ויקטוריה/הורדה","lines":"275","n_lines":1}},{"type":"Feature","geometry":{"type":"Point","coordinates":[35.248316,31.786857]},"properties":{"code":743,"name":"בית חולים אוגוסטה ויקטוריה/מרטין בובר","lines":"275","n_lines":1}},{"type":"Feature","geometry":{"type":"Point","coordinates":[35.247314,31.783962]},"properties":{"code":741,"name":"קופת חולים/ראבעה אל עדוויה","lines":"275","n_lines":1}},{"type":"Feature","geometry":{"type":"Point","coordinates":[35.246269,31.780956]},"properties":{"code":832,"name":"בי''ח מוקסד/רבעה אל עדוויה","lines":"275","n_lines":1}},{"type":"Feature","geometry":{"type":"Point","coordinates":[35.246042,31.780277]},"properties":{"code":5735,"name":"בית חולים מקאסד כניסה ראשית/ראבעה אל עדוויה","lines":"275","n_lines":1}},{"type":"Feature","geometry":{"type":"Point","coordinates":[35.244578,31.779097]},"properties":{"code":831,"name":"כנסיית העלייה/ראבע אל עדוויה","lines":"275","n_lines":1}},{"type":"Feature","geometry":{"type":"Point","coordinates":[35.211598,31.7404]},"properties":{"code":2846,"name":"גבעת המטוס/דרך חברון","lines":"232","n_lines":1}},{"type":"Feature","geometry":{"type":"Point","coordinates":[35.210938,31.740583]},"properties":{"code":2847,"name":"גב.המטוס","lines":"232","n_lines":1}},{"type":"Feature","geometry":{"type":"Point","coordinates":[35.207152,31.742129]},"properties":{"code":1515,"name":"טבאליה/אל בראעם","lines":"232","n_lines":1}},{"type":"Feature","geometry":{"type":"Point","coordinates":[35.206669,31.741889]},"properties":{"code":5818,"name":"חלופת בית לחם","lines":"232","n_lines":1}},{"type":"Feature","geometry":{"type":"Point","coordinates":[35.205473,31.740861]},"properties":{"code":5740,"name":"בית ספר יסודי בית צפאפא/אל בראעם","lines":"232","n_lines":1}},{"type":"Feature","geometry":{"type":"Point","coordinates":[35.20505,31.741959]},"properties":{"code":646,"name":"אלג'מעיה/אל טפטאף","lines":"232","n_lines":1}},{"type":"Feature","geometry":{"type":"Point","coordinates":[35.205305,31.744041]},"properties":{"code":504,"name":"בית ספר תיכון בית צפאפא/אלנהדה","lines":"232","n_lines":1}},{"type":"Feature","geometry":{"type":"Point","coordinates":[35.202099,31.745381]},"properties":{"code":1534,"name":"נהדה/מעקף איחוד הכפר","lines":"232","n_lines":1}},{"type":"Feature","geometry":{"type":"Point","coordinates":[35.202103,31.746385]},"properties":{"code":506,"name":"מעקף איחוד הכפר","lines":"232","n_lines":1}},{"type":"Feature","geometry":{"type":"Point","coordinates":[35.199366,31.747174]},"properties":{"code":501,"name":"אל תווחיד/אל בטמה","lines":"232","n_lines":1}},{"type":"Feature","geometry":{"type":"Point","coordinates":[35.197707,31.748027]},"properties":{"code":1132,"name":"אל טהארה/אל תווחיד","lines":"232","n_lines":1}},{"type":"Feature","geometry":{"type":"Point","coordinates":[35.194044,31.744499]},"properties":{"code":496,"name":"אל טואל/שראפאת","lines":"232","n_lines":1}},{"type":"Feature","geometry":{"type":"Point","coordinates":[35.196285,31.74317]},"properties":{"code":1130,"name":"אל טואל/אל מזאר","lines":"232","n_lines":1}},{"type":"Feature","geometry":{"type":"Point","coordinates":[35.194722,31.742305]},"properties":{"code":1128,"name":"אל טואל/כביש 2","lines":"232","n_lines":1}},{"type":"Feature","geometry":{"type":"Point","coordinates":[35.192101,31.742069]},"properties":{"code":1127,"name":"אל טואל/שרפאת","lines":"232","n_lines":1}},{"type":"Feature","geometry":{"type":"Point","coordinates":[35.192278,31.742072]},"properties":{"code":1126,"name":"אל טואל/שרפאת","lines":"232","n_lines":1}},{"type":"Feature","geometry":{"type":"Point","coordinates":[35.195672,31.742171]},"properties":{"code":1129,"name":"אל טואל/כביש 2","lines":"232","n_lines":1}},{"type":"Feature","geometry":{"type":"Point","coordinates":[35.195962,31.74346]},"properties":{"code":1131,"name":"אל טואל/אל מזאר","lines":"232","n_lines":1}},{"type":"Feature","geometry":{"type":"Point","coordinates":[35.194515,31.74421]},"properties":{"code":495,"name":"אל טואל/שראפאת","lines":"232","n_lines":1}},{"type":"Feature","geometry":{"type":"Point","coordinates":[35.197524,31.747795]},"properties":{"code":2887,"name":"אל טהארה","lines":"232","n_lines":1}},{"type":"Feature","geometry":{"type":"Point","coordinates":[35.198702,31.74796]},"properties":{"code":1614,"name":"אל תווחיד/דב יוסף","lines":"232","n_lines":1}},{"type":"Feature","geometry":{"type":"Point","coordinates":[35.19882,31.745508]},"properties":{"code":500,"name":"אל בטמה/רחוב שרפאת","lines":"232","n_lines":1}},{"type":"Feature","geometry":{"type":"Point","coordinates":[35.199829,31.742831]},"properties":{"code":499,"name":"אל בוטמה","lines":"232","n_lines":1}},{"type":"Feature","geometry":{"type":"Point","coordinates":[35.200588,31.741692]},"properties":{"code":534,"name":"א סאפה/אל בוטמה","lines":"232","n_lines":1}},{"type":"Feature","geometry":{"type":"Point","coordinates":[35.202656,31.737988]},"properties":{"code":1563,"name":"א סאפא/אל ג'מעיה אל תחתא","lines":"232","n_lines":1}},{"type":"Feature","geometry":{"type":"Point","coordinates":[35.203469,31.735994]},"properties":{"code":1562,"name":"א סאפא/אבו ח'שבה","lines":"232","n_lines":1}},{"type":"Feature","geometry":{"type":"Point","coordinates":[35.20422,31.732911]},"properties":{"code":845,"name":"א סאפא/א סלאם","lines":"232","n_lines":1}},{"type":"Feature","geometry":{"type":"Point","coordinates":[35.203837,31.735499]},"properties":{"code":1561,"name":"א סאפא/אבו ח'שבה","lines":"232","n_lines":1}},{"type":"Feature","geometry":{"type":"Point","coordinates":[35.202719,31.738106]},"properties":{"code":1564,"name":"א סאפא/אל ג'מעיה אל תחתא","lines":"232","n_lines":1}},{"type":"Feature","geometry":{"type":"Point","coordinates":[35.200911,31.740997]},"properties":{"code":1565,"name":"א סאפה/אל בוטמה","lines":"232","n_lines":1}},{"type":"Feature","geometry":{"type":"Point","coordinates":[35.200003,31.742886]},"properties":{"code":531,"name":"אל בוטמה","lines":"232","n_lines":1}},{"type":"Feature","geometry":{"type":"Point","coordinates":[35.199125,31.746003]},"properties":{"code":3176,"name":"אל בטמה/אל רחמה","lines":"232","n_lines":1}},{"type":"Feature","geometry":{"type":"Point","coordinates":[35.201824,31.745592]},"properties":{"code":1535,"name":"מעקף איחוד הכפר/כיכר המסגד","lines":"232","n_lines":1}},{"type":"Feature","geometry":{"type":"Point","coordinates":[35.204671,31.744208]},"properties":{"code":503,"name":"בית ספר תיכון בית צפאפא/אלנהדה","lines":"232","n_lines":1}},{"type":"Feature","geometry":{"type":"Point","coordinates":[35.20513,31.743183]},"properties":{"code":549,"name":"תיכון בית ספאפא/אל מדרסה אל ג'דידה","lines":"232","n_lines":1}},{"type":"Feature","geometry":{"type":"Point","coordinates":[35.204823,31.741404]},"properties":{"code":1547,"name":"אל ג'מעאיה/אל טפטאף","lines":"232","n_lines":1}},{"type":"Feature","geometry":{"type":"Point","coordinates":[35.205087,31.740129]},"properties":{"code":652,"name":"בית ספר יסודי בית צפאפא/אל בראעם","lines":"232","n_lines":1}},{"type":"Feature","geometry":{"type":"Point","coordinates":[35.207132,31.742034]},"properties":{"code":1516,"name":"טבאליה/אל בראעם","lines":"232","n_lines":1}},{"type":"Feature","geometry":{"type":"Point","coordinates":[35.2115,31.740332]},"properties":{"code":2845,"name":"גב.המטוס","lines":"232","n_lines":1}},{"type":"Feature","geometry":{"type":"Point","coordinates":[35.236656,31.787907]},"properties":{"code":436,"name":"ואדי אל ג'וז/אלמוקדסי","lines":"263","n_lines":1}},{"type":"Feature","geometry":{"type":"Point","coordinates":[35.252659,31.768123]},"properties":{"code":61212,"name":"דרך יריחו/אל עזרייה","lines":"263","n_lines":1}},{"type":"Feature","geometry":{"type":"Point","coordinates":[35.236703,31.793391]},"properties":{"code":431,"name":"משרד הפנים/ואדי אל ג'וז","lines":"263","n_lines":1}},{"type":"Feature","geometry":{"type":"Point","coordinates":[35.236374,31.791538]},"properties":{"code":432,"name":"ואדי אל ג'וז","lines":"263","n_lines":1}},{"type":"Feature","geometry":{"type":"Point","coordinates":[35.234519,31.774752]},"properties":{"code":625,"name":"מעלה השלום/בתי מחסה","lines":"276","n_lines":1}},{"type":"Feature","geometry":{"type":"Point","coordinates":[35.240945,31.769742]},"properties":{"code":3942,"name":"אל-מדארס","lines":"257","n_lines":1}},{"type":"Feature","geometry":{"type":"Point","coordinates":[35.23973,31.769899]},"properties":{"code":86,"name":"מגרש כדורגל/אלמדארס","lines":"257","n_lines":1}},{"type":"Feature","geometry":{"type":"Point","coordinates":[35.238509,31.768643]},"properties":{"code":85,"name":"בית ספר לבנים/אלמדארס","lines":"257","n_lines":1}},{"type":"Feature","geometry":{"type":"Point","coordinates":[35.238443,31.767064]},"properties":{"code":88,"name":"בית ספר לבנות/בטן אלהוא","lines":"257","n_lines":1}},{"type":"Feature","geometry":{"type":"Point","coordinates":[35.240417,31.766358]},"properties":{"code":83,"name":"בטן אלהווא/חוש אל מרג","lines":"257","n_lines":1}},{"type":"Feature","geometry":{"type":"Point","coordinates":[35.241829,31.766392]},"properties":{"code":5840,"name":"בטן אלהווא/אלשאפעי","lines":"257","n_lines":1}},{"type":"Feature","geometry":{"type":"Point","coordinates":[35.244203,31.766286]},"properties":{"code":1542,"name":"בטן אל הווה/אל סוויח","lines":"257","n_lines":1}},{"type":"Feature","geometry":{"type":"Point","coordinates":[35.243502,31.767789]},"properties":{"code":5771,"name":"אל סוויח/אלשאפעי","lines":"257","n_lines":1}},{"type":"Feature","geometry":{"type":"Point","coordinates":[35.242132,31.769076]},"properties":{"code":5772,"name":"אל סוויח","lines":"257","n_lines":1}},{"type":"Feature","geometry":{"type":"Point","coordinates":[35.235249,31.740964]},"properties":{"code":33,"name":"אלמדינה אלמנורה/ביר אלעקבה","lines":"203","n_lines":1}},{"type":"Feature","geometry":{"type":"Point","coordinates":[35.236798,31.739898]},"properties":{"code":31,"name":"קופת חולים/אלמדינה אלמנוורה","lines":"203","n_lines":1}},{"type":"Feature","geometry":{"type":"Point","coordinates":[35.237224,31.73837]},"properties":{"code":30,"name":"אלמדינה אלמנורה/ביר אלזחלוק","lines":"203","n_lines":1}},{"type":"Feature","geometry":{"type":"Point","coordinates":[35.228539,31.736769]},"properties":{"code":45,"name":"אלמשאהד א'","lines":"203","n_lines":1}},{"type":"Feature","geometry":{"type":"Point","coordinates":[35.225998,31.7355]},"properties":{"code":5683,"name":"אלמשאהד ב'","lines":"203","n_lines":1}},{"type":"Feature","geometry":{"type":"Point","coordinates":[35.225621,31.733209]},"properties":{"code":260,"name":"אל משאהד/אל שיפא","lines":"203","n_lines":1}},{"type":"Feature","geometry":{"type":"Point","coordinates":[35.224724,31.731849]},"properties":{"code":41,"name":"אלמשאהד ד'","lines":"203","n_lines":1}},{"type":"Feature","geometry":{"type":"Point","coordinates":[35.221176,31.731654]},"properties":{"code":5684,"name":"אלמשאהד/נחל דרגה","lines":"203","n_lines":1}},{"type":"Feature","geometry":{"type":"Point","coordinates":[35.235164,31.795519]},"properties":{"code":1647,"name":"אהרון קציר/דרך הר הזיתים","lines":"201","n_lines":1}},{"type":"Feature","geometry":{"type":"Point","coordinates":[35.241982,31.800369]},"properties":{"code":346,"name":"תחנת דלק/לוחמי הגטאות","lines":"201","n_lines":1}},{"type":"Feature","geometry":{"type":"Point","coordinates":[35.243378,31.798572]},"properties":{"code":481,"name":"עיסוויה כניסה מערבית","lines":"201","n_lines":1}},{"type":"Feature","geometry":{"type":"Point","coordinates":[35.245247,31.79857]},"properties":{"code":456,"name":"צומת זהרה ב","lines":"201","n_lines":1}},{"type":"Feature","geometry":{"type":"Point","coordinates":[35.246769,31.799044]},"properties":{"code":452,"name":"בית ספר אלאמל לחינוך מיוחד/ראס אל ג'אמע","lines":"201","n_lines":1}},{"type":"Feature","geometry":{"type":"Point","coordinates":[35.248602,31.798896]},"properties":{"code":450,"name":"מסגד ארבעין/קסילה","lines":"201","n_lines":1}},{"type":"Feature","geometry":{"type":"Point","coordinates":[35.249508,31.799791]},"properties":{"code":448,"name":"קסילה/אום אלעסאפיר","lines":"201","n_lines":1}},{"type":"Feature","geometry":{"type":"Point","coordinates":[35.250885,31.799904]},"properties":{"code":446,"name":"קסילה/מחגרת עתמה","lines":"201","n_lines":1}},{"type":"Feature","geometry":{"type":"Point","coordinates":[35.253471,31.798979]},"properties":{"code":445,"name":"בית ספר יסודי/סיירת אלח'גה","lines":"201","n_lines":1}},{"type":"Feature","geometry":{"type":"Point","coordinates":[35.254648,31.798448]},"properties":{"code":443,"name":"חטיבת ביניים/טריק אלמדארס","lines":"201","n_lines":1}},{"type":"Feature","geometry":{"type":"Point","coordinates":[35.255859,31.797132]},"properties":{"code":4260,"name":"עיסאוויה כניסה מזרחית","lines":"201","n_lines":1}},{"type":"Feature","geometry":{"type":"Point","coordinates":[35.230661,31.786631]},"properties":{"code":253,"name":"צ.אדין/פ.דלמאן","lines":"201","n_lines":1}},{"type":"Feature","geometry":{"type":"Point","coordinates":[35.254284,31.797073]},"properties":{"code":440,"name":"מגרש כדורגל/אלבסאטין","lines":"201","n_lines":1}},{"type":"Feature","geometry":{"type":"Point","coordinates":[35.255622,31.797007]},"properties":{"code":4100,"name":"עיסאוויה כניסה מזרחית","lines":"201","n_lines":1}},{"type":"Feature","geometry":{"type":"Point","coordinates":[35.255058,31.798379]},"properties":{"code":442,"name":"חטיבת ביניים/טריק אלמדארס","lines":"201","n_lines":1}},{"type":"Feature","geometry":{"type":"Point","coordinates":[35.253155,31.799093]},"properties":{"code":444,"name":"בית ספר יסודי/סיירת אלח'גה","lines":"201","n_lines":1}},{"type":"Feature","geometry":{"type":"Point","coordinates":[35.252076,31.799541]},"properties":{"code":1591,"name":"בי''ס עיסאוויה/סירת אל חג'ה","lines":"201","n_lines":1}},{"type":"Feature","geometry":{"type":"Point","coordinates":[35.250343,31.800138]},"properties":{"code":447,"name":"קסילה/מחגרת עתמה","lines":"201","n_lines":1}},{"type":"Feature","geometry":{"type":"Point","coordinates":[35.248987,31.799536]},"properties":{"code":449,"name":"קסילה/אום אלעסאפיר","lines":"201","n_lines":1}},{"type":"Feature","geometry":{"type":"Point","coordinates":[35.247965,31.798895]},"properties":{"code":451,"name":"מסגד ארבעין/קסילה","lines":"201","n_lines":1}},{"type":"Feature","geometry":{"type":"Point","coordinates":[35.246721,31.799135]},"properties":{"code":453,"name":"קופת חולים/ראס אל ג'אמע","lines":"201","n_lines":1}},{"type":"Feature","geometry":{"type":"Point","coordinates":[35.245343,31.798839]},"properties":{"code":455,"name":"צומת זהרה א","lines":"201","n_lines":1}},{"type":"Feature","geometry":{"type":"Point","coordinates":[35.243702,31.79843]},"properties":{"code":457,"name":"עיסוויה כניסה מערבית","lines":"201","n_lines":1}},{"type":"Feature","geometry":{"type":"Point","coordinates":[35.224627,31.731781]},"properties":{"code":40,"name":"אלמשאהד ד'","lines":"203","n_lines":1}},{"type":"Feature","geometry":{"type":"Point","coordinates":[35.237298,31.738738]},"properties":{"code":29,"name":"אלמדינה אלמנורה/ביר אלזחלוק","lines":"203","n_lines":1}},{"type":"Feature","geometry":{"type":"Point","coordinates":[35.236768,31.740175]},"properties":{"code":32,"name":"קופת חולים/אלמדינה אלמנוורה","lines":"203","n_lines":1}},{"type":"Feature","geometry":{"type":"Point","coordinates":[35.234317,31.74132]},"properties":{"code":34,"name":"אלמדינה אלמנורה/ביר אלעקבה","lines":"203","n_lines":1}},{"type":"Feature","geometry":{"type":"Point","coordinates":[35.212549,31.746462]},"properties":{"code":1897,"name":"פייר קניג/דרך משה ברעם","lines":"12","n_lines":1}},{"type":"Feature","geometry":{"type":"Point","coordinates":[35.245546,31.788462]},"properties":{"code":3376,"name":"בית אורות/למפל","lines":"48","n_lines":1}},{"type":"Feature","geometry":{"type":"Point","coordinates":[35.229888,31.746238]},"properties":{"code":361,"name":"אליהו חכים/גרשון אבנר","lines":"88","n_lines":1}},{"type":"Feature","geometry":{"type":"Point","coordinates":[35.227709,31.744086]},"properties":{"code":1668,"name":"גרשון אבנר א","lines":"88","n_lines":1}},{"type":"Feature","geometry":{"type":"Point","coordinates":[35.235019,31.74502]},"properties":{"code":359,"name":"אליהו חכים/מאיר פיינשטיין","lines":"88","n_lines":1}},{"type":"Feature","geometry":{"type":"Point","coordinates":[35.235059,31.745146]},"properties":{"code":358,"name":"אליהו חכים/מאיר פיינשטיין","lines":"88","n_lines":1}},{"type":"Feature","geometry":{"type":"Point","coordinates":[35.233047,31.743609]},"properties":{"code":360,"name":"אליהו חכים/אליעזר קשאני","lines":"88","n_lines":1}},{"type":"Feature","geometry":{"type":"Point","coordinates":[35.2275,31.744002]},"properties":{"code":1667,"name":"גרשון אנבר ב","lines":"88","n_lines":1}},{"type":"Feature","geometry":{"type":"Point","coordinates":[35.229174,31.744612]},"properties":{"code":1666,"name":"גרשון אבנר ג","lines":"88","n_lines":1}},{"type":"Feature","geometry":{"type":"Point","coordinates":[35.229911,31.746113]},"properties":{"code":1669,"name":"אליהו חכים/גרשון אבנר","lines":"88","n_lines":1}},{"type":"Feature","geometry":{"type":"Point","coordinates":[35.245731,31.762251]},"properties":{"code":829,"name":"צומת עין אל לוזה/עין לוזה","lines":"256","n_lines":1}},{"type":"Feature","geometry":{"type":"Point","coordinates":[35.243114,31.762906]},"properties":{"code":5765,"name":"עין אל לוזה","lines":"256","n_lines":1}},{"type":"Feature","geometry":{"type":"Point","coordinates":[35.240385,31.763165]},"properties":{"code":5766,"name":"עין אל לוזה/אל כורמא","lines":"256","n_lines":1}},{"type":"Feature","geometry":{"type":"Point","coordinates":[35.2386,31.763769]},"properties":{"code":815,"name":"מרכז יבוס/עין אל אלוזה","lines":"256","n_lines":1}},{"type":"Feature","geometry":{"type":"Point","coordinates":[35.259297,31.780919]},"properties":{"code":63471,"name":"כיכר אל חרדוב","lines":"226","n_lines":1}},{"type":"Feature","geometry":{"type":"Point","coordinates":[35.153532,31.769881]},"properties":{"code":2327,"name":"צומת כרם","lines":"153","n_lines":1}},{"type":"Feature","geometry":{"type":"Point","coordinates":[35.223059,31.807938]},"properties":{"code":6190,"name":"חזון איש/איגרות משה","lines":"57","n_lines":1}},{"type":"Feature","geometry":{"type":"Point","coordinates":[35.169456,31.753662]},"properties":{"code":1588,"name":"הנורית א'","lines":"20","n_lines":1}},{"type":"Feature","geometry":{"type":"Point","coordinates":[35.171148,31.752509]},"properties":{"code":3852,"name":"הנורית ב'","lines":"20","n_lines":1}},{"type":"Feature","geometry":{"type":"Point","coordinates":[35.170892,31.753831]},"properties":{"code":2039,"name":"הנורית ג'","lines":"20","n_lines":1}},{"type":"Feature","geometry":{"type":"Point","coordinates":[35.242791,31.772879]},"properties":{"code":114,"name":"בית קברות הר הזיתים/דרך יריחו","lines":"236","n_lines":1}},{"type":"Feature","geometry":{"type":"Point","coordinates":[35.245752,31.771851]},"properties":{"code":5681,"name":"אבו סוואי","lines":"236","n_lines":1}},{"type":"Feature","geometry":{"type":"Point","coordinates":[35.248398,31.773177]},"properties":{"code":5756,"name":"ככר אלנח'יל/דרך יריחו","lines":"236","n_lines":1}},{"type":"Feature","geometry":{"type":"Point","coordinates":[35.249119,31.773253]},"properties":{"code":5758,"name":"דרך יריחו /תחנת הדלק חורשד","lines":"236","n_lines":1}},{"type":"Feature","geometry":{"type":"Point","coordinates":[35.25023,31.771694]},"properties":{"code":239,"name":"מכללת ולקאן/דרך יריחו","lines":"236","n_lines":1}},{"type":"Feature","geometry":{"type":"Point","coordinates":[35.250695,31.768943]},"properties":{"code":5760,"name":"דרך יריחו/אלשייח'","lines":"236","n_lines":1}},{"type":"Feature","geometry":{"type":"Point","coordinates":[35.25164,31.768513]},"properties":{"code":816,"name":"דרך יריחו/אלשייח'","lines":"236","n_lines":1}},{"type":"Feature","geometry":{"type":"Point","coordinates":[35.250347,31.770049]},"properties":{"code":752,"name":"מכללת ולקאן/דרך יריחו","lines":"236","n_lines":1}},{"type":"Feature","geometry":{"type":"Point","coordinates":[35.250334,31.771715]},"properties":{"code":244,"name":"דרך יריחו/אל ופא","lines":"236","n_lines":1}},{"type":"Feature","geometry":{"type":"Point","coordinates":[35.247245,31.772105]},"properties":{"code":5759,"name":"בית ספר שביבה/דרך יריחו","lines":"236","n_lines":1}},{"type":"Feature","geometry":{"type":"Point","coordinates":[35.245306,31.772102]},"properties":{"code":5680,"name":"ראס אל עמוד","lines":"236","n_lines":1}},{"type":"Feature","geometry":{"type":"Point","coordinates":[35.242826,31.772963]},"properties":{"code":5679,"name":"בית קברות הר הזיתים/דרך יריחו","lines":"236","n_lines":1}},{"type":"Feature","geometry":{"type":"Point","coordinates":[35.20799,31.792189]},"properties":{"code":1727,"name":"ירמיהו/שמגר","lines":"55","n_lines":1}},{"type":"Feature","geometry":{"type":"Point","coordinates":[35.187107,31.767707]},"properties":{"code":9873,"name":"מלון רימונים/שחראי","lines":"28","n_lines":1}},{"type":"Feature","geometry":{"type":"Point","coordinates":[35.186225,31.769575]},"properties":{"code":9989,"name":"אולמי נוף ירושלים/שחראי","lines":"28","n_lines":1}},{"type":"Feature","geometry":{"type":"Point","coordinates":[35.186187,31.770247]},"properties":{"code":9875,"name":"שחראי/חקלאי","lines":"28","n_lines":1}},{"type":"Feature","geometry":{"type":"Point","coordinates":[35.186749,31.771237]},"properties":{"code":9987,"name":"מגרש ביתר/שחראי","lines":"28","n_lines":1}},{"type":"Feature","geometry":{"type":"Point","coordinates":[35.180974,31.771048]},"properties":{"code":979,"name":"עין כרם/שד' הרצל","lines":"28","n_lines":1}},{"type":"Feature","geometry":{"type":"Point","coordinates":[35.168234,31.769691]},"properties":{"code":980,"name":"עין כרם/ברקלי","lines":"28","n_lines":1}},{"type":"Feature","geometry":{"type":"Point","coordinates":[35.165512,31.76855]},"properties":{"code":1607,"name":"עין כרם/מדרגות הכפר","lines":"28","n_lines":1}},{"type":"Feature","geometry":{"type":"Point","coordinates":[35.165901,31.766357]},"properties":{"code":9986,"name":"עין כרם/דרך כרמית","lines":"28","n_lines":1}},{"type":"Feature","geometry":{"type":"Point","coordinates":[35.16297,31.76689]},"properties":{"code":5930,"name":"עין כרם/המעיין","lines":"28","n_lines":1}},{"type":"Feature","geometry":{"type":"Point","coordinates":[35.16214,31.768272]},"properties":{"code":3844,"name":"עין כרם/ההדסים","lines":"28","n_lines":1}},{"type":"Feature","geometry":{"type":"Point","coordinates":[35.155415,31.771176]},"properties":{"code":2338,"name":"צומת כרם","lines":"28","n_lines":1}},{"type":"Feature","geometry":{"type":"Point","coordinates":[35.209022,31.761096]},"properties":{"code":6073,"name":"בית חולים משגב לדך/דוסתאי","lines":"14","n_lines":1}},{"type":"Feature","geometry":{"type":"Point","coordinates":[35.2479,31.732822]},"properties":{"code":3056,"name":"אבו עוביידה/אל ראשדין","lines":"204","n_lines":1}},{"type":"Feature","geometry":{"type":"Point","coordinates":[35.154995,31.770532]},"properties":{"code":2329,"name":"צומת כרם","lines":"28","n_lines":1}},{"type":"Feature","geometry":{"type":"Point","coordinates":[35.162033,31.768274]},"properties":{"code":2354,"name":"עין כרם/ההדסים","lines":"28","n_lines":1}},{"type":"Feature","geometry":{"type":"Point","coordinates":[35.163519,31.766597]},"properties":{"code":2359,"name":"עין כרם/המעיין","lines":"28","n_lines":1}},{"type":"Feature","geometry":{"type":"Point","coordinates":[35.166105,31.766322]},"properties":{"code":2608,"name":"עין כרם/דרך כרמית","lines":"28","n_lines":1}},{"type":"Feature","geometry":{"type":"Point","coordinates":[35.165655,31.768538]},"properties":{"code":1807,"name":"עין כרם/מדרגות הכפר","lines":"28","n_lines":1}},{"type":"Feature","geometry":{"type":"Point","coordinates":[35.168558,31.769641]},"properties":{"code":971,"name":"עין כרם/ברקלי","lines":"28","n_lines":1}},{"type":"Feature","geometry":{"type":"Point","coordinates":[35.181133,31.771179]},"properties":{"code":6127,"name":"עין כרם/שדרות הרצל","lines":"28","n_lines":1}},{"type":"Feature","geometry":{"type":"Point","coordinates":[35.186643,31.771236]},"properties":{"code":9988,"name":"מגרש ביתר/שחראי","lines":"28","n_lines":1}},{"type":"Feature","geometry":{"type":"Point","coordinates":[35.186095,31.770478]},"properties":{"code":9872,"name":"שחראי/חקלאי","lines":"28","n_lines":1}},{"type":"Feature","geometry":{"type":"Point","coordinates":[35.186291,31.769401]},"properties":{"code":9990,"name":"אולמי נוף ירושלים/שחראי","lines":"28","n_lines":1}},{"type":"Feature","geometry":{"type":"Point","coordinates":[35.175866,31.739076]},"properties":{"code":1502,"name":"אבנר חי שאקי ב","lines":"80","n_lines":1}},{"type":"Feature","geometry":{"type":"Point","coordinates":[35.176071,31.735606]},"properties":{"code":1500,"name":"אבנר חי שאקי ג","lines":"80","n_lines":1}},{"type":"Feature","geometry":{"type":"Point","coordinates":[35.176071,31.735907]},"properties":{"code":1501,"name":"אבנר חי שאקי ג","lines":"80","n_lines":1}},{"type":"Feature","geometry":{"type":"Point","coordinates":[35.175947,31.7394]},"properties":{"code":1503,"name":"אבנר חי שאקי ב","lines":"80","n_lines":1}},{"type":"Feature","geometry":{"type":"Point","coordinates":[35.185018,31.747852]},"properties":{"code":3198,"name":"נחל רפאים/יצחק מודעי","lines":"363","n_lines":1}},{"type":"Feature","geometry":{"type":"Point","coordinates":[35.155498,31.743507]},"properties":{"code":1650,"name":"עין חנייה/נחל רפאים","lines":"363","n_lines":1}},{"type":"Feature","geometry":{"type":"Point","coordinates":[35.179714,31.744308]},"properties":{"code":468,"name":"עין יעל","lines":"363","n_lines":1}},{"type":"Feature","geometry":{"type":"Point","coordinates":[35.242853,31.753682]},"properties":{"code":465,"name":"נוף ציון/חיים קוברסקי","lines":"82","n_lines":1}},{"type":"Feature","geometry":{"type":"Point","coordinates":[35.2425,31.753788]},"properties":{"code":6231,"name":"נוף ציון/חיים קוברסקי","lines":"82","n_lines":1}},{"type":"Feature","geometry":{"type":"Point","coordinates":[35.24604,31.810551]},"properties":{"code":6304,"name":"מסוף שועפאט","lines":"207","n_lines":1}},{"type":"Feature","geometry":{"type":"Point","coordinates":[35.246146,31.81055]},"properties":{"code":6301,"name":"מסוף שועפאט","lines":"207","n_lines":1}},{"type":"Feature","geometry":{"type":"Point","coordinates":[35.231093,31.721599]},"properties":{"code":1139,"name":"עמנואל זיסמן/אהרון כהן","lines":"75","n_lines":1}},{"type":"Feature","geometry":{"type":"Point","coordinates":[35.230657,31.718125]},"properties":{"code":1136,"name":"עמנואל זיסמן","lines":"75","n_lines":1}},{"type":"Feature","geometry":{"type":"Point","coordinates":[35.230856,31.720627]},"properties":{"code":1138,"name":"עמנואל זיסמן/אהרון כהן","lines":"75","n_lines":1}},{"type":"Feature","geometry":{"type":"Point","coordinates":[35.230531,31.71911]},"properties":{"code":1137,"name":"עמנואל זיסמן","lines":"75","n_lines":1}},{"type":"Feature","geometry":{"type":"Point","coordinates":[35.239958,31.805164]},"properties":{"code":5994,"name":"בר כוכבא/החי''ל","lines":"77","n_lines":1}},{"type":"Feature","geometry":{"type":"Point","coordinates":[35.239421,31.802317]},"properties":{"code":1424,"name":"בר כוכבא/הנח''ל","lines":"77","n_lines":1}},{"type":"Feature","geometry":{"type":"Point","coordinates":[35.238137,31.804675]},"properties":{"code":5856,"name":"מתנ''ס גבעת שפירא","lines":"77א","n_lines":1}},{"type":"Feature","geometry":{"type":"Point","coordinates":[35.241501,31.805004]},"properties":{"code":2380,"name":"החי''ל/אבא ברדיצ'ב","lines":"77א","n_lines":1}},{"type":"Feature","geometry":{"type":"Point","coordinates":[35.241766,31.804001]},"properties":{"code":2386,"name":"החי''ל/מבוא פלים","lines":"77א","n_lines":1}},{"type":"Feature","geometry":{"type":"Point","coordinates":[35.240501,31.803246]},"properties":{"code":5889,"name":"החי''ל/נהגי הפרדות","lines":"77א","n_lines":1}},{"type":"Feature","geometry":{"type":"Point","coordinates":[35.2398,31.801771]},"properties":{"code":1422,"name":"בר כוכבא/הנח''ל","lines":"77","n_lines":1}},{"type":"Feature","geometry":{"type":"Point","coordinates":[35.240036,31.805087]},"properties":{"code":6137,"name":"בר כוכבא/החי''ל","lines":"77","n_lines":1}},{"type":"Feature","geometry":{"type":"Point","coordinates":[35.222649,31.798892]},"properties":{"code":1429,"name":"משמר הגבול/תמנע","lines":"824","n_lines":1}},{"type":"Feature","geometry":{"type":"Point","coordinates":[35.236857,31.795349]},"properties":{"code":2199,"name":"שיירת הר הצופים/יצחק הנדיב","lines":"517","n_lines":1}},{"type":"Feature","geometry":{"type":"Point","coordinates":[35.222215,31.777846]},"properties":{"code":520,"name":"ממילא/אגרון","lines":"517","n_lines":1}},{"type":"Feature","geometry":{"type":"Point","coordinates":[35.218523,31.775868]},"properties":{"code":9926,"name":"ככר צרפת/אגרון","lines":"517","n_lines":1}},{"type":"Feature","geometry":{"type":"Point","coordinates":[35.228509,31.862611]},"properties":{"code":65294,"name":"חניון מעבר קלנדיה","lines":"218","n_lines":1}},{"type":"Feature","geometry":{"type":"Point","coordinates":[35.208165,31.801894]},"properties":{"code":9942,"name":"שלמה מומו הלוי","lines":"40","n_lines":1}},{"type":"Feature","geometry":{"type":"Point","coordinates":[35.20742,31.80233]},"properties":{"code":1471,"name":"שלמה מומו הלוי א","lines":"40","n_lines":1}},{"type":"Feature","geometry":{"type":"Point","coordinates":[35.205766,31.803297]},"properties":{"code":1211,"name":"שלמה מומו הלוי ב","lines":"40","n_lines":1}},{"type":"Feature","geometry":{"type":"Point","coordinates":[35.229271,31.722604]},"properties":{"code":1403,"name":"הרב מן ההר/הקצין יחיאל לנגר","lines":"504","n_lines":1}},{"type":"Feature","geometry":{"type":"Point","coordinates":[35.226555,31.723158]},"properties":{"code":1143,"name":"הרב רחמים חי חויתה כהן/הרב מן ההר","lines":"504","n_lines":1}},{"type":"Feature","geometry":{"type":"Point","coordinates":[35.226701,31.723391]},"properties":{"code":1144,"name":"הרב רחמים חי חויתה כהן/הרב מן ההר","lines":"504","n_lines":1}},{"type":"Feature","geometry":{"type":"Point","coordinates":[35.22766,31.722771]},"properties":{"code":1404,"name":"הרב מן ההר/הבבא סאלי","lines":"504","n_lines":1}},{"type":"Feature","geometry":{"type":"Point","coordinates":[35.196073,31.822054]},"properties":{"code":4090,"name":"מסוף רמות/מירסקי","lines":"62","n_lines":1}},{"type":"Feature","geometry":{"type":"Point","coordinates":[35.188373,31.728306]},"properties":{"code":2720,"name":"לשם/הדבש","lines":"31","n_lines":1}},{"type":"Feature","geometry":{"type":"Point","coordinates":[35.188958,31.729709]},"properties":{"code":2155,"name":"לשם/צביה ויצחק","lines":"31","n_lines":1}},{"type":"Feature","geometry":{"type":"Point","coordinates":[35.188826,31.729971]},"properties":{"code":2550,"name":"לשם/צביה ויצחק","lines":"31","n_lines":1}},{"type":"Feature","geometry":{"type":"Point","coordinates":[35.181654,31.770452]},"properties":{"code":1990,"name":"קרית היובל/תחנת רקל''ה הר הרצל","lines":"27","n_lines":1}},{"type":"Feature","geometry":{"type":"Point","coordinates":[35.220426,31.851859]},"properties":{"code":2117,"name":"ביה''ס אל יתים/היוזמה","lines":"541","n_lines":1}},{"type":"Feature","geometry":{"type":"Point","coordinates":[35.221671,31.850344]},"properties":{"code":2118,"name":"תוצרת","lines":"541","n_lines":1}},{"type":"Feature","geometry":{"type":"Point","coordinates":[35.221991,31.851796]},"properties":{"code":5720,"name":"היוזמה","lines":"541","n_lines":1}},{"type":"Feature","geometry":{"type":"Point","coordinates":[35.223224,31.850894]},"properties":{"code":2129,"name":"פרי עמל","lines":"541","n_lines":1}},{"type":"Feature","geometry":{"type":"Point","coordinates":[35.206944,31.813941]},"properties":{"code":2266,"name":"הארי טרומן/יעקב אלעזר","lines":"86","n_lines":1}},{"type":"Feature","geometry":{"type":"Point","coordinates":[35.201404,31.816761]},"properties":{"code":331,"name":"שיבת ציון/לואי ליפסקי","lines":"86","n_lines":1}},{"type":"Feature","geometry":{"type":"Point","coordinates":[35.204334,31.810932]},"properties":{"code":1187,"name":"יעקב אלעזר א","lines":"81","n_lines":1}},{"type":"Feature","geometry":{"type":"Point","coordinates":[35.208202,31.812016]},"properties":{"code":1189,"name":"יעקב אלעזר ב","lines":"81","n_lines":1}},{"type":"Feature","geometry":{"type":"Point","coordinates":[35.209708,31.815439]},"properties":{"code":1191,"name":"יעקב אלעזר ג","lines":"81","n_lines":1}},{"type":"Feature","geometry":{"type":"Point","coordinates":[35.20863,31.81522]},"properties":{"code":1705,"name":"יעקב אלעזר/הארי טרומן","lines":"81","n_lines":1}},{"type":"Feature","geometry":{"type":"Point","coordinates":[35.222778,31.828484]},"properties":{"code":1420,"name":"שמואן/אלתין","lines":"280","n_lines":1}},{"type":"Feature","geometry":{"type":"Point","coordinates":[35.219512,31.826383]},"properties":{"code":1427,"name":"אל הודא סמטה 8","lines":"280","n_lines":1}},{"type":"Feature","geometry":{"type":"Point","coordinates":[35.222759,31.824491]},"properties":{"code":3094,"name":"כביש 21/אל-נג'אמה","lines":"280","n_lines":1}},{"type":"Feature","geometry":{"type":"Point","coordinates":[35.224773,31.824025]},"properties":{"code":1419,"name":"אל הודא סמטה 3","lines":"280","n_lines":1}},{"type":"Feature","geometry":{"type":"Point","coordinates":[35.225905,31.815037]},"properties":{"code":1936,"name":"שיירת עטרות/אל ראס","lines":"280","n_lines":1}},{"type":"Feature","geometry":{"type":"Point","coordinates":[35.228128,31.808508]},"properties":{"code":2888,"name":"משאריף/שיירה עטרות","lines":"280","n_lines":1}},{"type":"Feature","geometry":{"type":"Point","coordinates":[35.232634,31.810123]},"properties":{"code":2889,"name":"אום אל עמד/משאריף","lines":"280","n_lines":1}},{"type":"Feature","geometry":{"type":"Point","coordinates":[35.228216,31.819437]},"properties":{"code":5796,"name":"ת. רק''ל בית חנינא","lines":"274","n_lines":1}},{"type":"Feature","geometry":{"type":"Point","coordinates":[35.22809,31.817268]},"properties":{"code":5795,"name":"דרך שועפאט/א שאבי","lines":"274","n_lines":1}},{"type":"Feature","geometry":{"type":"Point","coordinates":[35.229348,31.814481]},"properties":{"code":5793,"name":"ת. רק''ל שועפאט מרכז/דרך שועפאט","lines":"274","n_lines":1}},{"type":"Feature","geometry":{"type":"Point","coordinates":[35.230854,31.813259]},"properties":{"code":5791,"name":"דרך שועפאט/אל אסמאעי","lines":"274","n_lines":1}},{"type":"Feature","geometry":{"type":"Point","coordinates":[35.230404,31.795766]},"properties":{"code":313,"name":"בית חולים סן ג'וזף","lines":"274","n_lines":1}},{"type":"Feature","geometry":{"type":"Point","coordinates":[35.233983,31.807979]},"properties":{"code":5805,"name":"קרקשיאן א","lines":"274","n_lines":1}},{"type":"Feature","geometry":{"type":"Point","coordinates":[35.233612,31.810009]},"properties":{"code":3638,"name":"דרך שועפאט/דרך ענתות","lines":"274","n_lines":1}},{"type":"Feature","geometry":{"type":"Point","coordinates":[35.232086,31.811923]},"properties":{"code":5790,"name":"ת. רק''ל א סהל/אבראג' אל קדס","lines":"274","n_lines":1}},{"type":"Feature","geometry":{"type":"Point","coordinates":[35.229824,31.814494]},"properties":{"code":5792,"name":"ת. רק''ל שועפאט מרכז/דרך שועפאט","lines":"274","n_lines":1}},{"type":"Feature","geometry":{"type":"Point","coordinates":[35.228361,31.81802]},"properties":{"code":5794,"name":"דרך שועפאט/א שאבי","lines":"274","n_lines":1}},{"type":"Feature","geometry":{"type":"Point","coordinates":[35.226249,31.832005]},"properties":{"code":1942,"name":"אל סכאכני/אל זיתונה","lines":"171","n_lines":1}},{"type":"Feature","geometry":{"type":"Point","coordinates":[35.222775,31.848807]},"properties":{"code":1635,"name":"פינת דרך ביר נבאלה","lines":"171","n_lines":1}},{"type":"Feature","geometry":{"type":"Point","coordinates":[35.223143,31.846531]},"properties":{"code":2017,"name":"כביש 21/אל-בניאס","lines":"171","n_lines":1}},{"type":"Feature","geometry":{"type":"Point","coordinates":[35.226939,31.844065]},"properties":{"code":2891,"name":"אלחדיביה/אלהג'רה","lines":"171","n_lines":1}},{"type":"Feature","geometry":{"type":"Point","coordinates":[35.228658,31.843911]},"properties":{"code":712,"name":"ג'סר אנטיף/אלחדיביה","lines":"171","n_lines":1}},{"type":"Feature","geometry":{"type":"Point","coordinates":[35.22861,31.842484]},"properties":{"code":14,"name":"ג'יסר א-נסף/בלדי מול","lines":"171","n_lines":1}},{"type":"Feature","geometry":{"type":"Point","coordinates":[35.219602,31.838348]},"properties":{"code":857,"name":"אלזייתונה/אלעקבה","lines":"171","n_lines":1}},{"type":"Feature","geometry":{"type":"Point","coordinates":[35.217048,31.840166]},"properties":{"code":15,"name":"אלזייתונה/אלאחתראם","lines":"171","n_lines":1}},{"type":"Feature","geometry":{"type":"Point","coordinates":[35.216325,31.840829]},"properties":{"code":780,"name":"בית ספר אלמג'ד/אלאחתאראם","lines":"171","n_lines":1}},{"type":"Feature","geometry":{"type":"Point","coordinates":[35.216558,31.842781]},"properties":{"code":58,"name":"אלאחתראם א'","lines":"171","n_lines":1}},{"type":"Feature","geometry":{"type":"Point","coordinates":[35.218288,31.842836]},"properties":{"code":59,"name":"אלאחתראם ב'","lines":"171","n_lines":1}},{"type":"Feature","geometry":{"type":"Point","coordinates":[35.21632,31.841407]},"properties":{"code":57,"name":"בית ספר אלמג'ד/אלאחתאראם","lines":"171","n_lines":1}},{"type":"Feature","geometry":{"type":"Point","coordinates":[35.217975,31.839444]},"properties":{"code":858,"name":"אלזייתונה/אלעקבה","lines":"171","n_lines":1}},{"type":"Feature","geometry":{"type":"Point","coordinates":[35.224658,31.834201]},"properties":{"code":3095,"name":"אלזיתונה/אלזיתונה סמטה 5","lines":"171","n_lines":1}},{"type":"Feature","geometry":{"type":"Point","coordinates":[35.232125,31.827569]},"properties":{"code":1961,"name":"אל קסר/אל זהור","lines":"171","n_lines":1}},{"type":"Feature","geometry":{"type":"Point","coordinates":[35.231313,31.826591]},"properties":{"code":1958,"name":"אל קסר/דרך חיזמא","lines":"171","n_lines":1}},{"type":"Feature","geometry":{"type":"Point","coordinates":[35.229608,31.824073]},"properties":{"code":1955,"name":"אל קסר/אל שוקר","lines":"171","n_lines":1}},{"type":"Feature","geometry":{"type":"Point","coordinates":[35.229499,31.820829]},"properties":{"code":1952,"name":"אל מרכז/אל קסר","lines":"171","n_lines":1}},{"type":"Feature","geometry":{"type":"Point","coordinates":[35.226807,31.84]},"properties":{"code":721,"name":"רחוב אסקנדר ח'ורי","lines":"171","n_lines":1}},{"type":"Feature","geometry":{"type":"Point","coordinates":[35.227008,31.837692]},"properties":{"code":878,"name":"קולג' די פריר/טאאה חוסין","lines":"171","n_lines":1}},{"type":"Feature","geometry":{"type":"Point","coordinates":[35.218434,31.835214]},"properties":{"code":134,"name":"אלמרוחה סמטה 7","lines":"171","n_lines":1}},{"type":"Feature","geometry":{"type":"Point","coordinates":[35.218032,31.83615]},"properties":{"code":128,"name":"אלמרוחה/סמטה 9","lines":"171","n_lines":1}},{"type":"Feature","geometry":{"type":"Point","coordinates":[35.219882,31.836161]},"properties":{"code":1242,"name":"אלמרוחה/סמטה 7","lines":"171","n_lines":1}},{"type":"Feature","geometry":{"type":"Point","coordinates":[35.222424,31.836212]},"properties":{"code":859,"name":"אלזייתונה/אלמרווחה","lines":"171","n_lines":1}},{"type":"Feature","geometry":{"type":"Point","coordinates":[35.229448,31.821943]},"properties":{"code":196,"name":"אל קסר/אל מרכז","lines":"171","n_lines":1}},{"type":"Feature","geometry":{"type":"Point","coordinates":[35.229511,31.825055]},"properties":{"code":1959,"name":"אל קסר/שג'ראת אל דור","lines":"171","n_lines":1}},{"type":"Feature","geometry":{"type":"Point","coordinates":[35.232102,31.827328]},"properties":{"code":1960,"name":"אל קסר/אל גדוד","lines":"171","n_lines":1}},{"type":"Feature","geometry":{"type":"Point","coordinates":[35.228406,31.831663]},"properties":{"code":1940,"name":"מגרש כדורגל/אל סכאכני","lines":"171","n_lines":1}},{"type":"Feature","geometry":{"type":"Point","coordinates":[35.226683,31.832159]},"properties":{"code":1941,"name":"אל סכאכני/טהה חוסין","lines":"171","n_lines":1}},{"type":"Feature","geometry":{"type":"Point","coordinates":[35.225956,31.832277]},"properties":{"code":1943,"name":"אל זיתונה/אל סכאכני","lines":"171","n_lines":1}},{"type":"Feature","geometry":{"type":"Point","coordinates":[35.227128,31.837786]},"properties":{"code":60,"name":"קולג' די פריר/טאאה חוסין","lines":"171","n_lines":1}},{"type":"Feature","geometry":{"type":"Point","coordinates":[35.22767,31.839141]},"properties":{"code":881,"name":"טאאה חוסין/אלבוחטורי","lines":"171","n_lines":1}},{"type":"Feature","geometry":{"type":"Point","coordinates":[35.227176,31.839982]},"properties":{"code":880,"name":"רחוב אסקנדר ח'ורי","lines":"171","n_lines":1}},{"type":"Feature","geometry":{"type":"Point","coordinates":[35.228028,31.844159]},"properties":{"code":13,"name":"אלחדיביה/ג'סר אנטיף","lines":"171","n_lines":1}},{"type":"Feature","geometry":{"type":"Point","coordinates":[35.226545,31.844143]},"properties":{"code":2890,"name":"אלחדיביה/אלהג'רה","lines":"171","n_lines":1}},{"type":"Feature","geometry":{"type":"Point","coordinates":[35.223522,31.844316]},"properties":{"code":2018,"name":"אלחדיביה/כביש 21","lines":"171","n_lines":1}},{"type":"Feature","geometry":{"type":"Point","coordinates":[35.223133,31.847348]},"properties":{"code":2019,"name":"אל-בניאס/כביש 21","lines":"171","n_lines":1}},{"type":"Feature","geometry":{"type":"Point","coordinates":[35.221736,31.75321]},"properties":{"code":1707,"name":"עין גדי","lines":"97","n_lines":1}},{"type":"Feature","geometry":{"type":"Point","coordinates":[35.216796,31.768838]},"properties":{"code":2142,"name":"תיאטרון ירושלים/דוד מרכוס","lines":"97","n_lines":1}},{"type":"Feature","geometry":{"type":"Point","coordinates":[35.21327,31.770766]},"properties":{"code":2146,"name":"האר''י/חרל''פ","lines":"97","n_lines":1}},{"type":"Feature","geometry":{"type":"Point","coordinates":[35.214289,31.761408]},"properties":{"code":1026,"name":"אלעזר המודעי/ריש לקיש","lines":"90","n_lines":1}},{"type":"Feature","geometry":{"type":"Point","coordinates":[35.245487,31.826774]},"properties":{"code":2042,"name":"גל/דוכיפת","lines":"540","n_lines":1}},{"type":"Feature","geometry":{"type":"Point","coordinates":[35.242538,31.823215]},"properties":{"code":2196,"name":"גל/רחמילביץ","lines":"540","n_lines":1}},{"type":"Feature","geometry":{"type":"Point","coordinates":[35.242623,31.823295]},"properties":{"code":2197,"name":"גל/רחמילביץ","lines":"540","n_lines":1}},{"type":"Feature","geometry":{"type":"Point","coordinates":[35.181017,31.771996]},"properties":{"code":362,"name":"הזיכרון/שדרות הרצל","lines":"95","n_lines":1}},{"type":"Feature","geometry":{"type":"Point","coordinates":[35.177274,31.774157]},"properties":{"code":9814,"name":"יד ושם","lines":"95","n_lines":1}},{"type":"Feature","geometry":{"type":"Point","coordinates":[35.231223,31.722412]},"properties":{"code":1142,"name":"אהרון כהן/עמנואל זיסמן","lines":"95","n_lines":1}},{"type":"Feature","geometry":{"type":"Point","coordinates":[35.23191,31.725077]},"properties":{"code":205,"name":"כביש 398/אהרון כהן","lines":"95","n_lines":1}},{"type":"Feature","geometry":{"type":"Point","coordinates":[35.180882,31.771914]},"properties":{"code":1219,"name":"הזיכרון/שדרות הרצל","lines":"95","n_lines":1}},{"type":"Feature","geometry":{"type":"Point","coordinates":[35.231737,31.72444]},"properties":{"code":2041,"name":"אהרון כהן/כביש 398","lines":"95","n_lines":1}},{"type":"Feature","geometry":{"type":"Point","coordinates":[35.231142,31.723076]},"properties":{"code":2043,"name":"אהרן כהן/חנה רחל מלודמיר","lines":"95","n_lines":1}},{"type":"Feature","geometry":{"type":"Point","coordinates":[35.22271,31.807688]},"properties":{"code":6191,"name":"חזון איש/איגרות משה","lines":"57","n_lines":1}},{"type":"Feature","geometry":{"type":"Point","coordinates":[35.20573,31.792389]},"properties":{"code":1550,"name":"ארגמן/ירמיהו","lines":"57","n_lines":1}},{"type":"Feature","geometry":{"type":"Point","coordinates":[35.207107,31.792916]},"properties":{"code":6126,"name":"תכלת מרדכי/ארגמן","lines":"57","n_lines":1}},{"type":"Feature","geometry":{"type":"Point","coordinates":[35.196254,31.741548]},"properties":{"code":2688,"name":"תחנת רקל''ה דב יוסף-מרכז/דב יוסף","lines":"299","n_lines":1}},{"type":"Feature","geometry":{"type":"Point","coordinates":[35.196202,31.741129]},"properties":{"code":2689,"name":"תחנת רקל''ה דב יוסף-מרכז/דב יוסף","lines":"299","n_lines":1}},{"type":"Feature","geometry":{"type":"Point","coordinates":[35.21935,31.765409]},"properties":{"code":2139,"name":"עזריאל הילדסהיימר/המגיד","lines":"8","n_lines":1}},{"type":"Feature","geometry":{"type":"Point","coordinates":[35.214268,31.763332]},"properties":{"code":3046,"name":"חזקיהו המלך/רחל אמנו","lines":"8","n_lines":1}},{"type":"Feature","geometry":{"type":"Point","coordinates":[35.215617,31.759263]},"properties":{"code":3616,"name":"צומת אורנים/הרכבת","lines":"8","n_lines":1}},{"type":"Feature","geometry":{"type":"Point","coordinates":[35.218421,31.761142]},"properties":{"code":2151,"name":"דרך הרכבת/שמשון","lines":"8","n_lines":1}},{"type":"Feature","geometry":{"type":"Point","coordinates":[35.221081,31.762645]},"properties":{"code":2159,"name":"דרך הרכבת/יאיר","lines":"8","n_lines":1}},{"type":"Feature","geometry":{"type":"Point","coordinates":[35.213378,31.815038]},"properties":{"code":1377,"name":"הרב שך ב","lines":"567","n_lines":1}},{"type":"Feature","geometry":{"type":"Point","coordinates":[35.215527,31.817523]},"properties":{"code":2033,"name":"הרב שך ג","lines":"567","n_lines":1}},{"type":"Feature","geometry":{"type":"Point","coordinates":[35.215672,31.817676]},"properties":{"code":2034,"name":"הרב שך ג","lines":"567","n_lines":1}},{"type":"Feature","geometry":{"type":"Point","coordinates":[35.213121,31.816185]},"properties":{"code":1378,"name":"הרב שך ב","lines":"567","n_lines":1}},{"type":"Feature","geometry":{"type":"Point","coordinates":[35.232731,31.742036]},"properties":{"code":1398,"name":"אשר וינר/חוה ארציאלי","lines":"512","n_lines":1}},{"type":"Feature","geometry":{"type":"Point","coordinates":[35.220944,31.741768]},"properties":{"code":1212,"name":"אשר וינר/לייב יפה","lines":"512","n_lines":1}},{"type":"Feature","geometry":{"type":"Point","coordinates":[35.210362,31.787832]},"properties":{"code":1327,"name":"הטורים/רש''י","lines":"9","n_lines":1}},{"type":"Feature","geometry":{"type":"Point","coordinates":[35.167097,31.743906]},"properties":{"code":1087,"name":"אקווריום ישראל","lines":"26א","n_lines":1}},{"type":"Feature","geometry":{"type":"Point","coordinates":[35.164708,31.755726]},"properties":{"code":923,"name":"הסייפן","lines":"20","n_lines":1}},{"type":"Feature","geometry":{"type":"Point","coordinates":[35.164905,31.754304]},"properties":{"code":917,"name":"הרקפת/הסביון","lines":"20","n_lines":1}},{"type":"Feature","geometry":{"type":"Point","coordinates":[35.166051,31.753487]},"properties":{"code":919,"name":"הרקפת","lines":"20","n_lines":1}},{"type":"Feature","geometry":{"type":"Point","coordinates":[35.167993,31.754492]},"properties":{"code":921,"name":"הרקפת/הרפובליקה הדומיניקנית","lines":"20","n_lines":1}},{"type":"Feature","geometry":{"type":"Point","coordinates":[35.180596,31.746999]},"properties":{"code":3612,"name":"אברהם כחילה/אדמונד סחייק","lines":"35","n_lines":1}},{"type":"Feature","geometry":{"type":"Point","coordinates":[35.229836,31.737472]},"properties":{"code":55,"name":"בית ספר אבו בקר צאדק/אלמדינה אלמונוורה","lines":"213","n_lines":1}},{"type":"Feature","geometry":{"type":"Point","coordinates":[35.228765,31.738425]},"properties":{"code":76,"name":"בית ספר צור באהר בנות/אלמדינה אלמונוורה","lines":"213","n_lines":1}},{"type":"Feature","geometry":{"type":"Point","coordinates":[35.226704,31.738676]},"properties":{"code":77,"name":"בית ספר אבן רשד/אלמדינה אלמונוורה","lines":"213","n_lines":1}},{"type":"Feature","geometry":{"type":"Point","coordinates":[35.228717,31.738344]},"properties":{"code":69,"name":"בית ספר צור באהר בנות/אלמדינה אלמונוורה","lines":"213","n_lines":1}},{"type":"Feature","geometry":{"type":"Point","coordinates":[35.230176,31.736978]},"properties":{"code":54,"name":"דרך סור באהר","lines":"213","n_lines":1}},{"type":"Feature","geometry":{"type":"Point","coordinates":[35.231918,31.735416]},"properties":{"code":52,"name":"אום טובא 9","lines":"213","n_lines":1}},{"type":"Feature","geometry":{"type":"Point","coordinates":[35.230589,31.733533]},"properties":{"code":51,"name":"אום טובא 7","lines":"213","n_lines":1}},{"type":"Feature","geometry":{"type":"Point","coordinates":[35.231458,31.732664]},"properties":{"code":50,"name":"אום טובא 6","lines":"213","n_lines":1}},{"type":"Feature","geometry":{"type":"Point","coordinates":[35.233433,31.729896]},"properties":{"code":49,"name":"אום טובא 4","lines":"213","n_lines":1}},{"type":"Feature","geometry":{"type":"Point","coordinates":[35.233766,31.728309]},"properties":{"code":48,"name":"אום טובא 3","lines":"213","n_lines":1}},{"type":"Feature","geometry":{"type":"Point","coordinates":[35.232058,31.728372]},"properties":{"code":5689,"name":"2 אום טובא","lines":"213","n_lines":1}},{"type":"Feature","geometry":{"type":"Point","coordinates":[35.237696,31.737096]},"properties":{"code":5693,"name":"אום לסון / צור באהר 2","lines":"213","n_lines":1}},{"type":"Feature","geometry":{"type":"Point","coordinates":[35.238004,31.736805]},"properties":{"code":5694,"name":"אום לסון / צור באהר 3","lines":"213","n_lines":1}},{"type":"Feature","geometry":{"type":"Point","coordinates":[35.239902,31.735002]},"properties":{"code":5695,"name":"אלמקפה/חלימה אלסעדיה","lines":"213","n_lines":1}},{"type":"Feature","geometry":{"type":"Point","coordinates":[35.240814,31.733961]},"properties":{"code":5697,"name":"אום לסון / צור באהר 6","lines":"213","n_lines":1}},{"type":"Feature","geometry":{"type":"Point","coordinates":[35.241854,31.732429]},"properties":{"code":5698,"name":"אום לסון / צור באהר 7","lines":"213","n_lines":1}},{"type":"Feature","geometry":{"type":"Point","coordinates":[35.242778,31.731136]},"properties":{"code":5839,"name":"בית ספר אונורוה/אלמכפה","lines":"213","n_lines":1}},{"type":"Feature","geometry":{"type":"Point","coordinates":[35.243596,31.728897]},"properties":{"code":272,"name":"אל מקפה/דיר אל עמוד","lines":"213","n_lines":1}},{"type":"Feature","geometry":{"type":"Point","coordinates":[35.242887,31.731279]},"properties":{"code":5838,"name":"בית ספר אונורוה/אלמכפה","lines":"213","n_lines":1}},{"type":"Feature","geometry":{"type":"Point","coordinates":[35.240903,31.734011]},"properties":{"code":5696,"name":"אום לסון / צור באהר 5","lines":"213","n_lines":1}},{"type":"Feature","geometry":{"type":"Point","coordinates":[35.239922,31.73522]},"properties":{"code":261,"name":"אל מקפה/חלימה אל סעדייה","lines":"213","n_lines":1}},{"type":"Feature","geometry":{"type":"Point","coordinates":[35.252736,31.768209]},"properties":{"code":61213,"name":"דרך יריחו/אל עזרייה","lines":"263","n_lines":1}},{"type":"Feature","geometry":{"type":"Point","coordinates":[35.259553,31.755766]},"properties":{"code":6305,"name":"אוניברסיטת אבו דיס","lines":"263","n_lines":1}},{"type":"Feature","geometry":{"type":"Point","coordinates":[35.247998,31.73218]},"properties":{"code":274,"name":"אל ח'ולפאא אלראשדין/אל מונטאר","lines":"204","n_lines":1}},{"type":"Feature","geometry":{"type":"Point","coordinates":[35.257738,31.783507]},"properties":{"code":731,"name":"צומת הזיתים","lines":"285","n_lines":1}},{"type":"Feature","geometry":{"type":"Point","coordinates":[35.245938,31.789352]},"properties":{"code":1120,"name":"דרך מנהרת הר הצופים/מרטין בובר","lines":"84","n_lines":1}},{"type":"Feature","geometry":{"type":"Point","coordinates":[35.246539,31.789427]},"properties":{"code":1090,"name":"דרך מנהרת הר הצופים/מרטין בובר","lines":"84","n_lines":1}},{"type":"Feature","geometry":{"type":"Point","coordinates":[35.187755,31.768782]},"properties":{"code":1097,"name":"מרכז שלווה/דרך שלווה","lines":"28","n_lines":1}},{"type":"Feature","geometry":{"type":"Point","coordinates":[35.228749,31.791706]},"properties":{"code":9954,"name":"דרך שכם/שמעון הצדיק","lines":"254","n_lines":1}},{"type":"Feature","geometry":{"type":"Point","coordinates":[35.240578,31.802941]},"properties":{"code":644,"name":"החי''ל/מבוא נהגי הפרדות","lines":"77א","n_lines":1}},{"type":"Feature","geometry":{"type":"Point","coordinates":[35.242035,31.803946]},"properties":{"code":9961,"name":"החי''ל/מבוא פלים","lines":"77א","n_lines":1}},{"type":"Feature","geometry":{"type":"Point","coordinates":[35.241732,31.805219]},"properties":{"code":9962,"name":"החי''ל/אבא ברדיצ'ב","lines":"77א","n_lines":1}},{"type":"Feature","geometry":{"type":"Point","coordinates":[35.148614,31.762393]},"properties":{"code":2306,"name":"אבן ספיר א'","lines":"27א","n_lines":1}},{"type":"Feature","geometry":{"type":"Point","coordinates":[35.224343,31.814261]},"properties":{"code":1937,"name":"שיירת עטרות/אל דהר","lines":"280","n_lines":1}},{"type":"Feature","geometry":{"type":"Point","coordinates":[35.226588,31.815718]},"properties":{"code":1938,"name":"שיירת עטרות/אל חג'אג' בן יוסף","lines":"280","n_lines":1}},{"type":"Feature","geometry":{"type":"Point","coordinates":[35.225803,31.82089]},"properties":{"code":1433,"name":"שיירת עטרות/אל פאראבי","lines":"280","n_lines":1}},{"type":"Feature","geometry":{"type":"Point","coordinates":[35.223786,31.824726]},"properties":{"code":1939,"name":"אל הודא/אל הודא סמטה 3","lines":"280","n_lines":1}},{"type":"Feature","geometry":{"type":"Point","coordinates":[35.219942,31.827134]},"properties":{"code":1421,"name":"חילת משעול סמטה 10","lines":"280","n_lines":1}},{"type":"Feature","geometry":{"type":"Point","coordinates":[35.166912,31.743998]},"properties":{"code":1086,"name":"אקווריום ישראל","lines":"26א","n_lines":1}},{"type":"Feature","geometry":{"type":"Point","coordinates":[35.235507,31.831605]},"properties":{"code":3015,"name":"שדרות משה דיין/הולצברג","lines":"46","n_lines":1}},{"type":"Feature","geometry":{"type":"Point","coordinates":[35.236415,31.789179]},"properties":{"code":433,"name":"ואדי אל ג'וז/עתמאן בן עפאן","lines":"226","n_lines":1}},{"type":"Feature","geometry":{"type":"Point","coordinates":[35.236532,31.794163]},"properties":{"code":429,"name":"משרד הפנים/ואדי אל ג'וז","lines":"226","n_lines":1}},{"type":"Feature","geometry":{"type":"Point","coordinates":[35.234128,31.840218]},"properties":{"code":5921,"name":"בסיס פיקוד מרכז/דוד אלעזר","lines":"70","n_lines":1}},{"type":"Feature","geometry":{"type":"Point","coordinates":[35.204267,31.788846]},"properties":{"code":471,"name":"ת. מרכזית ירושלים/יפו","lines":"485","n_lines":1}}]}